0.0
3.665994801512949 0.0
3.219801375764107 4.286080287326764 0.0
3.047391994187998 4.496857695817861 3.4273076502896127 0.0
3.732185947559044 4.75607476159663 3.177068174181037 4.628217542632228 0.0
2.7538798507504563 3.565217656462104 3.0709892433528383 2.1991045197524635 4.041324727574822 0.0
2.779524583024938 2.882882718487582 3.045239955884115 3.3467193119576044 4.132763617780778 2.591632245356448 0.0
2.6465427371325814 3.50120689253605 3.6407617924219835 3.526933799655642 3.1713634873673304 2.8376699916391126 2.7161735425483586 0.0
3.161349348226274 2.9079329870314257 3.7270623882934584 3.639057045811657 4.572400900612864 2.672092217215436 2.195949244758112 3.5513604431137433 0.0
2.775544513768193 2.7318159860867355 3.13728138292428 2.9364142331301104 4.192464371091282 2.6347121296213087 2.29788513604257 3.1853341827843207 2.35099630049927 0.0
2.9821136921744134 3.8641848987190914 2.752973078537763 2.9104168352792343 4.382287374689671 2.3487873140551008 2.666106291993647 3.2836081120886322 2.866247661234432 2.7065192163044567 0.0
3.582452095814373 2.8981459512423795 3.5429877748018894 4.161165007688962 4.165489623877454 3.013523230842836 2.136586230902586 2.8930775607761126 2.3564332051674723 2.631779552900786 2.7528216198678623 0.0
3.5457898424060486 2.8203996568108805 2.881024846572431 3.654698360283178 4.024457074001717 2.571635856102498 1.9354635589249274 3.0825433228599164 2.3611986353440044 2.30825665936636 2.4457004026909983 1.633801237403375 0.0
4.0374451369784925 4.304477243348283 3.8048124121346962 4.2230511079923865 5.24495291989025 3.1784594508881523 3.270133175990901 4.842369105945687 2.736357324316758 3.7521842839231434 3.514670507220765 3.9055828682312526 3.3275314404270335 0.0
3.618713474805876 4.455514474380319 3.4884396169039658 3.098284990597825 5.536517342130566 2.581232334339334 3.291436961818866 4.593855768770527 3.244720547974329 3.4633096955967937 2.6891385824973395 4.043023049960995 3.3883094214556206 2.475016460359151 0.0
3.26174224137336 3.7152734775776115 3.2100010744597887 3.4244883086865374 3.301820408391913 2.4006686331145253 3.0273416621563043 2.329460410850736 3.5171235144459896 3.0034456981329827 2.885980041096542 2.7796651020404646 2.5551792678820275 4.25211537235664 3.8816249860146543 0.0
2.933662634944065 4.559346993993475 2.877944957543901 3.106816651273351 2.8368329352668336 2.3840266688401694 3.2070176783510562 2.473968576228239 3.5430742461385143 3.4134410557462025 2.875873281615411 3.2118373215674123 3.150245082669083 4.253692290798418 3.9682094387995512 2.2440711250889422 0.0
3.2432061847817604 4.2442857882568275 3.0084636303149117 3.429718470434803 2.6680333685298896 2.4420621843181967 3.4027842281249665 2.72557365621392 3.486978413535144 3.2110186079475964 3.1404869039583256 3.1680265419583855 2.986266866283854 4.145402687216881 4.167863547390432 2.0786038547169965 1.6957288165919313 0.0
3.725548993007916 4.434763299618576 3.6808736886892337 2.680149152225465 4.860099951288983 1.9251670871586781 3.444773775623617 3.5773155000932118 3.570471888797436 3.2470903903799138 2.5502097836818045 3.5393832670375405 3.0558236287848697 3.7691440779838885 2.8018806224452795 2.52786840867958 2.924745234298349 2.8803224317973792 0.0
2.7306393978449846 3.1143773179604257 3.30781970650919 3.7185609972281948 3.1764024320931115 3.37713766401467 3.0667577367760197 2.703537947701281 3.39236439642683 2.8953040676485307 3.5639561443356746 3.428490117921249 3.3533471674231414 4.694494057792781 4.52203801401942 3.1734459807447344 3.297101494422053 3.4740477810689256 4.343274569324332 0.0
1.6927593021708132 3.4442904026310215 3.577516425863053 3.455212167375474 3.721050577819353 3.143648883256935 3.24968792601269 3.0704709372983228 3.0582728227429663 2.6008204110899658 3.2790144567089943 3.6671878641170044 3.6976800339697506 4.248353804560942 4.068994503255342 3.4658894551349424 3.330459436999848 3.327769952137314 4.0873141135233055 2.5783432299645854 0.0
3.8028121829979913 3.956644215081651 2.92952534384411 4.7605339726379645 2.7380460928087604 4.361649668075082 3.5591186858073556 3.4768982564877207 4.267158655781033 3.69301458019754 4.0411635171963445 3.790635341444104 3.5559462814331195 5.174261133301891 5.27553727363837 3.7462477527035265 3.8497987292712272 3.8741707403363086 5.166908484339472 2.467941490304398 3.760901721759046 0.0
2.666915293139502 2.5067288178431713 3.167662918995656 3.8445059767194616 3.6161614170405945 3.237999409803597 2.131557758249656 2.5637995499828126 2.782263261674506 2.2555927922679087 2.9465370687899406 2.4887289330133044 2.440952252335966 4.100345816856798 4.238261483158793 3.1431898844945234 3.5047072086534445 3.394637798011614 4.0500879956933025 2.627118154215385 2.675917859762565 2.941650465630902 0.0
3.6588575120048077 2.8131679309465722 3.2305769711733845 4.505812122544498 3.3327341444131244 3.8242142471725025 2.833364337936354 2.9215624758033774 3.633424169325479 2.8251828008652478 3.631177425233703 2.627668911324694 2.51198373409783 4.8620054452055745 4.997146054639098 3.103982342107414 3.758548681312284 3.4744751805449328 4.504009530413892 3.0015226083624125 3.604166652500346 2.693582360873863 1.949777355004947 0.0
3.468264897337827 3.591352000303888 3.113215557528477 4.490707187787611 2.8606601224178876 3.977623023864236 2.935327083919864 2.9414150863445525 3.6407009305020375 3.01431247120186 3.642565157565344 2.944155139477287 2.9052313014660376 4.781831483565411 5.124329313612337 3.3066674466983903 3.487687014242619 3.3085093358482065 4.673005952553559 3.0133327394002847 3.400117778705078 2.5082754929618174 1.955321210132934 1.7503381152693263 0.0
5.030256140193021 6.468253043280276 4.317597700933423 5.893169544563803 2.4020194364302836 5.421742364744365 5.536974382694765 4.333179139685507 6.240551549605478 5.777349806510662 5.624829440745463 5.547465646606045 5.44808663687108 6.592229768069252 6.837625000646173 4.454458913947065 3.8544303192840177 3.7976263229947627 5.9469298767335 4.964998493765608 5.247833530086758 4.249720104153428 5.027295101325856 4.608237244030594 4.000889514587584 0.0
3.531156545388112 2.8324502726727094 2.9568909604905875 3.570296422463703 3.339178769257809 2.8112796906981314 2.326599600885896 2.7118920067158996 3.102150794669521 2.580321412639426 3.397015574141663 2.6007270171547936 2.080595157229296 4.042658118414359 4.218635651925079 2.721069051008041 3.1610269992836817 2.8860584077542732 3.6118213398377095 2.977133597024633 3.7143058856376974 3.202282648320542 2.3691100139359995 2.1320387983468443 2.5342674603880706 4.752219558713572 0.0
4.093861319533808 2.519724766942698 3.859924182345442 4.51225942661253 4.318888153299633 3.5047998919602983 2.8104476297393823 3.2745485548897135 2.9823771103056527 2.951858509404106 3.3627309452669607 1.9186172509857793 2.165617541325115 4.631804178330841 4.723304634322658 3.426390874744947 3.8939023193058664 3.6548535780844387 4.208616005797259 3.579665962845644 4.019517384974543 3.753308604784861 2.6724321088595806 2.4333719954524597 3.157483720052714 5.820807898435409 2.574323009415472 0.0
3.1385759593719853 4.093187220569463 2.9117534050476914 3.972216030394201 2.210625539991023 3.25533794414472 3.1202421604785853 2.6255387379976147 3.6246222369256276 3.2978333051130915 3.4104623179482645 3.266331981050254 3.0474886718353438 4.182871003637479 4.552727141208946 2.4948392928260916 2.530644264276234 2.29631243144395 3.8629940019461353 3.1206387203272863 3.2204477751543874 3.044248869825263 2.649679951370893 2.7581762986833436 2.1401597260764387 3.244156438653599 2.7029300092870345 3.8355751886927534 0.0
2.8250937053700707 2.4997348214434636 3.184470177816557 3.7053910152660405 4.054136909999083 3.084370451994618 1.8201831573300244 3.0644296644414446 2.075882719339829 1.9298455204630718 2.7891906598988045 2.158305940458833 2.143356707493006 3.6621983395588367 3.8175594717511823 3.4021217565911623 3.602481422871456 3.5501849115220026 3.9996795452012357 2.946813888114915 2.7775268994330577 3.302610470487598 1.7293846423612054 2.4400866270280885 2.5544535969355633 5.62769115465824 2.584112412476871 2.380703829376613 3.197292802741779 0.0
3.7735132224157835 4.893892364454184 2.318471815680888 3.5730343925673878 3.244794539692013 3.101479510223599 3.514083088765731 3.575264454667556 3.8711911170003033 3.437244519620856 2.6728539412517267 3.315561143466632 2.942895428112492 4.24931702408351 4.0206238626476765 2.811915910739331 2.2933575293000965 2.3445365120750834 3.2523045790544467 4.019491751515051 3.9771911111451557 3.8492359083127194 3.572621291049275 3.5123771715323997 3.184769390658763 3.9826447163405536 3.2656078562910387 3.8940171886663872 2.6269970098777624 3.608111920927549 0.0
3.22009901079066 3.6909644704109734 2.7601204936175123 2.7987788854708784 4.030980318902022 2.2240349673744557 2.822908055164439 2.948706489930115 3.1587239969286185 2.4579368008240023 1.869933196974515 2.527126580642352 2.2560327303994265 4.196465620778549 3.3673159240619284 2.3789008890703776 2.527209619176252 2.5996310107481526 2.3643481306997503 3.4260243503887953 3.431324410316738 3.943843962076098 3.03704970312182 3.2111018281084887 3.495205619987752 5.281193875835457 2.8697973184086694 2.861036307474976 3.3739286143677623 2.9024042225559583 2.4428871941415196 0.0
3.199611663886665 3.173586821753475 3.015979962455791 4.407974858053271 3.100662651963708 3.0865815079377685 2.670323572890432 3.009324134868592 2.695341522786757 3.08863784491033 3.085585541697309 2.358108052223868 2.3596048313584217 3.459740648653158 4.138448863330629 2.9419017383882284 3.0142348738362017 2.6354491983766293 3.9297284792243676 3.3432433391094056 3.187072168943061 3.2639910077976766 2.4416695501154035 2.680470541471546 2.642908004507929 4.489639339560399 2.7245195136716998 2.6884349401426424 2.477489220128051 2.442173893086114 3.1344929806284187 3.14048244086595 0.0
3.5911019526232937 4.775271347690312 4.196866956273641 4.3654293259191945 3.035826231770761 3.3428597611904483 4.1717259912512175 2.6176280659108184 4.544873917839697 4.387474392830238 4.143826837167513 4.050944049236184 4.087037058447669 5.125401393051505 5.155163888732277 2.6855842157555667 2.6068950109257067 2.2987479941441125 3.81469267626541 4.177767827513036 3.861279039545011 4.572062463584847 3.9625704679347216 4.071701387384007 3.958664883252515 3.579456395629546 3.7581309635762077 4.414758497766061 2.7797658253797377 4.407872611478231 3.6641491087789313 3.784102588171675 3.2558393048187106 0.0
3.2125281471036824 3.4631654756617367 2.9693670300445594 4.119263309615228 2.443954361608896 3.1595809811834488 2.8316500020245283 2.141029041925892 3.4046018125637207 3.136507935339322 3.2463572981207633 2.356473866208488 2.534065710824505 4.609209926458625 4.707263557132734 2.297491900619175 2.3654152559804094 2.3431758352304346 3.895217080569471 2.714673643245789 3.3205854251444498 2.832022737500268 2.5141538243126083 2.179130479626608 2.225682630859567 3.731375459384603 2.336638419729024 2.6754330091736147 2.1896240364436315 2.8444275977611273 2.7672869731549055 2.744018968894515 2.238204381443002 2.946322694298811 0.0
3.022392465169981 3.386449286140151 2.6010033599791593 3.711300399394145 2.913303268306333 3.293495386058017 2.756951611181277 2.8794827558583096 3.1178521975062528 2.2515134839245823 2.9307025751314617 2.659832758020507 2.537052404928457 4.427775651934156 4.486251500810661 2.994279238673169 2.9710740554736366 2.73353937239724 3.965681383215619 2.7455346678464756 2.831823603039952 2.621221280615511 1.9825426829130959 2.0560990759564826 1.7595309657326144 4.331384235432708 2.4440769580020625 2.7870561660323276 2.394054230445563 2.1849249344149766 2.6581479925946176 2.6087744873857606 2.4713495727508037 3.8368171008035308 2.1942543632414324 0.0
3.547798331731141 3.3893339735842742 3.436533350549375 4.439087082645923 2.495443536489124 3.401946770988408 3.2697530453085695 2.6923877969192183 3.7145164710990515 3.46315275708281 4.118067215838918 3.1594653228696674 3.0424302154725327 4.529766240949293 4.895492077417626 2.502303956487345 2.9960917960468305 2.690331169051449 4.237504556430397 2.777188175514617 3.5533431996528053 3.1584929019067696 3.024614133690612 2.5951722034683673 2.781417973773235 3.888647009173723 2.3563668528357558 3.4241399216560033 2.3350523918730572 3.415205484026752 3.5773746444972887 3.6343638512286667 2.694787428098269 3.102658858010416 1.963868005186001 2.978124399616235 0.0
3.949472880610299 3.122162126663364 3.180749705973068 4.4795957711013425 3.0765435316341785 3.379745652972684 3.0180003776273607 2.945409535777266 3.376371608242409 3.1375611291238155 3.4532442536601913 2.1873536509823728 2.1679105430645453 4.5323635514710485 4.758053501831315 2.5785199406117365 3.11138584620602 2.7670409250780925 4.019919419276684 3.177960674582919 3.88838950866651 3.0891466204961207 2.7598359848947127 2.0041375007737843 2.5254517897021866 4.454713604170767 2.158462061688685 2.123504896856944 2.7646480512409077 2.858721494797815 3.027277324829316 2.8252418764608174 2.289782480797392 3.6111135919534996 1.6779900001062196 2.4215840556572346 2.1648432379255356 0.0
4.025505941591458 2.1579009706577055 4.016806115783295 4.899704972069816 4.247153741165133 3.6962215219314993 3.1899182414358322 3.5652998836424175 2.9273534658651013 3.0015581033653485 3.5915635066459233 2.2508081387677605 2.464217936617799 4.409363159933635 4.76857853280185 3.4621306317483005 4.1263742273309045 3.6604371671140314 4.406247570313147 3.4829248662951136 3.6756969360425917 3.7817895313165284 2.6470960244727646 2.4973213117169046 3.1816905243348597 5.83336419116729 2.9074087839458795 1.7523811399883809 3.7203546596719996 2.5341881839115747 4.128561334056993 3.279490247977455 2.3896502621826072 4.371714837481586 2.7993814576448677 2.8755088544714087 3.190186043566335 2.197951650987252 0.0
2.897257134001889 4.105254580608318 4.072616732933118 3.9646752857288363 4.001413934503706 3.9062215489219825 3.8630324117486254 3.6267795073720297 3.95858575340626 3.883085174298371 4.257492216047319 4.650536636358096 4.534097059558136 4.882371210019158 4.67138151526694 4.289823012031609 4.015955471721322 4.383027317440811 5.016743584195114 2.1257243035684863 2.860888997992819 3.4542185835109627 3.721995284311366 4.49638424277302 4.314582103833082 5.7271325456672235 4.2299006037621965 4.858752605608702 4.088881397142043 3.8535082712104036 5.022675140686574 4.492494274564312 4.253091810916484 4.845889047265617 4.063091023571156 3.99907604452588 4.003095044624608 4.649163094196168 4.744273177628102 0.0
2.1773156777056406 3.418940280567466 2.862690810233082 3.2125063020500786 3.337493392078299 2.819918956007849 3.1517148888681263 3.3710768635147748 2.9991626231698745 2.449952575453228 3.3005282380753895 3.6915635294317983 3.3802566666720284 3.7667354708354646 3.7575799600508075 3.4447772792836995 3.187628151900488 2.929211087454156 3.8903416066969267 2.795379961026954 1.8832568518965154 3.5044903922247723 2.8216960301749165 3.448007988915989 3.353769790731004 4.960990871362531 3.1916167730623357 3.8096217160176633 3.1113227286190637 2.7269965800898763 3.586081310278135 3.235675931705536 2.8563617543509547 3.818290286735622 3.2594851165638117 2.5920744572804617 3.32807113139379 3.578074194062884 3.5496948112398954 3.1510028377718236 0.0
4.4378798048364425 3.367376528997179 3.841628437617935 4.735434564655154 4.144849466323311 4.153913374493635 3.408844329806167 3.805567864386255 3.5348754502012847 3.4315687748111356 3.8060702772586894 3.131887933200397 3.083688324976641 5.039404985560863 5.225289468780726 4.168227191125069 4.2775085354233084 4.125193658753842 4.895522400324155 3.2631323885794603 4.257029926150539 2.904346187579804 3.058627058294196 3.1030737350839424 3.293472895974629 5.841481144800714 3.148137816703695 2.5526713211139627 4.063735866924096 2.9290973966009446 4.290182941881852 3.5955048932154363 3.286660713086088 5.091803973418081 3.340050326117268 2.852899044192275 4.051702838972698 3.0958985267837837 2.9681747726396646 4.242199949561756 3.9176311205857446 0.0
2.9192048341680077 3.0668857969090113 3.1245795935979475 2.6883046258787813 3.9043585443985664 2.7450016138808744 2.5779127914295312 3.00747490053244 3.0009594562153694 2.117427340622208 3.150982985031913 3.2653068312080213 2.824743310366207 4.10670194711345 3.779688321971416 3.120585371193683 3.335424742635977 3.412531873843231 3.5549519271386196 2.349717759538535 2.9661811090654076 3.4950329055306013 2.508923570580656 2.973236458961579 3.066976232663222 5.457156428427831 2.307599204718956 3.49596414145678 3.1758747430365784 2.694739467723013 3.5888922785323114 2.9291330019844026 3.6282795666754257 4.45799531904121 3.104742561781261 2.679867885221931 3.1337368877678986 3.2900035755877983 3.6459549787754755 3.317409743677458 2.867904121394858 3.688705862856455 0.0
4.035569996438185 3.528925452035053 3.706053266693646 4.742531757429887 3.303145728633227 4.227229774855909 3.730922550905866 3.7607683484665353 3.787110214090451 3.634255642688604 4.356573036208551 3.8395797666987246 3.708208312058839 5.062842846341234 5.409104905532271 4.239326292306652 4.142545405959555 3.953312365864446 5.271894287858604 2.6466795031654433 3.735392077526773 2.348707054873083 3.2410722705254447 3.3002712887704364 3.3007560822776023 5.196995304530939 3.2692282402037467 3.3866812718131603 3.7651812191193006 3.239222179281721 4.502219469481837 4.137451177820598 3.266842214303697 4.769880117410491 3.308529815120237 2.9471288735660677 3.5342098482290445 3.327291079962131 3.4093017860492982 3.29669476504174 3.2442618799454714 2.1048678205948512 3.617460190992783 0.0
2.96458905829076 2.7534806794472697 3.129961632308478 3.6774513992478965 3.7490532362107927 3.2713492838620826 3.1256306805797336 3.516610169111464 3.012532106303052 2.2663970553330715 3.3362898396689276 3.284766082485319 3.0554859039693203 4.336347961635438 4.2937810231302205 3.7490760694697904 3.7672578826756693 3.4330595104656556 4.278142559519154 2.8740621455396793 2.553194065442535 3.3068780346329874 2.4731604842313564 2.8178946192193974 3.0885457485493073 5.453397414769742 2.9005297410109674 2.8396332843172445 3.5740420603298837 2.2705657223627203 3.8082718928817885 3.041863193716855 2.8652359351623993 4.388610992104834 3.1620839114732995 2.2363247909434696 3.538986971967055 3.117178347192375 2.717105399334191 3.6931819138380577 1.9540590693198894 2.998745260922447 2.85936334943207 2.7572592081926035 0.0
3.5542119668218892 3.8764429242741407 3.8588967295145453 3.7786375730016197 3.3494247895499334 3.4978377552260844 3.286476303688056 2.575427252508177 3.69050846658714 3.4982916819652994 3.762111903919508 3.545645598677337 3.551633498753042 5.138077463275049 5.075160652256918 3.474149606446553 3.250453782782741 3.421858481590056 4.3443388052746785 2.550034143678315 3.6161765588354915 2.9571945654456586 3.1208975410227167 3.5253417286273754 3.345112592510352 4.96312352862875 3.1106531014681127 3.518364583365591 3.364492214402036 3.3220723106948156 4.107618977270629 3.5458730882867724 3.539352835498533 3.9508265233425917 3.0263524135332394 3.0230458681101835 3.5598965273919165 3.4988235387755733 3.942845804997703 3.119864744402111 3.575167739981874 2.61387408464637 3.216172115414901 2.475221823570429 3.439749464138593 0.0
2.9354355896172457 3.4685353907887464 3.0845259306938964 3.115350794959427 3.9945764383981825 2.871945503348345 2.64161641017513 3.380410223195009 2.5863515628022955 2.738644455754984 2.655019812726408 3.3689751256887055 2.991369503691466 3.4665140844924096 3.42666447699259 3.6320934730949928 3.4700399258172574 3.617478170886804 3.7820708558147706 2.692507555104008 2.943549487502874 3.220482593272535 2.6991950338218835 3.6611970637284235 3.433815543425519 5.702618225506464 3.213487806280596 3.6088710406685625 3.358886706627723 2.5349497190758536 3.735425960774183 3.2282523802381933 3.147432747988191 4.550213390536421 3.540276642294994 2.9057958246032536 3.960569828010844 3.7741259320621734 3.7252743908678814 2.837964718017205 2.796161373921072 2.9456736565010084 2.723778853424272 2.944655109015965 2.8874199248717933 2.6405204507748263 0.0
2.8030453852306847 2.8959443953694195 3.1608475482110614 2.9865761694655912 4.3298685330138085 2.797761727464141 2.66179192133036 3.616165787723431 2.2581846377888817 1.6006017277091036 2.7687929079490345 3.029820736648958 2.7442561011650666 3.6889967457060675 3.4625841417970604 3.642886541756573 3.625920538600798 3.501514556347156 3.662449425731474 2.9115025596350583 2.486906208939058 3.781752309305882 2.5504387147335232 3.2882409159620285 3.388746221821223 6.04226698847775 2.9966437133937323 3.0967302979025004 3.708100752371773 2.0508124981277045 3.665775636255023 2.7247526278894525 3.1976420261866156 4.756019509868422 3.46988953329497 2.4539229932692743 3.875302295884072 3.4778873874962732 3.1032513050781176 3.598704142281795 2.184151751544479 3.265324927911262 2.3236392668158974 3.3532521386926035 1.858167299393247 3.5201659876228417 2.4241928682196505 0.0
2.8367459530959978 3.757141434099623 2.2227321489924674 3.221179771469026 3.201461293213761 2.442015924319627 2.4870650746256713 3.1426906294732424 2.422608188071104 2.440523779635258 2.326773762455358 2.5363553388138564 2.2795506387261555 3.2649575974008185 3.329557650198568 2.793724833128346 2.2993853147869046 2.295400965667702 3.2029749505873935 3.0910618007653237 2.901148080131632 3.2661607653768967 2.800875041282013 3.1925901210858627 2.9687669949231625 4.691907310361129 2.820609373480744 3.1033648728942986 2.6863296612888576 2.3862802214766434 2.293349824333377 2.313359991183735 2.207657465562254 3.6937591447844143 2.5402210197312702 2.164651347131856 3.2112522110482855 2.760439036040541 3.2258221288982067 3.845691588055214 2.403107677395612 3.2763747748437098 3.0266515095847413 3.298142242817488 2.6711912182665305 3.242456839656553 2.5452919226488318 2.420242889324012 0.0
2.8418460098327607 3.680119174586838 2.9826223861165357 2.7418533744979783 4.146505625669579 2.045778468192719 2.830462454472071 3.234043584699356 2.793204884372941 2.1510592156277797 2.3013395826725604 2.953219615047174 2.5977397316911994 3.5571029386872053 2.954720299491234 2.571702563197378 2.738679777279423 2.5105851086742392 2.218258497149812 3.486549276384626 2.945582562916183 4.14983457992014 3.156301666733577 3.7052248761149236 3.794706555992042 5.537621763148799 3.1881878761220843 3.5022854987625633 3.3922842149248407 2.9061323372374606 3.0250243341960004 2.035789792360793 3.0553592145133517 3.746635282469429 3.301293965095797 2.833886767630699 3.778127091971212 3.465550333219383 3.566055882139757 4.197925104371377 2.6082157827095465 3.8937513420696876 3.1109681265722857 4.087532913259703 2.9516294101652965 3.651901303871715 3.0112621243512474 2.462132618729865 2.146799039454675 0.0
4.127950021144778 3.5974515930737168 3.548883395019601 4.357460073166355 5.624237521034274 3.8187169411839994 3.6284589847712074 5.121015746323208 3.349219603651994 3.055933768048923 3.3065112342489953 3.798228821028806 3.2764010499109606 3.6487032217279944 3.1100686826073516 4.480693658149236 4.880709650851561 4.765020733126198 4.270480203529593 4.23447813429382 4.010508309308157 4.626230782909738 3.913480004556027 4.26794275960843 4.7320822590545815 7.220924963944274 4.213287845551969 3.913428608079894 5.0113044952600685 3.2728562104343575 4.4890786239510625 3.529420666409958 3.9906056667874417 6.020227970082922 4.621286026936179 3.9574640421775547 4.899377737399894 4.257638485311302 3.701414819742216 4.8363491129940614 3.577632389081831 4.3416568038988945 3.8984971768258725 4.615496469767984 3.2849933772058364 5.2533642219217365 3.7206877667917153 2.8243926159184247 3.4345048439614243 3.330006414326167 0.0
3.1260259628708664 3.5933676456941797 2.3237046719066177 3.628499870993487 3.8518589610182654 2.941059803365737 2.1546910024694315 3.164203709409534 2.9413840011783368 2.520032233033937 2.2035203036566156 2.3161512130022626 1.9289730754415377 3.5218072947385974 3.297070459016226 2.652924014045259 2.988620656155477 3.1452024185168965 3.2745864232437785 3.2575970363913975 3.439449558318398 3.315837690905104 2.4316928910575712 2.6700555202217187 2.6486348054745656 4.9954442304941695 2.707932021689557 3.18745307206896 2.738882800560329 2.4371320357560062 2.501823293673469 2.407524536116114 2.7168958213954637 4.213623519967995 2.6054704727422817 2.4355439645513663 3.243946423972359 2.7405442955865422 3.320240059688629 4.368476704750836 3.3683591408208375 3.772785058041505 2.8289647150680883 4.16194852725257 3.400051453525898 3.9153698371316445 3.108140365520654 2.9879217139090053 2.3064687800032333 2.77131495735319 3.3687831268784314 0.0
2.9123455396012723 3.4499761653874463 3.430425621959733 2.179870093492479 4.2207416969262965 1.9437104986827558 3.1991491988743985 3.4056145920759024 3.087099992043592 2.5099870019615746 3.098412934667592 3.8391578241503534 3.2260414511756124 3.518211590469399 3.0360832564784546 3.008291289828282 3.2944416922482866 3.0357294343134136 2.693485819469918 3.302374814051157 2.9206764838946033 4.432877773045122 3.322493160322016 3.944681533464614 4.099560170709127 5.739656575160856 3.0102599811866995 4.0388518559757225 3.466342465841366 3.316863763451473 3.751228400754305 2.9915765260163982 3.6452286945839654 3.890555015869729 3.7776761359390463 3.4265019164933435 3.6152870355616913 3.8887752432096327 3.9789297311071627 3.694110411808708 2.4903482202938205 4.410889065285539 2.426127557117423 4.185638444763391 3.022232695912241 3.7530036711196635 2.8920283334085974 2.601719267325608 3.0713032301515355 2.5166810430832594 3.874025309288593 3.5350838849767015 0.0
2.9288166986305635 3.753281854332683 2.9348775583071878 3.044924682006164 3.022157385860297 1.9449472932406355 2.777955625333451 2.101995740306717 3.372119220204603 3.1058639662755185 2.868193465019777 2.9357264166577752 2.6251035481098923 3.9339876210117555 3.6698803334624124 1.6457949859572474 1.890992613546199 1.8394120234671687 2.560908904693372 3.2236407268172123 3.3614024946925403 3.746151053467884 3.0883767540316676 3.228086359025726 3.3453832025989483 4.175763886484239 2.477187986348132 3.4054434828384887 2.4003361941749697 3.280109318564141 2.7606618613483405 2.4597174495330254 2.6859392547261534 2.243404451545598 2.299097902044884 3.0063321683839503 2.514886058049719 2.7174634403911515 3.6010193092670884 4.0566488541171255 3.078776038680726 4.085709933325014 3.0872045486691375 4.002287864478125 3.5093655448789565 3.1964506630302565 3.3483788272439083 3.532654079256242 2.5582177194387765 2.5771624917019342 4.580586340582705 2.8622258577170383 2.7112774834253517 0.0
2.3683199807687956 2.6856053570514087 3.4369610282029543 3.3055038767435683 3.6905079106712386 2.7403531572712874 2.697359279048969 2.4540844718044172 2.7459803629414847 2.1585634213178624 3.020053195695414 2.657931533299094 2.855434914287842 4.504863727828944 4.1639785487592755 2.945019277690609 2.982891514101256 3.001016035478395 3.6833968148211933 2.260709431249252 2.1986333927061046 3.488202164932562 2.4168306124355308 2.8938857492237524 3.16838100549632 5.341724804932167 2.8390569059205033 2.712293032951023 3.390738067159578 2.3402664594024953 3.7200373616460203 2.5377693870262013 2.9424949000530205 3.782948827212116 2.5417357472582696 2.424609498782756 3.074540319952473 2.8902674457462862 2.7645598120553077 3.248719363004643 2.3961538419432102 3.275264482694907 2.5305875437208374 3.1855882005080938 2.152901810202036 2.946619820350218 3.0068833107273507 2.17467636243746 2.6285743660017893 2.616246991634149 3.748189843957465 3.1097632064044083 2.9779111550562507 2.8958619459115313 0.0
2.655996743105455 4.194077543465805 2.30471686623774 2.9680762585621414 3.18949971313466 2.890911337685375 3.2309725650559 3.135547492399736 3.495434249935653 2.725076989415748 2.5825561092901963 3.3103379950399123 3.1474243999692524 4.519508117763676 3.9059764499202925 3.0175515775888138 2.4043880396960278 2.684784729930005 3.5804418879763915 2.974162049480692 2.7167207189334164 3.3371860335281958 3.1118729168089274 3.3079602842718017 3.1830239624306853 4.484200052568792 3.3073972381993975 3.5761870752523066 3.0789415309087853 2.9572159769204327 2.3846595733093605 2.2231287220892684 3.1908026731225925 3.828326978647484 2.6989926443203274 2.267596811619787 3.522480182673499 3.161337704211941 3.786654512081736 3.774197370922919 2.4859715112625396 3.84009988227279 2.990945214566611 3.70619650724143 2.661056615695657 3.4997372073359876 3.149111058732351 2.656075397634977 2.072104760742593 2.6353745287718024 3.794505902696028 2.7557213405515206 3.259842400744606 2.876192613405893 2.458815856953948 0.0
1.9112928653617234 3.2723173628069944 3.193597680328373 2.563354545053778 3.6357260013660797 2.325323542337224 2.714645820569559 2.812620834064608 2.499732131149597 2.060080054639564 2.856028572463241 3.204607101077696 3.096789621589515 3.8447495571895054 3.541168084613813 3.0797205059179937 2.793089882412635 2.8363435134381287 3.4035777992669947 2.5294589996601284 1.7232796664418513 3.7354616876996363 2.6775592170917744 3.4706985473582783 3.3905332394119885 5.284752395705845 3.079877234603733 3.5029989315399352 3.1556520246628734 2.4345851903747016 3.499759129453764 2.7603299037847235 3.0497813991122666 3.728500202182241 3.0648844715211707 2.5900081024866477 3.3640666702913835 3.492582338403054 3.4932787318622136 2.936908596058511 1.7361986070364581 3.784079973708633 2.411871457636941 3.432770346767817 2.2550093621071867 3.098822126971725 2.4995908942234286 1.9085684557409277 2.3006434322401694 2.3435547537593777 3.7241197223863067 3.1698117383764566 2.255992568366271 2.8013368830520067 1.836469964763231 2.2836420926216556 0.0
3.2953026980352087 3.2787056835985977 2.482562909923543 3.119670405413334 3.034849135326799 2.2236615871303744 2.665064947716933 2.5998827609663664 3.218709959818828 2.6279294587622375 2.8123333466035163 2.6984259556954657 2.08689537158323 3.8665590822576816 3.673926449000738 1.8415563791922687 2.4124078592549623 2.153746234601912 2.774119537720152 2.8481116084762075 3.4830114657625395 3.2305348044485735 2.7683957404059942 2.5932772211796844 2.9018452071144534 4.422472150816626 1.7691465595048714 2.9550864500381158 2.4365030837026507 2.9829203217423927 2.5627889198650404 2.2234714955884876 2.694047957110175 3.231301374870295 2.156999115729688 2.5085553644116505 2.253690500116644 2.126619534582484 3.110935382502708 4.053160948480921 3.005463766781895 3.499950432863048 2.407608394756654 3.5407707342244636 3.061036197469678 3.1874949257629397 3.1382080769072016 3.0496731036007856 2.439085036154125 2.606408151529759 3.974680218330326 2.4239625112481353 2.6016502393188063 1.7970961621535337 2.766430559878638 2.754873962895611 2.871157923260771 0.0
3.002234556327407 3.6840319794850283 2.818647755496515 2.0566267400394573 3.9910978310128704 2.0807954788841694 3.029657856365334 3.2947047127598426 3.1071847958133985 2.279765589215226 2.652978001303531 3.329224018966576 2.8437982503645403 3.9867468396678927 3.214758199367606 2.8512412562879264 2.7449954996993284 2.822663643910257 2.7114305883499594 3.041031387580326 3.0904699157382143 4.092655672842496 3.2680548760217114 3.5725011070711536 3.7537555672130334 5.4417167388595225 2.781326811648978 3.5731203630439996 3.4749457541231195 3.127590816313036 2.9364716183308897 2.11020727918418 3.651319497526381 4.160717770252734 3.1967003073836957 2.8871225191775864 3.4782798081876725 3.324604272809305 3.788222582306902 3.8696475279678997 2.713566879347414 4.062593568557546 2.036310143228299 4.078710819101206 2.8616436569918533 3.6646169230196053 3.088897193851819 2.3070979527032134 2.588269236627488 2.4234151076347445 3.5573939426389627 2.92410430550459 2.1349691977501832 2.740190495823474 2.5129875401244326 2.305422994157155 2.2441213551932893 2.2509627913555668 0.0
8.126888122907136 5.4660104499000814 8.454843007118363 9.051890449006338 8.198283264590522 7.971136546210481 7.279846110229515 7.706861705267137 6.630928620630988 7.047027917594041 8.075639339528644 6.377001101262989 6.797394312475605 8.142165145712829 8.805144692642394 7.855834746632389 8.537941730851433 8.011964835007655 8.749144028378199 7.358994697836576 7.524985092811202 7.566431295242908 6.875131890453963 6.542610377131478 7.29286395789776 9.767155771665704 7.060208040579688 5.499073458974601 8.1007820589345 6.441369944088954 8.664406705647899 7.71482726915287 6.58664971113929 8.3663201062668 7.096485434682979 7.171255015243693 7.110832088027911 6.355458926081047 5.062622102336223 8.216916164263916 7.446209868683317 6.306154273941032 7.768630142505542 6.5644279949778115 6.415906662960329 7.6358600651124195 7.704159449257284 6.9526886634074625 7.507025246468959 7.818391585939439 7.081413857319643 7.843828867999204 8.00696402969719 7.963692717539269 6.681443028821173 8.017681532599665 7.427903549660431 7.580721434419142 8.01931905442288 0.0
7.020486370009126 5.417389654054239 6.862280176812083 7.981960378486166 5.6278158700668 6.54272847420388 6.311091785142755 5.941982089582652 6.167761196430652 6.484234564432775 7.130608386971813 5.41206215527008 5.656138105441156 7.017256664872622 7.951195854780241 5.80314221518364 6.421289824726878 5.6494604108663 7.1818829253015775 6.469804309069494 6.7320873247867405 6.180001599487222 5.972921312783468 5.272374401884889 5.761127943170845 6.532397798102207 5.476925679747017 4.939635029460585 5.79450368788692 5.981662950834465 6.7036066590663115 6.569275599782366 4.77710748847137 5.456428953487597 5.1661888752800715 5.933085266945401 4.861727116716009 4.61632196052739 4.5309063910247005 7.494126296631959 6.3376600249812425 5.809926950164781 6.984762266245506 5.654279457910165 5.941790775997354 6.330798984383716 6.991479573694723 6.746217464481997 6.112174723195005 6.5750249707537805 7.280670149300678 6.60706230057059 6.850977524000268 5.748388309082225 6.034767935556388 6.83147401705668 6.575998747027651 5.748328463773966 7.047204380752472 5.250307003495477 0.0
6.615018717323117 5.036708136624048 6.552316528292822 7.452657326198887 5.526614417890413 6.238122047560588 6.009739109741017 5.867886207657521 5.574337570373776 5.773240397456462 6.830975323053953 5.127262324458829 5.412339674248403 6.820946919478378 7.633466747638909 5.776666565602385 6.185547375050856 5.4226836684374105 6.957827434901934 5.91694509183545 6.138089022852102 5.8040196214517445 5.72194112372384 5.1575576703404336 5.6055884231957975 6.848727210118446 5.292711676903567 4.561369781434882 5.86874243240983 5.457633830775744 6.531483456606102 6.1454270048350805 4.710547872501275 5.773193372884335 5.080248918283678 5.407428669558711 4.9174966440768335 4.5344353064005585 4.2035806076511175 6.875289444654953 5.661288727367029 5.070742826191713 6.487805807598427 4.831157421376968 5.143168741392069 5.7781600561264606 6.450347726759934 5.883668211528249 5.5495555968991965 5.946105677275775 6.563266312156389 6.421722659607703 6.428257372074578 5.757254400211595 5.314798084634056 6.237114842425136 5.869192458923256 5.596828885749342 6.463928773163816 4.607458283367815 2.879543709860356 0.0
5.489955944709164 3.853800772036805 5.796006573678543 6.501748445478462 5.190938869747891 5.392593169265916 4.692316039039311 4.781245089358121 4.130042030806652 4.460731730416444 5.3332693330161485 3.5374365350411923 4.1508542927608225 5.891137886097935 6.61786903472268 4.8949132641063295 5.39720910713621 4.845962166956186 6.016540442899125 4.887574787788118 4.91909637813058 4.976295264899357 4.123721551828482 3.912341363562351 4.186330505910356 6.613231235141105 4.495019139244558 3.228471730635578 4.826071445374955 3.894503854275484 5.499767081225502 4.986946885176077 3.698165612670872 5.340794378288061 4.073415993430851 4.102466546317583 4.436018710059607 3.628183407987136 2.8040391207365745 6.02403268924525 4.986148039198638 3.950937187811886 5.289783371316909 4.327146982727987 4.249973336552823 4.846551998872348 5.1512564326497134 4.6174579426549025 4.561490209089059 5.028614485285488 5.546869522469815 4.980797703250383 5.651083672583656 5.108511680016818 4.189135989366604 5.247066526363876 4.827578302362678 4.862263290065675 5.538466355080922 4.385533643092368 4.075310192756518 3.466466217837169 0.0
5.220867461749101 4.2878886345253395 4.545838979714946 5.63145276919891 4.7484761006050835 5.208025807123312 5.040401283052517 5.460988305379122 4.556850991073894 3.884611706077714 4.8768856294235405 4.585919487245492 4.294839306831056 5.471721403567225 5.857036583054805 4.927324940854476 5.4009854023173895 4.740505063498693 5.734193255733049 4.565498102822567 4.418042670972876 4.393796649579475 4.08054554006772 3.7465309800724595 3.8717940904948076 6.164698137890298 4.365010145032188 4.241251889980213 4.420043544999051 4.01550721694107 4.596682161015127 4.657289622736822 4.17488767953203 5.837870355000441 4.466063361417949 3.4964433649679103 4.5322604111993305 3.9406072589687784 3.6388152419606272 5.6518778568833525 4.051127059624644 4.407044819569216 4.410983111101937 4.326038089062512 3.432860327860942 5.349350284373679 4.663390860665183 3.814164601091317 4.239176814279873 4.728688423377709 4.400059344177988 4.494174815483243 4.689860278627271 5.190382116419831 4.4194230739934905 4.335620292409804 4.428080860111479 4.3735887601265055 4.5141246412521205 6.439692937645251 6.12575420997912 5.5067374297504745 4.419878795943049 0.0
6.203888555946288 5.254659809547469 5.808835158406887 7.572813161196668 4.362331053447438 6.328039713819654 5.900232095514062 5.41742263487569 5.872245562781078 5.864697718120971 6.402162921489464 5.001558716532576 5.233775408384412 6.693167562524552 7.548035284483901 5.1438842972929955 5.710529099022133 5.021808423385692 6.914473490310693 5.458721827621431 5.7716956289448715 4.810334339293988 5.121692307610701 4.314845611634939 4.471142485992426 5.115278319002511 5.124899135801319 4.841693049972022 4.619738657357897 5.3901390239574445 5.661674170180622 6.007201755412553 4.1002063563071305 5.058064063016951 4.2444464227560115 4.8414619646764425 4.041398276500828 3.9215381342055036 4.156001139828946 6.624047533121091 5.584334099740605 5.343422676030755 6.271229351575526 4.985733846503985 5.330637286482648 5.85389870458473 6.322496081712248 6.146634984794573 5.353066597110471 6.081908189798073 6.641182644435198 5.57433805227201 6.521859834246763 5.370723071911281 5.470494980215149 5.823805997838068 5.9772522033250555 5.1645674177622265 6.472377250539919 6.135010652885782 3.3517834751214073 3.896758322904265 3.947078262872964 4.886242407441344 0.0
4.601769054329759 4.153756771897065 3.4523915902724607 5.503299754822051 3.2789101078427967 4.44985271285507 4.2563756473740435 4.454974684276029 4.278015152654138 4.020618654009934 4.512895432986279 3.725120369405736 3.4987133086100917 4.761282738962471 5.341530002787373 3.8033543751104992 4.091716096881895 3.4790645267006277 5.098716126690285 4.115709289669794 4.322590387471483 3.582789305756961 3.8202371286492305 3.118987113084443 3.330299607081344 4.454809696495592 3.49105700920146 3.6817493303314515 3.3912710105424604 3.8285846517048614 3.6507018191274647 4.094881930989761 2.803143221878498 4.371804985542151 3.0428542134358354 3.1982621202662247 2.9577779945781475 2.6098050305980154 3.1841679145279875 5.292753261538137 3.678468913864173 4.230300201184571 4.415531512827537 3.884400780159153 3.5360753822121627 4.856188981875803 4.659541302511827 4.166836140918758 3.347489916983034 4.192712286037163 4.416314655332827 3.6714533371116946 4.62977885741304 3.870371276937525 3.996165924903153 3.7766403773244654 4.2339903298871215 3.3327750053188026 4.2839787521621195 6.651522925154447 4.645442617333346 4.48603746600855 4.272515198218264 3.5674140983441838 3.423059575323765 0.0
5.295575000492238 3.9819492970399173 5.094763245010021 5.88208069940067 6.056500470154473 5.3332258125397205 4.755259750684065 6.033458387516559 3.9398797627370348 3.7923680763567145 4.976922425399916 4.5710885491884135 4.34686620971642 4.804293202717045 5.40161348216216 5.737650311668661 6.119256313201271 5.556219720722677 5.943148217342432 5.177830399787244 4.616311205398304 5.2447233019064035 4.257016140647622 4.525181855130385 4.742315424374189 7.67074386306224 4.858344813266886 4.294089068748239 5.448089600263057 3.6943348587350893 5.5558980047780535 5.060156480460335 4.363344661026491 6.710257619920947 5.351827170898567 4.1948040196883705 5.521059401182422 4.82116656730229 3.737829221153175 5.908535028568366 4.197797494894028 4.479102259720268 4.873055754855554 4.679502674371374 3.4932307507458202 5.813257414885699 4.5977669624435595 3.49590167122801 4.428481683392311 4.659688141401713 3.5662138906681777 4.789886746010461 4.95271233586691 5.818102300843201 4.600684425160203 5.040705759022865 4.552871612029526 5.159749338498373 5.016577051474708 5.807025094439166 6.593363793439457 5.640571458429282 4.446958183825541 3.2818120912572084 6.001405354650919 4.556485396504052 0.0
5.949893400652172 4.184556683756229 5.6638872144888275 6.835846617406992 5.553499081499113 6.146661292563665 5.125609938162463 5.533568132763458 5.072304132087149 4.4905847803530525 5.7787807178851835 4.383362884673724 4.5657280489760765 6.5791865426508425 7.090078798022072 5.576316930107158 6.2335147733743455 5.60420023479989 6.669611259181052 5.239655096442762 5.377334063227241 4.7181550422215865 4.183251724703067 3.603856818474329 4.006941641571513 6.833632997707218 4.648040438789838 3.7665588679315825 5.2475379517496075 4.116110331443348 5.769223316980963 5.342965266831518 4.456874596928898 6.327153694442971 4.707549616119492 3.979929045652631 5.0579837618163115 4.131392889015844 3.4679164162355347 6.551421334076319 5.185713538127806 4.044343862330016 5.390102771788173 4.467947873651535 4.1234482233961645 5.442902735958761 5.552306768850193 4.715157002465216 5.072066632976442 5.423372048153551 5.377338088560649 5.104013378589122 6.052037089419416 5.84454749059343 4.738158887280062 5.438380036946747 5.3720020645756135 5.208810652272616 5.827172141883779 5.043740241754249 5.1622762763685435 4.422094011892036 3.2108499288210277 3.7511871076746752 4.461017868446642 4.310690068358952 3.855870781094386 0.0
5.861376062225331 4.729895713132874 6.123593548787043 6.670339685205946 4.655930995523091 5.420325497296816 5.326478747028799 4.699203172158084 5.136322408155686 5.489300307226251 6.255344924228663 4.587162340821586 4.930480758206596 6.343089867898354 7.154351918614325 4.919619418856152 5.21071862987198 4.577758729873425 6.250058097524682 5.403148475874727 5.599313806704633 5.537173426458477 5.064609368252526 4.584392907877088 4.903803158155637 5.720521569304601 4.498959490141421 4.193068477908893 4.82772384757814 5.047492919272794 5.811862038940582 5.632136016327271 4.110419530919213 4.380817860432856 4.175286402845177 4.991389452869664 3.930444400893343 3.9028599721147144 4.017827719311314 6.341039139222504 5.306641991666954 5.102334747870386 5.790763460977863 4.826829495827513 5.020939330036434 5.099585581806476 5.971223821228235 5.699282814955277 5.159897142963943 5.686313447140888 6.845210439816744 5.877125045617006 5.7266079507975105 4.695661124312725 4.85799234623248 5.749448599098456 5.296079194146802 4.841240962559025 5.865561687188872 5.559810175960826 2.74590733435631 3.05134414080488 3.659224761836571 5.709049415006482 3.838126709253542 4.435616103158545 6.276194187991244 5.105646895091678 0.0
5.4687631692337195 5.81155420216984 6.454068804399817 7.396037273288704 6.359309399768086 6.728184719874955 6.559914151170132 6.155104872041112 6.383673695514751 6.236896664030444 6.222079648017059 6.104736351209473 6.549728829316234 7.5549291527571745 7.294856680759567 6.533495016238866 6.558248218694816 6.549342183737866 7.504846522475874 5.803570292226308 5.059045216703677 6.1035013201694905 5.823107898469889 5.941972034491069 6.245624713237929 7.396370777257404 6.942005612460122 5.830719696787543 6.625980603719532 5.7433922123929655 6.862355853146364 6.20974382985454 5.61472403896434 6.489068767431965 5.7953994595806915 5.879338136168952 6.332601436329809 6.009734487225815 5.327883925425918 6.144375410774981 5.526075251696701 6.465036830432885 6.885124307481488 6.131259697838792 5.238895828408186 6.793446703652198 6.561830675051502 5.9679795762935575 6.0676931799375335 6.369569238769077 5.999798380727601 6.411841820226542 6.928712013960395 6.567711127868151 5.180105994044711 5.5140000034156005 5.706690436215795 6.708495686982591 6.652198516096035 6.933674949766042 7.239354057515347 6.815749165292942 6.0084599044323035 6.267913602911117 6.248676394225199 5.879448273234493 6.41126242645509 6.384804764473921 6.906470535060488 0.0
6.206729184245296 5.228950563316154 5.607955845274843 7.296582199899971 5.02266303069498 6.201449044051447 5.529004207409845 5.406159173639327 5.684970812355871 5.763702078412503 6.1375037584649 4.5414266359156 5.004290828884451 6.993103053932875 7.4232908831994875 5.615204743774916 5.62419381010635 5.352916698117369 6.957328484336435 5.531010234843862 6.0643566772425945 4.921123099708347 5.266390337331444 4.4625606312327655 4.917867868468106 5.986567889589506 5.06337455989433 3.94923630039599 5.606641849801333 5.061828753869224 5.697055820642296 5.476369561068725 4.3718926056701495 5.765604582885892 4.231333844048563 4.82204912859718 4.791586619578865 3.872930409946251 4.0440671807413135 6.675383988800131 5.698455483659408 4.550495919383987 6.280094888090528 4.637919705370528 4.952143996576636 5.539875027315005 6.263325270984486 5.782628199585967 5.086430182612372 5.940697587575872 6.162566316181529 5.57224808345825 6.8344872032107515 5.550667485455267 4.966851190552833 5.364402080097165 5.854682726825879 5.321344813919972 6.178644824211653 5.552669336730524 4.238839682381699 3.818695734704482 4.083442342558398 5.752012954080122 4.070588737768918 4.08340447811275 6.095266771426363 4.530775039626582 4.235103892567085 5.740764166040428 0.0
5.368618708495706 5.706294334887579 4.57388476767806 5.98700280661007 4.028923568950367 5.643071534574011 5.087117012674865 5.138217095797999 5.0399054139638295 4.684627037100831 5.019722139254937 4.64042919803424 4.640347588311104 5.898403719878778 6.49085964904943 4.85717969102564 4.794838911788216 4.497093840881856 6.015504841551592 4.85794254872203 4.914163326740123 4.203904111757096 4.277063559784106 4.025722175298173 3.178749180054547 4.698508502951541 4.69138508192576 5.01690432551921 3.521315789840447 4.494051934443072 3.871054494026668 5.011872097850217 4.272797533499961 5.4415781774198715 4.080682512583428 3.4422369094839285 4.529078100402608 4.160484502214439 4.804002384806389 5.951349589025996 4.909756130237187 4.886364199905472 4.869732868290746 4.888967619914104 4.8212395907247885 5.129529559501896 4.944957099730481 4.889494275992399 4.212917894077603 5.243469375808358 6.020957448006329 4.238014938506252 5.647975660873884 5.144662688732951 5.09409256867653 4.439588355681764 4.982379939126648 4.658185884659822 5.182349332784864 8.296943596299979 6.776575382778826 6.530268212726602 5.010132139003387 3.8707447097124383 4.957506878850939 4.166281539094252 5.363259447164998 4.869196071368871 6.081945017107466 7.340473454846152 6.095434205863276 0.0
5.761622638727904 4.9948852459022035 5.379671945695817 6.6118252553786645 4.521554286065926 5.959151753983654 5.019798421934036 4.970476829144729 4.969406149681726 4.763767837030592 5.667728651625312 4.124016389698986 4.5886255600696035 6.673505101329233 7.284586409625996 5.2665054817183155 5.280148911400354 4.897213712997495 6.587979430399849 4.8814561056764365 5.3043280626177465 4.279818243528233 4.3216741729190185 3.752172334228688 3.5666307258987717 5.615359972602748 4.515558776711032 3.8593755953383275 4.613676272065031 4.252829263743669 5.039798394319067 5.1512224982572175 4.198391462553761 5.688091898348796 3.928628566085794 3.615152583124436 4.574234455907071 3.7353781645093176 3.9197670121732857 6.162432304090472 5.184186127277859 3.782870980692293 5.296738842374827 4.0372599593672005 4.43466705040485 4.640483299514325 5.363719923275643 4.9013563703247875 4.533856328052016 5.429899199289635 6.15988560836288 4.971069063191207 6.214763043306881 5.42361104195224 4.553905268016344 4.902346568779334 5.141198680158281 4.974435953216931 5.6264028825618455 6.112468076696813 5.174268166317525 4.38046262726116 3.224699797168923 4.447246661279015 4.225101039036932 4.1991789338934815 5.115858908479886 3.2324632618262696 4.553031881635957 6.678030002801163 3.8560876769468715 3.929726135670226 0.0
5.33246659313446 6.977674390283508 5.306287996163304 5.979574045723564 4.371010813401153 5.992245977115792 6.446065587430227 5.088860928209252 6.722450371335366 5.981075305773548 5.4163674885381745 6.090208483865993 6.2120823424547025 7.646218815951204 7.278059806614285 5.281996986798048 4.734954303677086 4.769906660524698 6.24031230886765 5.597763926394742 5.162997744128635 5.378531945699197 5.4845798618025094 5.405542237001137 4.900469542243445 4.175924761193075 6.051708042923309 6.1626719991610575 4.647572633923314 5.996607858783891 4.48770308864874 5.201118410523971 5.509166787788812 4.725907966486555 4.79466479710547 4.67078870525203 5.661022394491051 5.453597803040043 6.163365198556363 6.305351311699342 5.426160166843943 6.2502083097412 6.0078379480375235 6.068749309729406 5.534110299974399 5.610600357015143 6.0236968515974585 6.0257931937428 5.31930321523807 5.771530745911252 7.315172888616707 5.663828433822086 6.151801845753344 5.300818519693324 5.427991543600647 4.36157545984622 5.424175934520899 5.50576861203189 5.644632629038678 9.921693977526054 8.001198075731965 7.939139412459142 6.8606610714427445 5.948964378785242 6.455289630065716 5.754722897420548 7.600040196088678 6.98396071914423 7.061238327409855 6.379681341451446 6.9222595521030605 4.944371020806883 6.068435388007995 0.0
4.866973895029846 4.233521875285513 4.264644869821513 5.154068502946958 4.299318715065911 4.969665285156843 4.794418052863204 4.607062224145656 4.958370711587301 3.9692772244935766 4.633595335736844 4.353158149966053 4.216813802773914 6.253787106112874 6.07959043879811 4.5696278336827545 4.890720288606053 4.549227292591413 5.614060602814836 4.204176201613415 4.406002240163987 4.0279340650208395 3.8135005946008134 3.1036854912257406 3.542878237279104 5.47690442546674 3.926176508620847 3.642124018353019 4.327313533825442 3.9188651653771323 4.26998867947723 4.051801907171135 4.288638977840414 5.2742152655424865 3.769420139580237 3.2235435711432103 4.227402475810061 3.436492350077131 3.635724900358755 5.461003742522736 4.1658805656815385 4.172411435000715 4.10291668163142 4.217200176210725 3.238163586482297 4.787430952719091 4.773431776112182 3.9589810617385073 4.29498045476847 4.820374311023491 4.8758692666346475 4.367992081228603 4.72812953035889 4.671289039170003 3.8624682624481967 3.651596434508492 4.255929844975534 3.99152194733374 4.104462813593288 6.675968490658926 6.179780886318441 5.773916081241802 4.7542057416967305 3.1573955222710555 5.163130413664393 3.871141169124187 4.719992435888195 4.134057297345088 5.448605373747096 5.6664394912696 5.06994608014798 4.4344618053648475 4.37585133150944 4.928240887403574 0.0
6.485236800852831 4.584045323687822 6.193638758280458 7.744271777644497 5.679649896178054 6.578206095462307 5.962600214576436 6.0459255048982685 5.685729725515447 5.6695406145820835 6.47352682191942 4.9966121181622265 5.269707229464238 6.890297551955855 7.51500281579986 5.91110657864464 6.561164716407237 5.938141199510958 7.255654668546696 5.566576794045032 5.9193371332592015 5.127953198080154 5.263649737329945 4.595407985858389 5.204348319732571 7.037869108519944 5.460592392868993 4.312608841282152 5.912920694459391 5.14735710802746 6.50045774434607 6.040900181244261 4.588072780525527 6.372689267330329 5.005562944540806 5.130097224273343 5.066016420391706 4.358671165082459 3.6229251179255533 6.6657557429010925 5.664361341971199 4.727857104021433 6.399048094112064 4.67290405514153 4.843578273199399 6.0386157674764895 6.261087881650252 5.705075061997687 5.607103188369472 6.100937586427031 5.73990599519391 5.937073718224203 6.697879965209161 6.129745270794677 5.239537992003906 6.04777457896131 6.018792692932046 5.682323303207327 6.55189125988523 4.076105976683194 3.8900863701234836 3.352147929473058 3.445529813113137 4.706983771301458 3.4500596420839282 4.067776488856671 4.909187841919755 3.5308291497971354 4.524206913351025 5.4786692304926055 3.5327159502201324 6.120165732974181 4.309985935955376 7.5902607452693704 5.029149097165967 0.0
5.884866854551606 4.091173374098168 5.928102512093183 6.977823251491419 6.001429049360643 6.017746715655685 5.200527113906608 5.9123956344985755 4.471386834895317 4.613126284979373 5.726946999078558 4.281540743529331 4.644355199310852 5.974941772033379 6.664499601047267 5.781256392104618 6.2826761183883235 5.731222228019738 6.662685386176787 5.326282131271503 5.175702354024899 5.31655087683102 4.63859714356546 4.4481290602775285 4.830858435272958 7.554108359635871 5.185551005131547 3.902520650888443 5.701580990894937 4.156774032117318 6.060669904095313 5.487793611359928 4.3428277784058364 6.585663550212115 4.99765066412093 4.5407054925167065 5.254217049066811 4.400281231007634 3.2389711999289226 6.361847020275852 5.080484798316105 4.446813199516823 5.667339983236752 4.706694870360664 4.2210396072895335 5.858661305798023 5.532536642324627 4.565608029349068 4.929715656864168 5.368106476020535 4.788021504312455 5.280496853888375 6.061503841761485 6.039278968920593 4.649142041645001 5.52869719801413 5.205250282215549 5.52534111204859 5.850086851244784 4.04779700761779 5.107667883423595 4.071748566660074 2.8308106199662326 3.961614479865645 4.622242394101699 4.331365031426627 3.315273059999605 2.9709230059094636 5.065285347171196 5.674189127933738 4.4780072550352426 5.449497213930054 3.9186034436855195 7.627489757638213 4.85077405395586 3.1310636813869377 0.0
6.011068098734802 4.777205730322597 5.840489578822144 7.332116099837081 4.533049362262923 6.318862695580012 5.757851884770311 5.198236034991668 5.890204727920855 5.79143760078675 6.508507928343409 5.146595296623843 5.410442886488482 7.155163433901632 7.712814928153839 5.626602511609291 5.917481961714948 5.448154764461381 7.227020080273483 4.947418335026925 5.658471167616135 4.333702168077423 5.014143856844065 4.320559601709405 4.738033111122049 5.737874452380925 4.997192357663917 4.379855847340827 5.321175985864516 5.1678517569550735 6.25633231853975 5.977118526035457 4.420081254786395 5.48715517974888 4.398422760951261 4.839096206376008 4.435967013637201 4.156939415028423 4.083334732782928 5.886890433576031 5.343327157310357 4.350559618780094 6.079924341591648 3.8125703981543886 4.692066587729977 5.003899892544216 5.9273758966667165 5.797467333794449 5.446075941066343 6.129727095652783 6.504327870008164 6.000269190962971 6.479602604459254 5.544255374492774 4.936101070696899 5.692504894885507 5.699014933100865 5.320109863266411 6.363602501303668 5.367273758057776 3.788934962069545 3.4932343849727436 4.080048238772999 5.401486017737115 3.449961788800114 4.195075711933849 6.0207834271906755 4.336441608384411 3.8593561691835863 5.685097072330382 3.2009882226530397 6.109356323932109 4.150445647491403 6.831937524910283 4.966618264458793 3.080714932782978 4.628923888688876 0.0
4.827670724957511 4.986027220499959 5.251856847779268 6.5539050154416545 5.330155968288912 5.564299766622091 5.54552988701204 5.567432560842982 5.272130238498637 5.434003872021489 5.564238379942969 5.220275351433704 5.448136993473646 6.009109119058543 6.133068877502443 5.707055552169476 5.536879743656439 5.369180086206245 6.531247541031816 5.217503403055121 4.584041680695827 5.4128286120458355 5.211104333175536 5.237326287489553 5.593935494335142 6.5128069927462136 5.730013031665883 4.933399409774563 5.73770583481777 4.9313210236535205 5.879351767354197 5.426331641291674 4.332889774922929 5.575163242943777 4.905585221942109 5.132605585347461 5.169297116939316 4.942058690009595 4.418078355935609 5.57585090619386 4.377805312032107 5.658812160452011 6.074676522609092 5.126393032205551 4.265751983552922 6.123352186585194 5.757028332253111 5.083501304167437 4.86434605767405 5.37058508310972 4.9615306804144295 5.580034203393919 5.879907247035319 5.463493220385577 4.504725927785849 4.78265340659941 4.8704527108220015 5.562648361054033 5.667652746933044 6.398579830140182 5.917202524230736 5.4498849893284245 5.399039133701075 5.642388527700494 5.3742339999004125 4.435945878607611 5.51110322662709 5.929394228925459 5.6359388479389425 3.2780431538446404 4.604248651997241 6.889345030314457 6.0919842214501605 6.681292274098864 5.362257176423381 4.695616529909775 5.007448803112012 4.803694371889051 0.0
5.194229003336376 5.248427808463497 4.300115728674496 6.138424724706637 3.268827270037856 5.542852812346449 5.185548758128949 4.9032996463122895 5.269832519794706 5.07928489481224 5.208611288924068 5.000436367223721 4.846286159236385 5.944777469900263 6.57939024800283 5.044686272152408 4.906519498864539 4.476174360622341 6.281162984459163 4.433578177608416 4.8227401310506055 3.1412587730146866 4.246628451440284 4.031334985809048 3.568710337113135 4.340528040057524 4.5755584072328155 4.71487636098602 3.7962974039310198 4.555183669967767 4.580883789393033 5.208589069776624 3.718868070828551 4.947993589146618 4.064375007495347 3.6327845534969416 4.412082529035608 4.117269126912451 4.4690961981400905 5.1057084480886505 4.373470100636382 3.7828069137775557 5.250516112839632 3.2282616555765635 4.145893329975537 4.190416700308725 4.376036975644593 4.953023829685407 4.2048566411924995 5.23141999880021 5.921905736890397 4.907734668493532 5.508432993744538 4.882927105928974 4.914190823715635 4.5593592693800264 4.912970895598893 4.594765851556106 5.517130395537471 7.597640693075014 5.710769869739608 5.4919870216165645 4.946719849372706 4.309865572618726 4.311882284273949 3.8590037211597186 5.39284447208189 4.789034142178902 5.347865007779171 6.483765284565708 5.13114970311958 4.015197953042819 4.225351876739224 5.146380638962634 4.518377531602734 5.011001218242885 5.413060964779864 4.219531695476808 5.7102402097651055 0.0
6.08277698655884 4.603802822400978 5.7268966844090725 7.28223556417115 5.373046482780467 6.415237935463026 5.6822115490398435 5.949945156016031 5.392627388346554 5.078542492569954 5.995689773535072 4.917373794349214 5.01810604861497 6.4580344145295525 7.204904430631105 5.7754356851916056 6.395397787781754 5.678365697158824 7.000618884365261 5.488695788042756 5.369643276127186 4.907992363846771 4.530441200643923 3.992858674691151 4.227538138486887 6.523883547110629 5.147003465404303 4.4386393544350895 5.123036072200412 4.616326965409355 5.798813193418001 5.797604600814518 4.337653068799718 6.243583399605003 4.881631932523865 4.344458210875708 5.018819621312457 4.3258782975306485 3.6483337352713274 6.670074753301332 5.202654400742607 4.8248562233439 5.821548450942019 4.859389180384993 4.417013275251101 6.073223131069995 5.822460142351488 5.161176349792299 5.276410550848684 5.856165488426033 5.551668147214971 5.341431261961021 6.22531744232779 6.034790920755058 5.220621937265899 5.626670041037005 5.646434045868977 5.452727557184686 6.163068753650848 5.277039656009698 4.955522707291573 4.683426730497731 3.5855772490996833 3.2158989521833674 3.6688252643352275 3.8253864551587298 3.904225364298537 2.7675103551910403 5.159066024206451 5.875407291175695 4.846153521230916 4.524561655291855 3.9299953655449418 6.63416375767858 4.123856695668554 3.3085241053989303 3.1641196111445375 4.358684207616901 5.421917466247002 4.366697485114856 0.0
4.576451194024923 3.4073475361469137 3.846922955782064 5.538723835230851 4.124586639155948 4.742030543022097 3.7796381312524683 4.36693143787317 3.8356539068286866 3.4380103036510956 4.205673006985932 3.1645133643798338 3.169030404279066 5.047600043310047 5.525114933735885 4.259460618707056 4.695055299388983 4.242673760519516 5.369326290773878 3.860771913873675 4.170292913720777 3.221939634029555 2.9505774990818048 2.470311351100618 2.7330900908018196 5.520673837191082 3.4226514554179266 2.8406155391998476 3.7951753002579562 2.9161831088342547 4.141535377988099 3.9772280098677406 2.948514983019476 5.180501762958729 3.263832345301423 2.6327835760422884 3.7489138341393495 2.7783830891624186 2.5019275327433044 5.164454190996838 3.8775900362007794 3.0236446827267476 4.1088979816644216 3.339913023986763 3.0286076547444094 4.33981754601385 4.0824102917317555 3.5414895337530448 3.4697089191299755 4.189612246688054 4.0517550632068104 3.451073845299855 4.8400903112705835 4.4486363470205825 3.6324929357185365 3.924734201258981 4.142439427931095 3.744167419531402 4.4469380816256034 5.818770047756584 5.190239610112885 4.687063063828233 3.376945723498774 3.1438768480115913 4.047827199754631 2.9737669209598048 3.5326950173692047 2.795111103497846 4.906352416729838 5.717247178191562 4.085094254676665 3.887171931524995 3.229529579511374 5.963118017892782 3.4532552537038392 3.679624606676806 3.2593220916045493 4.1178431511439015 4.936228783255753 3.710583589560326 2.99701549295741 0.0
6.588243514983324 5.6673884196715685 5.405843038486493 7.455038778050221 4.716780890155012 6.540531115594757 5.7299464255911605 5.745078865504567 6.01490735795755 5.727080756324888 6.146929103393464 4.851850369771892 4.939003416906097 6.867416338436138 7.601170497467636 5.520977309127286 5.893132928162496 5.305478003820006 6.98954815745511 5.948253375843699 6.3097640594834585 4.726614736379619 4.96931264439324 3.910894915392712 3.9533154420462875 5.174584683449138 4.889324672610389 4.546283053251454 4.715914582223051 5.1409595076059516 5.075373744302999 5.72380996975423 4.356220447053945 5.7855486756265195 4.372684448227371 4.389120076573623 4.756788036239391 3.8675703512457744 4.390827923448806 7.332969733481662 5.9262159062546464 4.952982830779698 6.193665320840285 5.173715412139284 5.293212190945604 5.972765787306559 6.303028847582054 6.021476410276854 5.226079861768172 6.162421647057925 6.540407956173709 5.181522848353021 6.808754961260553 5.675301576913881 5.791065320554167 5.625775505854014 6.2637022916789675 5.187495562561262 6.394944426432117 6.7533271431719735 4.638241800218443 4.924073510382407 4.33135174643127 4.559860395385873 3.3450896636321867 3.636491900529485 5.710464734147332 3.8086522798408304 4.872930206999889 7.105980686746118 4.096191211547891 4.123869540117664 3.4910702848224857 6.200244904587284 4.5228177229204105 4.307998656485031 4.808005780248629 4.393683299824347 6.288258543225223 4.153596910673681 3.5326492692446623 3.5027472562115802 0.0
6.814645977389902 6.216148395610869 5.7509818514111615 7.495579089807506 4.900007009006212 6.581201426288307 5.965234432927966 6.101175374094938 6.023678430041445 6.260002581307941 6.716893027262309 5.540725160378583 5.58096622774067 6.804993457624452 7.7119679221726125 6.2218911278197435 5.978871083787379 5.545049718283499 7.313894865766022 6.000674523116456 6.667710517698834 4.830983951956174 5.854596364161283 5.375401931570301 5.2646489277398185 5.885116527881137 5.400562843487863 5.193732822470437 5.6044571741619995 5.653968441957325 5.994347238448939 6.321714391064085 4.770201615256227 6.175829173381832 5.159917163478207 5.198749685481878 5.4344687886514444 4.916056737906864 5.32298101846403 6.731524399628399 5.919202763260046 4.416807571419554 6.7111370225554 4.176909066034679 5.54357407333633 5.215212209405299 5.974431494309501 6.222252182174878 5.206673366511626 6.20488236127253 6.9330478828346465 6.203139191379724 6.997348483292193 5.946972295502187 6.012631453906556 6.082985004089106 6.2952451606627555 5.736087111151767 6.796289493065425 7.148101830638739 4.951507132990282 4.298355608969897 5.0670891747914535 6.197484704711163 4.850785226860736 4.763503706042307 6.3875654874046095 5.280112092704105 4.937744306394649 7.919276650323638 4.144653124210556 5.972035135811847 4.265807403468811 7.632052064473192 6.35240793680962 4.953504083540406 5.597456702194606 4.108854978805769 6.418954435926021 4.17716174937147 5.675552411243681 4.783023497208525 4.634934224731046 0.0
5.137206360795694 4.657441678489287 4.1126294062076445 6.125988051960525 4.263465914972337 5.680498053788931 4.873586206434624 5.29831052974006 5.257537990693549 4.5750042051624105 5.566657418512254 4.78783305103336 4.622714207107625 6.106519114406612 6.4157226809742145 5.33137252122089 5.369372858803015 5.119542491789414 6.5763653538452145 4.4340172554393975 4.8996390222786586 3.7912242776701017 4.262179369130101 3.4520374104714024 3.7263210173374057 5.330997217432661 4.172784640308899 4.391491966140988 4.6630964960104615 4.2559017203056175 4.882150588856729 5.09268235388531 4.337374601914558 5.9857469361390745 4.0670477867433075 3.7520775221611267 4.094887941765466 3.809621834014033 4.220762645991718 5.563471333088162 4.32914822227034 4.694484310418985 4.640542609704205 4.218490797258165 3.773939115115452 5.4982154485147525 5.374105207224929 4.531770906974822 4.512032021243315 5.444862569675128 4.90597139427996 4.520596097572923 5.609057410626392 5.2869669776203265 4.472633698172884 4.30437469251788 4.875503972471229 4.531231730861813 4.903767836232566 6.911079386223314 6.118496734438154 5.61039864972045 5.272243708924287 4.038985116156338 4.8491609151509305 3.275346431561248 4.870400693640241 4.398347924111332 5.69042327941156 5.955029020090828 4.438571260676694 4.8479861728498586 4.437847768770306 6.358069555763363 3.61030802051674 4.747453770070987 4.811037751012113 4.5907043646726295 4.852740667283591 4.689915427103817 4.308870728235145 3.420024228329404 4.351726104668878 5.5841580538537325 0.0
4.785119974620822 3.713672737443368 4.776585846856981 6.25742032316246 4.15064267345408 5.335691724433781 4.477523910538222 4.5369732080395595 4.413464458999758 4.186007782030249 5.123467885577255 3.8212400824174018 4.0875951116859035 5.693691603440314 6.36261981845946 4.65669543471276 5.116346684594485 4.587438476624122 6.121390368678947 4.242857048895335 4.230349285820946 3.880680294377697 3.433836341493889 2.9199542710333892 3.1186763078962323 5.387862900118205 4.0579536795304945 3.5182489486201316 3.976858724043895 3.565507902083587 4.90229302761388 4.863922232202682 3.241788259762557 5.010202009783734 3.512001976812157 3.3592601132690736 3.6646116615842077 3.2208612422956655 2.847938768064368 5.445089791306192 4.185123697971946 4.126197294625042 4.760459245255171 3.9455385841895323 3.5782187117276694 4.923447349640994 4.925031525040503 4.33437809524733 4.243606419612094 4.977341774690711 5.072168025337851 4.3342964088721 5.336801366531229 4.81394898619925 3.9792440582983235 4.535724792467213 4.493723791020153 4.405644156178468 5.170538140184282 5.371524152277788 4.473759798810313 4.236891176877062 3.079653201546835 3.4604615565940327 3.179388482917149 3.095624900524881 4.146594459913453 2.9938254336996963 4.195688471550521 5.166887059564205 3.998248887039103 4.126671060822466 3.3340285029754804 5.911103867680705 3.6736261806651322 3.295576602859671 3.225622524188136 3.616247776601902 4.55165865225182 3.9676242777307165 2.545849802300919 2.5417918065189244 3.440865010393627 5.16038092371202 3.5497974592437926 0.0
6.348716834673012 5.47650920366114 5.405399428726705 7.4909382968393725 4.562176196102597 6.400051420931027 5.760243895680865 5.706082854533103 5.751239164743998 5.720397161977527 6.060053426281332 4.783415156751214 4.989066165327677 6.638553098609705 7.45005876378435 5.50133921801329 5.75023150927264 5.135210611308896 6.959782128762543 5.71703507477756 5.963200141376217 4.628518356120019 5.016110687152672 4.183148198397629 4.239975159245905 5.290378961080631 5.101820503173246 4.451445970858652 4.815342761097782 5.075311259759358 5.2225101865967645 5.701073857973604 3.990503315305892 5.59175269580145 4.31291828159085 4.433073801889239 4.689721611798362 3.862151898458359 4.063262685735782 6.932942232998293 5.586691641284781 4.73068584172756 6.323000401576869 4.751938573181828 5.020117669430841 5.801375883163199 6.0984194079832434 5.848941070281493 4.987046265134939 5.950728244781562 6.2585139094890705 5.319267515208265 6.720940319701606 5.613682793951653 5.508375494439981 5.488578383204156 6.007786639184046 5.254146807652038 6.388959864598601 6.150266545110373 4.081733623252635 4.158906400015196 3.8568282836772427 4.521774625124932 2.7412773025683927 3.3315771217871957 5.424640286640144 3.8262055008661444 4.472342049394714 6.26929230944013 3.44782208804007 4.471733671151657 3.4437061765412587 6.20474878535618 4.726422656772084 3.428308191036987 4.214577780821082 3.636503391896572 5.343667248861546 3.7873064599686863 3.2785502612996402 3.388546418611736 2.3665949263125112 4.062501419657694 4.400961536549336 3.1414319847762915 0.0
6.719042124528282 6.188597841908972 5.621004781709297 7.7404145648992255 4.593166258633601 6.963724540689382 6.234514148643276 5.837924979700556 6.709035589834488 6.162518682192743 6.51054319133739 5.495598344320089 5.572036773250679 7.556529073617486 8.11051992795016 5.730635643709329 6.094637418779759 5.546749070056998 7.363250912181905 6.061355277571252 6.459161567395239 4.650039604096594 5.261662187455502 4.204740556973232 4.123638843543731 4.721357699388929 5.359850215924959 5.212167821443017 4.827465453186159 5.665014859417924 5.364976424854951 6.08010408131484 4.836219462831946 5.784397036402158 4.626677654485865 4.631773447760351 5.0319223500357655 4.392098465977859 5.042990147635055 7.400337289535025 6.167273588316103 5.342288986785843 6.543521205037487 5.37929856455681 5.6434920847110535 6.077992282342765 6.631869280800362 6.495761975025737 5.663261979298824 6.493775352657527 7.112691714067326 5.57903211440836 7.160181524268147 5.920534969310832 6.089154056492438 5.8055162202214 6.572871123155355 5.532679814770149 6.787488885423732 7.575183425590615 5.204678031141681 5.5326397762176045 5.043083607554439 5.023295047824972 3.518567874896324 4.10198477663857 6.42753654304073 4.309059522448897 5.434730716017084 7.0831280313552725 4.576466534883962 4.313450629950286 3.9390160344571967 5.687044227878325 4.750893068037502 4.773298616511161 5.582462165698515 4.450896785689757 6.566192815319556 3.986365037859431 3.9914012473947715 4.021205857849032 2.3013243215665597 4.963415431800552 4.6678873341849 3.8550552944701453 2.808828672618793 0.0
6.30139751686951 5.1618624051553335 5.101352161836487 7.1209499606523705 4.347936483634338 6.216161489722925 5.471655104987442 5.431415183947317 5.888159433935551 5.53950093023628 6.1771136160038385 4.887413646974073 4.833790967620563 6.748759395413566 7.423663495830951 5.45160617121025 5.748721985043379 5.146589241705291 6.880353805299742 5.463251028459198 6.109997468015233 4.192974641901092 4.8095026443294335 3.736985381058232 4.0352209657268725 5.108896757865322 4.3975808847251425 4.223645255473985 4.799368729416117 4.972440994511338 5.312452348144008 5.605169476615155 4.198314808478442 5.585706488656535 4.230261265142118 4.300169977346892 4.421269537826202 3.7095841297044827 4.192592384570662 6.720335335232805 5.45886581102647 4.294766232953836 5.87649962691572 4.242791735363944 4.7387136326793025 5.342182247730586 5.937520902702275 5.713295785615905 5.074233022063107 5.924969802537664 6.28766192865426 5.327604757101196 6.4149526362150295 5.367837505606986 5.384878159760794 5.478606806101412 5.937476242687653 4.858029434587794 6.111911147498244 6.387450334547494 4.1736139584956495 4.210134686831111 4.451331596673306 4.80790390272216 3.522083383416644 3.5148076969284614 5.660028005423347 3.825279060897881 4.3978179273050495 6.976356591002638 3.4766897490749304 5.06846587573853 3.676889029101251 6.599262938086931 4.503453909176688 3.874733448048874 4.869117777908685 3.2991434423811907 5.793169207673423 3.821883455732109 3.9445021980697903 3.490186232852994 2.6907345957429727 3.6452092956897197 3.9215809433470334 3.588168440849644 2.762627048964903 2.985084862218302 0.0
6.640949996806293 5.449593618810587 5.533946685084063 7.365168279875822 5.113647537325386 6.640023565528402 5.633599193193609 5.9181629091562336 5.939647487425348 5.575619228047855 6.286769090085887 5.011264845714167 5.015958616336569 6.933453205287473 7.686898882290904 5.99606846010711 6.281629797768902 5.694543141017493 7.228005117017779 6.001336342120831 6.35316236895484 4.770797516334891 4.82628817199776 3.8973766363186177 3.991544630506905 5.808865943755265 4.77748685104191 4.400809837855575 5.093447674803058 4.914099471907685 5.481471709495632 5.8724975687349446 4.585772619775539 6.268913200608776 4.758643095470753 4.349310373058546 5.170645930382137 4.211434535173673 4.423094714320968 7.301999421702286 5.845150284894676 4.557350173513043 6.061183092259587 4.867198029718513 4.964471598502786 5.826237493312096 6.115143244666397 5.751134208297581 5.3572873778239085 6.253104468458117 6.458967123716307 5.429961433611678 6.752791564919126 5.980074826421825 5.764286753379702 5.77575369859517 6.208249216492995 5.398933121611693 6.4124729786770125 6.425073255829476 5.010560300714178 4.964887477366493 4.360315054902415 4.48994535071396 4.229048839459819 4.144728545780234 5.24032977138695 3.304380037882161 5.068406895867299 7.368048802362113 4.310472186518182 4.530578846341456 3.3783740422720254 6.6811060497941295 4.397965436523719 4.451103966469886 4.656093365488259 4.416450711341593 6.49381056083621 4.1781671132536315 3.5161934005102524 3.3991028076631573 2.416668167939927 4.4734494892767405 4.235424308121903 3.579721046723461 3.028463091214232 3.003583612512334 2.586416551027977 0.0
6.5321992770584645 5.18786084320842 5.531354898319697 7.629281682968833 4.961093027549985 6.476574297709885 5.595631696504752 5.977070916988482 5.674165064282534 5.811273269517939 6.47485444610543 4.955754582173635 5.006868463899252 6.380664905694769 7.40582790023062 5.907907604560235 6.1727934701768525 5.575518963263433 7.244948057510165 5.810029757571605 6.273949858034384 4.741249448159329 5.160000106786219 4.351267501250872 4.614658477274546 5.932823200317016 4.908558192009095 4.4662417815981605 5.26843353589427 5.064964700601068 5.84964644374113 6.103336477776979 4.143821084311173 6.081754786072242 4.696846490644132 4.846837236727225 4.725489182218115 4.100812289072583 4.1677080825651345 6.89266565420847 5.638184863156703 4.676011170940675 6.327852609857197 4.537238161653596 5.035986144922186 5.905564271398474 6.138841271791082 5.88570557794765 5.213928577264663 6.185929107101429 6.132450766429033 5.586271691148693 6.749947514672907 5.816919756652705 5.678666858345271 5.959541446262787 6.163763146855342 5.376134539993564 6.554006024368951 5.666384461328812 3.7621830370873734 3.7304206191775844 4.149624887070957 5.019647347037574 3.3275313901796824 3.525714362964614 5.312186404186164 3.989784506115442 4.312882752834984 6.8381168244452555 3.3396957462558836 5.466480549309052 3.9679929028390655 7.528967836480607 5.290056202201426 3.3275903458697735 4.237514037335821 3.3863992647877117 5.365712599618215 4.299762562055692 3.807656760330527 3.622779971585427 3.157129662643118 3.504962809071571 4.187668524941854 3.5132497549233017 2.6681676885768204 3.8450214708173074 2.5245805326763238 3.1825521196262327 0.0
6.485850335625388 5.65282941699091 5.492591528972233 7.629433243254939 4.695103372878979 6.658362069344808 5.767969028910508 5.8639691765548365 6.058665140392818 5.856798440838906 6.567733219276206 5.126903599815761 5.250786866622326 6.925016014111747 7.731924858807887 5.8681053148953675 6.033931614088758 5.471978942366423 7.337408962439302 5.884050463600378 6.25828722867465 4.646500586282829 5.22283505825511 4.292175531789537 4.407244892488578 5.358339627586665 5.06267053525043 4.735325574033386 5.146339669364833 5.215100009262752 5.65558712385406 6.062474948226005 4.386964174066634 5.921459160665707 4.596104241583152 4.657194296273552 4.812303140914134 4.2135342942702225 4.58734845771012 7.051875221745305 5.686123057914014 4.908470905047519 6.436531886487873 4.740969324917835 5.141208243983074 5.903821073492166 6.395234985442094 6.0411396992349555 5.2447820678532295 6.181811840371851 6.502677163430808 5.601873013333498 6.954561898190555 5.827434673642702 5.685198197938727 5.740433656279979 6.193502569202446 5.470390364084884 6.609855453710992 6.411794712497738 4.2319546626918365 4.070320830035483 4.420468418168853 5.1603612126803595 3.3715861551745268 3.633481306974772 5.735655178459482 3.939633335982792 4.574693550094178 6.77494826360346 3.2688400651953238 5.14564260186141 3.5829586303290792 6.902842077546192 5.1385514006458255 3.780792983865921 4.628257806569637 3.5037434862471017 5.557190812356992 4.223063279230487 3.975861038920147 3.7277443183852776 2.7832091675834367 3.522522063595386 4.051133334311141 3.5614061848354264 2.5229235818872935 3.1194163956291723 2.335864882615732 2.9345938007485644 2.305656946038113 0.0
6.781566085350912 5.741028326588566 5.8619042562753725 7.779551098814543 5.227095616550725 6.648474392939336 5.7971174786796675 6.185454949873821 5.793653911937609 6.058188626975939 6.72118181488883 5.110092791249695 5.284430536892656 6.603955533794961 7.684479847020161 6.211643081517925 6.204456402416955 5.634465605222225 7.393012013043003 6.255341590575959 6.57370597807124 5.275826867753285 5.553648548153053 4.876597282343654 4.970852323781956 6.084706430134326 5.222813971324119 4.731412720161308 5.565975839537421 5.327656838026493 5.964776795142875 6.282421220285545 4.412340295379284 6.208912414024295 4.961636147508659 5.078978431281155 5.163442865088473 4.488228784209999 4.634150692998836 7.2846686486755425 5.90547554179658 4.91231774961284 6.683785373387041 4.865070538747131 5.366395272575494 6.038323676583361 6.43040147544498 6.1122227549818255 5.291292144926758 6.292776426604674 6.588641311684633 5.91885868778999 7.068553394233865 6.032889507955248 5.897662808367114 6.140173134583038 6.340158443132145 5.7261620426910245 6.786249489893615 6.032831199076275 3.9843550436874016 3.6593406269604776 4.254657389718151 5.6039112508918985 3.9270464797408975 4.052037598226576 5.678155604412243 4.36058579604862 4.304277615979322 7.30340033208005 3.3114207435030463 5.6818360541681905 3.8186806107170828 7.713937352908888 5.835001984104869 3.9928442852854586 4.5290151193752415 3.8793762697677963 5.720000662368888 4.712039701091987 4.50481460234994 4.130799411768255 3.5306494423475345 3.0477968992777535 4.747397166220809 4.100965546868402 3.034384454906948 4.277247535696989 2.97090089409166 3.456903690728322 2.2513118370488763 2.4352413833599567 0.0
5.311310996968125 4.2667521551584375 4.62254139320377 6.507701145614127 4.444381669972381 5.888682701890485 4.936489666516 5.3765004736015305 4.899528269857191 4.618541046542853 5.395022472985994 4.681898272879037 4.590512380477244 5.864847939334154 6.521712772561164 5.457865301464852 5.766667010964337 5.361975626954904 6.728182766224993 4.254755628590539 4.737351914073272 3.2856161742279477 3.8974455862526804 3.5227472783684877 3.5385533937615947 5.8740292209774365 4.524365958941469 4.230458079411135 4.53820285154073 3.9800645480554406 5.289114687516946 5.387580713375785 3.946557927238887 6.103908544074875 4.341314275765056 3.691056356326926 4.487973312599786 4.001135101742521 3.712581697236699 5.185976839898579 4.446404443033118 3.7272839772514073 4.937805439099104 3.3810966760341388 3.739817374008344 4.933900854845104 4.593233531238393 4.473633617106756 4.5358095191530206 5.476810356789881 4.920122154388258 4.689797177372792 5.67482454371652 5.548183979704683 4.664918498641165 4.837302614340665 4.957180629732105 4.8564709156687185 5.512478116001072 6.081352023749819 5.73268557874964 5.248446553887542 4.284966137499748 3.32780256232533 4.241056610723421 3.6184704466163007 3.995002743038219 3.494946447412165 5.583612118628418 5.813219357152406 4.8000868191620265 4.233482793475824 3.9308337982014976 6.388651973785312 3.9182722390331413 3.860900398880929 3.870979522617019 4.0436039875253496 5.203315213894764 3.2824852670548696 3.0315913796463634 2.6792293955604505 4.028487934619269 4.978529136197984 3.5042404342894367 2.9080131239667297 3.731795230601958 4.277206593983813 3.8182452155843833 3.8012252540133313 3.810772766872002 4.047250510523501 4.596857114819999 0.0
5.5047141808032585 4.184223146989548 5.041238654077095 6.361698322070584 4.4794218307654585 5.81923472967835 5.418824279989948 5.280967751151709 5.313001717265336 4.614694804412582 5.618289240322717 4.901075335449096 4.806688560777658 6.497062611588469 6.807451186930703 5.116440653185124 5.749309261695833 5.190475123151807 6.530166755565816 4.26147466242887 4.762092172986458 3.880077625271156 4.250682374980703 3.5171462927715598 3.911448500469006 5.898873269540768 4.522082032235926 4.255358583524287 4.674667132485384 4.457880131821878 5.365592077336723 5.226437848385639 4.441712328429061 5.827394779808415 4.302142125675221 3.8964507452373787 4.2244673826134695 3.8287049399980244 3.6466433839867434 5.44751349181155 4.567614701917405 4.298516327022538 4.811111230242595 3.9208814361398763 3.791832412621096 5.148422480658135 5.155983156720545 4.625873797980507 4.932379292911064 5.504102838059491 5.23215820158074 5.05379891424476 5.393671252833031 5.3985100342052075 4.493394982052585 4.798248204362108 4.933629474660714 4.643819630233118 5.20030811392031 5.845239197917974 5.459354703363355 5.008702650825936 4.2785091740667145 2.8346805002372126 4.071324356206129 3.6319152256489957 4.446685722338556 3.5823726366154625 5.210937149732348 5.679123175209076 4.992662173091358 4.509871540244574 4.218275973804516 5.977937428318886 3.021818272726747 3.7929480600917627 4.089317117981533 4.05396746324761 5.338845909162819 4.027975506789758 3.049020071081764 3.2013478283686636 4.258255910796383 5.859119624562124 3.661218136173125 2.9976795590065155 4.0962411001024215 4.409358472621556 4.119094467457305 4.271446144678295 4.506395202648226 4.602096204823984 5.349681259781345 2.8147404037556703 0.0
4.9171352985757375 6.517065833266445 5.4739044323658925 6.537208403287132 5.347332269088493 5.962026215796056 6.479245795946962 5.849173285547095 6.431397746146156 6.383029094562017 5.7866372995381985 6.394964634276203 6.531116973266975 6.870403023572966 6.55065798966895 6.0922301595962844 5.463593793353599 5.605347009413537 6.783199020951722 5.746770810488821 4.886994182943513 5.963145890774182 6.025163387441085 6.238447165713637 6.248660823131725 5.957170656075037 6.674937032017777 6.330228956760684 5.94149905071994 6.0551308098678 5.881521477925567 5.848084114579046 5.323154238950642 5.439273347997866 5.505782330545479 5.781679090727648 5.962208682846417 5.996230110625046 5.993950317913106 5.733745386447529 4.923592050688663 6.773936754555037 6.660658216903872 6.116147281677243 5.282440817127027 6.5378434168106265 6.216541217312093 6.000927566173069 5.473540638368289 5.962122759665234 6.2261057980221555 6.197457108806669 6.28221972495554 5.74051877271384 5.328486577550115 4.815164813930895 5.344874533508944 6.147029414048339 6.044381846922306 8.85490299564665 7.664301571592606 7.481993073211617 7.162578641147942 6.709593623447664 6.676365701482084 5.624031757214058 7.223678614335282 7.698752768496743 7.060870188393775 3.7770780335020557 6.332331330461833 7.2644709819978655 7.397430272825616 5.427273848897593 6.014320818277707 6.846594483586863 7.18720028406151 6.35062662901418 3.465203613569577 6.111672896030307 7.009531571783058 6.375346559417191 7.458679098139354 7.7636014719227 6.103418975245343 6.058119083173466 6.682592933885846 7.354313385224416 7.164859061174092 7.844863575454783 7.213807329778277 7.111140508321839 7.538573783273993 6.501476205379481 6.497741509599547 0.0
6.0242201354773135 6.142314655516187 5.770193107448643 7.34201423661517 4.432533236549982 6.732490478085366 6.405053062271605 5.373142913595756 6.804226197316889 6.3828114862902225 6.629035496025007 5.789276090174704 6.153200660817309 8.08423484347921 8.048951348029565 5.72087299028423 5.616555212409277 5.688778988277502 7.526994147980043 5.022358493254283 5.830665317900674 4.644178575187584 5.754779924467776 4.933260474841922 5.139842933673545 5.029639866895139 5.814220705701022 5.473652888891509 5.553160445116476 5.9824321551830275 5.927534935245568 6.005852641057992 5.458061929702537 5.75687092265803 4.407479802838783 5.223015661075324 4.736969606361852 4.659400611059319 5.386931793853236 6.001181953304152 5.884903276923186 5.75052493999785 6.269549946777796 5.165389522076338 5.560499087718191 5.745124329894393 6.6829932134053145 6.419527689295845 5.802850201674413 6.6652946327765585 7.056171486804818 6.029698726269748 7.073589549435505 5.8282985106375795 5.21576238401315 5.163291073382851 5.995339267978193 5.663381677637199 6.278180392724149 7.607902235832382 6.168746078993084 5.973608841913031 5.865805576509943 6.151810164607474 4.771968583684004 4.782864213099668 7.51930449976296 6.105688388049542 5.674121662990406 5.201736684600676 4.182037752732735 6.054306016480327 5.135520524611903 5.58557930515924 4.88094158091819 5.231937068465341 6.2872015698208505 4.198256348775045 5.078144658351466 5.392058962520389 5.908246247527548 5.254555578898849 5.378305254998972 6.196298978785976 4.521593320024498 4.770356882282835 4.96829603596977 5.1039208603108195 5.057237619714207 5.965360782933159 5.524941558374362 5.081737245045729 5.9450026295319 5.285403706333548 4.821240248222649 5.4257126074335815 0.0
5.450357072800752 3.7130834884128157 4.97188796289531 6.4732630924304 5.0821779598139605 5.555664797232913 4.875169040829174 5.534279821252984 4.409613603306695 4.3268325678390385 5.257356617498103 4.260001365773101 4.211908653993587 5.392378756030153 6.158008761027709 5.290456759336141 5.835237306725105 5.195267904419508 6.282236973299886 4.76379414484073 4.782586046865798 4.401786930603397 4.0206667874325595 3.6594200737661358 4.040607643544495 6.57945060678009 4.4455292808833775 3.7231292371432922 4.836798125724053 3.850390015348301 5.339926041214058 5.124979397361677 3.714856129173075 6.015758447022278 4.461647311076441 3.9187019451868323 4.517034491217512 3.784717176859745 2.907595396560324 5.824132179514985 4.423449038041133 4.058882260202321 5.028484058567825 4.061947370610239 3.589504421995234 5.4681706752748935 4.909663421886727 4.224410101688043 4.493489058657331 5.126876447804257 4.384536794895447 4.709326144561358 5.3737110975152085 5.440487803089216 4.5157514887948595 5.013746286860629 4.87651167057629 4.7537232810722125 5.311826152581385 4.88730990668619 4.946364672052297 4.426416386282005 3.463298022846562 2.8834401678773083 4.0399562682127765 3.356656777039695 3.0357307930369344 3.007173790378926 4.975094621807627 5.691491230785353 4.606998037162859 4.720379451100078 4.09014974682651 6.90668308761435 3.927801346453318 3.166296038527717 2.7348277922452757 4.250643988838927 4.7975955658945715 4.271356182091363 2.3910257841508877 2.5893847421489307 4.061117056956394 5.345927494828134 3.8762948447918535 2.6522471412937 3.6420090149608932 4.741383229548496 4.020319343908802 3.8963682653843783 3.6451930663263172 4.176964427169789 4.36571877038823 2.7053876645159454 2.978096864800772 6.615016237498817 5.897028673925357 0.0
4.929946569073209 3.9795733981727652 4.136612416635189 5.028814457320269 4.711546547420598 4.621000519250644 4.7025735661218 5.233700737763599 4.205672400317701 3.5141594395482842 4.480667603197219 4.3704318629526835 3.946188334170564 5.038468850535943 5.325809317701623 4.749096578506821 5.05375619259721 4.37218902433738 5.181884602771202 4.436478636661266 4.266362632023876 4.459981017119781 3.9062785471138253 3.7029228350906496 3.9484463004592802 6.1813807015810704 3.903611770103609 3.8850640918329935 4.417337435661674 3.800435402583521 4.309703050034155 4.152155239523292 3.976866754827981 5.61674388618259 4.330145585215669 3.3091103767217054 4.449134883251202 3.7817122972961705 3.434151472719449 5.480971581739154 3.6240003820645383 4.0904081424915315 3.9859801271539346 4.098845616215147 2.8928540156807423 5.078702470444203 4.331742899349879 3.270588931689848 3.8941205498177056 4.233874202131902 3.9612831092471774 4.323407716827788 4.108721185156365 4.825530723678492 4.044993508096332 4.0231994189153815 4.050260166178721 3.9496320806123832 3.884735678763226 6.5481999152673955 6.1927265880093545 5.489953418759928 4.624964038972073 2.246513508455258 5.346878887994527 3.582760590192736 3.1580203135239353 4.040944191782351 5.647442014838157 6.431616110993882 5.686985178090502 4.438377976719384 4.700597459431153 6.067091454609597 3.1906521882346293 4.971890724915192 4.2206007215332315 5.490816139933828 5.472418757045875 4.502945091180234 3.826253896857175 3.2660940304697306 4.94018623243839 6.107310336254608 4.0289730656962925 3.8742068485884604 4.875589101617251 5.4791256934950265 4.841339876318217 4.680795808937017 5.123421538476547 5.350016616400663 5.588754994288281 3.779655509317262 3.4015851929780427 6.554135199931169 6.396020849941766 3.163623217508048 0.0
5.714282622958492 5.283853968496202 4.530551344593966 6.735491812727976 4.783950618988018 5.883368321755282 5.500493481253212 6.1230098399759525 5.242803059352131 5.364161391494965 5.388391668858381 5.375151315477812 4.98605918805109 5.113438740468324 6.0599428518750225 5.737103876264071 5.884070014901701 5.34650477511844 6.552501150410004 5.331701821078254 5.2977543801917815 4.286520079409134 4.802878761739082 4.740440313602475 4.5796047283058625 5.932883785017232 5.230075416224745 5.195854962088082 4.738038412174124 4.819051736563112 5.181572244304583 5.729840720909636 3.946503414879788 6.063406733073448 5.093926158816031 4.532473871333997 5.164334497912106 4.76482154284919 4.559160618783993 5.868481977618934 4.673329016473416 4.741518372414077 5.818526661960319 4.385847377093519 4.510785795337424 5.778015639541332 4.825635062532477 5.124638065235048 4.597029995561861 5.523739013042909 5.010868013720118 5.031751509968268 5.7589821154824605 5.642321378144405 5.649418204802898 5.29072849276046 5.491917261090339 5.180846768958591 5.955131845571049 7.336370943888525 6.0902845694227725 5.978680897070049 5.429623672908663 4.05729356627629 4.768741897283585 3.785333661175533 4.442631326034811 5.106029382616248 6.241877208549272 6.512254854479536 5.8236478660387805 4.8351124012853886 5.492856302164758 6.689833886218907 5.195718868997051 4.9251508774751676 5.055783994221511 5.240365559297843 5.375211092179249 3.3300718833299148 4.090134155772032 3.857306329843018 4.731355946892933 5.216992088290081 4.8393846777938005 4.24586999105641 4.207497706066582 5.014315334450285 4.631724038211733 4.800759182802928 4.330041782362634 4.805001891616822 5.034123722056024 3.2915631373799883 4.391304145016721 6.271514819681991 6.643380168912471 3.602508131126958 4.253697364187156 0.0
5.519518275951369 3.7312278227926 5.432460389393324 6.629215519647752 5.4742760595619 5.71295160490676 5.1152720811046954 5.3309410174422025 4.7999831034393035 4.596609746582702 5.193629280537248 4.27031879936659 4.483492684739532 6.180051494360441 6.515761407778963 5.355903975852008 5.975853654355519 5.428794033150285 6.323339989714555 4.885263295353162 4.903802551025033 4.600783584499522 4.140811950164803 3.875587906909334 4.438456964966077 6.939826635808507 4.8720484906413 3.4632418718884748 5.321583217680951 4.059957287553506 5.715952628405424 4.99280684715879 4.014592585848088 5.959694685396689 4.578280655639958 4.156755766161778 5.041078550406265 4.03470537514938 2.8408628657161454 5.938490790001455 4.814369403033071 3.7784097853768164 5.457741139002073 4.143232651846363 3.728914274066019 5.242584003073198 5.073028931393834 4.503284020610477 4.836546747384442 5.150036598792923 4.724985992406548 5.066560756651578 5.7191666029167 5.549118437407063 4.354958106157283 5.122696036156928 5.051442368865089 5.07742574926944 5.622974438423679 4.526617513219837 5.026951400169006 4.466831848000651 3.2710147752820724 3.8319368589455127 4.397633131904753 4.1997558304698455 3.8186977162520956 2.992645028156268 5.10084177476039 4.912406564587411 4.313955191626566 5.501735358213843 4.201323181143823 6.641212294223209 4.062583467074442 2.909456903397017 2.93492256105258 3.9101543445532436 4.633719356971024 4.519682820692917 2.9548392138885338 2.970285464149336 4.517825944746791 5.540008905981683 4.742791901427958 3.103090855394901 3.927252715448534 4.9206855910035765 4.315601147091003 4.332658054007218 4.247380394885074 4.571118509141064 4.856711116518204 3.3818062511598646 3.422208701663422 6.350867874524961 5.697817046570848 2.708460602928517 3.979621144040108 4.444764244501857 0.0
5.980205074686 4.33717133829568 5.765682166086648 7.24485117863154 5.515787814202639 6.289075403224332 5.155902357945693 5.562631096716526 5.039467630630196 5.0652751432286225 5.939071690348511 4.260224192325651 4.724824628101313 6.588456500798668 7.23034330673473 5.849354574545301 6.176351188770842 5.757690023255309 7.063319127301517 5.289548870774109 5.53801490843344 4.779490404379534 4.487729519759573 3.9500514292327744 4.365447811569602 6.803569448277346 4.93548107233664 3.598645245736326 5.529029408942419 4.2405198790133 5.975666994053164 5.573599925900091 4.21830158531297 6.338202632445962 4.543245468194217 4.379463418791822 5.0203678681625465 4.039423531957037 3.3394057867987725 6.457309813062271 5.374295683606052 4.075391468827791 5.8309947856243065 4.372387085983391 4.350451297721339 5.533840476189432 5.739291047246462 5.061387498498657 5.069930491320163 5.808799892125151 5.514591103471128 5.297610559297915 6.544935274853013 5.941951194298007 4.739258214148575 5.5049343032432185 5.540150641215861 5.482143723843283 6.140909389623487 4.329392386082592 4.621780447215971 3.9397279971724872 2.978971053292999 4.592997105766127 4.115411783944577 4.1920184479411216 4.452562030032024 2.7895828559701794 4.62875662732196 5.568888056738689 3.18035784734214 5.411977989541044 3.195301041289364 7.202987660494625 4.575562988123493 2.8439175206357805 2.772683206670835 3.537330494408395 4.90137484592454 4.877723766477859 3.247288538080367 3.027140331475932 3.854539404960047 4.733707174591917 4.194592998957913 2.8921798916236336 3.3762520657120225 4.513589358238851 3.6581594514929576 3.572136575961018 3.2717738827043057 3.458713277440075 3.5503531691774697 3.5700425882173743 4.0507502270601945 6.95050294878703 5.268065940914095 3.1384820724692633 4.766053177277623 5.1221832092934285 2.957393222140043 0.0
5.1258449857022566 4.47676623139908 4.595373139306833 6.0259688425245885 3.453420734894566 5.584283452256495 4.870695091918065 4.551687402474076 5.200021461141914 4.591061009263402 5.651766200799516 4.698268399113756 4.673396994525881 6.473862012079957 6.965433334482375 5.054112597997574 5.100651234938777 4.671023741879313 6.5078632331069945 4.021401078266892 4.744897617749514 3.1650778062648395 3.875661093967651 3.1767552171400624 3.156117009097336 4.687507055568991 3.8357142749422883 4.06035079346961 4.089295368478949 4.172795198456834 5.001740021142671 5.139816268970223 4.042812451883873 5.191289192867858 3.7097610355923534 3.344534637067169 3.831017572799608 3.6205388902997835 4.009773869854384 5.11205341323743 4.288788807511586 3.6166330618422484 4.5936064233700264 2.990204748243231 3.6187362826043437 4.098296312026556 4.828098510976428 4.596243420788059 4.497605733217399 5.361836715851193 5.906932765561121 4.953734086968011 5.414007759224753 4.921133285307174 4.260347343460322 4.518307672014918 4.6726413135929965 4.377761903446296 5.138108533090298 6.600320128999085 5.230842499509986 4.702849947831295 4.3921707775641154 4.0992194756967315 4.2118097096339255 3.732486473942376 5.178352708559741 3.7784643031665004 4.569265250821557 6.400446400560063 4.297428978127488 4.396805554786294 3.323453220448506 5.714789656879406 3.613903659260707 4.445049247106629 4.8088763709217055 3.3954799472520896 5.585380419849463 3.2620992807326368 4.02486669751611 3.303843163733627 3.8883278754870316 4.337184451182122 3.3787608295330585 3.2710678751861137 3.8833751206804945 3.9031959037939528 3.0929898708935952 3.4818864357377914 3.871507157169256 3.621313051005426 4.264888686058099 3.1612913375542147 3.2797438163246007 6.590515305710349 4.564377336597101 3.939184244856976 4.163039461420618 4.737244727047815 4.277446029716991 3.924474141883718 0.0
6.410158169103818 4.742876988763498 5.7883137257379484 7.235049297474002 5.359811527582398 6.4263597415912805 5.806048713518392 6.079987730148017 5.518004727081401 5.3808834798016125 6.314390804012244 5.114400359962953 5.181620829824897 6.7595737119810515 7.462694038930574 6.172848323354979 6.440111658204813 5.795152352874428 7.268521654749213 5.582577224947008 5.821828399713432 4.9176616480568445 4.991138588546553 4.33869090819376 4.740081470542375 6.706716972730027 5.040642810943591 4.119843841925909 5.66455919141224 4.788256902586281 6.056592540737605 5.874876764596829 4.556594950363064 6.449062234312355 5.004012403552539 4.594226499285036 5.222270772205871 4.336300742723802 3.7956977228657407 6.623781849966291 5.271931464296478 4.214400033996987 5.976793789275018 4.168354635254831 4.2025512126123346 5.685676450880206 5.809102194318421 5.192921085390245 5.291686409399469 6.069595149479565 5.7657325575064045 5.9003593475631915 6.346871324524963 6.1078811972276394 5.197840572286865 5.6433838608489255 5.697629381738223 5.527261637412939 6.147211240621596 4.627749343144307 4.533630879900756 3.8014904428752785 3.7126301986372754 3.9162186607602707 4.2156069965487974 4.04970500679781 4.294917003845758 3.1536549584167597 4.575111297565261 6.131660158773036 3.8636160449164034 5.444578967482446 3.730711248843997 7.084950352193973 4.0972789848357625 3.098536946393903 3.4422190169318947 3.4847165894708305 5.160573621789574 4.277820668536743 3.0837220915843115 3.38033198390736 3.863775819557159 4.507886361726203 4.119771582758125 3.288109996079393 3.400288649772535 4.485344889166916 3.292652032273898 3.2965364131605224 3.201980495893856 3.5594581705858217 3.651785504396888 3.320623667367798 3.4323945568754137 6.976982650715388 5.604653799896218 2.8748117199682124 3.9925761196866563 4.4820061067795365 3.129220532623634 2.8790296446270425 3.457784367685877 0.0
5.270439387531181 3.9537229482543683 4.859416248097902 6.267876904856118 4.791834709887441 5.601545602330721 4.5311859373251435 4.912770783625553 4.6588379493758305 4.226386989438489 5.138284820934516 3.994712111032215 4.137151657849294 6.0724870844078405 6.577626561473023 5.237744691608137 5.574671974689217 5.080328216465557 6.311393808525687 4.714551758784505 4.853048801287305 3.9547083521803517 3.5410377797137276 3.078594103453181 3.3420225207908087 6.0362628532266065 4.122014053409534 3.262485593635844 4.6274419747796705 3.5194788502674683 5.113500833872813 4.838452303456794 3.7302332025639595 5.710839767379639 4.079419774429032 3.340322752111952 4.6485075448399344 3.6647240592834263 3.161432338413624 5.895414150555616 4.562129780951334 3.3449861210290854 4.963248997322231 3.7170953504198674 3.4676063075699126 4.7359072727962035 4.814565041668907 4.260499825200349 4.410714774733802 5.053891926861001 5.078809384038154 4.589985225970961 5.626724685828731 5.252199094191121 4.269081475814442 4.738743174809472 4.827707829851122 4.7210168822585885 5.3713868588983384 5.452151640197787 5.135104895878587 4.58031826407166 3.385237579434343 3.7530447835421836 4.3848709999390065 3.914345967809255 3.9035463325683137 2.352125795581133 4.878174328836682 5.880040756359344 4.057527043906742 4.557375489612476 3.085665935130307 6.254709229962514 3.680287047524179 3.7053906473090668 3.4069653665146395 3.8902292404303256 5.290238941179155 3.902558486171995 2.9637926997717634 2.4123283908938173 3.524529293974546 4.697519497224954 3.8902521828680507 2.7628757132696182 3.4787506355729727 3.956700758785629 3.2971040860792504 2.87120606344117 3.607518622450924 3.5641243242833234 3.9709292273838446 2.9865537052019007 3.531457982450638 6.8060816122497 5.586016633615376 2.9592409246137357 3.8452603688432325 4.429806285003285 2.863445122614096 2.6592898705932275 3.122631319650072 2.8503743450979075 0.0
6.60706366956242 5.937204984270007 6.023279764758197 7.794241802516437 4.930691235076744 6.943820515519201 6.089958617178402 6.066056310828099 6.335303763259384 6.2487106680270434 7.077714694219829 5.860188567000735 5.921073492958705 7.164273208012417 8.159233674043207 6.527889256382498 6.460347232719958 5.861991821487191 7.782876173119495 6.107409286080224 6.394982169938863 4.943482397047003 5.431417579793522 4.953260939029286 4.826279761584531 5.6517988788179965 5.390831683905706 5.35696057973006 5.472965078540452 5.5644293295998395 6.401344908303341 6.716208002272555 4.778246789616433 6.096486830767825 5.270844245417036 5.071237289561162 5.39464333107561 5.1303999459464364 5.245353096967585 6.918446007490522 5.743695339101397 4.929649293108195 6.708430439900457 4.501337508356454 5.292438443550607 5.665586187741058 6.319786510016896 6.274377325217986 5.7015242690327215 6.5440460399015095 7.215273177733856 6.38207793314023 7.060801867813543 6.213090614657189 6.025007199978877 6.336942798770214 6.3505048347138136 6.0081897553476304 7.082561289237035 6.922804534422723 4.736066079748445 4.437781003831823 4.973310268520683 5.864712000190178 4.39850430665539 4.728699315151659 6.082397079174534 4.565104908415216 4.800808736199259 7.467536120702126 4.420991992608575 5.846695273774776 4.200929420907921 7.335889278666856 5.959863077379453 4.704561344664056 5.409539882212 3.7055649939968807 6.179886390345731 4.0183548705428205 4.763977424157904 4.514824839250879 4.137166391867006 3.1949584853336686 5.0366756049114105 4.364764534044685 3.7840269263127446 4.22115558369426 3.0967079762334717 3.6381193054760157 3.1871488140500372 2.968148079215066 3.0420448964680005 4.472290341772258 5.342390910911865 7.550866239020561 6.16633255259761 4.872604323223623 5.83892990065327 5.021007702701466 5.127035490954891 4.289547903215021 3.60860581112059 3.989279769583238 3.9274793287067595 0.0
5.736852889488918 4.309087391933908 5.005705289225179 6.86289774810749 4.903534267204999 6.0088155983408305 4.855927640068344 5.419569676885378 4.997792829364293 4.7210809882178815 5.720665924458257 4.319984679553794 4.409511337431767 6.136763317581017 6.866001930842187 5.55094701324908 5.882881090837381 5.351679750654895 6.741068654778447 5.01275837404719 5.380526987422247 4.073611282982285 4.133446712762745 3.4763926562978713 3.773001579627482 6.112014404489838 4.36214362946181 3.744073095048136 4.946051809785807 4.055517063330548 5.463240264837863 5.359510164190824 3.9048419515690034 6.08710770470094 4.32416294420549 3.863339490644674 4.626534000383105 3.8093477542779497 3.4979146358502136 6.20501378773958 4.905462806918066 3.7745631969362656 5.401737176556524 3.88998914728502 4.002831413596637 5.252443799064339 5.351144964778256 4.784666505830526 4.6790162021725745 5.435225120257071 5.2204055053822565 4.854409846554803 6.113864480033811 5.582938829126065 4.751003191528045 5.213244635633797 5.348833408342348 4.9678564670171514 5.802612144414058 5.438634564960944 4.799609113920618 4.195971401612935 3.66215273500603 4.162640758476925 3.9974606298240607 3.594464774313097 4.172258331051858 2.6514420847239486 4.879251552588688 6.240057695004571 3.615932664971791 4.90507115322363 3.231673593284005 7.0148022862267325 4.4091262355398175 3.2660852828634126 3.364857893812407 3.595276299108117 5.223708257299509 4.127935704224218 3.102199651159583 2.5647482950041813 3.343723463146296 4.123777545010002 3.5483305770148528 2.876889841003599 3.1242219060669876 3.883860372996561 2.8471219042906277 2.865566595054569 2.7260798030212037 2.8110497418616243 3.1422518525438075 2.987111957229683 3.7936728613681567 7.067608967543982 5.491525363228818 2.9483957945714563 4.2454661440420205 4.312395926666046 3.3149518123748916 2.4866050685039878 3.2476398339278063 2.8437254645233216 2.3448756424089487 3.441686955597238 0.0
6.289331412122031 5.488197203082412 5.375639632472825 7.302027653458341 4.713151464865042 6.3703839944606875 5.453285471774497 5.70968782188268 5.553343214622806 5.568705218498902 6.291724203361071 4.789398166807584 5.009216802580978 6.622210265085754 7.4949825344676295 5.883179798368359 5.760949037141936 5.278854714028669 7.119357767397691 5.6530013449337995 6.054196983894212 4.615631896310528 5.042430793426979 4.352512450782882 4.3442912758339585 5.604680933385754 4.859298300745269 4.389710379649702 5.157901628763689 4.893740132386342 5.490097274468084 5.79642552235063 4.216666162521205 5.9782023564451245 4.471633262953095 4.4013177006936495 4.873536146044936 4.136490782589515 4.38841375405576 6.753772950779488 5.460499898387884 4.33552060569978 6.139674166049505 4.295642555138856 4.834305663527657 5.449088252533823 5.97834353959455 5.596496287438074 4.869092702513974 5.901189747087559 6.298773306037473 5.481732986593076 6.751669237530849 5.753253606973465 5.33593102655527 5.505834194009422 5.851782714904043 5.3643500029301014 6.290209908957374 6.250860150912611 4.550233751909206 3.9410862190129134 4.105297504074695 5.184516496818931 3.9920866489296314 3.8543727549670885 5.441066381218686 3.914908152425114 4.513235128371282 6.9079533162333915 3.0858323763595585 5.081814546401193 3.0688419702558782 6.986543379726839 5.216651505022962 3.9979588462754374 4.362755306864451 3.658137080558203 5.5700914976166995 4.225937133903258 4.273337937499835 3.6234204021444785 3.3045866498967413 3.0032858393494206 4.1699423561565165 3.751326842573798 2.915638959884897 3.8579485661647874 2.7366596936697434 3.121844353718756 2.5560876976051707 2.294973220209859 2.163859459813833 4.112602289717594 4.873669643543294 7.189484213719444 5.333436893692616 4.1979895402379395 5.1725935468856745 4.961647248464345 4.5568528381823485 3.2289403303720885 3.5591855505948327 3.4503747647691205 3.4277098034400058 2.8958184112415446 2.72885325083147 0.0
5.553309740684035 4.582428925839448 5.106454890191628 6.689941226835166 4.944075622486398 6.016293500185255 5.272498204427359 5.777606058466851 5.041985950160323 4.822103210035457 5.898519645207718 4.96521259644478 4.977249776921378 6.1222440544364725 6.851082939384693 5.998501045745993 6.006569715506533 5.446570292060434 6.974975818471124 5.149188088309814 5.010158609911123 4.527031277549622 4.473714824701808 4.123182432120088 4.285738781442484 6.268934393530984 4.804145679431167 4.256868211154397 5.219594702608471 4.224912819592074 5.6507459314699 5.600283963210079 4.138979845067678 6.180891510495785 4.778005079611249 4.070239974215681 4.990167748829089 4.3922324541368205 3.8845836476282263 5.996945135389753 4.381454950268783 4.279784714566712 5.5046102026167025 3.9186676898646486 3.545534803957814 5.517333016957415 5.322037754107816 4.538252243558257 4.705831120218523 5.539670331039315 5.175769157558615 5.395444886196207 5.8790214717808595 5.813623533003024 4.727381887978736 5.0216523763137815 5.019042382613527 5.313106110439306 5.693219189774347 5.486871377709079 5.233515030212388 4.364106174135698 4.137401348493149 3.7932539119855098 4.556634333964544 3.759264989070155 3.7525956819011297 3.384248529327584 5.005628472680167 5.6696656060439965 4.170535392688146 5.163722319471701 3.8843446746238097 6.778492956774058 4.13952806209275 3.722584278541947 3.527287803698768 3.9049088330160853 4.502707437755604 4.105574007337565 3.2658834737342914 3.191300115288941 4.22672684657396 4.621320903999181 3.4382500950382244 3.1148565169970834 3.7479429109721853 4.723332857796582 3.64351227524988 3.6204359689829158 3.4307449162061108 3.5758621310807803 3.747726588652099 3.076660987772459 3.6933053957600372 6.25862847134956 5.616560526771211 2.9001069886236546 3.761079385292046 4.093119025641032 3.5005254283086495 3.122126570967785 3.3120124251070195 2.5151257530825952 2.817298179597444 3.769938088325995 2.699051139660042 3.383449898542444 0.0
5.016237608432405 4.9263541628157 3.4547305427246795 5.743335964749339 3.7095737963189475 5.351235724711466 4.908135442717811 5.132382937785533 5.3938051925803085 4.597559359142651 5.128592799483295 4.921395670292468 4.493791732712549 5.8033733644261 6.068215707657762 4.94918413684115 4.978589260855003 4.627969504947608 6.081075349985529 4.487265914042597 4.860018850986592 3.5476781825989026 4.125889661043457 3.358060678306908 3.433010654768213 4.491742033688345 3.96363279515526 4.589653427630458 4.02878966280822 4.407173573625995 4.152702515680776 4.783647270100314 4.102101925214059 5.448028647989323 3.9264962755473296 3.493157003718035 3.9918493030507727 3.730132549108984 4.398430947555306 5.584645506462684 4.153275538005555 4.711906575634818 4.511218715642025 4.283536341003075 3.7948003206223584 5.350375671487482 5.070173494858676 4.584013177331535 4.288730593069912 5.185785191472313 4.994977163387131 4.230388346830955 5.199059639227558 4.846487376467876 4.700688808632519 4.054899127976674 4.858056602874324 4.081132308503191 4.662483833671666 7.819124447218474 6.335062439890045 6.167610065499419 5.741374510689233 3.8106407932921216 4.884035113336823 3.087244691292153 5.107468605153861 4.842546180979057 5.954132250509936 6.400916492453928 5.130166608478942 4.371461322650966 4.887323082631422 5.553858162473842 3.446072317059233 5.344601093985998 5.552441928613907 5.025741919336056 5.314907316212075 4.021717939706783 4.438525671965739 3.552766783039565 4.16487003818029 5.710097925919366 2.54581703020884 3.899625404839064 4.389638627544512 4.27240035878063 3.8790377777793776 4.177262449576592 4.5045549465747525 4.350710966935423 5.144468829082147 3.611864401139929 3.7386900304580033 5.940510823843763 5.0021159811169 4.131425292492553 3.718450972588523 4.182217708892135 4.992514332972546 5.002447303875293 3.4869672968021557 4.526270815627749 4.136417365039585 5.119944521616652 4.050179681644125 4.61052735457836 3.9404689465916487 0.0
6.27499664906871 6.32272104526881 5.294432049095844 6.8394593398071235 6.10581410247483 6.758094276870745 6.665456017873643 7.16592395627347 6.474360943346504 6.137245941247512 6.241402066472141 6.793703570363467 6.4608185352559255 6.955795706815134 6.903826400975118 7.241301278081011 6.876159826732843 6.726618097894954 7.660235100038024 5.89359999831011 5.888914867439799 5.264915582750149 6.1043381921304025 6.107092228798773 6.207982574666874 7.43286417500016 6.49287478766774 6.110751610372852 6.737733057596011 5.805036488851169 6.406564654912094 6.29982233447183 5.921787439310515 7.620256116387943 6.415378080619076 5.5617719555661225 6.827212262908816 6.2471127488118094 5.96276784749748 5.99828537293011 5.1674455712088 5.367980040673169 6.439202977719559 4.861152473549145 4.618113742272908 6.385507928918491 5.597362467619347 5.387219349954929 5.635939305349425 6.393751563593738 5.2843156101376145 6.480280306789606 6.512209869576006 6.9355004672278575 5.942132933312845 5.355054763910133 5.871298013210332 6.439284623197005 6.200696612845043 8.053773460870003 8.235486258368702 7.353891834575002 7.11343967775268 5.2925039805652005 7.297823938238748 5.64450736015396 5.39977132423266 6.425790027558683 7.892767175573999 5.980004715009893 6.470509196264482 6.88599397950001 6.723496331613744 7.096620261615284 5.2482442282221875 6.285562041040799 6.292522072813042 6.1825386963311875 5.204904340642574 5.1121508347498175 6.107643759772407 5.397093583301861 6.968900660288533 6.5839779425375005 5.111044345474547 6.00911263701059 6.404087705033643 7.0970499271706755 6.243009420754 6.537493256874982 6.359442697252084 6.531673094348648 6.825565108761632 4.757071048543316 5.348043367209648 5.678312495803512 6.653816036045827 5.316140540839059 5.00878277288953 4.7484011064305225 5.4394538376069965 6.163079019286555 5.500935082718726 5.258892289876911 5.535317156888828 6.619312085620468 5.725310033466164 6.3336336035821015 4.639400192553671 4.979977304721088 0.0
5.780322065571355 4.523934750076235 5.20839954902523 6.568679323625821 4.431639263504646 5.999580933830176 5.2663470675300506 5.303797679037509 5.0929963544555354 4.804030209937123 5.812806910352666 4.6894588763347524 4.793048841546175 6.559548029046544 7.202862228756037 5.574318899692807 5.7009964695477 5.210420869558159 6.8488041454825765 4.51845470226909 5.156597031602918 3.8661581291389915 4.272975498871721 3.681424036612384 3.7334175701744323 5.852682503332204 4.412149198495735 3.94882881420386 4.785384179933923 4.314100339957558 5.39467975096608 5.40131878278926 4.289451243351447 6.009070258028752 4.249422932973221 3.7317316878819318 4.516641524319443 3.843756251950533 3.724092630316453 5.6498848403167194 4.8124823823904626 3.472985996928788 5.026589825978744 3.289624229646096 3.859925873352248 4.630811918624709 5.025632715930248 4.6496135359547335 4.753571336872039 5.677535529108346 5.767942787552959 5.263065616750723 5.855290197956118 5.609189982015812 4.583402049433368 4.983412778263448 5.0693840246638775 4.908708690302361 5.491306885557746 5.645310188864315 5.215821635532884 4.440737738232445 3.6970829581267473 3.5669250447745555 4.230413429681623 3.9370833505272493 4.510305800575508 3.1978808759401463 4.736917660557488 6.394573966961134 4.23203061456607 4.2857586805246966 2.879541206509062 6.263725370781503 3.664992540200041 3.848708759807379 3.8483379711345993 3.616495503153332 5.7034567612354925 3.5583793875937895 3.341439062854111 3.008541871575468 3.8026273075920805 4.453245679385568 3.785393722858772 3.1069251590114897 3.600937951355866 4.191111681862028 3.421713153914233 3.34756987928255 3.752880237509357 3.8322835048547224 4.144702811974652 2.792430305241749 2.965939747856985 7.046288492489675 5.057544969297784 3.1984787464990516 3.7756472496767657 4.542870516497204 3.587828334993604 3.2669043165752787 2.5345905562702806 2.70011507906935 2.8219775939687812 4.087249178973369 2.9993496841378584 3.5065107714002024 3.0356311721586176 4.09511125890427 5.407721953290155 0.0
6.5404077535528735 5.97660014084892 5.625614013714682 7.598029450521485 3.9980324817286235 6.4692105285313755 6.128565386915746 5.4327052706479195 6.632196870763214 6.425649199059233 6.8060787444485 5.659512238735398 5.606433874060569 7.077743662451254 7.816772321054438 5.268269951097611 5.661334088577155 5.06159965860915 7.016786513548062 5.7086398195051 6.48195032960962 4.637208390522472 5.598578515984624 4.683376432894843 4.786901964220279 4.263483247327515 5.035514104114545 5.476142477244609 4.690810866459271 6.049277563377087 5.751555518483311 6.290911565081756 4.618744887630127 4.926383468556762 4.468573868846229 5.240578011978878 4.134400188014323 4.334524512226243 5.207460785008973 6.772226962495372 5.972399288297333 5.533055431785809 6.49685721126962 5.021578881464597 5.88880005102378 5.684003625342981 6.571857881540961 6.7695758055841875 5.681603619689706 6.371175356279725 7.34165525117302 5.901546881519434 6.745414301448241 5.239245942537825 6.03610185260596 6.148970481578867 6.478172435829304 5.098786583341254 6.7245909431024256 7.755435265193203 4.062038989905533 4.773307937194097 5.500273731673292 6.116290008003381 3.190924179061602 4.016673208990562 7.241395465385284 5.638030218114137 4.458924364106656 7.5879854775830875 4.5875899589732505 5.781845625703572 5.11040632810684 6.780328684778596 5.959200060048122 4.8898802082736506 6.34264227541918 3.8056751008477274 6.3480477014025505 4.360167307475791 5.3521849100186785 4.952483184505522 4.0044191230815755 4.320634291784481 5.265298833961786 4.648520507599611 3.7919984645933504 3.7759696800988576 3.3339798878263625 4.677433200876471 3.763353446077003 3.5917018060577797 4.208720438942588 5.147485258011378 5.219840603633937 7.247265454653136 5.1371214042928015 5.476685233992292 6.242711331492271 5.357905586986668 5.77116290499105 5.410137190306683 4.3123483200927675 5.272318347097144 5.243394208476689 4.04408899481371 4.691117750631361 4.243155116060015 5.467103418390711 4.941050664284968 7.67208571988797 5.073384144028269 0.0
6.373705831683898 5.291108672664952 5.266330069758208 7.153087684386294 4.42451981006602 6.261736302170802 5.876795528110585 5.808365510606002 5.946578433160568 5.510298287109833 6.340034983628039 5.170668205306932 5.06895571334961 6.71476508954984 7.421219394647304 5.456927662625127 5.8383301476054426 5.06962978304007 6.890442962022091 5.623556666744061 5.949455707496154 4.7443323337802275 5.100128031763371 3.9912089273541405 4.291892047692478 5.198926014860413 4.672031522481082 4.616416964145928 4.816641090688443 5.214940796420177 5.251224951389754 5.711542929893707 4.398488992480975 5.641053093447243 4.425612103265113 4.433888324382142 4.3165598773771094 3.803313205156215 4.2269825389767055 6.922929692535788 5.307728094504129 5.089154122115463 5.869740188846753 4.813657804287288 4.731009889428311 5.997478810646211 6.27546472596302 5.673478220781896 5.176155864068694 5.9799673969881875 6.1788846497524785 5.47550344037472 6.239598928223914 5.513336061521963 5.453590844621768 5.417411834199065 5.866171920690798 4.915315497477422 5.935705959649193 6.302914004972349 4.192850342908467 4.18716966571059 4.482338909261636 3.9619894221237235 3.1665671227116516 3.008150968630602 5.31290906599703 3.928226272187619 4.378245588065315 6.7560264189987596 4.044816560512421 4.701953793655719 3.9848415707085105 6.392525618717677 4.0498246909753055 3.8359855802444462 4.610818096344233 3.8747766112756907 5.5640616485144365 4.226136285751431 3.3977366663455166 3.6284878286508686 2.7878662261521643 4.717012503723505 3.6048213946025003 3.2958754426628376 2.8179701012179 3.242271840849172 2.6530853792777305 3.0931254045039935 3.0253995543430916 2.915464054857042 3.5972877185629866 3.864295215124732 3.5073270394616953 6.920221460080149 5.017603311009197 3.60181130185782 4.17662293836221 4.558323763766818 4.399150181368332 3.994945182402479 3.441926298985002 3.247744181816597 3.7583948587223133 4.097864149004674 3.375102141114863 3.4653879595921286 3.5569623742807868 3.5510999387312685 6.270952988272714 3.494093035185401 3.826790724768264 0.0
6.0968707485419324 5.125391302405401 5.271740428717313 6.8145333507231065 4.169138564443995 6.190259626208893 5.526172691499249 5.357885899088128 5.765914164611862 5.182157284232485 6.290408931030978 5.08981367197869 5.020693924305454 6.818528244519102 7.55758884313498 5.477304191810742 5.728468546795782 5.019865129196027 6.881807541717187 5.23814020888519 5.696541291015699 4.301326718310064 4.572939781835653 3.639546544970081 3.6433508616930568 4.984540948804351 4.266795396507237 4.521231708501972 4.473598502603286 4.865921020753934 5.286300498479239 5.694882726280389 4.436785772270714 5.562661936607139 4.308458655366476 3.9624745196524866 4.308553236906127 3.938895470097631 4.369419419449833 6.508522822091888 5.135747481334725 4.495306271583732 5.396749268479207 4.235064912817807 4.490062131650825 5.212647474138143 5.806451563276169 5.375305610503408 5.106369718812959 5.8811665640022355 6.5147968298937124 5.419648727709402 6.0421756696431235 5.4455515346794705 5.2088034964771435 5.376138903363246 5.580868729193934 4.847600177622598 5.829533510674625 6.67062504234469 4.753821962133597 4.507635886030555 4.38749772573339 4.132470011503146 3.841993839989384 3.75148083312941 5.3316947313029015 3.551065985775827 4.45333384328611 7.321435415443021 4.5340436411814915 4.304947907553558 3.3196651105306816 6.22465074653001 4.094215322688103 4.498503971242396 4.86079369783044 3.9421874169180002 6.336638039844202 3.800343694035332 3.667816717442078 3.544897188702213 3.042634678548591 4.411114228199452 3.8582589961235225 3.394563062937258 3.4013018784190363 3.255664573702391 2.6501571226052825 2.673201767041935 3.477580361102792 3.1486847384963705 3.7828636205891515 3.725759032589576 3.6843541773170445 7.525075268499456 5.437269654445248 3.966716862954759 4.270021741961705 4.9076877952821 4.5993364564667605 4.052264549984514 2.557423137953063 3.4157008026115765 3.2699262328090812 3.397762159934231 3.190355194595107 3.3113283200985 3.5472410353746198 3.7672370409903575 6.497374038218809 2.9244476527215015 4.036292718561908 2.6764186499578915 0.0
7.300157151363544 6.394837116814317 6.252670595887776 8.43030493748516 5.879022371254143 7.394113200232986 6.976697617654904 7.092928018462413 6.943496597854864 6.737880946320292 6.904920827987073 6.3076387019528575 6.156673906565565 7.145318561700418 7.979703110603245 6.592141796356783 7.158137146064816 6.368308121719434 7.774750496749276 7.002850189483036 6.856452270973119 5.825558181086805 6.007201636833041 5.3624639201889615 5.464195458212785 6.379125262590312 6.340865589655831 5.96101452124778 5.798469945407198 6.229861525246562 6.288093402242287 6.854623189895744 5.125705715654063 6.617504587139706 5.932878327737594 5.692147299605122 6.038964613199616 5.4239434285850585 5.277294489460737 8.026876720742411 6.4146312524461635 6.216746937346368 7.411076072302103 6.174494471897788 5.988452268181633 7.327480283529136 7.010621308970761 6.8636326070119456 6.248702011453449 6.901363896376308 6.773216505531895 6.316029473896154 7.374196838224902 6.721869608940016 6.921804426592206 6.706026609907573 7.136213158682227 6.35083019608471 7.481083919160853 7.190630140607717 5.312733577177515 5.828733037603001 5.516071202657786 4.817868213735295 3.9428422509262284 4.384634548105872 5.727841830959104 4.8852327470231565 6.148270858992303 6.940157993231632 5.72751498692073 5.453879780053632 5.64959996929258 6.948125508091829 5.5874959964861235 4.593725963253912 5.390413807267494 5.267980318421331 6.206236688721682 4.512618782837565 3.548933358114159 4.55705452034032 3.692739215318197 5.902823805531104 5.56831632670403 4.309333052823714 3.427686218429712 3.777229213484616 4.222842791767809 4.17877300824385 4.1484192974313014 4.268892731048941 4.922517243697727 4.405577779337049 4.711105755431649 7.247690049958379 6.7677005892564015 4.163954136534622 5.30036809449179 3.731967336988548 4.6126073571896535 5.097785429765131 5.336484745442935 4.52289539399616 4.634467643479859 5.06526835110498 4.498179677052243 5.052267916358038 4.728412739492884 4.95075465080456 6.665723014411023 5.131381044770462 4.911427765911278 3.8507599179875673 4.656667030654941 0.0
6.0627622361996485 4.686666924229926 5.508523562041719 7.1641742403767426 5.241550836975704 6.502316038691977 5.477023277606643 5.745551290185081 5.596332459603596 5.149267993021623 6.1007818500843145 4.889367149939528 5.050785638378998 6.952008078940544 7.478928168691046 6.064472279782786 6.339730585030035 5.8481911613931405 7.287827122296964 5.349213182871254 5.601116696504646 4.476748683571935 4.479346449147956 3.7625122196417444 4.108186179053028 6.369381807320325 4.893511483372649 4.029761597896756 5.420673534654861 4.45928335399144 5.858102995095366 5.691811600568098 4.52281132693439 6.4332433626971675 4.71701661679664 4.167774638274022 5.159870351104184 4.250245555597623 3.848331321594133 6.53069151059435 5.248574017580891 4.153072924193352 5.749348641827089 4.263059215792515 4.129438050851717 5.588735878667284 5.777401745913181 5.101507162594814 5.240627434972726 6.001663498307312 5.716829445991555 5.4448635376863175 6.49358973649109 6.07391159219309 4.989884336330105 5.38281214350929 5.638282329487779 5.48250429284606 6.112111426758643 5.305539118554255 5.200774794518051 4.624418299623198 3.92286728993452 4.0940707261752465 4.3575249067391795 4.13396947812515 4.464251518918777 2.6785081375689774 5.148208356892842 5.835396993604209 3.8038243449590605 5.088976192758507 3.363721270360328 6.656022319418199 3.8573636395375925 3.4590529499223384 3.6278663601681775 3.6539347739967827 5.249146194652129 4.291896759978565 2.9775838727779282 2.967466201458867 3.5093443727484295 4.8518312464401445 3.5924613573924953 2.9545766981391974 3.3841607639829783 3.889373345754584 3.14727488421458 2.849074989835948 3.4002566372869993 3.3014923512234304 3.866124020843228 3.0663596907248696 3.468420287581453 6.898925461565952 5.226206792926764 3.1316047917970526 4.263574240153077 4.7334705012289024 3.151849936494086 2.5371782274486088 3.1571202371432188 2.4892162851654938 2.2270324389615124 3.8999065632149983 2.3394542576855066 3.317650793237888 2.591812691881764 4.104175680442612 5.432994632475554 2.776422724117006 5.280101491795237 3.4456280216191413 3.2421527423418737 4.594702666369259 0.0
5.2692228243989385 4.868902887382563 5.036155170826166 6.729678110078537 3.9565845546197846 5.964541677916917 5.338197145350311 5.001348329427563 5.293289934067716 5.01793580036326 5.69586072934765 4.687816590433559 4.9925958834134745 6.605037137416744 7.195404105357835 5.362261750685171 5.30012375118639 4.827114968033256 6.797635438003007 4.689136982807565 4.731607067161457 3.9845390603015263 4.2482869307052775 3.7424630478849576 3.6504199517516898 4.971988250008444 4.775371613188999 4.2149863595579875 4.472515515637606 4.417532339106807 5.1293477020947424 5.326940621291973 3.8264628488915475 5.241316042904415 3.9061280699949714 3.67576113315017 4.363534080703264 3.865510730033364 3.809948614356239 5.737982002113168 4.533377107410928 4.242207159512189 5.495322891323556 3.8537390114649064 3.919107428325299 4.987562576971368 5.390468869893363 4.931095595215744 4.58519747968512 5.504680422835783 5.910633128145237 5.150454981767762 6.051571093743594 5.34360413857798 4.4468488392670835 4.6483946452954825 4.970320145345984 5.029852443813495 5.692569088872628 6.104162827930605 4.882099057607172 4.385630739101311 3.7882799758265047 4.088972046501195 3.475823774371856 3.5161816715600978 4.97011158531622 3.603395783651803 4.529902714743869 5.1189700379474425 3.615548383631143 4.328068936132542 3.101770520642194 5.3285233585038485 3.925041385466861 3.6466997564836463 4.015287533195633 3.2311858232998163 4.519580493662885 3.4140306182265743 3.2475215565999136 3.1600815845114076 3.5039957341535617 4.51443043048243 3.680484580722082 2.6287036083918975 2.9135550753870776 3.561089275354137 3.3399334130918548 3.5544176942537926 3.555447772203197 3.228689767315797 3.8493544085712883 3.1780547101133005 3.4486418325535233 5.648310844920205 4.201222510771802 3.498278210787809 4.336648633739924 4.4017940573374235 3.5672664109907246 3.1697360167193986 2.8817900724091245 3.170737076823187 2.9836383056923843 3.704101335637644 3.0609269822457157 3.2098726678928586 2.918409619867033 3.925200704917129 5.4518897975704625 2.849996200918632 4.503631295769694 3.31776838663416 3.227727780816692 4.485981710672177 2.824990009693065 0.0
7.122851959531056 5.193450283277588 6.714038888945118 7.913487539592245 6.0644371247500395 6.995477231908185 6.054841056092443 6.421690605278294 5.865121900806398 6.149568772115147 7.224790226248938 5.530833395200546 5.735758236440205 7.22952257648801 8.103903512991195 6.769618957100697 7.00021106555374 6.553978943399752 7.914207869129343 5.845403829749953 6.737188459982921 5.313475087560375 5.787080475137021 5.3019811424077945 5.661895071114406 7.590463088651196 5.501842305416928 4.751975431716216 6.494174956364591 5.484796602284418 7.19338891249734 6.770233989320278 5.340529240497304 7.17380882429214 5.640672586029548 5.644287547139339 5.660190279746803 5.09591422508983 4.722715391287085 6.667599083578326 6.240532027932746 4.258443714721499 6.546602512217543 4.152143801669604 5.383927393173318 5.530460506256272 6.206430773423907 6.044858194475995 6.002388804257979 6.752783224290759 6.697635430542615 6.67656478834924 7.133356911154323 6.667184002969214 5.797263233286847 6.744690005956681 6.420148019126202 6.182427059788716 6.993268862660434 4.728965356037634 4.689050359166571 3.6092141846934096 4.1942514723211355 5.9303354572910765 5.09895931589888 5.324472578438013 5.694956348763353 4.3896183558643225 4.702630008591877 7.5473583139666935 4.119882857284012 6.7722802837595415 4.261455628584684 8.796506369368581 6.103283066037765 3.851509937133205 4.37446603282776 3.590510957105711 6.34366606176243 5.325895481678411 5.106537896732134 4.608361675093446 5.29212217120669 3.740334771348849 5.453921827603275 4.732549865452048 4.730306805743705 5.898406275650704 4.193000514678432 4.747290791820778 3.7106377251309426 4.286078226824966 3.7624227437102866 4.606922782970472 5.165368145344057 8.424266548895256 6.32067481354079 4.569421218872396 5.8937327593353785 5.9225507264377 4.634083847407267 3.668903772069802 4.334505969776602 3.6533605516266006 4.2724222937836505 4.130484424341089 3.7260903063097013 3.740548766803857 4.237989666011177 6.218817813260168 6.766773472517352 3.831167098659157 5.4734123091391575 4.976249939365817 4.637859501389719 6.5446612372825275 4.191723596705987 4.6854383829890525 0.0
6.01083296481405 4.6967557260361605 5.208859963869651 7.079558188748522 5.036960971940924 6.334345096023011 5.337131578448668 5.733856650906436 5.4539070182334095 5.395622888846855 5.943319873855656 5.0007334005483495 5.012773661590214 6.517621534844916 7.149155377421759 6.116674958815348 6.239718231731351 5.873604549213022 7.251832204871146 5.0672854069019495 5.675161132313874 3.9208314399742643 4.577159527335806 4.1230184430923815 4.3733881430471175 6.368419946535673 4.897324278203944 4.13293631537082 5.4287312679120046 4.5059342249498995 5.933688428131671 5.783418651889005 4.31368934880672 6.445118796386689 4.793825220190615 4.400292988163074 5.19384190400096 4.377249447158683 4.016277077803199 5.907884512098571 5.170870847778465 3.5001721462292217 5.796162469942535 3.4400969485273114 4.182380327463905 5.05867737406348 5.164278429817826 5.148158362620637 5.053827495363792 6.001780578290305 5.563551011579048 5.483132662987303 6.406652511051686 5.951974779137949 5.12788791067047 5.456963001941958 5.639091342597111 5.415094819662606 6.192319149901394 5.631229072775718 5.328157855539317 4.813343049214642 4.415090247487435 4.663474998452316 4.652785270226421 4.290148693427192 4.767009799725016 3.7623590955436783 5.351708438987851 6.050472286508304 3.9376414640492357 5.546012488671985 4.046190593914929 7.039732640925291 4.575574804856781 3.66595297732914 4.234741929772173 3.3749813038685197 5.166514915695248 3.6286959241494126 3.8705688309145234 3.293100192274174 4.179973155622799 4.04479550053325 4.096202413490033 3.670786858433624 3.708746989273595 4.499784192358342 3.284807716002085 3.569343260805266 3.2831540810605104 3.635192129873203 3.85408982540043 2.8504300293465645 3.9356822633432684 6.714733484388482 5.429098136483977 3.457647918615219 4.684915523294994 3.9980560789975934 3.4075998619226855 3.179356912248641 3.3242876038081204 2.8466816181937653 2.881337415040996 3.669444390632433 2.761817298057112 3.4668471909198026 2.9731316317427345 4.355958244466366 4.674401809239001 3.033119721331786 5.068468033672806 4.133417431083983 3.926634821819863 4.806263761458445 2.747135820701061 3.3529643528735193 3.6210242567975977 0.0
5.1365194224075355 4.456307766552828 4.04612811321296 5.722087653143526 3.8067257760537636 5.400911772069037 5.004191390544499 4.9576027706157335 5.379005059927066 4.485364142507466 5.371907290352636 4.982756452909183 4.620456321714348 6.247548522811167 6.478097183964794 5.095706370742863 5.242274150064417 4.758088720730507 6.228305638118273 4.186847250113582 4.810183615576014 3.295222884666095 4.026330172532758 3.3011875905908776 3.5728904237112515 5.014435934078281 3.841813224239814 4.210072441336303 4.373186737340583 4.319747948136781 4.806769598401883 4.8651120315397565 4.232637665658713 5.480881016398211 4.066921916545703 3.443878248250338 4.14760544340729 3.788172426215497 4.103091047720873 5.241737012914328 4.061914456035309 3.83688108328391 4.4595513977035965 3.3107530533486687 3.298430162921902 4.605464029433488 4.785228646044869 4.374333308739857 4.48873570181884 5.154853004630571 5.211123266203103 4.816492622822329 5.0633759212560205 4.939720598182063 4.3861678658498064 4.302953646799995 4.706061612320186 4.176701008965787 4.7637489914847615 7.02372030943482 5.8762859306084865 5.397853491811205 5.210076537124238 3.7241248511700995 4.853999610594098 3.578266661556427 4.867753339849136 4.172238281704956 5.440244641255995 6.355639163859328 4.833735931542904 4.861086852891125 4.4219676505306404 5.774961497708895 3.2091219623294203 4.748595300368211 5.16055223485004 4.099566310278878 5.399539583586657 3.5373154180405697 4.199628590228151 3.390002647266434 4.339594687894863 5.050759307914603 3.0516496962629605 3.787768003523967 4.375462286146499 4.3543183178831315 3.435625658875937 3.902314683751716 4.304506660936271 4.210562527747299 4.9168728776320005 3.242959956814052 3.1780459740546165 6.277353508568385 5.010001948675221 3.8614762090454935 3.5058236968571985 4.32706684999152 4.283752829847339 4.521791676435598 2.5465388983895743 3.665604573234555 3.4675819117619615 4.392420623877936 3.5927914679010113 4.294816574482478 3.39035853483664 2.6886684775055203 4.566453706786269 3.1973026778910776 4.801871980614408 3.530218604166379 3.190663051521866 5.135001017062261 3.448038999743008 3.539549288417305 5.136821502110871 3.4919832788596294 0.0
6.95663234111141 8.09063973479637 5.929434644994196 7.249853710691832 4.766909885283365 7.269758173307369 7.711599632905974 6.7417128720671595 8.204064862509751 7.140150855931804 7.4965389452060345 7.804111543221469 7.423195983642198 8.417516935797805 8.513600482811388 6.550181451584983 6.195116325394393 5.742409042332816 7.509923873416495 6.656469017742199 6.864225847617992 5.979962679645196 6.867045808738283 6.417130543852545 5.9392284402720055 4.131797367223125 6.4932255074869785 7.785567532141367 5.558783858507095 7.564392217965363 5.882889898561293 6.964665286329577 6.780699984095093 6.09973297470412 6.19221002018041 5.903904987724538 6.1083958504567075 6.580022655498811 7.638859232952311 7.395593244453995 6.2968890374904145 7.355958356558721 6.807907237649953 6.633709710184341 6.6650356641229465 6.826387552583962 7.390746829308782 7.300830079644751 6.643762586801544 6.9645783609679945 8.454187914457814 7.0002723913450575 6.973747438093206 6.458426622940747 7.063033493522754 6.212428589846636 6.946480731669487 6.186422971102903 6.744499416697745 11.35028371813043 8.486111571559645 8.36071855864377 8.466416738890702 6.784792544082637 6.9818205129207 6.0686099487692 8.491626724410297 7.839541668463382 7.900059472923901 9.167707501827868 8.021653445475694 6.085126549315607 7.158705353336369 5.4807721988215095 6.539266499674949 8.453105615424525 8.926196027493889 7.392530761107453 8.335703840586389 5.686061841547901 7.572255550717769 6.946131209835971 6.768968172009006 7.416302266010925 6.427686042199424 7.083207662601029 6.983031470370539 6.099463536581985 6.476237628269004 7.046564706423159 7.570931578838026 6.915674009310798 7.766197814742275 7.049146101847758 6.761017838495654 7.774444198867098 7.017233855814001 7.755496893581422 6.632088634337303 7.046309551989214 8.23252465654975 8.45690162360857 5.808205263380142 7.796220787577695 7.33791835590972 6.835061687201857 7.360114612122452 7.130801625051726 7.285976751283699 5.321428200257182 7.924567635049944 6.89034878083368 6.002401148500069 6.239160410467712 5.806374056496433 7.376196636319179 7.49965194361419 6.406281314581447 9.001736668283677 7.720050210352201 5.501831707509872 0.0
6.427339093140255 6.642972251718824 5.347676581393904 7.321695888336201 3.772606026646247 6.896775108394544 6.3437484298195415 5.739184837776396 6.782650457561737 6.443331687426606 6.684841959745261 6.169178230765339 6.138519828916575 7.6148842444631715 8.1598949014386 6.163586677944186 5.778983778481611 5.562100397796854 7.646645633375903 5.364306913251507 6.245275575216969 3.7986646932471007 5.54164927201615 4.988826557683037 4.484655208912503 4.198852785820433 5.521784249051951 5.849275285285559 4.907359703381678 5.925874684923652 5.612232538107753 6.400924164291398 5.18230923030765 5.911968195459844 4.858243019291689 4.766169445919185 5.21923107794223 5.071786626429863 5.892088482095224 6.096957954677112 5.80175284893932 4.76985690992977 6.325706203549403 4.122657206916432 5.544345640169249 4.919861748162129 5.871571437440351 6.397286318233244 5.505653900209424 6.635866194621457 7.500420226887795 6.0992435891980685 7.01159402923531 5.9773509572560295 6.020903450234856 5.599750214070955 6.245394023812384 5.68277486220091 6.678329034766256 8.653361324314368 6.420748931329443 6.186622992870933 6.092742757743746 5.87174520867938 4.997635743720819 4.928966038943517 7.118805315948936 5.76043746296305 6.023339225344827 7.556730375814018 5.239273229477611 4.893662314332612 4.505879184413228 5.68188292717473 5.492017810094234 5.928026839424448 6.705755760857476 4.4636814469835935 6.817350553028425 2.9979363897128004 5.696014237959056 4.916784379486042 4.566789087795792 4.062653638089995 5.07434042802538 5.088357539210003 4.423700402397465 4.057601494995514 3.9670404227668046 4.595613400263598 4.785262014556889 4.298514090624359 4.967362940310811 4.453826224508207 5.114206167866439 7.0775180131104 5.027709235730264 5.781725483871872 6.034245951457567 5.109518322166784 5.952309594027374 5.609772376259893 3.463241968569153 5.182009639322696 4.896172226150665 4.005693524849236 4.81531352542573 4.2765087173550915 5.082215790114065 4.644217364121576 6.127272746645127 4.178200678995083 4.250706277700622 4.761775751958884 4.047167978079053 5.789770102130257 4.912553403944932 4.018603303990084 5.586810300445356 4.32412435606693 4.1291780802387645 5.384865707833484 0.0
6.371805336586566 5.899941724962011 5.474884388772237 6.855988996317046 5.232138465432183 6.6552972230663 5.946063179534456 6.238563325925252 5.9222347509879985 5.856356515372364 6.275864702534297 6.016856292230727 5.860606255100305 6.917579938281164 7.421347576551519 6.6938788706093355 6.394839723233116 6.258186336423554 7.530898373898883 5.021103127694713 6.0129691750335255 3.960575578130102 5.363365026428441 5.36165887215681 5.0811688596359845 6.695838512388224 5.582445740963063 5.480591409173968 5.82033492142284 5.320316753812054 6.241404606004906 6.292072021290659 5.428557671514502 7.14779997563978 5.629492015742709 4.892056130588766 6.033354593780662 5.550424850929508 5.572977609492893 5.330966106497705 5.521533606407139 3.5662618806193738 5.836932200812042 3.1897336418195317 4.90381906038395 4.511990298231282 4.72993525980851 5.407606448868932 5.344895681438342 6.3332425870178195 6.343381007411869 6.126604983625385 6.545740946673568 6.491496277852444 5.7151755854717905 5.719473939675671 5.8231184607717905 5.917857393925286 6.335531719117238 7.761517316227337 7.372757343329473 6.472324044122211 5.952906984367277 5.514791600944273 6.478499515504699 5.6983416190135525 5.798274218807077 5.529753589072434 6.865866020252883 7.674055071734162 5.997745481185601 5.7134366459768975 4.977773535193253 7.251634740804637 5.685644142692738 5.957160033940825 5.987985860955478 5.19660962088244 6.934356756085037 3.7393060902826463 5.858501298934746 4.754640697215537 6.025667628156081 4.548611083642704 5.535579253933114 5.56151614461538 5.66443361697675 6.107019434479606 5.196337144232547 5.42666102893839 5.485659358413509 5.650866441601458 5.723856685906148 4.043190915699351 5.172236897351264 7.734052191516151 6.588070241300422 5.282503152964585 5.458010198427607 4.879288532591904 5.380032137525838 5.472642349152202 4.163491973956271 4.928086270170027 4.730228988697356 5.047229370128734 4.844273116969876 5.077770240494285 4.824139380528971 5.469777630717566 4.833838459843499 3.976358472627801 6.388024929839663 6.007208084324375 5.206349785184275 6.810983470962285 4.997423548515256 4.950587271628181 4.785410587610266 3.737879504047401 4.41231368530144 7.496618084538619 4.052576794546778 0.0
6.188682308610118 6.040720263339653 4.66933338468831 6.660416041015449 5.205380507091986 6.714933517638869 6.005946950290451 6.579012470797544 6.280364813566812 5.6520145088938785 6.149328977022279 6.312612334767908 5.865482656185526 6.811785318028158 7.057724143113631 6.713357008198376 6.5129534611867905 6.369131889783608 7.518119358886037 5.138263085771664 5.895344879780839 3.843832905133054 5.290209567935054 5.051181780222653 4.850170530997627 6.383064588166956 5.513922215194219 5.840184153028057 5.71206485208314 5.340790662082697 5.812540415137378 6.1575126698883595 5.622020052098826 7.416409808764511 5.71555270416015 4.692989003107563 5.98808834229614 5.58217606780646 5.813980199848084 5.64053617287535 5.223168299313614 4.563832148588228 5.540923369570255 4.084147887327981 4.680255805736812 5.553635326996056 5.109351721256863 5.250841670900445 5.356248691144013 6.321467227702215 5.657026403786948 5.668337368259226 6.382504433949626 6.572295823698419 5.8610126414042005 5.288053483219481 5.852505368886504 5.751299684716531 5.967183010289145 8.537182342184321 8.098089754399014 7.372225362080904 6.821608156375631 4.81824190266461 6.703281661205824 5.186346071296437 5.455014506959023 5.627237663292196 7.7062009316163875 7.4458532695020585 6.448179962044503 5.396753919450736 5.6348626578162655 6.906744947463719 4.942040530204932 6.338174339676148 6.303288761389467 5.921918632210853 6.686578366704382 4.1245128824226445 5.615652910622142 4.5696844494656865 5.849580090069792 5.785120183168413 4.2653978116483 5.461375078627969 5.813816593388966 5.834916403347931 5.219666786213714 5.31026376917729 5.6909566467361525 5.683374002188291 6.222448449687283 3.709347335074662 4.7165103165435465 7.272747986641015 6.431929417992091 5.072766389168084 4.778032728287295 4.4323077864632845 5.65559417600984 5.855832391182839 4.223849585067405 5.170857932693306 4.832522242805618 5.6710478333160275 4.838491185737678 5.510984738326318 4.596039136544724 3.9292141417758915 3.8588156861742267 4.389316040426408 6.611555287009365 5.559729054282499 5.113074792673443 6.327600576997784 4.8484134411112745 5.049659821442584 6.143151995845493 4.1496858774306284 3.557580840109095 6.593098175656699 4.532283397490669 3.4572185463438263 0.0
5.7419455783144775 4.541866217350015 5.023092380491705 6.499857517650333 4.443747697597114 5.961126441941669 5.256766989066943 5.382610085299778 5.283115461542193 4.740369382486611 5.8796766429584695 4.918714696946594 4.818673571676329 6.46532696784675 7.1245721254908085 5.62089100745147 5.805944766918357 5.1644851418892825 6.762207318304603 4.790646747765513 5.218938704193351 3.948114431532947 4.208372267737465 3.602175397302904 3.70125478464524 5.7078881387867915 4.253830287955168 4.131829037044455 4.740099459327474 4.363444727533535 5.393801839971776 5.433196639095007 4.265008739081969 5.911811445685659 4.438998723222573 3.690742709265462 4.603644965377183 4.027953438839662 3.913155359592049 5.8982868321818875 4.629089375937875 3.6810733671005287 5.0691156649011075 3.445895174359165 3.705119874443531 4.834655067416179 5.127404493870846 4.654378392909762 4.8066656531286345 5.538134922782457 5.720058945057368 5.282828749613652 5.702989109432359 5.548027634071307 4.744963839644399 5.078820912894057 5.1345150613020705 4.848376769882888 5.521700049319166 6.069193952686708 5.217432888569308 4.533798151724103 4.1597417745104694 3.6200901276080515 4.379208711881737 3.8596755544635415 4.366407230925695 3.0896409749376046 4.895894894491794 6.695481786557925 4.511736698298235 4.574198361982186 3.362651303208712 6.37831153261034 3.7981124849767354 4.071745283689317 4.185505276450144 3.7535436115934497 5.782067272817166 3.482612279300594 3.32773387322582 3.0397485990813764 3.735584474242594 4.36312077258731 3.6741772796454697 3.2619312857542346 3.684229886053687 4.013042327403698 3.040520591021391 3.0019300476266055 3.5886359128298633 3.5762727714806894 3.9911839697249816 2.938597674706223 3.235108689315701 7.129153271879483 5.586954299234837 3.2599237167091037 3.606947103384109 4.316072011347411 3.727202448439405 3.5603292955944243 2.3988716519806963 2.723883485287824 2.629975645653053 3.4841727903908875 2.728934610706641 3.4040430423641705 2.7293099818911988 3.7249032291846684 5.309308017205467 2.2801290126949207 4.820339302365147 3.2548449810149434 2.459719830300922 4.756768209736366 2.6438707506571455 2.993564275639684 4.09241883918039 2.9913411242593204 2.6764767896016335 6.331479610738375 4.163717866476177 4.168125528517748 4.189503513913338 0.0
5.553476061812842 4.90539645233387 4.609070685338149 6.039507735274233 4.214269466552133 5.613232884407357 5.185902583825616 5.476913359199885 5.074163341164015 4.54558317070497 5.766840692285934 4.980243989646548 4.77288448448368 6.0693858782741374 6.7473601697702446 5.541540920058706 5.3764532888510495 4.742318506591475 6.443637453108175 4.820442900466872 5.080536211507531 4.20386368562025 4.470151152450314 3.9679199199454507 3.9046193993250946 5.46058434434378 4.141415572331769 4.408059314269737 4.6473373634636745 4.4273043107689745 4.941892628402855 5.21639283987856 4.28457897235281 5.823193130211273 4.424990452908428 3.604444000095967 4.511745348090471 4.092837650699291 4.274504107095338 5.828701546172235 4.2191259278083075 4.05258032206046 4.831226978003496 3.6094821319612644 3.5769994579537667 4.950164416198395 5.092191299145755 4.355370986604372 4.382979199343605 5.202174798193501 5.51636908737484 5.17091728644055 5.368981446346468 5.35444288156159 4.641891761431255 4.664681657567362 4.803206559157334 4.635960098438325 5.011081531496403 6.773232719127816 5.656290224519477 4.723930759041899 4.693906672322646 3.6983334402729917 4.894825911879612 3.651670415833763 4.386302578601869 3.9199763702016726 5.068708308813514 7.046585117667111 4.73582922565466 4.533883195945288 3.672252725241052 6.384135193129659 4.020238802136504 4.803936175262805 4.584104577436187 4.471458471557536 5.725626488713401 3.8950831181096817 4.136049513974357 3.476003773688038 4.250683283716331 4.373762606826574 3.4389768330741344 3.836675778143716 4.173305553558726 4.665209899955681 3.5686408405727614 3.667771000171509 3.969050640850432 3.8864899972347993 4.06137952104577 3.6469196519894735 3.8952350015243646 6.976628851099511 5.780265192716338 3.7750659955396006 3.3903692926123705 4.576014650446238 4.613686763819335 4.241615014578352 2.839434178922099 3.377409408567152 3.4711689034524476 3.883356483912942 3.334045693627065 3.464561933184699 2.9078068404568396 3.5212786796415885 5.2011563375807475 2.9151057378649172 5.15314018636669 3.425221333804315 2.8579946749224447 5.432908957094223 3.504938063294736 3.4426119835900653 4.595541083054159 3.8408144265399042 2.8870718828168216 5.853962602298195 4.4437994110916526 4.500361021753284 4.22069637424564 2.4389465931206367 0.0
7.212486587066255 7.223332660536831 5.729610362172447 7.882956135545367 4.405160691890176 7.209237380058912 6.901985455172174 6.47720031115116 7.259802565615776 6.876740615265576 7.1904189554929365 6.4298392348437075 6.3353859209968455 7.807094709944019 8.50257058941954 6.407707005513269 6.1093428784240675 5.5543280131803145 7.750486121423948 6.630755751954833 7.060186770641669 5.211522674332856 6.266781654619348 5.381289230589191 5.08486996283741 4.253137638035452 5.788663563073919 6.114174345249998 5.32304777932014 6.518119535153987 5.551397223592882 6.633164861526395 5.3923223199969765 5.981436162395419 5.2465116586420395 5.264689251760086 5.509327497573296 5.152957307642276 6.117204029303212 7.675407127097863 6.326346110146193 5.83755610999381 7.062145428616746 5.473623080201184 6.0719474288270625 6.293110514651702 7.024816507908592 6.9781382838496855 5.850788641096317 6.874499070203014 7.827313068405327 6.4533626467523275 7.440251000995614 6.217270140023494 6.6845321879557575 6.080071643077877 6.91342893056766 5.919394303438263 7.030458175873874 8.720601815433334 5.7040786705328275 5.729432542161226 6.20793635838681 5.942359379740733 4.6020168363784695 4.5135671808851745 7.248343859019422 5.779863802966306 5.663925093816512 8.152509530899348 4.944642478685039 5.1462058784220615 4.700758924388607 6.099034341363004 5.705995597456875 5.911523976975865 6.75573059706002 4.936067616316961 6.937424748238579 4.090683154827657 5.5702177360932215 5.18498242836543 3.6864273827021012 4.091609958709982 5.083038648578468 5.224245404490094 3.7797509506980806 3.4217897790629723 3.3735303289259924 3.984665044827422 4.205244933004159 3.4858042994137666 4.10887081174048 5.306843060338527 5.6133291519169735 7.470378999514257 5.62428906820804 5.855915778389487 5.984476099639324 5.4272373687696716 6.312685543123209 5.699504968425828 4.181024879158929 5.070885185747344 5.141350639684233 3.8199353308111905 4.788785074502439 3.745062683738647 5.05406706619523 4.5430788923447984 6.930698350926982 4.780278787618176 3.790528195008918 3.717796276085474 3.6140001384434983 5.035721792302934 4.987230562111575 4.2424456474916035 6.06480322394782 5.067696779276489 4.5329912463585025 5.111941699787567 3.407703469014473 5.899061051362493 5.779326145678772 4.402613541772667 4.255587739658199 0.0
5.967047402974967 5.528431632189063 4.928989101483526 6.871262784447269 4.224577833538458 6.258222985028799 5.596395214652284 5.704177171226716 5.604749617581324 5.297791650730036 6.019719646524169 5.103769076162696 5.132080292944803 6.61204484044651 7.3665050417658895 5.860636159397693 5.6145506401878205 5.083220861972329 7.036200883869312 5.3360635482817225 5.550510922194747 4.259814120493541 4.750707351780513 4.113609057535881 3.8809711308416923 5.080988876518485 4.782142356193071 4.608056376817183 4.747292669292476 4.785715915102603 5.019446748349049 5.604643633283421 4.264985032337215 5.897774385325817 4.425360844507891 3.8696521731110387 4.840232228146163 4.183366709550557 4.465673255015987 6.405904970665137 4.932697514493708 4.337364479484909 5.686515881822248 4.082789014071121 4.285564857698828 5.3548382935785295 5.618433108661415 5.1663799622186355 4.697423345275228 5.802477803736372 6.119968618177327 5.34465867108816 6.314914636165723 5.723421727374729 5.1750008860179975 4.9638296169184635 5.476694653335891 5.182147850365745 5.840002431073743 6.838905860671482 5.40930624590482 4.825934336748395 4.542633183595914 4.124998687364076 4.236136195638082 3.626533489113979 4.994290603304477 3.8730357661404953 5.087509623487134 6.643474601138385 4.079418264211862 4.143712510195478 3.167443944322318 5.909517816514623 4.206848159421214 4.487346689678608 4.595724359098168 4.104482848326096 5.567178491725335 3.4212542498158536 3.7528138654717025 3.378944549854033 3.235038509856831 3.976994877377461 3.5602661762185592 3.4997871772442566 3.0817021225021866 3.543237699605519 2.9775817902564192 2.9046105475586117 3.3534445224249034 3.0048102202688374 3.4067818115530795 3.4244405966510665 4.018939462768486 6.677635275473441 5.192374309585433 3.826791226752628 4.170803679984769 4.294994407974188 4.432606981011948 3.747308826938769 2.8954935366131465 3.192514744122096 3.189693691972455 3.3555513445107388 3.0101106079755677 2.728136529610881 2.88565537726682 3.571177092099742 5.365459559335308 2.832599296697287 4.673401199644667 3.067077020482086 2.725852346332806 4.591538846366437 3.0021582145986643 2.645421734125768 4.6885657428119085 3.397197514936001 3.304255790094765 6.0268987276266515 3.7117615141449014 4.578054266356567 4.417091600666262 2.621777487094628 2.57330623749663 3.365991116622375 0.0
6.74063346389277 5.620426248587163 5.453822415281989 7.276557860949834 4.720554895382631 6.629268588571495 5.853238175808798 5.886082998759649 6.153424087596407 5.966876664540597 6.523507828142231 5.479760094547198 5.382998406362942 7.157088458559835 7.785733442447851 6.1351554444752425 6.176372571548843 5.793542244058857 7.408519186828682 5.370191374289059 6.508844013924628 3.9639699091586724 5.312336008208262 4.5483579203615925 4.649612522579731 5.845668393166095 4.906794203448445 4.723548175411401 5.456685557556237 5.364358683948011 5.921858503197611 6.084811364833249 4.9339370086555165 6.453398756047252 4.889263125297469 4.752537090936357 5.16736829942674 4.485658635690604 4.899931097344255 6.334805232133803 5.847658620181203 3.67365121608712 6.0521124726019355 3.5400096583265745 5.054981530162021 4.837581276546515 5.642637060020207 5.894529039849707 5.3921764883363075 6.386209007839518 6.6361025651382315 5.932823745995592 6.763084272739641 5.983411148288387 5.7285994544335805 5.83835816244307 6.205367336857046 5.382239009952581 6.431748465971495 6.7997905034560056 5.3815005878863555 4.897025850403011 5.078786428749437 5.372831652446064 4.826145677582634 4.619705759020784 6.07023327847499 4.580919441021855 5.303224865018346 7.643347795147125 4.22592350308524 5.542233209942845 3.983927027338298 7.167451432212635 5.128862936219027 4.621204579865337 5.462959730423756 3.642439060129245 6.571010404481424 3.630963712936885 4.996835216315741 4.121998567062258 4.151004055337116 3.1262433342024925 4.690936720927626 4.661515257642334 3.986329555229941 4.32070148005377 2.9857955187893133 3.6865123924248087 3.567498293392641 3.642863097234543 3.8459891638973325 3.9009047977258247 4.576560021136983 7.793348048799578 5.5070882624691695 4.714346304476873 5.3490950750992985 4.908623619948085 4.840099345228638 4.335227606869228 3.2274784370119747 3.748081278764903 3.9135703615901454 3.544221701669867 3.6019480698000765 3.390489738886762 4.215542273928177 4.716700349147318 5.785268445995771 3.293897401574502 4.360866757048153 4.153922610913871 3.5967277370950796 5.559036311442032 3.8587309385721906 4.0790865017168825 3.5654525450874996 2.9869669141428976 3.7078838411144432 6.990361615589423 3.3522820141825824 3.5148529090641056 4.413964682989782 3.2809715878471954 3.831799652321974 4.113415961943276 3.519940456713591 0.0
6.013190578074548 5.195917457814463 6.131876266179893 7.017259347931717 5.045606394943559 6.08753374637134 5.833891163697744 5.246529573829955 5.644953900973688 5.716897040157724 6.4484497149362685 4.8719252451065165 5.46129120976165 7.328783330506254 7.577131813780143 5.511798835019735 5.4667771440967625 5.320713226205752 6.95671211304573 4.977577638324056 5.657823980738142 5.286213398153279 5.598779400250058 4.960929745017699 5.39267626255746 6.318754362326297 5.301861465413762 4.4408619481117775 5.812173058980222 5.386240402244529 6.103629648748155 5.625693934039849 5.001089925436668 5.756393770746025 4.3213507691216595 5.146396780441334 4.517399090438867 4.184817129338304 4.371221251524226 6.001877157817788 5.582721410873089 5.071496913205202 5.926143960071272 4.7277214375767045 5.058732734331126 5.379561566250717 6.359152186428445 5.685416479669793 5.345156871440643 6.033403037570881 6.470774564115121 6.016932933445226 6.542221567830461 5.584900992420974 4.5054957525665245 5.303706788086922 5.443479876336863 5.386737084342097 5.809270616650804 5.566904462388562 4.835161350232188 3.9481317326442893 4.27903586093999 5.906602186925124 4.6400152612334225 4.6475351212892955 6.550088468616733 5.340649565509122 4.115065485566414 5.608489964117681 3.152589733563068 6.423842551679832 4.340799412653142 6.9882601302752505 5.176475824924782 4.20458368091622 4.808609858423546 3.728715068150288 4.762508789152171 5.945154763362457 5.616738062627367 4.9159812364014766 5.543214595152324 5.408725865229684 4.869829065078903 4.480337451734217 4.863018131526741 5.943709688417434 5.0060490844908445 5.858748943471891 4.908859103986306 4.890767210205848 4.939785219683823 5.469859809969233 4.983127997771451 6.309821564347901 3.6275939548868643 5.230156338837669 5.896420026782634 6.898024228456368 5.053544947772548 4.214209221465014 4.692450374454801 4.762116611825836 5.182203737810334 5.837420006760272 4.937561150206865 4.578616132752206 5.040511860754969 5.843466874931554 7.054088541211794 4.5738983242090665 5.502796047752137 4.914743610296829 5.312937902026466 7.214775802200598 4.973419280658446 4.273066735638088 4.660126779801575 5.258994837698284 5.428713110542673 8.258493630006047 6.039620229849817 6.554772378698252 7.160009944144675 5.273405788444413 5.236496478437643 6.208576504099928 5.13624372594347 5.354682092136612 0.0
6.530342221198997 5.55457800434099 6.092128560776965 7.290724923409949 4.99119736986221 6.460223232179056 5.921849163463995 5.528697468470301 5.900472777689951 5.889868544116285 6.653383984552431 5.028409041324814 5.47694156216239 7.518053339998582 7.880171096545622 5.713372206434482 5.727419740691872 5.552712477206874 7.212478093643584 5.047602921700112 6.2074935553158195 4.754031626586192 5.736530795203597 4.985732188064319 5.275350585377983 6.304535498207418 5.296907502364446 4.611555952028495 5.8486303117008225 5.535807427015697 6.168916594383492 5.8670032082232035 5.1889943377904 6.227508641837159 4.5324121273439415 5.110204235943425 4.789502464106074 4.299185352275719 4.726026303505725 6.121376597052102 5.964570116816677 4.431560529373369 6.097849930644599 4.198025608579861 5.364499679841423 4.986713215236595 6.225711523371388 5.928668029932184 5.393206152861609 6.187772807997984 6.702675888976405 6.065689232610743 6.900635180308138 5.852180957201801 5.0184290454751626 5.623704709411392 5.881353382244806 5.475158890223019 6.185783063064739 6.023649933581099 5.029490252878696 3.9455583363909303 4.39208527293664 6.004277111983317 4.668481040309634 4.790083694869759 6.643131506377231 5.05165514351067 4.583116152466928 6.7494060919290035 3.20483607918501 6.137923800189119 3.764710313049097 7.350702224770051 5.539694220741343 4.217878480444824 4.95600214200123 3.5399489268711877 5.865302429284804 5.383520268817828 5.6715469525432045 4.7140083683065575 5.15578101050955 4.181624687823775 5.044401888860385 4.750300240532494 4.565035212290839 5.470523556564189 4.436687230202162 5.3594908174741835 4.465113873204392 4.364772509579279 4.4043855349309915 5.12312371125186 5.032023695837263 7.383074837788906 4.149956301286832 5.312466814203001 6.0722052400270075 6.62549849266973 5.160559048136984 4.169563166141576 4.301199174160685 4.641594838894378 4.941064887691279 5.163572335285105 4.500335292581874 3.927568979782962 5.085347798248282 5.89074947844829 7.033616915703549 4.133623878499024 5.003117706480522 4.865949001124887 4.892363091692325 7.083388726172959 4.806653042359254 4.353561464261481 3.692933522720261 4.713460651755054 5.217459503260513 8.020080438777287 5.082432097611711 5.453546664759644 6.468756195954963 4.833997563419463 4.921464507676321 5.56272927098354 4.761075174732086 4.110186001550864 2.47547571639504 0.0
7.1419379117491 6.370974027121214 6.476021428626516 7.747967638652396 5.402362723378588 7.012592776588166 6.468427611002944 6.088351564557712 6.517441968334971 6.3737370233360195 7.117831911617778 5.490105636087476 5.950956752922911 8.128036610531819 8.488399411084602 6.246630579763712 6.102708167997663 5.88349722465946 7.650477627712263 5.918861940807472 6.858418049167465 5.399944219970927 6.274432130124943 5.411244583090409 5.604047507983722 6.385893088602632 5.760619027467744 5.069547950881201 6.265635067942638 6.051670338331223 6.305671913998484 6.215032471876456 5.695015158943323 6.622175243852853 4.994347431274938 5.414288094730655 5.450784126040082 4.758895262874279 5.342242173390786 7.09023421147511 6.52452282170242 4.988241243887661 6.700402992884472 4.955753447154342 5.869099634902004 5.628092111658906 6.91583265093421 6.451869912036007 5.792562317003219 6.6170184362012066 7.314034553534677 6.496903683904155 7.517582779176222 6.352963105227381 5.639392122972385 5.961795836446034 6.464730287225508 5.985749796738236 6.654899059648723 6.610184681139252 5.376581286872549 4.284311692175261 4.798346447992987 6.34748783849177 5.050145644295485 5.1495749661777745 7.051150658408798 5.188831210602733 4.952496036318816 7.340054817871013 3.24435524086636 6.190565478702907 3.608775788308818 7.352431059260546 5.768953887612339 4.789443573479235 5.3796345831538614 4.1572561960737096 6.443180952192877 5.726876538238708 5.9510327928995626 5.070063279221483 4.961291916668852 4.1580053468786415 5.28349953063481 5.166157094752142 4.553965533624129 5.274632366584346 4.400144474033482 5.128599219001129 4.6192957843304665 4.199296421639944 4.247235393972627 5.663172832975889 5.587491601903602 7.8607517939697145 4.5495851560084075 5.8040845814942665 6.381695751381207 7.102777930418385 5.670712460885614 4.411224967195809 4.563199710846249 4.8316558392747 5.0943959085610135 5.116004983686596 4.664854401156176 3.6791373744766016 5.271952127550446 6.084903788519942 7.432872883579514 4.416227415884219 5.266856930613738 4.855410431373124 4.816918346745877 7.217689784206568 4.87461645385225 4.5039257461018 4.211757864969433 5.106514904374465 5.500780309034097 7.9195708264849225 5.1399974697983275 5.910552860726469 6.788287376726597 4.980236845971871 4.914916345564016 5.10489742292311 4.565467490728082 4.283014276360832 3.086419534996977 1.8808799209003717 0.0
6.641472604214196 5.729278142358349 6.08114014258306 7.195582506494527 4.999609220032864 6.498013700337602 6.136012487709999 5.604699411809464 6.072170673938605 5.983589888974969 6.536295371579869 5.1944444634217115 5.590286644944051 7.726535883417535 7.926472548547951 5.7405398244573 5.738016232127461 5.612173445707126 7.202393649454517 5.013462065290255 6.260085113006158 4.68595379718113 5.84360536587938 5.087321470552457 5.3675281932981 6.34141750580041 5.453858458386174 4.668477876483662 5.920396984249735 5.66879349254488 6.073650724755681 5.766874878623963 5.383547538187107 6.320092747814974 4.617916786726282 5.118560647801373 5.018128965731362 4.372734184551628 4.8351468585328625 6.069749489391287 6.060226448665725 4.299625215466237 6.10382858561449 4.151447003984654 5.377866200287964 4.863312335324724 6.121198096998891 5.947978850674465 5.446817217367244 6.259859752981018 6.742621950033418 6.146373974219334 6.8916505511224315 5.916754941069521 5.083606549040029 5.494929986189168 5.916095319388221 5.4945101765789115 6.114678862118842 6.262158291273196 5.474475880103586 4.463996280747621 4.632096990377054 5.855304156611259 4.95364415269691 4.978976379162444 6.756854452348548 5.2384031529114035 4.968423996456962 6.686684714001222 3.6032994098867137 6.034512876239433 3.933743195323552 6.956186299407596 5.232837065659348 4.47660263256924 5.219374223653738 3.794137593460225 6.053985581648909 5.214559925055927 5.76532580472986 4.813791556670603 5.287827877327318 4.530046395670926 5.24243896980461 4.968411386597264 4.7310050761000175 5.51944534545827 4.669994217003373 5.504433767049745 4.9161158747227995 4.81361623315065 4.974394894995813 5.103716052246996 4.839042476385669 7.285765665745627 4.02114306114153 5.416039332658926 5.961312209752731 6.599644594803012 5.117306816346638 4.494293195087779 4.360729012524929 4.695168377330648 5.050616183560906 5.616082091757329 4.857076896897553 4.416454278679877 5.306682059037685 5.9055556551446715 6.723195402283147 4.060469495912548 5.3399682369644585 5.037417485058845 5.080467520248068 7.120844956947298 4.933077652412751 4.462470375326891 4.136016905727211 4.745439302603307 5.146197966135286 7.971503050578599 4.953348170209516 5.184498784106478 6.252958893850026 4.907926279782761 5.080980560019957 5.67106997838958 4.8811171025299815 4.073395772668639 2.8236819067037766 1.633326056640632 2.288902367602786 0.0
6.938653608232958 5.578300406199556 6.214431510432338 7.470600017904867 5.573468988852719 6.372610141724296 5.903994968491888 6.20229788460212 5.836604348089854 6.036171642906866 6.985801045329382 5.299622013531302 5.366411823916457 6.737330087209743 7.584662863996012 6.101317196993265 6.269828917057627 5.658310049138926 7.177358591929872 6.354285427497454 6.748273821397161 5.807731595785359 6.004987120646811 5.2364387587738 5.681474473070315 6.689022966213018 5.139900997556922 4.706834017540278 6.023401267426823 5.554710726554017 6.355119823635387 6.267275235564795 4.89527246974242 6.168296111132806 5.236532519767899 5.562773097390036 5.124852879008889 4.6027182257430095 4.788947544306521 7.300866170910313 5.934359370783122 5.224089148187706 6.641455597279988 5.035625601166257 5.409772445852673 6.060733324091974 6.637935790369589 6.141091256508445 5.517925111815553 6.233713960073036 6.616984264515034 6.363888988900683 6.718308757612299 5.840530846011249 5.813495277908063 6.2675801265795155 6.222858817708799 5.6215334539378805 6.555534627995558 5.5104719680461 3.462149176595884 2.787948736429777 4.504502331713421 5.958000473113155 4.579303609574371 4.450391435600902 6.007979823217141 4.926916210621847 3.5956606796677475 7.605853455306341 3.5811150279338206 6.712336039367312 4.646379741980973 8.356579116236734 5.923990143901645 4.245482242404904 4.887629534429387 4.0218402166082505 5.804755292782078 5.660266594723971 5.3661344409179215 4.899784608065851 4.69551790101357 3.629545618154375 5.188297303016683 4.794756233805154 4.272446498635976 5.485404302486559 3.7153674815262323 4.536631959004269 3.2272786822282042 3.543310679960561 2.8882886726521213 5.492644798697826 5.616970754085027 7.815094384162232 6.17978381796049 4.918875888520696 5.797710937980566 6.047421158838318 5.324624083334111 4.264992757841393 4.722236653173718 3.9654850669846597 4.754210098548681 4.111340377991584 4.127398401043135 3.4080454365226944 4.343169900279454 5.781292238937531 7.174905428225445 4.762178526359759 4.711526056082063 4.030819680060004 4.4194627763484 6.060808805446302 4.679390558160329 4.842083716114199 3.61110025307399 4.683999766241941 5.260361810934984 8.385047337788695 5.994621823647861 6.4236270670222595 7.014857662341712 4.653285141649821 4.518666959611644 5.127699865101015 4.5840170280069605 4.430416081794214 4.468181144639705 4.166545546386133 4.156349674483257 4.764259377189558 0.0
7.075197133661301 5.9020433935785634 6.525772670053807 7.651052142566616 5.662229387829036 6.569198893010023 6.19022509142211 6.15164735686758 6.209598423348155 6.348360760346938 7.194752951606781 5.585950315996804 5.739750076781195 7.243987170781432 7.9243774869941985 6.180759554730567 6.326637265154758 5.772353874443535 7.288980428727705 6.3725758209639665 6.927530257353509 5.814664190204737 6.293248947809711 5.6301262281895 6.028306839815148 6.780911409089092 5.514817178222392 5.034897402221829 6.2928241523113 5.939924031738918 6.706893718828629 6.436677689234777 5.218663083669604 6.145564162335057 5.430208476564559 5.832804537451458 5.430078752282713 4.988048970664778 5.1919233499452 7.217876565566901 6.202067711856426 5.1413629377000385 6.969686075228347 4.930656517286467 5.739554836100061 5.769052295707827 6.7441825926822005 6.4784268607101385 5.766183477323356 6.291539450881526 7.0615873933205275 6.7245247649928475 6.99979603265589 5.950299397663312 5.912188023074513 6.497872348057734 6.4230039382250865 5.8788142526813045 6.8824557039720595 5.987402741127278 3.7647519925293578 2.8517337649712093 4.783057179130765 6.656135577042272 4.898357423889321 5.064323541987492 6.675108029201535 5.336123598984271 3.9067027593274246 7.741131509760609 3.7120854484891623 7.209562691758369 4.859398673974644 8.437441261608445 6.519330978365553 4.482591682040919 5.402448417530671 3.845252759490939 6.119395921533649 5.722641220849454 6.011691056367312 5.348020323357767 5.311586648295084 3.2174714951848755 5.937142209173439 5.357408533766866 4.7107121773443374 5.800998867392401 4.112130966163479 5.205184088303074 3.8548128671613227 3.9588944324698785 3.417184855968234 5.9392401917183815 6.104224909925016 7.97100693316995 6.210792087427281 5.622110156418635 6.4799807886837355 6.525201530938901 5.576891193338386 4.697918729343554 4.979430130183647 4.610669313840283 5.160468017603115 4.121546348284614 4.580448865871834 3.7290977014912836 5.008552948425976 6.467417682503147 7.489081862574123 5.157526146900708 4.634848360203577 4.843291965108851 4.945090112815889 6.6337027529677135 5.202099906870672 5.137384651933428 3.5174511626980585 4.926629882376255 5.655421217767133 8.421448956512068 5.823307754712537 6.263321108849735 7.309738853524455 5.065820465710021 5.074460876670323 5.3368575571385755 5.1058918478135285 4.360761974598717 4.491223372807229 3.7663957166918203 3.823883696879149 4.392771339806444 2.0641023965594556 0.0
8.041568202353648 6.911700429119191 6.979419713670546 8.565854075375691 5.809530340437172 7.605334954511355 7.0483640990040985 6.7529555938716 7.3226715193820215 7.501069167745175 7.87470639824559 6.419103150751738 6.5518866459834575 8.311787890005057 8.951386537436864 6.918463182375844 6.954415909335652 6.669965740923983 8.326915316152627 6.685895601036287 7.956532335330658 5.632440625055401 6.992044125808331 6.145141278639121 6.399893470426464 6.706316516547517 6.20400903190325 5.828171143473114 6.768950434019673 6.894885770802082 7.200800911752814 7.2513163159569345 6.077476701818783 6.999882839764681 5.851915218341504 6.494851515107659 5.9819969757545906 5.4822687198409765 6.106844886046548 7.546266701399484 7.359415276027791 5.279993583359522 7.609750785382043 5.1100503083724576 6.799471888678846 5.93233231868189 7.22789516565803 7.5576615681116825 6.628039666460756 7.544960341089379 8.12598826073079 7.31467462904378 8.102685424019398 6.759487157005334 6.905279517345256 7.201819993580531 7.521200693141811 6.504421838388001 7.751682922776663 7.137240050856663 4.949041926029449 4.690195171230129 5.860724051817805 7.401167042717386 5.2874509704285275 5.790261701369378 7.99379561485187 6.2868716263809485 5.147114751653212 8.552590356573878 4.167131365678993 7.329033385037897 5.233830891554007 8.547578994618858 6.9619998143567 5.27365020611977 6.656449913940612 4.039533427773774 7.278931077771142 5.521414755987753 6.758068947725878 5.934121093093386 5.412269530863187 3.234995453477306 6.380222706338625 6.123474835787226 4.964245876526101 5.643309640557515 4.233299307588322 5.464973367059579 4.350220662980565 4.471753628641864 4.252209315029147 6.0450391014612945 6.389071108537706 8.638133597325062 5.803064683559096 6.451331919500476 7.3788462825574195 6.790539178747038 6.345431736439248 5.461735926283583 5.119573918680168 5.310627619573099 5.853826077309416 4.675722492121881 5.274240986827894 4.287706637529721 6.034640107735587 6.697974521027889 7.732211015101317 5.255501750138254 4.448900910439411 5.390084995312177 5.342408667233145 7.026394975312247 5.725339925305726 5.5866208029022495 3.8688664345015504 4.886026819670658 5.888791169248674 8.476464907015673 4.825791296301804 5.589231996868623 6.943847458656758 5.507419186655643 5.818226577059385 5.084233177198688 5.41244147599251 3.4381197266679955 5.025526452169528 3.5546454352152086 3.723780516618364 3.764486409870757 3.999906159889065 3.2951126286926957 0.0
8.098377086573368 7.689654758489468 7.014686597270489 8.61663868829464 5.507480200835701 7.8494491218355 7.474945433380941 6.957873860258759 7.764534388226083 7.82449804983998 8.0823161707561 7.0584761795124775 7.096526178801298 8.563696063524535 9.214874310052748 7.136552838709617 6.935938864832227 6.635919450785829 8.516647632677953 6.952108539008208 8.006192610651391 5.654906807392906 7.303815857295479 6.62587846537137 6.530922275890941 6.1096068761378 6.679738271178688 6.653085154458512 6.643752414704458 7.2995581652151005 7.16271330626322 7.577008020580729 6.337894345665177 6.862550657426799 6.202855616537894 6.607770569396055 6.376550333311115 6.103765533303002 6.884987786950373 7.579519990405049 7.373875637175652 5.715649964549948 7.961225714942565 5.274519340133044 7.092508738002598 5.932665324431719 7.275718899684524 7.871805615607627 6.713214367105249 7.658042112934315 8.675050726350971 7.633775507093306 8.249667763423702 6.899494271161764 7.322522035087827 7.250824917929747 7.6459589784991495 6.827882497961273 8.056920676176984 8.498365757795542 5.775268239172454 5.4935025062583644 6.581541721530388 7.656012913373226 5.669045528040791 6.147789553819585 8.433809100225664 6.882429371852306 5.7974886403358905 8.954342790816499 5.244670706918222 7.119669786995569 5.598777651906189 8.034682810130489 7.366730729928649 6.219601860894386 7.450710667548792 4.728894193780178 7.772659556325302 4.998355365424921 7.201628205279795 6.428253578143273 5.744742934146012 3.0721313482536585 6.923904463233993 6.611749812129238 5.295629670112048 5.6275852845649865 4.705042752661987 5.837707648978401 5.053490114712819 4.838480405221384 4.8360062817902465 6.334533249034073 6.8197199608645604 8.610263209814084 6.272831129628761 7.063011690371325 7.709276705888152 6.680069390645581 7.003604976073383 6.381637737805394 5.269999617949868 5.973082450503612 6.31221082327684 4.542852800393077 5.89742725467756 4.7364030933670955 6.413908717941221 6.894300009566128 7.7383578048635675 5.684555281225774 4.485810457322227 5.8253594722348545 5.517184785134565 7.050495302357939 6.325679538644498 5.769766349152297 4.979438847470679 5.401111778092252 6.083270704060725 7.663797062160635 4.032699180289433 5.361440675511423 6.814035350332061 5.766396622341477 5.969587196828946 4.528981275861407 5.466809835866648 3.7457132314265067 6.108299007306479 4.614698770259681 4.610069434216852 4.6675348181280105 4.925873947152311 4.081387168927057 2.4864326275600246 0.0
6.998824907203971 5.891458421933396 6.531069092790671 7.653780869718582 5.529662105400585 6.642653298028656 5.949554005279525 5.9886757921859255 5.913742360085433 6.306006874560929 7.0256010738869135 5.376072743663493 5.63938538182077 7.108313027131869 7.949098119967829 6.240053089678693 6.277197839502013 5.87338376963009 7.418317711206856 6.090282240772306 6.815398959711 5.392835165891625 6.021184580938216 5.543586749191328 5.684809224336072 6.750883121852049 5.513562596728593 4.956256220298408 6.053713720991787 5.666796770399045 6.659279359900051 6.5118522106872945 5.07209470266873 6.2795773550425364 5.32695311573005 5.639847408441233 5.487340602481708 4.999570143940468 5.173248304583565 6.829960041166209 6.276255248658919 4.566814902745896 6.839929988027528 4.4556890628228265 5.798821208432623 5.195303680787596 6.244752971647682 6.386135957676679 5.613325622222914 6.389573367551083 7.189489167449952 6.563990833873774 7.099915121481679 6.037563983743879 5.91236454691396 6.505940056414084 6.351606912074057 5.964025263117381 7.001284124235025 6.059714416631723 4.237072840348207 3.39686023598483 4.438314187262786 6.624529532332415 4.949246233368445 5.32946936930949 6.610163138223073 5.210148148277085 4.134499645476598 7.9140087411993525 3.995242286141977 6.675637117501954 4.3167015491076555 8.32233354954461 6.6220067571938985 4.669561680892599 5.293302145775678 3.9027580648095204 6.569070890056878 5.1923633724776375 5.93029782624793 5.149255851931662 5.201585385787772 2.6254246084186015 6.171288474458487 5.253284056921404 4.615673850568155 5.68827508124232 4.234019577954785 5.025871338892267 3.908918562880942 4.080105078596681 3.439287494660312 5.536486046612411 6.069976318897851 8.264169041914386 6.326499405817523 5.564651470652962 6.6059850688041655 6.258700913913681 5.500578681816698 4.5258409165201945 4.776387271037003 4.638660913740406 4.92480936531498 3.933866089283534 4.484566055657011 3.6017382606998662 5.080009229051513 6.659759136893844 7.495147482235419 4.752580496781714 4.8224790758377285 5.225404104623919 4.927688965673328 6.704967766504757 5.136962716673636 5.007326314224181 2.9863090307030378 4.545360471480655 5.790805583592401 8.663304002132566 5.243544751489962 5.363646917356973 6.944377430289141 4.924643859141357 5.14575617040821 5.410514902468182 4.968202955754622 3.8276611621824315 4.7608408032228215 3.572604103751691 3.7723477658160727 4.083786872500275 2.9607299209959526 2.1678082598604336 2.8826137591099124 3.45590354561034 0.0
6.488771223205896 6.039965753694752 5.816587429188041 7.056323159554523 4.005891864571727 6.27425870636674 5.925672349077393 5.194906431003744 6.1956727368761815 6.06404023036027 6.658802044799645 5.34984421855018 5.509355375197253 7.34655097160214 7.939461117772109 5.409141198036983 5.367952981100049 4.919009267456169 6.98524017671553 5.566059901902694 6.303594450871538 4.6435704902135955 5.599514894220145 4.783140037403556 4.753238992194776 4.741695270747059 4.96306094878057 4.941275841242481 4.914117493463141 5.614547803870089 5.604199682020616 5.960770388689665 4.77774893233059 5.0621226642930734 4.401181441776541 4.876416883085766 4.5624697113511825 4.294611536490718 5.161993234003217 6.522394255645827 5.797239643603468 4.721776913755539 6.293698606393288 4.322246911319808 5.466890766228303 4.741441495168682 6.127905965189387 6.273453102361436 5.256191534777113 6.13790194230018 7.433704002024254 6.10876297594353 6.602923958300796 5.227114034495647 5.566304891956755 5.639267309819393 5.929561428540489 5.203017403137871 6.382955280306225 7.1378673831130035 4.209000766725685 3.9694346464990495 4.74853116242151 5.95363559478664 4.099176094254033 4.578319687284304 6.983989300125315 5.2044962456169035 3.7237541036365776 7.580355987762095 4.009467796091354 5.481183235394808 3.8633652050897114 6.439409166348177 5.445967024935419 5.013278644647388 5.907928171355683 3.61407048189983 6.504526574542366 4.18936565240249 5.563685177231145 4.9126108144302005 4.165580920445165 3.196126679707083 5.42766600793314 4.745017273281886 3.9495146560834056 4.218267352547062 3.4300185977261872 4.338857943758233 4.02820737821202 3.5945431234616305 3.835538591875255 5.21696003269703 5.21081461825581 7.449236968562547 4.982300463521413 5.587131952692186 6.072261824177024 6.002875738481836 5.628578406790348 4.919207138420781 3.7072976946794043 4.594177243751087 4.747296438654332 3.7791272121562596 4.617574479308426 3.615149880200007 5.0225805624686135 5.50092309445426 7.267118235926019 4.254546246606678 3.5883856561419862 4.115994296584854 3.750075896646348 5.994953027610837 4.8636220327852415 4.188367147354454 4.4196087991827335 4.715284305783151 4.790774423444956 6.698277117628945 3.7960768549795745 5.438492770281774 6.427542876061064 4.377030227380211 4.551656429699088 3.7298211062228264 4.146585214871928 3.5419263699525683 4.5425613142462895 3.663815345652906 3.5716336391237404 3.8154991001582785 3.613943494838522 3.295047663852604 3.2335313805043127 3.0104787026195505 3.022196756654631 0.0
6.641677656773027 5.913679581258112 6.057756533377152 7.450124467011793 4.500256075382744 6.5578667335144925 5.797098259341597 5.329005157637706 6.259552014290143 6.231720978500041 7.005470223984628 5.32227036865643 5.563543784539515 7.422577571352506 8.111606071105303 5.719993779036793 5.750060863465843 5.4268877095861425 7.352181711464271 5.634242616848208 6.593598488681873 4.75599108927641 5.65762483014311 4.80934276764303 4.90560523107466 5.264791380040206 4.965328859111549 4.97803437584197 5.29759760250684 5.6604416017032575 6.132191314833426 6.310898149679473 4.954599318545873 5.577613188694984 4.5446023083794165 5.20214965194083 4.565204077193236 4.426553796068162 5.235910328363916 6.628315916625718 6.1179242071459745 4.873292611140187 6.396253905660694 4.497541913096273 5.751601604308407 5.030423104749897 6.428253122761445 6.495212421620883 5.578928636985926 6.463108299225081 7.497471842636308 6.169581769323775 6.988026969896312 5.541413943321397 5.69120069106489 6.085288102035717 6.240593671728786 5.445041252638603 6.694625481791577 6.91430302237984 4.183346348069724 3.961914182318479 4.851843925105225 6.518301187020654 4.26624434573409 4.792501349693169 7.182936681670083 5.259293459916497 3.852417799303711 7.788945078990666 3.6688084091347792 6.068194202078004 4.012793460324693 7.408262808426035 6.001064784702193 4.928291961168869 5.888826387146727 3.4873434076587824 6.5627771105687955 4.913116020220846 5.839621534549759 5.005712197916733 4.427857385735446 3.1860704327790623 5.278790700087634 4.83128211233006 4.244207183979876 4.609788881641165 3.449070025415268 4.510236878103304 3.7454040573102656 3.4176415400801075 3.5094252724817525 5.3736792253109655 5.61916951466888 7.880236160798856 5.025046136910094 5.747919797255334 6.576749706500157 6.433946007479456 5.860901896250263 4.673721888169091 3.92157977860267 4.854659562435868 4.871654148373797 3.650346859766585 4.384964178520952 3.3671981994027824 5.145430223302073 5.708034917711089 7.726876724733182 4.540624826542967 3.550051299110231 4.431664706793159 4.027346890189221 6.500704129430607 4.888022964248575 4.490996840519585 3.8988430485399723 4.706715533306739 5.096585864287303 7.34363137100802 4.287598202352784 5.722724491725064 6.670649661609028 4.635295593219714 4.825303764613812 4.299501978062527 4.479820840732098 3.6157352201831645 4.302173525684009 3.2868686832213196 3.3062455887981144 3.8647873483389907 3.315177960801428 2.931493673002922 2.822718369364965 3.3122766940780495 2.6798564984630957 2.062268070432296 0.0
6.299163342767036 5.121458462438013 5.973841191742991 6.944840293992012 5.122538732363476 6.161966205272879 5.135539592073116 5.042379670027386 5.492728959033605 5.435000155282137 6.402776658645312 4.483171045847429 4.918571226492428 7.1526358385300695 7.614030612570833 5.529747708980088 5.689125933911054 5.472977140486058 6.9042671782033835 5.234063064933494 6.190641029506067 4.714575777096623 5.12214295788172 4.407958689844157 4.714302113621315 6.305133376064803 4.641947454951701 4.026746782699316 5.51711758625296 4.866804167941156 6.039988435293728 5.657394447207515 4.84575857463681 5.954973779512813 4.397581613732528 4.767433369972685 4.761552215768676 4.136650302285954 4.523026844939752 6.349679914365756 5.882853773348406 4.027877126503624 5.832026522446316 4.189935332721726 5.175838574211106 4.60268138106857 5.918267858918612 5.688649270975835 5.20768072320432 5.8990395663622115 6.688626110837601 5.692948256654272 6.644409516556712 5.49988101355848 4.944598957638146 5.694643697860651 5.718138247765256 5.254743799323778 6.1567149012674065 5.898327971769664 4.684878053093083 3.8423264131489088 4.004708128411127 6.155902281503564 4.912983382761092 5.013542437345485 6.3725753493581125 4.399349930171101 4.139380044448227 7.3647597947304835 3.3812282451622666 6.071245936712789 3.3645185416968078 7.609412608596236 5.574359271507675 4.562002658996379 4.916235541590573 3.7633453960827907 6.404923402155557 5.385858046262448 5.574507218767309 4.449550718602326 4.725310115879685 3.7456525430159897 5.194355244009711 4.60231936227359 4.570077569043926 5.163020905533238 3.9262286838682425 4.509286109403383 4.120536278029197 3.914788658923681 3.8340146152728036 5.193081738155866 5.422712905585847 8.050604452007248 5.28585713032556 5.318708462770438 6.1518407638284325 6.713834045364145 5.1293807049347375 3.826489783422353 4.054582204996556 4.526151482205429 4.226472204885209 4.354520158636539 3.9629004047657603 3.4603881383491264 4.887949330120048 5.959319231538 7.51297473074625 4.203045684033538 4.935396366101878 4.899966801694118 4.38042630780274 6.984987268557362 4.407675704047013 4.53950687855391 3.299603377654012 4.4611095759537065 5.178212355585264 8.26058235830546 5.18044231884356 5.510478822040714 6.60846393417303 4.507025121765911 4.789793219462774 5.471127388103281 4.6728580425329955 3.8559396890278834 3.8188031155062734 2.7420624107851626 2.8085948782247883 3.327624107096467 3.478561465708118 3.109879585549415 3.5683445845742106 4.543213535597453 2.6732294027837376 3.1829372918005814 2.4412217694379494 0.0
6.965058073007159 6.448661874204712 6.4519179065529695 7.742661421375309 4.643624553024935 6.867802432743771 6.1796177225555065 5.537980945720036 6.483390809255357 6.587765714670236 7.178213997525217 5.529633903576567 5.896368685610705 7.74320499770642 8.47605695672509 5.906940037070205 5.825821349227145 5.555605762013431 7.564883257115584 5.901504639990395 6.8433978725183815 5.0531848605614424 5.989819525902194 5.247839031072683 5.1167336439779705 5.293086926914429 5.452848979382746 5.357740520864181 5.398677037698847 6.01597313610181 6.214609123674758 6.558469129808545 5.232913348281251 5.708083778775159 4.750447612009109 5.430505170350587 4.933325252889788 4.742481354276053 5.595744050818385 6.873056942657843 6.533031303653932 5.097472675501632 6.744786479280717 4.828083604909483 6.229650109826609 5.1041827161818745 6.61594885884649 6.846961971868974 5.779438913852724 6.741822006564337 7.997298501132312 6.431743426411591 7.362361363772591 5.828843156523528 6.024007051407789 6.319215003522912 6.524176631685117 5.79988926517148 7.025022891499124 7.327344554351665 4.576425237099342 4.370635568599296 4.883338138672322 6.755663845040563 4.396869952726942 5.214526478259818 7.5765393326192045 5.6018211107787055 4.1315796879586335 8.102143122218152 4.131348536522941 5.80901237891462 3.8837114918117432 7.220099474020468 6.349278737143742 5.357338925559183 6.157050992106509 4.024211360370557 7.096704054543418 4.941403106329763 6.100022876560871 5.33606286711183 4.568406249214977 3.3792558725311226 5.941665862446342 5.1466319632522834 4.3540881714696855 4.6936666215986 4.038622980241463 4.842634379628539 4.314272779645492 3.927206879866198 3.9596549658680025 5.691160647684401 5.94395504059472 8.191938783679896 5.227948758831664 6.13769107427356 6.933866105934061 6.7036104976991275 6.189948842992621 5.051191968407354 4.353842327574962 5.3096408059825295 5.2595155136617535 4.159513390475477 4.923926136452654 3.7428362802736603 5.699452608093583 6.261426487470281 8.201671297357528 4.731675976258767 3.935548039910825 4.899645544271638 4.41194648089952 6.7452518398975245 5.373011413613339 4.692192581017294 4.372806031760041 5.197563634506151 5.7049984838618775 7.499127527466544 4.226624250656377 5.812413114409881 7.059672612739385 5.0660460024002045 5.278376803137457 4.426178591550495 4.733086071978644 3.966829333720955 4.543073385555501 3.3697279527703774 3.282590413951423 3.7807746279897807 4.09501084726606 3.623774186058645 3.0591904671744365 3.1742553148856874 2.892461080685985 2.0428744598669635 1.7656798358354056 2.8327554637765293 0.0
6.518430295097421 5.661951160626373 5.952452415831812 7.160615280533959 4.7763742084281775 6.308369653900518 5.6159365506429 5.469532941204956 5.647643182297064 6.026866653844351 6.476658421478971 5.178733546626031 5.365749220038699 6.832011197774547 7.579735519387898 5.808771485943161 5.7837555532444345 5.551912378625616 7.128544019730915 5.225852465973883 6.309197188740321 4.357581471413631 5.5205572340817195 5.139430287089493 5.091886015282679 6.121651911257347 5.188900002273874 4.825348428536669 5.410520065838052 5.335437041434754 6.165102852876514 6.162220665516652 4.776572402779705 5.9752744443208945 4.842746070802005 5.1472174280777425 5.059746669830949 4.670423510975693 5.021346883191763 5.843275066933746 5.9089627055694836 3.8290349527548297 6.247275036790379 3.5619538337344467 5.491122027254607 4.248097138490064 5.3841533861170605 6.028963822490744 5.204200065731539 6.173387087469991 6.949956503668484 6.084486759560089 6.684142942810568 5.65198869221739 5.575683815323279 5.990447442596045 5.930077894592866 5.507587151105282 6.579934693499993 6.617521649146948 4.939578795197001 4.335211808793466 4.609450679160297 6.229631605714091 4.891357062066811 5.171627001488973 6.591244967623932 5.345911459184403 4.595749981779789 7.683817057213255 4.428095606049941 5.96354160905886 4.205987103412088 7.579554400611485 6.181159724363646 4.901562451865938 5.543457380866999 3.827360491177378 6.634163599178882 4.221279904013919 5.84304772411368 4.855992373700722 5.16125025297536 2.8144315024465647 5.977663919577626 5.102691513915245 4.618082904266258 5.438736151864157 4.305721787169957 5.079972599079482 4.261665075482956 4.4532388799642675 4.187283494432188 4.868715868603216 5.521152550330005 7.886344587273291 5.817038451603925 5.432591496848374 6.332364939798119 5.652450119262716 5.3614040925900825 4.7821570520000325 4.291104165262312 4.766078264055276 4.845576576534763 4.236560309533418 4.626879610162758 4.030127127439835 5.205615771608013 6.232225237856592 6.91104319335131 4.2839342461684415 4.671101517686212 5.334529968316208 4.862710282441698 6.584035008986297 5.16072118244908 4.7877765895136255 3.3575198894766203 4.160598626668762 5.331479640174843 8.128966547386723 4.23416201380625 4.163991442503291 6.0308940450254465 4.703166074279807 5.092376726174813 5.301338694574631 4.841480020593444 3.207152061102296 4.927319406158129 3.5274549086403697 4.078786563554147 3.6324738889214854 4.224736987822277 3.615050999753763 2.882099731013149 3.0166035052160134 2.269502192347385 2.979822893106392 3.017760372060813 3.180003131144878 2.868136771723936 0.0
6.326644638944426 5.482046948174611 5.963113065997055 6.938290510870703 5.418152667178897 6.268405714119744 5.878609824254549 5.505030190909775 6.136610626401328 5.820023166149687 6.499578565776304 5.337127256215236 5.585034807801112 7.616329611901106 7.535725649133717 5.741054586964766 5.890870584486231 5.774201780405423 6.9686912510886625 5.113717319518987 6.184771937257938 4.779845497052907 5.859739677606803 5.2482943309939385 5.77580760546614 6.802228362562755 5.466501471147129 4.737364267330781 6.293440218128323 5.5791626535138255 6.464805206502102 5.680671257595023 5.4729793342116135 6.294822831184364 4.987842018197658 5.361122104253583 5.324434976886935 4.809945787403644 5.049269134501949 5.9196825157448 5.810038665401593 4.385809885963658 6.226960224633825 4.1687301625137865 5.19022231339351 4.862058648258151 6.088337494491569 5.857385767725734 5.485664427883164 5.848755987197784 6.323553177778787 6.212553120968506 6.689234326808807 5.7577065449813825 4.9373857685398495 5.549085416865696 5.787170495115515 5.54592675787992 6.15072123636423 6.422882654337078 5.664553470015211 4.4934535385959276 5.243174979003589 6.558074258458236 5.674782760395249 5.352265199933784 6.812037682262876 5.4836759495106495 5.3563498975191015 6.475762408613839 3.7907947422799264 7.229573464871387 4.971026158759329 7.649443445754667 5.825721660438879 4.646957656107094 5.563164613832022 3.833569278977062 5.643170182356167 5.7418578793258295 6.381322631164578 5.165945483008866 6.111825525914854 4.543469009017993 5.533877316874982 5.494200906101124 5.494230346317568 6.219196102539794 4.947395975560806 6.082448433932743 5.181309356461004 5.029240387520779 5.220626622268933 5.628489427975373 5.569358022041871 7.1013763068036875 4.769743439239285 5.8583192391413865 6.437742667532287 6.893707890485487 5.235903928050651 4.826347170144829 4.833636456779471 5.1662505737319835 5.239274248044807 5.5287024434019685 4.960892446858056 4.782452959901366 5.432977990242168 6.25975563934388 6.555262564996968 5.071691489842523 5.538301100581867 5.712554093964619 5.7242297761196035 7.531009809345678 5.2473269327758 5.123976351655568 4.212641359099827 4.839809510443487 5.290964593042159 8.331084992390737 5.63025845467049 5.5554365090882225 6.4903015406487805 5.354632886021451 5.534921323194435 6.29827718214828 5.6234160833098175 4.492001922581266 3.660402463116935 2.754842821939961 3.3726959824889278 2.923367894052597 4.528974361190532 3.6623797340386766 3.9650408169998834 4.794810943088003 3.873331004506955 4.27760053785561 3.995040376285013 3.275194605064225 4.495309980127603 3.9510501247400547 0.0
6.51758334715893 5.745123955912817 6.005666845519457 7.1798454917889485 5.200290830145694 6.345535875861955 5.741914129243243 5.597576459398908 5.823943950555957 6.109188847062438 6.53712364113042 5.136121455013523 5.50307359633538 7.26200388297779 7.708655278984243 6.124858051711014 5.800761584161601 5.688608818424624 7.262134794879086 5.571354794569284 6.41853618883864 4.974275313180714 5.773008691450236 5.2735561861759 5.499191015016474 6.43571223773517 5.351597202352391 4.483385872624285 6.048314925554659 5.3964259534234085 6.2338304967927085 5.932144089244662 4.989342631824741 6.165114912394543 4.8547084225437045 5.266922616688116 5.3851882974763905 4.670625064541611 4.938024548066582 6.299646830418866 5.93096027522605 4.118036952060304 6.454516533499141 4.035470512796636 5.261724262647546 4.795166363198483 5.955859753000422 5.964352915819274 5.2731049020379634 6.210597292629489 6.789712856705848 6.275054341820863 6.943123742160128 5.823045627917157 5.276392323921053 5.715565659290994 5.922920584508796 5.714646561283489 6.433441599871899 6.156423914255385 5.020142951435554 4.088456715296667 4.72030556794833 6.552766269720367 5.3584747016157666 5.215527286257654 6.692303064769114 5.407801165588885 4.525165162923277 6.896279270738442 3.081868079331472 6.70370912094661 4.2147613619733955 7.540084179183686 5.8958814143148555 4.7319753733986865 5.404007389438687 3.613380005904818 5.689863566105218 5.1283069009011015 6.119908250965997 4.990425020210492 5.3686953099697945 3.2105360529489295 5.501388363945529 5.209338510842518 4.73183388302333 5.76903898844832 4.281049351243872 5.162302936176338 4.266098292868933 4.290755900957981 3.8951845974860166 5.392613832632684 5.831627937776777 7.1507887748989605 5.113869911370436 5.615151005268902 6.37311552816187 6.399218748794205 5.268730773434221 4.273510890734427 4.451572604422667 4.471852944577789 4.7693870692869496 4.431495557499958 4.515347005431439 3.6150800914763117 4.816486731340793 6.127600974021753 6.483915400025437 4.474708813038437 5.269281006114548 5.2870438004466775 5.1243872077685815 7.090736470838375 4.771477107647129 4.56146518940724 3.3841765477116628 4.128214925995798 5.2790863757205235 8.445510693548798 4.9116545626575405 4.958215905685416 6.354488596699543 4.85753320206972 4.960261526286243 5.377657693716466 4.667807595017364 3.658099567136607 3.71003535055094 2.8199812087854386 2.99030120118075 3.078903966362511 3.5594505658655073 3.0006791028566093 2.966151721445089 3.8442217307972215 2.5906976801456794 3.356326622342932 3.0902701353485242 2.6701556830689834 3.399867337842137 2.8670949654617957 2.948816158354547 0.0
8.379532983843848 7.206996829845634 7.815372785650306 8.934393175000238 6.907925673630184 8.146950692954066 7.241019123913332 7.358157781157568 7.18364429092464 7.630146853085625 8.310963256721077 6.657025993346745 7.019383634172071 8.586685591688276 9.323416015737175 7.746908563949161 7.633575551664667 7.5061874072885555 8.93089268479086 6.958812817571009 8.168156641227158 6.305174912459707 7.359967243628559 6.89265027109335 6.964541443694322 8.172854368469038 6.914897301187667 6.270447925141798 7.580841017993404 6.988947841066399 8.029636547461198 7.831793885805131 6.768715435334335 8.145474709444331 6.648717793811564 6.948112423945336 6.902710837001587 6.377504104378101 6.594075691522378 7.61747533403493 7.79593993665488 5.4100379896865975 7.879540624014584 5.398244884776492 7.195863603692687 6.143585988835356 7.335114345988369 7.585983890656517 6.999566944477899 7.9169024986598036 8.34840422966416 7.796587678190348 8.624042117939533 7.677189149013587 7.119741388245347 7.735509671718251 7.701530933458677 7.385611371746644 8.202160057690561 6.917013582770908 6.26580147686716 5.2282271905519915 5.794882725435954 7.888719729972436 6.539929617697639 6.884931220639891 7.892196645390793 6.445284898551721 6.0467169426267615 9.04562878250497 5.084157632117751 7.689619986887611 5.16652131128916 9.57600938678507 7.8023329001294695 5.91887419128062 6.401848288496118 5.191798311363015 7.990206849049003 6.494172332313158 7.323264089227427 6.375675287588386 6.612108976815302 3.973415787149047 7.148648804734338 6.675722677559797 6.093121833814157 7.051632464526698 5.746302428974262 6.392693506851871 5.444915669736011 5.614491751288682 5.03719920622607 6.494936564468261 7.142729067724722 9.639085281718922 6.9077524971377295 6.883260551527892 7.928417354295843 7.683036722533514 6.7832589320067695 5.570105457563107 5.896909122430821 5.934650788778 6.249193126885317 5.582818966590949 5.731184269562852 4.889340480654613 6.457213372549484 7.894107688491818 8.319072790937227 5.570184152446702 6.433275315762573 6.775621482403156 6.340430411994693 8.44522611685373 6.2675948177555805 6.270042755467477 3.5277630285787107 5.516091834813221 6.993193419041385 9.92170576095041 5.981222621899209 5.5017327215883585 7.433222904270557 6.13616801923918 6.349305769099963 6.763953707181292 6.147710029474968 4.502111328705971 5.319320377660384 3.584743352574047 3.8330171003583606 3.9540581618111186 4.899080032162352 4.165127529448216 3.2311687502237576 4.143499527587566 2.9537280460474356 4.610856613070286 3.9817043368831273 3.4731544727968973 3.8275533965065 3.0297377469736135 4.323626532774596 3.2356161855008576 0.0
7.474318693150781 6.6109062439040915 6.569165296041066 7.691987702286269 5.627352923031536 7.084218957621996 6.511123503419103 6.365596077229957 6.794340772538178 6.682792674240579 7.468775802457287 6.134210221804288 6.19486424954525 7.9883417688230525 8.433114287795666 6.557092464150639 6.531234146397022 6.2779594495303455 7.76654837950465 6.143899206827987 7.364194340474383 5.269411771835461 6.6017694347002704 5.907690618321157 6.069862012349518 6.762374833052496 5.7795557932869235 5.654585247993293 6.505984283302472 6.352153896827978 6.859118859332776 6.73735167424618 6.05391328245611 6.909839011658899 5.719573688997059 5.94051902071897 5.866731575449151 5.459731112062714 6.092614656847566 6.925350811918221 6.723247522041714 4.801095613487534 6.905973845637636 4.5726826544189345 6.226673202480996 5.225430574929807 6.620904766286323 6.786792266628887 6.0816267204931185 6.789452081734351 7.618004038368432 6.934578618582464 7.435174236600505 6.4243247077632955 6.299144800089069 6.604694074343352 6.778131342274557 6.134119858671297 7.061911395680605 7.434035143692152 5.755220751938754 4.762424982359419 5.810625433390463 7.080603813183219 5.974159295728535 5.881579721859065 7.471594963732452 5.949664584007169 5.459024560756371 8.710092177221409 4.735972858489535 7.04739974651203 4.882239728660877 8.427225051594773 6.738167140944985 5.714956681079639 6.463741345308994 4.598660362080131 7.485854819643193 5.584445224202372 6.907165192239686 5.765025987545775 5.878251681865877 3.2391374791910583 6.2229211647510745 6.201396429156548 5.577315325820742 6.082993462356773 4.673688178219218 5.657470378061003 4.974843268691523 4.815823051824487 4.674831079015565 6.038878841799461 6.352298724888086 8.847728780283866 6.1965019871771405 6.504025701219659 7.002555265694654 7.050607667963165 6.4468714549219985 5.596127445442623 4.852670200813511 5.482792401421823 5.677507714565535 4.796974538688856 5.228605278614845 4.401429691985526 5.885380278232095 6.67725850987644 7.524901757778316 5.134475146160247 5.213243503019933 5.73565367125492 5.261919829318062 7.696676987521133 5.764713140088931 5.723356422151364 3.8354900465228865 5.1474692159536755 5.674700487502897 8.14284435154473 4.9482493454274765 5.128456084937585 6.529302084632446 5.281956591651775 5.32223059876781 5.436114565076184 5.400961561275764 3.6308146056570125 5.14296293498845 3.408686833229832 3.4607768647881305 3.686277766472167 4.069019229084268 3.1487141784739983 2.614636617149797 2.980328614989214 2.6735258134256585 3.241174771441055 2.924872770966127 2.964852216051844 3.210261122527196 2.8068560131424407 3.308616120935948 2.975119323224352 2.9099425325359043 0.0
6.665467651438827 6.09405270777278 5.897557495488995 6.833231457202834 5.131633388949268 6.212232809422902 5.824718442994163 5.8112946469771485 5.891554962180179 5.8396340692522 6.693974287700006 5.3783191060770275 5.4934926757526785 7.154412637156762 7.559938150893042 5.876633720005965 5.670705487937776 5.4056075950984726 6.925305965956931 5.683057684455706 6.520832951813909 5.115111431698226 6.067358287070007 5.4714927372253195 5.609593182317406 6.3722509924040125 5.240057195054875 5.018556879757897 5.928577321417527 5.601829602589073 6.02329037366724 5.894458246993315 5.342798058279714 6.222517433605225 5.0891639983712365 5.249677111942662 5.312126865613926 4.848663871531305 5.455696608407027 6.464029703490016 5.834473964473952 4.5596304352337125 6.272649173359307 4.307443768269053 5.437677655607431 4.918882883076428 6.069066878183278 5.904506021330326 5.141938502041478 5.860890282700139 6.788010620980388 6.249342343722677 6.633936499983077 5.701235226579669 5.465452459553952 5.668297634585453 5.838113307082404 5.501046467052851 6.160705866351554 7.032285459724956 5.427816986819634 4.142856490672328 5.186162057521615 6.41467592453803 5.684991902969755 5.18001266764066 6.686191058110325 5.566188946310019 4.854514467822466 7.971293180977043 4.223133837557681 6.4950540403401655 4.392206723651502 7.8224008032332835 6.133575586781725 5.407144307258554 5.746652674624364 4.587899591605867 6.591578270755819 5.452905335847914 6.481577049956213 5.273467131335612 5.619247134602484 3.2446272455723695 5.659037590629251 5.663664395030196 5.226141305519844 6.009220490041342 4.620221529989009 5.471822824288906 4.747068893216243 4.538939697690787 4.261571916026386 5.823237595925508 6.033484381828954 8.004993043266238 5.868230090302023 5.979070681703018 6.269362479494777 6.718666922462182 6.042745308246289 5.149101142502494 4.673825283036657 5.087243110474247 5.303999769415947 4.800209497097408 4.923557775720093 3.9871970777296912 5.269314006233505 6.223370229730789 7.041627400123369 4.882946821667633 5.3480876531620005 5.309282582316019 5.053933052791589 7.460929365269123 5.459880419558753 5.24223542900055 3.9657565646432817 5.1337609783089535 5.436672961330286 7.907111094076782 5.212875384482865 5.359290724417541 6.481527764488633 5.0653865520130505 4.748546181324336 5.300364640800483 4.948096210426949 4.095806927030942 4.396673858454493 3.126690666350934 3.039625541634446 3.5028922925110493 3.366456224419826 2.724369473799583 3.46977685299495 3.8045166365825382 2.6402518121844873 3.1420848469739853 3.0622684508466675 2.786252419638917 3.36437307285641 3.1855415426131475 3.1516110111125593 2.6812854655307383 3.5026846461980785 2.0628484877040156 0.0
6.805547873129708 6.516606152877494 6.362525667471115 7.253945665037412 5.389922858068157 6.642666797921384 6.509474092798861 6.047220648427142 6.486222294684984 6.340855885344725 7.05088358698485 5.9387186314332805 6.203440330474144 7.879176230825484 8.026865773402807 6.138017951935295 5.88309282915858 5.744217326285907 7.28856292576399 5.617870284406278 6.5823404585079786 5.3554724702488405 6.582656291620134 6.07714765162111 6.229571515510747 6.6467559741114774 6.019755577364914 5.662943711022788 6.45763995062004 6.275379089712697 6.554155114507146 6.21584126549184 5.9171477067933225 6.487234039705408 5.407102246903344 5.7456106899051544 5.661237956392153 5.384890272895505 5.898040648093958 6.292256013848924 6.13956280670656 5.063412749622169 6.685481817918008 4.61023257403957 5.851948413319726 5.174028373405333 6.518781333752495 6.334461200402148 5.651455336028265 6.170491933179541 7.1312171451229425 6.750042839818459 7.082694695707077 6.138280603223433 5.531552155361017 5.8694671272701315 6.112120117274478 5.985457609379151 6.483161098185736 7.471299490347693 6.120542225899048 4.706154026787302 5.713250090024046 6.960706876166638 5.989679168557564 5.676222743371569 7.3737903821955095 6.25517486184508 5.584881949990534 7.495764809118073 4.501483764646541 7.097721697216202 5.019032154742685 7.754318588887527 6.604045663394695 5.5658878843832085 6.175717208549983 4.67816290340544 6.430031127563184 5.923402582196356 7.031252254919398 5.849444037441159 6.506394434442072 4.2538357062690775 6.13778346187217 6.137918984430867 5.824306103611409 6.627103505530817 5.523917848671976 6.613123105752122 5.658017268389254 5.382081571371202 5.34122682500102 6.286247984563116 6.294072347492367 7.6303709832749975 5.307589761669483 6.559493474616705 6.849848028511405 7.303953785615293 6.310857096556494 5.6809592673777205 5.2603870515676 5.852022198648259 6.070622847817252 5.715156140629242 5.670895311728315 4.879085517853742 5.9841907753102195 6.7799434653310655 7.207381116138922 5.440442448012296 5.750996346183667 6.067057800873426 5.969673278460603 8.109423375814835 6.120665336321038 5.493138988133089 4.704550798725766 5.758672625841374 5.959367138975587 7.9702843216006105 5.528250918333264 5.733717100101261 6.9186738448208 5.808633648936691 5.555722176462709 6.03784089553245 5.69182609086716 4.891821663177057 3.9206237323045574 2.678544522949786 2.947571664491512 2.9518578581996557 4.75448342039494 3.775941493253117 4.046939525906953 4.3516425592945644 3.8031010647612375 4.083372936052147 3.9882950623514684 3.693125143581367 4.084890286668001 3.9093304456555575 2.494922816120931 3.2254087871374 3.938800127766898 2.970065233814761 2.497967287455197 0.0
6.6226267950532405 6.9345587448570996 6.301126610353192 7.151041380341888 5.0678575383845015 6.7031952755111925 6.6384574184644425 5.889183605433107 6.657842645824942 6.429065526366447 7.009397994162643 6.0174250959491165 6.402384090057278 8.13560418482795 8.170035156805321 6.029985333656515 5.4951838300893785 5.569326386437468 7.3193585306759 5.5042064210373685 6.408931156038102 5.420256443111869 6.633891514127163 6.122978115188727 6.072751685031708 6.046569031397668 6.178783727598714 5.985292302783576 6.222253647351602 6.431473059129126 6.2025274249156235 6.152295818757782 6.08854770890499 6.316040561822009 5.166248893930809 5.645771822307075 5.532838084265147 5.408869440137412 6.214693633029912 6.24125456793761 6.193479754422806 5.597603854628048 6.57345573812048 5.087734111674138 6.075434946308686 5.330120831511608 6.7195172154417255 6.448541244721017 5.6374838164779195 6.308573242092704 7.463012867718482 6.628631235704662 7.201468597816775 6.113837858600458 5.474520450091841 5.520725295415048 6.034270506514212 6.0077318980558605 6.3169544665117 8.277797356650485 6.779943553348208 5.569394539174732 6.068634557728588 7.040245696056069 6.136682397860721 5.74525910458578 7.841164277135671 6.709737823173812 5.937345445899184 7.367691188790273 4.836664165762311 6.62390264718815 4.992694517097968 6.967792332840606 6.466281983203912 6.243386864268539 6.637275608292462 5.29209789274896 6.572336784088309 6.144617495117731 7.3083652442954055 6.095658558122295 6.598198218673232 5.18012655976365 6.0368979333300485 6.22745151878513 6.045624720872604 6.617855513803881 5.999843417338666 6.9317039668809635 6.27275808444311 5.780239907640484 5.954529454063422 6.5725804123964755 6.422241024652927 7.303197515460922 4.616550593400529 6.979329330299557 7.026917875255817 7.7291461622856525 6.855314681654315 6.1152946989472206 5.417345127143192 6.45412682454225 6.479880341124142 6.385508522363253 6.196069689285073 5.303295594519629 6.42772323092221 6.676559994500472 7.583095862447834 5.680852641802876 6.065734903465085 6.256787483722341 6.173552215494257 8.487734834275964 6.494400582233569 5.487744690885278 5.820944481461348 6.438362981762275 6.215087267680073 7.511359860275915 5.5287732825310405 6.302054306988562 7.150839314189152 6.2297665010125005 5.812362891474157 6.0524842346754175 5.785922590351829 5.614015580155323 3.7153355383743105 2.969982636025184 3.0065060891715194 3.0876985407610467 5.683527558187786 5.057095002935429 5.057667159061223 5.20068997482554 5.002804122563316 4.479495070732494 4.503043657866371 4.341236825810619 4.332597167640084 4.825395947178752 3.6217846733801617 4.101670081516522 4.974595868664632 4.2222185898967535 3.5589689656690053 2.2642168519740213 0.0
6.868853922395352 6.7159270530790085 6.3885542865132425 7.205617608086358 5.597047102765268 6.808127487213895 6.6802510240705875 6.279241242391608 6.7307557425902615 6.241349898616294 7.223449102808479 6.1370640114086195 6.362995192279871 8.169010621936213 8.139673864938906 6.227755487863658 6.0227930731173895 5.8911756282969705 7.385020712486544 5.765946328306885 6.614751025750719 5.623488737181987 6.738026476887122 6.094323417748078 6.293742230980939 6.745504535509473 6.120599974111163 5.9189898188719585 6.618208217619695 6.40134247062758 6.534459142741145 6.222569533701596 6.303351243472146 6.789230580325452 5.555854271329267 5.76063273455665 5.7504691133989985 5.523220545433316 6.157259657591061 6.5976820268803715 6.178933765380708 5.625322255168763 6.600542224065426 5.164809683451421 5.904174022676064 5.718778473850938 6.9182800113759475 6.322928979069906 5.813322620858328 6.234225696583422 7.085924204325738 6.751928269156433 7.1379622024219485 6.340915792489826 5.5572721775472465 5.738735537687806 6.141348002372893 6.067968389943732 6.323588025235605 7.803858331431438 6.662182018966534 5.164609888484191 6.070994971883769 6.818767806338628 6.300718952512156 5.689902753586776 7.384520731478754 6.2674516896390005 6.036294437338772 7.555082415791454 4.827702191501634 7.044130194769801 5.13786144918884 7.713207717365074 6.360922409634676 5.905912680302044 6.281311083302651 5.26679551534063 6.581064294093613 6.474880545970154 7.111041856929154 5.963227383879996 6.622070022889389 5.160558071744968 5.770769996394321 6.2161050936044555 6.139411421357897 6.735036175308446 5.804173412169399 6.753585422297413 6.05898640499135 5.583170588811818 5.780053298265393 6.50555295980491 6.246880187442366 7.7670797707945525 5.187675080004158 6.707569656860035 6.742565737301374 7.74836649844716 6.6331940683464765 5.900927973488133 5.390763652788565 6.105022468439114 6.256015321383699 6.26622853484987 5.848776676601725 5.201388855516809 6.083945888380926 6.581796962860691 7.381939851649764 5.649705189756624 6.214592381745473 6.017373536234541 6.0083461239037685 8.39737015211246 6.198815003512854 5.6717086639951315 5.423207539752399 6.284866896524288 5.959437434617553 7.769413034985157 6.038442729188071 6.429634650456528 7.019582154892774 5.97450899698057 5.513813442182318 6.241634271248939 5.799975480276331 5.530490249259935 3.940304101594531 3.092386081465664 3.053533567250219 3.3947057632547004 5.0911371000371535 4.481028960149205 5.085746804503856 5.447727378429552 4.826303338708157 4.6614036767148255 4.5465804493271955 4.109252356186745 4.768177266568056 5.060869947949705 3.0649513508161372 4.173552105274781 5.000418905440264 3.827052690705986 3.0504075306581973 2.0331178017662963 2.1648845004023443 0.0
6.42237724542919 6.82006045996678 5.742017051393774 6.7840543677694205 4.3582977332749175 6.424586865323 6.450238662392691 5.789658205606593 6.470529903729515 6.115939247411407 6.773207128033022 5.8679640219878655 6.0906103479747165 7.769611555587871 7.923042954132009 5.766442263962477 5.154277163871433 5.074392959267692 7.117062865184991 5.501516505633062 6.149571498958331 5.192542052027943 6.322788953811884 5.608787377146239 5.4872095671777625 5.1395538434084225 5.69695661453144 5.743691269859243 5.5911063317290965 6.108083245268563 5.451240701163971 5.871937412304399 5.68716641853183 5.885092331384266 4.771956791082643 5.124783394291665 5.044967671501348 4.906794836514712 5.951403172855124 6.374111359825178 5.727306398861945 5.639222568303337 6.211235911615903 5.024551200594175 5.623034434020052 5.4546996250505515 6.572824915545999 6.132764398022584 5.232022919445545 6.159922615876415 7.240932112076596 6.271647887381425 6.770460146267164 5.7438485786627185 5.3981218819960555 4.978752823869184 5.722855526307712 5.55837706498034 5.86039102810587 8.208240963188716 6.355636430747711 5.350925140233341 5.89222825407199 6.132601279612285 5.56894192115062 4.922290446665291 7.342482364900001 6.3003485597288 5.42056869301541 7.276715990628982 4.64672053578914 5.6774396108475855 4.548944454730415 6.164347342544313 5.481755943598498 6.097248671780892 6.4117157011694275 5.173174965902211 6.291568644060942 5.537551613273172 6.620976503966163 5.637964908658842 5.668094077086963 5.016110634887551 5.109066535401745 5.617379370705687 5.339438613937679 5.760934595072554 5.265772696571985 6.024712422488438 5.683411917614741 5.088213984706796 5.403939114275366 6.034138775674771 5.702811203475684 6.884069150623672 4.255390608594367 6.39386634994928 6.1762146394399355 7.067805385193911 6.648790659316869 5.861136802093982 4.6967910536823085 5.750400588294551 5.980670617472904 5.909477940323022 5.7710194747994015 4.783615894066463 5.687020765756924 5.5982845797260765 7.0166331754203615 5.056856037904847 5.594866224545928 5.120240824180309 5.19328408302761 7.6291485357035045 5.880131414341041 4.848154402176182 5.919451788959316 6.094964935210636 5.394837468603693 6.581183787741534 4.980290014832739 6.234924452153786 6.552699533686023 5.523798707284776 4.879849804582351 4.937831678730229 4.813220635729423 5.260293884477159 3.7972685455069435 3.478429797609906 3.173086457286101 3.4823835554998106 5.085191032202486 5.020432568064964 5.1895079094449095 5.183554844527591 5.148518642848761 3.8493411573881686 4.261887947552376 4.499066826538919 4.192083179111476 5.02278393620203 4.436758023250314 4.32300126303092 5.666838215941039 4.542436078163856 3.6122999166199703 3.4267338514481804 2.4421151749212107 2.938667159636101 0.0
6.870808189864566 6.560280126341909 6.178074591759736 7.141251109392962 5.806203489463444 6.385949800470968 6.226799006639994 6.469096451700595 6.223368756242796 6.321792731098058 7.071601711152943 6.054090142076941 6.014611898750733 6.958042374488167 7.394445924582969 6.358870972183367 6.12820153697551 5.815156338800171 7.087222888088256 6.364275223562145 6.843545943371183 5.880750818147563 6.722115445068609 6.352453654122213 6.535802394986842 7.013612818362673 5.926658121740911 5.831382697487429 6.554496810167271 6.146158134169295 6.613932728579131 6.4162153675101905 5.676980594884867 6.534033665374372 5.9126851875095685 6.051046115453408 5.949491305364732 5.710609589411687 6.10520280993665 6.801444743932708 5.96203269642465 5.483765859695068 6.96188319104016 5.03178182424782 5.8807012400928995 5.766330296305389 6.481608792842612 6.334852138703449 5.484014078067992 5.968306789043122 6.776937772110813 6.755474876532076 6.8315010478227 6.032539846458979 6.038690126734936 6.199174714827562 6.192187846819954 6.0469768636673775 6.65107418707473 7.596831998219239 5.812286251479799 4.559770661473508 6.101316948956355 7.184677828307929 6.359357306831169 5.616365495255834 6.972953273350138 6.516921496760849 5.5284426608291595 8.176694489842118 5.02263450305365 7.607133520582578 5.844187444652021 8.705644360471295 7.189700217553713 5.945260626106846 6.3488133589264715 5.317017125443767 6.40784988416681 6.158677558086765 7.243773681191196 6.077241836362701 6.658908038113697 3.7430493808913607 6.376180852051534 6.459556713444744 6.035501224999364 7.041067950054871 5.498058121300894 6.54572286196895 5.26484652861799 5.224858332751901 4.770163340633596 6.6000136589387965 6.996496983326192 7.9184602952591865 6.877005497349895 6.564496413077998 6.909044520346733 6.865118864571348 6.67664015783808 6.0255398126202895 5.7977352668513165 5.919149440521547 6.208938050876571 5.2721915752876205 5.658166944893937 4.823070671514314 5.776255019712009 6.8684894571007185 7.165537384198871 6.151416615441885 5.849524050526124 6.129154152384309 6.167362209502449 7.821739749679656 6.412089581163056 6.138653500963639 4.806438557208251 5.843730485426802 6.219353196223829 8.468089238066002 6.248284740614761 6.2194627141650205 7.146577901423861 6.045247118838541 5.5762136657992905 6.111989584813603 5.908938780325469 5.228610694180151 5.425953347666672 4.565883971514383 4.682349822659901 5.071160659455733 3.6410094295089044 2.8528043693441116 4.4578995251721665 4.551795309022542 3.349240282187616 4.38943128495867 4.220071282949077 4.2596216185861495 4.7638430049941265 4.221396187588561 3.839018584770396 3.725582239922469 4.691740698742687 3.3414757358820197 2.4766590769243932 3.333773480265692 4.675753032670866 3.9461429249708004 4.859546968269308 0.0
6.823179230017466 6.071482032357063 6.417117756067562 7.495353074081131 5.755629550345075 6.592596984667856 6.261213560354107 6.258422737025958 6.206179846252489 6.18120097591603 7.125530001771339 5.630299622847168 5.8957009343949505 7.434546767682819 7.896627678487782 6.349057807761136 6.233139067946193 5.787324089273737 7.367946105407066 6.381573325898453 6.635434985170092 6.003612092439975 6.350334494357645 5.714046191706208 6.094042234212156 6.838661318421881 5.749394979583309 5.098025338024015 6.490310262554904 5.853085345120028 6.574276786236987 6.260952568778621 5.381369377583585 6.326529934834368 5.445157899134394 5.695091265579451 5.636088564093129 5.119846543256748 5.284153309187442 7.225689685602927 5.939353017133278 5.448991247221094 6.930853559847084 5.178222403486771 5.457367532028213 6.077114170369842 6.915172618326225 6.208714180661398 5.62461433867817 6.171802871305055 6.79700424184685 6.693767320715324 7.041721581116149 6.118473994358563 5.606857831641844 6.043231107669055 6.152422695358899 6.049620902115939 6.632158823555179 6.075693182210654 4.599746835709701 3.263808564068644 4.938455583599908 6.51511046226806 5.295375676642182 5.019026437756881 6.477047223382563 5.333512292735497 4.388942476753378 7.006085776717112 3.378899680332177 7.184298734753394 4.745816339521506 8.076748369384017 6.179840000327612 4.622396005439298 5.184058445576083 4.181478041131664 5.416258331193562 6.080510084303902 6.036979000670061 5.345912256508727 5.532367564124641 3.9587557850405983 5.436030510324629 5.285104105697727 4.886771352281112 6.018030703704099 4.509156372670543 5.416359510812063 4.275595801663646 4.073951202348405 3.7082546628023922 6.036614377923898 6.093314478240778 7.2988618706697235 5.721309614518448 5.650145333752232 6.297240238364823 6.830165182761561 5.59629741837252 4.524239466290886 5.036608930560558 4.594799349373981 5.1455092138406915 4.590416935365242 4.619135331003022 3.722432523804587 4.652815739614744 6.247727976664834 7.036277795439633 5.198239865838591 5.4224904934711775 4.887626221116867 5.154212641172007 6.97680491533266 5.006077936243384 4.858450098177994 4.158042286451458 5.1405435265309105 5.612519059872242 8.373016526687417 6.131822470048179 6.586232870921983 7.249211337443639 5.168953830833721 4.868995117199578 5.495179760696801 4.899268133190463 4.97495696606806 3.8680956289219357 3.6647116921823715 3.435015036066666 4.314053636492885 2.495140905994975 2.2260508801948777 4.369130671079413 5.0732237902667645 3.307958018258817 3.91841480202327 3.646711979682192 3.4129681515888133 4.318111739538195 4.597522048672673 3.550392504859367 3.0972516399792953 4.832647386052341 3.9113173246728214 2.861034672929033 3.567886437933438 4.482301758449072 3.74885494221764 4.295174065527511 2.990884199154489 0.0
7.587800486572396 7.163031170531715 6.623064807358816 7.831668484058127 5.8943930967432685 7.119304027459642 6.798792122350739 6.773782985865239 6.927254693570754 7.116746860572041 7.489364864457767 6.5154342701452395 6.524881423015327 7.766279799548027 8.268045245725146 6.896291270360984 6.587774805506608 6.372016190687526 7.810749471083728 6.676018687840153 7.563154821198776 5.756938566197912 7.069758207271801 6.632889898432782 6.682376391177703 6.959986241993899 6.35789356539658 6.136989601740843 6.8206192021186345 6.690962779068456 6.964783434804136 6.955477165782591 6.087494415221288 6.946072120416452 6.181830378990315 6.386957352411628 6.442179079540697 6.012022992819534 6.537142682609808 7.124858064419487 6.795102985644908 5.217518434269803 7.503074855682999 4.925532139250287 6.506353431369717 5.587914320276981 6.675176801678013 7.065240295714361 6.06424022738243 6.823083461554113 7.694494919508978 7.248603333840465 7.620741233432207 6.566555385763568 6.706376109515369 6.761996105247359 6.962978429956696 6.524834617563149 7.39028726374895 8.012354646222608 6.086100302882337 5.161526438522059 6.377449475511164 7.6206306213990604 6.465357881625982 6.18052696676124 7.7310556706525855 6.789388609440815 5.889766683973288 8.725759998038058 5.118739758835768 7.5875269230967115 5.736780976788579 8.612623861755695 7.437188886563447 6.218301792421748 6.954788468894282 5.147326380444313 7.265812598959272 5.65036032612165 7.489993942894127 6.314651287423108 6.495735715978881 2.9756127969395036 6.904223324337706 6.808101342550302 5.914668325013235 6.718037463875996 5.289827309674811 6.338928912186014 5.312920415603871 5.275429603527021 4.855224234783126 6.560774799660864 7.154595034738594 8.455437661344291 6.850290298256628 6.955359176116437 7.436219138507916 6.868664147370273 6.8439165931718655 6.213879732344332 5.681903315521335 5.982298869329074 6.271586556332341 5.011457069666836 5.8393842040623625 4.797386170055715 6.195671431013113 7.161553956912118 7.2677939745099245 5.950637620326137 5.631646216437849 6.373248547788955 6.138318411817177 7.800636077222822 6.45226571307897 6.171570875074502 4.552982484520579 5.4648332848083 6.290362389878812 8.506961607701369 5.288408346728972 5.317161173616969 6.8594603147937265 5.995345768415608 5.877579618503047 5.668006733044954 5.8283388904142015 4.2726768415579555 5.854707641107451 4.425662260750069 4.492496011085055 4.6374805070414675 4.331962722964171 3.2758701401864787 3.1023301983746747 2.8062252488372446 2.8414836648244064 3.8135411585636825 3.8197880511522926 4.1342772894350155 4.022052892216631 3.0690713598791066 3.9109992124346333 3.1186369546418944 3.5781312603977233 2.3391268504688103 2.5816319061727477 3.394391942132777 4.783079082029961 4.585233356570873 5.114768144590363 2.6621883190492923 4.037802640217314 0.0
6.833342541682394 6.384033803833547 6.125022416456726 7.109910746580496 5.509549507017702 6.484537006112817 5.977244958074254 6.242482062149527 5.941742585126163 6.129034511250952 6.956471633136829 5.760764367231952 5.8194828177253735 6.988210002069704 7.553482393368274 6.299003051623957 6.040938763765175 5.854246115464743 7.244456870670434 5.838717113163583 6.7018001605505075 5.261600026176591 6.372210706086888 6.010611445963579 6.013200291889626 6.862992492453502 5.687191123299668 5.600460654198909 6.235403826946731 5.8353209362690315 6.479188492224795 6.4011565641658015 5.59906460249285 6.720841371529221 5.614801207849238 5.686680944839655 5.7143136964228605 5.447107379406803 5.9230332805705865 6.329137710624903 6.019682468377088 4.813266020464585 6.558195360572839 4.397996048646507 5.8183020603435915 5.120211046216082 6.026280390665031 6.12800098640612 5.339027721592826 6.1091018512308874 6.865203128793367 6.499193901609301 6.876244219624504 6.103581744195593 5.875128582741394 6.09903069831623 6.070335250325771 5.935154698250269 6.565375524980412 7.434004155394893 6.015684047260215 4.699699223422962 5.656394813349328 6.843039997365202 6.168254685381418 5.618330624807264 6.812272266820908 6.110508042068938 5.527004774462408 8.364134666767558 4.9895099943417 6.837807107377732 5.015630270473188 8.50548860556926 6.920073610340775 5.84423180937065 6.04125449787586 5.121734877525319 6.903130881286813 5.654151644693824 6.938997327437182 5.670724094013471 6.301241091812086 3.2997584330867586 6.158507713150515 6.132822361588682 5.785633531751778 6.695544673686534 5.308305792315104 6.142333201891376 5.123304122850787 5.09539988726 4.666520002057265 6.00085001625912 6.55197606247912 8.353540910933555 6.565060189238786 6.296095228825892 6.742105173379699 6.691608858607545 6.494229478733978 5.650998135051702 5.239164342168599 5.674512748273134 5.83437071629389 5.104345007391293 5.330309722134791 4.4947554887859935 5.665051398644837 6.7292414865169645 7.168475390700191 5.39498816938707 5.800110266581525 6.047996618129061 5.747814311579348 7.861334844844916 6.074294273266997 5.806933058631013 4.09931224100966 5.410060663867142 5.999071601625311 8.422718647162686 5.515969427450826 5.194390309233118 6.526754477935148 5.589167390863579 5.255746356574505 5.95416033884535 5.507802344374288 4.474654204569262 5.147937939677356 3.7560341668091723 3.9770053832265058 4.186435540603389 4.001689835436604 3.2962694350526136 3.862952412918105 3.9609479635876834 2.7836397543591325 3.93447915114184 3.690157410043938 3.50536579092511 3.905321411456256 3.08995523886888 3.6812029565300888 3.252598337546319 3.288351937740919 2.3786325270259217 1.8595644466803303 2.8573460103704127 4.055284418889515 3.64756385362484 4.403950714387464 2.2848933899056596 3.657424103615193 2.3665850378468285 0.0
7.596114059754466 7.408161102805546 6.469139499723228 7.775351287636211 5.272809458367877 7.0980336116367155 6.9425306739682675 6.399170745188856 7.360652814531936 7.107613127369643 7.509857331541375 6.426479231739769 6.468191257965051 8.261777840789174 8.636608299578734 6.420768542783094 6.15671087191528 5.783732100965104 7.598629679305394 6.93429876207982 7.621125395287601 5.901037272233466 6.957990167868962 6.117738840226315 6.1716590238833255 5.623849380291534 6.028370020317191 6.037910318484364 6.266517875618672 6.832029360386085 6.282918175574075 6.641824231792312 6.00528896319954 6.113957179981646 5.63685031183036 6.025331711775043 5.967317205094994 5.507992591896049 6.504431873980939 7.837683342400592 6.864110612875911 5.794940612708946 7.458140642625397 5.609984645831762 6.5630975963074665 5.930862759639626 7.297248502160551 7.306174910693861 6.111279888670956 6.814329752722187 8.191500038460635 7.05669875528388 7.627382865732133 6.142955965397739 6.6925940950086 6.451814239175184 7.052525215200801 6.1563265194885615 7.205049275844198 8.467445372515826 5.48874159648141 5.059802914815502 6.318043234103793 7.34385644471759 5.7353658292474154 5.66186036763551 8.114578689274307 6.4889195019594705 5.2422984995167035 8.727570149633923 4.665379080232332 6.919099650892715 5.21829545580521 7.419653435388127 6.700063049612929 6.301958030834387 7.214816561974005 5.05025721365947 7.38471216581007 5.59594803169871 7.1207593882897005 6.181407285206443 5.3413285552730265 3.542291755187337 6.410510709307333 6.406148015992226 5.183407064363761 5.369503278298165 4.404513234103724 5.43366096430269 5.0644003943979525 4.45574855819106 4.518024891272814 6.763173345363129 6.856723102621336 8.2509659141567 6.085253938938237 7.029335456523794 7.19927955989972 7.199585452763644 6.966738621282098 6.174213025424794 5.202062541757384 5.864300771348385 6.020894438669093 4.678247294060483 5.709087794072791 4.354903676863126 6.155735216839851 6.448139969545897 7.903543508133427 5.827328538157686 4.631964842948067 5.285876407993816 5.116467368929533 7.152895162894778 6.078644940360498 5.638479945492542 5.499587616915029 5.880198718340426 5.844547122954505 7.1035563261192705 4.849282704110004 6.450348999655281 7.264329039456712 5.681239136155445 5.482317751212513 4.076265013582456 5.173389986696597 4.460875399611138 5.593750041726113 4.563120216198076 3.973062082070382 4.777505719963359 4.047115934916097 3.3928929963503673 3.5091309879546637 3.0939277819772393 3.7177509328639675 2.684239616030721 3.102465920466133 4.0297172495758735 3.3173154412898955 4.23896638034792 4.538282369056155 3.7859964596993803 5.095195040649583 3.198119729146934 3.060133466258187 4.06576027575126 4.674433638022879 4.550841006808679 4.214109999460466 3.8339444495121295 3.7843873836074797 3.256163186555604 3.974060505385749 0.0
6.760950234388741 7.856108055222075 5.8750219681027716 6.389985388387443 5.7788529158517035 6.347038435556224 6.557287623990582 6.789876055190718 6.624222419562815 6.31813058989999 6.925768028004764 6.670137594124723 6.471685515125944 7.045747844185665 7.172354440726457 6.399986931740902 5.642950109708374 5.530621548079912 6.736739865245482 6.908295520861537 6.826367692701305 6.523036911328975 7.147533774309365 6.9325687990854075 6.622437695779325 6.394598364604481 6.387223287834857 6.970483222568933 6.276147501722499 6.5738437379618535 5.730073327083094 6.317863603461042 6.377405263612441 6.570890179904322 6.2959166353855425 6.019903250095301 6.491797877458364 6.437325209207845 7.35310263211194 7.284353110280125 5.981422662276833 6.766441330007732 6.893086970547487 6.333752841087348 6.422207814183353 6.408694412691888 6.757639835507577 6.443468786055165 5.322519276391519 5.824872089166365 7.271394852692293 6.618442512038594 6.703059331482684 6.090496767189949 6.528207777062468 5.66109707072028 6.085327809579085 6.221350300294927 6.265927208960036 10.077201610549352 7.959804221510913 6.898386573998005 7.52644238175557 7.365432517072248 7.70841373582562 6.2211878157589915 7.6310193836177636 7.6951159762192844 7.100431662678374 9.223063524124912 6.994060352988576 6.8822603417380614 6.572173104290968 7.803927871013858 7.392406815560263 8.177714945321071 7.799734498573613 7.62528794394545 7.7094155364859995 6.824459045380108 8.282675670469391 6.967069207212631 7.36889712424572 5.792944885465052 6.887177618122534 7.445485987990816 7.217003885232885 7.6302132278398735 6.9455940897651685 7.420587984665085 7.134825906909317 6.61501471143151 6.550168217580343 7.679469976269641 7.928700119482051 8.245860813804654 7.803479452200739 7.8063640717552545 7.150058382934785 7.701229093367634 8.313216835639786 7.762588907443816 6.712647096801755 7.578492691552818 7.347157624138337 6.921847316950269 7.158395882582192 6.270621569811248 6.981249388155746 6.987677991112616 7.926151001467146 7.2903845886584975 7.282707213340436 7.033501350502038 6.90703349649856 8.780117887276326 7.748976647136042 7.114466278768584 7.590172348607428 7.719621653925475 6.999394232792213 7.495956634400312 6.906533078198369 7.447869753377266 7.573208130594298 7.138521024298101 6.109631122175401 6.416716931905661 6.518448518182812 7.027148555425323 7.121810304311547 6.6041661564127905 6.2882362747527205 6.8589033211092385 5.980998544268198 5.920533573542814 7.196534684073938 6.5808127967584085 6.145741824685608 5.7112432283905665 6.118575037272085 6.264754377140526 6.273403509200489 6.459890748906018 6.434702250614905 6.246991780404736 7.363852614140404 5.788092319440736 4.5529146449750435 5.433343318756319 5.45943412951688 5.128277181354671 4.774174042940203 4.277659630012818 5.411187503673856 5.416759667719428 4.624417107405022 5.0760787248943116 0.0
6.647152946020034 6.987227439348889 5.532725700266242 6.405421455480126 5.369692105129639 6.095876845799235 6.098350422861294 6.437750583324124 6.1916027837498975 5.853297908140725 6.731602454376868 6.04659372954508 5.81391385260551 6.746116917762032 7.032094929787543 5.98640318528653 5.581156966696804 5.271118060064526 6.598677491162409 6.406814760781243 6.619782388792314 5.880304873921598 6.60365417208356 6.1174241898664885 6.0532971318609485 6.230619788677901 5.6350619160202 6.10432163884575 5.94343655505621 6.020317557391733 5.576002833609383 5.972901541702102 5.783122504842847 6.352344421674508 5.7128641276292145 5.530774065309381 5.756930546889873 5.579717766918879 6.450970179775613 7.033187791976745 5.653922976430327 5.992493462834881 6.43935908181051 5.574875459337918 5.799977531702983 6.025097737762101 6.468256344500004 6.017297052079574 5.0316618082801705 5.604861697538556 6.676435649162747 6.210822894924047 6.39150069790123 5.737947944509746 6.05020358987047 5.484588925175026 5.8586219509907895 5.632892709375809 5.950666566136798 8.798835201635177 6.749061499741009 5.645479284903118 6.602019408349498 6.565894110915745 6.681855800141775 5.3019205473263025 6.855946178578017 6.626008143265218 6.110099236233461 8.730988837027832 5.875340691018522 6.529685920723233 5.729142272771909 7.876061644735906 6.604865797057862 6.928700028853684 6.783678122858496 6.473741434164073 7.068041362395904 6.221713081488377 7.270970642864664 6.054264734005028 6.350863785936798 4.785955868199972 5.903886520296431 6.518053445901393 6.203081893405778 6.735130521907119 5.728921415108033 6.339727833087209 5.864784372321652 5.4510716096419465 5.361700118981378 6.742135873265527 6.909974909967427 8.097237227670968 7.046695839478888 6.7537492157319035 6.360749873129345 6.975324168015335 7.326012555294366 6.652771613441927 5.764726711147886 6.369749599650119 6.386131712854151 5.933182593074953 6.015598511645746 5.180424611705581 5.972383634414783 6.1740274961767465 7.3458629346331765 6.266743665919462 6.261984723756468 5.832398952829087 5.836002119777887 7.846697735100675 6.650783709045555 6.289959005308538 6.262422187876371 6.640916389570916 6.035255360523004 7.348589118930844 6.289819999831103 6.771313442962846 6.891032924038078 6.088445880071668 5.151026919003417 5.635524481371731 5.629666480449041 5.877131550329231 6.1247523028743 5.483893723924157 5.198823942522798 5.825957394378653 4.509493481399827 4.560917676690118 5.945917818333549 5.677839851621989 4.990772635281256 4.722769113020635 4.968295256282052 5.107419872631692 5.34038673408878 5.507803192941677 5.354736067121215 5.217904256279903 6.298955354795947 4.599620225992729 3.3706391637355173 4.565911990598511 4.9399935654356995 4.254854966651115 4.171487007223703 3.209838077076462 4.158317372755583 4.5009999106822285 3.618878514885751 4.139731911736575 2.1048423077886276 0.0
7.257388356115157 6.289108017030458 6.261732425888392 7.373430949138386 5.325448738430917 6.740086649475463 6.466939472500727 6.3589170424316 6.5302419043296265 6.348189658715586 7.261663040601864 6.050758554619074 5.981674305725554 7.6118502734544755 8.101290429895375 6.332075786993825 6.34627381522147 5.88521458278303 7.4659042566070255 6.027075899624139 7.009642330322398 5.241534056714014 6.445124999533679 5.690038424502907 5.937783531366852 6.570225806008731 5.512883959938512 5.415584291049135 6.268674719639818 6.139742559385395 6.5428724379601055 6.463443721149785 5.732454273102509 6.605547415644824 5.572203322295776 5.662726171812372 5.566780594442511 5.155567617576058 5.695236409598033 6.82360365645351 6.188104143728856 4.7616646604968 6.653667385749272 4.345788665512754 5.679807234513115 5.318945698901381 6.444568124514749 6.374870953384109 5.7700541459875705 6.449045835896447 7.159108899908081 6.815541826100018 6.91414916066093 6.156320764497227 6.035969727807555 6.253863744355445 6.400866005250379 5.80019829070867 6.636812150247927 6.9353413303115685 5.191592521208077 4.052354834547262 5.507666506502932 6.296041026261669 5.524518321568076 5.248273919185377 6.808013190500154 5.5660763218361 4.944937088769926 8.308178209996283 4.545676285583884 6.7700441628881896 4.785820824772256 8.105568177744528 6.1095930432770595 5.191868178299249 5.9761079601022935 4.2612798839851465 6.8994316034442305 5.207730937428196 6.297816466302939 5.419969481737617 5.525552443797572 3.156855971625034 5.7112602646532915 5.759272370172291 5.142019668750025 5.824767899974414 4.248952878100332 5.276446973647407 4.521301716249202 4.46247092933739 4.307535931675357 5.623601705367796 5.6885765632735215 8.33117178733577 6.051931435882582 5.844778663571003 6.170880785832542 6.4391103200802 5.966055614745009 5.334939626127723 4.453343496255814 4.707934413326222 5.332395695169539 4.514170414077268 4.897396059400764 4.1470026656645915 5.168833345673532 6.093781676030226 6.82038443609149 4.657339907648497 4.9747295827170745 4.929437350589754 4.709280283457603 7.026593520259304 5.325828161072212 5.278543483558806 3.682308863356115 4.8306645210517605 5.037402856603925 7.671016325407267 4.928321167839203 5.081531096107918 6.178134803270579 4.692080222136752 4.571159873611821 4.992696620728088 4.856750978172863 3.4955876832309585 4.875015264383579 3.520271823516955 3.5692983360701556 3.7131818935208827 3.3130439642505674 2.7071887054051165 2.976278421427929 3.278215884536428 2.805409643211772 3.0123932518996783 3.1560446853630393 3.3846451334994905 3.6187867961381075 3.1546246157625806 3.4490442042860607 3.126812265199405 3.765413359721221 1.9345337206753874 1.9996094841219068 3.1320722167861637 4.397192284723959 3.7625956899315933 4.204170965166707 3.0272798091986024 3.3499979562123317 2.63884906141007 2.5967684508955933 3.094545008326114 5.423644064621322 4.055529582688354 0.0
6.049444348325546 5.542424215449498 5.819551284112206 6.817303730993954 4.251492458197977 5.782192837405132 5.3720496956885135 4.75787013530875 5.493728310963311 5.77623047259643 6.285335606436302 4.734780753114365 5.09615105742927 6.734258604035693 7.351397858728894 4.988593889531832 4.998893968449859 4.731449214493532 6.5260297664431395 5.1272833661503014 5.934955231850873 4.663627710543223 5.414355054424217 4.883724121007179 4.93320233243442 5.342801962576835 4.874989620322922 4.615960994448159 4.92134792054826 5.2639991727579405 5.69739502055523 5.70065774336188 4.4158707613812345 4.857480070006047 4.158407784618917 4.976604613291747 4.269044808825981 4.135960241478963 4.791663545668859 5.927443074681362 5.623331426627144 4.525902659349689 6.083865105934438 4.170917871488283 5.449167123733818 4.375892169833873 5.741220480917121 6.001577631585291 4.918272984181531 5.70891772661441 6.999971032311834 5.793597844567606 6.347239264684493 4.868143067649396 5.100751602198286 5.568778319327898 5.545979838161319 5.02758820614071 6.175498537190874 6.669811344037974 4.025517320437949 3.631850438707237 4.319928537353827 6.362546718658973 4.229247009151057 4.70879357843553 6.925013323164766 5.488198034139887 3.454762499057888 7.240301757216865 3.854769763399389 5.95433720818459 4.1626401268261635 7.05895423768754 6.048510008540227 4.8307109368407755 5.580339125801155 3.6808886019532956 6.10042754042008 4.810643792552689 5.940212932639467 5.005076397516146 4.9811653844577375 3.3980621350093 5.847747070630219 4.853922040250963 4.443917178153012 5.239588139776954 4.300772402458399 5.294135938487907 4.3065198800840445 4.2127684503638045 4.073004749413161 5.506294547882927 5.659838854552886 7.300264705454878 5.1017289578089 5.677216697049661 6.450216481597852 6.2639885967346505 5.596149148278204 4.847936766473655 4.476755815268312 5.126021420322985 5.137032539587288 4.491468504238752 4.885171882446437 4.0137473990845 5.4496450767605165 6.194025382464545 7.6436435810091385 4.805731067312995 4.04692779303162 4.994392277238548 4.831278798909681 6.669804538818297 5.43596502208499 4.670485693783113 4.150697862577326 5.051974422373363 5.592694946892243 7.7581202729995296 4.793309748206638 5.739837479820013 7.0533586361958776 5.159157461585181 5.2982466150252705 5.1211762268169405 5.045399514533922 4.2735948327546875 3.945535102012896 3.1125974993402385 3.532007233925585 3.518174226248577 3.628172935535181 2.9751966014162448 3.262389958113997 3.5462802219180816 2.435381819069835 2.3133222152550106 2.26982825458702 2.7933667170152656 2.1518803782243587 2.4944960646959915 3.6905452108592796 2.964481922582027 3.9346672448183972 3.2099987628799327 2.914277517212107 3.466961673494782 4.026350523105616 4.348449561237227 4.1388008114979495 3.8410681949000263 3.727464837813773 3.5613249656019956 3.308486316043429 3.560684455248784 5.786151428731868 4.870220132186402 3.366873445776269 0.0
6.588920525253657 6.174517615354702 6.054525098858936 7.460223015081204 4.377065855965062 6.507569169565136 6.05901176912975 5.425934466530789 6.368780551878747 6.388153027592773 6.960490117920228 5.560708727289539 5.77644121994514 7.39856490430629 8.054745492015439 5.703744085005637 5.63841208284658 5.24525845672166 7.258296210554975 5.765913583447036 6.502081314026143 4.864739703038208 5.889848285172017 5.193071440749413 5.221706120470531 5.121314660889596 5.3293991827431135 5.247551455175912 5.339759569359092 5.871031183145363 6.110237339579697 6.319466771017689 4.884252965147011 5.285901740115197 4.711262458408437 5.3273811262580155 4.793944644794826 4.679186040378282 5.391545463693724 6.58045323890474 5.9814733403221245 5.0005054919648675 6.708917715763695 4.489298724025951 5.7634691725430125 5.044048850637445 6.403981426174108 6.58291383705351 5.493377937685684 6.304737867422059 7.520476373403878 6.364559425456131 6.958259272366797 5.478008765069603 5.763712971192311 6.022368349505117 6.202291198172213 5.566522195730328 6.799196599200904 7.157210281215459 4.1103914114303475 3.822562219375343 5.004487991759083 6.610622699664139 4.201522640329914 4.7997581963639115 7.259002240562153 5.571725981268819 3.9195787503443955 7.497048900085431 3.8016690501598696 6.247011896695178 4.383945957288058 7.134880444665609 6.227671303816382 4.91113434379542 6.026286756704532 3.4174042736743044 6.240004779011045 4.616404093709826 5.960133751363928 5.223255227896667 4.710923109289007 2.853831533957268 5.69057470949175 5.036934172389284 4.202491782235884 4.739700411161266 3.7064891161253435 4.917110048614161 3.9225441557974237 3.5697273818748037 3.637716500243603 5.524873244107431 5.782476909552935 7.385388023885658 5.110065410781743 5.873086608473494 6.659597629300148 6.173335457207175 5.8265478846489165 4.981690568540954 4.2250157657997525 4.972937942128418 5.112330883599942 3.5929722396557646 4.689126573033939 3.5748054516984533 5.213864683167342 5.932446680516512 7.459888072405121 4.835445736389236 3.427699362057942 4.617698693301638 4.407344785092655 6.274762245748582 5.188042738635256 4.469140442465168 4.219880144839429 4.80337800829961 5.2588173379192185 7.161716561623983 4.159614108601008 5.687584646194114 6.779200262660006 4.865231215703874 5.017032005823815 4.161710235744991 4.602260376671943 3.8136840375960124 4.494466387456757 3.5484730980718533 3.617073141548221 4.00034047587064 3.440422186841063 2.685113793361093 2.8463351558539602 2.7317549904755847 2.5400248076568497 1.8594611099835752 1.7774904022440834 3.1184781709488867 2.079309089123364 2.8681596247466947 3.8653729883069237 3.0533475643247474 4.235850794559649 3.0022851846226133 3.0131753057748556 3.6749725016341444 4.362843333883834 4.486372932096262 4.226250290497738 3.7413043607802052 3.470791327037398 3.263984465734514 3.5293247446637657 2.6983744995989096 5.80252439735058 4.787990421760833 3.030354532470072 1.9968675295667475 0.0
6.312643404468868 5.362788016313546 5.98144574314368 7.126806397931338 4.8775461928170545 6.210550101374718 5.618798941114423 5.269883785307727 5.761466849274412 5.900910433517089 6.60583227061201 5.010121185429065 5.373445409137604 7.207562517863683 7.652575767950073 5.678984210196837 5.652072557393433 5.471297593161173 7.096749734023856 5.097000324902324 6.162651012666324 4.671495704192074 5.602801261228115 4.979432631071315 5.3034296565037 6.1953058467926585 5.087019034452169 4.493634346642053 5.758329500916451 5.362633908538122 6.27781502651767 5.906927297639031 4.9014425160039625 5.864821481790885 4.552384886993483 5.188590162575428 4.740537514049364 4.373784893002096 4.736690902481976 5.92923565848359 5.7672411531405805 4.2545845187366345 6.157186649310497 3.8964221390108236 5.240359315142279 4.661177954288287 5.976241018184466 5.929434873703128 5.293929856288615 6.067187339942675 6.720510419895492 6.113976396693176 6.702562689105896 5.54801092545397 5.021747853858481 5.7137533267538005 5.764165342266959 5.400222598900863 6.2775746756011115 5.979726354170115 4.537523400006752 3.610501196173802 4.5125786180099094 6.403205248652202 4.76519246978321 4.897375165248257 6.724635762632378 5.249525317621587 4.115825185723362 6.818271942093401 3.1226777368490657 6.619101921802839 4.1985915549336115 7.617893075261335 5.862102328438483 4.312654889336191 5.24346789487534 3.1259110032898434 5.6511803692735025 5.197774911768244 5.930326931842 4.882015198400767 5.323637750605252 3.485879258789765 5.286707686732822 4.898960556474127 4.684065642972656 5.628350642417389 4.202526061842943 5.33051572760854 4.163355324440932 4.181880167794363 4.026670976001914 5.250048148158024 5.432036107368938 7.227249634696308 4.637086361787852 5.465564019809283 6.342104078918789 6.460509611990185 5.22470536393224 4.269204650229165 4.25362366447731 4.614580523186778 4.885628638164268 4.509777730314791 4.4511042313219455 3.776779100613864 4.966320351314488 6.019439585273612 6.921744859171313 4.4354398063756175 4.648081688721646 5.032313550624358 4.932008824948841 7.039105827197399 4.871073495628135 4.519576602064872 3.2236503537975847 4.391816611215704 5.182842780049627 8.170021035038491 4.955358907775857 5.279542064986749 6.523388643753665 4.842776056083242 5.003714231830561 5.484961328657992 4.889761339998183 3.8039251374521945 3.1024976923303833 2.0443169209277694 2.7055253013761655 2.611969573403465 3.460244512398983 2.747302655136751 2.820556818735956 3.868951615900274 2.5457234393483175 3.1405222431760387 2.550277785890641 2.3034851588593233 2.9888068886566397 2.7747252011534456 2.3740738299146154 1.921090477197317 3.2142013845802198 2.7237157222459727 2.5866657262525017 2.6915324168448125 3.6058025317018094 3.569303535423996 4.055044547816195 3.6407543217368725 3.063343771698439 3.407055613543807 3.0997319593597044 3.9262758304382346 6.324634771038477 5.172325265979907 2.9275883157747327 2.364951162836946 2.639678452861649 0.0
6.882216043180069 6.281575171545316 6.371245983542147 7.2617505227918295 5.6629937689376675 6.535623644603215 5.95945260365837 5.985381180659498 5.964023178798965 5.961128526999649 6.847026029569291 5.276645987644671 5.616311565338537 7.396227097045387 7.816498038119882 5.995992884348443 5.926500773133852 5.671939990266462 7.073997704541453 6.015269056220153 6.705361584477242 5.554044986137351 6.2241131558628995 5.6821712748157225 5.786304898703239 6.822266240289306 5.651104056074161 5.163919624528405 6.186665445162484 5.73145007999126 6.289010440178587 6.0693478484350205 5.5303966857398 6.4808564502006245 5.2829373891658085 5.463747411811088 5.629190883081006 5.078539056937222 5.540148444805326 6.91200063748173 6.254080614183559 4.91273178966753 6.631118757714964 4.927105047846647 5.865956290432345 5.334772276799667 6.463057137820611 6.167992251332369 5.384270351225886 5.960483735013986 6.976727183805176 6.31228854899056 7.080534958909201 6.028780898427608 5.63122425956626 5.999429783842646 6.1293691263133345 5.886801089300666 6.551045973181024 6.934668285434904 5.525605323926092 4.173433264607223 4.884560048485439 6.7008545198101075 5.688613721201006 5.49165329181083 6.789753102039234 5.421703063843067 5.076865464097621 8.002824036307633 4.272906285976025 6.532810120285726 4.196225130897747 8.078916067304998 6.582383726776881 5.371958184754205 5.482736368006017 4.9476757351407725 6.8454846215304475 5.98335552080921 6.492025995345024 5.354953353869845 5.678185564544659 3.719086072077884 6.1125289310774376 5.695475764223573 5.261123561529998 6.0915964549178545 5.035080898803804 5.685917415360386 4.987663644274114 4.662749660334704 4.377560726089319 6.1437732759872254 6.392136291589272 8.402426857226835 6.140246424046591 6.147195000373225 6.685252993801667 7.158606872932128 6.078683750863113 5.007850730643591 5.2378431621465555 5.483225818933066 5.420939066076515 5.1689846931314 5.0050579790611955 4.097796143170345 5.653670221618733 6.808925326391152 7.828885793801491 5.257410667522037 5.687194094888891 5.690872064757994 5.449528383234606 7.637969501067135 5.655451290488606 5.420566732093226 4.245495380693859 5.604236313063141 6.162747856261576 8.47611497277191 5.823468843589415 6.036580697863373 7.2074315868701015 5.531290226430921 5.333785574940637 5.819746129652064 5.342704875205981 4.804464281767677 4.432502349241734 3.1296728075127636 2.899437770013071 3.6952569960926174 3.801370424462648 3.0610564746917825 4.069771932164726 4.497154377584967 2.8196791873256286 3.6851828674411014 3.4040796226955465 2.653921707107533 3.4412545750066723 3.617228415063249 3.4098510649939753 3.205580090898748 3.4995961991111404 2.7743273609709944 1.9264583750050925 2.685618266637737 3.5639288732592105 3.098402402007585 4.016214792356321 3.051620411255177 3.0617243149306006 3.371474601538901 2.3864000475958487 3.6819230641969423 4.890445363097422 3.871683756556175 3.0870287086335706 3.0423446499598685 3.409223025146509 2.9337993679293777 0.0
7.331783199661149 6.6785989158909675 6.673837768338085 7.956509095642316 5.713336388442271 7.117546438706677 6.38605122938745 6.387809625725317 6.419341127970594 6.723800742589415 7.2663086568903 5.822246142373354 6.11608808391467 7.627612697954245 8.331768142993706 6.632022169423856 6.450601695944564 6.214736545619702 7.805299240273655 6.342317765574708 7.177231515705339 5.447434134303891 6.487860526570718 6.036852977039473 5.989359996424646 6.807363371684296 6.0945748209335076 5.57310230944921 6.3910826935110725 6.127533021040771 6.772756719760202 6.784966301453736 5.605520249032279 6.7793787346144025 5.6697210457507 5.886895616896956 6.039602755696874 5.501999320724554 5.879216203425374 7.025157323011772 6.693407938286265 4.806666088616288 7.235649136049699 4.721855314547148 6.282515266221236 5.369875717377689 6.510471168934207 6.771975331034184 5.822164932213497 6.700638822674269 7.557571968563946 6.804103423268284 7.659641581847923 6.498849340154189 6.311477220419639 6.616774144131395 6.731616631111407 6.409310323002547 7.34569647358506 7.0828284088422375 5.4215249106208985 4.454386018380411 5.164532914818785 7.082432644905384 5.561755796979952 5.792002895211174 7.165190271831502 5.756063248894787 5.237492335191422 8.22163631563248 4.367400246065408 6.69830034622175 4.443539859241035 8.284838213249458 7.042923561154016 5.368006882871425 5.888516738745412 4.548925683639711 7.047828912942749 5.317542740180309 6.535512511239727 5.541460467432174 5.57168028235173 2.6140324182904893 6.489903438901793 5.850986174910995 4.989147015662786 5.8851638178315655 4.753944420798256 5.4916200572382055 4.5742352650858376 4.45891594989751 4.00413770416153 5.864991612134325 6.56114973848077 8.484315733859157 6.344164520592691 6.221381803486397 7.121566536224725 6.610286867150379 6.095785068078089 5.073470829281763 5.149207958519877 5.335164621665542 5.421107401341451 4.416815148151939 4.965434724627236 3.872285504653832 5.630409258593936 6.966131114761717 7.574926253150968 5.130344381460936 5.284874037456898 5.826329621375523 5.454595784794565 7.228293103834986 5.612064612936924 5.319800299558124 3.713770688442514 4.9385337245531025 6.182924321939625 8.643935477332173 4.983367093902559 5.159617721759126 6.849329044586758 5.411373478735375 5.521751798882294 5.421498928364575 5.171186013375199 3.9540621378266536 5.11285557155005 3.528525781312348 3.5273084595825943 3.928520454163398 4.00150999656095 3.080119588388205 2.945584928148796 3.0539649177518777 1.9149178432896556 3.3176217737745666 3.0649012440642505 3.013149697996825 2.912494150227413 2.3213320933896067 3.8373054483218945 2.6824340242566023 2.4888370104151694 2.3521398399003925 2.4949093412850343 3.320321985498371 4.416849473510133 4.428253713747332 4.835069056327651 3.399145028632477 3.7899843050444435 2.3586794199016974 2.3925814942709094 3.578527742186532 5.832957756749392 4.883432101079731 2.9765122248629297 2.7925724737585016 2.812825610086369 2.8097891128164365 2.4756694887241877 0.0
6.417051078098707 6.64882181546406 5.765255428294621 6.782056600449823 4.759643054698219 6.1214907754853 6.082868308374356 5.578884010509157 6.243361963312698 6.088116307012187 6.498550674502949 5.581995483908632 5.746669516817532 7.2880334680552465 7.426994437536082 5.368409834206721 5.131857850448388 5.005406004851803 6.57251130350899 5.614357858642553 6.350183059523197 5.0777224950316455 6.328141452888934 5.821915746818017 5.8031475378055895 5.708216274687894 5.723719088574653 5.655464727593561 5.6672854911279185 6.031435029344582 5.710716294423045 5.761694921436252 5.413327088786203 5.628197815884398 4.971803083741753 5.4105687211305025 5.257208411050584 5.063559848193683 5.928763339950825 6.286398647801392 5.886104212120481 5.23080047042975 6.55371427071462 4.84145641257446 5.9181195788028536 5.000288885642061 6.220724535605166 6.297228329024596 5.069171377536804 5.610022071944486 7.01325629081272 6.13355913637884 6.7055680937932465 5.380166925080662 5.559774714254466 5.428487062118364 5.860951887527131 5.482313463778156 6.234113961401839 8.228422788908796 5.961216333095245 4.996434494939238 5.817922806503655 6.900262502476179 5.663701072896054 5.2899854350571065 7.475772521395357 6.4318280167029895 5.47266112764007 7.692492073606267 4.8256835605352215 6.495444276051123 5.117043343706323 7.141342244797769 6.627937499187608 5.967327429658268 6.509031504267132 5.123007301091162 6.5808536939427 5.548657589027241 7.053089857332155 5.79240833068997 6.077696658426119 4.086823053096948 6.299874045742079 6.10036033304872 5.53956673543892 6.117121031050969 5.406037946429627 6.44903022412724 5.611860496243734 5.164514242861184 5.267973263070263 6.394375884527642 6.4925514467005385 7.434106370100086 5.535322945411327 6.700795742158159 6.910128360046813 6.939563131709883 6.585419415199521 6.074163946824132 5.445244170311551 6.270484825317334 6.172846453030026 5.684113661876027 5.849102259267685 4.939143755128211 6.288507091868919 6.601500355812435 7.54341701833408 5.873411104895088 5.196144641147003 5.940808363464556 5.9295643779734375 7.622456338649792 6.452048753219166 5.634886174943579 5.533573932909188 6.108379628162127 6.127390926429429 7.46165105177248 5.307525742069082 6.137552568667706 7.098057833828191 6.098991672155132 5.812284361257569 5.5389016710033525 5.754693364335896 5.156671905199141 4.769495993177452 3.683178683363288 3.764828586116361 3.903376439979491 4.78175214076606 3.894322818128417 4.315926724834182 4.025660725486141 3.855399095280732 3.59484886112667 3.820532615686647 4.004261013844581 3.7523116240450283 3.8810062759035793 3.4448404078393255 3.865354410504364 4.7441004313318915 3.314264569540199 2.6668721480216813 2.4278508661698863 2.9351355302698243 2.9939555845542767 3.471857708382805 3.1247651980256523 3.957355584747842 3.2832755913538203 2.915267187622565 3.4083872741309253 4.306870500011572 3.691851633684913 3.4816222709913376 2.9901250812465996 3.2488405416536286 3.4236804814440664 2.704089017086017 3.306468332712811 0.0
6.997410583250938 5.968579006690175 6.286424428963617 7.288758280079891 5.761572740056676 6.5438311186448646 6.02857010871669 6.078386493344304 6.163284948677721 5.950507060844738 6.896317815340527 5.4225796196147975 5.56352499741655 7.451567674402297 7.7322777176742195 5.927600500514083 6.196834669579742 5.857751234045624 7.0552192719226685 5.88629431926678 6.817124159684028 5.324655403294555 6.239057950726305 5.542081201811611 5.913023249439125 7.051810554003774 5.533193756482838 5.083102529294032 6.3447266807586225 5.8082846077809265 6.504263357715871 6.066222243343175 5.633546533766677 6.633148166519726 5.393955841602627 5.5839682157716775 5.554517429890765 5.003979239006166 5.40255984836968 6.820620847460132 6.258875731804769 4.754291459988206 6.5710877343866265 4.725951306806364 5.760904069371177 5.371306062686889 6.451758225467867 6.188828432594357 5.58159281755627 5.974556947460534 6.67189722135817 6.346678825978897 6.951999986288901 6.018565994291408 5.668599511199157 6.1237367718644995 6.252153447086514 5.733055391397234 6.52945408323663 6.634955025183349 5.350859653111427 4.051739404450096 5.093264476484346 6.5575432701047855 5.605276857796161 5.364924513627378 6.689968376961229 5.2868214840130525 5.218902168583871 7.935035976607082 4.295517717174197 6.923565089553612 4.675956623935023 8.369938539164709 6.409719426978267 4.946197050486012 5.47601912585677 4.590232917557725 6.759088473286581 5.948713290553719 6.365667247471896 5.254967891439992 5.7319740041517235 3.835972070105994 5.947078055700785 5.700681146363993 5.314280695574932 6.073011583763406 4.7883845036419865 5.6979177001901435 4.832669301557902 4.657308057740904 4.5689461394366075 5.91621218890657 6.015365306153724 8.441655815463504 6.0687906188635 5.924607436372879 6.524271603734689 6.943496670064716 5.7734770577325865 5.015042254113094 5.139974711096418 5.273299736980811 5.362704849947005 5.228837630229154 4.861404171881733 4.36571712366874 5.608480287274711 6.606508375311326 7.499221684984636 5.225437825424455 5.408378140655735 5.507544893346415 5.4212254393696755 7.392820630771517 5.523694682219467 5.569696475152808 3.948646606906149 5.30224349901349 5.787786517346132 8.471959403749958 5.875034500728564 5.886696533383766 6.90768154383684 5.379878198854106 5.367882506172254 5.969157966833205 5.545015451590905 4.467652826530143 4.55293261879446 3.13013250132219 3.2636479904347753 3.598408026081433 3.6743800512436597 2.794117469813889 3.6898964699932035 4.365884235654454 2.9177605818438037 3.82373236588313 3.492502407296104 2.813200660504533 3.8742281956256024 3.5910178066802243 2.688787432668692 3.3414118171670792 3.668875898443517 2.3963701609379093 2.0825263257913487 2.6547539081791456 4.003066426267489 3.104877931037036 4.486957326963189 2.891374557873559 3.156119418440949 3.216759311683849 2.5161530312239186 3.7958666558570076 5.435963020180976 4.146690257422267 2.5670247187965316 3.279552485662497 3.473471969431932 2.7751259811781206 1.937070266725052 2.8517049303177897 2.8767183690936884 0.0
6.149537431103293 6.4423072722662384 5.384888474283358 6.5782302982949545 4.391243176928139 5.978834301831605 5.646806613320436 5.237036613609274 5.967565001755541 5.76740977049956 6.252281707017079 5.102795839546234 5.366005155699644 7.162061550631502 7.366911604872252 5.237054687472062 4.793760850459492 4.75835591666685 6.525123217201503 5.453252569467976 6.154281701356287 4.825896251754773 5.869422205733567 5.232188870744058 5.141403485049097 5.141538985367902 5.2309353060215455 5.179863555081564 5.2595401478436425 5.5755368456191645 5.177073746042727 5.437179215039183 5.081051722037104 5.462183129851509 4.413205586155975 4.870082678184652 4.882520392038139 4.547102519822898 5.604032080053444 6.348314867323296 5.6996810136722695 5.0210972231205835 6.157368107247759 4.765165217409778 5.599838567095227 4.909631868578051 6.140431416790054 5.992926813941978 4.744617742690187 5.5548595014355335 6.89551303061201 5.660656426916296 6.643425866702339 5.182346186207287 5.242794484328065 4.9942107410084295 5.631526273403789 5.194499878820863 5.901442765822319 8.066547488602277 5.836889741000209 4.966295340388184 5.480006249130058 6.57101597697453 5.407921977089001 4.8782091667662 7.225160004738874 5.960600835077483 5.144871815847725 7.52763446909504 4.15515838819565 5.8395515372673685 4.309100362992144 6.672503420718115 6.0335821652995305 5.870329855244883 6.210917954292971 4.960100353642935 6.390011242916518 5.393823474462484 6.659332313994235 5.307260262186336 5.3293592597286805 3.934912650411937 5.503446068108459 5.577581840501132 5.0290125406500295 5.468781768770771 4.810633097385949 5.656528434228148 5.128575900017427 4.49877804250556 4.645482713255044 6.061622922559495 6.219560759878072 7.274247729115585 4.974893509777122 6.391775927256548 6.556611830976805 6.87688041923896 6.423770814412736 5.490543024740922 4.861496826016874 5.849867565477571 5.605798013386666 5.237713125215795 5.285035081828023 4.165122141503572 5.770552205216688 5.929853338695242 7.431820052541035 5.352091497153731 5.016081478257096 5.353169229685542 5.243964640206876 7.406033089386235 5.801423852432031 5.048595441601376 5.366830243638545 5.757318845941665 5.6722024040382815 7.113933545615684 4.907761853033107 6.069059842969398 6.756756327311067 5.597665068989764 5.194483847907133 4.858542589155854 4.9817605137903165 4.826722872437096 4.274040035745504 3.3417751100823874 3.011691512368666 3.68493293740089 4.396315123897699 3.905180318528087 4.286127998413801 4.249367917600783 3.8669824123910974 3.2295367753305406 3.254901972772788 3.3658559313960987 3.229460236840146 4.028592648983783 3.688940258382618 3.501157202471639 4.698509266333698 3.4020237726206513 2.524191001524668 2.8511855227107583 2.7338091153914874 2.94998313084564 2.7135245360240727 3.5664416068450997 3.602132792661151 3.751285131862208 3.18114322671739 3.0680356978843637 4.110830121529667 3.4386657522053907 3.6114659371491444 2.993397395906526 3.126531216999438 3.272017993044096 2.5289754273898577 3.3662364063667036 2.025529495875618 3.150722757843991 0.0
6.713627173055386 7.009493191335193 6.020831673655079 6.921556000976514 4.628213662376865 6.657251196047311 6.462798309833755 5.622317800196764 6.835432202208848 6.4657939096539865 6.901190296041301 6.099970841261402 6.2613532500702345 8.126522258898769 8.136498279951468 5.794715080571006 5.4332836573032015 5.546038461934125 7.217846547883816 5.35583756941353 6.630363008034121 4.753274291432965 6.453280282658624 5.852631698053687 5.703635497876544 5.4817956386995625 5.857829391527846 6.033204962019455 5.790911795551789 6.390171176682721 5.9867558091160324 6.154938891994801 6.093539584489157 6.131431863210815 5.085273882551574 5.5110967904346895 5.413138121460121 5.334891488863113 6.443121083263567 6.056668091388649 6.338949273400833 5.221354979971756 6.397499486444967 4.73303567119929 6.22721280655559 4.68159940688722 6.32766718959867 6.617418638855982 5.6443384579069855 6.388904155101304 7.72105750856941 6.463521578155441 7.065324632292036 5.834095327425392 5.797684065650705 5.592057858157157 6.173708741853362 5.72691476487879 6.385696797498838 8.875513451005213 6.920606621731159 6.072552395618 6.4229509115544134 7.089540210794686 6.2222797124365234 5.89969580615072 8.141842014430358 6.797143248132766 6.114354943364981 8.171423300852545 5.429300622987589 6.301615453610633 5.110618625733295 6.774979185162556 6.3958481064174375 6.687304299337683 7.251116856089053 5.379377183934422 7.4535568135294 5.510994459366897 7.4629604954907025 6.112364901722725 6.348891965714859 4.8086838300196755 6.267462275626395 6.432623213097357 6.097279406194819 6.18216040824361 5.684629881500512 6.609657191256647 6.3032165381180665 5.774056897443324 6.139535037755944 6.3972010200060785 6.36080458909179 7.917256255867949 5.025232441666888 7.1945696121463225 7.17323658887691 7.47489655040776 7.087930504249059 6.538410244986508 5.083742754567115 6.622050562525356 6.427065310206685 6.153647056618984 6.2924753189405855 5.498926837376511 6.743041942855021 6.529985098119725 7.653676396551272 5.6355813846171525 5.5842299649039076 6.288843251009194 5.8848167394154505 8.298178991369081 6.605333429252936 5.791604639564664 5.87696091429625 6.247341806040804 5.923781979790266 7.067126629621849 4.6229431882708 5.618210752430965 6.6246511611264225 6.080285266667194 5.912564055985989 5.627932852473244 5.850822373659216 4.897480341906829 4.955433372827747 3.632264751281873 3.7495459227898276 3.459019056151848 5.888308418045947 5.174777535555445 4.43180581938102 4.072107955447924 4.743841042134526 3.7362869228124964 4.007749137044589 4.215238733601312 3.7249043467878895 4.015417472519419 3.8534161832829215 4.218983144293356 4.76708361693492 3.4056180584536673 3.4022975974625873 2.948507620661143 2.6474510653470906 3.2871890918595614 3.1505268773915405 4.759821133682964 5.243072466144918 4.134442618698031 3.7886571871448353 4.024942399326447 5.363641966257512 4.851970339578288 3.895195041254455 3.6696210503469096 3.8981080041540483 3.7735324525615455 3.785120721212398 4.038734456905189 2.68861078683071 3.91711858395502 2.738830800736903 0.0
7.121347885425057 5.7857044754593385 6.582937868046331 7.9200785946088565 5.521796893798565 7.041570952824907 6.324423443613739 6.093965412942644 6.50298530520041 6.407616476481541 7.364075859271683 5.639163392318703 5.9343701293061155 7.926434127867908 8.428961317661654 6.36290666115206 6.556162403052914 6.205213816768185 7.8496169982989965 5.830969971753803 6.8727985178130835 5.176756952567996 6.126517529805461 5.254960874005763 5.6913110895984556 6.719475820575861 5.579115277848504 4.965222115078862 6.372133811152391 5.925486526283688 6.897627951408202 6.57302758438103 5.5463471204457 6.649101176234431 5.2209582605821705 5.66007472981205 5.302150945670384 4.835583883949937 5.119659512827684 6.842258345393022 6.403715130941472 4.802979189031038 6.751876986961051 4.524222149446905 5.70573898595285 5.560248775627592 6.7848362376080456 6.506389386988582 6.039348622427387 6.749025503941618 7.155545300082297 6.688472446645986 7.378066714376507 6.340318147084424 5.730860181244979 6.406467413448833 6.532292845478396 6.006439349832328 6.943406304198259 5.71289335845636 4.461309183363659 3.477658659063654 4.689793624531307 6.409641376657216 4.689398089282291 5.091273095310973 6.801466642809114 4.899861825093171 4.4473620529035545 7.237939209247251 3.169297421162109 6.852014265880417 4.192337717581171 8.132597649526723 5.950306589877307 3.99909434752622 5.163537658052426 3.0879101403967915 6.1308158174565435 5.523828441120182 5.661581241403493 4.973134876722644 5.036936746555564 3.640579511814942 5.207347102321415 4.921989403257554 4.516208945598664 5.335671395335902 3.857921734184149 4.945753911134205 3.8616683629041946 3.7884486906207413 3.7987019883413216 5.239339817795533 5.301396977022103 7.930889386690523 4.899445471745911 5.387536075948933 6.437762977236282 6.651300870679312 5.221605380751015 4.070851023752869 4.247051946431326 4.279828512127874 4.7827387474406065 4.308993980000382 4.1629883702994555 3.5869356382784403 4.825338957417494 6.050264553340122 7.16365857571472 4.324749814156471 4.6319563804602994 4.647991226177046 4.600869378294375 6.780345677936003 4.505900648093993 4.5477082995529345 2.948117435831304 4.325116903707633 5.133921104861154 8.29928992090554 5.13771725802251 5.592068447844762 6.586834785546411 4.60970540130111 4.906274553261229 5.325377861108811 4.7533501356933225 3.65408326001692 3.4830500472942747 2.2686530747237565 2.5657176727587143 2.9004906220081756 3.206277069217311 2.6427730596397883 2.7742303713242777 4.022325464128644 2.7601491718024045 3.2858836752309544 2.5750476023737416 2.3564999404721654 3.200633306537324 3.3370372161268564 2.716889675805975 2.5703911713174605 3.3569023207636817 2.7453233469455984 2.8733502194021057 3.193424036352853 4.18388922853025 3.7242091056656546 4.384668392401668 4.015386890519949 2.963396227820682 3.8370429248449973 3.5478563222384274 3.961010512660049 6.760153893511783 5.385664122142594 2.769718311722994 3.097918254127283 2.893475486204226 1.8261029225310608 3.1236668419666054 3.117408396871577 4.0251775504569 2.6916456172441032 3.7717108659836684 4.337665770893546 0.0
7.689271730261666 6.528863616712464 7.153403994211256 8.068025677429574 6.35260619424997 7.2932376935331105 6.759721012170274 6.778897107043592 6.798065613639953 6.626067160419646 7.8530491491120005 6.152414440749068 6.348710747803807 8.116174930368931 8.614001797834124 6.743944322483815 6.953831873884148 6.48952430573977 7.890857186039556 6.694497997090567 7.448837410675183 6.23359865840423 6.892332606775936 6.146515435957768 6.502944794166499 7.520966635943941 6.104281982049996 5.734475906016286 6.975281105052653 6.477898076890851 7.291970307138908 6.946569330421097 6.2567791156049735 7.16312992051818 6.071196047731473 6.260022045223481 6.059981129607051 5.658102983964253 5.973104447837996 7.640696273330217 6.840378149414879 5.638166767392471 7.242703633681268 5.470249595793119 6.338612541931967 6.2217656129442585 7.349710981915368 6.857715397666314 6.376820198202785 6.78849070927409 7.524154315992831 7.205866054439881 7.606263589736198 6.7549771015957365 6.3308974766035835 6.934241403386325 6.902891094086782 6.487774483088885 7.250826837716151 6.526933312312866 5.166872709383552 3.7498892492532194 5.3232355433244525 7.000925754782813 5.780968987960209 5.82842191532835 7.085036835613739 5.510882332196309 5.064408316508951 8.491099849066778 4.535433723617974 7.433217820607421 4.895540704495217 9.012828093320422 6.91479603948946 5.1888299847133315 5.711720631495461 4.798991588857931 7.173059471002866 6.577180847300653 6.588956002363028 5.8346451946579245 5.967098529637002 4.106312444609112 6.240013836517899 5.979423913550685 5.583610988739381 6.388011127983574 4.977298404038337 5.820220858091844 4.901878484919597 4.699023913902787 4.43828219601484 6.4451615788162835 6.450376268637039 9.041108628458684 6.535440495942026 6.2742786534938775 6.948742741678621 7.558754871648123 6.296507064267964 5.2063668572252055 5.397847565230485 5.352191174290085 5.718079055454331 5.112490066888699 5.099435534413295 4.380360082689594 5.69772802023212 7.05010080661141 8.170280899888425 5.481647096688681 5.647501387402145 5.535113141769736 5.399362776897091 7.717897074537229 5.703417706284415 5.797879967228008 3.9148545348275943 5.764001350027885 6.200421717438159 8.774000388178383 6.361152369899281 6.600263368956108 7.58540393963596 5.543705893349759 5.427692482331224 6.062292106393243 5.668452680401232 4.922488051356364 4.671549288061234 3.495441005725935 3.336024548718258 4.194081669072551 3.2431716310849947 2.482113294865948 3.9740748808800377 4.731264983748399 2.982309980789941 3.9603413978722988 3.44371192509296 2.981269300579552 3.9329461213534582 4.205806849449952 3.5463603625099376 3.697971519681477 3.845941206318288 2.804438783894 2.3920885411159265 3.2225361215593105 4.452472784625636 3.430856551049471 4.6875528193458855 3.1373909390173176 2.7234034442750836 3.7515956535135575 2.9777490000534947 3.876911360064183 5.703512996761096 4.301987482641304 2.706233540142486 3.6502213258919904 3.582766345177647 3.121833180417769 2.223389901161914 3.2355776877368303 3.698510143753031 1.9490423708236764 3.666437039551186 4.687226974958485 2.641252559947272 0.0
6.456536242298812 6.073439785946187 5.982765557177325 6.689593634856299 5.337170815022984 6.010444588762094 5.496170216180593 5.65153428605871 5.548883596508486 5.633158292748276 6.589548860503257 5.088241158130745 5.310895819518079 6.811570779889997 7.266681263381016 5.649359194525521 5.472430900305547 5.294110641124545 6.645843509434839 5.7048814253623235 6.389104422877516 5.41576176862731 6.011367970113039 5.55611441209062 5.617762827008487 6.534621950683773 5.221069401323495 5.119647107893908 5.8187748397101835 5.457233237964417 5.97636484338418 5.837390337097549 5.302843706915382 6.130313513492884 5.0495563145317455 5.313168923341043 5.202708048172597 4.914126307682292 5.540806674551066 6.472963440883399 5.849444690788094 4.976551281834324 6.162899161014122 4.800278649690472 5.672646378722526 5.078358915120316 6.105773182537646 5.856236699657529 5.015324300359354 5.637380521548894 6.739132310428074 6.00184042844206 6.550851964368245 5.554098995168638 5.387162530195591 5.702748948522658 5.693986919727284 5.478690695417047 6.0833070474756 7.2685984973388 5.631933174952171 4.396763431454052 5.1596136517797655 6.715109191158688 5.89317134776691 5.351118769302672 6.7721979524244516 5.809178641503979 4.928526587585622 8.197948765014626 4.65088574368633 6.5063219479011245 4.577795840706594 8.135475921496944 6.598379407620852 5.822101217678989 5.784683558083489 5.257258626933585 6.809190527000585 6.07489624767683 6.792962415735117 5.48648635375027 5.964345446892266 3.9444597508812715 5.978912341725537 5.810178052634655 5.638829551184158 6.449821590370391 5.261797740893903 5.960082045034616 5.17383599001793 4.951729848348305 4.593219852223798 6.279783946836699 6.537806240173996 8.292168844147021 6.295367504362371 6.282542806956242 6.6209039103289875 7.1660064365028235 6.47199691365375 5.421324607988594 5.2760085621545425 5.79680573991571 5.703533374697356 5.370792706747057 5.28412180785121 4.400485000781151 5.7773397974624325 6.657261797316896 7.8658462065015 5.50231069967118 5.7285859405210555 5.81261027750082 5.560302813864946 7.933164782280619 6.0191527943657235 5.711904105265026 4.556268624065926 5.892346651200645 6.152719978616929 8.341435450259544 5.992257517990846 6.185761094448203 7.204384013515017 5.719365874871706 5.301907366206934 5.984516536925588 5.544940099176393 5.086913353701467 4.587770172939497 3.5615658862023145 3.5310387990431287 4.167556738124257 3.7249692768483347 3.2300207571824924 4.4118324424034325 4.778735623700902 3.093470837167935 3.8080120004996587 3.4492473071863605 2.9502190192934656 3.639916851048214 3.7985771579676335 3.8034933300801375 3.5108797006252663 3.956127284876222 3.023058445443946 1.919452613042403 3.0312795783764805 3.729738067884526 3.2946093968116794 3.947045848068493 2.7341197798965773 3.244770474476959 3.493041246565396 2.1485967072385503 3.85022615406043 4.227367008300884 3.2314347601169624 3.216248209287246 3.039364679325239 3.554035356298567 3.165672452242593 1.714379144179086 2.9860953749626744 2.7557566800183326 2.4033691923843294 2.495231387987893 3.827395966394244 3.5906784809790513 2.604540760952734 0.0
7.310841209620782 6.8030574101919905 6.638968479493789 7.582888240954674 5.7089116990787225 6.902598613628633 6.438873749657329 6.2523333538697425 6.647426773328655 6.871888049063943 7.302967431079033 6.183180537616575 6.2895380138635835 7.702746139468111 8.159155789005903 6.530156280757366 6.339948996160529 6.250410496712005 7.5983079955913615 6.12858795779851 7.301969804386267 5.399483325435564 6.732029246991437 6.355476012052136 6.381624881070272 6.886982687068033 6.064258842721477 5.918253848692695 6.531481427125654 6.444679026802422 6.944174034538517 6.79879511958989 6.008704039955245 6.736907230040304 5.8548900795119385 6.218142521150451 6.065244872653049 5.784566823319695 6.355112460048753 6.5725698212073755 6.761210843298649 4.891396581354352 7.078205201218703 4.623511748323132 6.492342992304358 4.95184893216239 6.330955109227308 6.911050436668018 6.000369095910341 6.715693133121437 7.730913457657809 6.999960851140561 7.407787622543494 6.3031063407215395 6.38378225954077 6.689900648658363 6.72124121258149 6.270179085033262 7.191159323328635 7.931910975962543 6.141198964120646 5.288846064001608 6.132313879530683 7.6753191532676714 6.425534837859114 6.330951413547395 7.869834792220356 6.749266744530537 5.739294682488608 8.77386215919107 5.299203134787888 7.416341736853969 5.552943064427869 8.567465103427796 7.41911845210797 6.2910012746667965 6.954184401370761 5.090663425479741 7.554983331097051 5.709630022503305 7.567317254747694 6.263588241554953 6.642648720810309 3.4607751099134596 7.025371956420729 6.720193702424425 6.150948667715844 6.82594896683788 5.5320700323652465 6.542704473834544 5.624151288595529 5.615583953024778 5.29490204171093 6.518186058027718 7.047766573188402 8.701971872316745 6.6587774792412 7.038680098254755 7.576335217223566 7.170030507323077 6.861131338026143 6.2251894849826925 5.585773898752846 6.2692835132475695 6.310593319114475 5.359404874070364 5.97118083314075 5.123258118267452 6.549271781302641 7.35151058027991 7.7704609817825725 5.872851058882444 5.632787689654451 6.660424456876441 6.214524803896741 8.195626138537902 6.609263366365443 6.275347784658479 4.437789015343851 5.632304885367434 6.428556951020429 8.662057595122224 5.287129514829411 5.208976607890991 7.012271364991544 6.108716153637528 6.153507228006966 6.162263901103808 6.163762093122054 4.346895265176148 5.624283927922313 4.035864849629295 4.382007982323235 4.236881968607346 4.807639746433082 3.6966145616558794 3.0694664516243897 3.0048856583516534 2.812964377868059 3.7842472875552136 3.587820545484172 3.694856648140725 3.596982038976785 2.5141276993846753 3.6985858461326857 3.1833277104504893 3.003801041341102 2.083535509332395 2.7085046510345387 3.221361779139738 4.481448396575164 4.509942208730016 5.146766456494504 3.3505220297921703 4.604189260164345 1.9390087819649144 2.360305562645766 3.8298397610971366 5.894781193607431 5.048305092485682 2.9671561151141006 3.1025572858749273 3.2924211303032305 3.0773309486047307 3.2529068584597294 2.283844855731352 3.201873163137192 3.1181935740215883 3.72128514281598 3.5389696635895764 3.730471489477841 3.830174971881981 3.3107647609724813 0.0
6.3932287389484905 6.2080400774982945 5.576062772484325 6.7392622970130445 4.576006254845389 6.056804329117297 5.744010093499851 5.421834825336258 5.90490340069293 5.948936335392686 6.346640707637447 5.224430697504605 5.418074138640453 7.113068397131254 7.438528601121166 5.5501795037112585 5.1817113350878 5.079933617628362 6.752237900848036 5.389268007046559 6.320364620789379 4.665951298176294 5.91949019379179 5.359080003487509 5.373011000130166 5.680686597041078 5.26063975263263 4.979515278451473 5.547331550551762 5.583091009482877 5.616692350696907 5.657881461875636 5.0480733354842515 5.737104334742757 4.667013411672213 5.072608304969319 5.087690650984098 4.620403561651607 5.4121389335072365 6.115776743633692 5.7690854819234865 4.39272387406631 6.266871945935171 4.113139756168743 5.477265616433906 4.530843174341563 5.82402703193404 5.98680313626569 4.892150930818728 5.774430482178102 6.854273992162866 5.9940294288043505 6.64468735410308 5.373046055093242 5.346893814181885 5.330022881879938 5.743752206622579 5.316435295176131 6.106904988440623 7.448381126030924 5.489665192058605 4.5415221677736985 5.267806354902582 6.525687088390217 5.4050196875809196 5.037875280757541 7.040202240427262 5.86963667274956 4.910154273109043 7.541373390021364 3.99641145298117 6.202704990340092 4.382163811288282 7.103757762401129 6.065591212026049 5.457777517197258 6.027961463369193 4.374550866059235 6.327784386413396 4.947165779475913 6.548071389691108 5.239955203054758 5.4528250292774185 3.1123388055860044 5.724693841787729 5.608649620562307 4.953490323286853 5.666509115405743 4.579456217017095 5.555742836709539 4.8012195415936585 4.52302948640658 4.407875097780437 5.715664275092378 6.008153129246319 7.369019081579265 5.208058019058591 6.111438531896794 6.452179352548748 6.458373428488813 6.0070755310449195 5.258756130747193 4.64192533924339 5.316039172599145 5.38994297075769 4.859569111606264 5.101253056385992 4.048471220139358 5.503822277274229 6.096211917396035 6.871271352063032 4.933007176437536 4.951499051001889 5.385669417990019 5.213121678679536 7.250336150190049 5.578890586178528 5.000868660744704 4.405135150702424 5.035889813175225 5.440199075431414 7.5869464824631265 4.561541021130436 5.118051669561905 6.3531166748700105 5.254282348015784 5.069756783901551 4.97003583918431 4.9126166141724275 3.9520019207043284 4.255274356000177 2.955768129422182 2.99135908144807 3.1108002186434613 3.992738464105765 3.2450726458435817 3.1324277426942215 3.181460736729508 2.856045526735126 2.82040437049283 2.9625296056906767 3.0526904675539024 2.964339682962145 2.7761057892844887 3.047020847088201 2.4242496618652787 3.584655246515098 2.3362763761939545 1.8366477935498815 2.3686952881183756 3.104902165651301 3.266187553040566 3.3339259235585703 3.0282305119679855 3.4510281061317447 2.4386231448011233 2.3478694052572813 2.8786392348854744 4.810081812538285 3.9328083875399837 2.590521733727321 2.4620502159589486 2.638664993168744 2.4321484160742544 2.4386866467666044 2.353206279279216 2.131400049914695 2.6806183818027596 2.0917332756770226 2.678057592705567 3.1178042796019763 3.3887146878105385 2.5650198419836956 2.403092808059848 0.0
6.584802230007432 6.492120385865129 6.3510456180168156 6.977365009628117 5.603373387383005 6.34787729005486 6.3224967156180165 5.866946916707155 6.412607299237355 6.371982033434204 6.863961099853036 5.953337622499783 6.1743998473889805 7.665020130751179 7.6590762885558625 6.052325068811081 5.797166709308179 5.750141262599887 7.014056616397831 5.766338668882764 6.540392796780927 5.562267590018405 6.623604591947206 6.28825948090986 6.510604205956419 6.855979982898859 6.092833027313193 5.683612953866025 6.566920000060909 6.222874182271148 6.660164165909702 6.123933295883215 5.876274726988706 6.226146897839265 5.569332708900885 5.978784486148023 5.870626272194122 5.6182213388139814 6.045658120801667 6.175142646853339 6.072305903143162 5.188225864092131 6.8243092474821445 4.773549221272925 5.894591405974359 5.060717778979008 6.354550748658817 6.373355502185221 5.611375029911701 5.969936316446634 7.059855292862701 6.795087899467668 6.898272088334125 5.878760139189807 5.537830699729798 5.880815397003728 5.996345749014978 6.013798407155252 6.517605040941719 7.663160680440382 6.210243397849287 4.975055522083123 6.042628088294238 7.469982288132326 6.467100319714866 6.048528281513719 7.614925624918214 6.737197223469077 5.657828694384484 7.398606396796745 4.848136201272943 7.721743440614158 5.76012045806637 7.956484708231182 6.966412853869917 5.97589319500913 6.608080683169578 4.976695509274965 6.282167480617516 6.1933504726019395 7.544461603908914 6.248146858553399 7.048465490776021 4.506808050371193 6.693298568250907 6.554734257524294 6.336915991386142 7.162987911702944 5.951758965493785 7.096788606365339 6.055718322692411 5.853005459864836 5.744246247067633 6.760668142144586 6.861675864432319 7.379232447930338 5.843772910278481 6.972630283778891 7.278811381222712 7.489351424067085 6.529436093234201 6.116447929255143 5.787871574093209 6.301124268449801 6.389632738497456 6.0014093252015295 6.138453546568053 5.446218969344588 6.36028118070328 7.2257771357758225 7.273525844474612 6.1564308426227825 6.069879440840694 6.673905550486838 6.606405153329738 8.40537878674942 6.600437717804823 6.042467015929585 5.134820268536372 6.023888321372706 6.3743959862954 8.518541464249774 6.05316408765443 6.107305269776259 7.372858516735828 6.383702944832599 6.210803435164553 6.6183156096794695 6.36323868170743 5.386881705746234 4.575166448603462 3.707367490612971 4.082812423134068 3.926397381487604 4.857743607259437 3.6982362946024736 4.352736037413466 4.5139470707975855 3.813446745305687 4.355008219533144 4.318929285554095 4.034263355025296 4.564305522526707 4.0274205040892985 2.502146443727053 3.2853529604773306 4.455184947184016 3.300535015519567 2.7784656573726076 2.07181450391301 3.3392855892459243 3.0753485742512603 4.335905625710007 2.826002032958418 3.646628351364736 3.0574796100441297 2.9514339913571135 4.128621053467471 5.306985987576239 4.591776007286707 3.493884211310481 3.486178096152229 3.7700861495684386 2.986838067058439 3.104531735579087 3.5075922702184004 2.4471254078768134 2.9113776742328534 3.2304037750244174 3.5196217519958433 3.7751385507260418 3.6694798656226717 3.202783585666764 2.970999835304909 2.539134476425204 0.0
6.178905959793259 6.194791229696999 5.955735588501707 6.718602769550471 5.0720528362340564 5.921907213104172 5.931707099273121 5.483858066030629 6.072067538500122 6.037822058839909 6.653519196088363 5.551476903761103 5.772490287958055 7.1859837432529545 7.356682372456037 5.631937694139163 5.309896113216061 5.119970638690133 6.657564601549107 5.760462382384382 6.198289710853831 5.555044989726738 6.250936180307354 5.81037091467638 6.043897265187127 6.112483262448909 5.5658277334485176 5.317939648329395 6.006644858651247 5.857502714539113 6.135162982219426 5.813295806766993 5.272753372336749 5.470234349364471 5.045816718354312 5.584555548639578 5.236676307710261 5.0873631298233075 5.63392773262712 6.327879559160558 5.592912573785703 5.365777654741169 6.563222615926853 4.874172585330949 5.5195838583774846 5.218241809488188 6.382263591639235 6.119364217727343 5.204772910239217 5.634435001379774 6.875171202058703 6.412000658538985 6.518864967716871 5.3226871010063554 5.240910446822844 5.520594349656569 5.646373574641442 5.567458524354998 6.165785464592535 7.402734422148298 5.310436711745049 4.255109242166054 5.642071837076802 7.095803563282648 5.772518255865514 5.3097417273441945 7.280539599461142 6.375156992271381 4.707004947421444 7.117889334145129 4.205022793909122 7.320371534063147 5.399131119641882 7.572690017474923 6.553001955956191 5.642131446613359 6.273449554467908 4.618455361937533 5.642405528688639 6.00847436450078 7.04803998756788 5.892485534779038 6.3527472249700345 4.212904526230393 6.049996690294088 5.9577779660972325 5.703102182700928 6.562921368335443 5.288414570456286 6.458792574982689 5.337920766581562 5.0522133814241394 4.89680579740367 6.579853538725685 6.613614434176913 6.858134561359684 5.522129023423535 6.556572871634655 6.850781853305453 7.170894908884066 6.352783214246991 5.693988813185457 5.379165967877976 5.845299806654012 5.99189198263344 5.321559886850018 5.654086916807487 4.745585897526794 5.758019519510378 6.590060699862374 7.295691506149573 5.928206122416556 5.365512049453984 5.835202895033275 5.920166829900596 7.783592339275854 6.144666347323727 5.496163189007677 5.097769518959385 5.877097127516469 5.977154713709807 7.947572747529859 5.929051205089506 6.566392320140231 7.44444851285442 5.9785690119539225 5.621511534193484 5.847800391706236 5.7442673802133015 5.368550767447406 4.137715353092275 3.7873668276136776 3.8977823247524888 4.272766877934009 3.8146014218314077 2.933989352166241 4.399921744878512 4.62467446065533 3.6042250333449157 3.7914515378389364 3.687064684838785 3.768032085686741 4.163588128981544 4.3170010803738395 3.097914740655977 3.2284699944229467 4.986719858379524 3.6394070975339803 2.6475776688803565 2.72816758336096 3.573037998595229 3.239150037750243 3.8856529057223548 2.4450515363410523 2.568814809138921 3.4185848892451225 3.1940919264965584 3.474238917905211 4.664023491517627 3.8275814998964863 3.457212262850728 3.123690318325994 3.161619182573706 2.940032925236886 3.0271033445595514 3.709651500356967 2.6022155379245135 3.114029872935642 2.7842861690020317 4.040621024941987 3.598153155324615 3.3550399525502264 2.8488274288526068 3.684030718665226 2.655754053618757 2.1407730848378836 0.0
7.269333371163351 7.450542796989301 6.449740806296517 7.3590616888942515 5.253348603902001 6.851796717887903 6.627909705029908 6.345958069794011 6.800791452616219 6.852339071762147 7.395010189628119 6.394644129120957 6.45317515073141 7.704714240792643 8.211039746128218 6.398515140668562 5.895238817442614 5.757541006418243 7.450401927309624 6.4466464276704585 7.255519865486575 5.725993090046726 6.958321174639243 6.510251130971196 6.263887694178908 6.035191703166957 6.118860775461713 6.405888198231321 6.151625880284171 6.651340654542565 6.366816361956007 6.762208028150492 6.096314731466679 6.387889086632021 5.790642007487613 6.063314717988077 5.954462633228794 5.864410075461972 6.825271855385684 6.97260343902338 6.6152648406856915 5.693417091109279 7.092283670171169 5.2492789272746085 6.650556317712821 5.38437297843815 6.677512412302564 6.986170679471792 5.772241951883504 6.590224590148823 8.05722476532374 6.948739036104488 7.336825732260494 6.149437274485935 6.54905890650558 6.372034858311491 6.614793509334941 6.206437258009148 6.992396993819866 8.922709067453956 6.450692657163838 5.5755034149502505 6.499819859352434 7.555300208138856 6.450216287045699 6.10552959285311 8.071382785743968 7.0569744453479615 5.772855684359415 9.199528764018687 5.697663721829663 6.770847810241468 5.428505147855334 7.974050570350515 7.38063638778658 7.000846725954934 7.353458568623166 5.849212243362935 7.837354634901227 5.803711805898325 7.749479571469142 6.512990219262706 6.445419105827144 3.71725111260865 6.892416090487148 6.844452792376547 6.141948746168964 6.605066160073767 5.675281001971757 6.519608572792624 5.896214210427204 5.522673986430578 5.30234361626349 6.925092754532834 7.294659682529245 8.682203987203877 6.722387584944787 7.387760690721562 7.495764640313994 7.39677617266157 7.584187213144525 6.762050106955584 5.650448754619096 6.666427592385203 6.666647725045675 5.47306043755407 6.326206105547234 5.069374183772342 6.681493309389486 7.1075632267473035 8.160163092005495 6.135608626202316 5.622844970723547 6.396035236150758 5.960839898786837 8.25572895444428 6.959545798036224 6.284506474270997 5.553264963181634 6.463872517662002 6.5484408711813 7.684473184723781 5.20132541218193 5.998397968083756 7.259586404645674 6.276214406091253 5.8426145066382675 5.400539022950807 5.867425329991755 5.036545421230044 5.85695690206591 4.5330080285233345 4.360093023309961 4.805669972295776 4.831877397199975 4.093423204074097 4.15518009480519 3.436267773594408 3.6214166768654743 3.452799664859669 3.6449373889475507 4.217754493681122 3.4438726214533184 3.671627411063587 4.745717905412475 4.072196475032749 4.314141293451399 2.898093264189691 2.5663955076919303 3.470211176740518 4.001224214017287 4.139787471220874 4.0328129188486095 3.282516595586693 4.507328623512268 2.7835620487800203 2.534946467616963 3.066809869582244 4.073429248095117 3.527712798577266 3.23550371435065 3.3254681712951863 3.313932600537508 3.9871476871466647 3.078247533048083 2.999627494175482 2.614896404147163 3.6122814054967947 2.732248445236374 3.137607373247557 4.498697871310627 3.9181297927064636 2.764106002306092 2.7507332227270958 2.417284250838135 3.571693929694045 3.50694323871007 0.0
