
0.5567812963372656 
0.49767629948317754 0.5797388009235395 
0.6029872151884331 0.7039755815130142 0.6343058740656836 
0.5877294967843283 0.5956174430699621 0.5940414508540783 0.7228439430781763 
0.5961521578415534 0.7029375892013682 0.6267625882769485 0.7391649172235775 0.7414541037117708 
0.49180480745568755 0.5873545302357525 0.5177071757635319 0.6120450116528301 0.6427011684159857 0.6206402816896909 
0.48426894507243784 0.5172007883010722 0.5065012954695756 0.6327355893561056 0.512272770149478 0.6351222001916227 0.5485301845349806 
0.591459514838154 0.6295379845406306 0.6131275319144411 0.7439258834919156 0.6478301800527867 0.7319797381470621 0.6562072202376391 0.5631659875657057 
0.5080360541231363 0.5974705458755843 0.5433266213557064 0.6435875055484062 0.6336387105403849 0.6517243403686369 0.4869262005761867 0.5382183660925318 0.6515549144689753 
0.5665792453942439 0.659341100131753 0.6015285577829459 0.7148410422177829 0.6718773909517929 0.6936688498670651 0.6298056191261351 0.5764694367214201 0.7108181173104138 0.658275992999121 
0.5459202437334356 0.5394658958234254 0.5657346325267635 0.6879221665410717 0.5208253159706279 0.698302079329941 0.5951593589911536 0.4684905495168948 0.6001273817005649 0.5852112161575244 0.6268717443593586 
0.511193436492298 0.6540691017558259 0.5565024734728546 0.6379116874793558 0.6780715339315122 0.6454754810127664 0.49000640342694024 0.5783912978387847 0.7047049535620131 0.547993341178848 0.6055031629487927 0.6384469039322882 
0.5363365907195874 0.6061752039360502 0.5369334022898729 0.6497706153013524 0.6294508288910856 0.6576719599044717 0.49366186919580657 0.5537867124650562 0.6739612914120894 0.5653348609559835 0.6169257381464424 0.5961406789256718 0.5386802692802604 
0.5652138463620655 0.6421571079868443 0.5911682917569776 0.7003200151859539 0.6653985753298234 0.6899298758769522 0.5701480307132181 0.5749078821496633 0.6900819000427956 0.594619347774258 0.6433156180457295 0.6097540126242755 0.5992972260783814 0.5986858735673504 
0.549377115991498 0.5825769272702818 0.5685455610848423 0.6925444338065729 0.6399075337872475 0.681983444314034 0.5527216316920366 0.5497067840021176 0.6268334824123415 0.5816459191883685 0.6924731404912745 0.5861373287948787 0.6371779141200135 0.6023762525007653 0.6456120418351229 
0.54346198304296 0.586997993618492 0.5540359508068663 0.6841553112786583 0.5764799583297664 0.6811916889413235 0.5912360326339392 0.5071581488893715 0.6061217244757612 0.5973990934368085 0.6508891648519921 0.5327225049083244 0.6374483819813078 0.6024689043836884 0.6333775597672434 0.5828159495167404 
0.5882700471786195 0.6071110170246361 0.597944986245055 0.7325811486823328 0.6195360107755137 0.722358022568124 0.6479890389837618 0.5453178735723159 0.6604575157654705 0.6529146196894083 0.6613765967235091 0.5758558101740007 0.6834436799943592 0.6405775037827725 0.6706213701051473 0.6385775758219279 0.6040284284991463 
0.4660811192562777 0.5447659987124129 0.5057330637978221 0.6147712490642012 0.581412973339716 0.6127308668998952 0.4896863957423552 0.4852843839618277 0.5744321996936333 0.5069464775419678 0.6121395583890745 0.5339239473721741 0.5417439592986819 0.5462038171622214 0.5796442654676555 0.5231998185903464 0.5297498644419383 0.5913719676991622 
0.5507039006998846 0.5728370185477006 0.550108555311976 0.6782026788278228 0.59661073120338 0.6801364141234176 0.5657962891217982 0.5239903904160568 0.6474352240233789 0.5848319861404747 0.6375395631385734 0.5617178172138242 0.6178474703999146 0.5716874500073953 0.6258318493367391 0.599647496578966 0.584567036690587 0.6070423024602666 0.5550458092975245 
0.45082386405448743 0.4920477782251797 0.46429100099514203 0.588015564903866 0.54467095902926 0.5866122421339288 0.44553088041153194 0.4577097102176059 0.5603321166451111 0.4808384292030869 0.5836525171777658 0.5052076989629786 0.520787925281974 0.4891308498843832 0.5538399750082358 0.48531890905709457 0.5040698519577334 0.5454411266611594 0.4403584084680265 0.4892751011889374 
0.5047769207987803 0.6421587556363085 0.5439324926236566 0.6374265952803667 0.6941463738828582 0.6426308422080929 0.4914904705517074 0.5842634009091162 0.6569386229092076 0.5451922267812734 0.6799767882809751 0.6677014358271008 0.5431376473634533 0.5678996201625275 0.642553188789832 0.5771678909862149 0.6109675271188442 0.6855387204219143 0.4984420655951756 0.6220730715978571 0.4806560662743756 
0.5663235447203258 0.588322800224329 0.5918175539347398 0.7314602653097917 0.5505997105475741 0.7301011480496155 0.6921123611115271 0.4867684544301104 0.5917631147363552 0.6525752301146943 0.6629534845391686 0.506422674635888 0.7097812710538196 0.6761225137081162 0.6737027015033381 0.621573784066436 0.545902974278463 0.6011345919183169 0.5536228389836555 0.6184081296203807 0.5557185888098017 0.6854885651448416 
0.5440749281758485 0.6327219701247491 0.5645936399604863 0.6761723440208456 0.618891202146433 0.6718179203894635 0.5678971261384669 0.5404096746740481 0.654370376392126 0.5856723550312519 0.6273317471232072 0.5707468810462056 0.5892652700042419 0.5879627105777588 0.6116533365611723 0.6240888807844198 0.5848059610678041 0.6397854625991116 0.5534205328322492 0.6060041469412875 0.5354793213617347 0.6172327424129719 0.6147529420473838 
0.67000350848429 0.7742139414957165 0.7171283848568217 0.8177660588076243 0.8051706682491094 0.8088069105800884 0.6862949885410543 0.7067340880666542 0.7881470145243658 0.732401210491452 0.7950197643987801 0.749784130633331 0.7217145663267202 0.7363742927636934 0.7773386656841621 0.7355074854604091 0.7377730168227885 0.8091824264520238 0.6629309368860211 0.7843917019194223 0.6623128505655312 0.6952503104121438 0.7710493213302168 0.7467540670441056 
0.45781731609738113 0.5253143311471494 0.4749100902816788 0.5939694653821785 0.5194467340131388 0.5902011533968505 0.5081479626227765 0.44324357582600676 0.5393751166857608 0.5297812333918035 0.5513593249002323 0.48073993343676924 0.534080805081437 0.5125255118958236 0.5526919010571925 0.5166471801785153 0.4789310498149138 0.5345214628970669 0.45562490707617687 0.5134954367427526 0.434099166903602 0.5140824036216377 0.4901160625568838 0.5060030558839008 0.649916565393871 
0.5076245315437428 0.5513203900207992 0.5088237689248779 0.6351993780008194 0.5585987730960292 0.6348868124866313 0.4890322571409579 0.49008359912544885 0.5976381486455571 0.5295509643921992 0.6087374672936695 0.5086013281232571 0.5545654456271929 0.5114966579101567 0.5681427918465671 0.5405145964751115 0.5270784119238477 0.5844923740254642 0.4949013634200286 0.5400915501481883 0.45282827762393735 0.5600539945023533 0.5719319288270172 0.5405142977778811 0.6922303226806837 0.4607419155106985 
0.498125423524311 0.595287574063145 0.5545163025385231 0.6508527379492689 0.6144143839698067 0.6348372333889744 0.5633109363578453 0.5132017246629407 0.618150976816329 0.565513633497563 0.5832491221397028 0.5533870239213938 0.564755736364205 0.5982213353419211 0.5889464294243878 0.5970720075030934 0.5701589435044394 0.613407087762119 0.5155012144381329 0.596714703080282 0.5177071116360052 0.585791588780394 0.5773820131071845 0.5619619892277249 0.7073316529244311 0.48298355816885624 0.5485854369882285 
0.5115405259677193 0.5733552119746392 0.5204017396755765 0.6319749672140665 0.6000424520984615 0.6345003564315413 0.47978197446066845 0.5222218426151338 0.6434642414547894 0.5357019162143228 0.5983460170845049 0.5556567385433863 0.5302421452369876 0.505320518842065 0.5748399290117009 0.5714497205121097 0.5707113981421197 0.609551011384442 0.5181260752603288 0.5472755357315541 0.46329016866066264 0.5576744657407097 0.640478303054241 0.5606209358084466 0.715102060676841 0.4891032477873064 0.4903036390763653 0.5602962457171681 
0.48866333925866284 0.5663498375269621 0.4861310126683129 0.6217175085409615 0.5697563512386286 0.6161703465851869 0.48630443241095667 0.4926913824179567 0.5970670433365883 0.5373060211459794 0.589226090906056 0.5393505223063352 0.5351063181821379 0.4986067998021224 0.5763951693588367 0.5432160013876116 0.5268679026932213 0.5837099481736678 0.48719179339523205 0.5396485156739218 0.4430273896116247 0.5234528049380064 0.5723584244757834 0.5429675072074056 0.6789973207252785 0.4492594584223339 0.46679052741944677 0.5513583207460513 0.48908214802456235 
0.46429185428591135 0.5471529126980754 0.5068619248732256 0.604620250451641 0.5680518354041988 0.6046159798181937 0.4961439781159158 0.4764989851967201 0.5805217973713449 0.5061731312680268 0.579378489489013 0.5165839753135637 0.5256548840077304 0.5406964196443893 0.558128552509298 0.5413081495536782 0.5282730429062384 0.5800105484483982 0.46747534184965367 0.54400000086301 0.4550055229999542 0.5217568439466945 0.5524229284343674 0.5310953780804686 0.6727051149569566 0.4480265460212098 0.4952405085417623 0.49007296815348206 0.5083912343117635 0.49864902474790046 
0.5545064187966808 0.6216671711944847 0.5719554771593867 0.6969093954568287 0.6603272904201694 0.6846199833577218 0.5809687449878204 0.5670091345123094 0.6555320701836236 0.6116645578285104 0.6739457230551462 0.6230799456078702 0.6320812685257935 0.611208882568989 0.6622796874421442 0.6030843695410248 0.6051009272166924 0.6523949236893475 0.550121244932077 0.6137598341015407 0.5113197604547997 0.587441883828026 0.641881973452502 0.6340170065473374 0.7575670687584893 0.5251548866272356 0.5717479994186243 0.6061453337829634 0.5878301362928692 0.5520707065808003 0.5595796050038829 
0.4802778831300526 0.5375270493434163 0.49619458056173704 0.6075310208469622 0.5798566054207992 0.6115042807566156 0.45861846584907956 0.49568634578079174 0.5770770309843817 0.5032492945085071 0.6298981752393732 0.535378142562661 0.5390321438949519 0.5117744085618124 0.5759074953707833 0.5022330204693993 0.5220538139101356 0.5883398236080554 0.45614496254118503 0.534806614580615 0.41839995260926316 0.4825666248401952 0.5825567425467688 0.5492243620432734 0.6615635437042918 0.44772774158895806 0.46790309493464277 0.5365776400055661 0.4895203897111397 0.4657159502316005 0.4710888906183322 0.5376641054532194 
0.586336444287862 0.7282120569874376 0.6384948364323283 0.7410751535638253 0.7043582317530243 0.730864247396786 0.6515297713178471 0.6056585941068124 0.704170236760362 0.640816099942041 0.6895316950170793 0.6526656245015781 0.6427072081523726 0.6882643045013762 0.6739773730202383 0.7051032805401809 0.6580038334257768 0.7305325497217426 0.6010629531881253 0.7176735251904747 0.6360817412511905 0.6651666011475936 0.6471107597929411 0.6382361795831261 0.7854930052889053 0.5751270148072736 0.6308002879205081 0.5975293249992665 0.6634122474029402 0.6256392708612182 0.583638995192287 0.7116206030284699 0.6343603551955906 
0.4326463315166677 0.5373628623911053 0.4768678746672026 0.5597934513754231 0.5809714440399969 0.5704300654969632 0.3980295743660249 0.48566334610528267 0.5940041239230962 0.45557908679185344 0.5582093700998936 0.5312337542291437 0.4404006482211143 0.4620612801663225 0.523222224435118 0.5138248531410387 0.534005760127159 0.5901117610892747 0.4371705894477326 0.5266739851272392 0.41333521244334326 0.44813638386251997 0.6057555070312127 0.5127071420209125 0.6244886669779149 0.442714432485671 0.45449155947718706 0.48698164860724474 0.44647502845350573 0.4499274258474909 0.4351688882158636 0.5340457488135497 0.4226494386311662 0.576175525639193 
0.48908067998300125 0.4985970748465351 0.4910843395713462 0.6287628105834023 0.5005852755684791 0.6226197339118594 0.5251359138973922 0.43711228863673934 0.5731389338345807 0.5438828289037284 0.5433166179065181 0.4533816417621094 0.5632614118817552 0.5113506730306414 0.5547112519790267 0.5408835951540195 0.500441473077079 0.5221594917000087 0.49629414866551563 0.49337105620794686 0.43687694336703164 0.6004409564317631 0.5080612728522482 0.526318104558807 0.7078230147334418 0.435374526684965 0.4594347825599306 0.5173820644373354 0.48182479017529695 0.4633097364722966 0.48174032248097404 0.5555747090830884 0.4872287614526031 0.635480030190831 0.47560367761046474 
0.6058439303819886 0.7512147112970105 0.642689816380115 0.7543271875498868 0.7539766928884636 0.7373657448768266 0.6543946140609079 0.6486398259880386 0.7416935342714721 0.6737671617157915 0.7122893337077983 0.7183196897030957 0.6581364453786069 0.6895444710638703 0.7138747861183391 0.7140865955387369 0.6891186218107695 0.7509959527646057 0.6241637911840596 0.7218102441875832 0.6252105760449296 0.6494049731605662 0.7167305813564204 0.6785252743121031 0.8106432143989144 0.5961967258182692 0.6576382321250008 0.6432906346768341 0.6700678861045877 0.6273682235183685 0.6184543921441963 0.7069662181468179 0.6377380219740739 0.7029018695610781 0.5924606402949526 0.6567675260005058 
0.5298756424181541 0.6061567634349708 0.5548711794281619 0.6652967213260408 0.6554984271591064 0.6520057204617218 0.5241587995014668 0.5586412268762416 0.6800654101273664 0.5761036713701648 0.5976860121568662 0.6073724339438802 0.5524325493591073 0.5477347105902557 0.6011407939574591 0.6151675207173426 0.6207694107125896 0.6414220748178155 0.5536049005456263 0.5872600699174111 0.5049038448098537 0.5942459243532741 0.6803390285403125 0.5999322522531932 0.7465976817668457 0.5295458754664518 0.5453190023493537 0.5736042979613873 0.5312852977314669 0.5351833729732165 0.5398361810145024 0.6208309187695165 0.5432792753168844 0.685952101902836 0.4816727426159269 0.5193872784784273 0.6902819333539735 
0.4778612936749274 0.5552567646663746 0.5085611205142514 0.6119408574760516 0.549645223964535 0.6155614656154481 0.5209558391706841 0.4708219577178695 0.6002321402614301 0.535302594727009 0.5460920568671707 0.5067226780879357 0.5242610794192628 0.5281434933666244 0.5568040446252098 0.5770895111167647 0.5351495982747789 0.5699272601810307 0.49922181199196847 0.5356786297159122 0.47541938819579616 0.5658739528440713 0.549045432710292 0.5275816938026531 0.699379848850015 0.4491391281098284 0.49911876131022437 0.4985106074985114 0.503984018066135 0.4969718248549062 0.4710923711149055 0.5772744964256864 0.5043814909081104 0.593790498787187 0.454625804685029 0.45758941502040035 0.6293570605567504 0.5318210644040025 
0.5620018467584282 0.5604498373503626 0.5724926772924168 0.703513794644862 0.5584450618718289 0.6968573241760931 0.6328878066935901 0.49541108002039946 0.6144658034516218 0.6377183695407233 0.6096334365366477 0.5073025683052341 0.656922851064283 0.6037792153556465 0.6283006749807839 0.6092010007102759 0.5568776282069554 0.5801153267476871 0.5642268517701422 0.5707389542358898 0.5256856219979692 0.6812115815866826 0.5340920386303423 0.5941880681572697 0.771157564534577 0.4860114829664698 0.5413240425357126 0.5668424858864428 0.5741507216032804 0.5519773604060058 0.54246751539501 0.6260966104638964 0.5619544514843272 0.6841107735216169 0.5625718214241066 0.4685363049975454 0.7237524180313522 0.607482176130441 0.5200398807008351 
0.6350961086510802 0.7045214815015982 0.6540667674591255 0.7591990227234834 0.7609028240615642 0.7702483984565497 0.5747431925190363 0.673164621848541 0.7744303051809865 0.6343246631859232 0.7937077373224324 0.7176978638681055 0.6644292528013717 0.6494131770572545 0.7314545033850024 0.6703057813600042 0.7095608853292984 0.7703381952678867 0.6185527408441938 0.6933380630517368 0.5647857089851056 0.6278873612762375 0.7996173299736834 0.7181978695142295 0.8285849698965467 0.6365132689420016 0.6261555861862403 0.7145038828277938 0.6291560593409031 0.621230014532965 0.63766905384142 0.7051914539920884 0.5833563704379453 0.8160686892038936 0.5551231944809563 0.6530540501604362 0.806586223171381 0.6828594236340834 0.6708149717906816 0.7590004311258765 
0.5323215597201866 0.6296946658534804 0.5681299269234588 0.6674126804983471 0.6715175799411612 0.6690210000830057 0.49878493535592394 0.5760376303987199 0.6779704142110803 0.5471200875611759 0.6707673278893513 0.6190096936232642 0.55842760061881 0.5697819190402234 0.6229870236400453 0.5962300850414572 0.6176177884375318 0.6811473294080733 0.5276074586422578 0.6223752481772702 0.5016119663491275 0.5506655411363357 0.6865340234751431 0.6085189887726139 0.721388515639138 0.5391498215834161 0.5404874311134911 0.5900895466921523 0.5476154609507767 0.5371722254140802 0.5355080252620312 0.6245993540929567 0.5133687750592447 0.671695942904827 0.46347247467193053 0.5653950310572845 0.6889256565659819 0.5880193416071572 0.5630626915082442 0.6595361801773606 0.6469057261282468 
0.44451639280731436 0.5867442882990428 0.5083071069381178 0.5885825369746159 0.6106835996992593 0.5864001822795601 0.4641734570861279 0.5012409094627955 0.6105784053953796 0.47715226844795056 0.5661140011571412 0.5567314348496478 0.4737538272048107 0.5360489613173078 0.5420073204659542 0.5635836540020004 0.5588432888546377 0.6165242472116695 0.46431411607312584 0.5710453136550319 0.47108228550427084 0.4939525980468075 0.600690516058163 0.5241820631877613 0.658992254081806 0.46866951396122575 0.509084328532572 0.4739569964906464 0.5056903156830015 0.5062240108391654 0.4460191867347701 0.5723832918485645 0.4823053120978435 0.545898351396143 0.40336131408143205 0.5168102043854926 0.5889368171203618 0.5247717540959588 0.46786856784507097 0.5905022551376874 0.6289823365077372 0.5094564589384994 
0.48069271193242386 0.5290348583765364 0.5159601397496879 0.6196255675072007 0.5424873949270282 0.6350791104489374 0.5008111710137172 0.4670089724222368 0.5804038994049935 0.51055847247773 0.6096426686992865 0.4926850370184055 0.5499784800518938 0.5419648679895592 0.5768421198618278 0.537268817107494 0.5235691958957419 0.5791041182514454 0.46978642037288654 0.5410445962296383 0.44802471013458967 0.5388811318764581 0.5345238641008898 0.5474009610065153 0.6842456595804617 0.45640380362103716 0.4865877484420129 0.5205925163723095 0.511831699865562 0.49580254819431646 0.4691102488563515 0.5682413675272792 0.46819906554290824 0.611151231643787 0.44496889823918223 0.47114035006280447 0.651048327966243 0.5581946417701564 0.48459980094211863 0.5375681850398184 0.62936529163411 0.5403432389425439 0.47771028718572267 
0.47611723827243657 0.5774263761728994 0.5224453768878241 0.6183743151075233 0.61174702102368 0.6083627119797266 0.5344330324665342 0.5087763194360276 0.6120606943807582 0.558752811677071 0.5653795960074706 0.571864302088489 0.5365741742603551 0.5605416963182395 0.590111629236914 0.5757364631130432 0.561595421031273 0.5946954256331822 0.49857008219797655 0.5619738952145755 0.4765500983036848 0.5297969663773151 0.5914032882704673 0.5620755801025801 0.6953604170182467 0.4607644227416602 0.5426846247009872 0.5031982099013593 0.5333618319470452 0.5218080468890649 0.48023817366990446 0.5684073537561626 0.5049591067184133 0.6253939740880763 0.4620698672441707 0.5045316138383898 0.6270523812627727 0.5455538704323126 0.48519024545284367 0.5604844565871979 0.6758885655721404 0.5747110495731761 0.4723605045893713 0.5125569381775158 
0.6927869207422555 0.806530331103795 0.693807492353458 0.8213883552451943 0.8096521280196737 0.8021115368865919 0.6694881882697824 0.7215965939999547 0.8405546171762466 0.7251339250841912 0.7608592078203427 0.7685135906390828 0.700200488474674 0.6909462053271096 0.7475524984781388 0.7789866267395926 0.7609676587156815 0.8084521204980291 0.7145850797781009 0.7534076459366629 0.6716159128640609 0.7482011924630695 0.8380082182785091 0.7275841574652537 0.8956638775595208 0.6763139835656348 0.6741790840638578 0.7380473233799836 0.6772425654345913 0.6570651535302058 0.7018048970408337 0.7785566540646464 0.6959975660437963 0.8080653225939872 0.6409672891353665 0.6756477588116985 0.818168773405518 0.7108816350165029 0.6899120271561983 0.7798945481162589 0.8346483451748297 0.7318793187152453 0.6756840771908352 0.7245801871013376 0.7250620351665003 
0.5717885397472553 0.5618141612195804 0.5662281979134859 0.6972585498151407 0.6098703944303768 0.693365917225891 0.5775960996435535 0.5383028281688493 0.6580652744885348 0.60794912700421 0.6543337392674919 0.5679422486561897 0.647868801790369 0.5836147997313044 0.6440428206969416 0.5938240850101235 0.5934754141866655 0.6058293668957305 0.5694900013619022 0.5508704821619621 0.48339306485326333 0.6415183108416093 0.6417319929566419 0.6274114535470457 0.8012466236016272 0.5243230716604105 0.5483805314686062 0.6143424912434372 0.552021143790949 0.5544188512889809 0.559609881435517 0.6159212182721236 0.5357333584035422 0.7712355140434259 0.5434781660738744 0.49035921091619394 0.7556517305591275 0.5928981502481744 0.554622652152907 0.5695690220616348 0.6943397015286575 0.6377011183826895 0.6041070156374148 0.5548040068457446 0.5685768692461354 0.7743147865174403 
0.5798741601081236 0.5964936502174788 0.5689037490663936 0.7184689560715533 0.5804580066281437 0.7324382024078278 0.5779964435053107 0.5270241516808153 0.6264512355805194 0.6015531686388697 0.716935866006743 0.5439915562841907 0.6629422412424028 0.5883977090197833 0.6621446807032391 0.5891958114118568 0.5658580703984011 0.6420559433833332 0.5430347860044702 0.6100015188426182 0.5106704860496225 0.6250438229446758 0.5616456653268744 0.6234882701181722 0.7536027183841062 0.5183751196155378 0.5126905198849342 0.648673517872451 0.5786557060914421 0.5102849342621588 0.5754790348413673 0.6328941914556665 0.5233430343258682 0.689470152692151 0.543850901532194 0.5200558228264549 0.7339085906516544 0.6506724583620337 0.5848268948358594 0.5955486209018807 0.6929351608292169 0.6151261157863768 0.6130937008098745 0.5304306862864733 0.6500665405719684 0.7726460218553429 0.6337241261287232 
0.5429089213045173 0.5620887248965343 0.5222999471359402 0.6556234793574963 0.5572681975872489 0.6647248134738287 0.5259403250744392 0.5051565303067701 0.6015573724698527 0.5837551436529856 0.6375939905869327 0.5223384212263908 0.5965008942235551 0.516334299556522 0.6068158064484164 0.550725368068087 0.5278269554119236 0.5877209032484562 0.519570211576502 0.5453306025748335 0.4649141028905062 0.573626152557797 0.5701419197408183 0.5658194460300051 0.7125482478547314 0.45502523958763075 0.4714017454922881 0.5889110049484989 0.5077776500271446 0.46888521455171783 0.525004886673468 0.5775833511531562 0.47185291481999786 0.6795037521946393 0.4876349064214037 0.46795612707584827 0.6882383135096095 0.5760168361761725 0.5202311542747117 0.5346908406987454 0.6492222865982238 0.5792601787049135 0.5694732787656969 0.5073756804500067 0.5588446555435356 0.7085057147495254 0.5453322861216601 0.505149377284618 
0.4392469580086824 0.5858884730891345 0.4923781136202471 0.5751262084836698 0.5985904207172753 0.5780091660433568 0.4395801434850861 0.4949165654168745 0.6098911109449396 0.4576166668002818 0.558472366864896 0.5491905036771326 0.4524182263379411 0.5082548337668784 0.5241259837614717 0.5599064777525969 0.5521878684026115 0.6127883881035388 0.45998913531619107 0.5575800725834842 0.4627182549104917 0.48466524178406556 0.6038640919814673 0.5080562497962149 0.6549225978506718 0.46333053223309395 0.488188435225787 0.474996572395442 0.48421066173739213 0.48598346126528597 0.4404090168378401 0.567890432025815 0.4713142186756359 0.53252930271622 0.3872383509890791 0.5060002958941676 0.5788779229370274 0.5100746911053551 0.4567588528327313 0.587595706519824 0.6109748873496523 0.4929797237025556 0.3844201607021058 0.46935563808525765 0.4757317941144656 0.6468235704392701 0.5971150650427265 0.588668739054188 0.5488940477498012 
0.4816971452352787 0.5667815987378888 0.5011971157323196 0.6293380469591571 0.6311509318780776 0.6106136282109745 0.49843236931698137 0.5226606615110925 0.5989525599822991 0.5354993751880136 0.6278915633242884 0.6001510437853378 0.562116270477867 0.5494689101671281 0.6095915627368077 0.5286810795209798 0.5562377946647017 0.6053697053952068 0.475832837122727 0.5564189022970143 0.43185068657652603 0.48617730974276857 0.6111433659688391 0.5877551528168533 0.6893835501297217 0.47418829432599946 0.519303917964354 0.5549022769670606 0.5277790182052351 0.4853428136411941 0.5003996750484785 0.5414488788600549 0.46216119370539 0.6625524150848537 0.4615065297211452 0.5162212563294616 0.6358401873251226 0.5556447294423082 0.5336886437153142 0.5984515618742288 0.6183358557839858 0.5478775545854564 0.503797312450857 0.513522789110109 0.5015063805177529 0.7153304484562717 0.5566024622174052 0.5802284662532642 0.5302064633795609 0.5010213153932753 
0.5169117586324481 0.642135885617481 0.534528024615294 0.6381228258331828 0.6711429277622154 0.6413208078158799 0.4746654764078609 0.5756032180237426 0.6662025375627683 0.5343333868292898 0.6577255056383902 0.6385811249593576 0.5294220686735719 0.534520639917675 0.609206227599207 0.5861304683485358 0.6039149404564337 0.674435737466131 0.5156962601497731 0.6040904849666441 0.4865550056163229 0.5039673870959579 0.6916232504332656 0.5885174226167964 0.7072134625668526 0.5143605430106803 0.5252181037892146 0.5868371968970129 0.5264388668662107 0.5040165414357464 0.5244603696247383 0.5992753502913375 0.4888077989246035 0.6526678098007028 0.44502715229370365 0.5668249691966719 0.6530467630264641 0.5717502579363408 0.5488462039515486 0.66028954784516 0.6266621878557174 0.5432873026094446 0.49489317149638595 0.5396775017073168 0.5518109458956926 0.6971782810217775 0.6271375050001052 0.6009028124718919 0.5464481787660705 0.47097928818242696 0.5146601926529861 
0.46333151303176395 0.5535833375674517 0.5001205453559825 0.5928209487134206 0.5894453357771697 0.6034956988165613 0.4522350639332336 0.49781041237638995 0.5789229045173736 0.4888980194392784 0.6222349613656947 0.5443468304589953 0.5122487184051523 0.5179684564330415 0.5691253185180679 0.51310145770268 0.5293378537939584 0.603448084675934 0.44579078556627866 0.5519802750885227 0.43215646932674157 0.4613978463285703 0.5815873906615608 0.5417808542810172 0.6455300129053798 0.4470862138126647 0.48041711818401 0.5147635374944107 0.49689649312757234 0.47704571219162284 0.4553267436054242 0.5434702961666729 0.42831002752117037 0.5966306659449256 0.4039593777396233 0.5100780572267608 0.6157790243853007 0.5445914488836644 0.49340883964925547 0.5766168701066853 0.5875823885772041 0.503296847193273 0.44597888189159735 0.46049439821490523 0.4895320611649545 0.7009974962560387 0.5671145109685571 0.5402703950402821 0.495174729397812 0.4360746865791569 0.4681182932335508 0.4776870169325992 
0.5717524577162355 0.6563183749792824 0.6023255254929925 0.7024618005425821 0.6466799603968021 0.7050638214975385 0.6015741461645799 0.5656799860414468 0.6790596642734342 0.606528738586478 0.6524221882509148 0.5955680882670882 0.6128307910396306 0.6192607233531807 0.6294463913680217 0.6628022670017418 0.6243749112585049 0.6736995906453053 0.583820757731421 0.6393197720914292 0.580987685281953 0.6543399710000323 0.6369480847403918 0.6056368185272644 0.7816235694313131 0.5422332191553653 0.5793485724030543 0.5815075505766429 0.5972241504295025 0.5923184240503859 0.5535107083848241 0.6766263669436703 0.5883106275462667 0.6450824515501096 0.5383280387700998 0.5678747962452533 0.7102644808186234 0.6302925218914809 0.5491438088434801 0.6190695055633401 0.7636701924097659 0.6437777030409194 0.5401470038852962 0.5715392135699114 0.5926961294730015 0.7738128371115954 0.6717449436317955 0.6578670175544613 0.6089385997525816 0.521916603826483 0.6374622913285719 0.6247051109127102 0.568315686850552 
0.5789094994943014 0.5599783140661121 0.6137976795149636 0.7318917811320697 0.5931606971912807 0.7315513683682685 0.6497778808747445 0.5199619735677989 0.6629670868915708 0.6451118676009588 0.6278432014264339 0.5338996092157089 0.6713098392460844 0.6377209922435059 0.6542599980070424 0.6461135076385837 0.6151148905321817 0.6125610581263478 0.592415022325791 0.5935711041113322 0.5460977532394037 0.7211946384364365 0.5832995084268182 0.6449487723997003 0.8162937902135604 0.5467754642914452 0.5904967469336866 0.5936399478330349 0.6030585359175636 0.608600056226844 0.5696629028315782 0.6674821201541977 0.6073161224061019 0.7335767082271716 0.5785116622729793 0.4949457360155505 0.7764959417564393 0.6192811380729961 0.5468161594466161 0.5469191120892851 0.7797817107293851 0.6830802439673863 0.6064649015116307 0.5568310080027247 0.5870428915031368 0.8322190525144401 0.5887206240093438 0.6517690055180516 0.6087576997272307 0.6081885284936821 0.6349453840609732 0.7088646225552703 0.6165125932254664 0.6578897969432318 
0.4975597655292687 0.5725835864065347 0.5133537801260846 0.6425637037756159 0.5742404189767039 0.6241634042943659 0.5734902228611372 0.48697273250559636 0.580009804870668 0.583033934484719 0.5799638701636792 0.5396475215875799 0.5885306441253692 0.5708611532169395 0.5975987878170679 0.5674062873500247 0.5274098494348798 0.5709107415031297 0.5058608922815346 0.5547115313293011 0.482458117970147 0.5664264536107109 0.5316353485415266 0.5540046964394673 0.707028970465663 0.44250388979343086 0.5211939657035838 0.5203231608648592 0.5451090064159902 0.5005501324374912 0.4953995196702506 0.5652771595242699 0.5074243016671949 0.6178262426973535 0.5063064101963389 0.479823923596433 0.6313102526199318 0.5715687451091864 0.49364887165293536 0.527781192777345 0.7019394709200436 0.6003588291214765 0.5149977179237397 0.5162794857013796 0.4936788255123309 0.7207055762422657 0.5650819471068402 0.5881294392713365 0.5198341512955499 0.5133524858965458 0.5088022763107481 0.571026032753491 0.5085722693608196 0.5906261348461599 0.5874652238098106 
0.5104514912243009 0.5318659509177676 0.5091551867166388 0.6437073994417285 0.5564319523978578 0.6449014978188149 0.5350444878580952 0.48198016621929246 0.5929233255127914 0.5449030700280996 0.6225513483482294 0.5249402660172364 0.5986122645300636 0.5495337726120281 0.6017130949875786 0.5467925993962274 0.5355117089720136 0.568376198346006 0.5039757789298772 0.5191548690574389 0.44268984627786356 0.5688015383527935 0.5612578224513459 0.5748818266944022 0.7406467732183657 0.4704449079860204 0.5038926581241789 0.5639830598763615 0.5223554167079099 0.4989929517257399 0.5052206484960509 0.5657806678426008 0.48544982517775476 0.6790778431061497 0.4967885578448259 0.46375929276026756 0.6804320269409213 0.5670778228622294 0.5097057970768937 0.5383999375430467 0.6501356032993864 0.5845390985554448 0.5387616470584007 0.49755460259414075 0.5273141946366817 0.7309780060917732 0.5168035917830126 0.5539174338872599 0.5051939031282295 0.528667447006689 0.5009146224481075 0.5645855263105094 0.5035613231696298 0.6125336954155917 0.5678268836853395 0.5106637929671746 
0.5123389915997283 0.5714896866423804 0.5267764088736371 0.6419900271649795 0.590896688823645 0.6462044058453864 0.508768867631019 0.5123446149805646 0.6211181769033148 0.5392145189750832 0.6281746907257972 0.5484662361820023 0.5647459507487068 0.5430775683447161 0.5958621355008099 0.5633151898047699 0.5571948538051406 0.6083974998658833 0.5070109761365964 0.5575757661548314 0.4662512544000814 0.555232361985046 0.6020925978928613 0.5698846480240838 0.7166405745000902 0.48427319489242676 0.5035891072580245 0.5602626342690871 0.5193413416697824 0.5025320308041301 0.505894829054609 0.5856093043209958 0.4884141043313056 0.6549087965709841 0.4684955565096351 0.49571254062578063 0.6703003359020727 0.5658659992804144 0.5160980205476909 0.5757755038464535 0.6427112038618203 0.5615698351843219 0.512053593858628 0.5045553031882497 0.5381596657358095 0.7138653899726235 0.5658015032700512 0.5672922680568604 0.5188934268547384 0.49714242384661 0.5226138469983437 0.5428764618964993 0.4918225857733913 0.6054900988745929 0.6103258831166003 0.537863913146138 0.5182940966069738 
0.6274624694921506 0.6699068252583897 0.6490634956797767 0.7673457529763738 0.6862553421913244 0.7674050604140272 0.6503848100848892 0.6102101154300801 0.715529472216657 0.6772295146074647 0.7289129921637012 0.6366323872649267 0.6966344843852812 0.6689922718418966 0.7133288234536747 0.6747081841562892 0.6579448494258305 0.7071918148060843 0.6193985672689358 0.6776060609810625 0.5894486558533272 0.6900257049363087 0.6729010593919583 0.6839705649611536 0.8191466167703112 0.5853769111804328 0.6172003167689476 0.6627665572867052 0.6448037261904598 0.6180800342482865 0.619697807813945 0.700014113986311 0.6104435047468293 0.7581589570616594 0.595711595497067 0.5956927864336872 0.7865245120613571 0.6859764502456309 0.6250950982201648 0.659671089222327 0.7807417617593254 0.6891379129992291 0.6380023264562633 0.6130782171446273 0.6504170854835496 0.8440745346437933 0.6849529331289702 0.665223064739436 0.6253223669681357 0.6296352975649304 0.6475060346698235 0.6819692598709487 0.6140071989420153 0.715839347446514 0.6951336065651923 0.6396671853203307 0.637529545087429 0.6467406078873577 
0.43352266668955614 0.52719324065032 0.43263170697374614 0.5645191834976505 0.5613266418310521 0.5501459733488742 0.4377822419092322 0.4668065899425502 0.5500820496731506 0.4948946481415973 0.5465329952498177 0.5405020017410485 0.48665064768980454 0.4572982735294761 0.5402460835618933 0.48769131772226165 0.49306059713501377 0.5431415257236638 0.43547281422687173 0.49113312109107043 0.38568532583934056 0.4372770436467139 0.5578625918461675 0.5112720002546308 0.6325384211592566 0.4015234822842485 0.44406437521712305 0.5033405314494794 0.45003798710209075 0.4035573274083173 0.44974291373080033 0.48689816976860345 0.4082671930232207 0.5979290364268753 0.40141109386180707 0.44360581102396285 0.5694208609645002 0.4851490807368442 0.46022842603363534 0.5252264874100451 0.5689167634097873 0.4948900532170619 0.45574062991022657 0.46556235132972845 0.4450536403301871 0.623152388580313 0.4972924768411096 0.5092828754210811 0.43645490231143846 0.44257666401617135 0.4013800919042565 0.4435455232135811 0.41785361264607274 0.5617845977740105 0.5851777992299192 0.4397603930734873 0.44560709782185326 0.460269839559857 0.5851805815368122 
0.5319146482697193 0.5948264986431748 0.5627080958722985 0.6721581684951913 0.6038600834460072 0.6710743745659079 0.5758401164089458 0.5201359505540449 0.6357756091142136 0.5791432953611282 0.6178249091721175 0.5558937335955763 0.5956243933056977 0.592247201334723 0.609757666114548 0.6134033581582798 0.584169710262518 0.6216779056104581 0.5423350961988503 0.5897825840718147 0.5235163934677771 0.6174558685444731 0.5895615873414242 0.5870280280719228 0.7514084794479854 0.5059780254818566 0.5502626222593534 0.5536389642196546 0.5658195925279766 0.5550022962595184 0.5226955861455099 0.6267592995113996 0.5491398205504887 0.6422232461909176 0.5135132567486197 0.5172021364432913 0.6867600386305984 0.5938253491156134 0.5201568213680386 0.5735735956571023 0.7213913013710214 0.6149174684059279 0.5240083356648451 0.5327711298773581 0.549272235332253 0.7561268212582455 0.6090345463260475 0.6204390751115366 0.5747543397913228 0.5140026611105263 0.5790587581429673 0.6041482515917155 0.539440312357293 0.6012831766580492 0.5985831756016746 0.5488664687129504 0.5570592822056959 0.5687829502570968 0.6757221494136412 0.5167485257486367 
0.5879102536465136 0.6598591451877727 0.6101555346337603 0.7048742588715844 0.7048143840180978 0.7212408283301462 0.5344345726382808 0.6203585884915122 0.7252661064378844 0.5824465216944389 0.7389294342800299 0.6599866130631772 0.6131293496038608 0.6062224244779577 0.6739266920227254 0.6319270390727719 0.6596803755022113 0.7194417901156404 0.5754019422397074 0.6419382508150511 0.5289061566369246 0.5898650246486891 0.7464229034482739 0.6584338845099618 0.7884434969491552 0.5839678915634285 0.5826077447135244 0.6513973651993672 0.5827434964984741 0.5879458604359574 0.5790748791447893 0.6648744886532056 0.5417131514332089 0.7529599165859479 0.5081004077862294 0.6066358757470158 0.7562957620188889 0.6373419613626675 0.6087183947063937 0.7017789940596871 0.6727408815176785 0.6063928909772754 0.5678908875707558 0.5781362636420353 0.618713683650702 0.7913581446375363 0.6462786023735917 0.6643658350634155 0.6071182774635666 0.5492848806686973 0.5871991147582155 0.5842351655445309 0.5388039219629158 0.6935871803260819 0.7244672046237887 0.6486866653338125 0.603074044291957 0.5953121154753347 0.7353221492031662 0.5344333826050387 0.660768134495799 
0.4691876267491835 0.5687647827660035 0.5071574718064419 0.6137011129561863 0.5737898055734199 0.6068659251255724 0.5301318603441642 0.48253906162021654 0.578026604170495 0.5567633065372691 0.5566969603726611 0.5341880401517314 0.5315167196293734 0.5392394768038696 0.5748277006683941 0.5600059468205755 0.5280466124458766 0.5797282785654 0.48054276836058124 0.5622565693311011 0.4766945803941429 0.5250260964877431 0.5328281732210619 0.5376985765050963 0.6619449640788221 0.4324196511794471 0.5067165001602104 0.49554993454042595 0.5229967727182631 0.48494715777312086 0.47198102227129907 0.5588537940998733 0.4887718416658707 0.5778130368250092 0.4536445654886848 0.4848088543431524 0.6047223519792336 0.5456400355615316 0.4722749886509039 0.5311968339926704 0.6734678573792114 0.5603118066795063 0.4703927517793585 0.4907684269714097 0.4737880621553851 0.7028221085350808 0.5843329931920003 0.5709705305956775 0.5118589701527152 0.46707131105337135 0.5035749043485643 0.5351442990105779 0.4722253331720318 0.5627183475507652 0.5793381301351 0.4752806700092422 0.5239388021153636 0.5233926328979613 0.6205359866898931 0.43217172777787066 0.5312601587021337 0.621407009279659 
0.5135392530309534 0.6008106919259144 0.5325744763928644 0.6606400330987372 0.6362643489665594 0.6352955227241112 0.5550186572305749 0.5330210854517109 0.6173439911794022 0.5794071536431632 0.6072200697165598 0.5973579032114265 0.583432202773153 0.5719954026185088 0.6050789985486935 0.5840719019222387 0.577647058306613 0.6180795457530152 0.5228750953509435 0.5865864452833909 0.4994081444979946 0.5646955004515897 0.6038116633350368 0.5860875000968591 0.72141817716334 0.4899216823762175 0.5409805825478288 0.5524152997276346 0.5554136184320845 0.5191372322641935 0.5221954889081569 0.5894385075399113 0.5220951309286329 0.6368510693432112 0.5025261315042874 0.5252503563562959 0.6497747676013503 0.5731909989009214 0.5308420247618993 0.5852328492762381 0.6986809743852492 0.5966201954347875 0.5208927453774662 0.5470285535500118 0.5286260131531394 0.723142659093176 0.6024948696791865 0.6102680527434741 0.5556804508414447 0.5124175856529792 0.5187494080409701 0.5638566251992431 0.5199027846345565 0.612744851953702 0.6313568954243928 0.5198167350388428 0.5458506469360102 0.5596308289438707 0.6701065693760091 0.45372955773968404 0.5774392119914663 0.6522750612223257 0.5092418573936177 
0.5174420279129909 0.5628040188781144 0.5267440533383958 0.6500249595569144 0.5625041903575858 0.65134300441293 0.5340747633145041 0.4936714267028116 0.6165013861752411 0.5660159648967424 0.5918296638184537 0.5190784335364003 0.5690127514726602 0.5348452366767386 0.5880129638227102 0.5786704205834585 0.547273622608342 0.5871514048693875 0.5218492875382286 0.5511003147610002 0.4803996655386851 0.5946975844869339 0.5688593259119259 0.5594023920393763 0.7203207256565407 0.47239594518050193 0.4959918910996627 0.553046870412991 0.5157103415915728 0.4939897711033819 0.5118691793507519 0.5926348819600054 0.5096387761292276 0.6463000402214367 0.48371665356531796 0.4637137011865595 0.6722888952649393 0.5569291017638798 0.49804711168877797 0.5370585256175324 0.6729197794910208 0.5800142681859748 0.5277875560244151 0.5068735480309107 0.5388717788591425 0.7036526763570339 0.5613773482935457 0.5539739018588089 0.5038784908738481 0.512022795957004 0.5468860627482901 0.5671933057063968 0.5176594953685609 0.5930710276166387 0.5737450942764076 0.5246810263266006 0.5203348455789418 0.5305293319528496 0.6360997511693124 0.468552053634157 0.5572356818932036 0.6252981719197331 0.5092698883529583 0.5563494727434292 
0.41746919630486645 0.47028602721583573 0.4213212016034987 0.5709275741603822 0.493883575369489 0.5411003488846237 0.48374767701436394 0.4022684206755787 0.4846364651368611 0.4956258117043197 0.5133824900059548 0.45804188155823744 0.5263911074610622 0.4861283663897412 0.5191199724003087 0.4598304606633304 0.4391204432305268 0.4803863234330972 0.4148095023152088 0.46287774924263275 0.37773816527820075 0.48061606491141634 0.446726138171505 0.4831129806263607 0.6247494077269435 0.3650285408514665 0.426556872948231 0.45533152923084713 0.4597864856915048 0.4031560143580681 0.4223642987682506 0.46872137451126594 0.410850740258034 0.5552232643656471 0.4314492627086092 0.38818758498049216 0.5573142469264728 0.4870634478954634 0.43003352502747466 0.44598375855358874 0.6015516429097056 0.5116501521540164 0.4528365379056526 0.4345886093099028 0.42738719346205384 0.6341296248264402 0.46537902986781865 0.47445390025932277 0.42521241101144586 0.4512158959428448 0.4010131854089177 0.4852793558564523 0.42661941922067226 0.5280033988921214 0.5042740868557214 0.3911941438541308 0.4111330361581395 0.4494236413384812 0.5513831023872174 0.34119060010731567 0.47478087402591235 0.5613133012742153 0.4058602170626863 0.427934882742055 0.44060386680572683 
0.5093270966760001 0.6084855581713784 0.5257069324454823 0.6267891400120112 0.5822929989983032 0.6436919723430051 0.489780511914897 0.5129188056613625 0.6379568698559185 0.5147698746003881 0.6135146850237798 0.5392706328859809 0.5230719583224993 0.524951007501396 0.5668591268105784 0.5934132240967239 0.5601126032184739 0.6273480320152368 0.5142818458999758 0.5709075117556517 0.49620325101982066 0.5621663291906135 0.6081506007106003 0.5356555351947043 0.711959900135693 0.4850218090656599 0.4896768724922192 0.544670779475368 0.5063945484503627 0.498324540757037 0.49433361509279006 0.6097584256224221 0.5009572529510016 0.5958643361745642 0.44752964893211183 0.5036962211538286 0.6466978598062427 0.5614873805805063 0.49274260648568724 0.5867383986247168 0.6493910060494519 0.5461235900322677 0.47238028622734235 0.4989779302373677 0.5488482797227912 0.6762114580990944 0.6053568666046781 0.5611308780946057 0.5214795285464437 0.4424254783058806 0.5626072627981842 0.5201364431834918 0.48663916179735317 0.557466689831549 0.6321811775073022 0.5481462196860268 0.5426443041424068 0.521939258970965 0.649932151405009 0.4799242478471906 0.552346259251475 0.5882353877955873 0.5164691299668001 0.5652504079324802 0.5206498651960806 0.48083897590102803 
0.5682350857603615 0.6448922398191403 0.6023430984518394 0.7091734125598625 0.6666959617718896 0.7070622790164787 0.5712328768630894 0.5795526472479845 0.6983967339947276 0.6027169892826004 0.6636785981320835 0.6116426629452103 0.6055906847527232 0.6083614556340505 0.6447270395457538 0.6465097326775952 0.6375013809359291 0.6835089503318243 0.5758501881500283 0.6420259885517065 0.5516873362001918 0.6359790661179926 0.6712865191195039 0.6288654019961001 0.7696320728127173 0.5601743455120544 0.5734213052097129 0.6054760452253535 0.5847862272714922 0.5754493323408684 0.5680813004570228 0.6667613714464575 0.5753005255412655 0.6897436287727583 0.5220522688509013 0.5624911403646851 0.7255521157168269 0.6161215884898865 0.5715649857788822 0.6433836778449659 0.7230631932700751 0.6195982461911387 0.5537380861404277 0.5722248472744109 0.6030029032142894 0.766270479892326 0.659776734243345 0.6462408624172344 0.6102089839076715 0.5388918821464925 0.6102950402529043 0.614849542713962 0.5678115087313935 0.655612224546785 0.6625578750112663 0.6143644513990504 0.6122861037832105 0.6011087986458763 0.7133715899591175 0.547989697092967 0.6267514307118683 0.6757312222563461 0.5808131983080492 0.6252590050787371 0.5940790072457304 0.5324925288704521 0.5801897085638873 
0.6156691039863417 0.6311020525540847 0.670071077588058 0.7710872863151365 0.6749944217708613 0.7694405131321771 0.6654797313459496 0.5902295594256846 0.7308620581377546 0.6682772194984725 0.6869938490021154 0.6048902895640856 0.6905191541064966 0.6911729387855129 0.6982609608415304 0.6928992562806596 0.6781496387323246 0.6895107855155957 0.6291390110179094 0.6643150325445395 0.5940434936369292 0.7404359937387793 0.6716965035728337 0.6899411548820836 0.8435877800699434 0.608002845584534 0.6422614145840052 0.6300546026671292 0.6478231374194465 0.6638447393677145 0.6072695328340455 0.7191716422175405 0.6467148806008995 0.7690039923002201 0.5973450824257207 0.5699133168322473 0.8114706531956236 0.6633765906138296 0.6015929089796791 0.6351913071949999 0.8027092502841441 0.7009635102419001 0.6181467559890486 0.6031958572378269 0.6299977691476889 0.8690174716743155 0.6606032495769056 0.7268879438910066 0.6836934565733358 0.6213304086390042 0.6770234443726343 0.7330837830162648 0.644950875895149 0.7099137778814133 0.612430744399884 0.6546604479148885 0.6386882600949263 0.657163546818201 0.7518467431969519 0.6391324311136095 0.6561974771403574 0.7482697140476104 0.6333300608860066 0.6892959255764776 0.6368895704008748 0.576136907046042 0.6687709207066843 0.7004030061402683 
0.49967169994413807 0.5634328641874545 0.49608304453286617 0.6225528615485018 0.5887175824431183 0.626287272070226 0.45854018617750275 0.511870557910409 0.5853383995051767 0.5181090079695769 0.6518008829053277 0.5519428671859617 0.548786464923113 0.5010220630949954 0.5868843031202855 0.510045495631869 0.5260200210712163 0.606625583726481 0.46781247688456773 0.5517837932882461 0.4301925028477815 0.48585296870937317 0.5911525292124901 0.5559201853979843 0.662888492690974 0.4543202230417378 0.45717402827145975 0.5697200942704083 0.49219320317520887 0.44590028485478916 0.4953833485227304 0.5465271983266994 0.42597313516933955 0.6365870883828968 0.43283596161548943 0.4984998522694818 0.6412636368476888 0.5571452715643006 0.5255595201587057 0.5796467728628439 0.5853733791775477 0.5161996369557379 0.5084285784760862 0.48423239601193013 0.5412901705257722 0.6813687476604663 0.5623694571624074 0.48440888848993735 0.45022500990641223 0.48701456344387384 0.47029800929405163 0.47812552711957407 0.4356817832676598 0.5989970885568322 0.6474060222497892 0.5200109910061941 0.49960793448247365 0.4944811277104472 0.6159031365531096 0.3994465888489596 0.5681175798189301 0.5527261124821561 0.49786621805756387 0.5254303182788411 0.5105971858842141 0.4141374804379609 0.4957924056906201 0.5829396334977074 0.6933863530437173 
15.829071129588447 16.834600305188662 15.745085427053354 15.392272934135713 16.282174839474578 15.790974056973656 15.36807689881659 16.37571702303083 16.61168605767769 15.86198950568592 16.019389146508075 16.617250935201785 15.091414277275994 15.445022520174565 16.086450547403135 16.315766714013684 16.061661415671168 16.395879127963056 16.004145187290664 15.932746741519713 15.865994591186587 15.027936902741995 16.94695544229664 15.66551124711923 16.004105309025743 15.604516034752674 15.978533794707213 15.968587517194562 15.551002933179095 15.713951083645442 15.723900793745942 15.89584190771079 15.600303504960108 16.1686447864553 15.296630842117612 16.30240253293187 15.663682596131991 15.880027018230672 15.619101620589777 16.51564716139639 15.60220323005884 15.711934264099588 15.469669918061102 15.994346559115058 15.338313678993453 15.716025114094275 15.974220430583932 16.744636455049463 15.66009214163105 15.355759503211656 15.777595950882857 15.127073771783605 15.408920308122864 15.933252023438397 16.991052644899145 15.802588675927474 15.992351073237767 15.727062032727291 16.252970809782056 15.302222685851174 16.106453341713404 15.347042590026406 15.673572075110247 16.117650082900887 15.975199321647038 16.221406885120835 15.359437191587585 16.118452040577584 16.75288170242571 15.674005493717564 
16.74081373333745 17.810177737348706 16.68678930664343 16.299672219909866 17.263310175389133 16.71164776105944 16.26022180366223 17.338169253658652 17.599252216369262 16.750646359636654 16.926288316806545 17.600840382797497 15.945695615085478 16.361089199534586 16.991621944272275 17.300698519641028 17.05571754383566 17.379409536838967 16.948093982193434 16.890562787433048 16.831016842491337 15.94261020051627 17.954907766359582 16.597766335569855 16.94736033123862 16.581154449591153 16.942882529879913 16.88766547571861 16.478542328876408 16.677307828203176 16.64872802150237 16.86472034620948 16.566155569596972 17.059517465595825 16.186111307637628 17.282824869889048 16.57747200163504 16.786973766047495 16.537170939225692 17.507655184616212 16.535803252299175 16.623742968239245 16.33554136587327 16.937449066050547 16.26525394082697 16.630809520816555 16.962023107957787 17.740846642862707 16.66463706393406 16.20983508933903 16.741818921415643 16.033440184692093 16.34080802392159 16.83333492204398 17.9447472021707 16.7787528696022 16.968529128061892 16.673852199142686 17.218466230605614 16.265226463342753 17.030619508598793 16.267284858674778 16.61367687773606 17.059153983484563 16.929757732223585 17.22176408434469 16.257932103686098 17.033996697110517 17.685443612527862 16.649689471534614 1.8475848517035223 
16.49215716100114 17.538757924881487 16.356883840877217 16.039596935032904 17.00321791545842 16.403639974208136 15.989655644209456 17.08018285771374 17.350462751717327 16.536193030799144 16.578498770039086 17.368733403357442 15.67970450435343 16.011348070804946 16.703497922813142 17.033473698829944 16.78360606434464 17.057721804453692 16.729307025147506 16.553579548471124 16.527366047922225 15.709060987211213 17.74006188195496 16.320241299863046 16.719537321200256 16.297769179954688 16.63750034182382 16.6618563988229 16.15027845551796 16.32882210277097 16.42894759906267 16.55773618596476 16.30697537013005 16.87178247101419 15.954864907226836 16.932948189464575 16.305019021523965 16.44469510345663 16.265057227942172 17.197008148083953 16.26728793146162 16.380502344835147 16.145832142317857 16.735865312060845 15.990423732716598 16.24898285132482 16.595350187911166 17.472395461460174 16.32495981048953 16.006458475305124 16.42410407981477 15.750744030840414 16.14089907860607 16.60053662422977 17.669074473867244 16.461765880132162 16.64876548579848 16.392825882504095 16.949903977075532 15.895034113627927 16.77722688688045 16.021922715208568 16.35224915460996 16.735435679404798 16.61641300699704 16.87020702689593 16.013580393569192 16.77205197184315 17.45052340244772 16.359341439314758 1.4871574059738557 2.0559718337776682 
15.640298505771627 16.593462017841976 15.524163936172565 15.194947248143269 16.05000184116079 15.576418929582681 15.151825487745437 16.157219966162256 16.43270543294084 15.680316106839753 15.735459984126086 16.377691923083013 14.870102517229668 15.176682633256137 15.842066321119395 16.123739528073237 15.860642197863571 16.14642863100244 15.840237275689402 15.675812318290003 15.648700568791444 14.897523366396598 16.768807446361986 15.443107256216543 15.829140734721863 15.401880260367017 15.736800667247518 15.770696336593113 15.288568454411873 15.47843988367258 15.539150488472384 15.693577476883435 15.418058001014527 16.01147801405372 15.09689026117128 16.012077224715693 15.486850186555753 15.60618584938851 15.3852471349631 16.250198423126466 15.40155193838951 15.515609575077702 15.301480680356171 15.807928190335401 15.137112928252323 15.441732509345643 15.694428248310832 16.54202002060689 15.41575153706292 15.178161904338772 15.594544995458072 14.941808340468512 15.260460032297322 15.723325406211059 16.711174779121833 15.593668520273054 15.765286425699587 15.510876206350561 16.0330917961132 15.087390863862193 15.889191851803197 15.152489836561276 15.480653057890631 15.904660754628956 15.71984480164686 16.003508167179334 15.148177922030463 15.88760485016332 16.495349239079882 15.487669330838106 1.3538551233689993 1.9918423470004474 1.463975014907155 
16.898577458415783 17.83704866795879 16.749517167965653 16.433778992752938 17.28546682054694 16.78833485893931 16.43073426043219 17.400842230459638 17.58052120033025 16.991472843727635 17.004380026818982 17.6103228047437 16.1760593927782 16.426940691271664 17.099351263289797 17.28501437833522 17.014717750662616 17.346889269349166 17.051309537097996 16.91590846940717 16.87535408969444 16.08349816209998 17.94106321469885 16.651303523344083 16.99796991216968 16.54055285568674 16.940692707473445 16.9828679781636 16.53658032750799 16.679172852485184 16.758157586231924 16.866569244767696 16.579308248226344 17.24215393730369 16.359658360561436 17.25550873065285 16.687504647617907 16.8807640172875 16.633872460733134 17.430063806694957 16.648950514517793 16.770392141923267 16.579849634988108 17.05249165238557 16.329192289085668 16.689714001052046 16.90334906656343 17.752732875703103 16.537836386703418 16.474362817435402 16.772536635403036 16.155917035990175 16.43995095694587 16.956700403817674 18.007267912517523 16.731715469601774 16.981987509784833 16.732864421799565 17.233960655432632 16.24057070099646 17.130493522548427 16.39423597035581 16.649825290972068 17.08453199312828 16.948940964147532 17.139720467570843 16.410374751643207 17.159651936443723 17.806536590075122 16.630828199488654 1.7914439907800062 2.571149305024946 1.9985170048505525 1.8304540205273345 
15.952887577812152 16.902132316356827 15.771479411136395 15.512633288615248 16.272944951772505 15.857428860823287 15.539120614824858 16.39623376061985 16.695599507853856 16.004252668177518 15.961317826874268 16.623775521027905 15.221350507001189 15.482914269372197 16.10218349327156 16.459602244295084 16.108311601940013 16.369317323716814 16.184418771418763 15.91864255237235 15.975752774439659 15.30745585925141 16.974612892046764 15.683855535211451 16.20163531801953 15.66816627767621 16.01379233831546 16.05367066662074 15.589849851841251 15.746891881729102 15.84991709021335 15.992406323491636 15.777261729423637 16.257237176493085 15.493928922038753 16.228222658623853 15.751552056009317 15.901859697039178 15.64242512986925 16.46563582170389 15.794212412573918 15.885492155699183 15.633328856661233 16.140284248779786 15.44764081518206 15.665353672585676 15.955640846588862 16.81825913463419 15.695035606059719 15.493404356828 15.91937666691217 15.285472115962392 15.646874288707139 15.969678727571685 16.974015479945503 15.815431539628028 16.013883521188536 15.8102014583624 16.335348797261076 15.3733952008039 16.147472667349188 15.529474696322412 15.776897421321422 16.155357503924257 15.979110269238936 16.217867078970038 15.415955131444392 16.195963085210696 16.810002622241985 15.82783952897171 2.153932094572561 2.819353075358994 2.109382552892531 2.0554920947199204 2.5472465872938916 
16.44796747702383 17.434412591316057 16.305770318287884 15.993894889747526 16.814977844349094 16.380447943473044 16.031916731011325 16.928981725619884 17.233637915737088 16.467416068794684 16.5250140751725 17.178379051204345 15.705010710176527 16.027066297926908 16.636437880764284 16.9916432942074 16.659080910411014 16.92936659122673 16.68090506208018 16.448372355789623 16.494560080876933 15.759729432953382 17.530277326316927 16.22120964856299 16.73102594613175 16.209321828313428 16.582035422380375 16.56259505997107 16.130284627011488 16.321836160040156 16.338059244277016 16.523160185284844 16.285637762648115 16.76711611800491 15.974629375639827 16.8166233507065 16.26937228722572 16.445664423418123 16.157652993904737 17.04395963287826 16.287997660152694 16.38985355957495 16.09222089095547 16.632744085017645 15.937280091621389 16.250254052736665 16.50014174636615 17.398868612235546 16.27669209066914 15.956188354154868 16.435433549725435 15.78277002139526 16.116625594761206 16.477793141396788 17.51643424371147 16.36387704173478 16.537003780781866 16.33032510099187 16.8799677867606 15.91932421069733 16.660857495471575 16.000877335236087 16.303319775066814 16.70182282007444 16.54101520968904 16.7956300719767 15.922857863781925 16.72830402188164 17.329582843526833 16.372057468009398 1.750971453121173 2.341996748589762 1.796087951711939 1.756752515236267 2.312391612148215 2.236629868420499 
16.239799884053788 17.20549409880317 16.139696723037417 15.78277166717923 16.592262129265453 16.19973078376675 15.783913396406987 16.716645561652793 17.032463362733033 16.211001993436067 16.362215126265593 16.918951592526938 15.481463633609923 15.836570993343974 16.419752916229182 16.7681833306484 16.45279351287927 16.74792818537252 16.448124324385063 16.26425788026698 16.288509019308254 15.552070575361078 17.323341202101354 16.00780110290374 16.4958864268936 16.019295068982988 16.36050407101229 16.334868328796503 15.918860721742998 16.150015485406286 16.100903784249812 16.3424824539351 16.05638312032991 16.54121331526179 15.72002746634574 16.62473644751967 16.09154575010577 16.25408227552301 15.948266529896781 16.851032935009417 16.042452156997648 16.139111817503558 15.840849443943144 16.373482628638826 15.749479695647839 16.079130238081255 16.315207264712434 17.178720809359042 16.08554307121971 15.708092857097574 16.26961602930509 15.57599227681332 15.867359189720112 16.249977753586883 17.291574597401144 16.209186294460526 16.354498841643593 16.11147043893698 16.657729965497868 15.782055594744069 16.445482697205975 15.745513855682653 16.113822289185734 16.54580270755459 16.338129960085336 16.65591573108453 15.67940562671414 16.49178478417224 17.06767902575858 16.162139433529244 1.6486057872657003 2.2151559173909976 1.849400516042579 1.699643056285536 2.3077603793386015 2.3169525830833746 1.887078981033951 
14.943971612841114 15.858973925858296 14.828623252939671 14.502984686645481 15.238702542186855 14.901507722444276 14.505162683341377 15.37580736732479 15.662026873410461 14.950137861445949 15.041436255636922 15.549501098160311 14.216189609834725 14.516480413280973 15.106422968852213 15.42107776288468 15.094410643712981 15.402051010354645 15.126174174705982 14.961937090701305 14.981375103456248 14.274150478601156 15.918936218232888 14.688030390127016 15.139654428844455 14.669900178010929 15.004228435066686 15.024156393302313 14.609918138789446 14.796688979932265 14.801487764231991 15.01688229709459 14.731067144075476 15.206464673470713 14.431636502148779 15.272681004673311 14.781614060343532 14.950033167990279 14.643557811332206 15.472157593833433 14.754744274065777 14.836358560440212 14.579384242423044 15.052321956477469 14.466889957323895 14.763281526377773 15.010626533667539 15.759751080854425 14.698791346287882 14.44930258619461 14.963699969129157 14.285577359470501 14.55971003757399 14.930717491982406 15.946264009296092 14.869248821540252 15.045794906117768 14.798257472185686 15.3012602637458 14.459413815782677 15.126894340885272 14.475891141501592 14.767386926782672 15.207613405506189 14.989907211000324 15.294080398038814 14.380227362034164 15.16687418776118 15.75111063895679 14.799143378034422 1.5227008064575167 2.1619378109575367 1.7670185753800034 1.5492669076134884 2.057357936909851 2.15515335352398 1.842416337210164 1.7200916542388045 
16.794115544925805 17.83158918573569 16.6342552958882 16.343547075199965 17.232299288591246 16.71850491653511 16.332817780650483 17.335247579487056 17.586833447221842 16.850888981381395 16.92390028864075 17.617722066242205 16.039816473687786 16.340724216687345 17.038066443700707 17.299356409206425 17.00798161505367 17.323305732260668 17.000106440469263 16.8427721996964 16.80843019934616 15.992356502636138 17.92619891686511 16.60374870886788 17.00274498720334 16.542751477147053 16.912291334441942 16.970455266964322 16.47319330339483 16.59149644317592 16.72129217795993 16.82614319427152 16.574248800539852 17.15239717516334 16.29235071296799 17.211957529763293 16.586320628290633 16.802629218255138 16.567982396744963 17.462708643789572 16.568550044270715 16.69437958331309 16.477465947061503 17.00535956304363 16.297627142789384 16.570680510519875 16.889493839827622 17.6785605008078 16.56417587151557 16.341836888048515 16.696077550250177 16.052499392097236 16.41810258266478 16.907866707668944 17.986693872416883 16.71155548490295 16.907666692483087 16.673941844642 17.221433210931842 16.166468973635855 17.075289625314287 16.328577279072455 16.6288805615141 17.029953069891846 16.900070062097104 17.111878488633817 16.30567402697244 17.08926372947332 17.784285288013987 16.606563367940954 1.5814152913267436 2.2357979517812034 1.6164683665772983 1.625015113419441 2.049406285034308 2.222047929651191 1.9219866187392578 1.9909208416427173 1.8680396894031412 
17.093176261636234 18.107234646355938 16.9455958880581 16.62526228258756 17.544016788854172 16.999235494173615 16.602438664200168 17.643743608382778 17.871387323173447 17.134730994870782 17.229491416680954 17.903971934956072 16.330185466995236 16.6337086927105 17.31418525981161 17.561586681695033 17.297372396185118 17.615825271225987 17.283579325877117 17.130701761519337 17.0936417390162 16.270675044878708 18.251046366527028 16.885682770476215 17.276913974968966 16.824739611959608 17.19805793355787 17.23399348532779 16.7518182196838 16.91099631957024 16.987514751079047 17.111471643894998 16.83362332188456 17.457607771097422 16.558592004153333 17.516477504624685 16.891377094931855 17.086679200234812 16.85592995078192 17.745777832042847 16.84094469182522 16.971607384694 16.74991361503677 17.287898390289474 16.562967845540253 16.878650910307588 17.152596836667858 18.01868913971745 16.84507995629037 16.62329531494164 16.987230058175456 16.336123766370765 16.675260326616996 17.18292226576901 18.275870597953716 17.00199075954091 17.20111785097781 16.956127572613173 17.506713567426825 16.465467328257166 17.35976828287626 16.58403455678185 16.918588766510897 17.32285904403678 17.19936367369916 17.414099190905183 16.59590006526193 17.37970068464776 18.05686251576299 16.890201291688705 1.4686221396956058 2.1337715683174845 1.5587018077527661 1.5225141477102273 1.8512267287465938 2.190258892881031 1.8595830830540174 1.8775264714154054 1.770405565342507 1.6529806751658584 
16.64037605151224 17.715638062392735 16.52873409011878 16.190551830323127 17.11902696417284 16.57265759979199 16.17368008584301 17.20140282160607 17.439334150097956 16.617309598905706 16.828393942181734 17.46688300975868 15.884596660078367 16.263765862849112 16.852208419334303 17.164997815877417 16.884830051542487 17.227277520781495 16.83775404325643 16.739303266658112 16.711551674930718 15.853805444388476 17.79872798000982 16.432589792693705 16.866392806222926 16.43507106981159 16.79333658438212 16.765335771086445 16.363372569412125 16.536200858325298 16.52593651163875 16.727495333109427 16.43952000459661 16.906550105354036 16.127385754212046 17.14323158298484 16.428140817463873 16.693732111961708 16.419448058046715 17.369657908601397 16.439003460868996 16.528503697504487 16.228973673990122 16.83794512729373 16.16454815060493 16.459356641872645 16.814317153797838 17.6004391161979 16.516602788140215 16.090858657025287 16.605829619496216 15.905262462309038 16.237154864570165 16.68522573491023 17.875137640339215 16.606627149410727 16.80357290246251 16.53899906860849 17.107022923763804 16.11633125069687 16.899680283331243 16.15592713388995 16.512491752311593 16.90465287595188 16.80627554929886 17.033872521895304 16.1041058150677 16.935381952914675 17.62887075809829 16.506069978446824 1.631243667649907 2.1938758130335776 1.7936702133671998 1.7788041289932928 2.253089039969025 2.3834616397480444 1.9552251606387785 1.9013758620176615 1.8626193941071671 1.897653223172211 1.7958580123528476 
17.264492308375708 18.335557829151934 17.192283260086135 16.80678558798337 17.77139046157515 17.2033437805397 16.78797213683885 17.857322503097443 18.114986106667132 17.31548874558663 17.39580767165333 18.107321849081757 16.457335361758975 16.855353058955057 17.501641584044 17.811861797634567 17.542709076412198 17.863221835948202 17.479723688839687 17.38672789138441 17.341659567023086 16.465773825939195 18.475966183165127 17.082563850910645 17.445981699221647 17.050551561598013 17.439508994390366 17.380173283471546 16.966850231022715 17.16721004234702 17.15930211933924 17.35689158054975 17.071260423353188 17.59865974043741 16.705700507400543 17.75924572417119 17.078478604785676 17.278956281078024 17.02764564406267 17.978884425141313 17.05946802910157 17.14962015338754 16.86704147821386 17.469572825114685 16.73512605546506 17.107251605808646 17.430082390391394 18.295537816703874 17.130099851202502 16.748947805202178 17.24685204226139 16.547618649141636 16.86366144209253 17.351661569571867 18.458370236044836 17.244657212411965 17.47518488596041 17.179377360039126 17.71968812825354 16.740654161055293 17.546228438418662 16.786882249046975 17.098597679231244 17.5604391875047 17.41937128144977 17.701170162793556 16.776906581644592 17.55176199714018 18.199348498322642 17.16077068011622 1.400988505248131 1.9706557824098059 1.56465485336687 1.4911490951264377 1.9344256184874797 2.288709294832787 1.872491299647727 1.7849166078523302 1.720685543369408 1.7306178168684603 1.5864209565964091 1.7736190581661284 
16.093255298593867 17.131795408093073 16.028953588573938 15.664464505160389 16.55197812982402 16.062565910627182 15.672278340620805 16.633971376396502 16.907027131015802 16.08738381825939 16.26939579476567 16.88171582097642 15.356917407932253 15.766783592643478 16.326131172698307 16.647793812378072 16.362297612210288 16.677353929980168 16.301742798196617 16.20629180065437 16.186302409036497 15.363980383036859 17.22127904057408 15.917997755500618 16.34243940117168 15.916118544886992 16.291889918057592 16.20317327525934 15.851284589617727 16.052890024842174 15.97906129023621 16.21618550355844 15.93984717148517 16.379473699028264 15.59614332554902 16.589545172102508 15.927793332050626 16.161610729584936 15.864727019929315 16.803404170893764 15.933298341470524 16.01207922292113 15.684554428631785 16.27452299630978 15.614581653458167 15.991990107499412 16.276225878583865 17.096859109085624 16.035510060967507 15.563677579860453 16.110070558721723 15.43745324893342 15.723357932717025 16.152456373844938 17.244447106455983 16.091806697029366 16.27729442321881 16.020458215524553 16.56625680680271 15.651266123993501 16.34742578532906 15.64481373243479 15.977968522881673 16.404702413050654 16.27354446508945 16.533390099151802 15.599574731467785 16.391961375743026 16.99810929022295 16.04618796783934 1.7225988806558543 2.261685529277034 1.9636392298587773 1.867591214808638 2.4520705214398606 2.5418571336059927 2.067695352013159 1.9460401489091614 1.9202908326864698 2.1009045662741785 1.9981599515920234 1.9648189633272137 1.8750600151843575 
16.611697800132013 17.56213813198235 16.519065140381148 16.16739572403501 17.037834752333264 16.538982761287787 16.180067246793282 17.135371048398497 17.35692471712395 16.70416181061875 16.73214919712365 17.35604563187909 15.894600151298787 16.213524709766727 16.853370677888574 17.059800901016473 16.799245726060935 17.10340344651619 16.789925318406937 16.665870534781874 16.621556848583488 15.832387976754008 17.699845649324367 16.421980038787122 16.765130484211745 16.323866733789952 16.742554470810095 16.700462744311103 16.30426557611285 16.48603844242857 16.484726751134495 16.63339198501973 16.360848528646024 16.99434157142012 16.089586685959414 17.01466749747471 16.4474076896841 16.621240911459854 16.36361548572033 17.198587077509817 16.39964601830745 16.516290909479732 16.278041590716615 16.778201681621656 16.04333869858601 16.490529433152954 16.655004759605934 17.5789076538556 16.3838727097803 16.187590260436913 16.53232836654009 15.938500611203075 16.19635228930858 16.713587169951786 17.696637085876905 16.50964782425843 16.736861175188075 16.493851219616786 16.999308354686104 16.044422897098215 16.866675831936174 16.13735653439983 16.410414270914035 16.865559251495302 16.720812889139143 16.935564118803025 16.17957588380058 16.899960039850765 17.474006758932994 16.46451512100691 1.6265109406064509 2.339630044147953 1.8753948778260512 1.6887552722964398 1.9559623662952212 2.4795034950283306 2.14253343542764 2.0775074406991476 1.9212508715666339 1.9782245346018978 1.7861104902447587 2.1179404540050935 1.7543024470572297 2.2016971246243595 
16.53254033993619 17.554187383999604 16.40353571631161 16.08457046266935 17.02717494512954 16.44837842998631 16.059237987895745 17.104952480692415 17.344969580099022 16.5888957143935 16.653211617015774 17.38804348903935 15.767209560066389 16.08992746936044 16.76674223401735 17.03626385718241 16.79041303662994 17.079247980783855 16.7449152787345 16.592681454657054 16.55377903072587 15.731892297179323 17.728043555556603 16.36640323032119 16.74333546326213 16.310284021474175 16.68266631476464 16.689309549499963 16.21570427665138 16.381266406018785 16.45362991077593 16.575486015960376 16.31965146454748 16.91703679100269 16.012162058368617 16.979142555394155 16.34806725172509 16.518905143729917 16.314413327337498 17.215651368250455 16.31003593197865 16.432142131703177 16.197949377915386 16.75770160748598 16.013504549369255 16.340472574708084 16.62071202995332 17.50281340907833 16.35020145325067 16.074227787791884 16.439976768847774 15.806311098231935 16.154991345838635 16.650157049058215 17.703722583776436 16.474330270076695 16.66967142700601 16.429613115447022 16.976193631478335 15.930368761777217 16.81564317008966 16.06153990302008 16.37808305431052 16.77066845480049 16.666050010181788 16.879744554660338 16.08077700746835 16.830871797485067 17.488429561774 16.38406651467838 1.55460035680755 2.1762677477195767 1.585970000043607 1.5863879227503954 2.0163929167464696 2.26444985259854 1.9297930171186743 1.96788437128769 1.8689643536096794 1.7370240152489451 1.6447607966098277 1.897654177727697 1.6708448234587887 2.0612777787773893 1.9001180052852504 
16.96494988881826 17.950575149436325 16.867657074689912 16.488861640246164 17.37641452160541 16.898504979032534 16.436932450934577 17.49629932715588 17.771330991938136 16.969461479915246 17.076666458014113 17.68957203387959 16.148170945109598 16.49134548613318 17.140826091802623 17.456563411532493 17.18330452671735 17.50092110354339 17.157342724983835 17.01804077487636 16.996291732312457 16.19760934431492 18.121348128067226 16.729237787322266 17.129120772201354 16.715984247357227 17.04872594230901 17.061580767422722 16.59642734891945 16.824056825973884 16.827108746375487 17.037922306520016 16.72121548602094 17.2886504811009 16.37214010298862 17.36844823475015 16.79815407177669 16.93708244368998 16.684731500014294 17.59209246572226 16.707163382808467 16.80848500292982 16.565121456784556 17.10794056399021 16.448373350752927 16.759889193512123 17.046667167289723 17.895232604959023 16.734761647132558 16.43536543345408 16.95778590186552 16.230682593361053 16.536342569883246 16.992839881594065 18.069947446570765 16.932494634441966 17.117387619971137 16.821686778056158 17.356285434670365 16.440215387891296 17.196745669608838 16.429481990441293 16.794267119587882 17.250799012309933 17.046559461709723 17.38094012601517 16.40525757331586 17.19508888044663 17.823832733696413 16.8016411854136 1.586907294257587 2.1847065983932157 1.7748587798714759 1.6170593626533987 2.0712631194919946 2.3978922574508084 2.0264577909889816 1.8828691955773769 1.7757855070649737 1.9467114519487718 1.7757175286983349 1.9709506683778897 1.6674763377450945 2.0642959352592953 1.9267352654295802 1.8885751850813615 
16.72345976636958 17.7561324156307 16.658601476350874 16.272475271848243 17.2996733616999 16.649136089607584 16.164907177436632 17.358303211257898 17.560358149424257 16.736995150977542 16.916581067560973 17.604636599625042 15.916748396760065 16.29295303899127 16.95478344395738 17.189047384758 17.019989317289205 17.350727594693357 16.897567931046346 16.858348912808975 16.749915824743542 15.858312978177166 18.006331072366894 16.57479084608001 16.855176972843005 16.535065443946888 16.871146216390507 16.860689411543497 16.40448057412363 16.616399583878685 16.618265037607298 16.787032896607577 16.458915801906222 17.09858141855876 16.11383777233918 17.25384752189976 16.559214628270617 16.717237766924097 16.54262628267498 17.482630170283894 16.431376420238504 16.54505836759863 16.32623965778157 16.921200039757732 16.216433063874977 16.569419640924625 16.874908473212543 17.722483512898567 16.56942244663385 16.212718601313078 16.644060727155388 15.956012434226997 16.264313479579194 16.844395807272647 17.949391515742107 16.742491948973104 16.935938932291446 16.62153611124701 17.165307636139136 16.170196567345094 17.031062131504832 16.182500253891224 16.58148273401218 17.002677870655234 16.896573101260035 17.15775675517611 16.26246487415837 16.996356552922546 17.66593499915977 16.537862158157242 1.6851360385041267 2.2751329615133744 1.885682177083481 1.7917184917672702 2.1837627398931394 2.738582328943849 2.337351188095983 2.20443761920757 2.0950435865846373 2.0968924805524787 1.8964005540750084 2.1218970257409384 1.7913816211623543 2.2496880724644828 2.0387228408947826 1.9712152672841234 1.9795095399923068 
16.395481669416036 17.428763470643116 16.27142880747963 15.95291668478969 16.881025337315485 16.331413256104387 15.945777699269057 16.959905163154012 17.18775505287872 16.428559234863013 16.58407181722807 17.25297775386347 15.670252865986841 16.007079683747335 16.66176452244688 16.892512519158814 16.641049733544637 16.956832820522564 16.588978961527555 16.46943867010192 16.417302458937932 15.574540660996949 17.55553717315939 16.242795167057107 16.62119669213166 16.178597658503712 16.567009495570645 16.56398583526928 16.121116470702912 16.26722627441726 16.310641080470177 16.440678193196433 16.17564306648631 16.765658529241268 15.898675105802637 16.87941203396572 16.21063217280087 16.441058272628396 16.199578049660857 17.109727025385045 16.174589280858225 16.304984723715577 16.056542832207576 16.60555164040015 15.893556205278598 16.254769557358305 16.510995891086257 17.348952840884678 16.240065146458214 15.93536092194573 16.294182921496997 15.674832578969367 15.999828139421913 16.52329558707572 17.603509252523118 16.342059438150226 16.522325684436503 16.296699399185044 16.853012103164083 15.810761254846424 16.686458120265403 15.920671520906762 16.25843088884848 16.650664439036614 16.560245276514717 16.745122007273395 15.946618182601247 16.72009464350086 17.38302899132538 16.244493776890216 1.3610141949440988 1.989585229787394 1.4926251726278528 1.4837389478003515 1.9099001526682156 2.1569614621832 1.7541446552744206 1.7698155011575936 1.7048825863587287 1.5760150876427532 1.4946479298785027 1.6607046697531525 1.5328723493777017 1.8263151703584921 1.7711795866687223 1.5710345333561642 1.7719046534048872 1.848190402278083 
17.180958525624845 18.141812868657468 17.06816763465888 16.71448914356802 17.546939553154772 17.127139629056906 16.75749450822741 17.67513054808763 17.927710919742793 17.253994155881678 17.32052471031123 17.90039478107274 16.46038448754567 16.77437070624188 17.436309795154695 17.652199331701595 17.347172306244055 17.6637145849711 17.36171356886423 17.207467300072707 17.187031035992746 16.39481902087881 18.232664731426755 16.97760432687284 17.367674331482558 16.879009062294674 17.30899285676081 17.29062219050134 16.872062127009563 17.044100042356852 17.049219653635006 17.207427224322757 16.930583498073837 17.55794869326646 16.667317583538726 17.573470587692007 17.015126581461143 17.217548535922386 16.91073742207929 17.763740524585508 16.965183168610427 17.097960438304828 16.849861464170885 17.32381422716961 16.618012515065004 17.068122661932314 17.21662603405048 18.112689301303813 16.93273663424179 16.746799186856716 17.114531766903383 16.499050771285063 16.760075375453464 17.26747623635861 18.270349000143195 17.071786774011066 17.272673326209024 17.047452903633975 17.56915905595053 16.612426629597152 17.42443454938052 16.69086747643 16.98221198889523 17.455708004706736 17.27754142904013 17.515085129442106 16.70621573332457 17.478796663453785 18.062774446369207 17.029726880962567 1.3300827676453955 2.031152846768108 1.5974204783786572 1.4253410157367705 1.737795077286638 2.166700589948334 1.7672852476560637 1.7074994677870707 1.6057736768199213 1.6390318020807584 1.4861628999745526 1.7758884949838682 1.4665166922738466 1.8631372291526525 1.5878532872015225 1.6248619529122796 1.640990905802018 1.8510209277597793 1.442765414208447 
17.45761800764546 18.500472364699828 17.353547485330438 16.991135213235214 17.944961298751295 17.384405782215712 16.94518836711809 18.04173764483544 18.294860807680468 17.505696159240735 17.58900408503383 18.289455978237836 16.64761712259062 17.000092025212766 17.69071870205689 17.965737152479136 17.710273122060293 18.03072611749267 17.660334407305722 17.543491500706867 17.487178675420207 16.634526317965214 18.671836122118254 17.26969456781146 17.62416954993777 17.223234773969047 17.58863840792986 17.597448622064338 17.119817400526106 17.305476261604426 17.358402625321173 17.514845188899432 17.223040032498247 17.829437070617765 16.884787900357157 17.913267517764492 17.273778368193884 17.446416305675115 17.223407842266294 18.15292641209672 17.202227460743412 17.31882286022504 17.088990577227396 17.653803417381564 16.930777077557508 17.261435974970574 17.569789598284085 18.430286903693442 17.255698817573858 16.96581621186924 17.39621330839189 16.707850227044254 17.04197697408844 17.56315144725043 18.647557111296912 17.422306687951856 17.628648026568772 17.342103914166692 17.886386276072976 16.878255323208666 17.744301770113676 16.94739684863121 17.289375610489447 17.735847423216935 17.580771239998427 17.85716872825836 16.963523236899682 17.732425512021177 18.397697474317955 17.292450748849173 1.517992599033239 2.133109278410035 1.639145594711084 1.5706409048937469 1.9791813664835434 2.3680216519123065 2.0039218955316986 1.9474084011952766 1.8551089113956358 1.786030404102627 1.652446405457086 1.9260448906561562 1.5895302112603242 2.0653184248601346 1.8484800794420622 1.7484544903316448 1.7831889265859142 1.8933641128531373 1.6294921113213083 1.5654489255196058 
17.09903910967656 18.073036712705946 16.96384320489252 16.616852673572936 17.44216828241014 17.03834752594907 16.611543655924212 17.582526871538462 17.878783796825736 17.09336891799876 17.213816781067333 17.791052654578227 16.318303002240185 16.63368732394658 17.282030802146473 17.599617382060114 17.280626932923326 17.592456896303162 17.297195328547364 17.10195967555238 17.116989883547234 16.353914361006204 18.18845386984961 16.849096165842596 17.3173548232751 16.830670678128907 17.179441669691823 17.21181674594029 16.73825721329763 16.942212486599495 16.96225708526233 17.160538887142916 16.865896942183838 17.420013550858165 16.554991912638517 17.466021410954426 16.926268868851192 17.094005879325124 16.800438456716627 17.694016506812197 16.861285318308784 16.978602871479577 16.723364254328185 17.232884867581813 16.58719553381507 16.893677573048784 17.143096970576966 17.990777600000154 16.851786891390557 16.58467140816031 17.083298529044164 16.379074139501103 16.692614535702173 17.115824913508494 18.185134013132924 17.02999903974699 17.189973341706306 16.94242597799998 17.49059434236205 16.55870539624982 17.311656763275852 16.575363172246263 16.935835549396636 17.376250509837167 17.16509130608458 17.47485192302295 16.521819057776636 17.34779861081476 17.97239341883639 16.94218225204288 1.5565632828351765 2.1711450611842635 1.7165502070187773 1.593922234387771 2.0778420863400386 2.2271750831664368 1.8397021241966305 1.7576417241583462 1.6896193336266259 1.818707802116961 1.7023115875742758 1.8521778596754481 1.672889762251096 1.9667299552686088 1.9354753936365028 1.8278323218527044 1.7793268865346878 2.0849395715589876 1.6556711247577642 1.5563263955136393 1.785431398100446 
15.689433054082937 16.706654413808085 15.572029708818583 15.273780102641707 16.10229174361662 15.642620772141347 15.339256227404613 16.189965566109603 16.436034289891346 15.746609649851537 15.84200298551452 16.46908380768918 15.021335171273618 15.363787130779928 15.948593620424692 16.21587338654943 15.897770519104956 16.204911007592184 15.894919418735231 15.761820185974473 15.755445766027243 14.96194082915548 16.719147387396564 15.513218191328768 15.944761327942924 15.453583855549386 15.87508993432025 15.817611638144731 15.461640144681454 15.58779339399962 15.59612665650565 15.756433594221733 15.528400966645108 15.99065599485166 15.263379450451719 16.134298858517056 15.49513341017396 15.769622925993813 15.463096689112097 16.333911906496315 15.564873000138327 15.658238379282576 15.355676499014569 15.890077782579313 15.194261946149481 15.576535560339364 15.82452251602616 16.625859058701934 15.563416739222003 15.240298938361054 15.641503226481154 15.04916386463611 15.345879323113438 15.775129481217439 16.82809104220586 15.59862831114394 15.811602100291784 15.611098082335138 16.140717716910796 15.162717990193912 15.942093024715605 15.29508896932825 15.536167006377749 15.939953528943267 15.842654487566085 16.010538093157873 15.24106849983636 16.01853254263577 16.63573111915649 15.606203793052352 1.6409692999806826 2.27896685993745 1.8189114957769614 1.767427596706626 2.224788266093781 2.2956614378369022 1.9170503964157 1.9432170892567913 1.8455841833026274 1.8596579288533155 1.8184409382665476 1.888427307715158 1.847413027606199 2.0083945278637367 2.064992188254437 1.8883551416644986 2.0768859188186624 2.265678031505953 1.6461125102496739 1.7106254810670036 1.988950362224828 1.8947878612585012 
15.937530439824663 16.91538342734772 15.82114515993079 15.48669610320463 16.304170385634457 15.884322207018826 15.515737482262832 16.417577162965145 16.713741507311056 15.936237223612066 16.04874094207292 16.64756052285315 15.202085957293729 15.544303115594502 16.127538145860115 16.468635329409665 16.147413509946606 16.434730721716353 16.153034225111952 15.959123899047063 15.991285415006436 15.245513826274582 17.00817257334187 15.712802743658697 16.204699001054117 15.706130964197078 16.074740908175485 16.03712276259891 15.634763380116995 15.840584169416944 15.810463404710083 16.0251866106549 15.764264768469335 16.237822200023217 15.450365270069915 16.32893410465877 15.77028078984979 15.957586670512898 15.653700511519672 16.54360435733359 15.770164563993953 15.865694245546596 15.559094627169848 16.09842392146948 15.435496420894038 15.776151290142225 16.012483141767415 16.88665518732204 15.783840229035299 15.428581255141847 15.942586433640727 15.278981408674992 15.581021244051815 15.956332223125054 17.004982416917088 15.874590573803665 16.04272012298314 15.820948724764227 16.365794191070933 15.447759372493062 16.14673552028102 15.475576962209074 15.798745141395106 16.211957286610527 16.044609513125465 16.312839080700254 15.405340203859922 16.212705583918293 16.80076518620145 15.86251938097875 1.4308882484434313 2.014070954573728 1.580606392098775 1.483723600001289 2.0385129796132335 2.032460416140732 1.6250648556759528 1.5659286837473343 1.521804192880378 1.7045671368693898 1.6091681721435651 1.6520188552019062 1.5723183725564038 1.7327349578007434 1.8416202683486076 1.6913683201070224 1.7082019065321254 2.005715302526845 1.490481849212915 1.4744128290330503 1.728452862044924 1.551289683068168 1.647929166942958 
15.818952565733744 16.84464359203838 15.700367211860605 15.405786485885567 16.282657925335556 15.762649177569495 15.428151947922553 16.356376598687948 16.613218018610283 15.888899804342445 15.937272022598163 16.649694804009975 15.10601623199555 15.444122623614843 16.07130593495425 16.360847694519094 16.075202993249874 16.3572580945884 16.04336388012655 15.899242917880164 15.879918637297635 15.083821908383719 16.929516295111746 15.666304986991122 16.069110512258163 15.614375407275745 16.005415680325793 15.973748131565861 15.562841534054233 15.69748550694416 15.754666820058269 15.891030513723393 15.669712114077265 16.15902390098844 15.365401075411022 16.26462510222933 15.633780026881507 15.849861981113069 15.605482464000808 16.491326212369135 15.673919264010893 15.769949382584262 15.49681835473252 16.050063939730528 15.331157569958101 15.666853294462626 15.956282397468982 16.771710169604187 15.698203268404255 15.375405982751195 15.763233049881396 15.159879075356196 15.495374452609113 15.93371197556309 16.9617640714806 15.759531274297135 15.965652940142181 15.749306083306466 16.27977792693797 15.27082823739015 16.093845772795436 15.424527138004951 15.67454861741752 16.065021117236565 15.968650875361096 16.15953389801308 15.389377910878833 16.134576066652347 16.76664011999645 15.734223980967116 1.9628709232769328 2.571449555883242 2.020496953490291 2.018537225058255 2.5416563342942284 2.5902312743076905 2.2590883325360753 2.315667158280267 2.2008062980589984 2.136596162138383 2.1175254941076846 2.2602054751566976 2.136322368628524 2.382617260962824 2.3843719284836586 2.140227932044629 2.3727586723228056 2.5079750562517917 1.967226101489886 2.0785031536929486 2.2491398182784033 2.244595085991949 2.1673842142199526 2.020802355474896 
15.381914062152337 16.384654973508404 15.262586364783672 14.966965175775826 15.846498889739577 15.31770868154526 14.980744851376498 15.915869262344025 16.160641883145235 15.440390041172394 15.500176273856985 16.202879686738804 14.673140452272333 15.000936277888238 15.617353403658388 15.903617098951987 15.63452794862894 15.910455680627077 15.599316925956025 15.450628142019431 15.434491390497861 14.648021945351264 16.493563226764326 15.225254554819136 15.628697810397506 15.175586619152801 15.558559682088715 15.526650412386097 15.117346620410125 15.265680509267574 15.308060443142573 15.447471038284782 15.219130372664763 15.720518020384537 14.921846677983895 15.823225681442608 15.201973172283818 15.401970678106377 15.166755865625882 16.040480583474473 15.229498018053446 15.326612585659968 15.055417871616154 15.606907492771787 14.891161016295298 15.230640665563547 15.500696138098315 16.33331928430092 15.252652586040574 14.934887714678181 15.320875558948238 14.720075682223335 15.047750907698687 15.481750400880156 16.507631070377105 15.31950827040778 15.518752058905234 15.305191070289867 15.834792640900325 14.833440087259497 15.64523464566793 14.975817165568055 15.237855148443497 15.614962669648575 15.528315635477265 15.714541777422733 14.950784935758595 15.691146415604944 16.31553113246795 15.28770461375412 1.8210582051142927 2.4303926304398087 1.8832617081083787 1.8715475306313065 2.3762229205322467 2.4482410022793895 2.117514388815491 2.1655881123484986 2.042431744726555 2.0195814641065954 1.974019582681904 2.110393420759082 2.0017404681825566 2.2344483454750206 2.2282567681752043 1.9958494795978194 2.2194337439602156 2.337997221894287 1.8283482468747008 1.945523135555216 2.1177096775523045 2.1053516172119426 2.0318676538721947 1.869841841588317 2.318995667419733 
17.294072382325734 18.38768469024603 17.164772111355145 16.839777061466293 17.817748326040117 17.20728704082923 16.827689282813765 17.88915132985038 18.12044275960477 17.332332210443713 17.43440623845379 18.192268980281682 16.513053674971125 16.870695429802385 17.525102357195202 17.835211839553708 17.567330954741614 17.88265115667181 17.51476073764797 17.39012205590147 17.358615534544285 16.47781912563018 18.50538154545337 17.113852355870193 17.51466102804303 17.082854741761896 17.46427169847048 17.44820667550153 17.002438962108798 17.155915098514786 17.213952558397573 17.360477425927776 17.101564693496442 17.614529148083534 16.779774094634952 17.796658474430757 17.072493145853212 17.30998279948285 17.080518531969734 18.028239054353616 17.097979611741582 17.198700327071347 16.92369438139804 17.538402151259 16.788992812315342 17.089032680303998 17.45397427429807 18.282984817254288 17.147346901792393 16.787166138273385 17.22249241703636 16.54391352533498 16.912207327907826 17.38187960750861 18.5430582461261 17.241559893629027 17.46355882124582 17.206362251312406 17.769457275221495 16.70203491213999 17.57902029409234 16.834378001816855 17.14064275839997 17.52961388904525 17.45555865718866 17.663045426410005 16.806721764679136 17.605465635879597 18.317715842810106 17.152904997598377 1.8473930589817604 2.4197105840100694 1.8713793394582812 1.936681831541234 2.369043251363328 2.554878872371222 2.178723845428209 2.2285205167117437 2.1641002279209047 2.005818584672468 1.929562154128278 2.070556055692531 1.9444829333524825 2.2816041791557344 2.270317869272169 1.9979049018519457 2.1951827061360785 2.2879952062876803 1.8284042233085775 1.9558665717635089 2.0548299540770594 2.099031471015 2.1192410347400563 1.9369582927282287 2.406619042198643 2.2676401626065266 
14.952473176142561 15.960269860058153 14.843973305328156 14.542484969059489 15.381275355793727 14.88023265900548 14.573806282300362 15.462058682494115 15.682393085527194 15.038588654221872 15.041478005057108 15.707228418148667 14.247956024598404 14.577247141228929 15.158871901556473 15.457403421983742 15.151680162652196 15.460742674212005 15.154651801331202 15.04868755337607 15.03751196161555 14.241953211864226 15.981225849496216 14.74194339031734 15.132555217386225 14.691630265376457 15.087938155938252 15.039195467902012 14.686706946946734 14.817339190800777 14.851203352849216 15.01612749660372 14.778657900757647 15.20492058082062 14.48756490524101 15.371853929238702 14.736451937075621 14.979377008122183 14.709403412237913 15.551844213364822 14.832702276246263 14.888604911185801 14.605375123813067 15.157192833458707 14.453405858824864 14.77783633821326 15.10537430759847 15.859767204019482 14.774175235424796 14.4896809991964 14.924003209988419 14.295290591204937 14.598882459646074 14.995818203288906 16.067807115205458 14.849829893346653 15.119559627217619 14.869834169823081 15.3653943939279 14.41662281661647 15.187639618175862 14.570724034042366 14.751874599256526 15.165293478809998 15.066821415878703 15.260554738388135 14.485107240266208 15.23308333050513 15.871104774276558 14.83161701325008 1.6280092801459087 2.2762001744632716 1.7783447956459544 1.6876748355024744 2.0624099318041864 2.2571410465599007 1.9953424300625142 2.004675034535779 1.781043438748168 1.882281660701926 1.803027754917695 1.9422104024618143 1.7985571232236135 2.076705509642675 1.9853896252919911 1.8680783988540084 1.9829166562746074 2.1374501688639653 1.7231747212791149 1.747617167437134 1.9307320538186132 1.9271472589523786 1.8806941005838966 1.7198100517571475 2.196127460461727 2.039331053307156 2.129803379979066 
15.981542199680081 16.99615917754107 15.855223119557333 15.530085266625322 16.408026062464632 15.903141188863264 15.49804695297043 16.512964878062984 16.775540746754707 16.01913286502282 16.072540765988858 16.743377861982776 15.195266096284344 15.519689511558243 16.16909251733498 16.487630826642473 16.197097665773228 16.508376213980764 16.188352399416175 16.042225478256356 16.02395975705167 15.229888007573527 17.112183451894275 15.754094113767703 16.161727939679416 15.732509118391311 16.074409810746847 16.099317099724278 15.636956487632126 15.807942169153883 15.877202872445984 16.043262195955162 15.769189510800414 16.289404893705687 15.442670790220486 16.37998857731158 15.78292141383119 15.959466658381029 15.72149451914978 16.613440877057915 15.765773962526097 15.856611901140335 15.616273290607186 16.168233737477433 15.483069121309954 15.742598230316206 16.086151424519155 16.88617992215709 15.75910623489474 15.481818218601605 15.947692922511852 15.255628356223067 15.598862108420127 16.03199244592774 17.117085740893394 15.919136554207862 16.1314733533702 15.857421162348567 16.387902581863504 15.418410397952366 16.227538430130128 15.506966357948038 15.80695859334072 16.228376598781846 16.067022351287275 16.3406734756979 15.451345211430686 16.230526460665846 16.894464158810813 15.818742212284581 1.2630493056041407 1.8822805143338488 1.346328184328286 1.2717308813345338 1.7203144491067335 1.914638829311053 1.6265206586136067 1.5962282506056846 1.4460697622210723 1.4861784115587506 1.3937180736807386 1.5907219030176243 1.3720102924311899 1.7412605261523144 1.6300357087936814 1.480261396256536 1.5181983937445025 1.7095084936207352 1.3648014795362344 1.3514958753875812 1.4661935235360284 1.476545114053144 1.6266316656936997 1.3613840035397573 1.8998067319767324 1.7583789132717433 1.7619877903423873 1.5337171123422886 
15.644425821455155 16.630975858268492 15.5549872567209 15.20300193026429 16.093419523640378 15.589755416521504 15.1748136056846 16.182395717293723 16.451296491380877 15.654245919698969 15.78122956100888 16.4175859134619 14.886145937219238 15.242210909260681 15.855707319867957 16.153651320961337 15.897529071548156 16.190333165294195 15.847629719579517 15.710978362237123 15.685509826657029 14.900060411404548 16.798491524996635 15.462357355091912 15.865003260778044 15.441935650029547 15.792767058438402 15.763276575905591 15.338893920626871 15.549832800848614 15.53348994527332 15.727707839017505 15.447179421617646 15.989291520481805 15.114318253100269 16.08201211784416 15.491876462496736 15.649697451139984 15.405065088122958 16.308218259666177 15.432065938000333 15.535144553022715 15.267424226267291 15.821077566174736 15.145547677699792 15.494937280877586 15.74578909367968 16.616416636468923 15.504821961598568 15.146860513049807 15.62042696305499 14.960794246378883 15.262679115356732 15.717504472088825 16.752615905900797 15.624302561119148 15.793987687162588 15.539955157973916 16.07918486088087 15.14173301822067 15.896302383048894 15.161482050112612 15.512809177691324 15.928691448089232 15.778274224666962 16.04803086706301 15.157205987378894 15.91729023101839 16.518384813341708 15.542767038273954 1.2704017630655167 1.8552384686520718 1.4340995400110952 1.3272617735937424 1.8583079738273935 2.042947381575139 1.647271061768991 1.5549682350530256 1.4802429829019375 1.6060359934693815 1.4806572194347172 1.6040576748102198 1.4064040067584687 1.6774476824843119 1.658478577189097 1.5416204855182687 1.5602296911673899 1.717606960465499 1.380922855750013 1.3728247958002013 1.5392204147600244 1.5135123571562028 1.63578619410925 1.3411730214278632 1.9410664738194825 1.7839364504351718 1.8363687872359704 1.6258020495365488 1.2410361423566663 
14.45319396235756 15.402575047123053 14.370782697037452 14.050041553704363 14.823457928523839 14.427950062337665 14.078028460914444 14.926987678082842 15.17261052157605 14.534111336325324 14.57817230893594 15.142474000006846 13.76883532162704 14.093445349224508 14.691971691187193 14.94253030925225 14.639349896334707 14.952053913309877 14.633643091963183 14.545763150118502 14.516812250742305 13.75060559190861 15.425470080003684 14.269965420075927 14.62593249112758 14.196118185713022 14.587050891460503 14.555889587381836 14.196983827447362 14.332206556115342 14.347676815551715 14.525309691272831 14.267341804933233 14.739310046919606 13.977500176752788 14.852743529632022 14.287406895646397 14.506097368897395 14.211533205125322 15.03109283796809 14.310179985554287 14.383320901028869 14.125640277999704 14.603751140110676 13.971400616440308 14.351771908532513 14.595684916662194 15.303274446945993 14.265799856006408 14.019664309758443 14.443447220977477 13.830795118582117 14.084329442501303 14.520058813729346 15.50313284762479 14.38259399454724 14.608350946730319 14.363451543520384 14.839648542997422 13.962296509347123 14.68838562292182 14.056722805407489 14.260611913055621 14.716533319113859 14.557215517668267 14.794161803560879 13.998911795769951 14.725573389353828 15.308306349688634 14.333352628334135 1.5085267228449464 2.173857738681385 1.7992653287393965 1.5961391423656497 2.043466360557726 2.291196309491906 1.9839296441368661 1.902737892420834 1.6618283752858867 1.8750502224972585 1.8061819274665831 1.9610467162512377 1.7411328037443317 1.998420276378162 1.8937069767499841 1.8659476578990883 1.8918101032704815 2.0730529234190587 1.6973623286538309 1.626150325446549 1.8740029117052597 1.8488228406455993 1.8506575771724931 1.6686283010392415 2.1775651285625828 2.031105080291435 2.1844378054674944 1.7625772539314342 1.5123893688524903 1.549307725964057 
17.15688199751167 18.20374866406301 17.11143158170478 16.71374707564214 17.70599621770175 17.12516590037876 16.622816698889423 17.779785651320324 18.02355143556161 17.170927485823178 17.375337271002923 18.027045816486957 16.354630608798633 16.758568179819626 17.430966744510382 17.663653398175605 17.46707267752998 17.804761088585177 17.337736482932332 17.310978958888825 17.196673316239494 16.30471321808578 18.416731992408415 17.033643658951657 17.313278267623982 16.991550879442585 17.335789729354882 17.32000431810109 16.86795888058872 17.069386534542456 17.06538457565872 17.250211375678635 16.925010584658153 17.544202328114395 16.559687717940715 17.697060234819844 17.014373434847055 17.18950247302014 16.980505349654365 17.94239075692511 16.875794650760586 16.993505276967362 16.76634224707678 17.339526301694924 16.671522489817484 17.04960434998304 17.344451851886816 18.146476626268953 17.043342774728753 16.65345384282004 17.109431315239476 16.420434956005316 16.71659356618214 17.30769583275928 18.378077362040564 17.21069139209183 17.382214597942 17.070445196826714 17.613447378009287 16.648426977973717 17.480580230214457 16.631216409062908 17.034158756342432 17.491706530064125 17.34331684374847 17.637799165861836 16.70141202694519 17.441312276765863 18.089678705670472 17.01137937735487 1.9178681597336604 2.4872360191240617 2.178938533005142 2.0580487964486625 2.5683356229421674 3.0397614233674517 2.5836593990608163 2.4120896434161017 2.3386052621255424 2.353608767257611 2.20894376747129 2.3965935126219198 2.046037400010899 2.46135867677323 2.343237154527646 2.272155343573191 2.250864755432648 2.252727042121839 2.1101438705100946 2.085002348335963 2.1610969711721935 2.317791035791748 2.5008817824699228 2.2419747266659664 2.758818009045634 2.620802133946298 2.5893140092467917 2.4583590968319626 1.9981871929991466 1.9762605324216924 2.3053156175842293 
16.66662578449153 17.714251825451385 16.530687841014903 16.22268694722998 17.131298182827315 16.56970160554584 16.271257030055974 17.20866282992588 17.419298718937533 16.74036431016863 16.77478261796699 17.494552117468476 15.945556679759951 16.276470997804203 16.885199850603325 17.18048802831669 16.879760120864248 17.1870361282912 16.879482760952303 16.73500972590742 16.735165128289573 15.896395397180106 17.76748535520931 16.457781155627305 16.882596301286227 16.40103991639141 16.826539480433667 16.771813901168265 16.39258273475093 16.533975738339002 16.563135403557567 16.710055097050788 16.47437726869804 16.956331639475557 16.19981790111595 17.121343415438538 16.43400872022799 16.694518291443607 16.424430707132107 17.306860687220187 16.525941468573336 16.61236309288879 16.3135803103737 16.897370500898987 16.12993592639056 16.483779417505577 16.786377068613334 17.644162129968624 16.488806823638086 16.192234528941764 16.59527263387239 15.965365674540017 16.294811843270395 16.7198529146247 17.848287723924095 16.543364383039552 16.802646976677615 16.57555043830976 17.112034095682503 16.07537370725085 16.913309521156496 16.24824220964694 16.474479306861237 16.86677143574644 16.805219027141465 16.966432273068133 16.19577376458423 16.984058837282845 17.65232827659897 16.53867751681663 1.756456213392227 2.3915529688933708 1.8332575163297082 1.8431729475835203 2.156978094544033 2.374611276972494 2.038426726612207 2.113791400754316 1.997396425665943 1.9254836793363554 1.8208380900931933 1.976853059414689 1.875547802346569 2.179252676444223 2.0905006158004316 1.912052613161469 2.1113945520290778 2.250609363164692 1.7369562387483504 1.7936260787882303 2.0001741418822125 1.991728628059398 1.9482653360024182 1.7932694890587506 2.2904049844977457 2.1361522344149 2.131449446854925 1.936262642859841 1.6627804369218473 1.7398499655627202 2.010043596630345 2.592657294302487 
16.318757806593847 17.39658239708879 16.20643571342177 15.883852917261933 16.879016582850422 16.23291331175801 15.829703089833071 16.936077454070258 17.166077437047612 16.391348240960248 16.418402712182342 17.233076916590278 15.510136705963172 15.859479119590103 16.543511530384357 16.859668257647282 16.62562962915242 16.92096651153392 16.54609521712983 16.442550727707793 16.387455002846163 15.512663308669419 17.56216387952228 16.164227041500144 16.500768374236355 16.127564539927995 16.480950051938528 16.48295213639166 16.010422906722305 16.161965810032143 16.26444269930191 16.391798932090555 16.137311289492338 16.6582427620145 15.778305109017912 16.812004305251314 16.11131995728663 16.291277201987292 16.119649066074388 17.051086507366545 16.118050561625928 16.205222327365433 15.9672833867697 16.57929820583191 15.82751549662402 16.095305601549285 16.498898951070636 17.29031216214506 16.16636995054717 15.833743391255352 16.25283400209056 15.573493584326313 15.953970930334851 16.431045509099935 17.539184552685487 16.295187838406854 16.530753005890027 16.246190399081094 16.78132696330353 15.725224411938491 16.619795110075685 15.881802870334367 16.153841459328245 16.54785630253698 16.467234010931463 16.7006498964141 15.86512447338768 16.60434447189149 17.313964318214225 16.171028432747672 1.8205621659447198 2.3858456753136488 1.7904473601862594 1.8417220030626273 2.3132791529782795 2.548998763726995 2.2559781023463588 2.3041504929707672 2.149172500668758 1.9973396999175128 1.9378108780205276 2.168734364466766 1.913041101033165 2.34908264287061 2.2250437806783427 1.9526290170117648 2.1529286573554867 2.1769192971846003 1.8690413054884583 2.0020438165162515 1.9994173901481969 2.1594370360732347 2.200105683207244 2.0241094952199283 2.3834940176157637 2.2401074302529738 2.2246700858763613 2.0701863751299174 1.7046065323255737 1.8203855554862576 2.0986255593960794 2.4980444116342704 2.1797659866984507 
16.41790870136942 17.38287579579929 16.31722933365371 15.964871836073879 16.792535945406815 16.368924074141788 15.99470492365063 16.91375490791264 17.155702311113693 16.483317543250354 16.56841184191216 17.12990791199216 15.70372970366363 16.02745209978402 16.66685117388976 16.88392387708595 16.584832882938123 16.913448270479908 16.59033714335826 16.46977580738273 16.43769226032624 15.640552216879643 17.456505214290868 16.213165757806255 16.58768256990641 16.124764174440436 16.541155811769805 16.519274837159575 16.12100429522889 16.286594043995866 16.28480480504215 16.454580007197656 16.17076768283791 16.763439708413337 15.903326745512706 16.82280510414554 16.247624061518565 16.46393175535458 16.158681985504572 17.0094259324868 16.208448883468105 16.32511379474656 16.075414545814397 16.557405705768677 15.875747163961039 16.306003422904016 16.48767312612384 17.329999045320708 16.18283338926962 15.972370772250855 16.363700017201925 15.739467696990184 15.994061538285013 16.495873353652527 17.515418081824624 16.321501021342428 16.531916425359586 16.291073102969914 16.804006105186467 15.870650830704783 16.661466205137597 15.9373653364002 16.22114725049171 16.692855337954093 16.52061335039275 16.758661558399044 15.93885056497531 16.706232092451973 17.298761560137777 16.26214735244018 1.1541489238869629 1.850178266227418 1.4575505246249427 1.2649334686919758 1.5850375768321938 2.016279802230944 1.632979345472564 1.5453278302518982 1.4106425432163354 1.5017899159094759 1.3510382544714 1.5964010523321193 1.3126472589365894 1.6799130858164237 1.4422535910081404 1.4854752261940234 1.4765364694359924 1.6667525542758703 1.2992810643848558 1.1214594266991789 1.4226406131862426 1.4173108851230365 1.5491547620041166 1.3209075042071157 1.9186301994125952 1.7797600081901703 1.8069404485383043 1.5464481692014405 1.1810990944885895 1.2051239347858533 1.4217796565336858 1.9077879964047948 1.6423910156159067 1.8295454453952646 
15.79424968098779 16.916061315566726 15.676865911736211 15.383902182336053 16.36367119694631 15.717843008878287 15.356960012712822 16.404518038163403 16.63411379980055 15.839449350863529 15.922357215543226 16.731045703409986 15.025754063847254 15.400906915238796 16.023370452830132 16.371699971571807 16.11228526849671 16.41628863559852 16.031830840710654 15.942646650381347 15.903004613938933 15.02239248287108 17.004872932202673 15.643399236403482 16.02829817084116 15.637006434454229 15.991668536331904 15.96466332181738 15.543700808809444 15.666685953495339 15.751734454009151 15.895541278907613 15.66423584222908 16.069306837547753 15.313857406011149 16.325181826078396 15.563599420794016 15.81555476593221 15.615732447003905 16.56771500785291 15.6506703343965 15.714860080568764 15.428457054660118 16.077736320258715 15.346382624392024 15.57883674570435 16.039562481470764 16.765045052610642 15.719977751029242 15.284905025423521 15.74689050195003 15.072440710032554 15.467349982948146 15.891998766244775 17.05790023988579 15.777174683162077 16.015360878774214 15.749509396768682 16.298384777500086 15.23688314986713 16.093897882862077 15.406392801245097 15.661742621814511 16.017933201718527 15.981385169847469 16.172017282047175 15.334798787559626 16.104295525211654 16.838113367603075 15.689240899198788 2.0681082568343316 2.5932217223156826 2.023708069481612 2.142356937239235 2.698734378965354 2.6933445412992962 2.378112402155024 2.4627568567976024 2.340466309570431 2.1973418670805125 2.203361554126012 2.2493016375204595 2.2093939779510925 2.4556704555532787 2.597247037002749 2.199547782825106 2.481321519823387 2.5275717975323944 2.041423781555307 2.3305700680704793 2.3355125756741204 2.3922924186879326 2.2723700585767324 2.149125779021527 2.5088639140770894 2.368070257570002 2.38132760151461 2.228545710021946 1.946859696206102 2.0403856261846065 2.3114970338385423 2.8310870657688683 2.3244472260049633 2.3174139122975896 2.134759021049395 
16.85658171154514 17.90986580208148 16.786798661579766 16.401475152004217 17.332771600124104 16.810753739942687 16.39068836553427 17.42381564180454 17.6861483832857 16.867927389559583 17.023407842371512 17.666834104223568 16.07577700477076 16.47780307514641 17.08957332470784 17.39819639604338 17.123156848868405 17.450463131916184 17.06052012355079 16.969074047468798 16.934127422838515 16.07400819009951 18.030626910325537 16.6712270362335 17.06372474551758 16.652898858908078 17.033664066306578 16.969460912963413 16.576889017064442 16.784123246152486 16.73756573297862 16.95996672161492 16.664249550226018 17.167177670952693 16.312598301067048 17.356133404786746 16.681218689986917 16.899796853522247 16.619689319546563 17.57023820397329 16.65531996538251 16.746620622575595 16.446211488054118 17.03730093003332 16.348581045267675 16.728781479759125 17.024561542557784 17.865663983367796 16.74266881820366 16.32475078319551 16.85353357185301 16.153527679027476 16.44956837407237 16.921508331011534 18.036886660659032 16.846635854572384 17.048027598909798 16.766571194294702 17.314276210967158 16.368213244431892 17.12146066694189 16.370334371445846 16.712585036002697 17.164015494657512 17.020415634349536 17.301608389070108 16.349605680560543 17.146494431236263 17.780488974862887 16.762141379191632 1.3831474142609521 1.9380075415854652 1.6109201269760982 1.5162067796645493 2.0088585701263018 2.2800363673462836 1.812775030653292 1.6895484962962541 1.653915853907714 1.7548647753892168 1.6140868374346036 1.6939487888307756 1.4822295682117952 1.7785290502751923 1.7993629682497423 1.7046087001777408 1.6751985238288787 1.8329461156603948 1.5101876492221418 1.473045425423176 1.6443019310223355 1.6322284821080235 1.776596882169545 1.4857026203736643 2.119733446276956 1.9770802189400951 1.9473298280415712 1.7937349320942584 1.3924007500179578 1.3734674748272833 1.71681346754272 2.0648490727630504 1.8674717697579084 1.9815575026238414 1.3087783515266602 2.200272489995461 
15.544237345924412 16.54492376463734 15.428410144512425 15.105462315827653 16.024858583016915 15.480895642950825 15.05384901742967 16.106097242751268 16.343789468171146 15.571861906758466 15.703425289650765 16.3717246255216 14.788302016190308 15.111780435934909 15.779760116746244 16.028614405697365 15.797996597357223 16.102747036020098 15.735418795019843 15.618060851612098 15.559565171988634 14.74235160289772 16.717264573068014 15.386244634142972 15.740759571270916 15.336156616463985 15.680568564117328 15.70902800649302 15.233721610507562 15.397561687964853 15.460993127581604 15.596521904251738 15.317260728316528 15.914516445985182 15.010975686900109 15.998601989102037 15.376074948695926 15.547707640114384 15.340873340310559 16.23728479443085 15.299994218580151 15.421683515063435 15.20346728314263 15.740922532988396 15.05964575337359 15.373868444518076 15.653732829165989 16.460299154170578 15.363201012175974 15.077933185466431 15.461841520749182 14.817742370528023 15.147316892340823 15.659293542561596 16.708320459309263 15.516522491349365 15.686993511048827 15.435850926960317 15.97598704074013 14.971520438704678 15.826820905338444 15.057596178089877 15.403997617098314 15.799807472720225 15.679295619654246 15.911715081087198 15.080712586876082 15.828371674321424 16.48490381302292 15.374567382797494 1.2226134247145093 1.8396193513876062 1.3350058104507112 1.2859012747572065 1.76138138762845 2.0187385022946156 1.670027768659858 1.6461171186067898 1.521387770471433 1.4774687721112763 1.3917095184092347 1.592145041778228 1.3929595327920479 1.7300946193290543 1.6307361459069358 1.4444719536503912 1.5807417062230538 1.6494470064895093 1.2913238352430019 1.358724689107356 1.4768033011915906 1.5373616062224909 1.6014172085117162 1.3975757415643753 1.8619177563143177 1.7125715590207933 1.744640054686199 1.5736090090447203 1.1939008868602077 1.2304651516725824 1.5177311031321659 1.9258555276463212 1.67634445465221 1.6816009676220747 1.1926808984216704 1.9126141423561245 1.3972313010068 
15.250601883166738 16.22183346574359 15.11552711974012 14.831795783301118 15.671457435978988 15.174604452039333 14.875877848719577 15.75586987129139 15.974327235506117 15.354842479979219 15.354939560925775 16.028149499513933 14.573797818428258 14.86317371532231 15.495847474130164 15.727619809053904 15.441137219994692 15.728027020791828 15.448981578798564 15.296519453850587 15.2783659147233 14.504078664043096 16.290701322594018 15.073748891411192 15.457062617986004 14.977553959609928 15.396987170023703 15.376266976761956 14.976962821314043 15.09761845628255 15.163306172556618 15.271994408149947 15.049079572759121 15.598756015164618 14.802039602354066 15.649312370581711 15.05747533490808 15.27375064655779 15.020398054883522 15.840570937030964 15.098211262774685 15.203968881438115 14.955931881924647 15.459394820676478 14.723673087612356 15.102276030163207 15.322728676551362 16.163711241898763 15.042614125556502 14.849115097007036 15.15558300478169 14.5922746972614 14.895616311227881 15.353666927595095 16.351858885536668 15.123884112244575 15.355324243768726 15.154477005628289 15.66206333451153 14.65517281559071 15.504349877628735 14.849120775760952 15.058497393934356 15.456712180027752 15.364639532934046 15.51707795659072 14.83501242771318 15.562556000095798 16.176533739775543 15.113025970952513 1.412578752950121 2.113020067927697 1.5255996688728368 1.4608466140243686 1.7985587670496603 2.0418711646911434 1.7646291911477958 1.8388378645289358 1.6513843244064534 1.597734686872482 1.5247648052157008 1.7804657741167587 1.6029287163772405 1.9235003918926814 1.712651008051563 1.5888407251859191 1.817225776495309 1.9399547539347504 1.433853604007165 1.4451588148873298 1.689755424577752 1.7132707781074918 1.6412252789480186 1.5252874782544217 1.9485629550268981 1.79937841287715 1.8990420869318607 1.6116079066972133 1.3545853564778796 1.4254308178851052 1.5976699533651542 2.2489012651987204 1.7065200572650339 1.8668076166227594 1.2915112299333185 2.068437139576187 1.6166455466504621 1.3287935490554812 
15.982171347548428 17.009542506930604 15.925639811030152 15.550001486946101 16.452652863514945 15.920246212350628 15.522130783538293 16.54028518914736 16.806756640510308 16.060573141029284 16.03894177264168 16.74566124606122 15.173099446764812 15.557565109720919 16.171966478731992 16.525125829406186 16.242254188802203 16.54565721044285 16.202133648108415 16.112825819797305 16.08379730579156 15.26450486200226 17.129996920575437 15.7720648258898 16.12602411869361 15.755371180337574 16.11807872348565 16.05405989867268 15.667382266885319 15.87183725099061 15.8728046168749 16.08905787367499 15.814011422884088 16.266441801044596 15.422613588965959 16.41447270124365 15.798454062694404 15.957953189085476 15.71757233538824 16.618431289589214 15.816331062236502 15.863815593516968 15.585863770379603 16.175744503731053 15.466780574945878 15.792047459024326 16.15525285535311 16.967511266894128 15.826222256219848 15.470769181905748 16.014338248985677 15.306818259348788 15.612465595765887 16.027551874536627 17.085422060266808 15.955740713519013 16.221012628427072 15.901165978680872 16.397042625700035 15.497152918852814 16.23177210117365 15.550673493343524 15.787077896992434 16.26122461825338 16.090822934849925 16.40698452115696 15.486177820813557 16.220181865201937 16.836801289214826 15.892332129513543 1.6445023014597464 2.2234768967954373 1.803858558747878 1.651895024186311 2.118494082998306 2.4328266547727435 2.1338204908609795 2.0161391080629407 1.8302853186919557 2.02072108934705 1.8804584362749597 2.084006229498469 1.7015957559954653 2.1374101422228975 1.9621129365292764 1.9369722520185764 1.8511521162332594 2.0135045088543397 1.8759929766435361 1.763195659001483 1.844085084049628 1.9348362303926805 2.132182786747822 1.8234833032561115 2.3739603545879358 2.2251139884291065 2.255094357671502 1.9163417099477273 1.5442165660402076 1.6252334614945503 1.843671413096747 2.3002513522181123 2.1472710101636325 2.096409433234984 1.5649963778642844 2.426305458136794 1.757889596287442 1.6320993282894263 1.8157741531268758 
16.188082633619516 17.136699337044817 16.087808544576387 15.74937003019838 16.541096499363697 16.14800454833588 15.802961731932044 16.663407476746084 16.953052596308627 16.284985246474804 16.265976574138893 16.886119942518405 15.46708216698181 15.787630949412705 16.430145175529795 16.705140001108784 16.38031863765275 16.660235590691393 16.39909972274244 16.223070675214903 16.227558971455238 15.482401570504438 17.215363261585512 15.994695303224338 16.400824799379926 15.914783096937242 16.33230872773944 16.293156023431294 15.890652955266182 16.06373068552343 16.07913562765138 16.24837436050346 16.005877612090902 16.54968843482472 15.701995412512687 16.548309832185865 16.035489451500293 16.20384814609784 15.90565185194782 16.744778766131407 16.03016504471325 16.134134901271995 15.869350811452168 16.34743618937143 15.64685648696565 16.067935964393826 16.245908196910285 17.122183720939006 15.983479393456035 15.764582038786964 16.17080711562206 15.562837822238015 15.835089466646984 16.26940208396966 17.210282562246046 16.096079720593323 16.304697652159767 16.082575336718254 16.582479450538628 15.665737598651944 16.421244477819005 15.763086824891218 15.99504761356561 16.46748315434884 16.273280399019402 16.535423848629 15.731440692233177 16.471386411990444 17.020404429823067 16.103912769094777 1.5320942054183777 2.197322256547331 1.7277285054367248 1.55674846959709 2.007721060565216 2.237340012005017 1.8937952768378699 1.8512968617828303 1.7122406277709799 1.8223953277657674 1.7295958984488642 1.9932079408249508 1.6698912517268976 2.021392414680653 1.8174670741766985 1.8053959388019458 1.8337790440601887 2.0919583733316953 1.6669108018116718 1.4943695476603354 1.7838932945063628 1.7521438426097287 1.8675515088259835 1.618833473016131 2.185581481915286 2.056782623863233 2.1558106047814376 1.8583432872314636 1.498855247517176 1.5288226394262405 1.7227164361799634 2.302700861640506 1.9937901778163263 2.1234834087566092 1.3583589140176464 2.419419204118054 1.681326866535478 1.5290470786874026 1.5979566157821845 1.8607402642863424 
16.928548088089673 17.935571234495665 16.796580643503976 16.46625510339469 17.338696839276537 16.858679680923906 16.477140802979623 17.44674313019277 17.749669709742257 16.964222006646086 16.991084935632184 17.70303431710033 16.13871438606695 16.468558196647173 17.11904954205446 17.48608447409279 17.175625029507987 17.442831178149458 17.169219732874602 16.952629960390844 16.982623872376724 16.20975258153035 18.071818222536162 16.717960402753032 17.186238701748763 16.702530794762684 17.067275652100214 17.05759308887887 16.5938279564156 16.79264953148472 16.832251019486606 17.01078226386311 16.763930126021286 17.26400901831203 16.416755313963666 17.320992902012257 16.751009155919032 16.900794317465234 16.645046781739374 17.552624365309136 16.75126724054334 16.851490559955298 16.570486227702037 17.128295812312928 16.41389529263116 16.718458169526695 17.005263079084123 17.893605356087736 16.75113209385367 16.431357415936702 16.91822657901717 16.237085634884515 16.58743786207135 16.970701987432975 18.018003657096447 16.869336022646433 17.053298594179 16.818766008083813 17.36467695037349 16.385420491945112 17.15872585660871 16.473521596894674 16.772153044008714 17.185179037740866 17.023454137666626 17.307596786008137 16.409139382716237 17.20069383620886 17.824018124989934 16.83946524922996 1.9233068496941863 2.486000364833578 1.9267093415041232 1.9096502933902324 2.471859266235082 2.4807213793638727 2.121206597588161 2.134856418825787 2.0715024655492456 2.10118386344299 2.0346557574407607 2.1935438189713485 2.0068237551579795 2.3054621557515906 2.3094896703943983 2.084372225334232 2.173357650244708 2.4349725845734813 1.9572364600054197 1.963628317901901 2.1264629320182125 2.050846605883906 2.183581947271578 1.8818923460852823 2.463063205485617 2.323781882569075 2.351185035960441 2.196039529613496 1.789999106244878 1.8377155344295952 2.1769085216407333 2.689117448654762 2.25442840305294 2.3500021515196403 1.8308771304815192 2.545268519351562 1.9955056583730832 1.8276919873265511 1.970037738044737 2.241292115598092 2.0795577069056637 
14.948234450703087 15.96625520982493 14.820174483457638 14.545039647715738 15.493254657157673 14.870098184951198 14.47959646425396 15.540925403674368 15.781500423191325 15.030716817821858 15.042504627553708 15.850123066180808 14.18870418905589 14.497498068914867 15.189911013696992 15.465571124626305 15.254575983743287 15.513946287670557 15.175745484206011 15.040144693766063 14.97647665563326 14.177060767314853 16.166936983547824 14.831860377568256 15.160529723035177 14.778209730138826 15.110159352644631 15.146589945219281 14.644731618603448 14.775817205639008 14.923832943624886 15.002882909591468 14.778317800548907 15.348668293704298 14.447648915692737 15.394478216455704 14.77357012913681 14.907928191577097 14.77433608468217 15.659105289920166 14.743297752644272 14.851497423873303 14.653521130121815 15.215737570122572 14.480911280435224 14.73337774358742 15.07807384113955 15.880623809148561 14.802846815884532 14.52625209991162 14.845884772998936 14.242025983374061 14.627819446638908 15.115935344767202 16.110610238418804 14.927024611486491 15.119277343469964 14.878008176362021 15.404766772837473 14.342872558100385 15.261704083124167 14.536272773704178 14.814070979961361 15.168692436738578 15.089102957129631 15.287199831507776 14.554184887612664 15.238744662425757 15.908592719993784 14.809621621296058 1.809894885567217 2.4153714101281865 1.723107566011554 1.7747183268206908 2.3271975764910424 2.4371727589831456 2.2094590937472276 2.307583771736037 2.121395943412331 1.930802521366098 1.929654111955828 2.204008835375941 1.975532143243721 2.35875489953289 2.218371049799503 1.8950300903118402 2.2099836910024093 2.2058831222483146 1.820450593344744 2.0211939187978727 2.0241859389768306 2.1865627374009353 2.13309162665917 2.007962665726292 2.2747874314327943 2.131699516424048 2.227763549270742 2.0283642697135322 1.6916305702297703 1.792292173399815 2.0308698540110157 2.5132488804808437 2.1821767434770996 2.029997153443353 1.8478635548315483 2.2438934605554435 2.0438900736533836 1.6128454796026392 1.7666774183598155 2.1291601733638905 2.0776343311421734 2.3210863699497253 
15.991064952467067 17.021872706505317 15.868763889233389 15.55528300015679 16.499958888461066 15.927569127218941 15.50117552524208 16.574735091708792 16.831233175778824 16.032541318197865 16.136387280439596 16.86586061520466 15.218714696380669 15.550399762073381 16.243921696028185 16.508214285135388 16.27587048547781 16.567187142632253 16.2038998062471 16.070670472284387 16.00990084353443 15.186352881585579 17.208576201206636 15.85309411422137 16.21006354024978 15.805521110158171 16.149770858693234 16.183225158115796 15.682131739577798 15.837106124937833 15.934160018152632 16.050397641713648 15.79055261328172 16.39034399110347 15.46552141817073 16.453330059686497 15.821871358534718 15.985165130030495 15.798120186716593 16.71751585634486 15.75089221158337 15.878237853846022 15.663323962662183 16.217634739420998 15.509455548386976 15.804244096301135 16.110221468075878 16.934937355365065 15.835796199356313 15.533774008225882 15.90195144858799 15.2627383227606 15.624017358122643 16.14035200329631 17.17859800277838 15.976495182818208 16.14354757056334 15.89682659798766 16.447208131670102 15.404058182714435 16.29703756668522 15.519527755457053 15.864808869156889 16.25399718782668 16.13676029462732 16.36849755225054 15.54606961832356 16.28708605147212 16.95501414477042 15.843318627916332 1.3991844431825853 1.9978957746610972 1.4248522137623056 1.4353220160809212 1.9705135317743954 2.1470514832246033 1.8077880208868844 1.8302770852707104 1.733482809971197 1.5807357332450687 1.537610250668765 1.7642742131145792 1.5467125659247334 1.9099049531460994 1.8230682348896885 1.5649955834483713 1.7694495108431538 1.831335814026156 1.4262644158900557 1.5372586471625382 1.6156122111612459 1.7077329997047417 1.7542544373461544 1.5692918304711543 1.9767583780650142 1.8452697718096536 1.8666806211952216 1.754897490570169 1.3448489973476012 1.3987397145615177 1.7128727526451246 2.084708138306738 1.8354195264089206 1.7887198433375158 1.38713568523772 2.0135908919636805 1.5732530680214851 1.278492769228063 1.478552249360469 1.8094363502018387 1.6845764747082264 1.9508355100380435 1.6884874560560996 
17.598795000640767 18.65489821119872 17.537398382987153 17.123708903062887 18.112073576296275 17.54657089887215 17.03454969337115 18.202996869988553 18.487563107504347 17.561538286340745 17.764461421155854 18.427919339406294 16.742962263588684 17.1574102733014 17.798956731679134 18.140278951180225 17.907495129302937 18.23043527173183 17.805925647965104 17.710638373827813 17.659232058736656 16.794601929610717 18.883151460295007 17.4102087636761 17.792881698738707 17.432574627867467 17.7484374558192 17.724419093634904 17.261434299047014 17.51893929551879 17.477912159395494 17.718233758949154 17.38555230117813 17.93622435368633 16.980937699190246 18.104190634165487 17.444222954296364 17.59038947957142 17.361685359870876 18.355900376311528 17.325728991976234 17.42672751474389 17.155031827485562 17.772714058137986 17.105715526220735 17.422431180366733 17.75821124640782 18.62303738379587 17.482746873284263 17.020056124729923 17.608083798034027 16.845835375340524 17.16969147698151 17.660377641960753 18.791233684094657 17.650401869895745 17.811286097871225 17.489847105794624 18.057683782951177 17.11788414981083 17.872878401442176 17.044650833015904 17.484451760623443 17.931324969953906 17.754130539889665 18.108388959488124 17.050135753770487 17.850383388290197 18.50185867615469 17.482912860674045 1.7734830735432132 2.2737644654126243 1.9505181495396366 1.8591653450645083 2.4426189843354464 2.723698694721293 2.244375523816921 2.0561259162391705 2.054817119229409 2.181945975924467 2.0113821946543844 2.1004167813620986 1.8244524664961252 2.17928754533454 2.212477779024574 2.091739871845567 1.9738593922686838 2.109961827757159 1.9438506651605407 1.9136700254313002 1.9735690287829033 2.001557342586642 2.2971957257530913 1.904301593254182 2.5790590431076996 2.429371803103975 2.354753397530447 2.2665320905753106 1.755493114533821 1.7297396610581381 2.175898677546983 2.3474082014638684 2.356194712953637 2.3341796244292516 1.745309235566717 2.618626341429704 1.8061514688867435 1.7668462471562674 2.117610697232945 2.0785034495528207 2.118718459776206 2.3777687241964385 2.415792062802628 1.9353915165512974 
16.428595374304553 17.41579881208898 16.323939764668765 15.973178038703882 16.797889183388033 16.411149842496176 15.995438739919274 16.918305937801744 17.188149742761876 16.40449276732653 16.64617648634361 17.16097524234642 15.715497030066468 16.06419063626232 16.675214078409862 16.936009251766475 16.635217002964342 16.967712185400398 16.605711512992226 16.4810612651406 16.467823338292995 15.65862477025261 17.480194634911587 16.242743333093156 16.67793167496697 16.202920429212334 16.58256797284309 16.570918295821848 16.163352762986953 16.339324388708892 16.301873045150582 16.511711542845585 16.213908935308634 16.735937331215307 15.928693154076726 16.886952632010907 16.27198559210771 16.516712902496558 16.186550654644506 17.092438185010476 16.221244150157563 16.341638768505828 16.05580145862066 16.558189682162592 15.952984805143611 16.34503062447782 16.550372346324036 17.317093835337115 16.270691541326055 15.92653383378489 16.40850922427824 15.743424294294107 16.012331680961886 16.478353193584415 17.557653416741527 16.394185606731988 16.533572910322743 16.31020167838054 16.860071866634765 15.937975799929546 16.663846117410113 15.93371325093245 16.29736192509477 16.73144597037312 16.57012605077073 16.82860638907008 15.903265465104004 16.729909560441175 17.346339339374357 16.30052997536203 1.6042083120359902 2.194211303578581 1.9074689332454067 1.786557642685438 2.3197738171390943 2.4593199178652765 1.9529882580702296 1.8431625352613488 1.806140049783271 1.953836836064277 1.8691826619034118 1.8740495724839772 1.824354858208838 1.9529430789417728 2.109422437780425 1.9720352289433567 1.9875171812206052 2.2209385535305444 1.6865073242471846 1.6832574981363508 1.9822358991071398 1.8136661196514825 1.8770173465787752 1.6224660161923972 2.29544258057612 2.1541519326943166 2.193860802417929 2.0308544828948816 1.6737277684000145 1.6111466948877722 1.898632296299298 2.396172065373944 2.086360046445132 2.323225193015216 1.525553739976746 2.4355822310529196 1.6997326499180931 1.6293897548329457 1.8089371818840054 2.1676123756284675 1.8974172301448515 2.2092869105306066 2.3312239220242295 1.8179361326156047 2.140498178519025 
15.914185830157397 16.89996688196515 15.746151947205153 15.475415836343767 16.27090795961824 15.860550057451778 15.52004758093477 16.380968911600508 16.652748713614177 15.912880928248603 16.06962404694497 16.661724670199135 15.233410961252773 15.528697437189242 16.138926505573586 16.42619948513891 16.10122247171209 16.39781106838004 16.11875848502261 15.915578431095186 15.93904904430406 15.190380262437603 16.941280963954622 15.712819748821097 16.21153535101943 15.677432176409294 16.051106459097344 16.0733471643407 15.637139131814125 15.769617476280299 15.818788983220104 15.967465138520007 15.730156565458122 16.224156137355244 15.48211955865744 16.311239264789904 15.72583745368219 15.968707915841362 15.668667011732024 16.53981936710091 15.744881925788937 15.866005229307945 15.588676070247171 16.093921568526365 15.445481220796871 15.747544987093352 15.986556450858318 16.77852315372389 15.737067637681266 15.447729426641148 15.852095432745385 15.236599286497189 15.567741413469038 15.970017301803548 17.0329339130766 15.820934850848534 15.967701370138053 15.794240922272232 16.35195629879523 15.357158708912943 16.14204991112669 15.472390067435477 15.787265914209463 16.150402871640985 16.02978209622182 16.217513073840173 15.404805752346128 16.2249538049276 16.864617483308198 15.788141741613314 1.847559879786368 2.4710698032596854 1.9396498993274602 1.9364656095540145 2.476881711925364 2.3586040945229514 1.9785587643737128 2.0381224620112524 1.976908005534621 1.9730698379325422 1.970457951729896 1.997218934549258 2.08164615720054 2.160300341825317 2.3422246497436867 2.044396593154437 2.2647179378328577 2.5264641823663734 1.7816194067980586 1.9207058418158458 2.198922161727437 1.9932602953013718 1.91524326604022 1.7361719569024783 2.3021383333643146 2.164141031123889 2.2497439241946933 2.0875609531843398 1.7859288840700684 1.7967026741699965 2.077818013721396 2.753601117019664 2.106434831294141 2.387068346547758 1.7751843780953787 2.3909412139742408 1.967391806763958 1.7547784531970716 1.823073273685314 2.4176051691577225 2.0737281697379926 2.277376999021259 2.2871250799019114 1.891017359422373 2.475400120107492 1.9646105846001995 
15.465628712706053 16.450366651794823 15.348431985305174 15.02637992227493 15.899905709494307 15.406639811500074 15.008179391556943 15.993948894882621 16.21413181443965 15.50805767417224 15.621839560586013 16.243911670884028 14.733692673946411 15.043276503759122 15.694265437946198 15.935544860234824 15.677416517520381 15.997886348327974 15.64259233251979 15.538535878943364 15.494252205967332 14.673917515492516 16.5549295438592 15.284497572254859 15.640516833379971 15.217926111440674 15.585844955960887 15.60561629344008 15.167205433949519 15.31336612620887 15.364467183838556 15.510998833157563 15.22889104327841 15.787867381403718 14.945638835198135 15.907033494587381 15.282777242460956 15.490222443880999 15.243766354399284 16.10886044002603 15.24968364196964 15.356729793770526 15.126702141023896 15.63971512429903 14.97563151817256 15.31300014569265 15.583730739214793 16.334854618970727 15.247471657850735 15.003729762365264 15.396532925244356 14.751005805338595 15.052727105322994 15.541598901469616 16.60668441788306 15.40281820585298 15.60126051208978 15.351899333055465 15.871356057789939 14.89732471477452 15.721462610392926 14.997229271318583 15.28889910711046 15.703704687400968 15.58270506318941 15.806448439109062 14.986564886796543 15.746691589870961 16.4018314099986 15.277916856904094 1.3662886016887485 2.0085997120944827 1.5528062849382511 1.4607903504852038 1.8589641001062085 2.1720657394470266 1.8308296480796724 1.7994309428279593 1.62083024665433 1.6523778308554806 1.557688442185631 1.743342206673919 1.562126811388332 1.8814836666479935 1.765058347741344 1.6336021284533977 1.7354365637010456 1.838202436591754 1.465011628402313 1.484694904367178 1.661405453484636 1.6844330058106838 1.7274441544469594 1.5424777960919873 2.028732383558877 1.873430086872763 1.918231852527584 1.6722223723302796 1.3505325675837823 1.4026681449314762 1.607691367647959 2.1242673244744 1.7984180394192744 1.8685749707806933 1.306880311700342 2.090311310137024 1.5526800125286486 1.3164365095085813 1.4563578232765642 1.7732987724417377 1.66171378220386 2.000289572319115 1.8322090874631018 1.4915918823407361 1.9693961900583186 1.7516915362168 1.8980350695074684 
15.149535556226562 16.068531695010453 15.054687386368641 14.739088049401925 15.458198999500453 15.107702205697494 14.845148150477389 15.575605116966152 15.838953968721146 15.264434762725136 15.219230052951325 15.781006344534672 14.504297744062532 14.818376977219165 15.38050420718821 15.64435180264506 15.289074350721119 15.573897814561596 15.347999040659648 15.185559394232042 15.210658642147692 14.502954710495809 16.057610387433012 14.931735450154067 15.359825761754498 14.84364053233232 15.292729342036312 15.20302356257491 14.895622161197025 15.047633117603771 15.01946967401157 15.203517752840531 14.982689217447888 15.448050459999425 14.723876532499597 15.485223389979911 14.980955122386176 15.200056710396863 14.857031548776071 15.639744293752543 15.059874190109557 15.134440071923306 14.833371448781381 15.298062003851495 14.604873954703566 15.058593078544284 15.209970789603535 16.065740253355468 14.953517247611291 14.74289530026825 15.144893395096373 14.582743228099153 14.813466852727835 15.195318325289737 16.126865397470432 15.00570161904887 15.253756887127796 15.053540749821888 15.526963471829326 14.658374281278292 15.35003834491954 14.78027326801095 14.935796861376941 15.40097741735867 15.23230538236101 15.438562162219078 14.708101684223704 15.439448191705395 15.953445327953409 15.090275506932754 1.6150091195491019 2.329243148084609 1.8966903967839421 1.6667744168455256 2.036344672407182 2.241230917756587 1.9363336231976196 1.8966931951767139 1.701404298154105 1.9421474671113992 1.8364147817774215 2.030947758684422 1.8040913724621126 2.048804793499682 1.8675809090655302 1.9285139750563534 1.954818044474612 2.244453520141725 1.7571059144452799 1.5708991224016862 1.9506912844014561 1.8468111623638415 1.8452133276616751 1.639875575207358 2.235046424039815 2.0891459382382878 2.26289782636349 1.8165787107880274 1.585820850628251 1.6053015773302746 1.7043568125357884 2.4890412701974123 1.9960690585841594 2.269684810754476 1.4060906297131661 2.4889140447128124 1.7747989731569418 1.642891207844795 1.6003150832401927 1.9396839362015128 1.68791939154283 2.18894554579855 2.2133775633439248 1.8443601363711926 2.30045584531918 1.944418448843061 2.076534051807047 1.7209470408012935 
14.215103033896169 15.279090369270964 14.123155778545996 13.835249111809619 14.72963076248396 14.165766060202909 13.82295419911437 14.776577677065603 15.012061052217284 14.269571138626043 14.345867042643604 15.067364418805543 13.498889051395452 13.870357537899793 14.448955091400297 14.771887097127724 14.501852166968874 14.804359021413758 14.435979812095438 14.368695855012959 14.326665753429303 13.501275228346278 15.328464101772528 14.06718224941335 14.43809250696944 14.051338975323352 14.406189244665878 14.360720499997909 13.99122445528746 14.108720336671643 14.16231926527629 14.324377250625302 14.096604206801043 14.472912360053892 13.761018933537267 14.709619780325626 14.010145101517427 14.259614677524192 14.033369587978694 14.934611326621946 14.099291593724045 14.148748635306708 13.861660333025243 14.463194583647459 13.783989741298702 14.0487270956039 14.45960249692033 15.14147481153052 14.149800954111795 13.733205324311477 14.195100586891636 13.557300147182868 13.901905963454785 14.309847597034752 15.399642008666143 14.197723750167105 14.433832796829451 14.17563631599977 14.691288917392233 13.71483229021381 14.497476312409862 13.85896378785649 14.080659822576088 14.455401880054135 14.39049787266204 14.583602398427864 13.776755859282956 14.512367785480633 15.185047852268802 14.134425709899197 1.7761384938936318 2.3374965195045405 1.851714579367095 1.8564379730992708 2.4385546024517075 2.4249122648086794 2.135191359654821 2.1571262574355994 1.9735483402344487 2.0022430885497333 2.0117381720355056 2.029821422026567 1.983136216823201 2.158285743963403 2.2998833483602628 2.000598212483235 2.215261543135505 2.2913518876050696 1.8303022624396699 2.0593863043784983 2.126509576866597 2.143126964142748 1.9895982496483666 1.86894956530579 2.2526514115696705 2.1065911467168004 2.2231710941263834 1.918215612351397 1.6976972047688843 1.7584395272109168 1.9238529338091614 2.565170730514726 2.1217002304754016 2.1287396021542406 1.8332972442392026 2.1715847487543614 1.94806106358741 1.6680594089162082 1.7935232504359646 2.1139903095326504 2.100731502691811 2.329026717311853 2.0134309105547827 1.8015083519580728 2.391082018062964 2.1503426922229916 2.146593710168754 1.8175804657637857 2.0986638221619383 
15.892250899852032 16.81195696392156 15.757443572492555 15.454895407813133 16.25355237724393 15.84841182010733 15.450269288550643 16.367318583929116 16.651824252618816 15.915287734695879 16.020419927062264 16.608723397151294 15.18000289000651 15.464231235286041 16.11693270360711 16.373425353857236 16.095804775080076 16.369138297065273 16.087915554588765 15.891613267974353 15.88476766145484 15.167361972016481 16.9559242375265 15.715340738333966 16.1399597196889 15.659541549184665 16.009191051546843 16.047985855625896 15.573426505148081 15.74492417100039 15.796601680960165 15.940091173802623 15.681877928194309 16.275648833758677 15.401696587984972 16.25374584607349 15.75582710806042 15.895992496792262 15.64351847936187 16.487473511340713 15.673510078982616 15.807457889290328 15.582829195048651 16.047022321611248 15.405922672707511 15.743445265249207 15.920757588819026 16.759422482194672 15.683631665269875 15.458154204194926 15.833198083533814 15.226578200984957 15.530341023253 15.982437913975192 16.932579883697954 15.833366478039283 15.962033093863166 15.763022623541662 16.293128339316574 15.346606640092977 16.129867607004435 15.420484922174326 15.756018154428645 16.155788366027924 15.981214742295583 16.228358978682763 15.417375055041553 16.168424393472936 16.750098996021116 15.757251991048436 2.1099725632016666 2.754989801506456 2.239451154358297 2.1300203082013756 2.683568060818202 2.75796027914945 2.4111026745589332 2.390587820267625 2.2746923386651248 2.3473121492149884 2.2938159058109986 2.478710351888849 2.324215192371655 2.5541246477278423 2.5088351337286094 2.344594006922347 2.460504880835514 2.6735549257757905 2.1702355442781696 2.1723811561268462 2.412173530011439 2.324740392426223 2.389209016355243 2.1464729541323804 2.6921909540571636 2.54663813921469 2.6735808793570373 2.443067288572702 2.0748795729927374 2.0740490139316234 2.3303746757331774 2.8971530843244695 2.558793730530418 2.6619073111072455 2.0252831655579246 2.857326793057519 2.2813509489403767 2.034097691591208 2.1648462858325614 2.5578866197546755 2.297050189290292 2.6266895209758063 2.537587731581032 2.1772549324982866 2.6957271987674987 2.396872586525844 2.4799759375406314 2.200297686210162 2.3702379559495026 2.5592510942513433 
16.768060577555318 17.720900179858564 16.65945082295142 16.304292322378036 17.118848435606022 16.700606836646173 16.354481611676107 17.24719150556244 17.493926918844032 16.85145032597434 16.860491843587585 17.44950690581389 16.03869364296881 16.350594194152638 16.98169339884666 17.2401865590683 16.91901866992039 17.23160185908208 16.953728246113666 16.79747566803061 16.79988036076222 16.020789706841967 17.78873176787971 16.529664213090534 16.93368695873372 16.446848741152653 16.873542444729832 16.835869050358554 16.447494602017194 16.629347099062045 16.621251416874056 16.801925674591907 16.528151692877426 17.091883894489538 16.251865509815904 17.13667623010909 16.58594433133156 16.783087676234665 16.470512614879706 17.304389761936303 16.584305764993708 16.685940281684232 16.419587905858272 16.909041664005397 16.198924098920095 16.626187842322093 16.811009518530955 17.694974097190656 16.50371296345671 16.315238274031838 16.73372447254132 16.09658627879886 16.354183566182623 16.802685556755158 17.8236639588197 16.639111822800373 16.87652852042721 16.63438203997054 17.137721351031225 16.215441908879427 16.981467657525634 16.299385269260394 16.541943166666986 17.0195126803467 16.840901104511715 17.091320198716527 16.26916618553762 17.041040207669624 17.621910892865273 16.622951377668162 1.3929078053199513 2.088663033300763 1.6510175752652156 1.4547780761628728 1.7337359454656052 2.1563171109475174 1.806727092029739 1.7386545739994728 1.5843808147201752 1.7227193263229252 1.547354056205074 1.8219394821467068 1.5062944338876016 1.9087876686465162 1.6184304761193773 1.6878422362903227 1.6485058966288364 1.8907796905828436 1.5432850191044045 1.3142806685629598 1.6234324680963972 1.5998234228144184 1.7729086903381681 1.5063396508078746 2.1368074195898483 1.9881506465671088 2.0128399272069095 1.7146766269236329 1.3587102565233158 1.410451023917067 1.6253605629532135 2.1714201986732347 1.8102037571479255 2.023937269187545 1.1739643236209976 2.3562234650286302 1.5212232672465906 1.4222638760980868 1.4798389098288542 1.7133883614211016 1.5345670284070472 1.9965396815049057 2.0700108879825225 1.626969221983838 1.9592562734616086 1.7762136565004938 2.0072050565896786 1.518754633018291 1.5634509023839405 2.0622580434569078 2.2456467880173805 
15.686522762463165 16.70732357933159 15.62122641569552 15.274906817996863 16.129626304316073 15.627768477746047 15.34145810661289 16.21137767826193 16.446550533756717 15.827077257995022 15.746132005781684 16.447290358962118 14.966638790468242 15.336158708933164 15.92161447248188 16.227245107187283 15.907356791392406 16.207029491734957 15.904880120874394 15.813180213789353 15.801850035576818 14.98294675810937 16.72538155591209 15.492077822611561 15.852071346344614 15.419233879803254 15.867669182544269 15.746717107664697 15.44099556209143 15.593914041988821 15.580996304906353 15.7689590216907 15.540073545933232 15.961499314731082 15.213317049961097 16.12053619602158 15.48412086453903 15.719101005314535 15.426845574594092 16.277709463656837 15.601994167966101 15.646307776155139 15.333875217180726 15.895731861809663 15.140509504526836 15.565353548472014 15.856586943121348 16.6806045893532 15.539917966171352 15.238622204278489 15.6915397441469 15.070023333742904 15.341202792925436 15.74753297012515 16.776371702678638 15.586621830008626 15.89602801092246 15.63078988400112 16.106918419691368 15.183807480401711 15.930524698721117 15.330840582297382 15.458834752163638 15.933571877683326 15.814526706330842 16.034232880920477 15.257588338703439 15.979738978321267 16.56767104613678 15.627956896286948 1.59949006083667 2.242518983123854 1.8060744735909458 1.6625935639587752 2.0088072301292943 2.3423689391491265 2.0419370771202834 2.0121672888718987 1.8030600647448378 1.9319964335332411 1.8127887059042058 2.0285254248185502 1.7042430525880783 2.087551598056991 1.8677847242702805 1.8762835020685387 1.9179063719027676 2.0818992052960734 1.763866779198685 1.6418689915379907 1.8597657961433396 1.9215685483978002 1.9368795297702865 1.751127319165641 2.2454911304082565 2.1008278541885015 2.1797959454769904 1.7887291383844541 1.5423051827609786 1.616152498117942 1.7375864736578353 2.3721339004312303 1.9752388304869488 2.0886078801615438 1.4592904416462522 2.357401760054234 1.7442969779563324 1.6038586736984848 1.6292537058051755 1.8054668592444925 1.7561051799375313 2.2021953683623647 2.0964156336199453 1.7866429058581257 2.207927904564934 2.0691054555868256 2.2417925696829797 1.6975196267359378 1.7419202422353541 2.0302782756016757 2.4822091631124357 1.6044608311973239 
17.021886953232332 18.093647488589827 16.943063266178644 16.586790724984652 17.510280557058255 16.96025190257732 16.661871058955327 17.58384910208527 17.83801792930838 17.12609698944874 17.11554471638161 17.86894756871652 16.280915011974102 16.677195027912678 17.2785997807337 17.605627985662636 17.292247434843237 17.5812280687548 17.263043468326718 17.13462228281504 17.135182554768267 16.2795977809476 18.15348746261672 16.85192952718118 17.259104927153338 16.79560327538942 17.2550228564612 17.119936416013392 16.786707791492667 16.959883778661485 16.927807771260156 17.116265815847537 16.8922636830438 17.336536623997958 16.553866076712794 17.510112718037867 16.8215628464783 17.06726965420688 16.77473121650491 17.692733034691386 16.92451184313113 16.996716286884602 16.654638691686245 17.26054430771441 16.468092796022223 16.91071343604981 17.189183844550318 18.099404081057635 16.935491667915805 16.548144418452715 17.01063420384418 16.379643863350584 16.68315060710484 17.10446606339589 18.177506153361595 16.945797395983938 17.215485828878176 16.974447834181483 17.50090653309842 16.506924231303717 17.286396859025025 16.638562478341694 16.8390310076986 17.287135805069145 17.19554945665747 17.40486086575053 16.590996762131482 17.355299812938853 17.962911670668074 16.998055734560438 1.693705609718632 2.2734270565660544 1.818095767431839 1.790896445114104 2.215359779535458 2.42832038251763 2.014124889944388 2.028235423603547 1.9682809668641894 1.953871693977713 1.8484413018179742 2.0004339878063195 1.761796921857022 2.0901708406156514 2.0204307719430954 1.90526115848917 2.0316944129864534 2.1961741455734716 1.7409131055749536 1.7078489575761076 1.928946472771975 1.9464233173098202 1.9455067670800574 1.7473020830919124 2.2756074562759587 2.14096144498933 2.1518034775694206 1.9591502348161456 1.6538842720481541 1.6720224252884381 1.9503881601430293 2.4571147660014274 1.9979607631069203 2.1758529585842945 1.5690111862745977 2.3745761589976975 1.7650610863615905 1.668223277397222 1.7321222082763674 2.0265754282861503 1.8711861192003711 2.200753755121225 2.2002032889159455 1.8115708682644382 2.227639923279123 2.0325569799439944 2.1677583656161263 1.8074488894584724 1.9171557682017775 2.1418439884816727 2.528862601468105 1.7399581363742291 1.879626626559319 
17.395930212088466 18.430571991139583 17.28486848676926 16.943466764785516 17.764603919922514 17.345612407854016 17.046626290951313 17.881715021517717 18.147152548051878 17.460582607165303 17.51667715072805 18.13314029769659 16.688301789065246 17.049084940540585 17.635159375861097 17.94667433311212 17.57918823244161 17.899286391274597 17.609872356570847 17.45620429529993 17.485356270240523 16.669950955162165 18.408353303901244 17.16997731255063 17.638869401231563 17.1157318744144 17.57030112551739 17.4815685358159 17.145484881482798 17.30176997000305 17.267329332754315 17.472483854332406 17.22954913181202 17.664711292222112 16.943216903545874 17.826804729300353 17.186784158590996 17.473399998789137 17.111911681035394 18.00040951995499 17.284453304699422 17.36708575867834 17.0278218301571 17.572438805621022 16.85583049370195 17.277247039869884 17.521663958498962 18.366250605551308 17.234938585084294 16.910772610038915 17.392617500279304 16.747523556841823 17.02837166810721 17.42356078394552 18.52008132716146 17.278532421601497 17.522485259520955 17.30241654916284 17.8323090723042 16.881828427980853 17.616972973090803 16.98204046746788 17.202886122087946 17.661021200385317 17.523696721466735 17.742215551577466 16.8901634640247 17.71421898253441 18.32394257387401 17.324412114298884 1.8701833143428728 2.4947490680266036 2.0937456607749545 2.0049594129195794 2.396714472497134 2.5478127080317106 2.118927802105808 2.103999278431395 2.0420577514859355 2.1248265678126708 2.029544751782674 2.1127341836806175 1.9950945292690074 2.220724434096247 2.2351092360027365 2.151823543652061 2.2072094480048077 2.50194305631878 1.9171574092929846 1.8313193637347904 2.1644832381346246 2.027582028882863 2.0520034781426952 1.833846650681224 2.4793431269716746 2.3509309040538833 2.362178645057544 2.1454728670882375 1.841310493253847 1.8619832380794619 2.1087001822377314 2.72611751555498 2.1687793664750408 2.5000271815124844 1.6939387019410828 2.635433687524394 1.9319825577779328 1.893757160808886 1.926935218492386 2.3018332655508122 2.0347899016976423 2.378056231908131 2.551640586847361 2.069795170755022 2.44427488144183 2.069642489238122 2.206313091562298 1.9893388474158558 2.0260306164188426 2.3765726873889017 2.6699548625994107 1.8724638102087612 2.1153926045533624 2.109870038362052 
15.459584332311966 16.409491994985686 15.35774836307187 15.024773412959473 15.865271436017059 15.413163063691128 14.99027869823905 15.969002250113693 16.220438911494014 15.483289796309007 15.613121219744782 16.188058982886012 14.728290068999344 15.045319144129007 15.682191321177449 15.923284701543883 15.666616607881917 15.977902133515446 15.634795348287465 15.517337286605313 15.472008320504491 14.701543778453466 16.546358640603607 15.274458827774842 15.641463418048957 15.222888213809194 15.568584960969881 15.588813822134027 15.14662205250542 15.321807740738251 15.348240419631608 15.514479431982412 15.22446955487611 15.806734102235271 14.92973147921109 15.865945834834212 15.307959666901073 15.47457122777842 15.226621882448985 16.08602621033992 15.224234620223296 15.337269771207506 15.114218323019672 15.608178314150821 14.973051213399108 15.313704996285301 15.545182542640761 16.3364046733629 15.253149973151217 14.99700376152977 15.41003861480364 14.769989793863491 15.054970940754604 15.543309492908909 16.550492009498427 15.418585180140559 15.586324457719156 15.33543603415766 15.854112595363057 14.929963887001886 15.710588335763433 14.971698046910342 15.306005804473722 15.73249519742257 15.564606993622954 15.823620630975144 14.975197964145163 15.721677552937013 16.329135763976787 15.296694193621104 1.5258744334531955 2.17481831709722 1.7532440782679448 1.591403237279628 2.057900711438453 2.3374649848415596 1.9925371435029011 1.8957997428710527 1.7399093913338066 1.8677383768700397 1.7575282882850272 1.9417408048293572 1.7219477463444623 2.02220191861101 1.9062652093603916 1.8360328385831124 1.8539697334790528 1.9991531119993387 1.6727258566357288 1.6297847786602087 1.8226218177963198 1.8182260308682692 1.930301656065154 1.682725933818532 2.235588417856172 2.0826751218686748 2.1625352488786294 1.8866623729376657 1.520426205012368 1.535824438963134 1.766408049025836 2.2508666958961996 2.0516551079217358 2.109518613573106 1.4505795222583135 2.362760602571765 1.702499065197767 1.5009869313198758 1.6746599057259401 1.908459016272591 1.7915677251704623 2.17611742895246 2.053663397533277 1.6811799106403849 2.0803954325753455 1.912843055882195 2.1078222801064603 1.6485824841249141 1.8556033220821258 2.0436559078221483 2.343958428966188 1.669879939718826 1.8824700758870383 2.01165282593875 2.1812978239853824 
16.595721024433534 17.634046784684582 16.450831319986957 16.137450048020003 17.018945368806342 16.520955311951106 16.159343813935855 17.1198505668339 17.375384923037515 16.617963878211135 16.723883041170044 17.393687049838263 15.847102811726332 16.1762415468895 16.806855282847273 17.12369942539241 16.813412921762772 17.123493953165795 16.809117311374177 16.640558308045204 16.648081614276755 15.831204904352969 17.706625855609158 16.38142062441418 16.839045789969177 16.35244556409482 16.734592024868515 16.730202771800133 16.295495059688946 16.452165192607143 16.492679892237113 16.657616334277943 16.40127042751611 16.89421339524062 16.10635103386788 17.032529146306736 16.385317506986812 16.620733485721196 16.34275480506911 17.251480400195568 16.414951584709716 16.51774734883958 16.23372364036888 16.796350032765677 16.09340169611439 16.39893792483631 16.705957744430755 17.52699220872075 16.412014747020343 16.094734013171628 16.547385749114447 15.877722825191158 16.22072715279007 16.640337548587002 17.765263056315348 16.512667320158904 16.71231050824623 16.483500735128775 17.03872897753779 16.026362800960406 16.836859500853244 16.13671429053762 16.43654495693906 16.832278264118543 16.717458168974204 16.93842377588759 16.073358195996256 16.893425426622485 17.56585605143271 16.459640171674415 1.4849564920906146 2.082071805894904 1.5598293136793222 1.5646566340722994 2.0187435096093833 2.0982963035668494 1.7208830682887557 1.7528828507882726 1.68347463626217 1.6506167421684832 1.5838832652248762 1.6821336295588392 1.6198204998300116 1.8636533782752693 1.911447270540714 1.6734667189528827 1.8179666600178734 2.0293415303850013 1.4743297370100783 1.5452647743811736 1.7413363926281678 1.6550709009685536 1.6873300141386867 1.4697413956544516 2.0315292431876544 1.8910446420651388 1.8819972762562827 1.7457102430552394 1.3957981148728273 1.4509794233921072 1.7664598599746144 2.3022799820829816 1.7605909384272875 1.9585054487809839 1.3996420384334178 2.075488392988554 1.57441337583617 1.4082924401119714 1.5193837753821018 1.922982686155581 1.730784888371672 1.9463915165292602 1.9524378610949364 1.5520303890988312 2.0192194610232783 1.7281336510961138 1.7719310343576842 1.5528271039911459 1.7857405614523225 1.873587657965206 2.2396883583275575 1.5951132656774862 1.8142997026611356 1.7854380269807504 1.90311934679436 1.7724169833575425 
16.78835028478119 17.86883393378584 16.697333587321022 16.342966891780076 17.315841346905554 16.724300834602705 16.34229059301718 17.383713289849563 17.63016012754194 16.826193295414445 16.946356629838135 17.675182656842793 16.021087492826954 16.413154733896615 17.041790597416448 17.341661384697428 17.080088625312804 17.38866518500415 17.009302476185635 16.90079521328702 16.8624008369651 15.98881657174061 18.001247445713847 16.631597062045625 17.021186579138934 16.598427218874136 16.996360876099374 16.929464684324667 16.524831797971714 16.70566621328227 16.700105433405387 16.87606206256492 16.613914133949063 17.129927759719173 16.27669214375389 17.307583165627104 16.597894193610603 16.826054159013378 16.578202473300166 17.532510207929796 16.60415068056901 16.70455855046709 16.40675209141324 17.01979590020183 16.273729425879623 16.647669227855886 16.955042056245365 17.831626773354266 16.69703670674771 16.285513836787246 16.741351526624744 16.08085765895895 16.411172889639737 16.8942530745844 18.00866749435285 16.762561064493735 16.973755402611822 16.717550647260307 17.27607597891552 16.25205943378244 17.078699421069917 16.33242030309429 16.651831801778684 17.065532395086624 16.97567750355649 17.197787160059782 16.329842718695712 17.110226515226234 17.766561428307575 16.70255733021677 1.3479552556893255 1.9080232349629214 1.459406353244445 1.4648120109850216 1.9424705920185241 2.160073766566745 1.7208485328300747 1.7034688857827078 1.679834351836734 1.606814871297435 1.502561177826822 1.6197724585888253 1.4439113352356547 1.753741396363379 1.7564438881918842 1.5639447604690566 1.6974749300530396 1.7928131171303465 1.3762318189889318 1.440268906335977 1.5837457003251434 1.6203527833701579 1.657338648367319 1.4438463417642766 1.9680859161263593 1.8293273475119858 1.7978806056388639 1.7026114075642327 1.329123071851417 1.3318291915005336 1.6938879756328011 2.0532704492556846 1.7203119094139452 1.8291697894589807 1.292845019846935 2.009880703155518 1.428659882599568 1.2952759511352725 1.468778013778448 1.7615926157805952 1.6419857081089133 1.9026661096656345 1.8391441882965835 1.4304942098451747 1.8261707784118437 1.6807832876714823 1.8270840433001243 1.4753719277162032 1.744613894950975 1.8092371831742895 2.198497375373432 1.5111221261378263 1.6922993359059575 1.6614657456971669 1.87476375929323 1.6718155463743576 1.459408384647564 
16.456103235502525 17.511727741344316 16.388495104001493 16.009905458666598 16.992381086359753 16.390057039684418 15.92638712331531 17.06729365937032 17.328538073279717 16.49523370307221 16.56605687775516 17.30469773427527 15.614507259298497 16.0026072065857 16.664894352477692 16.99290976170269 16.76199009096563 17.07070037301372 16.67204101024427 16.590318331414792 16.525571646500374 15.666943032529298 17.714880552584887 16.28141158053776 16.611847647284407 16.27167207058921 16.601503681840956 16.583580082421047 16.124899106632128 16.335480213927166 16.36658985498248 16.556550006777492 16.260225711375227 16.796226872280464 15.861633182503445 16.938349350349803 16.282255885571328 16.423832190958024 16.232525518058228 17.18215998252188 16.21966216611265 16.301780459721492 16.05779082872189 16.666951011992452 15.958624451545901 16.253018862463655 16.630640468656225 17.454872880529834 16.314607216836254 15.931889240699926 16.44328439094065 15.721163403516226 16.061643188659456 16.548598848948345 17.636526847033434 16.47613523708978 16.69275007750521 16.368299587512453 16.900131164527227 15.934345224494486 16.74583386787533 15.96840200181609 16.302768048146103 16.747107301853216 16.59499808757249 16.91120822962174 15.96376726346058 16.706021620181996 17.367665772786534 16.329205002711056 1.5209260399079063 2.0693583027001696 1.6222780105239751 1.5463396036289943 2.06201705171862 2.393474174799341 2.04746191035474 1.9404511047628477 1.8186422335821564 1.8608287555284442 1.7291833265595482 1.940590844101256 1.5775261948144603 2.0365393625442754 1.8976434492303293 1.7745790305981406 1.7539725147416605 1.8288154110358201 1.699105991799081 1.6832862153549975 1.6909257252633163 1.8359771075035534 2.0512851542244923 1.7492647810520343 2.256898663776044 2.111812324762659 2.083754911918951 1.8938133987557206 1.4468991430311748 1.5098977288944624 1.8312348790183337 2.1088684463922562 2.059233271976252 1.93268614066943 1.5001029103720318 2.2635839187158147 1.6370966929529813 1.4676617267914507 1.7430819024570483 1.722961568554231 1.8236142218250586 2.1324738135232795 1.950339476088869 1.613020606988664 1.90535106420882 2.04449693085659 2.292516787968893 1.6612555775240918 1.990519749736709 2.017638153708179 2.441158512567142 1.692135345659141 1.8215233564521502 1.9567556865361246 2.2637077772961876 1.8074606733181868 1.7993579570622018 1.6034673900731258 
17.254551868975764 18.318874686708657 17.108540527468268 16.800165931907834 17.703332027242723 17.183140934920363 16.86055873995161 17.793886257901576 18.02391744437552 17.296918952221944 17.43275750095918 18.10310687563335 16.551361181211906 16.89095774050999 17.52174783400632 17.77864185461385 17.469295549085864 17.792568564156603 17.460529228867205 17.31066870976317 17.30016446620345 16.447344500560114 18.360173973094664 17.071181473112276 17.514258997821063 17.005199688255647 17.440429672314245 17.405638968730965 17.002546773945667 17.130854905800938 17.15807356791944 17.297629462014395 17.05478865872951 17.582438248343436 16.80204635740892 17.73579192155706 17.03622284037387 17.330768062470735 17.03140671946562 17.945395662534505 17.085206531433073 17.207596855009847 16.910869478841505 17.47204532821166 16.73137895802666 17.113483916555598 17.370781726253842 18.224766123107987 17.0984701413539 16.785444942253353 17.162125284929594 16.544256744354065 16.871964012980303 17.346978910875233 18.478397845403567 17.149469612632945 17.357467961376496 17.157691907504567 17.72402146392639 16.660797119415772 17.523403097192798 16.807149072835266 17.0990224019519 17.492969633199998 17.419695022938317 17.57289085760888 16.78281192339266 17.605014133348977 18.278591575394447 17.126574866597736 1.509970091446603 2.1419466876700772 1.6312240058827208 1.6659179691545003 2.0396660068724426 2.198257749081486 1.7659288622836335 1.838682539954932 1.8155593443499012 1.6531390455032875 1.5859004305677074 1.6952120806825657 1.6654985702281833 1.8982869385312906 1.9204849921492408 1.6942143794888846 1.9337900903966652 2.0948126170445067 1.4341687295439884 1.5173802214975276 1.7861704319731713 1.7197380524728554 1.6534084134787226 1.5211939468170133 2.047097330403171 1.9179466906153853 1.885714696184809 1.8144738176786648 1.4923832459818398 1.5190259450824133 1.8440956387199188 2.352084473791306 1.7448171627389257 2.0425985722013946 1.3956642119920624 2.132682750475481 1.6093035666350324 1.4529164161102572 1.5133422607215863 2.081805840361891 1.77147505985857 2.0237454509158193 2.036772289670152 1.5877621832855755 2.123049335406864 1.7170367544205238 1.749186622922135 1.5969576976340765 1.8130098598702167 1.9571145898475386 2.286378796971811 1.6220869816227164 1.876143293757186 1.775159554061988 1.8705858314651418 1.840628450733643 1.4841107664381543 1.4516389351941068 1.931222447582528 
15.85091752768639 16.890796580931283 15.725204103839273 15.418325454962224 16.259227372844894 15.794825486994975 15.460118579290137 16.36024193094766 16.636403791510084 15.912109243399359 15.945282002681589 16.62648875386826 15.113761174604633 15.45601189639815 16.07466892558498 16.409712887407842 16.073330793374797 16.374270860428897 16.078444211093668 15.921954346863629 15.932668583064418 15.135879121091477 16.91804945657375 15.645775845672437 16.0911276170418 15.613223021824345 16.00560478577873 15.977791089709854 15.574610936967126 15.713869180640378 15.76359099097104 15.93413352427137 15.702129879599926 16.13443745605704 15.386112191297075 16.26990038557075 15.644448964643475 15.882445084388316 15.593784894535066 16.48693000689265 15.718139522925707 15.796728115356643 15.503095773293966 16.057953748004383 15.35886784397195 15.666712311188672 15.995608969940127 16.77626125570166 15.693339431303574 15.370961626450178 15.83721624808033 15.181878562802439 15.517874453341408 15.906976806858177 16.98421452096088 15.772115959239194 15.997968966504184 15.763828553811738 16.292366481851648 15.316478307353098 16.094745206335897 15.449725084712457 15.681237898776606 16.101398393894474 15.96732610019945 16.199898128274505 15.352955649453587 16.144192121200845 16.790463435831857 15.75910254505001 1.4036631684352259 2.0028575573891083 1.4859247983130492 1.458353663417535 1.966464503497296 1.9827091418092628 1.650592783003632 1.6803545153480912 1.5633515271391456 1.5771053032348255 1.5535186277370496 1.6599094003145105 1.545035077936313 1.790144520690754 1.8321144516786443 1.6145925213895114 1.7490947546252695 1.9908875349651831 1.438672960260249 1.4825670498170562 1.6753421743006505 1.6019897087796846 1.601686781969618 1.4035912458595028 1.9235778084169781 1.7982157057180996 1.8460013803203181 1.6197467898950948 1.3017957812300327 1.3773438682419583 1.6041829149807247 2.2269672758112784 1.7161945968482104 1.8620572628847936 1.3220637715513393 1.9820318481005605 1.517053782464191 1.3390011749370556 1.4218941000998961 1.7693438456128106 1.5960316255469582 1.8651737688536574 1.822061646361514 1.4702160395188848 1.9768212454103031 1.688355942076378 1.7246072204356429 1.4761787356193612 1.633429002027837 1.7273601251915363 2.1482652521868704 1.513598306070317 1.6560082537786087 1.694418202707254 1.8335194556911338 1.6781501062041817 1.4333962036332917 1.412423850239052 1.6929094969088017 1.4734891964555916 
16.881339830728933 17.87139895074659 16.78911124177132 16.427581604896613 17.223576047348192 16.85061522613431 16.504617327456344 17.352898744263257 17.662020159845827 16.93288694551116 16.98031568269333 17.57600885776705 16.14730552902992 16.509652319246786 17.10957186997947 17.440572514602362 17.08292699420072 17.37800021057155 17.10236437094696 16.924699436549805 16.95853594468524 16.18872892231941 17.90984517217985 16.66439750679587 17.132383027379323 16.623825271007576 17.046792591000866 16.969854509438477 16.603155010811214 16.79889052696798 16.752279602104878 16.977779124182813 16.724607970109098 17.186401480855178 16.39986163665422 17.27612931177057 16.716665501887793 16.928462563774097 16.58018719536013 17.46689430564273 16.74790988962411 16.836940244773892 16.512990138406405 17.03254771332276 16.348650267003435 16.771227177355932 16.978425205554977 17.850931169861017 16.725654955899156 16.396293549474752 16.91174656250607 16.254953229703997 16.525711983988607 16.91253558454746 17.93203645630921 16.804577914890032 17.00835744595213 16.78093970666809 17.30414343937021 16.408164025214816 17.094874498881083 16.448600533565504 16.70622881401257 17.183592892369102 16.98808472895504 17.273671548419042 16.37011421972645 17.171559090609378 17.731274494191226 16.83652608924425 1.6373850931750935 2.2367354501452517 1.8660274923096989 1.7179614416981224 2.231461039428617 2.336723006950071 1.898893094984205 1.819390839282682 1.766351938861753 1.953154589310913 1.8556917570409661 1.9620623167311972 1.7531158519332195 1.9897279722215653 2.001207293562902 1.9511275333037266 1.9176329329820117 2.2536575465902495 1.7524774607530134 1.6036594977570375 1.9220202818319683 1.7742616962460331 1.9013428235240735 1.599209823199375 2.28998402202735 2.162387095563163 2.218374455986667 1.9779242300754984 1.612954141756895 1.598835831563233 1.8616110792676408 2.4346595938992937 2.0603678309835733 2.299148302685543 1.4679592998937447 2.498175721895471 1.695413346727211 1.6692772047768734 1.7650268569716203 2.0079336390098477 1.757551204655664 2.1314986899946016 2.325360366515301 1.8402281618904046 2.140973560075122 1.8537014046062061 2.057617585743103 1.789434266910989 1.796310739229978 2.1993344435732403 2.405507268819997 1.6453666853586804 1.9016629114403636 1.9251292665858757 2.0095485397526165 1.9197995457661368 1.7467731445142975 1.687154946857191 1.9730817009082338 1.773891070718066 1.6452864666334974 
15.33863512053095 16.32371218937941 15.258571617395203 14.910069488750395 15.770078216435232 15.290409164489315 14.89552186556104 15.86118378998317 16.141880367951387 15.377741460528235 15.425345215701492 16.085711189720392 14.571126323761154 14.928185445986713 15.533105138575344 15.874556665690493 15.594356721997835 15.876322580070417 15.556231422017168 15.421661147870928 15.414407941202503 14.639615064813812 16.453726748660973 15.147358199766265 15.548180714431671 15.132495578485704 15.483802665610018 15.441260365264435 15.036935605865775 15.239920262452916 15.23506706444898 15.442064673524648 15.176979688582552 15.643396856848685 14.816349825050134 15.75615417783311 15.179487478893149 15.331029538326188 15.08077912951719 15.968045258998433 15.172331638934917 15.244319484692154 14.964583847745198 15.519774097037342 14.848682637601469 15.177905034033168 15.472176765422669 16.289898322620783 15.198745176525216 14.841773268691002 15.356255947820546 14.682107472478624 14.985718570025204 15.385161658156392 16.406706454900476 15.315679762234575 15.517342561330365 15.24994671349191 15.762702760268317 14.85993012583408 15.574291947675095 14.903354640870518 15.182160139713714 15.6146535032903 15.452625580506066 15.745936466638817 14.847500158756342 15.593664865244339 16.188145230763826 15.25992510096258 1.650299596187339 2.2173131018556784 1.7910582915906752 1.670358307335707 2.2365876970949268 2.3612655746487476 2.016565817099712 1.9300599833628587 1.7905360522183436 1.9886600958268876 1.8924496743557342 2.0131765570872004 1.7793659303848393 2.0586433801062203 2.045628366304671 1.925551782540042 1.920848867209869 2.114451297701527 1.805370736295002 1.7847169142230939 1.9256348743994725 1.8997223086022785 2.0142174350378856 1.716088018165088 2.28854220286604 2.1325102817274515 2.224774735764472 1.9236533354457808 1.5781764920242196 1.595006206142155 1.8406272031803912 2.372512931204676 2.114534038325285 2.1380190980405853 1.5975330043029838 2.35950623775499 1.7635983484352098 1.6059106238134209 1.7781126395518791 1.899746366450649 1.8662330404777565 2.1815916560098008 2.103083371444283 1.7744511411194313 2.123504239709954 2.025193427176446 2.19726760646193 1.7547444566975594 1.9242118055616118 2.044746231568539 2.4428792183638603 1.7752368132830294 1.8996026923336364 2.0282587704609587 2.24347608520218 1.8969156498398998 1.8358054709134939 1.733856660685407 1.8365442575865387 1.963334918638876 1.7082198142010205 1.9581628290858248 
14.644956643217142 15.629474524971 14.574261563548117 14.239573527727437 15.107200942685612 14.607098948916518 14.196913589891958 15.183371515826229 15.401043367937348 14.686973541636531 14.811106043994963 15.411919828918537 13.921546713090452 14.268111440191257 14.875049142743347 15.121575215623952 14.88184002376772 15.20910798297143 14.815924421188305 14.776683936781417 14.705567392393261 13.886670500153041 15.727112365334799 14.48242703161023 14.794326803357402 14.432889165330073 14.780787618243497 14.76718263719832 14.378153499093008 14.52945117242422 14.547206640307813 14.724351814211628 14.43545414247367 14.935568365957383 14.121305861748295 15.110912100887548 14.476377084138718 14.683317489334314 14.445503307228922 15.309645265414513 14.449784237339694 14.52521125652533 14.28657559463783 14.815501400280628 14.186747537445099 14.521403587978648 14.82893579993262 15.517378207830953 14.486019261497866 14.173020230238773 14.614873449126566 13.966126111742426 14.243698438187597 14.72749014354959 15.774255811620337 14.627473541322203 14.840133009594073 14.559013664600391 15.054994644553089 14.145293346693729 14.910343845909523 14.205942589156628 14.480766290349544 14.908297211720027 14.78381079705613 15.025590695948873 14.186409988759992 14.910125373327935 15.544136559292532 14.489939805264553 1.7357307052419102 2.35747179092292 2.001513114598288 1.8439647520995304 2.305807119364541 2.6290439535255823 2.304763786818543 2.1944571458291926 1.9672808774916464 2.1360765416932583 2.04006697693549 2.164825567569554 1.9583085256392174 2.2415939475359288 2.169694361992431 2.0865940434486294 2.1166230927632665 2.1776710749895867 1.928040692090124 1.9552811386030224 2.0860049019202993 2.1420528834989616 2.162975473447572 1.9728251160089547 2.4476493453941432 2.28517721671482 2.387960732039639 2.0287316924667014 1.7497157725863268 1.7789031366289345 1.9184375861669256 2.4520510196515284 2.27441592222435 2.261872462852343 1.7289245003115055 2.479266639131896 1.9422341469304834 1.716846125488455 1.8947149849502398 2.0656042580483565 2.075768166886486 2.461675695696687 2.2092882315012665 1.9143466603940074 2.330509913736814 2.185907724666112 2.3959044564614214 1.8364837978095552 2.0993717623281274 2.126069182021907 2.626373654455906 1.953862973791321 2.0389783251224136 2.2454038089401354 2.465663357396215 2.0085380287000496 2.0359427117371887 1.911670774983981 1.9880091610135078 2.1355479756184215 1.90695688251002 2.2244521911656396 2.0861639828751484 
16.974027496951003 17.959570742648125 16.84804379652256 16.519123354017722 17.35442621469714 16.900938550033274 16.56871439625032 17.471619818326165 17.68697499327385 17.070299695122348 17.095001933357896 17.704286477019394 16.262734665870816 16.564252549433103 17.211734215413575 17.437013766722206 17.122409082992025 17.454519215562314 17.151131975637217 17.024414069651503 17.00400010341149 16.188170566267093 17.99257978379212 16.75058222399243 17.128355240360374 16.649570200690434 17.08450714776911 17.069152389655063 16.674047108358373 16.808530763893796 16.846620549285287 16.990800784243508 16.72440230473707 17.29006581370598 16.475534170301184 17.373704354968293 16.765861537098594 17.0110478412334 16.70921381582321 17.544283646629555 16.789547667047636 16.894712995516922 16.644333008048555 17.137572596037465 16.41992421982517 16.824504136847125 17.049547388187204 17.868307166312672 16.70167682972879 16.536983696494733 16.900541745804155 16.27802594089879 16.5540593434278 17.034747123580743 18.09527572839392 16.83243389131361 17.085808092155222 16.847883273545627 17.35390113459047 16.378796008182135 17.21120817462464 16.52038283070464 16.742695588645354 17.201728881953102 17.063598488701306 17.265260176762776 16.493230008983232 17.26743155102036 17.898962499056505 16.790604626471957 1.6779638984361676 2.3954389685187385 1.9162460594751554 1.7756019608957332 2.00006581184226 2.449123455236617 2.1247163691579822 2.115337993039111 1.9318552462086676 1.9428645636152817 1.8044586821977895 2.0858089944008307 1.8248933283609596 2.233453120475805 1.9388051252000984 1.9457228929524515 2.010143095499487 2.188870511761278 1.7795383046250903 1.633838632463945 1.921445219975306 1.9408884239045998 2.019477222294548 1.8453705382413848 2.3791975882870138 2.2382271755240626 2.243207907690762 1.9697568331789101 1.650050667902265 1.7413177125646704 1.9170290454375025 2.482268489234119 2.046190172826305 2.254886225469432 1.4878441056690923 2.5449521090854135 1.848210252617403 1.683281002436696 1.716885385455783 2.062901848808113 1.8718370058655203 2.314557292603461 2.2811333216356253 1.8728714264394448 2.326255907652772 2.0787357323974063 2.2462995898333302 1.774209060322977 1.8951204159194737 2.277695979118397 2.546480561226267 1.6598244568892497 1.908531620101866 2.035279423091874 2.17082118283076 1.975694077259864 1.8529105471692615 1.7862105237631136 2.0142383734666613 1.8418320365254486 1.7782379172065166 2.0039844809697156 2.112956232214734 2.2278225518379693 
16.10864657025276 17.068819235284554 15.98578955683993 15.667687934950319 16.50974973300236 16.053992951116438 15.664664310333013 16.61642593739777 16.865276601317376 16.15186827352113 16.26880122238865 16.858860109921203 15.400476654468124 15.706307975789738 16.3596076948262 16.570910332547594 16.300233991749057 16.60945435835207 16.28803669819947 16.143941209046055 16.102239270176412 15.331352610227608 17.191049041583057 15.929131805287902 16.312006428494744 15.852973023781447 16.232737515892936 16.251087667707957 15.80429230457362 15.960638567948648 16.00323978371803 16.138978123712928 15.868305626945414 16.491700209088375 15.606909712445226 16.50962469086072 15.948495389519792 16.13756757552728 15.87831993543387 16.734504325883645 15.875547192822161 16.01031721511721 15.78726480322055 16.271058702666135 15.596583946368073 15.969004193609374 16.160525475120068 17.008286248559518 15.89369334290756 15.67539137560777 16.02146267864749 15.4195245196692 15.710841042782887 16.223111543332678 17.220048270169155 16.033431765894044 16.202102243964088 15.98174577998461 16.51296732962011 15.539052821804027 16.371896737485606 15.623860873515437 15.95359109148328 16.37458431689607 16.220204644051687 16.436821251162105 15.648037758002635 16.401277483373953 17.00787156161047 15.9474045510056 1.4389608806635747 2.1260249803954334 1.6403566319646716 1.5142497478001207 1.9237648228685813 2.2110804204059646 1.8566773364967262 1.8205034904696855 1.7045492840646674 1.7045616857770478 1.6034147393511766 1.8370997167369203 1.6290885899093541 1.9471557002948587 1.7785818595474954 1.701083864406051 1.801048727449068 1.9518207896384643 1.5139468461924752 1.4629615553771071 1.710533221792962 1.7070557594963514 1.7785242157651153 1.5766563361868327 2.1078772086874533 1.9693407248186792 2.026523132840117 1.8152693017654713 1.4399162067469755 1.4602115014017791 1.7179592131424817 2.1949312520468296 1.899963211113946 2.0362055545860778 1.3176087794507156 2.284009521951275 1.617039380298878 1.4062632150183585 1.5265203247762094 1.9008772494392268 1.668321724292823 2.065659087162708 1.9685838651690246 1.5633659354073675 2.041762098088608 1.7984321121195297 1.9412277253344532 1.5652562882224068 1.737801316178858 2.0022072857537387 2.2290889302612973 1.545125782576603 1.8072252903276886 1.8718054147937755 2.019257865208855 1.7133033152595554 1.6313891176912736 1.5416683651493508 1.780314600997096 1.6265813209569777 1.5595432862884058 1.7961890406873475 1.8662023959391252 1.9974767983003168 1.8282670471294344 
13.797010817035833 14.778789250306282 13.741665784811595 13.402332104348353 14.242960522751227 13.789358730080004 13.342149654391351 14.325334106531692 14.625939219128306 13.82069156337134 13.910544413569365 14.549915777086577 13.027214472932092 13.39769202163412 14.00966282759 14.35203634578043 14.094530900535947 14.37748201081893 14.011641614898675 13.926643339411868 13.886465672985533 13.117640412050493 14.912340435988112 13.651188164265367 14.004594250408843 13.651143251675085 13.952319220600625 13.94162198230452 13.518392332130741 13.702258055646528 13.727233518921102 13.937614129116744 13.666700134569801 14.095443669660439 13.26989720367387 14.235172240502475 13.665572133203508 13.801584162332079 13.577811886742422 14.473750635076273 13.626004521076924 13.686401794352923 13.433039766377142 13.973479844553358 13.379825830103544 13.656553157297502 14.002856892791838 14.681813543805191 13.704169672498843 13.30322959389466 13.842674565326934 13.158248441639788 13.466772894646008 13.875364505700027 14.859614619819718 13.848213275552093 14.018372324375521 13.731701808737244 14.229328075653417 13.368500523482137 14.05662504382986 13.385688591310853 13.674153399487574 14.105981206365971 13.924777289920545 14.253966784313544 13.321147455386306 14.035699724179109 14.635169484344937 13.725830558729914 1.5757150153701678 2.09983346024434 1.736550868653437 1.5988278341998134 2.3454750123603754 2.3542641853221657 2.026539961775173 1.894696350469854 1.7033685571172668 1.959628431708801 1.9448944122042002 2.001240649669588 1.7772586252401417 1.9911853071735106 2.108037871414744 1.914065456285432 1.9082920369721412 2.063949453289167 1.7936836162686753 1.86441826517164 1.9243815769272437 1.9169842972498379 1.9876575822037152 1.7103029317955432 2.205133618115763 2.058844946501499 2.2272351314534835 1.8686045007580117 1.5362220190846072 1.5422371349590163 1.7055394429031254 2.256421415295012 2.1860304955264027 2.0384616898596377 1.634545812140118 2.2196291860004265 1.7462698160537442 1.5210438596781437 1.7741371568972593 1.817581084605299 1.850258929235918 2.1627714334581283 1.9263613044853205 1.6715563943920548 2.0690428240799257 1.9760374511129823 2.162626525896766 1.6844421629133033 1.9336122470596386 1.841006398101932 2.3570317385308237 1.861661269948407 1.8831153847673296 2.0704887268817798 2.319288311677703 1.8092063069827307 1.8498457474635437 1.7323422375209683 1.7364913126174903 2.0416999153088913 1.6562406645767331 1.9737180649518122 1.7874969623230283 1.9150862670585445 2.1853902909124043 1.8510054177333426 
16.143889329372385 17.178121933423633 16.077167505667738 15.71006583386748 16.657870354313978 16.11093842887811 15.651886656328852 16.73132680433607 16.993106889209734 16.141236187352547 16.344417639829977 16.99175889915839 15.373536008756847 15.76607472895499 16.40063263631459 16.66996020806998 16.44555265967596 16.76039085239765 16.34088612690801 16.265159970310073 16.192675749226257 15.346384019933044 17.360508737802803 16.01012169384504 16.359791604828594 15.987380809675829 16.331321033435202 16.30446167013397 15.86985805606368 16.067768829451104 16.055200691575166 16.245491324737706 15.94900629747574 16.50788028635672 15.59728953781832 16.657883316501977 15.998520112663043 16.18222912050185 15.95386765480272 16.904078169988853 15.906243655720035 16.017775990294105 15.759686165509423 16.33418603353944 15.67268957717374 16.029665540985462 16.313886342814925 17.129606352638838 16.057443037282432 15.638731996833364 16.10930883471289 15.439431386352878 15.746754766626358 16.26883341835622 17.3311914728055 16.179813163682812 16.335273477381943 16.06171215300164 16.61330735394263 15.65138584727234 16.44244775933506 15.650402080132872 16.040546126228797 16.462251960505654 16.327518308670708 16.598652397872794 15.680461172919243 16.437187460203855 17.06978939431048 16.03849010232187 1.5457750995573838 2.0975838535353724 1.746770418699485 1.6683253156873603 2.253806751577708 2.4881725844871787 2.034310149283511 1.913964405242669 1.869148983784319 1.9144916902757507 1.8130425106679886 1.9059077078697892 1.7004966372123815 1.9756829504905427 2.016328423263555 1.857086924498406 1.9008115037165052 1.9720373253221177 1.664125479342787 1.719031122287192 1.834388677371538 1.8736360564390595 1.969017080312281 1.713417601576783 2.258383440670621 2.1155890092993865 2.1363497910210087 1.9975901060937253 1.5877605142578868 1.5442920730182927 1.8857639590378243 2.185249221118555 2.108712836388897 2.108669518384963 1.5438952713780345 2.3196382085397085 1.6648288816614258 1.5185517364771728 1.7898388032941712 1.9697712557375444 1.893995121451172 2.200813506579849 2.0800972474781037 1.6685442883152823 1.997200885289028 1.9020340044101074 2.1429730130666518 1.7143259582917831 2.024209572580356 2.0510847490186097 2.412391889236664 1.8026040577859814 1.988130649583568 2.0122488622108223 2.229526671530243 1.8526324632106759 1.7933796237361936 1.618314742238812 1.793245669881198 1.8357711407359785 1.7221156089833052 1.9633612517271766 1.9379813378151447 2.0687624571327685 2.106687524070232 1.7810487585035117 1.8207873721641303 
15.057888155347579 16.057791180693265 14.99122047511087 14.652073491736795 15.56066666626652 15.018675037262305 14.629874303238951 15.620126271864784 15.890531827666612 15.100160708126692 15.19209487487406 15.88760437276761 14.322495620691138 14.69990087675912 15.30525247358676 15.599347257855909 15.362867825052337 15.631208087389526 15.278976251282309 15.163855457064395 15.121723734800716 14.333138056171284 16.23198813767017 14.933612855436749 15.301332405603377 14.90310351926444 15.265631723769745 15.199610300937588 14.80131979346913 14.995578010379916 14.984087134612588 15.161501167058386 14.91357530469612 15.426669291744856 14.562441654901736 15.528987366980509 14.919965598474263 15.075330253313833 14.856322173795514 15.76130303061992 14.88781246960521 14.981088042489965 14.704282520639907 15.273543195528248 14.57527813947053 14.94909230773233 15.204575829972246 16.06969049402148 14.99766842440944 14.593605315756951 15.034202880070147 14.419213704564706 14.7246631297378 15.184664174184679 16.167273997593067 15.066412405296479 15.242807194043714 14.999837113633836 15.527769995028553 14.578324157164591 15.340826615721152 14.635468448701808 14.946329654792114 15.34993615714216 15.23240823916394 15.473388390952342 14.645737376865211 15.356260562960843 15.936885620126029 15.014156141543566 1.609508640595958 2.1726764155861993 1.735080977496987 1.662524944105287 2.277640339572258 2.3886153436833664 2.0032864357721616 1.9454765229609094 1.8600312461711752 1.937988654104675 1.8622106515892773 1.9795327830458065 1.7691696144612958 2.0135609559007652 2.027196541098433 1.8576316372695707 1.974365249712489 2.0638098319175593 1.7055232027110638 1.775409955731472 1.90886019379678 1.9375783433561242 1.9435729319726205 1.711749589707323 2.204223078648295 2.0522816200275145 2.1703899287263497 1.9343162024477816 1.601379775445065 1.5599616133161431 1.8465104368330945 2.3027511771453675 2.088347584279582 2.0928882965044644 1.5977139475164095 2.2816209701741896 1.7463194025082238 1.5398543040302357 1.7217967598670136 1.959374923332206 1.8651638755831803 2.179586846034938 1.9900751109334265 1.677545716357034 2.119949077207125 1.9878408101941092 2.1274246685458498 1.7329283161737508 1.9407234701705396 1.9766389314132384 2.386677852723347 1.8245459234186454 1.9260153764561574 1.9906049946710962 2.25195582009839 1.8739239000588808 1.8135653529852513 1.6594345383021138 1.8358106194263066 1.878684517934686 1.6966215514192677 1.976780109603641 1.9056697035980696 2.068233565302455 2.1342780737279035 1.8069886690613972 1.7720944288027483 1.8534432231289846 
16.663005077143616 17.61267249336797 16.493679651497697 16.19684976828363 16.997879140072794 16.60413013811991 16.201827371519048 17.129235334721425 17.38065864049774 16.643433812934102 16.855286244003782 17.372418624815598 15.96460683975718 16.23639199150248 16.88490375378875 17.106978701892306 16.80952941374222 17.13671600917599 16.828121643570654 16.644987790830353 16.635776118925676 15.87784013648752 17.698516420023733 16.44265140907558 16.899222197231694 16.386247183736955 16.74472034473216 16.81718097184645 16.338321300788298 16.486368309810373 16.537763256636115 16.68039677619092 16.3927503232039 17.005414688478194 16.169694100742955 17.04399590774907 16.48641321529701 16.70704127314796 16.412686396778167 17.271055573333392 16.40732017874978 16.55784957025385 16.33223952853083 16.794943473061448 16.174780045195615 16.493405218065742 16.68458635382071 17.483392106367113 16.39904816207997 16.196616670101882 16.56808360850505 15.935474489743552 16.24017963784714 16.720980362907962 17.78567497761638 16.565056268588016 16.692723752983124 16.497255559587938 17.055382372937782 16.07277531332576 16.891417471680835 16.137918659648314 16.518884910521816 16.909063936515565 16.750942761378468 16.964630504739286 16.125634648071507 16.950723909625818 17.5958812454593 16.451355434702037 1.7650479361946934 2.44489824563255 1.9624702824502769 1.8731755449151355 2.2931642933758822 2.44109696086866 2.0499109994083606 2.033510855133618 1.954073979003175 1.969001768278622 1.890000369697866 2.015275225874553 1.99828097443016 2.188361036323462 2.192824528538825 2.0247216180051297 2.136014757084503 2.3689597662359176 1.768693566461327 1.7853050104067039 2.082394448851027 1.929283988611906 1.9916503706846083 1.7736380688928004 2.38977673480595 2.24602011218146 2.2764453436156415 2.127951888249674 1.7514313967453525 1.76714042993761 2.065335819011757 2.6088230835315906 2.1426610958903876 2.4072760435751297 1.6465178269310554 2.5400449177629465 1.9106765648095447 1.7212483500852391 1.8404091720089177 2.3519729953528437 2.0283414303014413 2.321964034241855 2.359439338389722 1.8917500017267113 2.369053217048326 1.9525872334345322 2.033746815878326 1.8586044262294568 2.0711447540059904 2.293199749944213 2.487648249048532 1.8837214110661116 2.2283987339217033 2.2003679787146493 2.2245548710720575 2.0369652991908085 1.8150639928503325 1.8300652310117649 2.210026172139847 1.7870821936655097 1.8012816798782945 2.0531392488121685 2.2081505299031843 2.3603289519859594 2.1447575503490017 1.8699263360421734 2.2227510200415255 2.1026971786678184 2.16699024335318 
14.942505089051888 15.898224133003072 14.846615850600212 14.538681572027814 15.313082483694282 14.915160242844202 14.579156317419395 15.414173028087694 15.676608873795294 15.010013589239946 15.072564370865884 15.648801256049957 14.270364462208759 14.597120178788819 15.189782981123477 15.446630792390243 15.137011696986214 15.43574594656336 15.135689740945459 15.013002926374696 14.996947886872286 14.24921915493708 15.931312110881901 14.766480788678605 15.161274648002662 14.700790551673116 15.09518655133974 15.059064521704563 14.69289408820283 14.831579641728798 14.844195807894602 15.014602830475997 14.772946488596233 15.252819497157907 14.49136220109279 15.33887233020678 14.781319572909247 15.000219316115203 14.703306376274128 15.535425808164694 14.803393341968503 14.890417934300187 14.620638653842198 15.106024817370209 14.45941584179513 14.840279660613701 15.061725369488755 15.82375952487989 14.78428933489647 14.512290083484167 14.921499608679106 14.32880908958035 14.596820746866262 15.02537235121496 15.997969303440728 14.870491225251305 15.072494467975257 14.854519401583072 15.351313912125583 14.448327507962993 15.18261005386585 14.546400099343554 14.777444722154545 15.211149150584975 15.059107375407791 15.277831592744702 14.49595471204742 15.233033033405865 15.806452576901851 14.85094700341132 1.7726795357538714 2.430352854224885 2.0139751698693527 1.854490643437518 2.3511978056120224 2.4787653723228273 2.1474487122032975 2.101100109933489 1.9249221931286302 2.0816879854975667 2.0333705435073024 2.1590087549943777 2.0037623488537335 2.2044511742445394 2.1720491549414547 2.087744459315174 2.1724968200757035 2.3774145452474813 1.8927328989091996 1.8658053663735055 2.135949589883441 2.0653468486993773 2.032016858386515 1.852080303338506 2.3754980507611583 2.2356962783786676 2.391916720377493 2.0331935789173783 1.7691079415518598 1.7799978805085797 1.9124086403086165 2.5924157350071737 2.2229463613817595 2.3676035164063265 1.681753745733826 2.5269905094250253 1.9557851390550318 1.7591436637378957 1.8272958071867127 2.1709061235439813 1.967272179269329 2.3771670717078943 2.271762694314104 1.9307452725884306 2.431965843538445 2.092501873567754 2.20979691785311 1.8756128823057854 1.9514157476495917 2.1636527174204785 2.5315638865506727 1.8982621608186934 2.038597580082293 2.1696894687077966 2.304462359615092 2.0281785734385447 1.954445836267268 1.8993499512610912 2.132194189631528 1.9954174016837205 1.8114217181622536 2.070044769556171 2.1060602503826225 2.229652533554658 2.1866583707533267 1.9381563000767512 1.9969912620793413 2.1183962156964107 2.0717908120500854 2.2381661246694184 
16.721950636908804 17.746103718020088 16.612258321865802 16.256725186145587 17.14436981910915 16.667433374294433 16.238224608668176 17.25746749580494 17.517359057790372 16.74125137254332 16.866336818185996 17.492423214200418 15.936682112002615 16.281374958554892 16.93672816512854 17.234605202769306 16.944908320413248 17.275696402432857 16.915847118636645 16.796511245974518 16.77062356314201 15.933620156691713 17.848555707131496 16.511570754942028 16.907766994769577 16.47843757913864 16.840456571482836 16.850790026045644 16.40160739596933 16.579067228873452 16.606772765375567 16.7952969086184 16.49796055945429 17.02811074603084 16.171586500270646 17.166452448504575 16.534404201325046 16.74091771589463 16.468313830531383 17.383763059610278 16.497296853868633 16.598794992816277 16.34301710624702 16.88641859951887 16.223621153578872 16.54447928595766 16.853090852695296 17.629431539307042 16.514496093691484 16.20939338974982 16.697461402859147 15.989977430608123 16.304903826931604 16.77008804717472 17.87998398805262 16.679175505664716 16.875343602776113 16.600596340072187 17.13864266985842 16.180160729263715 16.97083608802319 16.225641656874892 16.550570018842887 16.996791544662265 16.832462113255872 17.118983203578455 16.184838136672155 16.98958574179926 17.653065172830125 16.558167660588644 1.4156035814421772 2.0103238118464484 1.5981644918635103 1.5071236553638574 1.9607267734428115 2.225986315746726 1.8327803318928866 1.754909159213764 1.6481151642429634 1.710140729451176 1.6035512155829297 1.7518879501899052 1.5410315727139445 1.8790715595762963 1.8311660081534094 1.7048274059167836 1.7026272844806505 1.8919440151485751 1.534926004692603 1.4955250746068771 1.6606716592274615 1.642499030333589 1.8061359163551203 1.535503882584374 2.1244658408250183 1.9860816243860597 1.960311268724876 1.7844153833032967 1.376771573569631 1.4286628733373505 1.711622017420048 2.1362829839386683 1.8771045757144513 1.95895401256764 1.3335137309087874 2.1961847251897963 1.5257585765203083 1.3986566214168648 1.5945960766555902 1.7863749371987847 1.6905475506834962 1.999570158608753 1.9964983421010014 1.5667636780285938 1.8973306368235479 1.7525148617475925 1.9626361273205561 1.5374319039331774 1.7965162171904228 1.952904737097658 2.27274389387023 1.5351358999864573 1.7696590389077103 1.8299272174328334 1.9776071207544164 1.7135412978388356 1.5796328954790375 1.4944909768213084 1.6697550002434234 1.6381386766377588 1.512341365552447 1.7493550950423582 1.7931153809057936 1.952772763696797 1.833447289031869 1.6275596354281843 1.7571776730412083 1.7378223582950183 1.8101978722598557 1.9009175475027786 1.9670936705644195 
16.252667499114793 17.29807716097598 16.13454069741546 15.812631523213343 16.743348987245554 16.19698609307991 15.773310178703289 16.818217005009675 17.123728067804024 16.2223728375981 16.39865579705914 17.108965666527244 15.47536660393813 15.847742167821824 16.470700769604388 16.823048055154736 16.56342902160286 16.836207084880456 16.49212585192782 16.311771821086587 16.301675388173305 15.513239971439074 17.48677181831049 16.0939971740379 16.55853270833462 16.115481487272703 16.437730495811945 16.42787648274338 15.955996191684223 16.15998580929789 16.180447647319884 16.361113841335744 16.106909450220673 16.61311714782561 15.750189937505711 16.7198160392081 16.093658001887782 16.25643808891264 16.035620678344056 17.000564135321035 16.04435908482484 16.158755142837514 15.874551444607718 16.477085221405623 15.792678839123818 16.06305060059202 16.376664069176638 17.257852593480276 16.18700663918118 15.729929780968133 16.22334605012969 15.55188189208677 15.923600682865546 16.351123193601047 17.42240060606504 16.269871419250485 16.395430032854293 16.16497554714704 16.74983138757922 15.742837181691375 16.528708263251367 15.778367159279359 16.183704602586214 16.544180910859218 16.419073977799606 16.679539063100886 15.756732433413305 16.54858846338541 17.19102760015916 16.190773839716332 1.7374764917830212 2.2459835047287178 1.7299046095748312 1.776895581814354 2.4912681371537215 2.3524103224696655 1.9264681566102517 1.9178814465756076 1.9484105553339792 1.9225522778902278 1.8907305223644932 1.9077987791776045 1.8677008860850939 2.026285749014464 2.2561151508538777 1.9063268585475615 2.0676477075426463 2.2424162253265876 1.7113706387427803 1.8990976433696216 1.9984059035565112 1.911137846228931 1.9537221238400684 1.6726497395210846 2.23765706530337 2.099125093023543 2.1342986980976413 2.0767681206771007 1.6572049801386208 1.626593032795503 2.066148657937238 2.4630817071027273 2.1098773175781145 2.181469067517822 1.7496145841258774 2.25505784897406 1.7951861379819827 1.6133866304597724 1.84702369565298 2.181484719521061 2.0179282141000225 2.1498074180937055 2.0946214618588774 1.7123198255674406 2.149453232954872 1.955606108271275 1.9896151713826544 1.8468643330230992 2.1406592554131265 2.047606504893644 2.4243720500318062 1.9907602846256036 2.1759953738435174 2.0741405887809026 2.25288219776872 2.0034770506025907 1.7449093788142918 1.6699072337802776 1.982624148746221 1.7899823186639283 1.6928683363227113 2.014912398780943 2.027321040822362 2.281695048511248 2.2836504014932784 1.8900203757605707 1.9336010117956712 1.917048379117269 1.9225494981335705 2.0910186979096275 2.2061068729107784 1.8536159570247508 
17.215481399874587 18.256812273502547 17.09226519518705 16.746967322061487 17.664154629653833 17.14744753512695 16.74255547644797 17.766493657013086 18.007102773449503 17.243538866370166 17.368399757247634 18.02875329109041 16.441644215725567 16.781343631389653 17.442086884146484 17.726322350596554 17.443320716728895 17.771812199797022 17.4122785117952 17.28600820346569 17.260167245579083 16.40252805016533 18.359849254653 17.01478663637976 17.413759094546364 16.968886096152215 17.3515915804328 17.353734710345055 16.906347461333997 17.072247661063976 17.106671940519636 17.274007050012695 16.98796180088867 17.533534255020875 16.680937453020395 17.680842461120374 17.014601789808996 17.24095384225365 16.973977566267408 17.893686246733925 16.99665165765425 17.107072758605593 16.84547869867382 17.402327307182237 16.703361953325675 17.040400926355765 17.34104568931868 18.147992408300777 17.012999333820957 16.71293499810491 17.160592670421998 16.472504188165892 16.79786462291526 17.276596523398926 18.406800559841397 17.15394579903535 17.357745733876822 17.09946087066566 17.648278517855736 16.641525189421746 17.473722725068672 16.72402163565683 17.043036875928625 17.470064590061472 17.34334123486317 17.588849749504263 16.698272431893454 17.507381983501308 18.187176119302507 17.047418316719643 1.608397099683316 2.2103447653655013 1.7530647164640143 1.7162241490255825 2.120012756262984 2.4006905339161357 1.9969753619052582 1.9731225258317635 1.88736322320683 1.8527729293443718 1.745167087079053 1.9053504084011166 1.7297714970081128 2.0716543093281747 2.0109310787439956 1.8482642108952974 1.9279665114345188 2.0815441338045844 1.6649212461612652 1.6684697831441053 1.843379532491541 1.8401692671392387 1.9480814894731673 1.7194378138222801 2.273744867442531 2.13323950633662 2.085337501391624 1.9598507468092203 1.570590528545886 1.6242362337492267 1.932635891463562 2.350698542210162 1.9913561083852611 2.1167449270075784 1.5211022385165824 2.331197114497314 1.7168779266911165 1.5683664872738579 1.732446012032083 2.0290623703745103 1.8928050462640005 2.1727253018736365 2.152595630493084 1.7264252215457208 2.119219813177012 1.9309677185643952 2.092232213697951 1.7103205349209667 1.995516230769482 2.128181530607582 2.456806533741299 1.7239427039645272 1.9644865198592183 1.9766641149129196 2.130682909863202 1.9208221137753478 1.718362951325163 1.63943011823195 1.8902086561969162 1.73231433597234 1.6795193906030594 1.947844697702858 2.013516339192579 2.1705671654849916 1.9931163213846617 1.79873194002672 2.0230740333769246 1.9335683521688862 2.0024999282230134 2.047776734738581 2.1663522249257623 1.726580350501335 2.0138880060718605 
14.909885713466068 15.91398857054078 14.873721906621714 14.502968680302141 15.355521428155967 14.898419995356607 14.500987779949563 15.440316058379187 15.652115393981978 14.946804277078858 15.133169163370443 15.655576471611331 14.216926004496198 14.608460070086807 15.176165211092473 15.3926721545196 15.129043039770906 15.491953251374682 15.06344368991412 15.073471130542133 14.992924474485768 14.13887771988924 15.94656951322333 14.747715625662615 15.054865440298212 14.686502179128908 15.080103250864603 15.007405217291918 14.69335110789842 14.847192998654528 14.78509384902891 15.00435561047992 14.698553069345593 15.174910391893707 14.397325605374014 15.418586762306356 14.74281318867678 15.017748735817813 14.711096566159934 15.590402365781324 14.733918974374156 14.804465387316439 14.524360678617384 15.052020218253762 14.437834425705583 14.865709061020526 15.131742762647349 15.813835606051859 14.78792696799902 14.42543405909181 14.903069204052759 14.256511463337205 14.479560875477853 14.988978732098797 16.0619099631498 14.892940665652842 15.11990126737305 14.834338157822428 15.329383353738875 14.4603356083233 15.175991063555703 14.468715072168882 14.742362230111313 15.214744846151133 15.082485181816173 15.319962553669738 14.450985998587312 15.199892085594296 15.809747572998978 14.782969753159781 1.3103041426979791 1.9403845229421137 1.7566905732427216 1.5279203839441844 1.940105987230231 2.3724957510671785 1.9464473776551607 1.7559728689845873 1.5760182797633497 1.8240199175368512 1.6889543595062184 1.7425431250895775 1.5434736000631333 1.7785057019196537 1.7492184780581812 1.7817017818048762 1.7208993765651595 1.8067940200041719 1.5467140168450426 1.48403962432386 1.716529525729223 1.7302940479637086 1.7494281105689842 1.5600808557201236 2.130856431823746 1.9772228163759475 2.054583127803658 1.691536937082191 1.4271344790611142 1.3961801693419467 1.5262129303681087 2.0291219067017194 1.914115186960262 2.025283885305759 1.2579292398135662 2.231464879238195 1.4830357350062635 1.3951008812494206 1.5674545508880973 1.7164555914001136 1.6724271429532005 2.143674638804494 2.047364333690999 1.630075416458747 1.909716839969127 1.6910232601945852 2.02678760358694 1.4827710841185198 1.6570516746968702 1.8458999885452503 2.2886156679197267 1.5043554613539714 1.6460163688064664 1.828519148973491 1.9751686129650508 1.6303012396187515 1.6681053290693904 1.513651467381944 1.6649636492724582 1.7055650500769037 1.5534312461112831 1.747538464254848 1.7437179112662153 1.7533096494981626 1.8005062180783167 1.5995430480913284 1.6214215792296092 1.6649349822982247 1.7279647835495249 1.9423468169403728 1.8343912325670897 1.5519192206029673 1.95804667550725 1.7758234808621658 
16.2647430536621 17.220940531842416 16.181313552788826 15.813732311841768 16.65546961822014 16.223906685212476 15.83298808992932 16.76664464562703 17.06434291725802 16.300398071089077 16.374401558211154 16.98709627488832 15.516743460083136 15.869379726454802 16.487331207887152 16.78810567397112 16.496477538193314 16.773226322776942 16.476664678548737 16.30203050254174 16.30505632434623 15.548750900265537 17.36924694600696 16.076173183003995 16.50243912988549 16.035708051642963 16.423367570610832 16.367117614148693 15.960154707255231 16.185194963321543 16.141505811157824 16.348618717398285 16.079649828425737 16.630639860006337 15.747981068539241 16.663825805497382 16.130570193689827 16.27486357437211 15.98919723632758 16.87306240535644 16.076687372226555 16.186064810231407 15.901047911224616 16.419823433488688 15.732367349106621 16.152027614870555 16.32604736620776 17.2553323888137 16.11228879567944 15.790117230832033 16.26294693756714 15.621600648914628 15.894595595288951 16.331108476984976 17.30615136061366 16.221217418020572 16.390776732232 16.15713523364104 16.685559903866864 15.77939391449827 16.497082795851217 15.792744493605012 16.114783953439776 16.568106380756834 16.379244800414703 16.668627112137784 15.784054129728963 16.543668327251577 17.08867151795414 16.201255038114056 1.3941795413436808 1.9955616012627135 1.5971161649747863 1.4393244501004816 1.9684258163091544 2.159312511900577 1.7329676208610318 1.6291645890069038 1.5758980536522214 1.7501779032961096 1.6141799152200247 1.7820804285958207 1.5110552470965972 1.797929483220231 1.7236937215271682 1.6860950930871854 1.6579844164928097 1.8996154323242436 1.5257723760261805 1.3955173001140182 1.6543325758293912 1.5851085322641723 1.752833547108294 1.4262095835552604 2.0851565635615477 1.9383208547331536 2.0108136711384885 1.7844374016618032 1.383648108993922 1.3405031408954027 1.6558329622968446 2.1163219302596996 1.8842025028081486 2.023641727227524 1.2564841163718754 2.291186046656799 1.4793532228769146 1.3936144412423035 1.5476104518601885 1.7441839373075199 1.552073604841765 1.9316471230997387 2.009850735712475 1.5636650827394463 1.8586309742382088 1.6976475773841586 1.9275509912688844 1.5531110100608259 1.6312642544908458 1.9905262655186813 2.1699501337707554 1.443269767886651 1.7014820537066941 1.7480102863254077 1.9091785417126323 1.658299618113236 1.5846550818130163 1.4657880323518715 1.6666670527444711 1.6356813002944242 1.4964841652607828 1.6121475400110779 1.7148768615819885 1.958227230996115 1.8164561941907431 1.5564752083333284 1.7072421075602273 1.6896826450264675 1.6972444468098546 1.8781571306482263 1.878525158746466 1.5440412040774694 1.7870706730063204 1.7489218996136469 1.5277131014625087 
1.3889687769029897 1.7008408720136559 1.3620472336071643 1.5850337652036004 1.5480197779895146 1.4696357402333953 1.59124657842582 1.417761913742282 1.5304140641549016 1.5705950089699316 1.2726245971143804 1.556647009275408 1.4148477046695083 1.4520764998251179 1.4167278489355424 1.6710325015751561 1.4871234443309993 1.5187066089163863 1.5179262059995107 1.563644684451989 1.5846796587850935 1.594799088614187 1.4053609840515466 1.379358183839511 1.6371821560462745 1.3641336522347518 1.4538769616650975 1.3906032250906422 1.4939706150208165 1.3351913910595106 1.4721961779723955 1.5487459733691242 1.6181977553243212 1.2527150990545564 1.5074722575740267 1.4050509408016427 1.354584220487022 1.4359019049050066 1.358856659432671 1.4576532761308882 1.841741887372225 1.5858535468732358 1.3789100611996437 1.5796985986467127 1.4520373732212322 1.401661802263252 1.7100093418597961 1.4958547184370938 1.512943126692503 1.3243584676986218 1.5172225188251074 1.4751307122383868 1.5854515749051417 1.3799570944523245 1.6041872066286715 1.3186553085991046 1.5573150447930817 1.5354535606492272 1.6166845091625714 1.3283759591361013 1.4285610551041956 1.7910871968689484 1.3080285389936124 1.304648988579803 1.4158267728155072 1.2496444824060937 1.3819148819736395 1.5007112300114906 1.718499727445173 1.518026705904987 18.06679868513392 18.891139411168837 18.284188524924406 17.741316566897346 19.013241911767473 17.45366238628864 18.249216563490407 18.38168958109432 16.914912266282297 18.59048623938599 19.12548371691621 18.523832321414346 19.39663868589856 18.172947859966886 18.957447777659397 18.49154815385811 19.19959516082413 19.12114420866923 18.454689943785553 19.542479689127674 19.62750367905503 19.212814777111372 17.490237691026543 17.905502223008064 17.544882397083715 17.143225182500277 19.038004066003055 16.555736412645956 17.819224005270414 17.804994876592314 16.402852671222057 19.660586665339757 18.327508817657545 17.990104745915477 18.72722785944008 17.15225467550014 19.04550418331738 17.60758497845314 17.061702248133983 17.902775033948785 18.30306775399414 18.73464139842714 16.6126500559841 17.96524883970204 19.954727075900855 18.661622437858398 17.645815581339566 17.45496358066283 17.115187283589563 15.664618457811146 17.994073328607797 18.9502306530528 17.472616324643976 18.86733047909724 19.26802651572206 17.66180540013751 18.349905061377115 18.790086581883298 18.52414098725715 19.115920406856493 17.475423317518974 18.951601361215676 17.270650072668882 16.65501654091049 19.00034480208701 18.336273069229474 15.676140150364125 18.425736137282193 17.124229465542037 18.787889823085177 16.88615547486167 18.76360793111973 18.15607711739479 19.20393737171361 17.171354747341244 18.560208726059344 
1.3697753061799578 1.6447589337666688 1.3107180866556805 1.5570571436925176 1.528894054318941 1.4334133001172533 1.5257352099321193 1.4003223988819937 1.5007457357324043 1.5382044399378059 1.2658446091062758 1.5447170618417323 1.397576318861326 1.3871627432477354 1.3950904387760865 1.6013978084758747 1.453557930340821 1.4774992822541233 1.4836938598096894 1.5016914044125973 1.505294019466551 1.5403015304130026 1.4147783515059231 1.3668039611059661 1.611724737761134 1.3363141093066726 1.3981692110967878 1.401661577486601 1.4344009368619133 1.2707788934267383 1.4598956075372331 1.4885745602190752 1.549806066450826 1.292477174113284 1.472313305098978 1.3566885354764722 1.3463843844404668 1.3867726289387836 1.353848497220377 1.4326370581311536 1.7590219236704405 1.5397685991692778 1.3896213643909734 1.556680015466359 1.4328729768208728 1.3515042216045332 1.6224509991174023 1.4366252683593115 1.4374889124975878 1.3321327904819324 1.437444153585891 1.419099450534899 1.5472665700907 1.3908848556378361 1.584867910740155 1.2907275248760182 1.4900637087513486 1.4854619685923645 1.5786082927220675 1.2479604686496373 1.4199635108545 1.7269106034776565 1.300276755784869 1.2648026650572246 1.3768806638152589 1.1922937158565436 1.3706680569186682 1.4756776179678965 1.7056461680263704 1.4372007814134906 18.037348678518864 18.905051313821467 18.201758590436306 17.676182590576097 18.91485321680013 17.401113529904116 18.23424051378694 18.40126872759939 16.925835836619306 18.504564839883667 19.03602867466801 18.521569536459243 19.390621855717196 18.211817326912662 18.89941887192492 18.406976195770117 19.17781587313171 19.051610639800803 18.385194186011873 19.50037357564681 19.5675728156108 19.189639440796704 17.484585715636193 17.914384545544902 17.50696004317236 17.09958228898366 18.992516495860805 16.55582378311549 17.779916888927463 17.78009715996151 16.412068336602214 19.619056052831887 18.299803232465212 17.926961410794743 18.699943876360532 17.12711815680757 19.060877206761837 17.531046412577336 16.997273343718582 17.924336855995527 18.288171454158537 18.71138049002778 16.498600247294377 17.87390797446407 19.9499994670842 18.67082896673008 17.608392894423545 17.406753407859384 17.136789315879465 15.665774078316364 17.92717631868922 18.936455549299783 17.50706684468279 18.891543893923483 19.308776346300636 17.614693037554765 18.32411678990926 18.7697484788869 18.49566754689312 19.07774816369287 17.47734430356893 18.994279065706486 17.278188221989865 16.64165360265602 18.965470765288266 18.264072961854705 15.693901648320182 18.397793092362356 17.1002796372495 18.715636795592825 16.883999130445105 18.748547130289246 18.11629378152205 19.172141240727886 17.209429166151356 18.55448753707428 0.3542399427443584 
1.319278774272246 1.624392671816794 1.2743690796338065 1.5088813978687483 1.4902590913620695 1.3912814971645187 1.4853804321238864 1.3590373444712163 1.4535026604382062 1.4848994158753888 1.2320097884662622 1.5047927245587345 1.3447397898948688 1.3593002174413522 1.350976074490019 1.5673798498313143 1.4099955234996144 1.4520157088515422 1.4317315915534654 1.482443819994629 1.481547555052792 1.4842221131639928 1.3586382424981516 1.3152988479678216 1.5543139663426984 1.2913472043542265 1.3623268075360486 1.3444594825331437 1.406260602764756 1.2367352268911989 1.4061474796606446 1.4548629714646966 1.5099038932099271 1.207216870484504 1.422216277155684 1.3390701298789909 1.284065938799234 1.3606018210924142 1.3083662408863126 1.4053913143415497 1.7254073612229055 1.4911367971971867 1.3201438825693563 1.5070813497304767 1.3904496109615936 1.315507462863949 1.6201134009763118 1.3923609628917373 1.4102804279793375 1.2617060198452592 1.4062723074263923 1.368215903513925 1.4898192303081337 1.3291635521320209 1.5645259153137172 1.2498228627250543 1.46725686762126 1.4474946511254319 1.5393875114374154 1.2188358237179573 1.3720274057418698 1.6868335439809805 1.246085612773953 1.223541802787324 1.343687990448905 1.1623553777541833 1.3104837183974425 1.4303800758978813 1.6757912038424392 1.3950437642213243 17.892056266205508 18.739384746605456 18.099589735291083 17.573367770804207 18.810341308790868 17.309216210360436 18.11515658475656 18.260149000071394 16.787244445357445 18.390763521466404 18.92330930867491 18.35472799734289 19.244556305831235 18.044422085238022 18.78983095602363 18.300434763990204 19.04534354698026 18.917553443327854 18.257310672240962 19.380101224196487 19.44462519991908 19.06053401060327 17.340258326528897 17.777983922298894 17.383885971141126 16.979579606914985 18.853294957757083 16.412221678941474 17.65418288472792 17.651524721665943 16.267544267795948 19.473523397264934 18.162694498116924 17.803603880226543 18.5674012825268 16.977016926299303 18.90041613997509 17.412543339519363 16.888574878841077 17.781891123258983 18.17470923975468 18.594936123450427 16.410467037590422 17.766147935685726 19.798144838680937 18.507606557677803 17.477838398550315 17.272075694812283 17.00987583793851 15.51169041534696 17.825694089662537 18.809461444997954 17.36116927617375 18.74565640816484 19.14842943962347 17.490145362792713 18.184975318024 18.625812939234482 18.36193158520816 18.935074586913245 17.336230593710603 18.84834567861932 17.14367831603185 16.49042179368974 18.83322156051303 18.151990055523317 15.549874909287862 18.254068595479904 16.977068739038874 18.591120021224498 16.748738138388596 18.600805336258503 17.992502353646188 19.0280354040942 17.025326096062315 18.432819566796987 0.26202994020983456 0.31490132323623593 
1.4037361975300153 1.717585083448331 1.3701706675196732 1.5999794910593579 1.5565103587625198 1.4826271741434411 1.5917322281501636 1.4293116059408153 1.5360507566528003 1.5696335923802058 1.3024120263503363 1.561284599117389 1.4313955318031084 1.4635901842311763 1.4251862658091552 1.6713037616718964 1.4883646013754157 1.5345557299347645 1.5223703317565866 1.5792583160791636 1.5921100340034708 1.6028955062068873 1.4129861354075992 1.383065432922914 1.6410613515440473 1.3748583353503991 1.4488582269642656 1.406967087638437 1.5021252408511216 1.3352831325928542 1.4830989448480842 1.5586157901322408 1.6180244261768628 1.2539625715913583 1.5169993978889726 1.417223402340301 1.3623910883394887 1.454570394820023 1.3782316881179866 1.4768657968282866 1.8399228049072576 1.584539117284987 1.3886351587393757 1.5862117702787204 1.480446937279302 1.3998269566108545 1.7282315930692125 1.4806545115347736 1.513239256360338 1.3299742951215137 1.5259245800820045 1.474348247449059 1.5884855239352949 1.389677705426953 1.634974985792501 1.334112880497398 1.5681690278540774 1.5397247494045367 1.6240568458941094 1.3380153468447482 1.4433895013921831 1.7924200877253837 1.3265830400910137 1.3171953389398405 1.425105880517941 1.2581553263737764 1.3783677634218252 1.5070406757297328 1.7427271562639313 1.5073608204231546 18.162691161800147 18.99735245348073 18.395782690175118 17.846036617129975 19.10768282995135 17.54950315596252 18.35854701160736 18.480036795474373 17.00238332934369 18.68431120539105 19.221856163164762 18.60172230715879 19.508465299359493 18.27105446528415 19.073204563905556 18.60207364694958 19.29825928986199 19.21851838850288 18.554158773910377 19.658118631859786 19.732637615123334 19.30973986722275 17.590147769559145 18.008878590745073 17.653921107587323 17.252385665394648 19.138437943934335 16.651316230794265 17.91152248902277 17.909590369397826 16.503209427873212 19.761202131020777 18.432363538357937 18.098527738239977 18.832579692829423 17.24470068496061 19.14894044500482 17.705990618496703 17.172186351671865 18.01287502355439 18.42913025901555 18.853815775827275 16.722534249578203 18.070007186713205 20.054316820353534 18.75605634588105 17.73580231889823 17.55122954259419 17.232327921622186 15.752768089946173 18.101107929826753 19.06481290723498 17.594580491922333 18.998855366708238 19.378464942739924 17.756102766412646 18.447390153077983 18.900472424128417 18.629515020749864 19.21693395299056 17.578030493816456 19.07246599636759 17.381268874026894 16.743435232162025 19.104739024638796 18.435389956688315 15.77770557099279 18.525635543601545 17.240597775785737 18.868719495005603 16.98826738852393 18.860422255154067 18.25699146784773 19.304251979808043 17.256979266102324 18.683774993868205 0.26436468467493923 0.35241650429912175 0.25596800795445807 
1.1667188400644013 1.4421179957051924 1.130906704353761 1.3613992837566449 1.3443620982403581 1.2527739306593257 1.312325757008676 1.2097183756304128 1.2959149313365312 1.3108842839228139 1.1279758401590938 1.3533206563386546 1.2099420038271835 1.218937767583338 1.2186278674448683 1.3836846492778216 1.2622442858819978 1.3081512356885479 1.2581966814741676 1.328542082020447 1.2991444801557508 1.3072211340903492 1.21601805630785 1.1916590060066277 1.3990838445551168 1.1557654322486108 1.2121112107257745 1.2127034069317115 1.2592561809853593 1.0942664319033861 1.2541510230864674 1.2942582258248876 1.331128830064978 1.0920489260478023 1.2591128768533655 1.1996352175057545 1.1595126789272558 1.2210406248177994 1.1822823431523186 1.2737058411467566 1.5339037435213307 1.3218081777126967 1.1767295249050789 1.3361948377103436 1.251508555775605 1.2007882501769398 1.4541182036581646 1.221458956129948 1.2630792900872234 1.1241465845918774 1.2303714551435718 1.2135602903755542 1.315118473319071 1.208024365998049 1.4099118558151953 1.1229826689797897 1.3013826302574554 1.288576977195633 1.3838542865001735 1.0715313257337808 1.2339771955089933 1.5051161920498268 1.11707174226943 1.0881064665382238 1.2055358772944906 1.0195505915676673 1.179339150398007 1.2823243952899437 1.5125298364137243 1.2235900937370658 18.02691572965492 18.88722007796583 18.296801519353817 17.737721725731493 18.993782866766857 17.553777091957635 18.327039649360877 18.432921522475 16.968005171449683 18.581486980899438 19.103488424479156 18.53727268539607 19.426477603559132 18.204428084955726 18.94444188347098 18.476667863334495 19.21940111249659 19.03936997384247 18.40895528420174 19.539602853622384 19.616665183994222 19.24660889689346 17.52295892717096 17.967668494518623 17.56944952670719 17.15946618878519 19.056483269955905 16.625619074247616 17.856456703331702 17.80687046456104 16.429927526665534 19.577538202519136 18.385594905670324 18.003249436403564 18.723244968164888 17.19119212647393 19.066023316816878 17.559122145661263 17.074505848954637 17.987928571842783 18.354939142229178 18.8091445831354 16.581282182470684 17.921016595163934 19.94834002522652 18.644082055496842 17.660837079759833 17.43091248841613 17.203874548587557 15.703550803613636 17.97102058077138 19.00028352116018 17.579895086612623 18.96145004322165 19.365316571146586 17.628331351620766 18.391766433008282 18.802902502109507 18.536068663368642 19.125980176747277 17.554926790322188 19.044765449362735 17.32642492682967 16.631284366599374 19.02520629650993 18.293706476260066 15.699863609804709 18.37660890981448 17.121480884278476 18.739957230592516 16.91088212096134 18.779319690659502 18.160483514294246 19.21183863560757 17.147739494309132 18.592806263045066 0.35841522262072245 0.3882722768992875 0.30944108813430743 0.3489623515900156 
1.286972490101131 1.5921086648249463 1.2339268369847867 1.4604737673534405 1.4669466606725983 1.352799178017637 1.4127960384130263 1.3390465965867986 1.4492138663678862 1.4292719054765548 1.1967532047178397 1.4863401483094028 1.2807558115654847 1.2932844179689116 1.3064359128842908 1.5389542444215596 1.3947120221999176 1.4274795188245568 1.4060924012520473 1.4312806890934617 1.4337862319196004 1.439463908492152 1.3787601963817668 1.281486863876176 1.5348141347120487 1.2726641717638898 1.3216409275868302 1.3250983509382483 1.344615896671017 1.1984894914751005 1.3743480802899641 1.4238208304685434 1.4687066976061618 1.2003972723934542 1.3646402265419726 1.3032376947707456 1.261376044328278 1.3036476037644062 1.270735618629468 1.389193772891961 1.6606053949064825 1.4405673544012247 1.2796978825085739 1.4750548298139106 1.3570694319914096 1.259911308925156 1.564115352513837 1.3745721531268147 1.3730397022618368 1.213034496679528 1.3706783160779106 1.3115765448514907 1.4521754425366138 1.297068862326389 1.5360228606615431 1.2355692949926513 1.425409247867307 1.4026753375996337 1.5122127527230262 1.1769402026130724 1.3416134114602354 1.6204178785494292 1.230296553936768 1.1988264097164743 1.3061678867743238 1.1504703807277268 1.259307379536337 1.3895212041049843 1.641162910697142 1.3565874310000954 17.430324031831994 18.253248058189186 17.587300936043178 17.085980302436617 18.36682370360398 16.836125485579615 17.62366315170295 17.76480493423154 16.332910556073436 17.910708034210565 18.4359815454939 17.87716691658512 18.756280338853824 17.573859584316935 18.33479553571626 17.810216108137027 18.545384986485 18.424214117740696 17.779862451014864 18.912760176164294 18.946363624576374 18.5596872042736 16.901690661059458 17.294461720473688 16.924777088518727 16.519838129921325 18.36657029162935 15.99168341460578 17.174976894414314 17.164099568172393 15.851995323571652 18.979026465400533 17.711199150657563 17.32156477807497 18.11418128485979 16.51303810399789 18.41547600516022 16.929877671393356 16.452290078653153 17.32023856390764 17.715508392574453 18.091607291698683 15.932572586494587 17.26997339091384 19.27031238684728 18.034286055086604 17.008410623680295 16.816584150634828 16.598578315293125 15.07996309518943 17.343938057089144 18.35623205081554 16.944316209767972 18.287720428059743 18.700345336038282 17.023940852890956 17.70568814068581 18.139353380969588 17.86498313931753 18.46692294921844 16.877873061221635 18.37932935322835 16.673090929483976 16.05751032353 18.395102886363844 17.6828126990267 15.08785307197653 17.76153919508552 16.50208215278689 18.11143919129937 16.319038412246247 18.11895384003097 17.47063525944593 18.545571809409108 16.610405790661556 17.944365675113698 0.3010999858628447 0.33678341579108595 0.262887470253055 0.2974825292179255 0.3374461448457075 
1.3121593245765355 1.5763377853762621 1.2536128161733975 1.4933433098324107 1.4666970011801956 1.3774277277857077 1.4622472831171143 1.3400263499434282 1.4564731660050225 1.471197886607294 1.1981262622734434 1.4849680880940526 1.3299195613090289 1.3204515737497475 1.330564479266634 1.5543208542970472 1.4084582275949502 1.4164614450372508 1.4350002695370871 1.428556826090282 1.445256973140022 1.4932765123758618 1.3733979774942193 1.312286874957885 1.5747080693784148 1.2895750573878897 1.3469169118992625 1.345960194218479 1.3684722444489565 1.2247468001460384 1.4015038434126104 1.4381827687698863 1.5007647120794452 1.2494479677097103 1.4107593501051046 1.2920881168660627 1.3020045568763892 1.3173233075613706 1.2868027671581326 1.3718345875235958 1.7002749836978006 1.4861442931031823 1.3294265598627037 1.4976851614021272 1.3712204432042425 1.2971780519949734 1.5474102927373816 1.3981483802234773 1.390179143792752 1.269726177682127 1.3893395515197267 1.367536935309273 1.497776152984575 1.3282704531327432 1.5051084039712954 1.2424813525057004 1.4242585844669875 1.4267997891734576 1.5261216724038735 1.2001680680341966 1.355739927713871 1.6623603947630494 1.2528044723050027 1.2142079107583665 1.3177212115330361 1.1489888425558636 1.3101509826018356 1.4166167515213934 1.6298745651395612 1.3987281365655844 17.90831848941228 18.754415932259953 18.047867670611243 17.529475152575742 18.81495566058657 17.251700567620738 18.062779317792824 18.226756525962262 16.780577399432627 18.37674395552103 18.905521034057365 18.383675054341808 19.248834089954332 18.055512893248142 18.77214157382312 18.264725532613106 19.02837577675563 18.922862142165123 18.2482567908871 19.361024988227246 19.431621254510638 19.029916025550275 17.34884021685129 17.745493546126117 17.365319595712556 16.954989587279442 18.855268320173696 16.44120548756573 17.64636122832038 17.623424031503568 16.291140856328003 19.482805133013816 18.17114688120573 17.796804337870196 18.570705226882875 16.998361162639334 18.91113996266609 17.39317567764984 16.872994130002525 17.792218541279397 18.13824658565031 18.5397553367892 16.3645310306607 17.730589018198483 19.785429403720997 18.513100485391146 17.452837791392927 17.28007236136276 17.00307463772921 15.544056010901885 17.76664245598581 18.801957139463696 17.387541419058465 18.743819438323328 19.164542709672382 17.478133530576745 18.177260334319875 18.621775337254924 18.356266721562225 18.938816762671745 17.33640218081472 18.829108494563215 17.124245506176848 16.52572766400445 18.850959521125333 18.128160884915832 15.542772730736585 18.24678489546547 16.942539480310533 18.57135273490116 16.75016366772766 18.6080327857979 17.937063598494742 19.032887975261666 17.099142889803055 18.383605356557286 0.3384484060631689 0.3623240912390686 0.3059764117800248 0.344429672826477 0.3780678062177112 0.3141454857903558 
1.268632967174201 1.5349660144468116 1.2372198863774113 1.46728527039083 1.404777855990634 1.3554722294242765 1.4645113568623627 1.2785952665841425 1.386900867729154 1.4359726073274004 1.1766254459952168 1.4095010245939357 1.3208733078289532 1.3354126632052274 1.3026847407550721 1.5150669339014855 1.3495510822556844 1.377068960220781 1.3800231632841082 1.4182873653021892 1.4306642942692622 1.4705749157923182 1.2643698309908393 1.2693823178491845 1.5200831549752665 1.2407484645088989 1.3213152031375273 1.2791303105520906 1.3692097414120754 1.2131876398226051 1.346573803348992 1.411260311770202 1.4725764718976508 1.1626330232480035 1.3893183789431094 1.2660727962834364 1.2567856241112842 1.3191430239401098 1.2462842162322076 1.3203135870311122 1.6949782856798719 1.4595407673040874 1.2753103433112272 1.4374847114269096 1.3358458802127597 1.3040274265704346 1.549197898972091 1.346234604855326 1.3752373512056248 1.2258264655980566 1.3744333376168076 1.361107524969261 1.4523780388059218 1.2736534891007099 1.4541856469259222 1.1978645628860543 1.4029502474763917 1.4001217573560822 1.4808990280024132 1.2043040102895082 1.3056609886511557 1.6495921520463106 1.2000030146595935 1.186534871560434 1.2898028081913278 1.113337711429334 1.2743987832842796 1.3802966568208475 1.573920363975471 1.3792319577992351 18.292377175996286 19.14628823095487 18.551053095883127 17.97212498995404 19.24237992473823 17.708376028258957 18.49650285592857 18.612407419705068 17.142823152167857 18.84203910783967 19.367548029534287 18.78039995358793 19.666232197355054 18.41399989550587 19.175933224528563 18.736831491564853 19.44836284973524 19.356808102171826 18.68287511807018 19.76106683258866 19.883897654719824 19.45256697374966 17.724904860152897 18.142334481943404 17.7912337763715 17.38189556448928 19.312338804523243 16.8180675307991 18.082321830175793 18.03544165564357 16.630656102283815 19.891017700451474 18.59426704803037 18.272685697233594 18.94772989369717 17.443098433932718 19.298516364419847 17.83677632645082 17.292457811183592 18.185454967996318 18.534744255471555 18.998100677314632 16.861115325062723 18.204772630672505 20.211116691834047 18.873826345125913 17.86820883998157 17.68713827381776 17.339153026118733 15.931580466768656 18.196559717690302 19.1877240044753 17.746811686217537 19.14311169557947 19.527216339734817 17.875754738978458 18.60803389281639 19.048765422696324 18.796854242725693 19.360733864471637 17.743852420897753 19.198007299656716 17.522369859191713 16.886327249723017 19.242350911587522 18.544035879050128 15.92060926880705 18.6537873287564 17.353285128889116 18.988149441876438 17.1068509374646 19.017729537027652 18.398518667330393 19.459209183132934 17.39369437883707 18.784400838351193 0.31532509116782176 0.38473026947461464 0.30359673628249784 0.31637535402227024 0.36979151922973386 0.3421367775106703 0.36623496893086166 
1.1925839795500854 1.4438879939093403 1.131126230238804 1.3799267645037774 1.336655830511792 1.266114321185116 1.3333876515173868 1.2133589592641023 1.299825635431331 1.3416942951601154 1.1302917976865907 1.3510188770514562 1.2379686728457 1.2122405238658343 1.227276272672176 1.3906548098428977 1.2592544028881678 1.2986277231197518 1.2821871814819028 1.3198161391834877 1.304777604102864 1.3397862904227964 1.216459987040281 1.1971055200915808 1.4216666985247726 1.1548872197003388 1.2051834395385037 1.2377798542189946 1.2580116578705223 1.085398335891504 1.2771700933601111 1.298777146665323 1.3404978708880526 1.1217777337076953 1.2874031141217923 1.183132654027276 1.1794322032872468 1.2260634325875417 1.1912697990799743 1.25774958205817 1.5509315178640772 1.346158598731664 1.2195995090682237 1.3553831370170961 1.271124953883941 1.1946430771162306 1.4381381543999536 1.2097437579913686 1.2377498608576998 1.1625773012544074 1.241482114457098 1.2298494369186777 1.3412620768891252 1.2206474603184658 1.410693220719164 1.1197486134768324 1.2951741032842794 1.2942267314982376 1.3868685814131245 1.0656836896227326 1.24477642596134 1.5247846783724925 1.1289107772776161 1.0907846372471437 1.198975619912863 1.0089022062263173 1.1908753597573694 1.2970548235634705 1.5312270881554568 1.2212015508532446 18.085491751956855 18.974244462132514 18.315614560945683 17.75923692558558 18.981977754023646 17.52641505833053 18.344004110583857 18.483487424717918 16.99232153163107 18.58849015670593 19.116218387518092 18.59418872146572 19.488439070525477 18.285809873195277 18.974514728631775 18.499124752242984 19.260479498616192 19.10903830923747 18.44890040016539 19.568289227958672 19.655959023213708 19.270821947915923 17.5603198939092 18.00526451668273 17.599672355307845 17.187891753041615 19.0906258640604 16.648128559919392 17.87582782579327 17.858837666546684 16.469817879534215 19.667148808007973 18.40267104132183 18.03282458444323 18.759810175828935 17.231632759672582 19.13959213043245 17.59508595134976 17.080646519292632 18.03810112845152 18.380650390435186 18.828624566152232 16.595453172785035 17.95397548312666 20.03135763638352 18.706884968021154 17.676083388668125 17.46157267540302 17.225638261053618 15.752378872118936 17.990355879449748 19.020929737291212 17.61949463416969 19.01274997427359 19.4040964833804 17.667433902630755 18.414782720155888 18.86282455813621 18.59449879059251 19.1565671447124 17.58026069633433 19.09100734924544 17.373022871239876 16.6879627578421 19.039074734664865 18.321711192717338 15.765976168029985 18.456208064822295 17.185131222233412 18.75420849636315 16.94896849837303 18.821194581764672 18.212463107864235 19.247943921524755 17.236129471295975 18.64234847242902 0.31194456564563283 0.3213303014544921 0.255878528567424 0.30122580323233616 0.30062051481264057 0.28256433989480456 0.31227115586590587 0.32183297777152403 
1.2029567578492752 1.4683490081741193 1.1698955825388988 1.3924585500985658 1.3545991908936819 1.2792218827328747 1.368835014274442 1.2261902896724088 1.3533493378135073 1.3584559730197576 1.0861465280338307 1.354986238883156 1.2233648106726378 1.2416022629264851 1.2177418867481455 1.460380048616029 1.306053177664587 1.3147167641707485 1.3290285483627167 1.3380038129605296 1.3588322470259777 1.4127354313655618 1.2529590708427105 1.1999180585803257 1.4670066936506063 1.1911393291633758 1.2518272667006665 1.2134428771267272 1.275497491810765 1.148794867973626 1.2824312187108933 1.3517917316577093 1.412576070183347 1.119511068427204 1.3037605732956759 1.188931540881052 1.200507327760634 1.2189473348255038 1.1706497135096297 1.261102898080071 1.6130826618022902 1.3819312319620256 1.1996902972580954 1.380701480710954 1.263202243991309 1.2094320360755677 1.460044368761148 1.3161948890105137 1.3172224173956801 1.1456386811049077 1.3148183121201984 1.2861714679888756 1.3969081472803975 1.206622487840242 1.3775433504680874 1.1477629691766702 1.337928802754907 1.3295944738587444 1.421903749717196 1.13854361366445 1.2395598071561302 1.5656600427972918 1.1484043380028337 1.1259681968095467 1.217943599745801 1.066846863790352 1.1991527369647041 1.3025245521921203 1.489566519789381 1.3279468502232326 17.997386416319934 18.825793678777288 18.188179944318353 17.62901189719261 18.946969830135334 17.368355707075885 18.159331665977543 18.27404422237728 16.83718866221546 18.53108540341457 19.044302330527877 18.474238104220102 19.329777336489308 18.10350723039741 18.863178906306178 18.401732629990388 19.098888056308127 19.01672508938868 18.38015368960262 19.459827891177003 19.542156618507867 19.118405687716827 17.450303058378594 17.81562295441144 17.48516890847494 17.072634639264123 18.99097929611141 16.53364491481383 17.749737455962137 17.6986107411364 16.361148218843653 19.561376291414373 18.29679316521327 17.936036028718945 18.656663265307948 17.131901584838342 18.97595965393481 17.515683946171812 17.00435478719203 17.843717607168248 18.221204385511857 18.646399385843054 16.521933744766063 17.86958303972568 19.84247497407508 18.592496217866895 17.57997768419975 17.395973519913706 17.06127686003697 15.641950969017104 17.87734925280601 18.883725930383918 17.4538438305159 18.830419151242737 19.244786820307542 17.565810306361325 18.298019647027598 18.724109466750022 18.437621235851317 19.076661201830277 17.44062036451669 18.88673526040039 17.18855513723307 16.601740539254475 18.963462233538753 18.238973754784816 15.596459735352251 18.326266665787674 17.019538950753986 18.69891173484663 16.827771906072762 18.70374410971163 18.03986592504573 19.14987262004535 17.139585714854356 18.44580255418168 0.27651492618829787 0.33433650974914364 0.2665694343487482 0.28308138144111195 0.33797604308650614 0.2810707341144716 0.30188987849547055 0.30625003132631273 0.28770204081312206 
1.3668970855412814 1.650024078609032 1.3154532630058813 1.5506560298979142 1.5182008584802027 1.4369169492431053 1.5205765537162743 1.3948433857906701 1.4979435366822786 1.5295884633040662 1.2645211799879574 1.5306285155447923 1.38409872279473 1.3834282668255906 1.3858369789075038 1.6071965845919596 1.4500208451314511 1.4834385016342564 1.479371261200039 1.5102246293425459 1.5172954734376118 1.539712237552966 1.4019820816902526 1.3550543502210575 1.6007788749751668 1.331988950997255 1.3922571266313628 1.3912317820287483 1.433188313899819 1.2726278518981633 1.4504898586423567 1.4976097758436298 1.5496742418611376 1.2640259433125354 1.460218485023531 1.3615040390001474 1.3396201666151153 1.3901446154781258 1.3434522719332205 1.4300152862227502 1.7617864303682738 1.5323953591736783 1.3728459365849497 1.5446809885342856 1.4357368659874237 1.3511209971832314 1.641879815564241 1.4241103799014156 1.4342830461299785 1.3120465698898967 1.4556979640887184 1.4136044880891512 1.536441799704594 1.3680508464955663 1.583957315645159 1.2947484318050324 1.5011107362582834 1.4833610698183495 1.5729808484593677 1.2615600730752554 1.4095806907557373 1.7236277471332715 1.2904973141521405 1.2684734468876429 1.3718177724848457 1.206550962569905 1.3479359573300127 1.4654317189753472 1.7020000030443412 1.4338540307421312 17.98942477048072 18.8404437001049 18.181795147391306 17.64291735728668 18.88985211015747 17.380942729382333 18.20023664467564 18.342083772955107 16.86017744605757 18.485040853012308 19.01416364986703 18.470077647270788 19.338936311535704 18.15269642213938 18.873456838741347 18.39011354607392 19.117324006928058 19.009518990578588 18.36441641475772 19.465872852508074 19.53015512815501 19.137290886124774 17.453340701558254 17.866756847890418 17.484569648982145 17.077360276159194 18.96038997178838 16.511058004608934 17.736245309910608 17.738132165087674 16.356469659668956 19.568319664410264 18.27075193895012 17.894941853761658 18.657044472758365 17.091665065959514 19.000958251960167 17.502292245417753 16.9834269770103 17.859201008422122 18.250648110619462 18.672211976229132 16.494810552725628 17.85623665073702 19.883887768141797 18.61048911256754 17.581819773582907 17.36366773973881 17.09689156290161 15.623238739887896 17.902096392456837 18.889633590305206 17.455598701997616 18.85156027125584 19.2560102404675 17.573002393493415 18.285515735998104 18.73407442330948 18.44279035476119 19.05497506481216 17.4341242824698 18.936330413186884 17.222846547740197 16.584538425913802 18.92631444989403 18.241750260977998 15.626552593024133 18.352779014270567 17.069171146485136 18.685857748638043 16.842408857271682 18.689913059731357 18.089387257883555 19.124959358795085 17.136276384290515 18.51087350176699 0.3328944838311387 0.37763700675025896 0.3026558747850319 0.32930512423648967 0.3809489539485614 0.3275030816962294 0.3634677439524709 0.37112332214101956 0.32000872167979727 0.3255247836687052 
1.4188916135065746 1.6922531281881572 1.3574872229403874 1.5978657774971465 1.5384657045826668 1.4837502291403424 1.5747068624574376 1.4262274570555868 1.5456032309048067 1.5807058007042682 1.2859043917708701 1.5488251181464165 1.42832049827502 1.4181946987660015 1.4159282358911165 1.6648452919757772 1.485985761007869 1.5124836280261005 1.5389736869987718 1.5421378810806703 1.5709688316323898 1.619619903993911 1.4337800251318726 1.3821348811926206 1.6579336213688527 1.3706720834171044 1.4241418611646939 1.4299997756791585 1.4665213993379864 1.3120240354545063 1.4960620059108771 1.5508760635186096 1.6082331724230354 1.3023261041569083 1.5141062565180592 1.3785288204061672 1.3876062817171013 1.4258586879788393 1.3707862354567413 1.4488902963541976 1.8219764242982623 1.5863232042205482 1.4226472439293383 1.5900553820342458 1.4847614131327656 1.3756098034848803 1.6744581894549189 1.4647715364412537 1.4670635883079015 1.3570512365394083 1.523904337045673 1.4705590752127256 1.600392145172612 1.3956914705475016 1.6070349433008526 1.3331257882534175 1.5418430896464386 1.5252853527076218 1.6127004750569571 1.3160907678501335 1.4430876149781218 1.7784002294246588 1.3353972804614336 1.3154739799006394 1.3987566738387616 1.2503119716236923 1.3754735940002818 1.5023427377441283 1.7325539371294363 1.4907718258719953 18.042989650180967 18.89512346524493 18.207807451381058 17.661304503596508 18.92093382914403 17.349027702973864 18.1942093627794 18.341081766377712 16.85349823467374 18.51491295597795 19.048739292756974 18.504480965373983 19.377204311901853 18.186537657041008 18.913999637647958 18.4304003395554 19.131606053136135 19.081476297455712 18.420148148617105 19.498767842196667 19.568213632075008 19.138764376853565 17.48562196477885 17.86917824959184 17.517866987059108 17.11192591799928 19.00083706637918 16.53109128404827 17.747276983801612 17.76761701342268 16.386064058983695 19.6422556466163 18.299454076605937 17.938622131211357 18.692076071408994 17.132858194212684 19.039504531166678 17.55051711629293 17.01768077112204 17.872789130020887 18.26436794017166 18.673860509499363 16.540915356869213 17.903896935036364 19.919879493596085 18.650016496985966 17.59835711288444 17.408418147752116 17.101836872205737 15.660665325453671 17.924740588725367 18.90524423541196 17.478130743212123 18.883083285455424 19.26968779831313 17.608174023406622 18.3050931439821 18.781584116845327 18.478685273416538 19.097561490750184 17.44463302375319 18.94070263365304 17.23824710195132 16.634932182931095 18.95687599390975 18.28018604522775 15.652193629584236 18.410135985280213 17.112473021717715 18.713312908219102 16.86856229857254 18.71808151119019 18.113851252220314 19.161661928324108 17.19859191271568 18.529509019122425 0.30322137448294567 0.35501649568153054 0.28397757637123733 0.29909530298136683 0.3805788582359418 0.30586399867812347 0.33678021680832537 0.34840053175355684 0.3092869672181564 0.29437606970875957 0.3406955813038778 
1.1224161607066208 1.3472348323750385 1.0747527398838836 1.3149426139281102 1.2464570506588732 1.2081715518403284 1.2841543991367061 1.1255300368693357 1.227627138717293 1.2725042745697535 1.0530510633149435 1.2543457372670979 1.1814007898914372 1.1613114844485595 1.1593390033270714 1.3275345365579143 1.191734344578719 1.2150953499826744 1.2161420270459722 1.2403820224730777 1.2377359467645976 1.2987081049204463 1.126046874379759 1.1346262790967117 1.3699217914437936 1.0915250533927128 1.1499507790304264 1.1574709773679641 1.1981901520229816 1.0430371441111892 1.2016587198999902 1.2391707466836364 1.2865677571203957 1.061494459919988 1.2279668655874365 1.1004637655830911 1.130660367656635 1.1597253034144699 1.1112588575029565 1.1671565208966999 1.497865616488566 1.292342135206893 1.1510654322720038 1.2741035288418976 1.1953962021516358 1.1573380375779267 1.3538228490785598 1.1578890834883964 1.1892554142788576 1.100690029350132 1.1904369593660433 1.194660153452753 1.2846112068211735 1.1480003555066827 1.2936228639590164 1.0549529220862384 1.218751442204562 1.2300498040249774 1.316419605996044 1.0278105840871095 1.1638541823714796 1.4647126035099522 1.0653989010196563 1.0354945258059058 1.1302090952305766 0.9499707352149975 1.1338818754208495 1.228729461065564 1.4194552976843564 1.1880059569592583 18.275055100492608 19.156967405338865 18.534330805119314 17.944052218627913 19.208828585712382 17.718928304014018 18.51206227357434 18.627830699886545 17.151588160728032 18.819681037056984 19.340552020002914 18.80310362872938 19.68419873060721 18.44457023049406 19.15381671473125 18.711458161636898 19.445400213142936 19.322395642331784 18.656748297579117 19.741651173322225 19.86892216975707 19.449295522804913 17.741416439270992 18.161086191348016 17.792781165757663 17.377304630986348 19.320863564967784 16.84992102612415 18.086737024971995 18.028525466088915 16.6375712640383 19.860433946628273 18.618517385099995 18.269433094342926 18.936258392099447 17.470041706270674 19.318402824612686 17.800992737168897 17.278881274854584 18.22401506004804 18.53462669930512 19.00854475444888 16.820626682595314 18.167156381336756 20.214088770250665 18.86727706509161 17.860937592613798 17.66579568553118 17.366150711753708 15.960773585863839 18.154676350820772 19.19419387854896 17.798126854346698 19.19021104803772 19.57572965802953 17.847072091224735 18.620140665356928 19.060525752572296 18.800181970404616 19.36599661862652 17.774580933086874 19.232967570836404 17.538692874535624 16.879462432730076 19.24242871736704 18.507099629698555 15.925958799073133 18.636065136010913 17.346320612163215 18.947383174099503 17.11041610953595 19.020120966382468 18.392892058971402 19.45804483277573 17.407636300897927 18.782759396404227 0.3341910901507473 0.35864202891709357 0.29576178404006387 0.3327138302012305 0.33179504100797547 0.3228497777439631 0.3375837470734784 0.33332044999675403 0.2752247244055831 0.2957755357169714 0.35598137458168766 0.34217216397260014 
1.2090140905584554 1.4752369960791598 1.1513449418810848 1.3891482617777369 1.3551794185617243 1.2811794804433483 1.3455041063276272 1.2344516998086215 1.337074682639111 1.3561039940228552 1.125664285417681 1.3701832782915293 1.2303136113555293 1.2179896561415875 1.2316014940857687 1.432033206016942 1.2890547686410219 1.322320717247008 1.3126753293169202 1.3379500823653674 1.3374339193813523 1.3683704586870684 1.251147109006017 1.2041428212970826 1.4467888040684131 1.1775161324168837 1.2262994512136627 1.2468423430840354 1.2667610181996987 1.1091243447261576 1.2921325801495098 1.3305478960413306 1.3738600928195268 1.127792408134373 1.2956508861821208 1.1997772544090943 1.1932181158219615 1.2313299808122555 1.1926688029425114 1.2765414869099272 1.5777057263071057 1.3642149068436313 1.221535419516479 1.3769523314335188 1.2831530687926327 1.197790838566779 1.4630065848659104 1.2502566828802841 1.2656302339296541 1.159727346249569 1.281481641431907 1.246085459742633 1.3672066613025735 1.220715465336172 1.42394383481666 1.1434901227893703 1.3244361833410971 1.3144171032584568 1.4107801817491117 1.0948424757199788 1.2548827010856578 1.543441861911188 1.1445520455094995 1.1139192057703735 1.2125995195832042 1.0466659503407434 1.1902997285527828 1.3073558872922997 1.5419372167907057 1.258415961161977 17.834989225025648 18.69390284684871 18.035436305099722 17.4922304694023 18.748494311391383 17.24848923820872 18.05600310894217 18.191063290542196 16.719881558874796 18.333333001082334 18.86046428501751 18.323341588626157 19.203447875760215 18.007570180673355 18.727909135203774 18.238755875337162 18.97299877109426 18.853305328380866 18.202343566678586 19.31230552901428 19.38303273948287 18.98487118843136 17.309771869479004 17.720274624533086 17.341909392721263 16.932590735202094 18.819103828392286 16.392281326930533 17.600218752275644 17.58637894252769 16.2228181194374 19.40651115597904 18.14117779800664 17.762311718551867 18.50801875227883 16.96286400262053 18.85710030126761 17.343290582070587 16.84244398325356 17.746729634979275 18.111255814644494 18.532362002020616 16.3470084656012 17.696633027469503 19.73138445047148 18.44407530948855 17.42023380101321 17.214108541705787 16.970949463021537 15.496411419114859 17.73550343848671 18.75475582387014 17.350013420572914 18.729935390171182 19.126190105293745 17.416345347382503 18.14137858256309 18.589087628051743 18.308185385931885 18.901927206760504 17.30381099138686 18.80021047396592 17.08981224841492 16.44385288633737 18.79030550112185 18.078616223423932 15.488752084079733 18.19109170577031 16.919949743773625 18.51012933391308 16.70026932388424 18.545019080660904 17.926947312734345 18.977807647311664 16.99508970148062 18.36068119722757 0.27767264751786586 0.3036262478263568 0.23498164065540408 0.2717753047124566 0.2954632281888137 0.25212733246834074 0.28624259145208575 0.3015453031752594 0.234075875001286 0.2545251819966613 0.29616323890948637 0.2764923268067416 0.26864355551836433 
1.3885380655494468 1.6418828290423026 1.3107986915291612 1.5664293976765 1.4894455916698248 1.4498789771311875 1.5389675151373776 1.3831168430938463 1.4999406926099421 1.5493078228093033 1.2588965102090839 1.5048414031382318 1.409590488455191 1.3751845253621793 1.3866665354214702 1.6131430634655812 1.4366442220449358 1.4622296001796125 1.500998655612072 1.4900680088497027 1.5165769096714756 1.5841047091761546 1.3884374203619518 1.349405933253394 1.6264605504547969 1.3279710350943972 1.375164876341176 1.409569188645881 1.4238839609205076 1.2590812020133413 1.467189899798818 1.5019339080645087 1.56004828707654 1.2889812602672477 1.4876547724419393 1.3253467525239586 1.3597246012692998 1.3904413058223024 1.341516446145858 1.4022244823996242 1.7741190618021832 1.5519019301949417 1.4099698277193238 1.552692860938094 1.4557914063713724 1.3352837063654315 1.6139550883113878 1.4032128264500532 1.406885606354328 1.3437532930233815 1.4713806357179948 1.433593543437623 1.5662426454511835 1.3742701015115157 1.5673767050037124 1.289576407433192 1.484854379698931 1.4808266121964242 1.5690077601689172 1.262440773863834 1.4121459523803126 1.7378213764247916 1.3051800874870967 1.2759014799159718 1.3540912911162684 1.194543013014032 1.3463511599634874 1.4701106442216367 1.7011826238572256 1.4357490879009307 18.085592655140605 18.966607800351323 18.241493827028737 17.69181559882913 18.93330193421271 17.36376576381109 18.231378252894807 18.395903307784128 16.89600430582805 18.528260851704093 19.07011799614393 18.557729860201945 19.4401352003022 18.25406430674554 18.946063204187368 18.45859434065468 19.185445199105843 19.136014216425313 18.44686962079645 19.526989332248668 19.60947474546379 19.1771542398409 17.519163720655527 17.917119369886713 17.549855690597916 17.145060319325147 19.043596488120443 16.57516059977228 17.78592051474009 17.816921432828376 16.427919912146766 19.699415299622874 18.33822006785451 17.983273857942912 18.725886897552602 17.182524160875264 19.10563891505902 17.580725649341417 17.035269056115393 17.944374427515946 18.299793138906665 18.71814078288884 16.560205343514124 17.92951722481347 19.99429605613991 18.695352288265067 17.615861542245014 17.442005758282278 17.13844647510541 15.710777463948082 17.942782240580016 18.944918448535315 17.539112792125472 18.945460220115866 19.320541530273452 17.6413415937425 18.342223113767727 18.83534220962579 18.54210726924014 19.125264929005187 17.48595468356353 18.99623214262653 17.29748305283787 16.68450221550199 18.985472225439878 18.29823227722029 15.714891863454348 18.463815033533162 17.163503013852903 18.7223939337668 16.903321374887227 18.766355410174715 18.157407405871666 19.204468924014996 17.261687812079888 18.579789123950253 0.2930384641803543 0.32085583590336686 0.26073345553810956 0.2853723488606547 0.3507024763437738 0.28197429605048624 0.3052854396727797 0.32735214310705135 0.26822495345202174 0.2757387709488627 0.3148040899095949 0.2728267578746595 0.3054582969949112 0.2439933395543277 
1.224300042969527 1.5219117762089325 1.189350405250279 1.4143282916428392 1.3920595331793741 1.3095381559784982 1.3760864367981307 1.2635710774972142 1.359647290620982 1.3676916185324155 1.1700964067253359 1.4012736583549399 1.2532735932167391 1.2753006929641852 1.2640531835125013 1.4626172141189064 1.3164357177965471 1.3693963382104193 1.3242817382249559 1.3936818735385486 1.3786351982645149 1.3788196908450374 1.2649013925153645 1.2285058235673754 1.4569558650220646 1.207649213253489 1.266665265431874 1.2565912667572579 1.3158961926516886 1.1521386813120547 1.306150348563236 1.365164611102105 1.4031229336914752 1.1165407160155074 1.3164392808799004 1.2562507951157484 1.2024721205546567 1.2803371907812497 1.2235523682126352 1.327600290261157 1.6093727577422947 1.3820627320850027 1.2176250211352753 1.394466900010804 1.3092995460193373 1.2412476143769642 1.532031199900212 1.283626107799605 1.3235918800337838 1.1596607122140878 1.3133928673993218 1.2702173569158532 1.3784153319108527 1.2404219231247215 1.4743636756526355 1.1766506259923113 1.3725078957127934 1.3481177788802277 1.4437041814785783 1.1416434889116733 1.2817160727630188 1.5714766277869776 1.1661562381735073 1.1482802534281547 1.2571571028283532 1.0874575294015454 1.2099268747629541 1.3332782914726302 1.5744108158140568 1.292405591088182 17.850625124390167 18.69366418235645 18.11512312717511 17.560863806695195 18.824177538358455 17.343198491837164 18.11675168369224 18.2176525728219 16.757450068544795 18.39756480155056 18.924328558055322 18.325640081292946 19.22651824408196 17.997948915519444 18.78008156763545 18.306922426290065 19.016183656964053 18.879707060634576 18.239788420205652 19.359545197089997 19.431425372806697 19.035451597010592 17.33056530951087 17.756588967903884 17.388895337419207 16.984318856153852 18.86086438189696 16.425753071728302 17.653862948337558 17.622028028312364 16.24471244238409 19.412339871688673 18.187092801561022 17.82304214280324 18.540003525329453 16.99349661076237 18.86167999864354 17.39385084198949 16.907067996963967 17.778266555819147 18.167829682085795 18.603106313062252 16.432783923602827 17.75770893010385 19.745031159956014 18.447484233149655 17.46551923229306 17.255737756446237 17.008834306628394 15.5108112241578 17.803380323803687 18.803990234038242 17.377119404161572 18.757404450042156 19.141885268906766 17.45533580668663 18.185304285963316 18.612358805775404 18.345126689942816 18.932613800481338 17.34238446258018 18.826680346854232 17.12867639131741 16.45629890256183 18.835703867154837 18.127132787440512 15.511160719435665 18.20201094630894 16.953072852840158 18.557528499618204 16.72697142176878 18.576031173948092 17.968714757083273 19.014740999450368 16.961458292880582 18.40391399252155 0.30949469011460395 0.3647408603876401 0.274574056109308 0.2976287206269454 0.32939579363780097 0.303842193696367 0.35497287734142874 0.3381599648405657 0.2882433982395164 0.3058525230682074 0.34761644073505665 0.3363472600944259 0.321645615722152 0.27153748064143374 0.3143296445333047 
1.2684576006748227 1.5783479239215463 1.245067300896001 1.4616430342737434 1.4576946658800296 1.3476799222145899 1.440166662848534 1.3186342952621375 1.4176805100397851 1.430390543118579 1.1849150326154625 1.4632608382339785 1.2904674300332306 1.3293146830488753 1.30310577955399 1.53146669816863 1.3813253575606443 1.4179087895345976 1.3860379450426932 1.4477962869543473 1.4466069913952673 1.4415776501867732 1.3253077001192881 1.2758323173083976 1.5112235652400792 1.2595118867341812 1.3357011836031785 1.2845347981437092 1.3702918428451372 1.219765550188843 1.3523464790927875 1.4220300818294274 1.475213860115264 1.1553469530177125 1.3686176869414557 1.3094054691883574 1.243758952903354 1.3156911868998535 1.2600142942351886 1.3700495332455351 1.6869328809154867 1.4453965946550527 1.2542482857315578 1.458537075135332 1.3368046937922118 1.2904499790492554 1.5867012878950175 1.381378712006036 1.3984716403274642 1.200407346705944 1.374543548210072 1.333533014365576 1.4430383934015074 1.2778697297163928 1.5088461550507042 1.2183802665251275 1.4363155937573167 1.4107625174457465 1.5025443363843853 1.199442110547004 1.3226845390322994 1.6411335537537757 1.2042913256062544 1.1885612803014738 1.3118088806368107 1.1402290441762335 1.2698391924659305 1.3838107778679978 1.6104437806038168 1.3771688486946492 17.888816488394042 18.70962845044231 18.119913043572197 17.582919931324287 18.851497159154285 17.3519211220268 18.122654388554906 18.237780945424394 16.787986525370943 18.437637500354867 18.953689653059058 18.353758800563163 19.229589700147113 18.011636604582076 18.79054025344544 18.319422232563454 19.035352392625615 18.899591016561402 18.273318712601696 19.388092064431124 19.45262765852835 19.067504862313115 17.352063471959124 17.76809426557162 17.399914585343527 16.990766028878962 18.871413121819337 16.427210033188345 17.672901108358836 17.6352965634241 16.269263996745938 19.448463340475218 18.18370869298643 17.822401959382976 18.571728665951984 16.99641262416187 18.875425675092824 17.424913483048545 16.91846237199258 17.76339861393345 18.17667653510475 18.600609737372615 16.44241544545122 17.785984026336916 19.76099219033622 18.496599438864298 17.50672217296326 17.287251606421073 17.00977034372456 15.519966103541686 17.83892966736893 18.813485803349483 17.353952380969005 18.73238156306343 19.14931093774689 17.492488005060732 18.204374714206637 18.61733848471672 18.34794721017005 18.959469732811584 17.354107130081157 18.832304728465132 17.12648954010524 16.484759222591375 18.858408747096686 18.16859170997779 15.527553844017755 18.231773783463908 16.954339697687228 18.622629407181716 16.75246423707015 18.605069347052833 17.986010648654492 19.039661258212178 16.99886731109875 18.4087729253271 0.28078656827329085 0.35298877590245176 0.2629770981745863 0.2806907040329539 0.3350638311170949 0.29267897778385393 0.33678326087725835 0.3224452481593597 0.29646347375028137 0.28009076503713143 0.3357410211459656 0.32043648266532626 0.32278330757637747 0.2697165251787224 0.30832222419029404 0.2992275323454887 
34.90575073868349 35.584549388024975 34.73404704051428 34.361627830050026 34.40788046197019 35.05658548699112 35.0000674832712 34.81803817656275 35.12703305631737 35.54189760980977 34.17686031853407 34.941612030719114 33.94694862400651 33.86218702478343 34.78966593286767 35.79039605530848 34.87893870502042 35.03598854130231 35.23022414279897 34.93043932590104 35.55027159532554 34.60205275108873 34.64282769381521 34.46377876643751 34.866013721710615 34.14606245970503 34.83277458121696 34.85725842326216 34.586885027641394 34.495706849823236 34.797225977347395 35.17809912709046 35.02753993326583 34.27694009336883 34.42821303721436 34.96236692734148 34.559601261082406 34.79950210431043 34.03747611020081 34.41883487962841 35.59241628344446 35.24855713995989 34.78097312537809 34.84644236699573 34.43542695655028 34.88265753404323 35.47012654190255 34.69093693198231 33.9032043381759 34.50595111399587 35.62765486336771 34.465327103198476 34.60695695541161 33.95374298062736 35.02612370659352 34.45991900979769 35.20388812019075 34.892987631413355 34.84226784633731 34.47307305515748 34.49327562985027 35.19237935946642 33.79766259052955 34.72580221453617 34.38257468239279 35.17396998397221 34.0340591209278 34.92583989861562 35.619121446484755 34.657650764824126 28.834221138342492 29.031532946513924 28.917237375508034 28.678477510736425 29.134690254317643 29.02662632958163 29.00446432508196 29.34007218537749 27.70817682465196 29.17563712847095 29.6293008163305 29.896634849593745 29.126148323094654 29.638550902430794 29.636217721352615 29.30974972005378 29.007035057685258 30.19956657005251 29.685238854469443 29.096346638607056 29.55377827147468 28.97502651022644 29.040404595563277 28.842058742771663 29.035646851702538 28.813907091285508 29.382331414387693 27.738444716500002 28.384947903890907 29.134188754201702 27.31172760722397 30.44814921972337 28.803338927859677 28.31588836341089 28.773591179088996 28.664630089274326 29.244474166711296 28.842167308889074 28.29986138477212 27.959519404908885 28.176690530916332 28.485168572455756 28.702756503225224 29.24290738064241 30.160602306707794 28.93393354628399 29.21539278931021 27.91756203781194 28.062632299728236 28.129867033022624 29.323462127493027 28.263746281423206 27.463421031288068 28.597048119532857 28.771281179815684 28.99586820064523 28.64245339228246 29.446079864485487 28.879024295683266 29.64312961503805 27.881147084856895 28.37874059191801 27.991355235743903 28.17537745780974 28.51775055556098 29.72931370490887 27.119496753223217 29.897203480253733 29.25112519704342 29.899199993555555 28.426956857696567 28.297751751739277 30.296065204123344 28.729627494217542 28.419783129188072 28.92879862285458 32.42205161994145 33.12436245357223 32.748563079326445 32.80057001305015 33.4962533460555 32.626813920088644 32.93889116725819 33.06481348976117 33.298764293333804 33.115394961491255 32.62869179996481 32.467858049768196 33.40110120858454 32.80704205725957 32.712911101260744 33.04853895296293 32.799884454788575 
35.835140606551114 36.38806995599556 35.583198496028814 35.23446877187437 35.24010589978644 35.98632762010269 35.80202135784441 35.69278093233542 36.06212880752508 36.35809253057908 35.10908100730677 35.81651773095559 34.82610445920925 34.631585394467045 35.65899403976977 36.675925339607055 35.806853199815095 35.9051917589242 36.15542407328666 35.69870730701948 36.366918364145 35.51739813698105 35.61957814947077 35.391277333636026 35.87837798217608 35.097645351009874 35.67861683707801 35.871163476205425 35.394587834833715 35.36019845148043 35.72822983450448 36.0790212707374 35.89302792615953 35.30531564785065 35.30187559022883 35.79627140173527 35.558556781768544 35.6418042048394 34.93278646284913 35.304767222806504 36.3930517894579 36.13231281626961 35.74658334526509 35.71864187753105 35.4026005544872 35.75645241260675 36.2301349726699 35.49418602118536 34.72350666722837 35.42826816616512 36.522367944841726 35.32589280818455 35.51371659325359 34.84974770916311 35.84922518206904 35.42430963150282 35.989625974523555 35.7375142929311 35.73461090841096 35.34659754071697 35.37755275518917 35.99459255441336 34.7857351537652 35.64383404898149 35.23534875061745 36.10702497400959 34.88197792679036 35.81285344630633 36.50031271007764 35.50404381884644 29.893502106923844 30.03762553053957 29.807283234153147 29.631839136834436 30.310825113891237 29.93664260160392 29.86405842249719 30.22845312293511 28.671113306709476 30.132702169718474 30.62926207853614 30.90536456524317 30.239328646579246 30.658354675756733 30.8034180631177 30.272428868949934 30.009602562485878 31.289722388024025 30.65345050269701 30.159823950621337 30.607050394554673 29.86619425824061 30.07537928088975 29.743513152382 30.014907790230463 29.771175778807553 30.37395238667337 28.900569052880975 29.407593750982745 30.09902756311566 28.43093966620773 31.515021072002707 29.886669703303195 29.33210035165102 29.88631679851924 29.66404279101228 30.29810285899913 29.785232537731872 29.36196360227285 29.157886733049228 29.216063059105856 29.341338395769387 29.627560665077002 30.152374386606283 31.124887290825082 29.808654745966432 30.01425305897048 28.91498525534825 29.233227394178783 29.198370390671787 30.140663505648863 29.3914364493661 28.752579823703527 29.73507629066102 29.858090126473098 29.987848540661286 29.570826681627224 30.475345556101452 29.957619871770206 30.625030078543638 28.885933770792498 29.382844731262878 28.990283449846938 29.28322155250913 29.67408485076745 30.723411679431557 28.06143442281286 30.867475739460787 30.231385288211527 30.730684163661298 29.47849883843301 29.285745264927304 31.074384996488124 29.709980044729424 29.64852996757924 29.887288534179064 33.554832568048326 34.16554539153707 33.84131816817606 33.94265862592352 34.54629783904646 33.632773641749495 33.91468653933483 34.14729313213523 34.31226345462315 34.145764652107786 33.68107418336426 33.506334619389925 34.394152722995806 33.808159715113845 33.722349854118754 34.12568453409645 33.90594591805896 2.240983053767603 
40.69415295044656 41.245530415622305 40.45567556834138 40.06817055374418 40.100352335501476 40.8639830141629 40.68575461930926 40.55640671921813 40.85925395024225 41.25283166677467 39.99779725155746 40.70511130625045 39.680220142171834 39.46849257198575 40.53423492494566 41.531368646908525 40.67018545308269 40.788941206971835 40.99033348716759 40.59217753121252 41.268943223086325 40.2987296836101 40.41621212860444 40.27601416156215 40.693635965448415 39.91962375000064 40.56583924549994 40.735157521931136 40.29317065811968 40.236056000639024 40.576097512392096 40.93781493015202 40.724143442990865 40.10107865396834 40.13915424231671 40.74014512371943 40.40129369909058 40.54157213344043 39.79009830465979 40.147413441353756 41.29215139184523 41.018120127716806 40.61071784908463 40.55963123419085 40.24634592240473 40.7139463458759 41.165045730842806 40.29321577380399 39.52974424305616 40.28949971829929 41.39283721392276 40.15996291689049 40.299049481567984 39.64553007018165 40.71917517737009 40.26367878451475 40.87404001186791 40.61410438458139 40.57814626039618 40.18786510014052 40.20894343983762 40.873561146661906 39.56223534579676 40.46021171776763 40.108088019771884 40.97456965479526 39.74470552665815 40.697394968790384 41.42473393422952 40.306538001762945 34.703483801362204 34.803574909977485 34.72715244555506 34.5662537382236 35.110340862400875 34.9959430082086 34.819914180698184 35.19462689315092 33.547583718931655 35.042946161716394 35.51536155328998 35.78616634605981 35.087145407996196 35.5430791668155 35.66510866220091 35.14701718609451 34.89353862060511 36.10273743889065 35.508080851268296 34.997787661642334 35.49755081633644 34.779288911719156 34.937798329029754 34.669611947008164 34.89336329666248 34.62166679640251 35.195325432490606 33.70280237451394 34.323464830388545 35.00851951119352 33.2023259021812 36.36008818118359 34.67521094918641 34.1194398218313 34.717552858044264 34.47845010879083 35.13767963074821 34.635894317891264 34.187145496079474 34.013283285922206 34.086544480382635 34.22075030407606 34.52186416843461 35.059517118294 36.02715168680339 34.582234039827206 34.911244866776144 33.65210138817915 34.10421278194697 34.040610474574144 35.0470729469377 34.19578342333239 33.52076802111369 34.52759677545766 34.66488742664261 34.862705458078445 34.41076689508589 35.32669918395258 34.83530505477322 35.45503088450714 33.75301979201012 34.23933759421016 33.839552757830845 34.04179498341286 34.43766196812103 35.64924650890897 32.89826573373639 35.7524041911941 35.141192963030214 35.6207504962737 34.33891039617752 34.08105867996474 36.09528982214001 34.47913585020941 34.38175774090531 34.78775572485394 38.339948809505174 39.00159586569092 38.63288090755531 38.7558971220829 39.34091541497636 38.45713006641732 38.75413269062044 38.94864883226911 39.11512407216036 39.00971475992345 38.474499908166756 38.33579406148589 39.20167692580641 38.61308599915051 38.57703928030489 38.92277634490036 38.68711908345055 2.6591557679296414 2.1798545834808025 
36.36534034598317 36.8802932791188 36.117598459279904 35.77522814833245 35.79545843537569 36.51977936244874 36.354553230701995 36.233541586520786 36.52719489022357 36.93725420188189 35.693460711712014 36.37823087560617 35.41350280664492 35.18090112899911 36.242402770710626 37.13673762578249 36.316658720350915 36.429271454576615 36.64406309762189 36.24497692213401 36.86548965972488 35.97138057415107 36.10850872373821 35.97231092427239 36.35639861351992 35.59509214282873 36.22275584915564 36.42130292557476 35.959797399107586 35.88156541572034 36.2643966359603 36.559134432680004 36.36580736237856 35.874549897257 35.83966716155221 36.36412832022422 36.094110641829296 36.20532667553497 35.50882037766649 35.82651907837236 36.9092631194764 36.67188692161862 36.327546816736984 36.2441472401003 35.913053835335035 36.368352544671566 36.75587611676379 35.98029969842717 35.206791461386274 36.031764459520225 36.978024916425696 35.85136032130443 35.99245329661548 35.428464240982656 36.393927950903745 35.923247813773266 36.50618979694743 36.27310805499261 36.24280736153721 35.820417803228054 35.93015729521587 36.530866563474014 35.277555268541725 36.139722637441814 35.78608826902483 36.58129369811856 35.49474255509107 36.37817107047144 37.066704033892485 35.96652347696715 30.82098889030307 31.04379904429423 30.840508821597748 30.634803457316192 31.129403100534613 31.06932983380852 30.994196701964853 31.386486738794936 29.74014082024304 31.113681854578957 31.58023797039391 31.9748791022591 31.243999077154353 31.740728545935273 31.67461673541214 31.226093524206735 31.056902986294805 32.18275908878945 31.59279601810333 31.079395491712116 31.58366669685684 30.959471257636704 31.06729924879078 30.86290260534522 31.0053434759414 30.745751170739293 31.37203144160008 29.856998659540896 30.44747593155659 31.13282912314883 29.351710318575645 32.44760033257938 30.844117726821146 30.280348041716348 30.80458959856671 30.68443424786277 31.33408112253028 30.72863966070172 30.24858429118402 30.17996725698824 30.19456372655649 30.43695736508198 30.555521472693016 31.122734092664533 32.2221002816787 30.82815391519166 31.079608433932513 29.81680615321936 30.195702207836526 30.204910301579115 31.14135776628902 30.32958464449978 29.681272282402315 30.72467387525821 30.893039011912393 30.947608136624417 30.614609219436026 31.479880607848276 30.970756027101793 31.603186823287608 29.943427755040016 30.462108414754436 30.034328461529228 30.187954939849757 30.55508517795058 31.66733370527579 29.11206181714928 31.871532169762528 31.235972628562962 31.730086361131836 30.449061569553123 30.293976618205363 32.23026862851436 30.686888956785435 30.543402113478667 30.927863509813758 34.27615454530463 34.84564536608831 34.52564592480215 34.67301447844126 35.18736701364122 34.35294236061769 34.62024100963429 34.83805404416115 34.95036754023565 34.88473451416499 34.37134825170329 34.24113888413222 35.04428677855075 34.48853617343181 34.44256472137785 34.809820561839544 34.60028227986758 2.427578257678742 2.0703969392475856 2.2005407062244777 
37.89531737815449 38.57378908359755 37.70195478521234 37.33297722275954 37.41013150884874 38.05445210024032 38.00062684360443 37.821278828257654 38.07794484979895 38.57526714454385 37.19756836749696 37.996390932863186 36.941991413984155 36.8111471249708 37.82204458703141 38.76607655394868 37.873667132770706 38.03753979041323 38.203367461209915 37.92468678934487 38.53430000506965 37.499195241238084 37.60777857373668 37.49987247277676 37.834915082797735 37.10791532225522 37.842912477941255 37.900396924770675 37.5973292979246 37.45532306558361 37.808536897155406 38.13734865546075 37.98261538320068 37.27910519266957 37.414502966517425 38.006066269001806 37.53749079933732 37.8122681053844 37.04988513042363 37.413860046033214 38.583912113273 38.261791771514105 37.82049188678201 37.84317524690211 37.41628139037534 37.92972409361313 38.48578388011519 37.6097729839558 36.827334773981754 37.54078811009917 38.56865447949642 37.41582700447934 37.55111210592847 36.95259705626962 38.049692884204404 37.42428153527229 38.18079460839785 37.889858040574595 37.82483428217748 37.38579015066891 37.49137890886329 38.19359551158648 36.73414078420989 37.66980181386276 37.380403130684925 38.133762828419414 37.05937311316403 37.95338620945246 38.69843492756277 37.57254787479157 31.589260955048843 31.788142258118892 31.67275109756789 31.505593717157545 31.85569338047452 31.92740593611474 31.860535688138746 32.28474303551418 30.585984416469888 31.894652193808373 32.379435163643286 32.73041663106131 31.931239052028236 32.5160418914182 32.42968890275275 32.03866229986688 31.874195872604687 32.97179893290639 32.402026256957654 31.855486200791105 32.33900080025305 31.826589239239723 31.80648082732338 31.724029868697837 31.776178443431462 31.550151963583318 32.093317467330955 30.505757618761752 31.21268509691168 31.98846608938569 30.06608260783017 33.233757281623895 31.51830385450224 30.989154334433564 31.552737080554135 31.365323360250766 32.0729873110092 31.575655245181157 30.99874393474552 30.82446506279931 30.967871599576526 31.2739108432859 31.389522834415136 31.972055369702023 33.05303360902981 31.68641928690121 31.974788804815653 30.597356438390364 30.902994800441352 30.891990102158445 32.099648544428796 31.048919487654448 30.23363304648285 31.346512965722418 31.552549438710614 31.80129240602546 31.392309625530483 32.214177510111256 31.705912641203575 32.34367941045702 30.655895687539104 31.21567101823538 30.82347705516718 30.925030552463415 31.224150536435783 32.521179996227914 29.934312318277676 32.71000263910905 32.074990552454935 32.66379169836538 31.22022799413557 31.054253466074922 33.168634644798374 31.437298699259642 31.203433802216193 31.78570792366996 35.32959614258706 36.011021942049055 35.6270359452792 35.73086391976297 36.36685893027575 35.5203219998323 35.831583874962725 35.97412036176342 36.15662950419723 36.07160460854056 35.50819929819214 35.38425861897785 36.281912609941955 35.681732187164684 35.62324643366785 35.94229994512152 35.69710279242461 1.9345040524112869 2.0087277878134415 2.003084418252835 1.9804103825029478 
35.288815705258884 35.94618645559755 35.02002720905237 34.69167470806433 34.76694521832315 35.40054479984029 35.23822511499744 35.20766474763481 35.528507586727386 35.866220552281696 34.56177600590148 35.344746700133534 34.258482267986196 34.076406980969914 35.13472003152367 36.11624810615705 35.23743889402838 35.39429609503182 35.60227100237121 35.21427663375454 35.82702577809499 34.90132259612773 35.116399556114516 34.81766660733754 35.24620193675352 34.508635682359134 35.10556126947367 35.322509423670326 34.84053471806038 34.73900138597133 35.19753456773764 35.497064504795006 35.31533941342054 34.73756187412772 34.7434889613373 35.27856768066706 34.935830922983264 35.098394590421584 34.41624596562582 34.80910752189328 35.826178544994356 35.55197800153666 35.19942697328471 35.220609332664864 34.839730512954226 35.11982668705823 35.73835574261253 34.9499794577685 34.131959599834374 34.884603343501674 35.92025195284073 34.71193587668784 34.94685385401941 34.34902608092251 35.4513683341436 34.83706896809231 35.493987837281985 35.192047556231444 35.18915738934058 34.71201472943806 34.88503320533822 35.45535234606235 34.19890268715321 35.06977813597667 34.692486517283065 35.51303576962627 34.337417012457436 35.27100832437053 36.061001898776404 34.883908590786255 28.172677875822522 28.39602008954087 28.048290099175045 27.91904013125107 28.38301190149286 28.225682431304502 28.27484231755442 28.70004629320897 27.080298381284507 28.303057699442476 28.79839607968635 29.200399859544664 28.460617183994778 29.08109112120875 29.005944810268346 28.502694698618864 28.293299344323252 29.485422013064213 28.918145197813594 28.42011505398299 28.773079711564044 28.213990770592858 28.413657729638576 28.189074974510543 28.32617800006558 28.114097133785666 28.58947251586719 27.138509311316408 27.621379828413755 28.46696022516876 26.76332995706163 29.762134699826472 28.110412989573142 27.51173217256035 28.1389389281737 27.905768006763186 28.621206930692427 28.061287514802792 27.60494210714044 27.377164632551295 27.54705839211657 27.71815538345425 27.85125582033349 28.402707141818976 29.456441288131746 28.28341915397907 28.44341277619782 27.19997312878105 27.57815741965222 27.495973278595592 28.563440275713187 27.645124397178975 26.971045159700537 28.024168457845636 28.1886561979708 28.306540980197624 27.88063369711654 28.755322176879005 28.165511738903035 28.896252536415826 27.18664313986125 27.80179619283264 27.372810578674162 27.578929651189235 27.849142635531585 28.99534461725037 26.509874895250267 29.21673775516167 28.627456197894126 29.08460451037798 27.844506224800522 27.57177255972985 29.503066557315083 27.974788070480244 27.958536696546336 28.309580843888373 32.78416774271312 33.359577320639936 33.031070180551126 33.144612789728015 33.77408098910924 32.84408727215589 33.16675334961862 33.4178266759866 33.52343437076309 33.42904161673917 32.88901453019667 32.7198609573986 33.68091452571956 33.03506101216096 32.92188896737733 33.3431358798671 33.137126346981326 1.9716675238055361 1.856113161512777 2.353365203551421 2.066518155679575 1.7861468990800689 
35.72032409775493 36.32567006689351 35.55840264214123 35.147942847359616 35.161545279831174 35.89285666402693 35.72646133717709 35.60305657034293 35.95938719708886 36.294459599995825 34.974514434642344 35.67353793190029 34.693760269707504 34.58930860584224 35.547848531474784 36.59573339812942 35.703893812407294 35.843083797143834 36.037631864685686 35.7048781571199 36.34383514765801 35.437563231114346 35.473907882836876 35.26073449235728 35.67398749343329 34.978167190331476 35.59059267007731 35.6748827844971 35.329131362519774 35.304598564436574 35.59060521325659 36.01864522907411 35.81727791763605 35.096634372464614 35.16306901511331 35.73043026000047 35.42612995890563 35.559612085609004 34.81134138497759 35.195776273016975 36.34483642526068 36.00913771015807 35.5717032708716 35.59708732752605 35.27729673859748 35.68334716433125 36.24690458625568 35.437926147030375 34.669169900061355 35.27776697349403 36.4993530682201 35.25962554302362 35.39128504527265 34.709401965398335 35.743933293567736 35.33469225079829 36.00707575603922 35.66930685431728 35.61532100667365 35.33392348488752 35.26714344625346 35.93626067806904 34.62392112666218 35.57202155596613 35.14366626820167 36.06169268120357 34.77275220700159 35.67522185816303 36.34093583429552 35.44682295068634 30.002929459901246 30.133601544477386 30.10575331015971 29.790332437987377 30.402125378831027 30.251573055191447 30.19350974503498 30.41337094563158 28.772977838629203 30.45339976849285 30.885515592837045 31.1326928331256 30.2934945327877 30.799061828676535 30.86121263892331 30.545868812295883 30.06257235007024 31.328700695323686 30.965017266777537 30.311956253459822 30.727588085606584 30.083602063275798 30.35163107651525 29.99283412453626 30.30284829742346 30.06264493306192 30.656912308321132 28.995106019834967 29.550828369904973 30.261556931401348 28.469149555733686 31.54668158962171 30.137760648262454 29.520092049561804 29.978600305642523 29.941818183924664 30.392172203028426 30.02041321297868 29.611096584588623 29.050032362317584 29.342296193826062 29.624072183319864 29.925618029079896 30.44574125257587 31.190286189080833 30.075308702374695 30.48338745118879 29.09822435501917 29.301283162317034 29.37384140586625 30.46296222514293 29.453934542960177 28.701803438341774 29.87350827820748 30.046187807443562 30.12535127944369 29.88766757198987 30.690522720582756 29.965348489647816 31.010091608529887 29.118531335486264 29.529784366251963 29.075663035825535 29.306941431832282 29.78977225736169 30.95411238967365 28.111387698089107 31.024273895008566 30.403574497289156 31.12388379438491 29.62708628412209 29.431507951014087 31.46347666231537 29.929772239220465 29.579355761433487 30.035485277612803 33.46727186668299 34.181027406644965 33.808778120240376 33.85175323355729 34.53214605483508 33.64935401135464 33.96280542588724 34.09796946729012 34.34055158166984 34.11419103027237 33.655986176636624 33.48026373026257 34.41242454178414 33.82355622592813 33.73924300552354 34.08109523327867 33.837307812704466 1.7745627376419237 1.7437281026607812 2.0730569033160453 1.9850981335513087 1.6515019667138888 1.6599157269289293 
39.44993581372742 40.12587913662918 39.21829901634567 38.87101980421776 38.93491093544022 39.59187395631345 39.4956909496037 39.360637990806296 39.63284485635412 40.092477094613116 38.70488989152075 39.523624315282206 38.43908005253554 38.27125772529792 39.30474464073988 40.32595476265395 39.42293460053503 39.58259739052799 39.766846125142386 39.45214273913472 40.092409246679544 39.07398343127888 39.16865860648475 39.00775313074591 39.38317147885647 38.66082631317406 39.32770055619895 39.46343588945863 39.08844737731388 38.948108776012575 39.36612334166502 39.699693260743004 39.53223492943287 38.77665694194331 38.93556600438162 39.51963470961264 39.07085225694014 39.31048209353315 38.57534713153583 38.94386843790027 40.118907264853476 39.78097265352825 39.36203752515845 39.39261069740005 39.01170011071038 39.38035680669855 40.041751155185636 39.07202784788063 38.318574333212126 39.048001023221424 40.148741897398324 38.918064824214504 39.10770870887674 38.43648777748231 39.59222315131765 38.98559311969001 39.72955157481424 39.41614750716622 39.355078510017094 38.91935831065429 39.01229016039637 39.73020283913976 38.28096488474188 39.18850843786069 38.8796039648561 39.68695904837948 38.526629732847844 39.45532506027622 40.26163343447807 39.07226420730018 33.6776656782634 33.82780120941977 33.6327062237414 33.51907400615063 33.94494729325171 33.8492729442404 33.855595415234205 34.306539289544496 32.55342025864815 33.90323099310745 34.43149992755452 34.74009511105816 34.012286566858975 34.581469722846784 34.599307387796784 34.074324813232735 33.89230333451027 35.048136438650324 34.48554378517321 34.026567558131475 34.4051838888707 33.840679661541806 33.88107885880828 33.74473100879089 33.79686615617621 33.560776009103115 34.09194033998007 32.49635339587768 33.1834043427694 34.03473867085109 32.108552850372526 35.34616364502746 33.550923999549575 32.93266784905282 33.70198091559609 33.265841014599545 34.152863944540464 33.59612317259872 33.064496818631696 32.82633205468691 33.07373586869627 33.24177094529537 33.33190165077762 33.98568124955865 35.08384278772377 33.75780122524852 33.96584729117385 32.61083434271872 33.03039414598613 32.82103545354976 34.126918469400266 33.16825070256883 32.31472512542823 33.45270507586355 33.65267695233324 33.849428174270265 33.38499722781253 34.29069123740484 33.70443160355701 34.4390395116876 32.64309279461894 33.30898582419999 32.80802003980104 32.93263707681089 33.33142639359475 34.63108842159939 31.850331799594652 34.78086605509738 34.12980453719361 34.710455257666226 33.28188501400797 33.06650862691011 35.14784554151461 33.46564756160326 33.3211599781712 33.88990892123572 36.5148040608715 37.19421869356261 36.8092495500275 36.90289182207765 37.58675446410709 36.68614843065465 37.00972375363688 37.186856191572275 37.35057453763109 37.26726477633217 36.674798332090255 36.524476688247724 37.50007300264545 36.85629945346199 36.76508241162752 37.14077725635655 36.89699215282895 2.3604254935946902 2.2844732758384714 2.2224054024889557 2.330059459410109 1.8259717939270836 2.0927260745845446 1.9789831024418372 
38.02537904893989 38.69467093109503 37.81552245838467 37.436666850357554 37.482520510964605 38.17683314396945 38.0741242157643 37.92293648624036 38.22998343453878 38.64825680955063 37.2884515453604 38.05602184865301 37.014967660818506 36.88113311287458 37.88512637596672 38.90992051632235 37.9873466592038 38.149409799763035 38.34482468333457 38.01361250963531 38.6617094513688 37.67229477231077 37.749496079796586 37.56601469567938 37.9768386509609 37.23502691291349 37.91219100845221 38.00967576919404 37.6609492924264 37.56225651810099 37.914587781192026 38.28728568998494 38.110595286664555 37.37460088606479 37.505714827923434 38.07736350356176 37.66782540713297 37.89766981579104 37.12723039245202 37.51281349993975 38.684178494751 38.354410109570374 37.91018183875115 37.94249868699126 37.561353670315995 37.97837975883433 38.582769623270586 37.7132390550945 36.92360557476305 37.60724181791291 38.7494666347444 37.51998054662441 37.68219635512317 37.01454883487835 38.143048563889536 37.56880305305769 38.295402078083576 37.9821361437466 37.934158040154045 37.54067390335237 37.582646415091794 38.27635965251644 36.877518896552836 37.814686335616166 37.45892357161236 38.296063787433326 37.08787102349672 38.02993814813067 38.78169690332291 37.69695074273865 31.371436851177172 31.528691458754768 31.404926947657252 31.220206860691185 31.667775167820665 31.57813130588849 31.524143356094328 31.896715580221315 30.23212101016372 31.66379810757956 32.14258709872265 32.43282641002979 31.666140956232475 32.21989779978781 32.241647012971086 31.824187138959996 31.526233019124252 32.756947210839826 32.210460254465275 31.6340385130827 32.08008471940684 31.464607352547784 31.598924582597647 31.38240212789469 31.570925179118557 31.344973140122914 31.85943444328187 30.286379806258566 30.906469609433554 31.699893739924505 29.855225401892607 33.00867468339103 31.311996018175858 30.780314393953518 31.328990791349362 31.146233635939556 31.785384823565508 31.354024797920438 30.84210522348127 30.526163287698882 30.722840489796816 30.95050929091174 31.21842738863326 31.755057750191902 32.69388112778685 31.407067352977588 31.701655531899757 30.38954889689893 30.67898797013337 30.67901177219695 31.837380966768315 30.798275242741166 30.038120964061005 31.138662768466062 31.289049102514177 31.547076594475246 31.114026806242354 31.983474949101137 31.41842734213327 32.14319691198177 30.383281819038544 30.904885224530776 30.5243516078614 30.716766672991017 31.029047643474573 32.30008427677764 29.637046456264823 32.45735086178294 31.84609533062814 32.38891173392187 30.9982588429927 30.763530504155767 32.841434776945654 31.18315634699628 31.00631157081955 31.49079566759177 35.4076763076534 36.10727701017504 35.72281640142944 35.796540071364504 36.48813560912405 35.58358537471945 35.90950749940576 36.06673680622941 36.269797774105555 36.127501285528815 35.588468539731046 35.42719167385679 36.38933081974076 35.76434384499556 35.673517359585084 36.032260472852585 35.78977839356915 1.8271886967394055 1.8039276754794056 1.9170823399525636 1.9362289751602713 1.4642118147821686 1.6232943288282116 1.441279758436675 1.769937049189681 
34.18185482981228 34.835494504793424 34.010779259952315 33.665380533935824 33.67278132820788 34.33304037456133 34.27115879068513 34.07745000436236 34.385323787412624 34.8240006850154 33.41830957850098 34.179783781156075 33.22432559231251 33.11983786043659 34.034124911701824 35.05459759920635 34.14882759796981 34.300007419276994 34.50369019417124 34.22046718339775 34.835056731197454 33.92484412512564 33.883639464155614 33.73055451532795 34.113011009096205 33.429094010162615 34.071071114232765 34.12692057705032 33.850527316116185 33.74238190203948 34.08563417948489 34.461678650422414 34.31648547208973 33.51571245987782 33.70439132043129 34.202291974675546 33.833767000370955 34.04853366681428 33.31687196990336 33.664802676366406 34.87946157665325 34.50844686369406 34.066479755240124 34.121242918771216 33.751791744118364 34.11725758543815 34.76792126349689 33.894577538144844 33.163064989323196 33.78616237799934 34.92259636998969 33.75354487227334 33.90635322875469 33.21466699437452 34.26360344186713 33.74611843784537 34.50107941205668 34.171199516001884 34.092780316895485 33.763501334128286 33.75957461985415 34.49945398638253 33.06769999577717 33.98232180432214 33.62929175299376 34.43516105349491 33.304145068294915 34.16356884719237 34.86370505058349 33.91701937422647 29.67761111330198 29.880101295506027 29.730779312570096 29.463643212854812 29.968204699123948 29.786750048350626 29.87448687933139 30.205114949325296 28.465338273539025 30.020766049610444 30.511889891278425 30.772448070882117 30.006871365234012 30.50612998413783 30.508314943935172 30.15821940953423 29.843886655680308 31.028160078804007 30.582621786803074 30.03990113003862 30.422986082187993 29.86235391709938 29.903793362598833 29.713539381825782 29.844334869068792 29.613749478833462 30.253822994854147 28.478627806132746 29.171152065991617 29.970172013305632 28.050032617337333 31.30053401248094 29.672534606666588 29.074107364677683 29.671281781586963 29.410127849221773 30.140855594175807 29.65349955923572 29.113634996871564 28.69569445494059 29.028808447718905 29.334264410265618 29.40261116979886 30.059046213639625 31.03665915000279 29.85744707886557 30.089840442369827 28.719140670357724 28.881359945573916 28.81586994659015 30.146778027259973 29.151655089876147 28.24575536073223 29.500118494709458 29.71046428202702 29.793569211281028 29.521814606388354 30.349714292478023 29.65332642807685 30.61169609660504 28.700457892829444 29.291700956206274 28.752258444271884 28.88923250563553 29.395541243660727 30.598073444544493 27.768307800890184 30.74673042241909 30.04261289171781 30.80995148606072 29.20928233201574 29.15186026470962 31.154702669666722 29.619916947487187 29.21866080030261 29.817279974431415 31.46061464629838 32.163862228584144 31.791303510846834 31.82650625268129 32.54726798565382 31.68991952024678 31.992568268957882 32.109677329467786 32.3386594704254 32.162219094375594 31.662081007909112 31.48940151405276 32.44886655119976 31.85154971977214 31.73317603249763 32.09895080089912 31.850933885775166 1.9273875054039695 2.142296315411826 2.5784447716144188 2.3360428281232246 1.8363072855759512 1.8561836037633515 1.6018514818875669 2.1655114666711093 1.713065169478571 
39.94977813187354 40.50287052567467 39.637168423655126 39.30680041550914 39.38215009801025 40.069222520074135 39.86333516061114 39.84062760444096 40.10760936865491 40.52018259252767 39.26161372100579 40.0126779812039 38.92473647359636 38.634993607803594 39.79778314021736 40.70907805766233 39.885971205335274 40.01932054353247 40.22585401793387 39.798912289349175 40.429810412583095 39.464085696040506 39.735379659459376 39.5225467589234 39.906470016266525 39.13296324058206 39.746404001752325 40.04579409274467 39.47445961989591 39.366625412278886 39.85611375125525 40.105938939943584 39.89019851855648 39.44236848471764 39.371033700448066 39.95231724296416 39.62836225523336 39.747394840897364 39.0763715445037 39.414105511247016 40.43976412204479 40.22098875241614 39.92195602913253 39.83938390306663 39.49157970715949 39.85839551445721 40.33090977908542 39.47930705068658 38.66136735277555 39.59314248553269 40.51960075864531 39.31785598219266 39.52332420748042 38.97225795090084 40.053239432664625 39.47326086182142 40.06750020811399 39.81774635642378 39.80528719118188 39.28526714223424 39.50773272660835 40.0654353910407 38.81258313263925 39.6633648592059 39.3254570309468 40.134474775004016 39.00708065201403 39.94899749277698 40.7569706395402 39.42461494417704 33.11821411188877 33.32991039291488 32.99989489293994 32.91543356445123 33.30202252152983 33.32476179906495 33.279958464195566 33.77173369815325 32.086540898817525 33.26190082278039 33.74858033825234 34.233530733534245 33.50274053022699 34.136936110168676 33.998491646882684 33.420635322322866 33.32294277178101 34.43608434360522 33.82366594554225 33.363427645323895 33.79045303381836 33.21037853335112 33.3874981740131 33.204806345278186 33.27581806283399 33.01931554856463 33.51579151928008 32.131264555108764 32.667212822217 33.4722572504465 31.707110895142772 34.757062137337165 33.03094195641456 32.40691535104764 33.11400849271917 32.84652943444923 33.643065726858026 32.959999560472966 32.499228488205844 32.48939496494888 32.52876695700174 32.65413431621649 32.74479415946074 33.33162797573959 34.51624737834419 33.140008833278934 33.334674341392954 32.02951724394124 32.621602826930975 32.49800364166622 33.44785724426966 32.611772955970196 32.003961993189904 33.00789912175274 33.18154942728439 33.26868244608263 32.80466661151541 33.73548469853165 33.22066679649699 33.801095791318374 32.18698705476694 32.81357690048119 32.363689065214 32.50825976735315 32.770380663511276 33.972859182409074 31.482714682758147 34.207033615553634 33.62246533909928 33.967101860718465 32.82829948741699 32.50498587855683 34.53312137805785 32.85674541222459 32.94964769727849 33.304066602745614 37.58239417569079 38.10897132677187 37.789886302226556 37.97761687935155 38.492340514006045 37.59358174857489 37.89073827795145 38.179958523818826 38.21656973827086 38.227668815534074 37.62727426204788 37.49699648123488 38.37067612496828 37.74601098581274 37.68803921390331 38.10549522515587 37.90497570264882 2.8867641059573454 2.390082909028679 2.296065329110099 2.33998776493646 2.209453258725665 2.300215259046415 2.4306290356510147 2.429666285405046 2.168078882558712 2.809078377123193 
37.77976747850882 38.354475816617814 37.56269841023544 37.18250107148431 37.27322512711667 37.927110415746206 37.754030032949345 37.700615742379775 38.00011097330263 38.394842429077045 37.05516315600332 37.847453647887995 36.757510896946016 36.567568706525485 37.651169942401026 38.60419927366171 37.7827660742332 37.89239443730226 38.08637488581789 37.71457846387928 38.33082598305286 37.37628817283589 37.59584121914282 37.38881129048614 37.73553447325752 37.02045846199569 37.66129293121833 37.8196998585617 37.36688244081168 37.30556353133902 37.6894596446058 38.003641494537824 37.811677910220226 37.27292607525209 37.21416877828817 37.81524272982024 37.49203267420814 37.59016388630811 36.91292178146687 37.270334279417966 38.34787453153654 38.07950087473372 37.71615721809802 37.692095471011825 37.30492766404227 37.76126591336607 38.2339531453678 37.465478204100286 36.64361582442507 37.42065255170127 38.43250832772596 37.254204061776974 37.41449256558443 36.83732908261178 37.83725520873522 37.35984206823159 38.00150627928412 37.71643253976945 37.67367606741139 37.24427689468247 37.35943715002069 37.968054218654046 36.660534568140164 37.562876885795816 37.208345512749766 38.049728045832964 36.9108487445388 37.78211489640444 38.49134583703911 37.41003137277683 31.580164043892886 31.749952222659072 31.5463215285712 31.36393600357232 31.852419365445364 31.887058490190157 31.824240496286983 32.207351157159536 30.542712780985003 31.893736457852754 32.34197774465484 32.79600223134365 31.903966204007187 32.54810787268833 32.396263953737225 31.96737951405687 31.74522316162767 32.845607996724944 32.411231140540835 31.847973687913452 32.25736693164178 31.745401157446423 31.93290427384689 31.698302783808952 31.803003226604865 31.55115279137889 32.11839384193864 30.60712239678372 31.164986760840026 31.899406559583543 30.11597873241316 33.124962951047465 31.622946702297195 30.93181127780444 31.57107902456641 31.42923205353096 32.066391299633906 31.491901609821117 31.046448083229027 30.774868495831846 30.935799788656958 31.182116298312383 31.27228618420781 31.87227310377881 32.89892562686967 31.706841356425898 32.025052053113576 30.58366015769153 30.99682447299348 30.978599225835353 31.986224104577555 31.057995607646404 30.339514870327 31.43456487928196 31.701376776558597 31.726996137883926 31.427283088452228 32.22745311054671 31.58053959100703 32.46856324998613 30.722639266815836 31.240678604232375 30.747449051888683 30.923854347868613 31.303147180459145 32.485241630509485 29.81967076992206 32.62995746264952 31.994524902160737 32.653722278381 31.26844136595648 31.026760079665518 33.0648946826319 31.439009965256513 31.307766808657536 31.689082123259645 35.578366284325874 36.17811406473146 35.84906744297384 35.992138858263 36.545686000046345 35.67036510214184 35.954890131271284 36.18630422101493 36.31781892565857 36.21026148719291 35.6885552106523 35.55565493441722 36.423131264717895 35.83027334427536 35.78127836351923 36.15261774001976 35.912078554895594 2.1653222170981024 1.9154217155228472 1.9704935616961228 1.9241681067112857 1.687294495033739 1.8332721535283505 1.6788779841397037 2.010951243324878 1.6384946401794684 2.0476663525693866 2.124506530608641 
37.837725128449364 38.421739685817535 37.62021206992521 37.2519416176388 37.26588129774889 38.00563457188844 37.89244099051412 37.70659041024282 38.03247969232725 38.44765422366651 37.10825143779462 37.85226950753706 36.859227543325304 36.68698101736211 37.71034758022521 38.70348748840031 37.81395412371813 37.92571239490804 38.15710935108627 37.76700512612881 38.42883483035488 37.500698859330114 37.55514918707078 37.42471629611267 37.844414852426695 37.071625903850816 37.74243955583403 37.855247628140894 37.471048173698904 37.39554129676966 37.73740934875939 38.088602738629035 37.922328151470566 37.26766229949631 37.33485083868738 37.85935990944496 37.538608451985965 37.6967064701012 36.94479711582031 37.29713582268802 38.48168217481533 38.19003349278523 37.765462803446475 37.73948259579617 37.37458117599519 37.8478937532875 38.316920634392716 37.51831821697289 36.74323291294642 37.467365843980495 38.539469625386346 37.36812138398839 37.511319868058266 36.854931653036104 37.866140847958924 37.3947348548347 38.046699353212695 37.78902908636183 37.743810525221235 37.35661449060265 37.386476148491575 38.07861039242795 36.72147797347351 37.631089958246434 37.269774187351395 38.100762216738985 36.94751703321222 37.85561915993308 38.53984618809628 37.531432846515045 31.928344130507504 32.08261541590093 31.938230365590567 31.748707263534783 32.297242694266224 32.12174430293849 32.02446317451326 32.414324115167894 30.7806186146956 32.22839448412314 32.72154196355593 33.03577980454694 32.27932141708367 32.76192232582199 32.80411910862642 32.35391616641937 32.12432291703346 33.34856655592264 32.73147002759491 32.17717776078567 32.68225430782982 32.018119852333726 32.12143141377044 31.892494476810775 32.07604638232607 31.835126384124127 32.44380408347693 30.89027363811189 31.513251651125973 32.22044879960597 30.40037667337863 33.576762153699086 31.899277655113785 31.361180166891074 31.896843949582408 31.726103817984523 32.36848222714334 31.874342198925614 31.361635943977426 31.1712690339234 31.234850619329915 31.460913201990003 31.7078466305855 32.26322589115075 33.28161174854628 31.896370057748687 32.1669934977523 30.932008702531927 31.21252784338301 31.24188874749294 32.27267569468895 31.3829934591428 30.657539488285085 31.704743500421216 31.86733746973326 32.074470127329064 31.667599396627203 32.54079322422611 32.032506071762114 32.684382747995954 30.947206996964788 31.4340907920102 31.06020198907477 31.28399451642061 31.634000295593097 32.81580889637962 30.138258965301404 32.97807072320849 32.320553269336244 32.88620147347923 31.508113741045893 31.34841911371216 33.311967560059934 31.758751351989716 31.605434441991886 31.98004960505929 35.44045751655375 36.10362934852074 35.75047416327829 35.85125264511809 36.47235974877106 35.59283397985048 35.87329474997258 36.05456576165277 36.249821164010655 36.10416204118748 35.60220305032017 35.45007172005235 36.331629572120335 35.75324049295268 35.68320185148057 36.050957468910376 35.808267766990454 2.116650023065018 1.8704987783460538 1.9420157759481431 1.9646883137833635 1.685189355734806 1.8829390482262578 1.6667321120481138 2.007920990783294 1.6014443339475246 2.0218343565816324 2.2315727704274844 1.7332802498636926 
17.683040717505307 16.804299155367875 17.70365332059334 17.927363347269996 16.379806746363478 18.452614214586923 17.62910053448003 16.775156599220246 17.377262913170966 17.140539495499883 18.43014051302323 16.287390270720167 18.198282974259495 17.84708969293455 17.92984534676027 17.356952452923586 17.142689190855098 17.370070386704633 17.286158567460667 17.330463230263184 17.157845784831828 18.124704051604706 16.503136208805667 17.756310306472848 18.010112788454588 17.65453782418579 17.172990254352083 18.030003382581484 17.646970511688142 17.51829828071068 17.561149163015266 17.819071476869045 17.40826031130948 17.928223313885223 17.67939048314662 16.96823428602537 18.423331989410602 18.143108423123202 17.623406643739102 17.274214221765178 17.334700958366145 17.519520119608597 17.935362379967565 16.72011475448181 18.365928846791952 18.391317989920452 17.396167046001484 16.123287453313154 17.299558848317307 17.875430170451327 17.944080018938966 18.05998144263933 17.52471649852527 17.808482572125236 16.84862982329665 18.060220697263915 17.096453340166903 17.314755123717724 17.311765185009847 18.231484488967748 17.534709037692735 17.41143583084457 18.043921827736334 18.331004895099838 17.283800746025985 17.78412136320043 17.308993838253866 17.464116527544302 16.99765526492418 17.370058941858115 43.271303238679344 44.56766710865387 45.68778988629911 43.34022567970632 46.121418140126956 44.01939235461151 44.26082420730948 42.88481392414446 41.34050451458114 45.1230712802273 46.010590322256725 44.878262808659336 46.09431305772044 43.428245617589226 45.20395429345871 45.596178164181076 44.83264958453794 45.73530608104075 44.729202789253776 44.91445219914844 46.16987760212873 44.33921577823025 43.421462472549656 43.27382787683252 44.07661149541688 43.80392301189726 46.76286047685354 43.63911015353521 44.321186091015875 43.409020424821044 41.359770883084835 44.84259642423357 46.386237722876984 46.04483027110139 43.969151544768586 45.20622913178821 44.86853549969339 43.64870593596374 43.94451597746326 44.683872914387216 43.613918314556585 45.263811040988706 43.97438706276379 44.29857919263647 45.56587504789067 42.71215448366944 42.97534690461897 43.44563868260132 42.49827102851845 42.454346478889626 42.65939608586434 44.976715669873265 44.73416122293998 46.40348269937295 45.42937341624633 42.58443750625477 45.02546642038027 45.72951047522214 45.25691037481019 45.926762587373986 43.892335787377164 44.04346308159015 43.13305415683887 42.112651276125455 45.50623676871596 43.51514900850754 40.23167038306704 43.58742836694192 42.89352754565512 43.43625887739773 41.768674413925716 44.539571238518334 43.97341095458305 45.68611577936211 41.75273546779663 43.641146633871564 21.89134538973614 21.906043724480988 21.828110893685924 21.691740576227154 21.017035514500932 21.845438825940143 21.78319886421421 21.199179817498212 21.12439649294951 21.411584220412085 21.757828859020346 21.748736352265635 20.671122790882897 21.30705498576402 21.53900891079551 21.14850544142957 21.787120997024072 62.92320900209384 62.346567956338994 67.92551331946696 63.27878700992786 66.52332895787006 63.31079624675393 62.454677674375496 68.11845091526746 66.09441018157149 61.89460087959295 68.05643307829573 65.86305082079662 65.15194599048895 
17.21292443665758 16.332493716286017 17.22757556367224 17.458646462776688 15.921048706640688 17.972778982991198 17.156530142932564 16.3129535489774 16.90054279127939 16.69475937084431 17.946256589902454 15.829157946264344 17.72608260897713 17.360327175460597 17.462424681145567 16.874762399497417 16.668323302786003 16.89441986300229 16.81424745828144 16.862459795148766 16.68097098825996 17.64121525607208 16.03605624785104 17.289006793655215 17.518561350153767 17.170786397295846 16.69463719516465 17.562488634247853 17.168867210240926 17.027261309304592 17.09793325565115 17.333526489836935 16.927441717302553 17.468507339971026 17.205394109730566 16.492335166157055 17.94582969229509 17.660220998433324 17.15764302751083 16.794613108218236 16.860950265553083 17.046900088961312 17.480543646362857 16.259692234757832 17.88639531447381 17.908905570706388 16.920131015318876 15.64405056671646 16.80396939052373 17.42362437910875 17.455131748352958 17.581014923893697 17.05154775228075 17.349876297112242 16.382530539740507 17.575760732805158 16.628850844524372 16.844053274615185 16.832133064865243 17.7325411259601 17.071423166293595 16.947522495497306 17.556045112971187 17.84358128107122 16.805433200876525 17.29308425093087 16.854572655760272 16.993184248671078 16.53680428419008 16.878866791766768 42.82095992785934 44.14047377966517 45.21396738714023 42.87250507670845 45.600493612968386 43.56812109206629 43.84897002646504 42.499878849896405 40.91759241769081 44.65033892979361 45.53590601070672 44.46963583424211 45.638735104012476 43.03684464331584 44.71707459576401 45.119644186691296 44.38552653246857 45.25513159183285 44.28032742257213 44.45685176105283 45.694400382875024 43.91883630853797 42.99619714329359 42.876099962629354 43.62416664321798 43.35119719939634 46.30616092515504 43.168006526266154 43.85667122186285 42.97792776822005 40.90023388371801 44.386243135438235 45.92387613876534 45.54620861088601 43.51269196016841 44.74713183807763 44.44779826608688 43.18348067145174 43.46044863160995 44.20633176798495 43.156426435183874 44.827215972038836 43.466900700891614 43.828062436029484 45.147321412019124 42.32623099701258 42.574793258133596 42.97805736969526 42.049465765038754 42.00289175947766 42.22254083547005 44.51119636198625 44.25042535985232 45.954481496168114 45.01421612489591 42.13269364422443 44.594796526860534 45.29105129409275 44.78109105643934 45.49866149339481 43.45361743880732 43.6359981898893 42.69011983231582 41.64683761581673 45.024721839415406 43.06097145341708 39.79317815906394 43.160067073504344 42.453638691956805 43.019590555661416 41.32852100897802 44.09643472264786 43.575695492644 45.237693564633865 41.31702384090593 43.217300779236 21.37933669189876 21.375643313032118 21.30629090349884 21.182273178343443 20.50016218633041 21.32927573763319 21.262033445815092 20.691038273183537 20.59711857995473 20.90472917240792 21.233085354484288 21.22728176097456 20.15619351718936 20.7856900721852 21.012014860192515 20.638936664953015 21.274967924180242 62.21798639855857 61.67505108593884 67.22943747054438 62.560988094067824 65.77910688279431 62.58155554773341 61.76792441888878 67.37120715632918 65.3795255828255 61.17021838883142 67.30118691282817 65.11569876760353 64.44879805657564 0.659106926717561 
17.19528617245958 16.353462051819335 17.2162668259073 17.42706247089814 15.928306879499965 17.955231457164523 17.111008922463146 16.317006774881424 16.906688732635384 16.627032810488785 17.96839972948692 15.837174074521483 17.688538571558787 17.35664294350173 17.436939479292924 16.871523910138876 16.669403942794194 16.914953154730657 16.795311761173966 16.858337893113045 16.675628990206643 17.602577845298413 16.064596203939427 17.26238112213264 17.51784877330995 17.17704056803089 16.687947710022137 17.543822860592844 17.156155994863273 17.036208335958186 17.067045933179546 17.335439439010386 16.907099024849202 17.42695839315234 17.171120581916675 16.519883969689552 17.920941144308593 17.660506973658265 17.14551377202779 16.83168405296582 16.826412741425873 17.01192322178035 17.419533274737535 16.24014560543424 17.879860809007837 17.889247607745602 16.93102332728583 15.659386456296527 16.82381569131219 17.353161059026306 17.450761837351262 17.535951530821237 17.01333895254768 17.313081783929217 16.419930378044274 17.58586234345835 16.62316407346433 16.824490779731754 16.840920860551417 17.737179995009647 17.05590016501442 16.895882401405952 17.56582478443246 17.84503198861161 16.815428457612263 17.316289052146054 16.798497244153715 16.97970384271135 16.548897599989118 16.86671067756827 42.216602404886714 43.488454744975826 44.631885288675086 42.31781310417216 45.07981680325311 43.01131369834607 43.217486116264894 41.829166890519815 40.322688444472114 44.072744174005 44.93810586479909 43.76588370659288 45.017165824657745 42.353123082476934 44.17380699031131 44.54138087864618 43.766801327430336 44.64186140321096 43.65733215831137 43.8770288845565 45.100426023885404 43.27842642146714 42.38025682281614 42.22114288280882 43.048237845549174 42.77236795054676 45.67043684812893 42.61106605159368 43.27003770762128 42.354667201090024 40.36559647927759 43.76542569865089 45.31552165061548 44.988058527411035 42.93063840999787 44.132797220002104 43.78227704522177 42.59644359581162 42.93088292000524 43.65092473650788 42.61915750883633 44.221270091062095 42.96249193704885 43.25139680596164 44.4596401275028 41.64229306649268 41.92518884559544 42.400450356476625 41.517739142829754 41.4188537568483 41.648775899419945 43.94479117031376 43.72286009387332 45.35154935471051 44.37143220998689 41.55185738444828 43.95125407406784 44.64389814615845 44.193236841463346 44.83947145015016 42.85449617703751 43.01141173598502 42.10613892989603 41.08129644187169 44.46628981188229 42.47971683486977 39.23332164664569 42.51615357064871 41.865444561321986 42.371647944563954 40.76835605624293 43.47117640943168 42.89810200909115 44.605489836330435 40.70200091112555 42.610172614464936 21.422535253639698 21.438900322374064 21.348612876906905 21.214931354398278 20.538572488656154 21.35488350556586 21.31776619116057 20.73919141167638 20.655228862797212 20.94767137619654 21.28640726779565 21.283746007627855 20.216189533817044 20.833876112231472 21.080473220083878 20.663338485165397 21.30451180109152 62.406375377588674 61.83702593821511 67.41212287177301 62.78526698236773 66.01484774165776 62.77273208727521 61.95053819990071 67.606381226959 65.57175084660817 61.4083606326478 67.53289868465517 65.36773717156042 64.66203057832787 0.5932916889035095 0.5701887283789112 
17.13102127422773 16.269163398968846 17.16374781424059 17.354513470665566 15.86887026934438 17.890224865992934 17.00932106695462 16.261914321272187 16.89026561400112 16.56610504719332 17.853165252081993 15.76487070707281 17.573391194891155 17.245198099417625 17.351681736465164 16.827069152039222 16.63721413727807 16.85046547620037 16.752155871073292 16.779856008449855 16.605963435285275 17.562322402041907 16.057924600421316 17.20050479972164 17.456063321027905 17.132237054515244 16.61638522206262 17.478289288370245 17.049796118467718 16.972689809565495 17.008158212731995 17.286693686948507 16.856902586450374 17.402926472251252 17.069807909090567 16.423802452867005 17.884859932031578 17.541709465795854 17.059811900899053 16.75584489665554 16.743761694047514 16.931149467179257 17.351572889287606 16.176415729562045 17.805315859573636 17.800006035044685 16.83698266565492 15.629629933465703 16.76070236062676 17.283490779569668 17.412653736802366 17.47667253823093 16.96770133024628 17.252318795734666 16.303561845637308 17.552108610684368 16.571726227867945 16.75710645379257 16.77136132513854 17.68808774384328 16.98979194977273 16.816513566604314 17.50869808449585 17.801393726187417 16.729086834105313 17.29244992270824 16.730440281392152 16.887673252686067 16.425640814243337 16.829653259388227 42.0385871242158 43.278234573260754 44.384984720759974 42.05516121461784 44.90542206132878 42.80963947324916 43.03248415029161 41.617236868984726 40.12238576534663 43.90915929634137 44.76286895724651 43.65649511268905 44.78246579184054 42.19393434151755 43.957047836247874 44.33685315802185 43.501514859709104 44.40087461352031 43.52365298354101 43.68848142359346 44.85612575108097 43.06836615015773 42.28763338643665 42.04418396119803 42.88787446662528 42.61264205756396 45.520460040585824 42.466105995273836 43.050464902485466 42.13390352955472 40.189984080136966 43.51540394894268 45.20430035400664 44.76161745626833 42.75292884174138 43.99487938999561 43.5875700229541 42.39896955632224 42.78716373607817 43.3603502647024 42.38363452700651 43.9872315901794 42.72473393256561 43.034481957036405 44.185928064821724 41.526389228066684 41.845573904293346 42.238760816136704 41.349283311165074 41.279676244574944 41.446423235121095 43.74427891834414 43.520563033432296 45.173945770255294 44.258335665716544 41.346486378298145 43.819400407218595 44.472136128986534 43.899189245116666 44.77237142371624 42.69685254974446 42.8154012428085 41.858692676933714 40.89829342801685 44.31953968828285 42.30388845954071 38.96036507635575 42.3047097523979 41.634878597241524 42.27084154327298 40.60823432557649 43.277697516723386 42.69978508697166 44.444130487019024 40.56656043564895 42.36433328567845 21.45174613263164 21.4599235229813 21.39120684753948 21.25966957468127 20.583215533236732 21.368626280271425 21.31887519769055 20.773889135809807 20.698454924694886 20.93816428567298 21.30790951934163 21.292092075925286 20.24413573874803 20.85678390494928 21.094872308713605 20.710075735086495 21.33538954464341 62.06435376098716 61.43660673499747 67.06901794096069 62.43263726085038 65.72205313933219 62.40175920461873 61.509562338015954 67.29202009092901 65.2324095277095 61.0413347394598 67.19561885776034 64.94360155385856 64.29874074946603 0.5641976560039567 0.5322748540322526 0.4506154879463958 
17.455438544170644 16.57690896025832 17.48618857532614 17.701244301481168 16.163877997013028 18.220928917509596 17.41586201600047 16.549601778164618 17.17259720532917 16.90306225735278 18.17779146056283 16.065710900109572 17.966416175319203 17.63665779627235 17.687185342832517 17.158423198930986 16.94138123175481 17.141328453555808 17.08091292498691 17.093587346266762 16.946899545610986 17.934901808531173 16.302596718105708 17.529444805312576 17.82305459713239 17.451443968756134 16.973040190620395 17.785535605152553 17.425398537688956 17.330972317504248 17.330299168755015 17.612327120453923 17.216396824143466 17.704072747807317 17.464374316377747 16.74031361317893 18.206593271420346 17.90363287591085 17.382878106068098 17.047757033354152 17.1348693484266 17.31178393164238 17.69076899789628 16.5065625093053 18.12735964479579 18.169058441511293 17.15783015784087 15.966475255848403 17.12524150778339 17.632079827907233 17.74143645383236 17.86041442134711 17.32763830123509 17.568592723543507 16.594353696058917 17.842334197661344 16.87179032709553 17.100653692527484 17.10742163862285 18.037296650326663 17.29634339553869 17.196115478762213 17.836656910851623 18.111264809284513 17.0698855951872 17.576566386884007 17.08691317558203 17.241240406649148 16.7414822037148 17.2053955375588 43.10267336053748 44.359279303034384 45.474964200761754 43.14649144846059 45.99507393564519 43.7804328276297 43.993228408797094 42.617346259949464 41.13023409348588 44.95926762725342 45.83403292437762 44.65209365057302 45.89218785792356 43.17365755086893 45.025643928007824 45.39913506254444 44.630998377590004 45.56442345921785 44.53667725221121 44.73529028885894 45.99560968737825 44.12082014250771 43.201930212243035 43.007276218374344 43.862351241776885 43.581136162664116 46.558231184101714 43.448245132785594 44.13126992848719 43.17578251996687 41.19174852444809 44.676707882379304 46.172969642857765 45.86785052155254 43.79781515245132 44.99800041195242 44.64624460495408 43.46722795848627 43.760126291434005 44.48631645862275 43.41080649776926 45.01628439025461 43.795161344627395 44.1131200703743 45.334908482069885 42.49561029500981 42.7386620283927 43.28167037512569 42.28248238547898 42.25000119814926 42.44619710816326 44.78900756297487 44.54029867972217 46.16451499505841 45.199587322118106 42.402405719366065 44.80433900153011 45.50334559941758 45.06679362777448 45.713217561041816 43.67779587508427 43.79844683956016 42.904026395146886 41.95210258348624 45.35227883130851 43.33295534323301 40.025900324468715 43.37719746285057 42.65339714118007 43.24288540082587 41.57083822989891 44.35505902888214 43.696366094932294 45.49845149030632 41.591827188661135 43.39448305500998 21.64964573847463 21.682368671381337 21.608474481965075 21.460595454495564 20.807562999917092 21.612590671795523 21.538903186167055 20.96059185891618 20.92173892062831 21.15000833095456 21.53717980212468 21.51793810378535 20.447352273906024 21.089237936782013 21.318488535133376 20.93298464136855 21.549910895388706 63.06359822509758 62.451220920022884 68.08419395414607 63.449910400483944 66.72897267461137 63.49217445974085 62.58421587686978 68.3278303665337 66.26799978916156 62.05365796379813 68.28287119025879 66.0430127172179 65.29605409127132 0.7203683410205682 0.7093877054375379 0.6199462194761484 0.5725418668600295 
18.20497882068725 17.33705999259971 18.226256289071397 18.44587123944443 16.903260385635505 18.97962977444895 18.122402900221132 17.301295328120073 17.86194204031589 17.62713694138876 19.023748555837066 16.802545739791487 18.732272074180656 18.37986214525959 18.453957900873622 17.835641339693044 17.636965588119633 17.91595807889813 17.76797085467562 17.878851984450943 17.673066384682137 18.595546770500917 17.00048615285629 18.26737021837511 18.48849706218813 18.163432370790375 17.666750960012106 18.55441878264511 18.177942896225943 18.02711554482135 18.065618123119194 18.330507436027116 17.879330803957977 18.404723242591363 18.180405904817814 17.52940988419255 18.927838779648695 18.702841861489762 18.169342695861136 17.823764638125404 17.819785295063177 18.00479213084159 18.437368430045314 17.214106532539372 18.91549407686765 18.92224384141216 17.95786735750541 16.574715121873147 17.791602421185136 18.3728913023919 18.449318995926347 18.538640138555607 17.985695918318562 18.31366408723823 17.431421135241074 18.58808105146205 17.624069015611294 17.820101987799497 17.818983071884443 18.747248392887606 18.059416915551612 17.897354802600145 18.56130236854056 18.848542756197574 17.815243244448112 18.303807247098643 17.797679861614373 17.980797335245786 17.564137231693504 17.818206700583676 43.86148037651509 45.17526768423964 46.39584898323662 44.0183581420704 46.7215864461995 44.74853137533099 44.967169107037826 43.53950890948464 41.96157629391102 45.77602270642307 46.643473072530355 45.4494576947231 46.73936960701422 44.04236792383192 45.855092165385116 46.270218540173374 45.4641783612933 46.31742030763717 45.35090952542636 45.56280480129301 46.81790651365346 44.985591605086874 44.056231679161364 43.93906417307571 44.75669879804199 44.47556968152371 47.39696919009899 44.26320810296243 44.968123617225636 44.0597850402697 41.975417719301326 45.43631254393433 47.02296556651917 46.70747497590068 44.58732237241537 45.83994687784154 45.4821754247189 44.278858724055986 44.60971442813979 45.34778085657498 44.32274927750946 45.981744089764 44.681671503203695 44.96961533231284 46.18597608862283 43.290988729598645 43.614768605442364 44.04193215665197 43.17907728437863 43.077119371646376 43.33866668161353 45.62407184549063 45.40215448694375 47.09592723821539 46.07055808705952 43.20201823133951 45.662526871969696 46.37522853703352 45.90836582324944 46.549647515104986 44.559261093207475 44.72721020356491 43.80329720153118 42.684960029229664 46.1207458866821 44.154298340244395 40.886207338615044 44.20503414893138 43.57892915241321 44.02836464034561 42.41213271752987 45.148898621641735 44.66346780834757 46.29670847380173 42.27565106076636 44.33565773932497 22.4844337003963 22.50361820016657 22.397203807862123 22.259083477801784 21.563441156906205 22.431982184955228 22.404199106186745 21.78400017453646 21.682246433849482 22.031642664535585 22.33961624457059 22.348375873944423 21.25004119903348 21.882656283843986 22.139282006686365 21.693523528589452 22.36062744133754 63.62157709087287 63.09388358188098 68.59052970077896 63.97336344832729 67.18506556416001 64.01810544780335 63.15807838509948 68.77312663299269 66.76978173989079 62.58757060285255 68.72237027301897 66.58832382994338 65.87751572849353 0.8035202438892323 0.777260405719603 0.6756819869928 0.711186776320181 0.8742744408822337 
18.108440416761276 17.267629530367422 18.112254563391616 18.325878226823097 16.769011336355195 18.88036876383996 18.01982193875496 17.191222991749676 17.782614615350766 17.527553342524506 18.8962455389999 16.686397743485426 18.599390771441783 18.24879426327269 18.340184249437243 17.772482973165296 17.527264780700577 17.811819484534663 17.68822662009605 17.764847006980094 17.590108688482907 18.50860722312597 16.897500484803604 18.13392070782106 18.40255202423118 18.04699636896511 17.552325258346613 18.45343497021702 18.05599975617391 17.907957640937003 17.962796025047957 18.243443785439073 17.79302788669589 18.283494006747162 18.07498668913835 17.409710953440047 18.812813055531386 18.596238379528227 18.03506227789933 17.7112943585871 17.72952615258928 17.909458733517628 18.32781600477626 17.112406981845165 18.81150321857042 18.78395538484244 17.859384769330184 16.47066222993405 17.667212846826317 18.249068976279705 18.38106247313675 18.42472085042438 17.894631008238854 18.18232852770514 17.338453181000748 18.47803323977938 17.522239944195917 17.71040034069866 17.718727732272356 18.644373132138504 17.946117746461695 17.79425227166651 18.45010547587018 18.757634974478357 17.691101793573498 18.21845183438562 17.645891910205407 17.87272865367956 17.47698022406481 17.722933350188995 42.861809505212335 44.154721629637216 45.352143358620275 42.99779884189349 45.72048550669074 43.668194463090316 43.88214808633385 42.46726840796852 40.91636512187935 44.71855043062786 45.60488180800165 44.40369191918122 45.69182201848844 43.01474226071431 44.867178012952564 45.25373120983676 44.407757693130776 45.359689430346755 44.33995061877754 44.51513058106196 45.77305883636637 43.88993012501668 43.03147410434937 42.87233812177088 43.742347092026066 43.47918915990648 46.3490022659294 43.26070158735673 43.91581703070368 43.04673001639037 40.9876012522732 44.452887338978734 45.98750651093511 45.69742595444032 43.5580056435679 44.825903078002696 44.43727201024128 43.284666178683295 43.61798520255988 44.321375290412 43.27637960423621 44.89695064573035 43.71814161285949 43.9606262968336 45.13592374591168 42.240824188714214 42.555725093760564 43.043746302046806 42.16092437863072 42.09874204702406 42.320668986009444 44.57446158209726 44.389999618879834 46.04763342686954 44.97919141970069 42.206929414155624 44.591231245714006 45.3427852802951 44.89022375866985 45.48876875793052 43.48890167590556 43.6352462366331 42.78361061993645 41.73131487681116 45.083108780352674 43.14420052655743 39.899259556523184 43.208478949892836 42.60548884710301 42.97753020159256 41.411519477178786 44.087680610575525 43.615615812068874 45.2390452889646 41.31346214375036 43.29471345424764 22.261380948632908 22.300951033032938 22.188317969777835 22.0367966317931 21.38991040944084 22.20872910522765 22.194232684620534 21.585685771197767 21.49895967163054 21.823879280355264 22.126546150582353 22.113968699043944 21.072206194424965 21.677485334700304 21.90859799251702 21.49339721526649 22.159470709819832 62.1909896200018 61.63084946751365 67.13909133825847 62.5864360924989 65.76632277309955 62.5422508799335 61.71154373845648 67.31897712931396 65.29076568825994 61.18631416298365 67.27788135372663 65.18073855832168 64.43228038958785 0.6928896447520428 0.6767933204030159 0.5569213609980255 0.5821353451237614 0.7581938041607214 0.7202239600116741 
17.28375180661609 16.464198482214172 17.28021737062201 17.500213503281714 15.991429435857086 18.040172950521907 17.188044937108863 16.398990963677747 16.969640395547913 16.721788995916107 18.076739020237714 15.919019043309236 17.772406093934197 17.41923220868115 17.53310275626437 16.941527340489383 16.717688180761332 17.000806449522614 16.86579565956098 16.947767998357758 16.755004864934314 17.646999397319576 16.118248324476447 17.327398181850114 17.571346456890037 17.223778982621607 16.741836201667066 17.643964106182747 17.2330084040863 17.073538192472924 17.151624393251158 17.400951076016593 16.958201881811235 17.489975161390106 17.24981734174534 16.60792743916678 17.978332187776005 17.765731342744925 17.231563075025928 16.9152405565837 16.89351452402356 17.084846293925175 17.515709960281924 16.31574876595193 17.97143240233027 17.95246867259067 17.031589154893595 15.67630155127927 16.843296792237233 17.441047413947818 17.517795153760236 17.58047016389895 17.066333008376674 17.391841324929555 16.556180797520327 17.645509135511364 16.70092789285942 16.892091113117772 16.90788057132482 17.778726944810355 17.14605362365795 16.968092344378345 17.623541533934635 17.91818331884026 16.883347291615927 17.377385683859927 16.852645385721505 17.066401967249906 16.690794476036956 16.884700786274557 41.66706830862446 42.975079091488425 44.11077931515105 41.80328351925497 44.4692073279509 42.49062042452414 42.715642211561274 41.346983734875664 39.80258841834832 43.4792008628689 44.35952962042975 43.219524035661216 44.48067032076506 41.86708232415112 43.63865761354524 44.00601622388337 43.23576769988845 44.119627983017224 43.10412833151169 43.30744923536058 44.5402070056981 42.730265227163805 41.84323896303062 41.727723038103235 42.53033666467198 42.268986462758676 45.108490177788944 42.070139356271724 42.719586152685366 41.86804485260263 39.83224924762791 43.23989657166058 44.75525739743195 44.44581777905426 42.36343849140661 43.59906681739014 43.25904440530987 42.06322289614954 42.38525642405082 43.144226367365604 42.096438290796335 43.7125990799189 42.45785188762316 42.720740567410076 43.96174297199528 41.09851467680391 41.383488694439535 41.83985250328053 41.005051261381425 40.91160885807116 41.14311385787023 43.3840961117179 43.19499767513821 44.83407657754549 43.80911099329138 41.026758544014754 43.393087676157236 44.11993076312392 43.680903573517384 44.257699869590894 42.30734461309101 42.493156811547415 41.62544800633832 40.55561685037686 43.864327568188 41.93429291895943 38.77250213611703 42.01770310527459 41.415358076197855 41.79360263465074 40.25129662185325 42.90493416781765 42.430744575955465 44.029311782154124 40.1604759677289 42.13046035893926 21.43512227203217 21.443256722965586 21.341260653695972 21.21424031460734 20.542062097096917 21.35782161343119 21.343131406169807 20.761757339558343 20.645923523920622 20.996377066076843 21.28389241095212 21.28381070489471 20.236923615315582 20.83253171230196 21.071138356012785 20.658347521359058 21.321468742881013 61.47567029785583 60.94100831913335 66.45215769137259 61.849443311213186 65.0124233887904 61.77975112372143 61.05637546986337 66.58966445715119 64.58202181711854 60.490700741927284 66.49928329723926 64.42925005469242 63.72840072379331 0.6482993529445211 0.6114572758649388 0.5043494114084629 0.5342830799945378 0.724952128405277 0.6834594843043674 0.537520961192591 
17.32931535641666 16.45785517934904 17.371660824359957 17.56573987273381 16.0731829840801 18.099334850367296 17.230838299692945 16.458715713749786 17.040493308878776 16.77333206080035 18.110161372417874 15.966673476299443 17.82066080215068 17.486451120425755 17.582597974781333 16.98543546025489 16.8131495459105 17.054511169809004 16.917403130316753 17.003279250881068 16.797648586420067 17.723337656844386 16.207317488001294 17.41972690307278 17.62482893827994 17.31531016403356 16.823640771087867 17.679959122733955 17.287801809035706 17.17846499489806 17.201338010847866 17.466344743764214 17.024907380062892 17.590848151225163 17.282353420047663 16.657847493310747 18.07945316175959 17.787661106206208 17.290237596144227 16.96195618390086 16.941052079257037 17.132749495984477 17.562635283460434 16.36146434012683 18.009226142520866 18.055650039035626 17.06025121328503 15.78998629211521 16.950963595917337 17.50676229814349 17.580427978997477 17.677182075997905 17.130688519489492 17.467851764028474 16.528686236828122 17.738171678334073 16.76912377266469 16.960430054976054 16.961261296806374 17.879056923236284 17.198688097007224 17.019986852586232 17.69429180245256 17.990630938122038 16.950486680348273 17.46537953412482 16.960549975586606 17.10732559346472 16.65226147433919 16.99191741680883 42.61787179746662 43.90077587694609 45.08437136561752 42.71848861639029 45.47023598018673 43.52848078317127 43.731713416483984 42.30187218198683 40.76317064807299 44.5488315912299 45.388549606880325 44.27543889269341 45.429496838568866 42.820806595967966 44.545007006333435 44.97953955631328 44.16883395635186 44.99357468085023 44.11947650529507 44.288334846220835 45.505487370026714 43.74469092770502 42.88064257982283 42.71538326141214 43.520226018419436 43.237389912069816 46.159044141323676 43.063155646364955 43.7152013752149 42.78129651213658 40.76205635096028 44.115480020845695 45.81271751074037 45.41152135101372 43.335961468301875 44.63453595248015 44.21846793016474 43.015197875711635 43.37588102378175 44.025898840734584 43.02734224773455 44.698022859937765 43.37718855565645 43.681956542752175 44.86696353219069 42.11624912141381 42.47543565429039 42.81908790485295 41.948268079385024 41.89014374078224 42.08856797332955 44.354317423352256 44.125506747796344 45.810553534056375 44.8766984891515 41.95238635191138 44.463418415695 45.105414976331154 44.569409703227194 45.36962628572432 43.35098487894017 43.475069737841736 42.52092301130955 41.460858478750254 44.89316932840743 42.906613749452106 39.61627755110225 42.92653578329965 42.27674519178101 42.870387029745665 41.202508265837785 43.90936333333931 43.40680495150957 45.063578452565665 41.08219066854488 43.02653779384835 21.75468957170263 21.761074917011666 21.67724608942613 21.55484129337667 20.84004057972357 21.68606970188809 21.641334699757856 21.057356296803057 20.964677604654696 21.264483857482364 21.607002373078412 21.617183277100118 20.516085977496846 21.15045086335978 21.415556198907243 20.98236686059402 21.623462599826382 62.5749946819805 62.02418493096437 67.54957880247045 62.90699181249171 66.15287831629168 62.96929767648666 62.066858354595496 67.77210738150701 65.74107975151581 61.55707421424415 67.67640240545214 65.45150297976689 64.81038925294723 0.5532591502325591 0.5134679815856029 0.4371061090899487 0.3892691296447973 0.5983021979797521 0.6343038334124248 0.5484882956190804 0.4921703085896334 
17.791789318460427 17.36029161795476 17.58846996849771 17.39447956634404 16.595233310776507 18.0693474234313 17.258273491006634 17.21482279387332 17.552400809998492 17.859878220560525 17.684291329927532 16.655291016379262 17.299771007483823 16.746614799288533 17.632330722499482 17.53128871239899 17.06507464419938 17.41734684564719 17.525575064468004 17.342668085876657 17.43755365983165 17.53678151301403 17.075549336497886 17.249149524532495 17.343577930025443 16.89794610515927 16.84286361094144 17.784133407800848 17.00390072733829 17.00628855195222 17.439934153637598 17.635835586088394 17.045385101516548 17.79639757865277 17.03683630739651 17.012213967749727 17.975776587861972 17.614082853802582 17.10478764011959 16.88779546042882 17.33588541548995 17.41751777254421 17.867567563782924 16.957858506117127 17.64207095110117 17.72751533741413 17.346065933781645 16.48093529097209 16.111312638124357 17.71761218323265 18.050490763093595 17.331516310118374 17.065789050283247 17.256736473311758 17.278464531348455 17.519244321759388 17.42932089455351 17.16537633327912 17.07045317708982 17.412408999583306 17.413310569005294 17.217105166787572 17.103684078057736 17.931550610600482 16.85034789054019 17.77131223936845 16.839275134501587 17.361394041148248 17.55461146229175 16.763769829423897 20.927045052521873 22.244632478510034 22.496070146386906 20.554681138923307 20.97776129893939 21.880564165035825 22.43856609815285 21.563181397569608 19.53758327569061 22.254365887670367 22.325635295777882 23.128361578569393 22.223350732956156 22.493047255348852 21.3666831987638 22.458259394436805 21.037417049549834 22.09933268836366 22.65115393253103 21.261545174944267 22.080790169673225 21.41851725786438 22.369280362250375 21.782348820904023 22.552819356790227 22.26287425479399 23.572167611232697 21.039540860328827 21.05652614429058 21.43720108874675 19.5115784721965 22.114179867750327 23.04742736868907 22.322461837199235 20.699557372593304 23.362607901269396 22.163485228560443 21.31777738530085 21.369804721850237 20.663262854524852 20.673507527998314 22.335279279030427 21.874785149712523 22.05667845249405 22.51716636042621 21.656087168699514 22.621699133269974 20.69264706711283 20.375122911095936 21.75633689708311 21.428349601878317 20.72637619251603 20.949299446339428 23.04140646635803 22.683893924887006 20.578686440395018 22.51305541418112 23.10397895161106 21.477884795139627 23.68345407859042 21.694176254409204 21.587132136395216 20.826174763114594 20.225857389360687 21.322692736106735 21.439927113203126 19.468757788321042 22.106772745342877 21.83765843036521 22.00788014537574 20.707330915835513 21.25993080424847 23.509211442309773 22.22308438166559 20.146358078510556 21.28519665522151 20.591555483792124 20.61297674369152 20.530989481810064 20.62285734759386 20.455993554317995 20.396163251402122 20.57536078440231 20.512235570283252 20.24258376236073 20.53416653021227 20.288327441813625 20.15586104082633 20.20667983477401 20.125058844493907 20.07996242927037 20.343302864326088 20.646112906875775 20.255600880238894 20.50215844887217 23.676206591013795 20.67126263943918 22.17276666238831 19.827582300694488 19.55063595557124 23.334861136044587 21.733478851210307 19.699595094960866 22.88106271835002 21.359190100346876 21.877870118209742 24.83983424670877 24.190935176539977 24.51327364753678 23.94154406439253 25.293384515940172 25.09445126719433 24.269247615067425 23.743682087745977 24.173655804113235 
15.86693454016249 15.484130547506888 15.636808400439062 15.503850992991662 14.747077172143467 16.122205748717146 15.342051066123707 15.326875509194622 15.683911312733153 15.936812679005662 15.713519353552208 14.823468634447515 15.368518285397185 14.819044140912418 15.69672203182433 15.65869117263159 15.205962664264804 15.515160868391288 15.647839535729648 15.42696620929359 15.529364992812125 15.6566042952018 15.231874414022137 15.352237583784186 15.481110416918408 15.04280258609937 14.947766438275114 15.89963186641498 15.087286910246249 15.067255934788298 15.57373388842908 15.728708602978504 15.195060318307812 15.883444127279962 15.158529766705115 15.0915033496119 16.034627167094232 15.651567856903837 15.214680496010695 15.023551084005472 15.445378790037038 15.514057640424982 15.961579842412878 15.116387792704346 15.758789707347075 15.724192302711247 15.447206785946696 14.595991659102197 14.267962914585512 15.795855435708852 16.11047149356424 15.413727069068546 15.234589748672937 15.373326371804206 15.391522595280492 15.61804502126678 15.522274511676882 15.275897506168363 15.201631902641303 15.469139475268083 15.519422399571765 15.352259056138456 15.230448462204697 15.978196833782011 14.949411807925182 15.829945045360953 14.949939107770845 15.446292880823025 15.674494066846872 14.8902479411956 20.094296017529956 21.362369596079567 21.40978186368415 19.628958757763677 20.21309424551923 20.776211018499865 21.429316374135247 20.685502026184587 18.678034303658542 21.23500268650003 21.41158589889347 22.167408573957907 21.382825030828588 21.584416322466822 20.606309305169678 21.460474227016537 20.243323289112897 21.26543693228597 21.68932588584908 20.536977955630604 21.219106482002893 20.576657091597845 21.382500305914487 20.849998966932944 21.478119219022744 21.19563161373399 22.54870110437923 20.05969369638032 20.101750934542167 20.523535619846598 18.645482287326498 21.305625265912727 22.067862845134364 21.2505046744074 19.966485160953663 22.15967842121842 21.334321596858725 20.34716831316279 20.38871903527794 19.79559432079806 19.83985673852952 21.336045117028384 20.676347816963354 21.006942899464537 21.68530440132375 20.834438376730592 21.557774008531666 19.79146608179883 19.548288343830535 20.5963515073891 20.462060034949783 20.00406085973708 20.089740956282082 22.127982574673208 21.846760692209894 19.70636091148567 21.525524332080096 22.152192194217328 20.561892351544234 22.722403008354764 20.67876805921427 20.77550971588664 19.885445644062788 19.32369418401887 20.54479375756309 20.559979483837093 18.446180273006636 21.19109562254883 20.82406021205938 21.11016563064232 19.779626284367755 20.409861813506517 22.38263580732749 21.343925902319 19.399158053885127 20.45828616067832 18.167309118293986 18.15476825390604 18.0969250872658 18.194172887021207 18.05308064192621 17.948505416305256 18.11065967694505 18.10980744810075 17.823184785774504 18.100655219837936 17.859777474871148 17.71557117855953 17.810074953210144 17.70118758738156 17.628975953501502 17.943326672636548 18.231032377300274 19.921737247407997 20.082053071386905 23.435474394919723 20.350563430612713 21.895886736976145 19.38512842060922 19.295035387902644 22.952011353302026 21.44642709316008 19.277667141386356 22.548989946106804 21.064446489667347 21.56338610382582 23.679209293568935 23.026037313504624 23.361121935419984 22.783613452183417 24.0935648843866 24.005166793132766 23.190065652032928 22.637930293977092 23.083754761253182 1.4385959794926666 
18.249620978544485 17.843935997490355 18.054261626764667 17.824491191729226 17.083558808767734 18.522935245638926 17.65069797598556 17.70430149479436 18.09097826936259 18.283559900600682 18.087444038964072 17.14463010428919 17.656893229244833 17.13007981766451 18.039622430526872 18.053623210387027 17.594588103056626 17.914789886137953 18.023051195494524 17.797341897002834 17.925768933925095 18.011312552185228 17.642340155101326 17.69848039116652 17.829637932027307 17.404249216700975 17.30446364815789 18.247231818353807 17.413250207729558 17.47893962250224 17.903312337770114 18.142276416119486 17.539394094494927 18.247423354018714 17.436944675373212 17.48030868206159 18.445674868712334 18.009245243322237 17.531046620169345 17.376367187203993 17.784970376974197 17.8533645593428 18.28267263488166 17.430189124446997 18.107441107313512 18.13473213972927 17.821290079988984 16.991522366903315 16.59801323614881 18.10829530777844 18.570251630731196 17.76103146331603 17.540202665811606 17.668678094579043 17.722633982123057 18.03621960105028 17.924369820240784 17.62705182681672 17.55128563609403 17.900580429333488 17.856568809175233 17.65065423437123 17.5784716459987 18.406706867746074 17.298681790159257 18.316492087215757 17.24123608576858 17.78651939070093 17.99332367261386 17.258926341359192 20.957419135360627 22.149127205539777 22.389574783306248 20.513154470949832 21.105555381836044 21.859893909195666 22.379164730766615 21.482403117479357 19.51458265147664 22.279959017902648 22.352979665717893 23.11270971022001 22.16193211498245 22.455115945792045 21.452488996495994 22.439569609256303 20.949147758884163 22.05932950957547 22.695807875271573 21.338282350230116 22.042589017307808 21.361946160702782 22.449941291700327 21.732868283504164 22.56123433322773 22.26486304359236 23.53295518527942 21.08185174868692 21.011872805883442 21.386838368048625 19.57045396625285 22.072142912354632 23.08511335460371 22.234634077825223 20.78375102330674 23.293567544627066 22.110715756320218 21.30432467304429 21.46471625187431 20.570117912974204 20.69001714505188 22.216431892763424 21.82827696240072 22.019971237491042 22.358511370674417 21.662753600761985 22.655149426552125 20.712576646971502 20.48481299123096 21.741043287065217 21.42492870423727 20.776105066789565 20.980021997083746 23.02531319652295 22.724840321218927 20.595092784411207 22.491867833121347 23.070348887925178 21.355446867162396 23.757168375516212 21.675941421490585 21.558867468953608 20.734676977252764 20.243392438903037 21.42523145684158 21.515083688084673 19.337656017995354 22.05676325606553 21.788117167994056 22.080266494376918 20.77132693760971 21.212695688954366 23.392839460375285 22.199128025003457 20.230221117127382 21.237699235062752 20.94803989274389 20.994037430370064 20.91161193339772 20.99628942323182 20.863842898086396 20.727221770784624 20.919418535943873 20.902692272876315 20.65734024976197 20.86914324237042 20.650280511312864 20.49915496228514 20.61294294297265 20.49423655951739 20.449035053992947 20.730602577831263 21.00558721205539 19.117234948536037 19.194260346028525 22.316400326750408 19.475748584761 21.030331797309398 18.63245819219765 18.255290238014513 22.076752682440553 20.493778568722846 18.543772094954445 21.61453874939448 20.0746866500566 20.615059905478656 25.72367397378568 25.0888248346454 25.38342995326953 24.719454181083112 26.1318137452196 26.031263817257454 25.159508672714125 24.656664102358597 25.04344942680562 1.134704125321048 1.4386860409386444 
18.746800337600142 18.32452362710774 18.51321651626166 18.32678578151807 17.574386594026087 19.010183801121062 18.192217831231684 18.194266480249144 18.496726329368116 18.84853134173813 18.637928208755795 17.672509208850098 18.232545177736704 17.637139556519166 18.602830359250785 18.472840820360798 18.02604845382175 18.37811341608376 18.476408409992846 18.2885391874554 18.37591671688705 18.416088454377594 18.05391057172232 18.22424354684953 18.27585889609917 17.82747878124256 17.79340174282344 18.77915857555948 17.94203420858797 17.913764322897 18.4138798737013 18.557527585723115 17.96517324037707 18.776606390946213 17.97266301514763 17.990310199986297 18.913175246760755 18.553778883638213 18.070263815650637 17.847872992788176 18.270747795638947 18.373260361842995 18.85811053398556 17.931371629095093 18.58027428130856 18.675712796273345 18.29657312777799 17.397109878081753 16.99659337318216 18.700292384423847 18.95581075217196 18.232887454938183 17.989327431667622 18.22226312169532 18.270979378491177 18.449528098999274 18.371875030331832 18.11432433284211 18.017633655647725 18.281081568115557 18.379540879516906 18.16384547658211 18.018613128175236 18.84252302607595 17.796973088575974 18.695973856017062 17.8092748033084 18.333041600697758 18.58103495877179 17.64830164268436 21.326400578573363 22.651514401297973 22.824021441974956 20.961450501929335 21.287796257537547 22.328263204148776 22.89191621713764 22.104906390632582 20.034984627060044 22.57651515856058 22.662002370917925 23.578142167429753 22.620809220820966 23.006543349744916 21.75738660522464 22.785408138763962 21.47550468109309 22.464103247328474 23.004495919214197 21.64585003254614 22.440437373381926 21.861764963571062 22.795361175871587 22.27623023427554 22.92959334149629 22.63844865923453 23.89736110271662 21.43761640728017 21.45746694453577 21.893046950466015 19.936142718621827 22.515040697600025 23.389358886866646 22.602075033145987 21.107952884538722 23.696019926378227 22.610632528570402 21.671919595828314 21.707437581943097 21.10020282181366 21.087449512120553 22.72332243088769 22.164638490593255 22.391656427527813 22.98191937115247 22.10039467088106 23.039996933535814 21.029933814271942 20.853616058980293 22.166333650098185 21.838032600470136 21.125363126186876 21.348161074098684 23.424655582100478 23.116317760045558 21.00503329224388 22.88978832824939 23.490559325134342 21.87148349873983 24.036494320216427 22.096580986422826 22.059948110437322 21.271514914813242 20.632613520925013 21.663923583595814 21.84616803202736 19.92918680676249 22.54429786823787 22.283194693324003 22.41386040077863 21.15805082885282 21.642553360112323 23.972046519526437 22.565463300559248 20.61491416811635 21.752516196095918 21.446542949764847 21.42785520798872 21.35411638618145 21.492899416407848 21.286805713206764 21.215368073163948 21.395405880733396 21.377781597607658 21.051543008476926 21.41263194563469 21.10687282033919 20.99378286879493 21.04704079142254 20.941337368133105 20.90808443235595 21.190298581745868 21.492290004659694 19.0134094839869 19.175848350898306 22.11063546162928 19.210895628919904 20.684862057047667 18.468251393762703 18.31618674973521 21.805933210225838 20.325691720855303 18.472921502798858 21.220217778043136 19.85061547055271 20.443628229839227 26.773143709323897 26.082115554325707 26.44650338767025 25.88497232115253 27.274489391933436 27.021860646819636 26.19409898067363 25.620782137041065 26.088098105996576 1.2303907691185845 1.59348058550948 1.261341629401573 
17.792327182563923 17.36578075218667 17.591516670686214 17.373249494258545 16.648719311123916 18.054518241480793 17.19499010391624 17.256544462522076 17.60254672992754 17.832756384873303 17.670519302163505 16.7070660046427 17.24087840123413 16.695609630087052 17.606535901721386 17.54402656145933 17.119802247291144 17.44759039522772 17.54140311214856 17.333577252193983 17.43212068513826 17.513947169689065 17.185773128456105 17.260647584321088 17.356956278504537 16.93364858457081 16.84925993857569 17.796048759752807 16.967404122604623 17.019219009836103 17.443214640194633 17.64743897247008 17.041332991390266 17.829159308030817 16.98948679694321 17.035204999141342 17.991586469981506 17.566555879452654 17.104059957985122 16.924806523870362 17.301055643397397 17.39280536817805 17.846007708253246 16.9743923232232 17.634722096157873 17.704165053723937 17.331264094338433 16.537113145989167 16.12653687797488 17.686108453596578 18.052753548342714 17.296382262502906 17.05708682186551 17.250150858027347 17.28654542662993 17.558119465425513 17.441193776596034 17.162847324878715 17.08920270903942 17.406263885805828 17.417034656166493 17.17644045923078 17.1236346479386 17.932776162237804 16.85885966553044 17.816697981039216 16.828140451013315 17.350961433750303 17.553185290245285 16.76790272148484 20.535726918849345 21.78784289824958 22.011952929910787 20.12424271443322 20.607502248160564 21.50708330892538 22.028503455651272 21.147265963009566 19.172662590336554 21.868076108630564 21.90640951635583 22.720403606818223 21.77573984110728 22.08882479906558 20.977122438009633 22.01168365471644 20.58202785789216 21.605719817887234 22.24656778902784 20.892948721852676 21.63310852788524 21.003059461635292 22.03678308656759 21.378019831319808 22.165673777750488 21.85880581992805 23.130134551140276 20.685790384359457 20.64024769395303 20.99711241204579 19.18288672292969 21.65318496050739 22.65609507135214 21.84940173020626 20.343691684796767 22.929787922094068 21.73110229286 20.882790168893962 21.012475308097976 20.22753923488674 20.304340880406563 21.88079313593904 21.420068273089818 21.61044938546529 22.006431961523653 21.279288759803592 22.26676751402713 20.2936675218553 20.07765306078537 21.37809078471312 21.029060336767365 20.355111510016986 20.589965461412522 22.63550525911542 22.343743071617784 20.183105044783307 22.10890369650678 22.66367232259425 20.991289596915397 23.315514025485754 21.324268924098046 21.214187028175925 20.39211163843563 19.840570043778957 20.97776851761486 21.06738027569922 19.04077364999615 21.659812319563944 21.398819940379305 21.646958828390527 20.378576449230415 20.841341967613175 23.040400291191816 21.800318300354036 19.810021866379817 20.859238154209716 20.66870137422001 20.67237663063622 20.6018323655146 20.712823537848422 20.52419565881055 20.427234850214635 20.610883942391247 20.596236736612443 20.315074099451763 20.576507598973304 20.348096224445236 20.218332451490504 20.278556588162864 20.179274406492855 20.152815315233372 20.41729640878806 20.702630251245587 19.78173742357635 19.905214948745474 23.04230806496853 20.09619369747335 21.676508838255316 19.289167458879692 18.996646468304736 22.79624778097424 21.208076866622132 19.238097894750506 22.252866326240547 20.73668764458707 21.316445084554648 25.55077363432626 24.9012057685753 25.204533026114177 24.576349246432393 25.976095313221172 25.833183454531973 25.007301788642337 24.469804591144385 24.850108492860507 1.126200237053145 1.4565735464626581 1.0653290014279921 1.2359678268981813 
17.95820278985171 17.531202464566828 17.78265359238682 17.556285512897762 16.841779232566328 18.243275589965698 17.35071944082608 17.43818041919344 17.7721871225252 17.992176756092853 17.87038298482525 16.88960857817304 17.407756277146778 16.875417649839793 17.787945812670948 17.707955345950676 17.31276794216546 17.650842063132842 17.69429670748731 17.542149071972762 17.610023483861845 17.66666043209059 17.355857796797718 17.46004293359092 17.50275888377682 17.130367564764754 17.02820362227307 17.98007671175505 17.15661851928015 17.199374138494395 17.621352932092567 17.83153415405904 17.209951922825606 17.984614815435844 17.141912250348582 17.24059010862952 18.17154789762843 17.749599574066917 17.30134622173517 17.126843932383586 17.461306130275087 17.544768388715745 18.010584865997295 17.134742317737157 17.835475168135318 17.905310951713297 17.553803406003738 16.670833400344375 16.318336986946843 17.85136541734613 18.22875367665021 17.464453331343066 17.211819896114253 17.43075497939758 17.464189909074058 17.76753128781342 17.64329228346316 17.34581199567193 17.259032398745408 17.60016624762052 17.59858730544677 17.349809207451596 17.29825179775235 18.11273075822608 17.045707683961872 18.015341748910455 17.01127225406311 17.51326945737009 17.723709420992588 16.92466864023744 21.50381743539653 22.731319061150256 23.037053898967326 21.12856431689979 21.66377410290376 22.60206177942237 23.109835951710217 22.185329407019445 20.168946418790792 22.90965786163293 22.965699394562467 23.744212323409766 22.78995857750685 23.082639751756385 22.015576438468823 23.040287450866373 21.597780085641 22.556228446874684 23.26928498129084 21.958218104822997 22.656624389180397 22.064503589829844 23.06833105216927 22.432367353365223 23.172617634779595 22.861102429650703 24.163138092207937 21.679564208726553 21.661250218307817 22.000037540552963 20.127406062590598 22.585174070301086 23.720161194210984 22.818402633616717 21.378309768873706 23.894479696472597 22.737651490389954 21.86210141202316 22.042603141869126 21.19894255447063 21.340202403325613 22.932942196692622 22.37227368041394 22.599450435701414 22.993761840543254 22.279843225765838 23.321402984301443 21.264809260808928 21.121595615707722 22.306275357332755 22.039121221185905 21.41719194756872 21.59133680361821 23.68437664046883 23.424132442612677 21.159852730082005 23.163915880234963 23.688701035196463 21.952854495081322 24.399041404426416 22.35500576788522 22.271836137333548 21.3653071923636 20.744897487935496 22.027896009096178 22.096469964612115 19.911994373746232 22.616895003928235 22.361455931166482 22.70412354825269 21.359477214507667 21.845179391692376 24.06563711600554 22.825800620181436 20.723095693014457 21.893646889678156 20.87338454816372 20.887804286221606 20.802928930567617 20.914042753134773 20.697648515170222 20.640464464815423 20.833025164834805 20.79496626358974 20.507366593503157 20.790952306138262 20.551012820848378 20.43953188249336 20.469681613586143 20.37997803075044 20.381763952950028 20.600720702603436 20.894347823900524 20.042143790183346 20.165783405253055 23.20869032502192 20.306939907695305 21.878366576410777 19.58704965583661 19.199938273945527 22.973835890425697 21.439730595643272 19.442489471603494 22.472032051958177 20.929388385645872 21.534242419820536 25.20261982999275 24.549498830071688 24.863840929092344 24.23301831613127 25.651700860002197 25.448482307258008 24.658989881537412 24.13377983153684 24.472841424060782 1.2534514727800181 1.5886725920289757 1.1788295391178791 1.3454089881954923 1.1963488342948632 
18.90284063804949 18.500839862045872 18.700720373140925 18.46438286253934 17.756492992979336 19.18900859152366 18.293643250471376 18.376138435836864 18.684396353000796 18.925275039540594 18.871773113982034 17.84452872214271 18.35834895306514 17.811401017987876 18.756644468567707 18.63665928282803 18.218285529852054 18.596784703088577 18.61655786236367 18.47075317312378 18.541829463552105 18.535505267978696 18.268868979531 18.38958921074434 18.442587646373216 18.029252780141434 17.966822840503077 18.94079790172727 18.106835555822816 18.124338544559873 18.547278080857293 18.75001970831338 18.10527075589348 18.914664027858773 18.082029502549496 18.217502430307366 19.09012445494578 18.739777135780468 18.240098667458565 18.07975245694684 18.383994421769376 18.492100881678827 18.95447653812142 18.05747237813603 18.76204111284741 18.87364134378594 18.49693270865788 17.57720222545594 17.20503106042718 18.787839890579583 19.143036222717246 18.359472696823065 18.096261570520337 18.35612032989008 18.47158205787663 18.67553620071078 18.5516347964585 18.266966836039686 18.198416002309465 18.496351085838338 18.53777725820765 18.255978706840438 18.216539357795583 19.04786864359383 17.993177954939437 18.94143633148087 17.919775061525545 18.486128749499134 18.74463345228758 17.806859911670855 21.010417995046332 22.25727517550393 22.614657381790995 20.733708636905586 21.146606370995826 22.20676600347181 22.628958307271773 21.724362618252403 19.7439818616077 22.391659660483736 22.435195680961282 23.206309867951703 22.30924754430231 22.607732821313398 21.546832431358503 22.57198877655228 21.145719384490985 22.121461070099446 22.72815827394688 21.391762272653153 22.1747358486292 21.54069980692537 22.546787608554812 21.948722232531527 22.72727391339054 22.425023876162104 23.63434114145591 21.25653903551697 21.226938468037847 21.5706999296535 19.7105135636536 22.135551697329564 23.18257846818913 22.407571217043277 20.841502866093542 23.46679225081787 22.229856383807356 21.408958979046375 21.57150629390541 20.85719746421579 20.884068534303225 22.47114154274553 22.04378389634619 22.161115408530012 22.541542399681 21.684623798930293 22.764851061197437 20.77268621730909 20.678994270455384 21.94212760152882 21.589134814551016 20.89406996915711 21.176691920421487 23.18108794464583 22.830260467472268 20.723304106864667 22.61509390459738 23.177614579053245 21.58172974288562 23.762992468045343 21.87274009708863 21.75000595869321 20.99171024182165 20.352001004298796 21.46798657773704 21.600965292275923 19.628691928682837 22.16870250905149 21.999527874831507 22.10595665849759 20.926622938934642 21.324366547862162 23.628422479482992 22.263886191858152 20.2480256677922 21.438725159829186 21.89882693128901 21.914499103353776 21.80807039814184 21.936314616307314 21.702685185201805 21.64547916665499 21.86540954041597 21.81977761385189 21.509611926015978 21.85116435022546 21.568669595294594 21.471522236392698 21.489564851378283 21.388379819272725 21.408495473163413 21.598357555039158 21.91326265310643 19.261760741616477 19.34811481725602 22.229341001646365 19.42792990557168 20.95879914112254 18.757139162047345 18.46818424164466 22.088877055464824 20.549659199547726 18.777481560156776 21.47265914624479 20.091171356783818 20.657638353051123 26.169099388417862 25.52603210158731 25.794490941036486 25.244257552408826 26.648515063366926 26.353609890237358 25.522865347993164 24.985327310462655 25.435019890041822 1.28528669972862 1.7382439454063565 1.2559776652432084 1.2952602775050885 1.2487865597301486 1.32563932142854 
17.73695963729999 17.297090571197458 17.55714201449132 17.337022084853498 16.527880969244137 18.04525133117021 17.15239599316587 17.15302387919064 17.563071704500157 17.72593768113883 17.60833066205093 16.57313698711267 17.17794432071475 16.65884241025983 17.52309419828957 17.54150786045037 17.078247671228016 17.400635981114107 17.49905691832783 17.289396560043066 17.418777728135918 17.55075770545379 17.07153661259762 17.19399999659685 17.342633383027817 16.925829843424122 16.789361462925058 17.739400922698444 16.925795441084517 16.992525495419127 17.388956259926236 17.6592026584376 17.048969746769068 17.704807925596235 16.94446283244411 16.95724808414468 17.960812689591123 17.525826605525115 17.027466959349947 16.86280897616568 17.28118850829387 17.340175280079126 17.763253592037085 16.884691200092185 17.651059606377515 17.654474255562715 17.332241305365134 16.42127149244489 16.127039979399026 17.584834908728556 18.094707424653706 17.287624531447598 17.044308077204416 17.144327445378643 17.16682715424189 17.563014558205275 17.407709458123396 17.117828011003535 17.036234224833397 17.45941728867685 17.330475293199704 17.148140640711816 17.10459536834668 17.923617349501633 16.790005607918282 17.828482172711713 16.714664588207807 17.25971742161688 17.437069426507048 16.77057927515063 21.790671722430016 22.959646044123012 23.30160455617624 21.369480011805738 22.107575740490066 22.69153745070878 23.191702990311402 22.228234083300507 20.254518394321686 23.181842141783438 23.296983867217772 23.918822518833835 23.077691541596934 23.202691839415426 22.396539233012795 23.360688662786337 21.822066981196723 22.975026401927863 23.567927348362854 22.261486970108077 22.985836767287026 22.201687615939903 23.245184796663583 22.508997714986275 23.38706299012357 23.08736107745439 24.443481083570152 21.918329628098455 21.88368939805569 22.20154324649608 20.343017104307098 22.931668591820635 24.003348336953273 23.157210282292674 21.671594318912042 24.11987568473925 22.952051776643746 22.158941470452934 22.35409294808298 21.447063624756368 21.55519924111321 23.07556412745067 22.700301959710565 22.89161274807453 23.201988453978856 22.406968222630045 23.407822597795793 21.56089457641124 21.301924419897286 22.486810685855755 22.211880763979465 21.7000582282096 21.876254898497983 23.93614389414786 23.577495185382762 21.404021078588258 23.3450196366153 23.952888670032184 22.24874838741786 24.64370815426799 22.499833356514692 22.375141791739562 21.53178870839092 21.021343703828425 22.36459170006929 22.370583063618586 20.022767595373733 22.854737490656802 22.574583892743277 22.88509803461784 21.531782512796028 22.06970983112898 24.15969585939056 23.091812862187002 20.987563593747467 22.06818379595585 20.460292801579666 20.53621242860114 20.439258320948387 20.49368024280782 20.362506557778122 20.266215658993016 20.455304519874502 20.392077700842563 20.173900496890845 20.373486415602613 20.179980995313198 20.025092478596843 20.102781620689147 20.01562659669814 19.978347847756993 20.22670889823906 20.5201536862976 19.894536857760272 19.906447303605944 23.073999249737252 20.24701690616043 21.877195946463036 19.47642797716634 18.96706210897522 22.892827704428086 21.302028991478753 19.266010896223715 22.497470357527913 20.922062855159737 21.381322478932237 23.538338389454527 22.942707913513225 23.212741075436934 22.566901446707504 23.930441852394836 23.81818553802627 22.96547512475508 22.520289860455698 22.88175298664068 1.125007194755331 1.3947082326710418 0.9703831840381051 1.3455050384210083 1.0870998275542683 1.151505181343222 1.2754159399183613 
16.375304013152636 15.966470358700136 16.18225834270413 16.01193687051571 15.2631481287514 16.663381713450654 15.809350954349114 15.846230293716886 16.203123995432186 16.41706254307751 16.278624697593393 15.321062687913052 15.865283804482647 15.332522061467403 16.22403034450892 16.14748970175709 15.734783501992526 16.059651606072183 16.13015875113702 15.962052747806018 16.026249536774305 16.133882733987754 15.758022209141238 15.892565831800717 15.962454897788039 15.57767400207788 15.459368890062246 16.423058370210434 15.599864163163621 15.601531936098633 16.075048841182976 16.25285180431634 15.676503467948832 16.412287583425112 15.621317629364233 15.633186158779237 16.582658541976805 16.176547693200476 15.744558102059296 15.564358177154507 15.906874832535934 15.986754124669778 16.457533938673393 15.586351387878613 16.289073673691068 16.291546211522096 15.979697141484875 15.079268315217465 14.786716786870093 16.296812759495815 16.63170841003887 15.916731732708014 15.700136883121147 15.898249513840618 15.892356266255137 16.185761974216284 16.05272638803582 15.781917675921447 15.700967229532592 16.018627168700718 16.040475080067193 15.819563835921223 15.755001770095133 16.530850665807105 15.472984192466848 16.399537696588826 15.461389711594315 15.942930143190953 16.15341208838922 15.380395903557345 20.81083120250722 22.058819621094024 22.25494695372535 20.395598240369853 21.03199284241698 21.725238564747112 22.310664773037487 21.45569718434118 19.443279735300145 22.097385245909773 22.247466743140528 22.98985555857302 22.136389193068528 22.34206296509382 21.369512661136575 22.289801770694663 20.97123091392066 21.943642499927908 22.50361632492772 21.308315701356477 21.982138880119297 21.369365021098208 22.24341785396033 21.675788159468688 22.332711446504298 22.044661718564416 23.409795640894888 20.910102557252895 20.91850041550921 21.280923071417746 19.38903015760421 21.939719335790066 22.975289738973615 22.069474679806135 20.720322644951235 23.03835234283014 22.07387713769016 21.116370871264497 21.256065257054328 20.537670224101326 20.623929994607934 22.183979025469174 21.509659192360797 21.80204530217852 22.36813248609333 21.573619590861938 22.452649392820064 20.560044790945884 20.37370642556012 21.429925156385682 21.249745593960462 20.7930391870207 20.89937382593175 22.97390206254503 22.705483597249987 20.438766092983744 22.397745736314043 22.960126676457048 21.282016822866677 23.617619328264368 21.546087845408593 21.570327990930267 20.64489240676682 20.02928956709799 21.363329299530868 21.34284648495199 19.129042192285638 21.892646539321053 21.578553851175823 21.93391978035815 20.56380026254014 21.1709052962599 23.21330585707128 22.143790406284364 20.059913332424596 21.208921184910043 19.036126908508486 19.03056102010316 18.96085174197465 19.06240079793808 18.862361164843037 18.80773942657682 18.983310242555657 18.954674552918252 18.662290892143794 18.950996594277544 18.71875285747185 18.596673710110625 18.63162263628161 18.54615725135135 18.519594031711915 18.767695968797305 19.07262581257871 20.530748577390494 20.66443188678919 23.9397064047498 20.883962204237285 22.47839976178552 20.03674134365287 19.79016920599206 23.562387185625685 22.037203211753198 19.87992010286539 23.12612418779299 21.578620547374243 22.12522914076424 23.13794994379767 22.492327496825126 22.820647812391766 22.212812195283956 23.57464338355167 23.421458751329954 22.6380720049239 22.10780240087456 22.47959373727541 1.1928743360729015 1.332428574458353 1.1730119577936216 1.3554595860794825 1.1913004255221267 1.254294764613845 1.4106663226372864 1.0847161066057849 
16.740394238306454 16.351821489774142 16.54356392820343 16.35813564248946 15.62312826654352 17.026127251345 16.181778991329626 16.21077450932995 16.56072752273665 16.775618999419088 16.639499036934353 15.695472015143512 16.213841684014664 15.687090551771561 16.574550176030503 16.534079780748783 16.10377601448076 16.432926760315727 16.501199508591238 16.32776712539311 16.419183263354498 16.48898933639693 16.115081100175775 16.24348072448334 16.337169497019097 15.933410236324189 15.834256674538613 16.778663685696902 15.970849579817624 15.979207498840019 16.42882491599914 16.629494094144217 16.047631583922303 16.734578101738318 15.982806475934494 16.023991758569068 16.930484514806817 16.550127059132034 16.090814608775997 15.926945613030092 16.29699067213795 16.3656127931691 16.802998856567935 15.951475672736674 16.645978118551085 16.664105625396076 16.368852778795485 15.450755691524412 15.148018287606394 16.632686328333698 17.01893991233339 16.268228202866926 16.05135662626295 16.214666285339234 16.269502797861076 16.540556237188348 16.4229558264099 16.15016129654924 16.073518466979102 16.386428123642904 16.383422234623787 16.1878978859343 16.100411585834582 16.881709518234 15.841409372116896 16.776194605400654 15.795966097580614 16.314597081103884 16.546404967551585 15.7469538538516 20.782105962514315 21.987280298718414 22.22269935242701 20.399654107510152 21.018632237027646 21.700845400412387 22.234976179924377 21.392075128552612 19.39487154750176 22.070654817542906 22.212200947924135 22.89889230806892 22.08852733632973 22.26883580242431 21.37232070285074 22.259642355093963 20.931834158239926 21.93244267030717 22.45795039113722 21.274466692509822 21.964594309572533 21.304460688205676 22.178306990236955 21.596664140989862 22.293022395921543 21.996441135324567 23.325625972789428 20.85627239873 20.887734753485805 21.246515190532598 19.36344249899987 21.941962916714555 22.879229130869813 22.025236967053775 20.691344573825667 22.95966220142453 22.00323275227307 21.094162998511433 21.226136563611142 20.51688884631388 20.603403726138012 22.105769381009562 21.527114171860845 21.795016458509792 22.316765372006735 21.47187345078161 22.363588272343016 20.505097970815207 20.34668202535057 21.38606533861162 21.228714747057317 20.74211201074225 20.85391953752989 22.88690987078461 22.59406005993568 20.429939659065155 22.30014731915381 22.892001117722142 21.269528033582482 23.517720661630786 21.475015829483166 21.488225481571845 20.60009245438355 20.007219065554473 21.30995749299741 21.341457535393744 19.115074042048118 21.868200560796335 21.567234941198848 21.872130786458733 20.540962276172966 21.0991013039531 23.162969655771107 22.05590597752376 20.021278034788544 21.169248969622558 19.28190946241924 19.309783232285046 19.21984712133598 19.315735318612113 19.144280818525697 19.065890273850226 19.25405232079962 19.218943432971002 18.945971861529934 19.224395997711383 18.980732686223956 18.85710070419145 18.916043146763535 18.815899878096843 18.79433270135549 19.033141393796456 19.32560411353393 19.252993073237686 19.34025206380765 22.451805475836 19.556512539518494 21.106987039767496 18.777371116671798 18.489586338448664 22.150988526041928 20.65835029523217 18.63301472573058 21.71971385177916 20.239241803064136 20.74632322433282 23.938424179837245 23.303737671129035 23.602649815654328 23.02135018966569 24.364202869797907 24.20458418310229 23.39372440791655 22.874712500307584 23.28315969108452 1.2424000977314456 1.4146714822596258 1.1730962169523285 1.3549219152434846 1.2184965076257757 1.2822827319020977 1.3691527651519224 1.094874351399052 1.1662488230246544 
17.591756570483973 17.159281324988584 17.422651441370927 17.218394561920825 16.449694734761096 17.897234235461028 17.033526051210483 17.047914132949366 17.36099037054162 17.64421449104625 17.55095238399335 16.494539220910486 17.107754679511846 16.572887488053254 17.46379383866902 17.314340135632413 16.905051222344195 17.274339282217053 17.301304805931323 17.20027104788561 17.23823143256066 17.300388558089626 16.903013838790404 17.104862998682783 17.115681500026565 16.74560700854912 16.664134222797202 17.6164749599372 16.836464963788604 16.8276805258408 17.25753459429268 17.451181224849645 16.835352234965498 17.604927561987484 16.81579445742905 16.875811689368913 17.799594803787713 17.440721876215896 16.962230489976154 16.755299985091177 17.108223237519297 17.190626733357153 17.6679070913477 16.752872950440906 17.48713648201987 17.580860896935306 17.21232953936703 16.249130906924584 15.951982978467885 17.522626630018305 17.842554580838407 17.126468653586134 16.841808773339395 17.098252981530997 17.112065794516475 17.382957980195407 17.272263376293136 16.98579700655715 16.880979427109033 17.240321078322484 17.247571732685508 17.011697985356225 16.92767092599266 17.754032136573745 16.69037714234278 17.612812889231748 16.675897052455298 17.163867983654853 17.368659517521642 16.54297258910923 21.68890299292486 22.985910235228083 23.34358345181244 21.37613932854238 21.85381256487409 22.847618402780274 23.3783287127909 22.441588633590065 20.376607648981203 23.118906578403877 23.202200320672077 23.969816366943473 23.053554699343287 23.302211395550156 22.21391184157092 23.29900889029519 21.87770068098743 22.81725109341264 23.47432881257664 22.15179902122659 22.91392903067045 22.32431963578644 23.229245831630834 22.683289326798416 23.381816739037234 23.08466352444512 24.427430425847625 21.8674603598692 21.909112363752907 22.252007258936967 20.273704974109688 22.81112313731318 23.951950467365446 23.102095744982144 21.552276591183904 24.144083599940075 22.98439692392277 22.09313482620122 22.22408005944468 21.463326856760524 21.548820977365693 23.240812520988346 22.622693694109117 22.84313318219903 23.306724552277053 22.473463751708298 23.516170138561893 21.471327855688976 21.268563701841465 22.49484870452875 22.25741350650999 21.63050497742148 21.790410778092422 23.931932742371885 23.622759725043714 21.35757711818358 23.409523428652076 23.941567626536038 22.242494731984994 24.597001087473128 22.572917945200803 22.500770466016778 21.627252644920556 20.919920970408427 22.205331004435426 22.274832743752974 20.144718174442357 22.847670314483864 22.598989976982555 22.886190535366328 21.509408637677645 22.08816526626384 24.351910679856783 23.072678075012092 20.844005898756272 22.14873775600414 20.54581611989748 20.563075368447905 20.466978424683937 20.5694787595626 20.339298930769264 20.34418697152756 20.53649701376538 20.44795887788745 20.15445034444619 20.489076621454338 20.229897437941034 20.13052467992758 20.119821725633752 20.056058083463274 20.05990585346152 20.249783503379298 20.56986779011245 20.816397974024994 21.06863802835001 24.155676249420846 21.156465406247314 22.67115092338256 20.42299988905083 20.05723470210654 23.83092753238855 22.285989435537356 20.202592356242203 23.39362781786486 21.83630926725075 22.406927936032428 23.97475911497242 23.32035504197429 23.650778173242337 23.081033076545175 24.46223689790878 24.173705057158422 23.411623745848743 22.88949389764357 23.258217833134594 1.0767946555512335 1.4392307509267102 1.1334042044584542 1.2057859088114644 1.1118007215596857 1.1423980008971164 1.209977753862916 1.0654949536512437 1.0952634082278614 1.1633506731957057 
17.428599445700204 16.971059990911524 17.2213096279825 17.055440158964913 16.241802156275682 17.723620532587606 16.89740961741947 16.85116436478237 17.19373466278943 17.506425139925838 17.326780307911413 16.311413041398296 16.952459629697586 16.375984846865233 17.29040588906313 17.166241682193483 16.7267587687172 17.058318637514343 17.163231226729863 16.982687933642435 17.059350367420258 17.179708189517385 16.710860761163723 16.932928530784306 16.99221616377232 16.567264629845777 16.488802695413366 17.467143003960498 16.651128281678897 16.628531863351988 17.112859601118437 17.272967887432834 16.696812916971723 17.46830738048242 16.687590563922377 16.64477610076275 17.63632830856061 17.24512002032477 16.773521805429528 16.53802560313362 16.968163013207665 17.059838686748027 17.546264398495836 16.604905857963722 17.31568127684992 17.37850950783362 16.990496917032665 16.067458513741993 15.759078999542476 17.39438585202208 17.669820698885417 16.983122592877674 16.729002903891793 16.937638154280545 16.894054801526764 17.18353996435203 17.06340363107268 16.8154097579505 16.709602909734258 17.04303556023894 17.069919815285388 16.878297016578497 16.75935285665401 17.565966112190416 16.490210005285544 17.402669598757047 16.519753994661748 17.00074709745216 17.189861246438774 16.395770695552724 21.709127471456206 23.02391802670452 23.231917471219802 21.3116882072352 21.831578164073587 22.653143857454282 23.24756032347556 22.405852036720834 20.33449317556729 23.005938714765296 23.145902942883 23.97149440404262 23.06831251820067 23.314590575027818 22.207863336700097 23.219229639017325 21.89103085833928 22.901190667815705 23.425147769301287 22.12080182965869 22.90016509521728 22.270639045421433 23.14670003241228 22.61243561417373 23.26927644076302 22.982848731501914 24.36694472923512 21.811286261064595 21.85159708487994 22.23204612498192 20.245873619408297 22.891318580033584 23.876448805607183 23.035182922573835 21.548192071644316 24.05780057563978 23.015665465772805 22.05165603839044 22.117021010381734 21.471414131883666 21.46415914860449 23.120703412221896 22.487606784602658 22.760051933517317 23.368741937235058 22.467777052485342 23.377050264425506 21.44482376937838 21.190872537595048 22.42762058911027 22.149198767712985 21.60556053767154 21.76022957333945 23.87604183693777 23.565349766274082 21.34128768531486 23.323886841118448 23.91687901522793 22.258515728666563 24.51512437858385 22.466842703710967 22.441048088964838 21.588438489039365 20.947598398613533 22.170888676879798 22.222323946329425 20.112903505723594 22.868758784628188 22.55403838480733 22.81347178050857 21.444718537407393 22.0761770071172 24.254568247686 23.04500828350009 20.94521503384852 22.10835369706635 20.163808853071586 20.155735971204777 20.089228640809775 20.198693477409446 19.98969971872371 19.958263702985565 20.116743125896814 20.06905393267282 19.771905493565136 20.09620965672896 19.840876246689497 19.71969752522763 19.735115293781263 19.66825447832562 19.631601526887323 19.900941387561502 20.21333920920494 20.35016402906362 20.49893421968456 23.64469294523924 20.62387688834179 22.191616603639968 19.874194663720374 19.615932644478054 23.31148260126836 21.79619184543821 19.723506137192057 22.825019707871697 21.325102560613452 21.868276518397224 23.893526901806958 23.230876485138236 23.601718169287754 23.01460429482176 24.365427555109704 24.166692259768432 23.377535982271183 22.847369776684562 23.239370198870574 1.082284943354022 1.3369415933511313 1.1238428829892828 1.184134248117117 1.1214030285078271 1.1913526005741282 1.2803456593824287 1.068540689599657 1.0692002427844995 1.1442014519710182 1.001552935516562 
17.397820539597987 16.98275680122898 17.211719080047278 17.024210736315045 16.25610238792906 17.7017460892526 16.833592258466588 16.85271563938924 17.208928657520183 17.440141263691103 17.295221190604124 16.318177664051696 16.86986316405229 16.332985534505923 17.233798310392487 17.182455155751402 16.754598713149548 17.086805216836627 17.148611283882207 16.994029957335563 17.0743850750602 17.156528204718764 16.740147364136675 16.90733765601938 16.970270103710146 16.58934486578168 16.474481423153808 17.441420489305507 16.623630172169786 16.62460428746235 17.08983315031491 17.29215175663887 16.700772631096903 17.388496551666492 16.627381124396184 16.664625174705158 17.602847634816122 17.20541694104874 16.74828014857398 16.56520978760228 16.94725135728419 17.011319431522253 17.47175408487639 16.587331567746322 17.3221768160321 17.33247145980203 17.037504476534075 16.053290090858315 15.784415514845893 17.302212628197754 17.691405283614344 16.935268286723385 16.704352638083915 16.873201146382417 16.89327301605718 17.21326287585486 17.090186691718117 16.80524816422804 16.707790845542647 17.05962428808433 17.038302988589216 16.84976496390951 16.748548148562033 17.54957467067407 16.48063793853864 17.443879022427723 16.452940639549595 16.952834037737066 17.174703028814847 16.388697450873153 22.017925526724902 23.23015487627173 23.502590157482523 21.626797615102515 22.27620865789765 22.98718384155338 23.545605143794024 22.666427176020818 20.611074190105775 23.351907011187272 23.510015681158613 24.218086896973883 23.354991823798315 23.551339029033077 22.626838350159634 23.544560579488067 22.171756700817586 23.1745062545211 23.760170267975166 22.544929289197032 23.224446103695062 22.58018036914911 23.477975817328485 22.893428068748552 23.56871595442609 23.274480613876644 24.64139295150099 22.10600563631926 22.140303019360584 22.50909504570777 20.553044371371108 23.15987486802455 24.206345332195617 23.27494393598399 21.944376510955827 24.244860230215 23.27954522478446 22.34567751840039 22.49890393264931 21.719256865652994 21.837789218635816 23.38978418842278 22.75811208220921 23.053759229474167 23.57614724777058 22.749052755946447 23.68473480615624 21.74403435006249 21.590147369544493 22.626096835297755 22.47632732145098 22.00117643379995 22.086352533964224 24.19051141971759 23.908495091922237 21.654686574016193 23.615023428049295 24.200267270057545 22.490012176197766 24.873500149723167 22.751537138450384 22.76171874363157 21.824737475354105 21.197530791579126 22.576464847930012 22.605615776472163 20.26625965034834 23.118245780747277 22.81202120863942 23.175289343194162 21.768059685892162 22.352600233733448 24.476254481957547 23.34177340999681 21.22472640763459 22.429529539164584 19.976273861265966 20.009189630357586 19.917945512603687 20.009133159299836 19.829003063120112 19.773955248211433 19.95859390372255 19.90765161652401 19.63233391884822 19.92135750813034 19.67012647928862 19.54735613312601 19.596738859972024 19.50592708207353 19.484808237234486 19.72221031808791 20.023252134700726 19.68140522483361 19.768705871956673 22.836345747437484 19.95768516247919 21.510093355058036 19.222142432207885 18.852478224966337 22.531786227603057 21.0645235832209 19.006227263685524 22.12958641453318 20.61487857623256 21.145827868149848 23.91013398818231 23.265700797888446 23.598768744356 22.991184233992513 24.362145393299517 24.167516278417903 23.368859013101243 22.867384338258905 23.242340700810484 1.2594798693714506 1.460482093679712 1.1820745894174285 1.3645468319399754 1.245560256837131 1.263450200957846 1.386425165707303 1.0741094943444451 1.1609402854031028 1.1921163826340102 1.1285107129726086 1.119927508154908 
17.077307795355512 16.70059661905169 16.89857008575483 16.675833975640067 15.962775451934249 17.36394113589679 16.4572506256785 16.562862313608978 16.96730125973533 17.07302999043985 16.953950713409416 16.014438744215823 16.483822897535966 15.993530972421716 16.8824688857764 16.899821802213243 16.46826611492488 16.790673243285198 16.856133986825302 16.658096570232342 16.75540028903939 16.84661019589566 16.533116023098792 16.556974499345454 16.682373344742246 16.298086490063643 16.156408941289502 17.102122163168335 16.260288938499443 16.329821459282037 16.75260611438389 16.997130828615425 16.39324047371109 17.09092873705397 16.267567976648117 16.342091197894238 17.28863267121354 16.848359590571885 16.400442268663443 16.28523392097374 16.59351653981926 16.662734022588232 17.095544892217447 16.27543696942581 16.979918553229446 16.958965736724313 16.688621642814358 15.844542648081765 15.507764108258394 16.91804714507851 17.400317897505214 16.592427683650772 16.392181922552684 16.54158872820886 16.5938168488826 16.92616336637397 16.779688861938954 16.472625423162587 16.41668773664808 16.7649570406627 16.71982035637636 16.474322182679856 16.468451598079657 17.270398749585453 16.165713272895772 17.186617029565035 16.08253513819958 16.616492652762744 16.829604966708036 16.11708645276668 20.29091738229172 21.447416825002655 21.706499028172217 19.853474657478614 20.5842474733158 21.207863906667313 21.716001649958862 20.788532098253555 18.869565545661786 21.619373752645224 21.728701387291775 22.40412435764591 21.51682157490546 21.73333347356752 20.87131385212147 21.78592417293065 20.3155337929204 21.383899233688705 22.01793107582379 20.765751786521616 21.400200995017492 20.726783269019318 21.77791640312907 21.060955281924574 21.871984101630247 21.58471702170825 22.87070099039648 20.454593185944915 20.358504508955207 20.698088444776346 18.93491014277179 21.35918824455237 22.4833457089565 21.570624953895273 20.191621730543588 22.56385237357466 21.439825263274027 20.620495172847022 20.854534167973608 19.935820947160757 20.089806646545277 21.57295918030747 21.11088346915004 21.310761333971552 21.64798883846755 20.989182905374793 21.960279315070252 20.08142997026752 19.89993344338049 20.995894998934663 20.748592399278326 20.234315665012684 20.401247569173968 22.41484580819291 22.1288135840655 19.925000305872892 21.84381910061152 22.391217626984744 20.67292086202838 23.115263182261753 21.017297614847053 20.941877666181394 20.066002003288254 19.56363180305055 20.878194490659745 20.85711063530743 18.58804772858654 21.319176334379428 21.058919772477676 21.421408934272677 20.10376228895291 20.576054055278817 22.611506056285315 21.57537891476588 19.559575104127244 20.593798303113513 19.81563131627758 19.854306197432685 19.770215324684987 19.848289281515623 19.695410956280508 19.57390241879449 19.77774252515963 19.7614246370543 19.5113710497031 19.71440221360888 19.51831465157507 19.374309559999173 19.46634319624142 19.351638141053122 19.324247140781814 19.567504363885003 19.856298911856417 19.98668250792371 20.04969303886533 23.34542618071224 20.406288099336642 22.017981938261336 19.490184264010573 19.13077350264394 23.06511033644014 21.456816297591057 19.385955139932022 22.637575861026736 21.043704287528104 21.572649006519327 23.915416526421648 23.30324765316139 23.564343485731136 22.896083805665604 24.306059093145898 24.219506494993748 23.36920883394097 22.872967323175864 23.23762997155142 1.1474232568156522 1.3458009045905874 0.988440213165041 1.3591586918361065 1.0772893425607453 1.1679266582251027 1.311697541944663 0.9043712288458786 1.0634787264657561 1.1133644553674729 1.0994295131309846 1.100738608519703 1.1246672802413258 
17.7744265004542 17.375256661785862 17.580742991702454 17.356976699124232 16.655607608049316 18.053570202576626 17.18604175525289 17.259846524419896 17.596915796724897 17.825271177908192 17.697126182419993 16.735153469195918 17.23204493846206 16.699964314784264 17.63583333710274 17.535021435845625 17.11803316848751 17.461318857624683 17.51753236053004 17.341562273960292 17.414388858687076 17.452481209038087 17.179967158378513 17.277846213008885 17.340066280512833 16.926621722584695 16.86407201027515 17.809819950953372 16.980012024309655 17.008402401899954 17.440383594284505 17.62935335639052 17.02109066830787 17.832938529936918 16.97653438680371 17.06288577276595 17.9752890912663 17.584394499953305 17.11491534287409 16.954452757502658 17.276860822979888 17.382178587663283 17.840540746535847 16.963443652798908 17.621178737252947 17.728190582639535 17.346807021646725 16.52157857880342 16.127675961187684 17.68432323465395 18.015598417306535 17.27170080961998 17.02733207525327 17.273307214672723 17.31699186085966 17.554016094956644 17.433884335057286 17.159043603519763 17.090279057115605 17.378589756179544 17.428912941300133 17.16080749955827 17.110425721591515 17.93196899072869 16.871579978800224 17.812267362461313 16.83836190423056 17.361866728558326 17.579786036496774 16.74433732955997 20.099911902283406 21.352756926647082 21.614870401415704 19.74735512397525 20.225401439211325 21.186750681425725 21.660348555427777 20.78631247552785 18.83059257658902 21.433496562572742 21.49400939737419 22.316949915627323 21.360590290144458 21.68651148818393 20.577096601632938 21.597623212286077 20.214872264232476 21.192439626394133 21.797359218070568 20.460226961184656 21.213810312336346 20.621091880144302 21.613124362382475 21.00968402251182 21.748933625011656 21.457954564554726 22.70703676804264 20.318729536292746 20.268799223329967 20.61327622710183 18.7859591897502 21.19971125330851 22.26019257913064 21.44202390057616 19.921013332571242 22.521290656634616 21.316389977998803 20.46424861792112 20.606325214505844 19.877128649708045 19.901677962118114 21.503524251150136 21.01346518848444 21.176750935025478 21.612053656175867 20.835802531449083 21.852453119824055 19.87829671056665 19.70672522988268 20.985736333458743 20.626839103692912 19.96790888511785 20.21012291696449 22.219412737712965 21.928271452890755 19.785425791807743 21.70399290738556 22.23307162003492 20.605507667604268 22.859812747669274 20.924446524105445 20.8137895399528 20.030375620679923 19.443112031304832 20.561542039899635 20.643396280149773 18.664408341978 21.226463231175195 20.9991372477044 21.22262763112642 19.975614370985447 20.429491684115078 22.64053764921931 21.37444801218234 19.381151491375515 20.469430010368356 20.741002824992385 20.73986101097968 20.660930733550405 20.78783605787337 20.56342818158023 20.489508926204017 20.683682475581364 20.663563014806563 20.3667280874553 20.662734751054472 20.417159339392768 20.308752900709724 20.336073521937895 20.240712557199007 20.240396856092456 20.46600955746266 20.764173212481136 19.464771414325284 19.59422285999217 22.675500723650263 19.732004998857704 21.283471630004623 18.96211071996873 18.71148403622787 22.447606780129018 20.867106044472354 18.961227613571186 21.865938928461357 20.379404961883793 20.963837677451224 25.33096305636799 24.679937470295975 24.97989681236944 24.37631421190521 25.780390329680298 25.595625601408535 24.77306942795107 24.219295283116605 24.618645160097664 0.9932452746789004 1.3490138620058523 0.963576152954494 1.0615511930004964 0.9542503369366269 1.0608744139115671 1.0583730134102425 0.9949610869373177 1.059263682603385 1.0834035526083763 0.9484732846031031 0.9706335224239152 1.108876016092448 0.9717993058739636 
19.340800686691548 18.915997790382136 19.136448258945254 18.906398225277915 18.18380182136291 19.612814987739192 18.73511169967636 18.806121703171893 19.12350273617539 19.403013757081677 19.246882597943586 18.258454053265346 18.784343100151947 18.2196769509582 19.178285875736808 19.07092315484791 18.64676847482096 19.00349219563022 19.06644981793633 18.894861693853212 18.97449110046411 19.002702108725735 18.70210821444509 18.81483899337235 18.859946808070017 18.446582897178303 18.38463176929398 19.360469750438348 18.51663841670969 18.539063020812733 18.98896458160791 19.176995533609603 18.548911978353246 19.37082865657225 18.515372897748108 18.604838935833524 19.529684670939677 19.135556524617737 18.65706785007103 18.46764189001356 18.83077922083839 18.931580285088835 19.409949945656958 18.50306563745119 19.177269992551118 19.278685799678012 18.900213128531202 18.022419482779853 17.61140997615554 19.249879930861304 19.583396784656053 18.812760511035172 18.556032915375404 18.79711214719519 18.860203844032828 19.092004332810763 18.99146036431139 18.701773829949474 18.61375892894775 18.919092709819513 18.969443099850736 18.71152653345429 18.63035154888968 19.472267914109402 18.397887883606266 19.357368877976757 18.371931256556206 18.90471048860159 19.140119684086198 18.251197977201688 21.607267499847087 22.88368091999255 23.15637854572548 21.25061918620282 21.633793965035697 22.724430083409374 23.22753613757017 22.343128057333423 20.313280181560675 22.964434847766213 22.998952021561998 23.875850244633074 22.869783562265546 23.262771610796857 22.053424574830796 23.12681919949157 21.688833175371816 22.679047724423455 23.35367040466052 21.950524304947614 22.712852072311524 22.13149864571214 23.18208708036274 22.568803645985412 23.31380977902768 23.012269147546917 24.244518052995794 21.805135163334896 21.76497392646238 22.154001204091582 20.263336836803894 22.718970728184757 23.774003620530955 22.9412903051372 21.40443540992027 24.080739752959108 22.847519896945233 21.986976500735338 22.116567663183016 21.338698193343667 21.405431562862347 23.037798601616064 22.5557862767343 22.72935589504683 23.14151793788616 22.3820183282345 23.44209673470198 21.357168476974984 21.20766841083069 22.541601314244232 22.171571507102563 21.421437135711443 21.67740947790353 23.755471652179356 23.45746250924976 21.290255204487185 23.242350392068108 23.793417609511295 22.09830921019992 24.429943226689872 22.46306329777195 22.345789394937626 21.53955722582182 20.92141142196752 22.014510352344015 22.175787583204635 20.185577159571423 22.78885623844807 22.573189821034713 22.763859023549134 21.505339350777138 21.918929741458015 24.274446023145764 22.87406081831871 20.86840264123332 22.005252037551653 22.27993443893682 22.281085092382305 22.197354182769775 22.326699907752417 22.111209195329824 22.03654511363507 22.23493415498395 22.209230064995452 21.899575561025827 22.221283177318266 21.943420689805233 21.83159025293528 21.879430400904248 21.773965243645275 21.76412691942789 22.009490213542477 22.30892853298053 19.58726345552654 19.727612620483495 22.662896180218496 19.803169910498003 21.317126167457012 19.075397051039587 18.785464182394247 22.44099389946923 20.904575243145626 19.058504335915707 21.85220345202142 20.406715747628052 21.027629446283598 27.068322062762107 26.39509672006351 26.722588798066617 26.114664268820796 27.552690796306294 27.303279506531556 26.474037098682317 25.92444520682766 26.335124158354493 1.368140138097598 1.8095451483461413 1.3301986860905126 1.372004541776445 1.326542408611212 1.4165244922657907 1.385173495455715 1.3957499985946806 1.4991251208814222 1.493997316374362 1.3156751803617195 1.3552951426758957 1.4904385335179875 1.412357077428326 1.1649191660643072 
17.88800049336048 17.46682105066882 17.664716929515357 17.49514766983814 16.714620532959547 18.16028430516511 17.35646374849218 17.32551639053563 17.637985458075804 17.977070039934123 17.791371794066436 16.796985214395804 17.40536505794854 16.82721174391734 17.748737790217 17.617276318988786 17.16555706414349 17.519905560099804 17.617599907817468 17.44410046501811 17.523265329374865 17.59688342872221 17.1752180238432 17.36846502252478 17.43202507360961 16.990862915430444 16.94220702695853 17.914114620115427 17.107492844765343 17.071632283602167 17.55963037986898 17.711693202596592 17.1309376295081 17.906086254204332 17.1431546339553 17.125218775193822 18.059004161464763 17.713334957778194 17.22660751801449 17.000733468485425 17.427471750230794 17.519299406556296 17.99523228637428 17.07493181815014 17.74668011641927 17.819407029894844 17.45330686031442 16.54125560918925 16.18543982445135 17.84203448535127 18.10656742473168 17.40631076303363 17.15923565843316 17.37974029461875 17.40936517093214 17.60394003614274 17.519891476742828 17.266595010566792 17.169558022102983 17.458841570235865 17.528137372895344 17.32664480951456 17.189568454356266 17.999587253894667 16.951991117382608 17.83590586112952 16.962052548738267 17.47388572105968 17.704074780282244 16.821745873623783 21.198544908487314 22.532727976552454 22.719881523313237 20.834869236051464 21.22019114981229 22.152924119269734 22.739443719140418 21.9327044579083 19.86853825856821 22.45816931816555 22.566733945683506 23.415813419585554 22.524443839541163 22.825382940539818 21.65810242260186 22.68306781163159 21.37391233530357 22.371940568781362 22.878141183314558 21.558254731691175 22.353513026033262 21.744012795249375 22.6205758601461 22.11317710059351 22.77359222915957 22.487069343858703 23.793142899416125 21.284906411686983 21.329658244415796 21.74676300074201 19.779359584699655 22.402476920725025 23.27843929816976 22.512279154020355 20.99914706231235 23.54248331223413 22.4863190107984 21.54956284050132 21.579686727226896 20.98103433997772 20.970487452074778 22.61461331345888 22.030207963390566 22.267684716891647 22.868348254244616 21.958126870506476 22.862125967579168 20.92183015597288 20.68914569624075 21.965914857072136 21.69037303196329 21.03922830594083 21.229055474878926 23.31830756207727 22.988817412178623 20.860777175707923 22.765428344266336 23.37019655527289 21.765763764309067 23.913309897635017 21.948458123807146 21.92941229350982 21.129167304975695 20.47959621921615 21.578577923181186 21.70618544488236 19.747809654303786 22.39540838535594 22.114557629906518 22.269870109398305 20.979325802530305 21.541500270064574 23.78997568326163 22.477712313806208 20.450111678981173 21.624995608143692 20.55727271138457 20.547532749548598 20.47136898061705 20.589258688878996 20.395207331378607 20.344422562036026 20.520969609688557 20.479137460817086 20.168997662753696 20.517449027158754 20.232285101961224 20.114299462593102 20.15655682912294 20.0660276215038 20.02606511651954 20.29682966982619 20.606573583686348 19.934784840722703 20.15173885761706 23.23949111205727 20.24385337519985 21.729615497581467 19.437272044725 19.27341994354589 22.866369698228805 21.352647394134085 19.36157818547196 22.364072739893885 20.933173578273312 21.481364518657884 25.30997906245213 24.636630478258308 24.98898652326281 24.44353552516647 25.795945696711566 25.555426402939055 24.745130886354076 24.18863167372158 24.64894246022093 1.3008035610298707 1.600877946300132 1.3739992963955956 1.3558047303565566 1.3458617589501918 1.45352690808541 1.4603771459538697 1.3914616660062242 1.374038827056146 1.416206115496302 1.266552490478302 1.2451744862971263 1.4281736187427567 1.4013239856639577 1.185308363275131 1.545550003354951 
17.77120540738426 17.377177572975505 17.578953586181676 17.374486550424717 16.644870101462196 18.058032294310546 17.186480066686993 17.246036140739523 17.58975982856273 17.821937595802083 17.668363389296314 16.713397634491844 17.220486918072858 16.685667938342984 17.608528532779125 17.548573294847095 17.12115309624906 17.464965576404435 17.52013477138489 17.362874494625874 17.439843538738057 17.48920430578539 17.146876373507393 17.266718458188787 17.324992373933245 16.938498555980516 16.842347984080707 17.80731643369335 16.97862767964059 16.9873162418059 17.451814963222237 17.64897916413432 17.04692323466312 17.774562824773163 16.977921600168667 17.04882703651061 17.961489508512223 17.571377056606703 17.11271336518668 16.944247265019353 17.29966786855715 17.373656436079635 17.83561077781493 16.964502830561003 17.662189145326305 17.692179324724915 17.39483052722814 16.457915328333034 16.128579886938393 17.667690070056928 18.04652864170294 17.276208106851 17.049468636177817 17.24524284787733 17.300673593143806 17.567864190715675 17.461620492113624 17.166934846359258 17.07945619074557 17.3988946849554 17.416503450853327 17.19478184236292 17.103277027538635 17.917645708972394 16.85242855015763 17.81413104275587 16.81554113903266 17.331798720370372 17.57221895075864 16.73892313167227 21.277722852838792 22.503547204238714 22.759454319721314 20.895946049555484 21.451016612482718 22.290523063324564 22.83155754379667 21.959051922128175 19.927791867020005 22.60044137934739 22.71586190289859 23.483610953067274 22.565914023336365 22.850336205707464 21.828362922210854 22.78508326299378 21.396945108191005 22.388394061184698 23.00983018107622 21.740693220004378 22.425300864555155 21.821399675640578 22.778214154104543 22.183875624308843 22.87649640291783 22.58462682310996 23.87919303268182 21.403530322930344 21.397195525963436 21.7850519704022 19.875020754709738 22.396284006401558 23.44322526089671 22.538187918389053 21.16180163675104 23.566788270571166 22.5190957864225 21.617658771323516 21.770384022023684 20.976973996703652 21.09619979671663 22.659441244045368 22.077951157963582 22.328010624332453 22.80631664016223 22.036470818416753 23.00714034827417 21.016834953418158 20.877796068313913 21.994494212442234 21.785761888053024 21.203963641352352 21.3437417790801 23.425947821388082 23.148936876520132 20.937609989984722 22.87544813486364 23.44003317194565 21.734082155151956 24.105604280595823 22.044630389092244 22.022285936698033 21.13048861667895 20.51521638809607 21.78126284580894 21.858670069894185 19.655152914067326 22.398598101468266 22.131327718710892 22.44008841504224 21.094567725191304 21.59649095973013 23.79118749190798 22.569262358120547 20.517472386251264 21.688087107886695 20.43784497514445 20.459320811430278 20.369518311038224 20.474263742001927 20.289900714006965 20.21480226177213 20.411932319697456 20.37819655215819 20.089361693582667 20.38483360771127 20.12242952507067 20.002678788384774 20.06701437099772 19.959172282278754 19.940258424471217 20.180482966855 20.478270200946184 19.355379634122553 19.484676666838116 22.53740400591535 19.652096495803477 21.168308099315297 18.86417813665728 18.55513846452394 22.22605527472687 20.72793210685152 18.7385343542337 21.771899335131128 20.2768357456114 20.84569623842461 25.005775155624587 24.349734136255588 24.67312195856948 24.06266150604111 25.466878489658708 25.259705028013133 24.441855092779498 23.914879671929754 24.314049237230773 1.1199759354387715 1.3873909949021568 1.0495832240400544 1.192387371544236 1.0911367083572838 1.1444121776541294 1.2142098191929265 1.0187595324057948 1.0974106557807164 1.1192529732954157 1.027541634735017 1.035781136057385 1.1017817059646984 1.0323682990292875 0.9452905879126481 1.308283072799652 1.2926972185104693 
19.323852090985476 18.876789647094082 19.150490554387375 18.904143150693077 18.144364559727695 19.61673644132559 18.713577998535214 18.769975608922042 19.110288300497622 19.350526276732182 19.242788685238025 18.18419485810325 18.77336538512224 18.23599335725503 19.145411152316292 19.05440390901694 18.629758998710006 18.991412676113953 19.042104677946316 18.89151535740304 18.968218560195904 19.032444509544955 18.66508979342548 18.788962675750753 18.84369604715839 18.453548558175864 18.36084340090534 19.319323146503784 18.506112546222475 18.55668238562767 18.95533799359772 19.190232044212234 18.545560489200415 19.32942476083067 18.49091426998553 18.577337842457354 19.536783067027418 19.128117969093648 18.635093585119975 18.447470980353188 18.81311877923817 18.898106198959738 19.363331942380636 18.455561641102964 19.186283187479134 19.27867401670916 18.898232462156326 18.002288219472252 17.6335357085546 19.206358541959546 19.612432863877416 18.827185836456692 18.54382759016416 18.76303772658571 18.80466500820616 19.11255683820225 18.99174320299669 18.685144710077072 18.591136561055603 18.976696992933874 18.94027274539006 18.68742701892632 18.640226874933454 19.493324763069175 18.382141598606136 19.381456484546923 18.334432367628096 18.862905972584045 19.060227687917248 18.26685790473201 22.277348016614233 23.534854243477287 23.914446074295366 21.925395490945533 22.39927027778451 23.42882997967507 23.916093260364356 22.931278471751217 20.90868456203679 23.74084735257922 23.760645347051778 24.547279435110546 23.559748301559313 23.86964967949335 22.757998660541336 23.887741577204814 22.328898080736426 23.358705869654685 24.099879490950677 22.667867100218054 23.433400542158758 22.796528401789942 23.887572889131032 23.209259639634624 24.04342058492874 23.736091739737795 25.01443973670956 22.501580301874576 22.457229075789495 22.79744975678612 20.90544203579809 23.366418696083844 24.54717545948316 23.710606872393058 22.091647898184828 24.83019289429078 23.497074113351974 22.700722589216742 22.878622035556386 21.97288250611309 22.09210684368745 23.752247752732394 23.324176082323483 23.47083207756528 23.755366920321833 23.029546843311373 24.1585919751156 22.072614540602594 21.860425009407287 23.218078752130236 22.854435889802996 22.120119581159003 22.369718536914352 24.488738642394456 24.162052640256594 21.94032057905781 23.978126319251178 24.513252962324657 22.762654861756122 25.211036177920736 23.174522626374145 22.997403518957448 22.173156758669204 21.55787522576773 22.762341775050334 22.87525055758391 20.764447027623497 23.430921167246563 23.221321878700945 23.47204383060366 22.15531980587402 22.607745266167974 24.94352120738335 23.609489116106793 21.462913367605275 22.646717102491905 22.399439479435614 22.43496498225269 22.339162642135914 22.43481703885911 22.233362534153866 22.181638751387798 22.38429890187655 22.31650908104984 22.04379000917235 22.323226024427964 22.083485551650792 21.963086038657096 21.99738751262913 21.913264344483263 21.907547162569 22.12319039896358 22.428123473425778 20.81190331719799 20.98212434133603 24.01561318593228 21.1303909166334 22.680343773301566 20.39300328388595 19.94029716936946 23.80999697919728 22.208667099140115 20.246972542770532 23.31229704292737 21.75242587523754 22.339354866674256 25.987072189684802 25.34322508354092 25.644854678523004 25.016853172109343 26.449796437070212 26.20565302017925 25.388927140075268 24.8871550809884 25.245743955141876 1.5007325385417796 1.970557587404961 1.4516089322678811 1.6237959604527896 1.4721351840908068 1.5374807657750154 1.5717178991796847 1.428352244798629 1.6073639109070212 1.6291769609620146 1.4163952975608656 1.4998885914386701 1.6021736006103788 1.4780103594048901 1.338257164559893 1.6635811045850966 1.7416770908801462 1.4552234132803095 
18.018377163236075 17.622629771892658 17.796873292878686 17.62189818648958 16.83123540934001 18.289675167265585 17.48238199822347 17.451772729730653 17.799327211386775 18.101555159402135 17.885915425421075 16.90880717632682 17.504619452619867 16.946966297446085 17.857880670037225 17.784072185367 17.30042652995561 17.65324018279979 17.76848153452912 17.57694020776713 17.67538144859062 17.76346195244015 17.316087119016025 17.470803723328995 17.57164721813249 17.126487869636396 17.063494626165383 18.029746942288757 17.221608648820556 17.198774146824352 17.688238803932496 17.86541393668593 17.2901706197597 18.0123833783011 17.26791580663745 17.234433073124354 18.180598468211645 17.828107497272157 17.331677102057235 17.128283804441605 17.5710147612962 17.64560264016776 18.10384627235058 17.208586650629584 17.881098687831898 17.907598467803698 17.59555686293433 16.68944122807267 16.328851176486598 17.9424618408161 18.276703159159432 17.540803479801532 17.314402874228932 17.48909868278831 17.53458944528518 17.742808376994347 17.668162616809052 17.397086354474663 17.304635289638426 17.61332719981812 17.65046211915578 17.46346424413762 17.324150093088335 18.146998601416843 17.067017308050183 17.99110351858129 17.055088138096142 17.585000790106005 17.817378391278126 16.982092285836043 21.03279408005397 22.34002842955339 22.51267895531736 20.62989927073267 21.078574225155023 21.90032344063686 22.50567351748564 21.684796201586348 19.642085899192555 22.26823977366971 22.391876686793065 23.21220808251023 22.31203743596277 22.613568328061913 21.50119869637704 22.51190573700351 21.14524453632222 22.21933716945965 22.726460940231284 21.386250324705816 22.151183446624557 21.510615609752612 22.445724205601085 21.88589545370461 22.592929723712956 22.32001768381816 23.60837031974837 21.10033009189986 21.105060663690903 21.546835999813393 19.605800507541268 22.22835953311984 23.109414679329873 22.331518566941472 20.826254891764954 23.352627118521276 22.27787078676139 21.386679358276485 21.434506487421803 20.74120944511119 20.767900766594423 22.384435296560948 21.868459529937613 22.09117698492205 22.63258589458236 21.782473493329622 22.67751068758552 20.77219303028422 20.496617527904878 21.777186931891894 21.51190908285311 20.850916923448317 21.0341402614291 23.122778844336622 22.78028401748273 20.683440619386314 22.56707418684087 23.183257708397463 21.54412721211087 23.750930102793696 21.728283640170815 21.69754558286975 20.911970306771543 20.32079341240935 21.416464444960784 21.538219545940496 19.527677246544393 22.210552287084628 21.92979707278046 22.102578597910437 20.797538273416507 21.338391457389413 23.562934094536175 22.29601932745202 20.294086834762055 21.415189650768355 20.57339241988612 20.588144764996038 20.50836410757736 20.60179295780481 20.459915988808138 20.370958127646677 20.556345863192583 20.517021016518765 20.233540954736437 20.53565484309961 20.265696717119837 20.12503785552674 20.219468069502373 20.109934462516232 20.044586765563782 20.337949296547073 20.641644229867648 19.938059882989677 20.17539317946026 23.36828610922518 20.37156181732998 21.832131656734784 19.439619993224436 19.25662969798394 22.939262490577335 21.384776808134507 19.352341172832013 22.51389148295605 21.03494198160188 21.55562852263937 25.338882264010486 24.67743017892567 25.01605279829539 24.43998742132149 25.806247779858637 25.610917416553796 24.759800141365005 24.222655383181365 24.697566629032135 1.3036604502859412 1.5747526417940136 1.3317865995234648 1.4154603052093542 1.3491308790421357 1.4789734202063753 1.519728329732664 1.3380130820417142 1.369245579144736 1.4202553082309808 1.3088248772724578 1.2726606798081537 1.434531338055856 1.336200826489061 1.2121950314034486 1.5883789599464486 1.4883161628527337 1.3013007718063692 1.7538590516241226 
18.427788646643695 18.04662561737386 18.241736494837404 18.00322587500464 17.33102160568921 18.693097733299517 17.80920197518338 17.932856299802054 18.282996415355782 18.487172992868256 18.295456764462767 17.395484042669747 17.829581725483187 17.30884712281281 18.25296476957241 18.213111956046216 17.79582206363242 18.128129098697798 18.19041244312864 18.007929490080485 18.09146225043647 18.12249276608381 17.879066458925266 17.911764890097245 17.973434649627457 17.586347459049644 17.50278018077267 18.44574101487233 17.600840924116 17.652378743777895 18.095272696515757 18.300999575346804 17.69050813331979 18.46631347538716 17.595856457378865 17.707797075454653 18.619686381406293 18.191963295444836 17.7475435697251 17.60370011295457 17.934831059466884 18.01746895515518 18.472297444966177 17.631014320532515 18.269953224985464 18.33059360380744 18.016846324887876 17.19772215645343 16.776060845905622 18.308374076311157 18.701930058559807 17.91077321876351 17.691023188427582 17.899162444280773 17.96231372159066 18.22133763734221 18.125602413065433 17.815767531749305 17.740752871405554 18.038278951771353 18.074800926913678 17.81700249221368 17.74913723681336 18.580292159287858 17.506313322187353 18.493348449990602 17.466097065656545 17.985386297666366 18.216842326383297 17.4061385090037 20.68784591123747 21.90151160961908 22.129023202450995 20.27378940636906 20.777562648430994 21.730058366035134 22.24527576336392 21.363015416694473 19.383787944549123 22.01940842085551 22.068218226675466 22.916501269437244 21.883646253524503 22.28473623598817 21.144514432011704 22.155664304198925 20.71844596211522 21.707980284956665 22.424546754546398 21.071054235248667 21.73977451147645 21.18834540054733 22.261550048509577 21.60215021756962 22.340803025007936 22.04581486506861 23.271790189972016 20.86526323850883 20.785087498347462 21.172031663912566 19.357740790018926 21.744244159722268 22.845327519274065 21.932411353994354 20.52270079836518 23.061204790679678 21.88049128780632 21.031470483668215 21.206268415498798 20.32179055482074 20.47096046258508 22.038863774582556 21.5320354953707 21.73856676771249 22.117945308412576 21.495886543230338 22.524136279854535 20.452896444176464 20.307143841645438 21.538708142217267 21.233486407941193 20.53175601945203 20.728041595326737 22.785156723149733 22.552113097867476 20.357926799171793 22.29922883716447 22.812587135484847 21.066164807591782 23.527736011671294 21.497592746816288 21.405341579157504 20.542082493333655 19.988366324106448 21.149664481684287 21.260726133528866 19.160558470246563 21.80277798539028 21.55938750874356 21.89272116572107 20.58204974532143 20.98226038138567 23.22803499267961 21.9496423629027 19.97972643095848 21.039796783785153 21.256394435891895 21.268112397509746 21.190775661776925 21.30842855781014 21.123160586410158 21.007831077800763 21.208558079668627 21.208649772924442 20.922307612213533 21.179593596705644 20.935216049115546 20.811773357746905 20.898979243305938 20.77468271028541 20.75710904612267 21.01170046304897 21.289146085558787 19.32317169993829 19.472776108671475 22.548130847225238 19.651758127758487 21.164221355009175 18.81024669773069 18.507830086949788 22.262556749157323 20.70361531094226 18.768346103281974 21.747567800552275 20.20871104197448 20.840543864548753 26.650007950914972 25.983135500183085 26.299888967589037 25.634681814190014 27.093519074852818 26.941412318187396 26.102324265718536 25.551287996115562 25.922374761198316 1.262400415224373 1.5965048512272373 1.1461260886425764 1.321029399223285 1.1794337195331854 1.2775717436079697 1.3372705495186028 1.2068647081530761 1.3065890019962039 1.3269239645153958 1.2216461190448835 1.242913076408752 1.3333178169352053 1.167708332035505 1.0436151808525709 1.3948305922974207 1.4649703603711257 1.1637211271591303 1.562457976180545 1.460040525072559 
17.892040926167564 17.508355434860345 17.65519108148479 17.467513197883516 16.81783128139655 18.115397781626417 17.30489736897333 17.405045096137425 17.732607042322016 18.015459732158156 17.698422024278283 16.917281014837354 17.311071716206726 16.735341405099348 17.722863168670298 17.670464169428552 17.254459603495288 17.547276946965436 17.677800799593157 17.428740640306998 17.531601679523494 17.576372912816776 17.356033103952296 17.386102018148218 17.456394847538725 17.020816955362754 16.97220159729263 17.929873403747195 17.051261591438024 17.067552054903025 17.590122899653945 17.715791110291725 17.158603563838064 17.981487176494653 17.10172371514839 17.13873407158907 18.05895584518965 17.61619598749581 17.21321114443476 17.033201229048736 17.423111307229835 17.52284800135976 17.99722199087366 17.15259813771415 17.694139781298155 17.750615075357036 17.41810062526063 16.68230467673424 16.197981125882155 17.835516242933306 18.096697067749165 17.36909516062719 17.193198291477312 17.396082121713224 17.426098813190613 17.615931021533683 17.547510436006306 17.283378973124226 17.20862730900197 17.40117371258076 17.54775690836897 17.321048856542962 17.186107787115915 17.97424853654634 16.955634032246394 17.86432260490534 16.98748105372395 17.478291005009257 17.72513663224611 16.857725046520173 20.04287333392551 21.306893027585105 21.294751888651724 19.552469124157557 19.955044965678916 20.887547393470648 21.4948640074082 20.789092017322616 18.782072655240526 21.185639340749127 21.264728886875403 22.261090232423904 21.2153434824682 21.705938329820505 20.401653876556225 21.328887105257884 20.105218315892973 21.05202125985962 21.649561529750567 20.354407625760462 21.01856336357287 20.53461202124773 21.507948780336907 20.94055397267488 21.53210879098055 21.23731458445606 22.46769453872841 20.101111501764656 20.05684279817442 20.514009812443707 18.69629330745428 21.160379456878722 22.003612643411724 21.101628609283473 19.845042105909645 22.242900556993426 21.276864293897205 20.2851157071195 20.342304803658347 19.67661691552751 19.74521620497905 21.273874272082306 20.632692378783567 20.942699725125326 21.574630902860953 20.908929390691014 21.75082957330146 19.721967874627502 19.58879251916355 20.794023542223382 20.495620150114693 19.821607057891597 19.988583724139513 22.016336567334456 21.848272852718406 19.696454597292806 21.531917192279124 22.082576800311468 20.404878998696468 22.716326856600695 20.739986666763624 20.764506626066645 19.883147223457232 19.351505120021507 20.37998933036072 20.52728264377056 18.574807559142144 21.187949415795263 20.862702770560208 21.173271814959598 19.891747076621886 20.322416870080403 22.5158070779586 21.225192539605363 19.453540721595157 20.390187526849957 20.429512395285787 20.376080867890835 20.339924066237913 20.49981406847007 20.308282097614782 20.15680670966211 20.319231479112133 20.390979698202077 20.06157340968667 20.353547323305104 20.080882719762073 19.955176928302375 20.064764763245282 19.92434130374939 19.874719464736188 20.216237793041564 20.473256577899416 18.337904745955026 18.450722321901168 21.514355046352897 18.559140777844675 20.068184644592353 17.704430902021116 17.649196407935356 21.15294092056481 19.68445930162683 17.788125924762642 20.537157614294532 19.1123132844323 19.78575360176144 27.75777477156836 27.043963256336802 27.42825316886775 26.77177987194373 28.204838858530515 28.1211499298362 27.286145225843477 26.665779616023677 27.073887335213875 1.3773285710999963 1.5787022477816168 1.2919925623975776 1.314798049714272 1.2834885927945539 1.4356722930151422 1.4892260219454116 1.4622603696264624 1.4089155646232072 1.431206341925441 1.4056602673945167 1.3175150641008564 1.4759709293730243 1.3671719053351483 1.1461768826481584 1.4959288047149428 1.4971214769077161 1.283669839824478 1.7913348512216203 1.5235659992615003 1.3275994539058373 
18.640323779148673 18.175628444626753 18.43382394600793 18.227659214829586 17.409375956524496 18.942031125701618 18.062339833338118 18.041175533862855 18.392626039783558 18.643838301380345 18.546735592221616 17.47505246493782 18.112748868037606 17.542183087037163 18.436782862512025 18.390473847772547 17.937311740145198 18.282120510973634 18.36816356777753 18.178319662442558 18.30035307540237 18.393205500595656 17.91141624340553 18.098134202628305 18.211449317231164 17.778575574677248 17.669815399109545 18.655242582929255 17.834572983348156 17.86069438839167 18.283841603766874 18.51894293445946 17.894364420394957 18.592357231369604 17.850464921759517 17.873770144160698 18.844849379962877 18.45170381772064 17.94024923749107 17.73503637739266 18.17309358447442 18.247089420107898 18.695683181228105 17.77095233833322 18.546712287543844 18.584002823342345 18.22579925590332 17.23895555570622 16.947003455841752 18.516697647359063 18.948833694119426 18.156763144684444 17.892904031867694 18.03026996484726 18.087132716663174 18.41851760541964 18.275618576258385 18.003063418730953 17.908915603486125 18.3000086605773 18.221587043955537 18.041825922654365 17.963027204927233 18.7766575650501 17.68230564159188 18.671982126452626 17.621790207261608 18.17858122140395 18.393548759082552 17.586006913971254 22.74763868380757 23.964534716849645 24.31450702876869 22.389497310698918 22.968400505711987 23.72746271621296 24.223748696700813 23.304990145910686 21.258974815934668 24.131601091008104 24.235682032368878 24.90086014618821 24.09593013553143 24.242651310942403 23.35116778830241 24.324124520836303 22.850679481906127 23.947023342850816 24.50391507399252 23.207026390838156 23.986284534141536 23.215344824623124 24.195625270025754 23.541900832620733 24.36332374704873 24.047861937027605 25.38989181951081 22.85490171059685 22.88844471608958 23.231219597995818 21.289253324997436 23.94804712919502 24.908660625967688 24.113082408072128 22.617909511030863 25.080212701432675 23.968118915311315 23.118027129872186 23.25954910257141 22.497826655209824 22.557409649002388 24.097374050480546 23.676586569276612 23.881206816267458 24.28245906624883 23.355283236142153 24.35456992767697 22.46092934455488 22.279464717695735 23.46771282004711 23.19817675421127 22.645209277233022 22.843310003407613 24.918964916027893 24.534693147506648 22.384543392271652 24.295708481884933 24.944247213853302 23.297458149594014 25.552099986200776 23.48689933203694 23.40078529539859 22.56409458481123 21.965268725414333 23.251876901317733 23.33891474887262 21.083100720285927 23.88314151513445 23.619771866319457 23.806057026468377 22.50843943218256 23.035614493808197 25.242169973010256 24.021992589046498 21.929400966210448 23.112310593622542 21.334699813713353 21.390056279114155 21.28496363705706 21.36741514549254 21.200337721577768 21.136248526235516 21.326540921787906 21.255759104370785 20.994886424493057 21.28278529120152 21.029776373138535 20.896245857113936 20.945030884776756 20.860589926748048 20.83834805312637 21.07893604855107 21.38526958319921 19.426452726245447 19.4118497563708 22.3256553425948 19.59613124211739 21.19599276143933 18.978197125567604 18.527997523032575 22.198625119304108 20.706189711812865 18.811448957258442 21.71347951716977 20.292773988206196 20.769955076745443 24.766168049514086 24.146233627209874 24.43694508294264 23.86235361301013 25.209665463857213 24.98069772134952 24.148305843469668 23.682042776397868 24.095908562512186 1.3816643488572364 1.7239146738002862 1.2858591931299959 1.4697011616035063 1.3596418247056086 1.400484545923783 1.4158735992364404 1.1716984424818517 1.4099087407972346 1.3634705566095924 1.2945072305717926 1.310222570249766 1.3370654496488519 1.3073459378657912 1.2351876426863095 1.5648103329325422 1.5791883689895725 1.2643756684625915 1.6738982962358449 1.5998159953694526 1.4812309646108286 1.676148026934054 
16.69815376205039 16.231894099924183 16.4775680590164 16.33356637779274 15.51151995499173 16.978338125060144 16.16825071785507 16.110961437100624 16.43526816543816 16.745271467750822 16.6133279087078 15.570124788410547 16.251145790378253 15.666269351938041 16.539032087160273 16.409562273170685 15.97804947670745 16.31452409632507 16.422424719480418 16.23999073684028 16.319783266155454 16.461819725651797 15.966925164017935 16.18619312784118 16.27249908669926 15.838330727158963 15.743398520208544 16.72436547133254 15.924482476735667 15.89995589590724 16.372114047103544 16.532581860556377 15.956597716848055 16.714365435548505 15.976388072050035 15.909919692959 16.895335452939808 16.52018677697389 16.051718850080185 15.805492605448027 16.236023356258315 16.3252644313887 16.805771055408908 15.875119941538077 16.5986321540351 16.629872381935403 16.246600043383317 15.327405519505465 15.036052625253905 16.651666702744183 16.923414518626608 16.249465571636332 15.99791858542729 16.191235569307516 16.17373274592389 16.440518618987195 16.31206773260556 16.076082636967975 15.98054557060755 16.31177438435531 16.329143363048114 16.141814619918026 16.047281720470753 16.81438980786699 15.76505842526453 16.64162298573789 15.778667052110073 16.269310450060203 16.466277861208155 15.654888664340092 21.520610890387342 22.84905912513808 23.042134893138 21.13186892557627 21.632486067776576 22.391666236272666 23.003417720310853 22.170215590972408 20.104401777606075 22.80442769221388 22.934142131071752 23.689744122270838 22.90996489260756 23.06894947880837 22.033420839511777 23.0195439853797 21.71700243323789 22.717991807486115 23.196867762964388 21.960900125148072 22.746561088385203 22.068210519995844 22.887103458753096 22.362227604825257 23.04344134548946 22.740537101780003 24.140416718351677 21.567096436081833 21.647102294038945 22.014906947075897 20.052334923390838 22.747736314908227 23.62121122584198 22.85564106822384 21.37214440615385 23.801352387115667 22.8195730009675 21.84572146203207 21.891367064221285 21.319506010938166 21.315963481491714 22.926887209221462 22.290747439658816 22.57169438474254 23.192482417161187 22.23776167693213 23.084333246783785 21.237208342839853 20.98062849628783 22.164138346251114 21.936928790172715 21.43408543970668 21.589141298157827 23.69060037906501 23.345153137261885 21.136685551337152 23.07830066045024 23.70578290236928 22.107624339649472 24.259750493609115 22.24774602473547 22.261340838565914 21.393593044561545 20.736575824184047 21.98473645121912 22.01476501769416 19.93654713563816 22.671396698059002 22.34568621747628 22.54893579741249 21.226717217478825 21.892207271890925 23.9979410015262 22.845922831041033 20.73556055242149 21.93078525079507 19.363246557528885 19.347416725883708 19.279278955890874 19.381295175888116 19.178380551446168 19.15492857674224 19.313450559343256 19.258333248805094 18.956838482726372 19.29057828102517 19.03947341952522 18.91548108706886 18.92519422874836 18.863116088212145 18.82216193074802 19.089264243857045 19.406643184177952 20.971341667924793 21.121658040668258 24.33768476371135 21.27297929477327 22.877620635028453 20.500301044008793 20.284687340322783 23.984102414208508 22.468685859211465 20.332996253630775 23.5102270926296 22.042685016503473 22.547840671903806 23.21738040911823 22.569297186559325 22.90891385594683 22.368980118063753 23.670804040278952 23.461992088525953 22.69236457541832 22.166432957742497 22.58161543215988 1.3435109188272316 1.5426865686258482 1.4229646560708622 1.4945682977732948 1.397270206919294 1.4818802888571587 1.578180044742961 1.3313818326365372 1.3125597041023649 1.3896038827581254 1.2739259382564379 1.2423131991273826 1.395402883621193 1.3668617278872086 1.270797982334485 1.6810634114123737 1.5136263137217514 1.3284207278885765 1.8055597863592445 1.5447940225227181 1.5685315218916815 1.641719215913863 1.5744652938844792 
17.118640547331612 16.70970784600214 16.943015071334404 16.7243490993166 16.017846758010286 17.42090069854011 16.511066028541137 16.603683820752778 16.965435405880566 17.110126590151296 17.041929913442008 16.081616309925018 16.558105995311312 16.04420574821045 16.940803412321888 16.91625089193953 16.523667921321824 16.84291911747008 16.875543695750153 16.70836235466548 16.79547125890052 16.853343656359783 16.5449978912793 16.64343526726078 16.72489010379518 16.351765476237652 16.22061616404778 17.17045764496569 16.33705133842287 16.389420103679537 16.80167926196483 17.032539886121466 16.419127775479698 17.12594597143391 16.317550800387 16.431341219780546 17.343366690627374 16.916656639827206 16.473421212717096 16.335472859830436 16.642769277942442 16.7191503429428 17.15817470397477 16.310231321695166 17.041703054734832 17.071381801302604 16.755565522654038 15.835541434343757 15.549233397705267 16.980750836882383 17.420900420204074 16.63364896595243 16.40651792065883 16.578974391425167 16.630347491314716 16.976559589596945 16.813202524289167 16.52664040240475 16.458638075438596 16.801224341171395 16.756885302145687 16.526405843182157 16.50345969023336 17.28508439611515 16.23179439625456 17.21882022854834 16.158563881077917 16.679481234875784 16.899830026946034 16.128747840387245 21.326290974469007 22.464238810316637 22.79087793771077 20.956476274182112 21.677689817727988 22.360693356755068 22.817918284188877 21.906353764239242 19.94171812104615 22.70601144231825 22.825541919666776 23.46114484538807 22.63674738806596 22.785997777732213 21.97746814621964 22.845523166754987 21.451935307597534 22.430865342702102 23.043889657205227 21.87651297187009 22.533571999933308 21.857527596521727 22.79987722606576 22.14701919149714 22.894587761151534 22.580858291827248 23.914725829916815 21.480741725590736 21.476472309195902 21.770466812865884 19.938380459154374 22.42538660694415 23.516991991336752 22.59151860608277 21.287064765673968 23.542187129942374 22.524553531884802 21.64300078801074 21.871807284118727 21.06522654552568 21.195632681782218 22.65963138641175 22.109574681982952 22.357982806765794 22.772766322474368 21.982391396260336 22.96462442012091 21.06389023779606 20.98654785996296 21.96614881630806 21.780061607129607 21.3479455278756 21.474039348498998 23.48474954507267 23.213311654867706 20.975330507226133 22.892896523481014 23.45186134771454 21.78462598309806 24.151103250761313 22.085537677770272 22.05216364918666 21.120434237649466 20.53793140966919 21.951881412590964 21.938191879354715 19.58056499965662 22.362517966697176 22.08714412074827 22.461502921390085 21.12998532350903 21.642190338184434 23.684201991256295 22.619499879765797 20.551339637719998 21.69620547558027 19.85974166967345 19.89705909149571 19.80083609415607 19.901414276688925 19.694952753308165 19.62273598062711 19.818459677075367 19.785842204325245 19.51768579128363 19.775040955711468 19.55270768421834 19.43926523683604 19.46829232529495 19.376674185868858 19.391509730105017 19.590650140516406 19.881448346739116 19.239286905855202 19.19184275740558 22.203155667933643 19.411458120686376 21.05300275962521 18.768645767457954 18.343764302509786 22.065526221406806 20.579266480679525 18.619495605834064 21.573149957754215 20.07847321355562 20.608039201993858 23.856180613206327 23.23963912762396 23.51114198029639 22.892221592737833 24.265160068678846 24.11168550090326 23.313280289257264 22.81799028869619 23.16041884516822 1.3256994547047236 1.5370244925152907 1.1630915856289643 1.4288806368701596 1.2359464794258046 1.251688870798213 1.3466313593361645 1.0439467404493181 1.2076126271393972 1.1934209469923471 1.1867010865960466 1.2060883385007397 1.1813670609820508 1.092031126332571 1.099250551219291 1.5000135040069669 1.515150337221679 1.12502788967291 1.6025499483529129 1.5314003769503388 1.3258724429526993 1.5076084811384394 1.312696015176684 1.4701985266172581 
18.530931404842715 18.098621896470746 18.33330485504697 18.094465933076663 17.353769397695537 18.81053191837876 17.94103680185813 17.97932122658637 18.36977851147787 18.56967438367293 18.381755932678953 17.43112374496331 17.951615232213296 17.413885774211117 18.343135039350035 18.328417269400624 17.877704594986866 18.182025112416202 18.303249664142893 18.050415746807307 18.18482016112654 18.275375890803623 17.926094179272358 18.00156343955166 18.13473244988418 17.68169555187074 17.60669294054377 18.54147050234972 17.69841515094383 17.776257421636686 18.18256062335795 18.411024216291803 17.81037399898273 18.5783998894879 17.723540143018667 17.761135143902475 18.749625831829068 18.296707945176646 17.810395459187458 17.64897247973382 18.057685319488478 18.15246797410222 18.58242446804612 17.70385542852514 18.364735214597783 18.460410296385877 18.06028265450832 17.2961842469625 16.876603716468857 18.415133427660102 18.832376378139806 18.05275547280824 17.814227728951458 17.968948770218603 17.980157866438347 18.31052991272253 18.173340701917024 17.904789952858962 17.835456688563884 18.1711435126822 18.138356807866064 17.91805464224953 17.863318516081282 18.695256874870353 17.58704656046218 18.595083702931447 17.548875130216324 18.089569283030457 18.26453311962904 17.550411452477597 20.802803390245202 22.00293471099227 22.24933631158028 20.37194831190791 20.9564677674001 21.750627810532254 22.213487903001063 21.32713647205862 19.401856253442865 22.13239817978279 22.190299408301904 22.989557737710218 22.01173323789847 22.30903234238228 21.268654576058076 22.275878624721425 20.813270717332244 21.92156903639568 22.51522257745791 21.121757276425242 21.889162069197532 21.197453770837235 22.288855724595614 21.570822385585544 22.414096100269262 22.116681157137364 23.39059654323143 20.990199772811337 20.90501981925389 21.23395566659685 19.449387932526097 21.91710457542136 22.93748620173139 22.12740127148903 20.598207174616213 23.21415486688929 21.95388872215609 21.15573835189854 21.303792038243866 20.486019389140584 20.503721568325926 22.054712046279157 21.71472254281528 21.867095877841017 22.217085335676966 21.467712464865784 22.483145707511746 20.56967088431937 20.322151203968346 21.677026119949478 21.242766563061547 20.59646076491437 20.859175834962556 22.84950869906077 22.544209771979567 20.4506691849478 22.338169339466635 22.903189375320224 21.251400473467015 23.55918207268259 21.546492737160275 21.36938217201908 20.61446480320968 20.147821836539528 21.257332383112068 21.334551274018366 19.257698791103937 21.900780548555787 21.637773225516604 21.891343222630073 20.628572947298114 21.068128322902897 23.23810469544402 22.036716656823224 20.10883482367427 21.04208836598035 21.429304413167788 21.45980427697293 21.38931941634325 21.494088558403725 21.3221542408009 21.193504117105114 21.369752926427264 21.364289601194795 21.116335452322012 21.329102041042223 21.125022665303604 20.9835900929756 21.054688985709372 20.956459369868544 20.928054251847062 21.20418329303389 21.477902311882715 19.0754348303815 19.076370284111388 22.15235715449601 19.31775657268368 20.932367654905583 18.581249740867506 18.210968406892796 22.035361680628597 20.426680798647276 18.569776458193232 21.45568088444109 19.940206828638754 20.48151094592438 25.910474743038346 25.28025393472572 25.575326371960816 24.908967608031855 26.30847369376105 26.240684889945133 25.370706564614792 24.857397504125515 25.225371761031663 1.2291435030172897 1.5822289652559969 1.0827949741323664 1.3244191015764104 1.1450881611401356 1.2758788415274058 1.3052808474985418 1.0945275956520086 1.303842639543807 1.2922221643704779 1.242790353884425 1.2212232856657872 1.3152754423764892 1.1169737550559182 1.0186530347353455 1.3929372661276964 1.4654779869414243 1.164788943741663 1.5408458090045074 1.4498395728092799 1.2349977685244742 1.3571226768463422 1.386232851117004 1.5401034870475563 1.264411524592746 
18.212482830837402 17.777992106412558 17.992745160284226 17.781083406512725 17.038702204719527 18.469628779443784 17.646808160482504 17.65650428046337 18.011323907759444 18.280763821802477 18.049641975192362 17.121891961691915 17.660224792948263 17.093708582468594 18.022245524389607 17.98500187374801 17.532159594279964 17.838001824729993 17.979057237678543 17.723872312238445 17.860641449538566 17.947416746529694 17.576234194556434 17.67412676893297 17.800615809694264 17.330845515373493 17.277324615232335 18.215611118443928 17.384219919738655 17.431493566959748 17.86639837837524 18.061951232613765 17.478081144438818 18.24869755411163 17.42918513394115 17.433366959522598 18.40471797562209 17.976562159939434 17.496087305111285 17.302659996310616 17.756693142970914 17.84889193489339 18.285688762797513 17.402488317031146 18.031453495655008 18.125402982217146 17.728205820045343 16.959818203187197 16.5229711256041 18.122122718085546 18.478419592255946 17.728241196796994 17.494949470590104 17.648288783039717 17.672848532023906 17.94341112470674 17.838683889914897 17.58464052765007 17.50620835492807 17.80559000981705 17.816217724629713 17.62197929891989 17.51732520503403 18.330261446353674 17.260954677250176 18.21401058865327 17.249329744920015 17.782020292815425 17.97636435304747 17.20259537004037 20.695721008659696 21.9415215995297 22.11122652874372 20.260984822502508 20.73058716082447 21.578134710634146 22.0972866308206 21.27992431106138 19.304562108015368 21.96632914349911 22.022602973746235 22.86789705646952 21.916988079467114 22.24056243080874 21.11448614317324 22.11780271343103 20.73680515078284 21.81131766852299 22.365609736210942 20.99591372615339 21.776823096147027 21.112787338613373 22.130341562842833 21.47837960403648 22.257576634093127 21.952211576931266 23.227902473204477 20.79734471241157 20.771046866744527 21.143557412100204 19.314380437814563 21.86320134391351 22.727624290376102 21.960355186023804 20.471966789088736 23.03721549815189 21.879219871514945 21.02212948149253 21.093924005788477 20.383392362164518 20.39122528563896 21.94437164978896 21.53527069537367 21.737531645725205 22.193524674307625 21.39505447245227 22.334680642771023 20.414467863454593 20.167720865074276 21.515145751031106 21.131243795546535 20.45306792942538 20.69201225950894 22.705944656069693 22.408911412973023 20.34073565407611 22.188015991896968 22.7826656827671 21.164810926144575 23.38495179052638 21.4043416092809 21.292691501296787 20.519705435664882 20.017631766050535 21.072322940361417 21.202384158686407 19.204554963441478 21.83721462928342 21.543350146781865 21.75505127522378 20.499089737252437 20.96440874190612 23.163899122405056 21.902659577801888 20.009065852229327 20.972707292797065 20.939648453546408 20.95023436945571 20.886100881874604 21.002479124983083 20.836747059273854 20.710313207952947 20.87659286236307 20.878592156766327 20.61005057031022 20.86008377276456 20.626475270615888 20.48714660871204 20.568403843226758 20.464263989416196 20.420824915318278 20.724374147182058 20.9934355177709 18.67971735304804 18.734615301059552 21.76741995935327 18.91261043208876 20.47926884571825 18.169635303001606 17.897460790602057 21.5758766966889 20.022525404139675 18.160274532187245 20.997542090057802 19.54363083406978 20.095390598448517 26.39612327684034 25.741157249792018 26.064032543528008 25.43685949671337 26.811139247893713 26.71750364317188 25.862692836790366 25.321604478669677 25.72572663704163 1.2110084983850729 1.533570030947914 1.12049358317079 1.255097303158942 1.1481724122306696 1.2943158205846226 1.3064267394901183 1.1757421806679829 1.3100255123742304 1.2917273348025646 1.244489280023044 1.2008036592284936 1.3297734275361468 1.1925334333925703 1.0262085514121897 1.3790130775213711 1.4073456588603388 1.1687359564299304 1.5782638709823518 1.417893223554174 1.2496073658004774 1.2815382477172566 1.405642407559808 1.4978792818393798 1.3136580822498636 1.1719162079292944 
17.601874559449865 17.221496136015986 17.384726786051388 17.20011242803185 16.47710102704966 17.872256264182056 17.036689696347096 17.077860090501655 17.39681395598716 17.671834039965088 17.511896175260585 16.56579354621792 17.077774823621354 16.524639222620657 17.458843651171073 17.360176673496387 16.924260734405042 17.2790734669496 17.344270389643107 17.179766686764818 17.253019685500462 17.2886044335024 16.962823237376128 17.09332406706868 17.154753458016845 16.738399365321442 16.67317361263226 17.64426399511014 16.81673472557523 16.795646429768638 17.283649745444006 17.4464229406678 16.856564117270327 17.618372376111687 16.83232524073594 16.880759776612766 17.769238514270967 17.417672672577584 16.95115781714895 16.77152891681631 17.129350248842595 17.218485236053382 17.68639516605664 16.808344380853885 17.471232133353 17.517764643443 17.203015035200583 16.2887864561406 15.93177773174 17.522733804452425 17.830741371764862 17.092176360307175 16.87122160106849 17.094576432726157 17.16894580876038 17.354108588502122 17.263817205681274 16.990681380339907 16.910973129351845 17.177036405628844 17.256643123485812 17.026813869653605 16.920310257474835 17.723682681500446 16.686846131270766 17.593360660817105 16.66232546960715 17.188076586302103 17.448991821216545 16.54286897239577 20.546206604802293 21.822353780178396 22.015980801207725 20.186701900648014 20.63145181267007 21.530912029895514 22.08376310125211 21.273927080019046 19.24897500623198 21.797747327542343 21.911978421139725 22.726315734300982 21.83891681835471 22.14967306616998 21.05531777485227 22.01101949687526 20.705510979953992 21.67726944456839 22.212892083710678 20.94992614172117 21.67642389463682 21.0887392504638 21.990495129461504 21.460462501011037 22.116128661044115 21.83095230891659 23.093132526985702 20.657961199939784 20.66698449638329 21.080613702404875 19.17291150741592 21.70601768378515 22.62880607746988 21.804728766606807 20.391278665144846 22.823633200389366 21.802791342858338 20.877847050588805 20.969226267967404 20.31703095904922 20.360193752061807 21.933968167502133 21.345188745592232 21.57990907270447 22.14346294069503 21.300626158566576 22.215330568214856 20.2720405103206 20.12659541167587 21.287963716014605 21.05492368896648 20.43720779497065 20.611829753027305 22.658472971145656 22.359128227184634 20.223623569411792 22.094481025541743 22.678477824479412 21.06174860635071 23.25680861276708 21.291884815216353 21.294950637663533 20.464343944493557 19.832209271202792 20.974633091614194 21.083275385437336 19.06368146502933 21.701570152811893 21.442993940852997 21.63876039658481 20.369099825423785 20.86831646255396 23.074056544278072 21.801486622512417 19.821011873631132 20.981671931184398 20.233373247295795 20.228198944061052 20.14452960414107 20.26685169934504 20.072183475785593 19.997555329191012 20.19325764052848 20.171127189189967 19.857085644139755 20.193217825327324 19.90729895662588 19.793873335836945 19.8534641377226 19.741074853690662 19.716209113672477 19.96830059131608 20.272822440128227 19.241326455472567 19.411406111909468 22.4769567364203 19.53477264656661 21.020207495411256 18.707766682841978 18.550159137522883 22.121690399239846 20.623989956034286 18.674430158565368 21.612846836829476 20.19364176191766 20.75781696505907 25.367500762937834 24.69993384860535 25.024866113407047 24.463780066963977 25.84371467493053 25.613256401753237 24.791131591534874 24.230031985537654 24.69105800767328 1.1582479895799118 1.4236036493548192 1.1641549675648777 1.194907936232168 1.1592798171726741 1.254682180240793 1.259713320281758 1.1867276582865613 1.1874051174829867 1.209818816939213 1.1090355540423469 1.0978615206686693 1.2288456697480366 1.170675383039337 0.99267263363729 1.3618443060833716 1.3030632102017154 1.0904679279191212 1.5643538789769553 1.33172238408651 1.2502843635371308 1.2938396786498703 1.3886852826057743 1.374096529717346 1.2749423399340103 1.2610476034658846 1.2213243300452217 
18.15227936081119 17.67563889858971 17.932960440263557 17.756676415354434 16.898599366084873 18.43506130894095 17.624532220550776 17.53386320435507 17.880659562958854 18.218070639501367 18.026634418390035 16.958445729352047 17.67339601604985 17.084784497113745 17.97504684951362 17.87494218603884 17.39536740296341 17.73873669538489 17.879925592670258 17.67148575268536 17.78403283743646 17.925689548481493 17.376802547307978 17.59542954699529 17.705151893139547 17.240230872571406 17.17071349844409 18.144618249300066 17.347658180720508 17.34253040725237 17.797218666023518 17.987850302288958 17.399446520871596 18.147748880795593 17.40492702514512 17.32402117680688 18.344360613336768 17.963407657435873 17.447196292723845 17.194388843453517 17.697672815739732 17.780545299271104 18.24722775067136 17.295141730951958 18.01510263903048 18.07842008339222 17.676431015703905 16.773952514457275 16.428849820223633 18.092341795312688 18.417031302832335 17.70291425639199 17.43173467978245 17.594790552162127 17.582367603628366 17.864461244044076 17.75943110248813 17.50920055850356 17.401141417774877 17.771010839510073 17.74917402056236 17.581858078293408 17.454422331552504 18.27896050673136 17.174908723703265 18.106918800022274 17.183628964537192 17.703650735719712 17.883749558671063 17.10551025321276 21.91694648739547 23.25212060501034 23.48486104682904 21.51487629540006 21.958132265431622 22.800976703177007 23.395308110019776 22.52575583596598 20.45450216122843 23.232336632122163 23.326037261425117 24.134452666085263 23.249763095266296 23.48814285493765 22.36649367604226 23.45338884676227 22.024552539182576 23.13362326250735 23.653925698358403 22.254313263304205 23.097338819310725 22.38601619638354 23.33838831891585 22.744204824330648 23.519254970845697 23.225070737424222 24.582640580571578 21.992856988892505 22.027976429552194 22.42115228787543 20.44304034416 23.144383496396483 24.040243105859247 23.313474057603102 21.686342464674905 24.344720928125575 23.179142700822716 22.29795273408659 22.32933297325942 21.646849777388287 21.63118040020368 23.298814742869236 22.83412751709428 23.043682776558878 23.54476546769554 22.624818593879947 23.562308417678747 21.655020942447816 21.31418670544618 22.709281256151606 22.364233332270096 21.704717002701333 21.92716915782938 24.05336798794596 23.66964218421278 21.539952988699312 23.49081408409112 24.127979749595482 22.486013532673088 24.690771095584378 22.65389768871706 22.55704570442719 21.78262009315513 21.182017166900557 22.30374639649298 22.417703368602453 20.39146479374177 23.11320880619761 22.817362543445785 22.9650415831353 21.64610046741641 22.242194885346183 24.496606313517027 23.218118669250938 21.130039147349965 22.264017693813447 20.88789389308608 20.906043436649128 20.831032304853764 20.91772060719483 20.757424643313808 20.702698447004714 20.866155263996816 20.79965943763063 20.528776614421417 20.828169791436142 20.578379845795197 20.4348504183542 20.485858825369366 20.413845545542195 20.351413996429354 20.645351023028695 20.95439483320812 20.405140437115758 20.585389786122366 23.73153978754702 20.75351831474234 22.300149926573003 19.961997787130347 19.659311196432178 23.418451987989105 21.847011273231065 19.808977347239217 22.95408498812749 21.4625317536136 21.962574673814444 24.623515016157434 23.973915690125754 24.32037142127915 23.745504778856215 25.08342730576119 24.882063675103623 24.055248505134273 23.549694809028157 23.97928741039397 1.1062882920270531 1.4506614076488134 1.1528051478250698 1.245832915372027 1.1612615949964187 1.2767373032213345 1.3234602517697134 1.1099053166135635 1.2051514133130208 1.2514616613933147 1.0956063999275185 1.0729363095618065 1.2453280345058826 1.1789600599054106 1.0421927087881822 1.3979732688301953 1.314914795617692 1.1332681199239507 1.5237959189064463 1.3194596641257368 1.3101118638776437 1.4205415527827705 1.3488472386740196 1.3331013143496504 1.3293353687431286 1.2523477949853399 1.2299657186122763 1.1864829178356222 
