0.0
2.083907158983757 0.0
1.9145039235106414 1.7948283421664357 0.0
2.0426187785515997 1.7703601456108995 1.7396617336181275 0.0
1.7359401240407044 2.210801832768187 1.984284513180012 2.1265188899909027 0.0
2.0080824841003033 2.783501087815476 2.531671246245981 2.7191891394462977 1.9391584532580228 0.0
1.839329476730191 1.9878220400230902 1.787358095403963 1.8567993886625886 1.8470625450519085 2.295638633015261 0.0
1.7368712740282883 1.9544645831079266 1.8178333715865551 1.9136592081265271 1.7783931417244385 2.144976522422001 1.7890456742454062 0.0
2.364817980206499 1.8346246978940524 1.88747283512709 1.7948283421664357 2.469335520394239 3.1410828675991445 2.08805033203452 2.1944738882121904 0.0
1.9700918524151367 1.737620589070731 1.7572003436559225 1.759170016357447 2.078254782002465 2.6282752567083114 1.9057004672102997 1.85987954294772 1.8833503734235086 0.0
1.8151630896377229 2.4370788742805463 2.2397049487996745 2.410931121356579 1.7991516375676597 1.8004232443472723 2.094595366823896 1.9136592081265276 2.8006583843146307 2.2928780066731145 0.0
1.7730979019890651 1.9569447952085468 1.7897579405276887 1.8679254372708367 1.7975288322345477 2.2101710823888703 1.7418971598439978 1.734133630593759 2.1287986551946894 1.8607486725954188 1.9897131274871338 0.0
2.1055551413460334 1.7254639734947421 1.7873580954039632 1.754437779710045 2.2246291475435713 2.8276849534919655 1.982393408029662 1.9700918524151367 1.8030524253381852 1.7368712740282881 2.473486762126815 1.9576098744417099 0.0
2.2956386330152605 1.8762161782200728 1.8505606930047998 1.7888448259606138 2.374605776958652 3.054677202325523 2.008082484100303 2.1425316587062677 1.7492503053342339 1.891847059323845 2.7229731686406127 2.065716731621735 1.82795071718651 0.0
2.2397049487996745 3.0825543091017713 2.8551711148399974 3.070155439876158 2.1804992684356344 1.839482585215171 2.649026438743135 2.416959297658409 3.5092770083700455 2.9185947712370695 1.9212482763711687 2.5284120918812585 3.130236031697411 3.4093816290857437 0.0
2.8077583266112383 3.801649156761279 3.493753806386159 3.7202659639681004 2.6765768546399666 2.1045218327600628 3.1775763088635682 3.0147195412331156 4.188911850816774 3.6180036402276676 2.402156084294193 3.0921805430915876 3.845588396904401 4.065150159337457 1.9786212473153242 0.0
2.0016307343336077 2.7788502369772274 2.52143212607946 2.7191891394462977 1.9324766080137947 1.7311841212874477 2.289997176214554 2.144976522422001 3.136962211248857 2.6282752567083114 1.8004232443472723 2.21601576703541 2.823106893102582 3.037692240027139 1.8182648823384482 2.1045218327600628 0.0
1.7212043083261253 2.0880503320345194 1.9190128751478857 2.0468455282061084 1.7409116163953215 1.9951290277606857 1.8346246978940526 1.7418401087328206 2.3684698058775546 1.983208847421181 1.8199181805314433 1.7779654979452608 2.11783329815778 2.306905320755345 2.2435604292114504 2.7985087806039837 1.9886352534066556 0.0
2.000528214712777 2.7126191571978024 2.531827965762499 2.7158384299612477 1.9812213312157738 1.7743242315661945 2.368037122235782 2.1334566808530027 3.132120829013963 2.5672513690723977 1.7779654979452606 2.2386936312717993 2.7676246522256416 3.0717171768645968 1.8089383516777793 2.21431322670254 1.7888448259606138 1.9962033954525216 0.0
1.8567993886625886 2.539986979494974 2.266735430348103 2.4399600146354965 1.787358095403963 1.777965497945261 2.0426187785515997 1.9580559849449564 2.8324040816733107 2.3868275155889163 1.7743242315661945 1.9886352534066554 2.5645267683688533 2.7263151093674067 1.981221331215774 2.3278289745150142 1.777965497945261 1.8521389871961684 1.8672796962742497 0.0
1.7776514595074568 2.048941468371699 1.9825712545707004 2.0927842062059328 1.8502589759543546 2.086404324030991 1.982743913518466 1.7869248466460654 2.4044149170534275 1.9556191897464545 1.8547560359148665 1.8646802243943799 2.0921148304443604 2.390019890705443 2.2778745012497392 2.9179106621587305 2.09876686079667 1.782506620838954 1.98782204002309 1.9910729007151728 0.0
1.7977271021808006 2.38750482668885 2.1449765224220005 2.3041581931417863 1.7566622868176767 1.8178333715865553 1.95313729431241 1.87376821934106 2.676576854639966 2.255494619560454 1.7738473925307687 1.9057004672103 2.4207464284452387 2.5915265386862236 2.0602985342326194 2.4693355203942393 1.8178333715865553 1.783246283713563 1.886151091041138 1.736689840838692 1.9082440608046278 0.0
1.848671716332009 2.2487412699190323 1.9610715114306232 2.0892068215490744 1.7977499567635609 2.1434558950877793 1.7967951838568395 1.8641881908065907 2.383179463328894 2.124665893853325 2.0048129463029225 1.826085586165304 2.23622766657233 2.241788753770051 2.4349762392837215 2.880755397697656 2.1130676379564433 1.8533408366006643 2.2608992234235687 1.903842858021404 2.0633773153362336 1.8750549476643439 0.0
1.8286930058010011 1.915876139560287 1.854998252270531 1.922235908703916 1.9043467183401457 2.2410674037698386 1.861207061054047 1.7838131135370277 2.169351766148818 1.8728780452143532 2.025500538318382 1.8137644063601206 1.9659566727666409 2.1816935322273427 2.5543861068579665 3.159627479761566 2.2525812839679675 1.8049078647501442 2.2094394097005234 2.0895018153847076 1.8128727515986025 1.9576098744417103 2.0268804659202275 0.0
1.792145095725255 1.974219036882149 1.8139855593463612 1.8808644458217465 1.8163198443029123 2.212364648582726 1.7612818029965123 1.7480632348714364 2.1446891589348738 1.8737372406286086 2.0018651188448064 1.724634020239204 1.9748782986821607 2.096020094994206 2.5494274023685675 3.100013892779689 2.2356287714163896 1.7969610975137438 2.240859277055901 2.000793791334992 1.8672796962742497 1.918384709874027 1.8655040715740554 1.8164367444668863 0.0
2.076429368396859 1.7242028926850002 1.8222751461578763 1.7991516375676597 2.2104067327313537 2.754972552331102 2.016715861433454 1.9507050401830084 1.8815633915417145 1.7418401087328204 2.4098171225248377 1.9648773643198694 1.7418971598439976 1.9397907018077674 3.0481728084166715 3.772573593541417 2.7596636444355487 2.0805874323821847 2.6668723691352816 2.5313018187328935 2.0100140793141184 2.3782628826475443 2.2856690562362423 1.8975422939506075 1.9722693607690447 0.0
1.7594213579464386 1.9745312099019052 1.8411483578700465 1.9324766080137945 1.8004232443472727 2.1265188899909027 1.791754879833394 1.737133675002518 2.2123646485827257 1.8975422939506075 1.932476608013795 1.753033458850389 2.0072977274407515 2.1812442361955 2.435871255208625 3.003768808214131 2.1325928481099448 1.7446226208727618 2.1311818984323536 1.9588815554976662 1.8034799278265743 1.8560981872519298 1.8920647370842616 1.7418401087328204 1.7613147596215442 1.9675256066664188 0.0
1.72138737368227 2.102215740520747 1.9511948322653137 2.0809987859938266 1.7495047244943918 1.985653156359446 1.8835776632156944 1.7485803020559292 2.4116016628406696 1.98782204002309 1.7939272754361375 1.7991516375676597 2.130579200906142 2.354183677943794 2.2003602687666115 2.778268333199333 1.985653156359446 1.7264007738988238 1.9556191897464545 1.85987954294772 1.7522750657070874 1.800908292627094 1.8995232745307493 1.8282864165229649 1.8125816503857946 2.0846828908862727 1.7691544162144406 0.0
1.7359401240407044 1.983469516013756 1.8787558349154245 1.9897131274871334 1.7939272754361377 2.1073473821983773 1.8684442118519347 1.734133630593759 2.2855126814206743 1.8920462058809262 1.8679254372708372 1.7869248466460654 2.013506402422527 2.244464043155617 2.3268943736032965 2.956248966632312 2.101200448062204 1.7409116163953215 2.0531552017952492 1.9588815554976662 1.7415766176306564 1.874630909833389 1.933837452499046 1.7883393876660079 1.8058262047204663 1.9681661235722379 1.7567188565646275 1.732639653741308 0.0
1.917035836391229 1.7975288322345475 1.7246340202392043 1.7368712740282883 1.986727498706508 2.522073288926351 1.7900698550829413 1.8151630896377224 1.890040959400953 1.754437779710045 2.2375381857763172 1.7816088546788753 1.7900698550829413 1.8688185445859808 2.863652862930417 3.4923651777509175 2.527196735720693 1.9215388468240588 2.5222306048147494 2.264594530224963 1.9703002702880446 2.1427139699154902 1.9832074013526693 1.8418775452167893 1.7897579405276884 1.81427212228292 1.8332277275548257 1.9487073019282002 1.8813358583993804 0.0
1.986727498706508 1.7396617336181275 1.744302579504541 1.7341336305937587 2.08700835657755 2.640682141423373 1.8751351167101908 1.8679254372708367 1.8458845404436022 1.7264007738988236 2.3248088740875237 1.8512658154900001 1.7404098472581377 1.861175873264907 2.966900345243692 3.6409265905584682 2.6455758991860123 1.9910729007151728 2.6036150137203116 2.39201424244603 1.9897131274871334 2.253324708528938 2.1116539834240626 1.8575207451316926 1.8591095971495586 1.7485803020559292 1.8854846322089485 2.0100140793141184 1.9170358363912292 1.7359401240407044 0.0
1.789780883949291 2.059473729347983 1.9902072372872586 2.106169857339878 1.8619154597244665 2.072891041302733 1.9762094424106407 1.8025831858150547 2.4133963608181634 1.9874085430302264 1.8698464340647651 1.8831284891452136 2.1188100273996744 2.4053694200537086 2.2816909252095288 2.9038125338588867 2.072891041302733 1.7752352483581324 1.9910729007151726 1.9878220400230902 1.7399237137582595 1.8866160168546495 2.0613242136700345 1.777965497945261 1.8959637472755735 2.0271401447418094 1.7842083069783317 1.76824026651382 1.7539555342536912 1.9877685283955981 2.0070124307232104 0.0
2.2154375626288996 3.094695471228454 2.771255011521282 2.9741918229989155 2.0888245252772335 1.8402924167984638 2.4839468971686447 2.375939848488428 3.4082575617795476 2.9038125338588854 1.9692709815214133 2.4134008589249327 3.108476554132447 3.2657984545520025 1.8904323525814515 1.9874085430302273 1.8402924167984638 2.2271100151191963 1.9688326086393748 1.8737682193410599 2.378660336575188 1.9930540321186687 2.2159895728219214 2.5838860559391468 2.423429250094275 3.0828123192148196 2.405536324126312 2.2113905654110577 2.364232911667971 2.769504145873633 2.9249645556359853 2.4048640914614983 0.0
2.4091460843468373 3.3443406641835662 3.040205888688771 3.2583636877121855 2.289105592068562 1.8815181940189436 2.752959755510099 2.596644647144297 3.7109619070096422 3.1580919375461254 2.074092041610111 2.6654500963781143 3.3753164454195304 3.5800309356173132 1.8178333715865553 1.81398714031461 1.874630909833389 2.4127308174699915 1.976646547381209 2.014309246587202 2.5329969249875313 2.1427139699154907 2.472633475192436 2.7752782094139454 2.678158339302618 3.3220552569405295 2.6117819809081637 2.3883984161397662 2.5503770838853117 3.041800941956666 3.186976961915594 2.5415240158333354 1.7752352483581324 0.0
1.9700918524151367 1.737620589070731 1.7572003436559225 1.759170016357447 2.078254782002465 2.6282752567083114 1.9057004672102997 1.85987954294772 1.8833503734235086 1.716175727935429 2.2928780066731145 1.8607486725954188 1.7368712740282881 1.891847059323845 2.9185947712370695 3.6180036402276676 2.6282752567083114 1.9832088474211813 2.5672513690723977 2.3868275155889163 1.9556191897464545 2.255494619560454 2.124665893853325 1.8728780452143532 1.8737372406286086 1.7418401087328204 1.8975422939506075 1.9878220400230902 1.8920462058809262 1.754437779710045 1.7264007738988236 1.9874085430302264 2.9038125338588854 3.1580919375461254 0.0
1.8587096614561613 1.785235262992233 1.7551717046760804 1.8063267371336609 1.9531900262560151 2.440075435383379 1.8505606930047995 1.7856516549579495 1.9921494558805597 1.7492503053342339 2.1325928481099448 1.808290464000962 1.8023304482142588 1.9746818216975761 2.704055135447327 3.387287986999101 2.424120279894698 1.8633536291955408 2.385475199747105 2.221268389958454 1.86418819080659 2.096871009569927 2.0124258306609875 1.8027470976597697 1.8375600060333246 1.7919787361699964 1.8111676781204653 1.8748373544190422 1.7975288322345473 1.768935650963154 1.7633129062594355 1.8688496048324799 2.7180338796541794 2.9461786283595113 1.7492503053342339 0.0
1.7842083069783319 2.1944738882121904 2.089691580253943 2.236999141198266 1.8355057859927972 1.9843331369402166 2.0514724445184056 1.8381465162721975 2.5792783470194336 2.0882470932134125 1.785235262992233 1.9357972064766935 2.241397393291267 2.535413263783474 2.1022157405207476 2.724590805063053 1.971253069931892 1.7890456742454062 1.8854538460015562 1.921538846824059 1.7507790971157808 1.8645187861835961 2.053563662293953 1.8978041291825787 1.9582188203666586 2.16335090340433 1.861207061054047 1.757933115270919 1.7703601456108993 2.0966435737139397 2.1331949767148717 1.7594213579464386 2.243951412442002 2.3605745315003928 2.0882470932134125 1.9487073019282002 0.0
1.9700918524151367 1.737620589070731 1.7572003436559225 1.759170016357447 2.078254782002465 2.6282752567083114 1.9057004672102997 1.85987954294772 1.8833503734235086 1.716175727935429 2.2928780066731145 1.8607486725954188 1.7368712740282881 1.891847059323845 2.9185947712370695 3.6180036402276676 2.6282752567083114 1.9832088474211813 2.5672513690723977 2.3868275155889163 1.9556191897464545 2.255494619560454 2.124665893853325 1.8728780452143532 1.8737372406286086 1.7418401087328204 1.8975422939506075 1.9878220400230902 1.8920462058809262 1.754437779710045 1.7264007738988236 1.9874085430302264 2.9038125338588854 3.1580919375461254 1.716175727935429 1.7492503053342339 2.0882470932134125 0.0
2.237538185776317 1.8208608288776849 1.81427212228292 1.7522750657070871 2.3248088740875232 2.9785295408959773 1.9700918524151367 2.084104311321425 1.7326396537413078 1.8428423039232984 2.6552172277280484 2.01643900611016 1.7890456742454057 1.7292081300378614 3.3437748158172984 4.000476344499304 2.9698314587442347 2.2413973932912667 2.9870574478827923 2.668690569947705 2.3069289241182176 2.5239958002315217 2.227283789027896 2.0865981207268938 2.0379735987489505 1.8716041262962153 2.1044714037739687 2.2883406761440686 2.1782736133869314 1.8222751461578763 1.8063267371336607 2.313494570737908 3.2240242074221777 3.526441361595167 1.8428423039232984 1.9212552324808638 2.4617925233703466 1.8428423039232984 0.0
1.732639653741308 1.9657000699767984 1.845884540443602 1.9478774192176704 1.7825161484150343 2.1208848888958203 1.8256010790933612 1.7204478434356998 2.237538185776317 1.8716828985591998 1.8866160168546495 1.7551717046760804 1.9886352534066554 2.1933232094190704 2.370963402104657 2.9828966501591645 2.1208848888958203 1.7376205890707312 2.088247093213413 1.9543033509030563 1.7579331152709192 1.8698464340647651 1.8992978929576567 1.779693111521988 1.768935650963154 1.9544645831079266 1.7413543745187547 1.7359401240407044 1.72138737368227 1.843254896040726 1.8874728351270895 1.7738473925307687 2.366652742831459 2.571075368030367 1.8716828985591998 1.7897579405276887 1.8018456481710556 1.8716828985591998 2.1294018566796153 0.0
1.7264007738988238 2.078254782002465 1.8911914596090518 2.016715861433454 1.7376205890707312 2.0263137381066136 1.7991516375676597 1.7404098472581377 2.3285234469255003 1.9745312099019052 1.8505606930047998 1.7617949906829282 2.101200448062204 2.255087320939172 2.2899971762145532 2.834116089144941 2.013506402422527 1.72138737368227 2.048981561852027 1.8587096614561613 1.8173434956443995 1.7900698550829413 1.8111050281884962 1.815216243618409 1.7864018901217826 2.0809447259381515 1.7450487035851066 1.7418971598439978 1.754437779710045 1.8988703250906722 1.9766465473812083 1.8066357910986615 2.2391438325392037 2.440622580676957 1.9745312099019052 1.8567993886625889 1.8247152083809275 1.9745312099019052 2.1976731057190126 1.7446226208727618 0.0
3.347406955876098 2.4134008589249336 2.7126748416159683 2.5332173263245767 3.5188518658703156 4.232211542953318 3.0728491168902834 3.13396675632625 2.2154375626289 2.5863623567369527 3.8288340403457837 3.0988723313430406 2.4028290745706 2.3895356080906467 4.574074369069447 5.357612401367064 4.226094557823359 3.3448240890070693 4.142379295789681 3.941431621289014 3.2684437715218486 3.7415632737209443 3.4721504075129235 2.9915567449362968 3.112927858110218 2.4459166477277585 3.136545260507019 3.3772319937902266 3.188166584850278 2.718033879654181 2.559455369109764 3.2625021361092847 4.593045958224299 4.874887712782081 2.5863623567369527 2.769504145873635 3.4844691706111934 2.5863623567369527 2.366652742831459 3.159627479761565 3.3201078743024954 0.0
2.0371106539549273 1.8787558349154247 1.7542502685208132 1.7522750657070871 2.081775601643456 2.675466986021132 1.7996371633442196 1.923778259884875 1.8521389871961689 1.8428423039232984 2.4010503018258644 1.850258975954354 1.8479377028525132 1.7900698550829413 3.041895142358688 3.635842365224239 2.6657802348741932 2.0413488085827924 2.7245526042524277 2.3711988643963267 2.163181239210058 2.2550873209391717 1.972269360769045 1.9812907558573416 1.8737044596026537 1.927975968381516 1.9458242217732578 2.0927842062059323 2.0254154999690512 1.7625258520705689 1.8063267371336607 2.1701818222376907 2.87270583234134 3.1748552812380755 1.8428423039232984 1.8646802243943794 2.2811543375606216 1.8428423039232984 1.7774837434537412 1.9727605734015772 1.9932410198594024 2.7045442939343167 0.0
1.8026197282496286 2.1419900073231943 1.965956672766641 2.077671501602798 1.8133680167353845 2.0271401447418094 1.8445091532557945 1.8106911496023395 2.385581626236696 2.0620524612060964 1.9168074711116794 1.825950531167109 2.1880887611263407 2.3486836053233495 2.3562406114633654 2.841543296769694 2.033510962042101 1.768740199055463 2.074942431266012 1.8975422939506075 1.8744356175910213 1.801805868217558 1.9043866925208752 1.7873580954039632 1.8339025919827874 2.1355338221352986 1.7515556025457677 1.8121207791667016 1.8294890476387717 1.9585408508846434 2.0340367072272905 1.8182648823384484 2.316689870631758 2.495118601162389 2.0620524612060964 1.9379078207635134 1.902095185313847 2.0620524612060964 2.262332332328324 1.8147407782038987 1.7691604733256607 3.3478031525507306 2.0643135095105145 0.0
1.8913403697482765 2.5653456454259307 2.3007441409289147 2.461097241313372 1.8232151232665514 1.7730979019890654 2.0657167316217344 1.9843331369402166 2.8551667738297555 2.4155973652585456 1.8032806872207123 2.008082484100303 2.596311278308826 2.7702775642023427 2.026435718301787 2.3352177468897843 1.8020418517127201 1.8775816809668766 1.8719024028949183 1.7361692324319962 2.0040525745347795 1.7465811730548622 1.9640673913659572 2.077056188686007 2.0008228028335506 2.546608330579939 1.961071511430623 1.8875239528164025 1.991652924826698 2.281690925209528 2.408206226203094 1.9964695473758014 1.9102807075621724 2.0461930909345982 2.4155973652585456 2.261688974499699 1.9615416464294775 2.4155973652585456 2.6976366413865183 1.9806302899660886 1.8909165536116015 3.9567217532230954 2.4037300483493897 1.8815181940189427 0.0
2.1055551413460334 1.7254639734947421 1.7873580954039632 1.754437779710045 2.2246291475435713 2.8031270148602148 1.9648773643198694 1.9700918524151367 1.8030524253381852 1.7566622868176767 2.473486762126815 1.9576098744417099 1.7362026657442846 1.8467659277357096 3.130236031697411 3.82756697964125 2.7985087806039832 2.1014464807372564 2.7551053787875777 2.5510109718104967 2.0921148304443604 2.3920142424460304 2.23622766657233 1.9124758657423888 1.9748782986821607 1.7418971598439976 1.9725524154818002 2.130579200906142 2.013506402422527 1.7900698550829413 1.7404098472581377 2.0859230085129434 3.1195780251460277 3.3753164454195304 1.7566622868176767 1.8023304482142588 2.241397393291267 1.7566622868176767 1.7890456742454057 1.9886352534066554 2.0846828908862727 2.3883984161397662 1.8479377028525132 2.123951543005622 2.5695429786457917 0.0
1.854756035914866 2.5384936161095357 2.2664891155266225 2.4370788742805454 1.7852352629922328 1.789780883949291 2.049213932513617 1.9544645831079266 2.8310649700959702 2.376620262457889 1.7703601456108993 1.983469516013756 2.5562948274825086 2.7221392368208512 1.9825712545707006 2.3396317805199525 1.796993399785278 1.859409878054955 1.869309359387362 1.7221434258767787 1.9842845131800122 1.7524784555308117 1.9086391165921122 2.1077813977863036 1.9907924792824547 2.5272455455266996 1.971253069931892 1.8560981872519293 1.9569447952085468 2.260059631113505 2.3877213585191943 2.0016307343336077 1.860748672595419 2.012425830660988 2.376620262457889 2.2224725142089525 1.9212482763711687 2.376620262457889 2.6684813579511957 1.9507050401830084 1.8676871496284273 3.945673188265043 2.3709634021046555 1.9283228572936502 1.7445638627316855 2.5562948274825086 0.0
1.9478774192176704 1.8142721222829201 1.72138737368227 1.7326396537413078 2.009209518878206 2.5703984386579193 1.7823393616503114 1.8432548960407265 1.86705964846152 1.7752352483581324 2.2862200080536685 1.7975288322345473 1.7987385055642295 1.8270117268781896 2.9153698281569342 3.53623093761593 2.565361274193856 1.9523092946927767 2.5876304990416545 2.293583061887113 2.031791725014262 2.173328790662298 1.9630985146314721 1.8842816756913012 1.8163198443029118 1.8458845404436026 1.864518786183596 1.9897131274871336 1.9204134867379228 1.7242028926850004 1.7522750657070874 2.042412425270113 2.7985087806039823 3.0804555240095786 1.7752352483581324 1.7869248466460657 2.149333084225862 1.7752352483581324 1.7948283421664357 1.8787558349154245 1.9190128751478859 2.705142056555046 1.7341336305937587 1.9878603239512738 2.321634701299334 1.7987385055642295 2.2919291535299102 0.0
1.7948283421664357 2.4098171225248377 2.1966831293829587 2.3648179802064995 1.7703601456108993 1.8044959162086809 2.0413488085827933 1.8866160168546493 2.75040651211829 2.2638804469394205 1.7204478434356998 1.9487073019282004 2.440622580676957 2.665758460129473 1.9553336837762072 2.4234532021696973 1.8044959162086809 1.79963716334422 1.8066357910986612 1.753515957892519 1.8587096614561618 1.753033458850389 1.9491152242097085 2.007297727440752 1.9611134013465885 2.3883984161397662 1.9057004672103 1.7816088546788755 1.8560981872519298 2.1944738882121904 2.2898118088458173 1.87376821934106 1.9580559849449561 2.084682890886273 2.2638804469394205 2.1083597145683513 1.7975288322345475 2.2638804469394205 2.602158166348595 1.86705964846152 1.8225814957634838 3.7961008957135447 2.342240625591003 1.8898093320529998 1.782810414139416 2.440622580676957 1.7495047244943915 2.2375381857763172 0.0
1.7816088546788755 1.8552268789637845 1.770360145610899 1.8432548960407265 1.8512658154900006 2.2816909252095288 1.8030524253381857 1.7326396537413078 2.0809987859938266 1.787358095403963 2.010014079314119 1.7522750657070874 1.8716828985592 2.0476754197440408 2.553749992583699 3.196288722611434 2.2760148971089733 1.7864532607700347 2.2471608622825454 2.078254782002465 1.8063267371336609 1.9720731157860512 1.9271302232829366 1.7733049464786717 1.7715461551968765 1.854756035914866 1.755244103243261 1.7948283421664357 1.7485803020559292 1.773097901989065 1.7975288322345473 1.8182648823384484 2.5399869794949743 2.7657972383881186 1.787358095403963 1.7354369174900535 1.8787558349154247 1.787358095403963 1.9897131274871331 1.7368712740282881 1.783246283713563 2.947465441218517 1.8789836804824513 1.857133694954281 2.1091721986167693 1.8716828985592 2.0764293683968584 1.7982527371513155 1.9842845131800124 0.0
3.7822372132588864 3.900271003690483 4.0628276455487065 4.101622117932144 3.905474890912732 3.678847777940044 4.098362937995731 3.7947299109981962 4.350866462916659 3.9081209567634114 3.6620091572692828 3.928041536527021 4.034297153156814 4.532321268275485 3.8084494582622646 4.212433212651158 3.789689999926627 3.7293109383516008 3.4530406653349357 3.8914453622513836 3.447439232565251 3.767139282484365 4.329219715203357 3.489527887273365 3.8544965877942285 3.7677913258488984 3.665474762419015 3.6812913690534397 3.673467098174473 3.984469269657774 3.9075399314486656 3.394888930289559 4.223676433344234 4.145047742730629 3.9081209567634114 3.851721840250877 3.539106102989251 3.9081209567634114 4.344992608994443 3.718519952499684 3.833667042224451 4.675016877026366 4.320274463865544 3.6167909517754167 3.742227817621664 3.9301229893445893 3.9162713960548077 4.120673210156421 3.727573689579204 3.8012529696760806 0.0
3.391851246651508 3.4726201601112994 3.6039215932908895 3.6269375792603626 3.5036967379707202 3.351337188229123 3.6166899037967917 3.381725393745329 3.8595487667141364 3.4882504789261084 3.339329565187971 3.48226607530952 3.6029045010809084 4.0407424730671595 3.593189807038725 3.993094462003206 3.4651913278856434 3.327540583263938 3.191259876272039 3.510135054226288 3.1066892032461233 3.3666703404797107 3.874124595601234 3.051431642117776 3.4047929674753616 3.353397955742891 3.227319482323724 3.307621101791038 3.2969496352470444 3.520863847620776 3.459123447122963 3.0326459006343165 3.906720377301774 3.8840026605686178 3.4882504789261084 3.4399197921551754 3.2274437334898356 3.4882504789261084 3.851247024480156 3.3225986836134855 3.416526683914911 4.236807196707803 3.823338111451776 3.161000162688575 3.3465114939969123 3.475930590206295 3.5443458995884787 3.646695089705321 3.385178969319543 3.3871346072437207 1.6244981354764716 0.0
3.874124595601234 3.914260723697437 4.096863329331779 4.1156648337270765 4.004246312019281 3.8270050334972967 4.148688990501137 3.867053831917287 4.334218602719784 3.9384594245236872 3.7951519766275648 3.9889822147674687 4.048466822002686 4.533040275461214 3.9968358046898445 4.416568014897258 3.940245700631652 3.817946154164506 3.6126308870033617 4.015052792809717 3.539851841539859 3.8764642842496158 4.4110864711877875 3.538873159820278 3.9116247574230143 3.782732904307146 3.7293109383516008 3.7778112262584473 3.75767909850806 4.014338242245347 3.9281106297155155 3.482486718677376 4.385947149923124 4.33036484708019 3.9384594245236872 3.900577719592585 3.6550216290579476 3.9384594245236872 4.342165610378102 3.796167038516053 3.917847276162471 4.590899104355576 4.342165610378102 3.6866225365480036 3.859437957048693 3.9358933208204894 4.041796508948594 4.149140902388465 3.854647813142395 3.861281464696659 1.4760364749774 1.5976741535647059 0.0
3.838744349674559 3.1531880173697617 3.4983684946193523 3.3528435560604692 4.025764072124278 4.398439929305286 3.7544225914186464 3.6703658254396516 3.2395091979675983 3.313373476777774 4.139477689887926 3.6966867941718045 3.2451524497468127 3.5297780820648383 4.769359525882975 5.441232510778403 4.471354992588459 3.7911700309269083 4.2495610555479875 4.306435300178429 3.5789369411640033 4.082167887736737 4.213466456466637 3.3044314727847364 3.6371613430020013 3.07534155221149 3.5527071245048076 3.803717588039831 3.660819303121852 3.4269264298706075 3.257805291097913 3.5253113267991387 4.950186416788574 5.11085343557379 3.313373476777774 3.441489738444643 3.8304618881138865 3.313373476777774 3.3707449773947142 3.652321236844406 3.830990944681183 2.8402112127733448 3.6159972808801575 3.6469428314271912 4.197852424056702 3.125774812888202 4.3301179276277715 3.509527558352901 4.14479438616241 3.537232030507063 3.1458984986348786 2.785097086831152 2.952276896550605 0.0
3.774476972895947 3.566222880914334 3.8169434178117094 3.784644266289566 3.9339108194019823 3.9470881615072377 3.9421954885367176 3.711146104522486 3.9081209567634114 3.6398705341356026 3.828229808573652 3.8098523572958833 3.6971798724852807 4.145122034062419 4.195511829725246 4.728592348157505 4.047402205202556 3.716792686279243 3.7437568067737232 4.04249158272023 3.443496554404097 3.86351920155009 4.28391500552101 3.3432165708993913 3.736577426839962 3.4441014170186155 3.5701067763886707 3.694123464407712 3.6268659298401187 3.7360254533299964 3.6151344391393705 3.3787611200589116 4.531989284271388 4.550680783291487 3.6398705341356026 3.6513328909128497 3.612122476648703 3.6398705341356026 3.955280324878585 3.6533323797739494 3.801382228038778 3.966693851811225 4.035692064025019 3.5707663099848026 3.8979429973497077 3.5735572800128845 4.071438386713594 3.860322158906431 3.8720823186358526 3.658867089196276 1.8233354607806294 1.718984407383036 1.6811218057184174 2.2522516224369524 0.0
3.2960888239835606 2.977525459594483 3.200076401256846 3.1261785824515047 3.4435843254420195 3.613783722308493 3.32461106411889 3.1877408139801457 3.2010294301430298 3.055109913021547 3.46179943616562 3.2312096184686907 3.084283421324672 3.4397336255658812 3.981363449069983 4.531147529549325 3.7196132569486595 3.2405575996777647 3.482990329232876 3.610383815745182 3.033037293265351 3.4189258969389695 3.7106671904990556 2.8322157595235593 3.1475631416387335 2.8735671342936118 3.0462266879148694 3.241210753527329 3.1633191484496477 3.106238940708779 2.9991561525107553 2.980439516274776 4.162773748819576 4.273856161485593 3.055109913021547 3.1147898353698293 3.255474200079049 3.055109913021547 3.2574460903811904 3.157662111492102 3.3008784688130417 3.317441741763295 3.3546271058051413 3.0696071107939353 3.461517433860887 2.9584215355230836 3.634153338349024 3.216376853072978 3.4766114114222706 3.1256882518616003 2.3341832264458184 1.9301641349003067 2.1902508105330987 1.886395329914 1.7584751269247123 0.0
3.4278988299444704 3.575146569966379 3.667540315208687 3.6971798724852807 3.519270999850741 3.3210032595674206 3.640328175003294 3.42734571838801 3.947021286899891 3.578409480487946 3.355282880560216 3.5164111832136493 3.7025275207992365 4.116719191688863 3.585078518180968 3.91419102036426 3.443383796840966 3.359135537381658 3.1955431719750114 3.4925770567516223 3.1707622737313343 3.359172511312539 3.879755795277131 3.1030218423291642 3.4340619158753976 3.4599644086674783 3.262536999804486 3.3470317199619672 3.3544254912694678 3.580541697438161 3.539179227765349 3.0912595893138253 3.862218324262842 3.8339408898734333 3.578409480487946 3.5208910860294256 3.2852118071061502 3.578409480487946 3.926933176001404 3.373374772043033 3.4449225440696836 4.391320008956214 3.8720053603533695 3.169265440239664 3.315098182793168 3.5694176134091813 3.5300240374393996 3.7038747348630894 3.3965975051968704 3.4501220818897522 1.7094805069309373 1.4760364749773998 1.689136916077012 2.947645112010833 1.8703377993299568 2.0287825496415106 0.0
3.365162478893652 2.5911519937916117 2.8979708751422186 2.724458045773236 3.53721107556843 4.046978185370714 3.164483475718772 3.1679855375968717 2.5479578726178955 2.7539760672716516 3.7527667075176496 3.1500718366834395 2.650018437508549 2.8167715008150296 4.465690573362745 5.151824162805763 4.104106044762277 3.3264156958606277 3.95252464903909 3.868002597636635 3.1888242144336183 3.6456767931329295 3.6294046906482103 2.8581051968085847 3.1019699716918927 2.5487101268806893 3.0722904492554335 3.3582852122408795 3.2051884181406383 2.835364804211462 2.681797649040464 3.1471428411515268 4.535182333689922 4.760697412253989 2.7539760672716516 2.9132065279665516 3.452570929490427 2.7539760672716516 2.6846274599921713 3.1749294992025394 3.338728956729182 2.222983573104158 2.950686344320147 3.1965230713044885 3.7845505136257227 2.543515909144735 3.88684209003308 2.888862896364981 3.735120223714655 3.0229753985095336 3.590576830016369 3.1158335011608536 3.440446627438509 1.725207098369021 2.770220280559466 2.120810713639856 3.248267925366377 0.0
3.625829866775367 3.494583147424871 3.7293109383516003 3.7146592323779517 3.7812549213188977 3.755167548620499 3.842385044984813 3.578970408258562 3.875756228586191 3.5449383649438686 3.6404711268015384 3.6891903406821442 3.622640954565067 4.096735490818279 3.970046455009569 4.500866663084949 3.8604718590064113 3.5754236453936836 3.5337455443141828 3.87163538753249 3.2827791688823855 3.7082122687762724 4.15831882401305 3.240165717220497 3.613469420399097 3.3655069459091775 3.4525884932409863 3.5379585453352136 3.483081055014607 3.6464488489573474 3.5335012936282344 3.236244489009246 4.324097688111102 4.329150669688855 3.5449383649438686 3.54723060759061 3.4394681809207786 3.5449383649438686 3.9096322991502825 3.514811224735566 3.6672846249733806 4.020582332662558 3.964038770336937 3.4577830208947677 3.729734917604793 3.5161031333680524 3.8929798801242326 3.7775856702836617 3.6905380835010906 3.539890791398158 1.6785666508024402 1.6411159595802705 1.5889628258365063 2.4291628532815226 1.4891622704863565 1.8237953928484876 1.7966432289300616 2.892054402506583 0.0
3.2349012268753587 2.763500659545363 2.9822003252135163 2.8722326057169294 3.3791915534260046 3.6845513129480265 3.1269274935764644 3.089817019796671 2.8594912378742907 2.8784447295604627 3.5039810447107733 3.0937299106612866 2.858642337062382 3.104883743909975 4.115485311277965 4.68466620254379 3.767862838462161 3.172857968013736 3.607718451270559 3.600107487071384 3.0412938123646325 3.387224817161888 3.547848564400485 2.7240308072466837 3.02556050851497 2.693156444640722 2.938441540166255 3.2080293933491917 3.105912798314411 2.901407186357198 2.793582430347705 2.964190104330982 4.218036153783757 4.382140991118313 2.8784447295604627 2.9591536982216735 3.2782553733750444 2.8784447295604627 2.9341686937937346 3.08268134216653 3.2056187805900525 2.8924719868433275 3.0767033071113192 2.9690711615937206 3.468234894097198 2.709640050385134 3.634053919699018 2.9816267100376757 3.4976904098574613 3.0015505330595174 2.8952946083172115 2.380498827905218 2.7423795634123116 1.757738819419574 2.188770939043443 1.623121070228059 2.4618116433373003 1.7570632741121377 2.312523480263231 0.0
4.136168851771386 3.2271467639968825 3.609302084259578 3.4097819529414783 4.330494015463487 4.873215253826591 3.939031327523375 3.925271511851476 3.148163714323647 3.4205607121588733 4.541207415246043 3.916678239241339 3.2790804513211107 3.4423238666147578 5.261956515939573 5.9992632649319315 4.926014640311079 4.104706523331248 4.740904660861782 4.692251005402299 3.923888512297932 4.462998546290137 4.4252782046563155 3.6134163559160433 3.873090375820882 3.1845090548359636 3.8467723934170075 4.125452179937304 3.949565177707806 3.5537748121886903 3.365162478893652 3.893414814185401 5.373958212626736 5.5972324854928015 3.4205607121588733 3.6111554290903327 4.195152189695926 3.4205607121588733 3.3267677318725744 3.927141211438751 4.119828084559908 2.4028734873673763 3.6638048749616114 4.000603410202789 4.618101196370295 3.193625536466881 4.706419233564629 3.604272970899564 4.52987783703829 3.7542723010337475 4.050423182455263 3.6638987283947495 3.863350095724245 1.7792164034673028 3.103875499481552 2.589517730187389 3.833908227572713 1.7218038557561037 3.2745864980232464 2.2563426624001064 0.0
3.201167331064324 3.0720235149618254 3.237565737175452 3.213418101945544 3.3295767050088956 3.3659607843346966 3.297725169235248 3.136443915191078 3.3654245515583168 3.1272544959794994 3.2836214519570426 3.2020555908467414 3.195675517898768 3.5730563268470097 3.703199729338718 4.18516739996664 3.4681656523817876 3.1329448982276418 3.2417018533670316 3.4243007662841647 2.9459806877505947 3.244236041265228 3.6268659298401196 2.771981341861433 3.1269481748526733 2.9680189651362396 2.972575833374915 3.1383743455959987 3.0895503715926993 3.154087829254369 3.0740771009840144 2.8610174879202055 3.931492879433004 3.989346498625251 3.1272544959794994 3.1221269294343745 3.118825791588515 3.1272544959794994 3.3847978451453504 3.096399899086954 3.2014454869550817 3.6363139654976853 3.4162912319631404 2.937129108803888 3.2682618954857667 3.0518051444547325 3.462163737424467 3.265662543908609 3.3081215244997906 3.1048837439099755 2.0418207281040663 1.640295320895925 1.939174833952263 2.24076679787748 1.6954948772823708 1.5656930087827203 1.7015272551889251 2.483981255480719 1.7245471684531986 1.824267033859544 3.0355826580685035 0.0
4.005458255625747 3.3179047698998656 3.7164905353074587 3.585387224559649 4.215260989859473 4.56611018730358 4.016730695264466 3.8495512480927023 3.4910321123996213 3.470983289980519 4.268108825315273 3.912363202707283 3.411746984836651 3.7818539126283075 4.854099871995052 5.586154617008543 4.636389101513827 3.9729609499559304 4.348632255694541 4.503123082343043 3.6836100546679966 4.288757786388422 4.461189812270702 3.510548139232341 3.8561684624406514 3.221305096342182 3.765183811421773 3.953376862466714 3.8020289889333245 3.6493211054428127 3.454432499958264 3.6599774670111964 5.118996368847149 5.252709494538149 3.470983289980519 3.602377244247046 3.9233798973055274 3.470983289980519 3.627933534846552 3.8131474411518553 4.029237726044979 3.01230998318318 3.884534167059523 3.894815734239034 4.411168589539607 3.3296986274254747 4.514304256050645 3.7466411605598977 4.290409587847781 3.708419514056911 3.055838215790218 2.8605673635122435 2.881118086105845 1.6298434418486467 2.2189010889249112 2.0920044303162935 3.0777123985801484 2.056539749879477 2.3461827025067423 2.1536805197055386 1.9604673000294768 2.4427462031269154 0.0
3.4524172576085155 3.269712680885242 3.4784341414217015 3.4395764059765734 3.5949429688873673 3.6367200584808255 3.5732076075526127 3.380575089561598 3.5729978090264796 3.3277019878044656 3.529809469527157 3.4538795071077693 3.38971840753489 3.7993716173556313 3.9464493008116945 4.453721432960306 3.7488080913866817 3.394352170618372 3.4766114114222697 3.7041956713374184 3.1575669596344715 3.5281401537031445 3.9186662482154793 3.024583189807877 3.370002564131784 3.1526858929104375 3.234813452530264 3.3808345830639803 3.3243364543789777 3.3865810132965137 3.2870639896279745 3.1001068838586487 4.200628870722828 4.254568642273182 3.3277019878044656 3.349851636437464 3.3460749535976753 3.3277019878044656 3.610612016130074 3.334662385726563 3.47082120297336 3.7454803369887175 3.669454699161461 3.2296708224238566 3.5471097534680913 3.2650427369004755 3.730268115259832 3.508363372396425 3.560867827311389 3.3401426593155885 1.9368465568703237 1.650610661622466 1.806729033483977 2.170763696723771 1.5457060985228954 1.548841007941567 1.7506739303486019 2.538394201808451 1.5709216677446427 1.9210922034283682 2.989358607606475 1.5134848886068586 2.2701871344141713 0.0
2.9093142113780037 2.63482679105813 2.8259548192784 2.7771692518525795 3.053149632947449 3.2393937616505957 2.934829553630626 2.810255726826845 2.8781108222671823 2.7132016183222616 3.0848128497975758 2.8593778150928117 2.749562742282284 3.091540342545819 3.6062194715450953 4.17153930602853 3.322188275184485 2.8462468624077566 3.1242031570369453 3.220512645142612 2.6775040049375156 3.0220819568357964 3.2988210703017247 2.4515634460866718 2.7959077004138546 2.545548906569938 2.659614546590643 2.862328571040903 2.78261633181515 2.75115835079842 2.6554750067991435 2.5954419056960782 3.7912524311122273 3.9030173846424465 2.7132016183222616 2.7344707994397512 2.8735459602582183 2.7132016183222616 2.9124879588733203 2.781373593938207 2.899678647010913 3.107422846395103 2.9851239117928303 2.666354374865546 3.090592231651646 2.607594491583269 3.2560877808169666 2.849465769451049 3.096688325036197 2.7485743061074834 2.418331760743802 1.957768481122194 2.321908835587042 2.018504313252025 1.9275651281052386 1.5525443864710842 2.0501799920976227 2.079179805101742 1.9676815868330264 1.6049046719815274 2.6655033513552513 1.5657174039110104 2.2685383071883503 1.6899230399674423 0.0
3.539407471525844 3.5668680460185427 3.74641288145427 3.7677532983428224 3.6733943136095744 3.5365043536926466 3.8040927215684857 3.5279285250394814 3.9865935940641095 3.5930961693861887 3.482852180295165 3.649525627920894 3.7010670567393733 4.179189345233787 3.7201710216436528 4.180726517678146 3.6410277899257895 3.482792986532722 3.3246965264888244 3.702177759494136 3.2128345755646475 3.5562644536926977 4.068570551850091 3.2004545315200135 3.578390377070488 3.439997041724162 3.391373182655481 3.4469530345956603 3.4201524360657216 3.6692292257315127 3.582891474550163 3.1502277849758498 4.100193858793902 4.0626998438629425 3.5930961693861887 3.551009664407768 3.328710912421746 3.5930961693861887 3.9911831194670917 3.4585813760078308 3.5793292299063997 4.2713922772960675 3.9911831194670917 3.3546949613179984 3.5559318319466215 3.5872288120340357 3.730865456271969 3.8000396101312583 3.5393027471719227 3.5170060855149403 1.5149324399760389 1.5120964827734784 1.4956902004657948 2.7731654228441895 1.6282221261616938 2.0126710706733664 1.6209794667685586 3.182569792722372 1.5294854272857348 2.514200991414355 3.652526827901981 1.7617116119326184 2.7322648517523014 1.6888063597877083 2.072473524326176 0.0
3.201133266290481 3.0431777058894034 3.185695589896071 3.1410167096678636 3.3162890441951642 3.3964005815620357 3.2302203661747657 3.119225893312147 3.272496738048779 3.095790772327277 3.3206654826993165 3.1543410823129676 3.1540219041525925 3.481379157085052 3.7906337281125473 4.245532395929047 3.5087927981118123 3.132910091657385 3.313419014519659 3.421434698384763 2.9807125190724717 3.241210753527329 3.576464426531077 2.76142277050844 3.0685999732264637 2.9465274592368997 2.9511175130436995 3.1492638992944255 3.1037386041117836 3.0914216429303054 3.0243441734512873 2.903458364506619 3.940191091220885 4.033240268201241 3.095790772327277 3.1141889880180065 3.1778323025240574 3.095790772327277 3.295362072754702 3.093230025782534 3.1906656744004382 3.565588858896964 3.3277019878044656 2.9154099012680503 3.253353112691043 3.00816003495445 3.4565235645562598 3.1974809104872297 3.3317003935122878 3.090630203260721 2.2808436977816067 1.7983464141892842 2.1602594076126653 2.2065173745398905 1.8673166929557208 1.5421563684191688 1.8198301210211167 2.371734008197677 1.9168520042213406 1.7119479522879437 2.9527964405818548 1.4971549570501543 2.5010281244725663 1.5909253104190955 1.569985027482073 1.982619703809852 0.0
3.1816347367193747 2.7654130276390365 3.0445667341775926 2.962414239790465 3.3545981933667575 3.597686797965219 3.233429990703485 3.0607887654750474 3.0113390090255296 2.853909846392482 3.3755921668632767 3.119623093558097 2.867107955508826 3.2570659725658357 3.9227597207051237 4.561892097834101 3.6899812493579733 3.140624535058853 3.4228998971012783 3.569920709250003 2.8879642833840875 3.3756677929896655 3.630162749587449 2.7303106771764143 3.045668297261496 2.657370025642301 2.952884144760574 3.1241881460240317 3.021378514363721 2.9589232806411325 2.8222307277910654 2.8600217760432294 4.137952010720502 4.2610625412638905 2.853909846392482 2.935447795518498 3.1166307835138274 2.853909846392482 3.084437265466591 3.0245996552338172 3.2033734122939843 3.038569205475614 3.2203277101794345 3.0293616356491144 3.449457208695397 2.768967946632665 3.583112037770786 3.0707019812969025 3.3951078557888783 2.973835753148403 2.4343483311440544 2.105071353361608 2.313559573599305 1.796643228930062 1.8347082300986455 1.5348515595039633 2.26134000157761 1.9895557080496122 1.862916747816102 1.702431002963779 2.4000194324442856 1.7355703999162757 1.8657112160665998 1.6791470119897582 1.609210874814968 2.1052010723222976 1.7620315536056637 0.0
4.400853179461865 3.8012837508355286 4.171733248518725 4.054640599770805 4.599017796612839 4.8532753056737254 4.424784738944794 4.262539995087518 3.9902636953720614 3.953416930595754 4.618663107168257 4.329192114892508 3.9131651652533748 4.285546341335643 5.151668304883924 5.813650891398656 4.932582607753141 4.3514802264329235 4.648891591536073 4.837017868789692 4.076714954694566 4.619438959452786 4.863024655385964 3.8771375528100047 4.267123445573795 3.7006312757213187 4.141107534465262 4.3430332478687035 4.209573694686567 4.100193858793902 3.9202579550990486 4.020575602435354 5.441481821905984 5.538940644056837 3.953416930595754 4.052694838820628 4.302807609672621 3.953416930595754 4.114503367961323 4.222744272943859 4.4132507064928275 3.551009664407768 4.342446537005803 4.2185363865888394 4.719622118722645 3.7965819146404947 4.8619010294340885 4.201757478981594 4.645604050668823 4.139434112673935 2.8991056721921917 2.737461333765188 2.6811767846581067 1.7329646017249418 2.035511547716427 2.1081082906779676 2.933319544150015 2.3818912469469202 2.2386010626280672 2.2407101430646352 2.2724615347278414 2.380861657220311 1.6284755386761485 2.1792098624306937 2.358742130325391 2.6086641792714547 2.4567872277757474 2.0341318409057663 0.0
3.4140424193346894 2.8270117418383816 3.1483111943244855 3.0284201543847744 3.597454349930383 3.9343153688735577 3.383129154874521 3.2621055781101433 2.984095577673514 2.958205880653367 3.680353494621981 3.3015806505790546 2.9224369755357276 3.2552067585705418 4.286851190302761 4.9565717437391585 4.012444319049398 3.3707325953922096 3.7746909303432234 3.8598124889923806 3.142295140426556 3.6469428314271912 3.818348408866999 2.914480644515177 3.2377903611634715 2.7369139383384864 3.152177655849261 3.371216258169526 3.2413193999357413 3.071890013924727 2.9138985637873938 3.1013537968415092 4.477376529713856 4.628582047726771 2.958205880653367 3.0696213998530646 3.3864797498210626 2.958205880653367 3.090577863432279 3.2372572683725602 3.418809081178079 2.7920695059059524 3.291930665196851 3.246348700140575 3.750965564147692 2.813960335458314 3.8781458935836377 3.1663694757937133 3.690313009693822 3.144754340220294 2.818542452780013 2.4569606316833075 2.6625309582431935 1.543204449496564 2.0460666070808493 1.6620458551021653 2.620257782364043 1.7282597248349756 2.1523823052829716 1.6385654598770585 2.0041162637049044 1.963852983741132 1.67856665080244 1.914825568971755 1.7421928635207307 2.4537374866073476 1.9524071783655987 1.5438169032508278 1.866460815443389 0.0
3.478140564964576 3.5154323532241585 3.6073804758378665 3.6047188826534162 3.5667746233297226 3.463970120095094 3.5826609214380856 3.444220488139959 3.8027894886432856 3.54279181702017 3.487832592065381 3.4985325273855143 3.6382673101888194 3.9884573481434438 3.8171114860689466 4.146285748775958 3.5850785181809677 3.4002385787522216 3.3905645661921464 3.5764146723126844 3.2598416451445535 3.420592366800923 3.865898944625337 3.0878313869626925 3.4129109610520323 3.413570525426492 3.2581214251954433 3.414758928795912 3.407271685069276 3.516136876051242 3.4754982158474426 3.1628110442801636 4.010784978813654 4.03305711472808 3.54279181702017 3.509678483551655 3.40820602750753 3.54279181702017 3.7969194231112757 3.4077949869159703 3.46905410198972 4.192628574213514 3.7686082015131315 3.159788680703178 3.389323404285843 3.4829211794502064 3.6216557355287167 3.627272990295759 3.510907912688663 3.4523428609496896 2.033841361893519 1.6223272442010201 1.9392646326161744 2.7002890495913046 1.906313888970742 1.8592876495512953 1.5623900820691403 2.9680402131648527 1.9304468585467187 2.1625937324788587 3.5542946164796465 1.6019999436652559 2.9602121552473353 1.7031392470780695 1.8952778480175343 1.8443723677138166 1.6159296306209967 2.1675563335997077 2.7842005080852035 2.4382557687980997 0.0
3.2988210703017247 3.019699194631182 3.2704714797330827 3.2265484102476587 3.4631986872442138 3.580796460389297 3.4144287602837755 3.213954063286657 3.329681800004118 3.10144466774233 3.417901647143673 3.297842984502767 3.1437529815817107 3.5626395924093206 3.8707140307318335 4.458355593712034 3.669992499825466 3.2433366268561454 3.3972831004754442 3.6173508674406962 2.9936575825322937 3.426282284041867 3.7742532636840473 2.8524509242889162 3.230977828964171 2.9081840350975634 3.0789029443730014 3.230843531856289 3.147563141638733 3.1939358683836985 3.0708289400571713 2.9293371338040024 4.154706736030572 4.220669676349296 3.10144466774233 3.1261339852315064 3.180248608562622 3.10144466774233 3.3791728907344503 3.165625690370227 3.3164640392851656 3.4199153324469314 3.472949382403593 3.1020370921929086 3.487378281418551 3.0203702700153223 3.6455127994171828 3.3091335863598634 3.449967603031248 3.147284414972009 2.0741125231840623 1.7941878892123597 1.9577684811221943 1.9868209592103914 1.5813586647035118 1.5478965946916114 1.9472192008855664 2.316283234353949 1.6177876457596543 1.8285280355578593 2.7422897288207007 1.5605210848623996 2.044061302061504 1.5197101354187763 1.5976741535647059 1.7775614425656316 1.6767374987692671 1.5571502522176994 2.0426951815216157 1.7325057870535123 1.9065163308334419 0.0
4.106594670048365 3.6893787838503167 4.000892930774989 3.9169891889922903 4.284350018669799 4.427195204539206 4.188487983126931 3.9988293186351824 3.943610342931062 3.8005406751575213 4.251133072941338 4.073837260187616 3.8084094544267146 4.216806129405615 4.719753555571695 5.310512434879684 4.525442081612305 4.053639258484499 4.22979471049739 4.461348595734809 3.7778037239142077 4.262322104606344 4.590711391028089 3.618530871582806 3.998121953573504 3.5742589241556946 3.8657846105983507 4.037736481867751 3.938152162609119 3.91634608116485 3.766499710640791 3.7241057533495527 5.012324666385592 5.080357601314297 3.8005406751575213 3.8685786993011386 3.9898848161877307 3.8005406751575213 4.032813139227223 3.9526693004702635 4.126575559374469 3.763474211076833 4.189118975446923 3.907721112730111 4.321833373456689 3.6885166661667124 4.485432128944198 4.032622657556816 4.28381650022323 3.9119633360982884 2.33531046335428 2.1841417037710285 2.1299009786721705 1.8881527386088157 1.6278792005943676 1.7920881975040048 2.3531859161073414 2.504265135787387 1.7797108892045383 2.10037139751043 2.639328081365111 1.9525051020727655 1.8407483529542537 1.7395225258748015 2.066889036377645 2.0835001731442757 2.0469632002952167 1.81674193045038 1.6212901317394002 1.8437919629049415 2.257822053844831 1.7181263795205908 0.0
3.4430733362733386 3.176651817739239 3.422541330780391 3.367176305556154 3.600871935020718 3.705126402030175 3.55885200420504 3.355109886418612 3.472652363017131 3.2421675423091565 3.5509594898526413 3.4289587433211426 3.28955104392716 3.7102802960138925 4.00568402210153 4.56873470409405 3.8152052339697984 3.3950458470965943 3.523183297157439 3.7479406626696323 3.1302880887156035 3.5687270120239107 3.9241061285049756 3.012790222277792 3.344456861141178 3.056063496552507 3.2296708224238566 3.371292268013071 3.2984370959126226 3.3291464438069287 3.2112271940890516 3.094740415591105 4.260783895922612 4.334349554655724 3.2421675423091565 3.2917762789768434 3.3364332262787757 3.2421675423091565 3.5265585046369403 3.3088438525501735 3.471499599411703 3.5704616824648245 3.6165152942978143 3.2623465433749903 3.602377244247046 3.1827253096636636 3.764538920462756 3.4529550587090903 3.5818344589040225 3.298171119547242 2.0482544954537834 1.7993409951787405 1.915799466687262 2.030565037624475 1.5728767102048036 1.5314571935282892 1.9375775863169866 2.398769982966067 1.587873489438474 1.8971277828971895 2.796164969042409 1.609210874814968 2.0616043761052376 1.4842245837514723 1.705692590499445 1.7857615041213657 1.6822504197988881 1.5657174039110104 2.047222860302743 1.7757940474387621 1.9029496729433757 1.501989202165798 1.6701462291931888 0.0
3.425303059195688 3.2681366214064838 3.498501136838061 3.480017418118764 3.5812317703860015 3.5946806152849278 3.613356971280449 3.369831397289082 3.632693062836432 3.3248452389403536 3.4691023238420167 3.4725795685434804 3.3960869359150645 3.8524383014592836 3.836614322441934 4.38356264481461 3.694060013441649 3.3719005128525548 3.3888025633824217 3.687142748561558 3.0979161511152724 3.5151528138303023 3.9378207439083255 3.0237293941107826 3.4005957553737636 3.1452780029226206 3.238287204119803 3.343850827130015 3.2827791688823864 3.4185590658688576 3.306707559212879 3.0421898857325016 4.1667743521716405 4.190764940992052 3.3248452389403536 3.3273672320874046 3.260598777464959 3.3248452389403536 3.6661689827629664 3.3104922624593693 3.4578760076163313 3.792015189927886 3.7241339487656044 3.243824923187769 3.5488015764256664 3.2822035639310227 3.712163206416101 3.5443729014186047 3.5132585505013605 3.325381035046833 1.7775614425656314 1.6261107300390876 1.687311302330173 2.2861005950774858 1.498902145722602 1.6929612722548522 1.7773517642240495 2.683510203828562 1.4724349565534638 2.1160355682606613 3.107683412258103 1.6041189619222949 2.2635437025049097 1.5104284376616184 1.7827821522999665 1.5643138336125662 1.7763679881025134 1.7295851109499873 2.201103361620235 1.9993743303134315 1.8553094835898853 1.5149324399760393 1.7712221064467413 1.528051503572057 0.0
3.5431906528264587 3.486422590057249 3.6910251983501916 3.694261019947466 3.6875943235300555 3.6124958645807763 3.7741230761929105 3.512351984122827 3.8822174218047145 3.5284599424897647 3.5297780820648383 3.6263821475575773 3.6195481584831977 4.089258926521378 3.821973789204991 4.3180204704505005 3.7148817874783107 3.486637598005468 3.4026262759222186 3.748893024521809 3.214046672833295 3.589986204217179 4.066981586438631 3.17104314572085 3.554783799611951 3.3608834807949 3.3751664916888284 3.455089475129081 3.4126977715323688 3.612658390644189 3.5138920723388356 3.1514639617868 4.1845329160365825 4.171263675259247 3.5284599424897647 3.5051129925031024 3.350308092382286 3.5284599424897647 3.900682117731965 3.44695303459566 3.5789704082585625 4.100033040216672 3.92804153652702 3.3543121098998063 3.604542958526991 3.503061812612615 3.7772259396571326 3.7415231215963924 3.5813928337061216 3.486054205486429 1.5995105077186647 1.5406717709792686 1.537545047203679 2.559210515635527 1.5294854272857348 1.871939308214025 1.6710893223433225 2.9864322053312056 1.4710547313529359 2.3495972776878054 3.4251954261785764 1.6822174885931291 2.522717797284622 1.5905743437316429 1.9560648769487174 1.4657638624475704 1.8891582380198646 1.9512693640115828 2.400560200482579 2.2635132623438134 1.8281484171653695 1.6524193897525328 1.9102828970354917 1.6612372820087822 1.4876247877326716 0.0
3.9505431373514175 3.77547879499326 4.036640461690628 4.013871153286542 4.113861800441004 4.087258975506993 4.168457724329083 3.8997275743404667 4.153330409757412 3.8389382495037894 3.96714677625399 4.0141611489980535 3.9062710015912576 4.38760810578498 4.286219129030734 4.821552290354823 4.190391977067717 3.899901642044698 3.8526686818131335 4.209927351872856 3.5937040683620443 4.042660141060706 4.4949117180606875 3.549946204195338 3.9397615553507817 3.6447454619640887 3.7732132028282406 3.8607820556607955 3.798181303890135 3.955311726100622 3.8298448739843116 3.545148424381577 4.6651309199296875 4.660091263559402 3.8389382495037894 3.8478963245783095 3.7507490735526123 3.8389382495037894 4.199276290202245 3.8332776191004805 3.993271408083978 4.2036673743059625 4.275101092221984 3.782986662292955 4.069218680941004 3.7985874123519183 4.232121871075559 4.086887742100598 4.020450407149685 3.8516896233371867 1.731748351034167 1.793958470369649 1.6116330875135256 2.474744395383039 1.4975278180436575 1.9756272988559107 1.9642641417397024 3.039936732464435 1.4908818309803284 2.480769143444123 3.329741501611918 1.901929694755715 2.3304686348956216 1.6900937087878256 2.1750584338066044 1.6212901317394004 2.1106801197985607 2.009219078688342 2.140763110530009 2.2569482406852033 2.098277431679427 1.7389301815599647 1.7174751458570703 1.694700557501278 1.5706101814185172 1.5507707723579198 0.0
3.9610574613806837 3.9178623377877493 4.112870159273689 4.109909089308699 4.094324292318524 3.9716466942734687 4.174073176351708 3.932295954862469 4.2910291842210455 3.9635134336521483 3.932965179385486 4.036942482648169 4.0532339988832735 4.506977432047382 4.197061557188255 4.621544217872124 4.084044047924493 3.897269184805413 3.783825788831148 4.1288569566932765 3.6416162359341926 3.9720965440081595 4.469692378757341 3.57263835147586 3.9580716885399987 3.7925015871129046 3.7778112262584473 3.873661276633842 3.8409528745155277 4.028265269471813 3.936203072013812 3.5683588936548625 4.547706562808631 4.518601955914825 3.9635134336521483 3.9406301025238575 3.779112567895345 3.9635134336521483 4.312243596174611 3.870201148946745 3.988641666950916 4.478540010236973 4.337007512310367 3.731500615449123 3.96573599100963 3.9232126298430963 4.162403513636907 4.157112941429629 3.9830415173094345 3.913785052775397 1.6159296306209965 1.6051611117060578 1.5049528014571827 2.7236271959359564 1.5729051324801635 2.0297769099130845 1.686254923642231 3.2475079429733826 1.5737742222541817 2.532267278901572 3.6404013412713314 1.8154774562894078 2.71974405942608 1.687302936835922 2.1955935721823563 1.5510518439716205 2.00167379514369 2.2046035713493084 2.4544426202487175 2.4917748341060104 1.8067290334839763 1.8501071981910777 1.9303364326131767 1.8122349370328035 1.6434509115975835 1.538472015749298 1.574041551880111 0.0
3.4144468661705814 3.2204901623043907 3.4217507947969503 3.381725393745329 3.5543655024724203 3.608704631040387 3.510795960458389 3.339329565187971 3.507140243130738 3.2865850827945406 3.5071130752458584 3.406805817806829 3.343042585785321 3.733007702510145 3.936165397746195 4.437890397856971 3.7146788695308133 3.3505699299909 3.465040178270034 3.665882240647292 3.1363013251748786 3.482934063576191 3.8596180880043813 2.970262547611814 3.3275762970006513 3.110497899258466 3.1828676295477245 3.3483732017394465 3.28935231448954 3.334158047331919 3.237565737175452 3.0629739397131326 4.178685656199452 4.23769631235015 3.2865850827945406 3.302353024047325 3.3226493143009703 3.2865850827945406 3.5436285978557645 3.2972974602254714 3.421840715429422 3.6802446230178396 3.603565220405545 3.166743015842163 3.5095275583529006 3.205792624983254 3.6986527762571453 3.4497912264024504 3.5342189532232586 3.296430214670578 2.0150796419983146 1.6724434672210038 1.8802598905853387 2.1271961057880904 1.5824212702740696 1.5280894903319229 1.760496203394116 2.4684368645472 1.6374212936300474 1.8351426281682106 2.93959747028892 1.4756581836824405 2.284080832649882 1.4577847382901914 1.6267181991640627 1.7419368195045486 1.539054415176722 1.6843451352209433 2.182379574682705 1.8880874569076387 1.6617797717675005 1.5160629852004541 1.766597362106516 1.5221579452308585 1.548294726835524 1.6379378497268628 1.7662945238745407 1.732964601724942 0.0
3.148163714323648 2.615615501882864 2.9291602990292223 2.8333094810533144 3.334545781978758 3.6557307811335398 3.1605843583494395 3.0098022477275443 2.829873967990588 2.7358062459933703 3.3946783937231015 3.066367205277187 2.717513562641509 3.083799710992808 3.9798977956746024 4.666672369138072 3.7258235157557 3.1067117092672665 3.481128582209114 3.5906207733107243 2.8680797804902696 3.3817542860891545 3.5736923344229083 2.6730050014071365 3.0104930604685225 2.5224042098872146 2.9066838451108192 3.1011053756974785 2.973067766206367 2.8604604415574766 2.704489208518881 2.826244767466501 4.197799162622176 4.337269305597299 2.7358062459933703 2.8243110020405577 3.095185186409885 2.7358062459933703 2.9192580319479213 2.9779268096552904 3.159362053918274 2.7424291572996276 3.097259127443259 3.002234632259165 3.4931642818436663 2.613762694675563 3.6091162411452884 2.957912322959471 3.4097819529414783 2.8962530321512157 2.689117749071602 2.3415462927033746 2.5688541025885847 1.690353898147452 2.01431305280081 1.66534115125876 2.5140629663389547 1.80193913842511 2.0732147897854785 1.6820002884958554 2.1742446195657728 1.8937525961386061 1.7748153747399866 1.8812983321019248 1.6539777336875183 2.32928657446377 1.9254020514422483 1.504950895844837 2.0148282129170227 1.4891232907137097 2.391529022952872 1.6630512540378748 1.9308694726606224 1.7504642386696654 1.9089487425159035 2.159791321355113 2.2122303241726384 2.4453452987720237 1.8573623654035498 0.0
3.5340618326589275 2.869094430391153 3.2094495072386113 3.0718900139247274 3.7220043732861283 4.104706523331249 3.4677887885192202 3.3682710171775225 2.981714722416913 3.0173252352813775 3.832447769252864 3.398836924591675 2.9582058806533675 3.261977378734781 4.465319938480142 5.152476111374244 4.176555754215866 3.492240774299421 3.9495651777078065 4.007469433000494 3.272357506103621 3.788767102555409 3.917665176796102 3.022137942574272 3.339812318121188 2.7879568695905985 3.262914070740528 3.4978332118073534 3.355939136747208 3.137612670582033 2.9700468841586622 3.231062586553661 4.643189280480753 4.808824704957329 3.0173252352813775 3.145298205580497 3.5232283914090003 3.0173252352813775 3.1045281520849843 3.348598926373157 3.533600459495885 2.6761495281111434 3.3372773859392604 3.369904866082927 3.9060557005750827 2.8510904801297383 4.025933655036028 3.22361637472081 3.838189789801281 3.2372572683725602 3.0377841455809005 2.6704853183581037 2.8721940957366012 1.488575644088336 2.2110352585602793 1.7953581583131797 2.8374730532663683 1.6452665638918793 2.3391228937959063 1.689110880361883 1.8304157639349738 2.1380240233837915 1.6406356512485682 2.089247274037899 1.8750133534262103 2.662741402943513 2.1113110395497983 1.6555011620994775 1.8571050074674358 1.4668665272435026 2.629165876369238 1.8835092073186628 1.9342308035124878 1.9351348911282422 2.181310426291641 2.4609751003157805 2.428400392284041 2.6851472556621525 2.0545007468001244 1.5490445998143314 0.0
3.470412271768346 2.7903173922486477 3.1381948667852892 2.9995239577663995 3.661623253933264 4.06095145979189 3.407975596223481 3.3024059957434444 2.905992254783472 2.937740119094699 3.774690930343225 3.334545781978758 2.87586161830233 3.1844453496533123 4.413651053131781 5.116423199973714 4.1304308997803 3.4328536537922214 3.899641768852422 3.956642169275467 3.2065392865950715 3.7395898759560677 3.856993527365978 2.9682653425437326 3.2773238628734442 2.7092077511409016 3.2066886241984762 3.434453798377071 3.288844141721428 3.0678520829305715 2.8962530321512157 3.173254121745348 4.591870220971416 4.762243519812033 2.937740119094699 3.071503584215861 3.4584446186738087 2.937740119094699 3.030807801476626 3.282339178889288 3.473989547112129 2.596930392387193 3.2688103697071442 3.3259048503166238 3.8617246257680846 2.778030868900058 3.9718062549545756 3.1537074738079145 3.7805206755285634 3.167649431457769 3.0676650673723103 2.7084245857196243 2.911947886015489 1.522646281594168 2.2581444223391562 1.8325507496937614 2.8814632299977916 1.6311080742253519 2.3691548413816252 1.7273658222702801 1.8212545636360042 2.1807834316569332 1.6402953208959246 2.132461165533494 1.8953626723887433 2.693181386324008 2.1590984708181296 1.6571164454854577 1.9112589855184356 1.4760364749774 2.6906687286331272 1.9105499691800054 1.9927845765517267 1.9641901460685345 2.209097480028738 2.4938790357727423 2.466988514821127 2.741453143104787 2.103579145068377 1.5382085323249448 1.449397656094894 0.0
3.2262608453386115 2.81664137896562 3.089079346660698 3.012439610272667 3.3969528232233603 3.6235111570458116 3.2667856344828516 3.10923176110831 3.0584509267837707 2.9176765167072993 3.4195784468871495 3.169207685912708 2.9283797636560913 3.3052646281065634 3.9557721881234063 4.579462048640858 3.708194317582694 3.1749553299371667 3.4600385954409596 3.601956076963683 2.9436544712058397 3.3993743823369056 3.662280942270112 2.7517155804157722 3.102697050472903 2.715408728675916 2.982125541991795 3.171662946970169 3.0683362871961037 3.01115527519045 2.8769454967856585 2.8879642833840875 4.182186233040696 4.294486398258578 2.9176765167072993 2.9794200002951094 3.1601284866047594 2.9176765167072993 3.128382626167057 3.0736130777745827 3.235040225764437 3.0719353606784625 3.262443129321091 3.0351768911545216 3.4801016522401227 2.807846571015215 3.6263647066732143 3.116916762155571 3.4388445195829624 3.0215324805418486 2.4102227961996943 2.054126894574942 2.2786858338762968 1.7577388194195742 1.77966317572312 1.5106827399390954 2.2042004441398095 1.9841695115816702 1.8465607689682566 1.6364335564094574 2.4009497449320314 1.6617797717675002 1.884149386099619 1.6439759176614979 1.5490445998143312 2.067894868072713 1.700843053363364 1.4704795530374088 1.981364237705704 1.5396219658092056 2.077930497618813 1.5120964827734784 1.7721180747264245 1.572537520586515 1.700584611460564 1.9109604290577755 1.9831838717836607 2.1388739640560153 1.6202254259253188 1.5064340677517793 1.6476693938382099 1.666244574424445 0.0
3.8657243199365157 3.547673513150241 3.7934143103225018 3.7183170842083544 4.0166006236742255 4.120598194493071 3.91947774314875 3.7660994718959655 3.7815702857818096 3.6367605214191303 3.9968479326964546 3.820982160130655 3.664005251698481 4.037420062310443 4.464003897698092 4.979960561506594 4.232096108081103 3.8048818231207036 3.972840892610306 4.158516913784152 3.5764731636915226 3.9669434579252525 4.30713782320859 3.385163764117692 3.7349604150121696 3.436861744780418 3.613182055700233 3.8023907892917954 3.727066733450932 3.6988930795857313 3.582295730821762 3.513552628786926 4.693366881877917 4.768938294334072 3.6367605214191303 3.691334937794566 3.790010564781259 3.6367605214191303 3.848446259132631 3.72888104241553 3.8728032758465747 3.776710191136943 3.958193517980449 3.6190811417404407 3.9976950510454676 3.529442808874228 4.186928284967328 3.8136424366145003 4.0206535393965455 3.704517595836791 2.2378478958512837 1.9461559823645649 2.0387314403251495 1.9623654940222075 1.6121263031866189 1.5930777439090689 2.047391727354544 2.451250148483987 1.7491062089289882 1.8853792874407314 2.7608538005843473 1.6899875360439316 2.1053412625306733 1.5588411071366095 1.847290213148871 1.9707829139392594 1.711947952287944 1.7563021557049725 1.9003534602171224 1.8512463449312706 1.8793199879151952 1.6417395287261745 1.5674115269775908 1.5737742222541815 1.7005452351744383 1.8216180942254419 1.780913184466423 1.8171627732553715 1.5582434613171852 1.9276958660056405 1.9768225195212639 2.0457942119931034 1.697403190166713 0.0
3.1642294075028716 2.984722915406706 3.1110839752395134 3.0557235589316902 3.271718198147861 3.387744131294974 3.147345566067962 3.0717970500916842 3.172261366299209 3.0383483734026178 3.3118110810671686 3.08849176530998 3.088165781284185 3.378650840150467 3.813801763940887 4.259342501784263 3.5004143024462007 3.095192917600306 3.3310957338994664 3.3869320852455314 2.970845083481123 3.204768432123545 3.5017935822146464 2.7185564684657404 3.0008697933275394 2.8962719160120427 2.900941488419965 3.1211669730190557 3.075225762235932 3.014477547417915 2.955600006819083 2.893327472498067 3.9177705396567366 4.033240268201241 3.0383483734026178 3.0666822457723963 3.1778323025240574 3.0383483734026178 3.1958439364469586 3.0550230027214242 3.144314613590729 3.4822633153706484 3.2291806693358636 2.8646084960871696 3.2170483413543702 2.939037345240338 3.4223747175151815 3.113734842777667 3.31402689933367 3.042755658404141 2.4664036862162364 1.939739499837552 2.3428387197027862 2.2065173745398905 2.0184493416742137 1.5797783032054198 1.9446322428333112 2.2962496679962814 2.078536583876441 1.659694537379903 2.9026494385226544 1.5736516166755081 2.55905739208009 1.6980586006379408 1.5885778538772606 2.1530211856068298 1.4625188295091662 1.8113351511623081 2.539072618445921 1.967389234860483 1.6870492038955183 1.7787097311386713 2.1586734894036237 1.7839075488325962 1.9193808196806466 2.0530249810228063 2.2843853692319596 2.1705799496682254 1.6316622044504037 1.9556651764350699 2.1113110395497983 2.1590984708181296 1.7518695516814615 1.79566111722114 0.0
3.201716664887712 3.4119592171378987 3.4507014750871075 3.48862467598563 3.2696456998831773 3.0666361792933343 3.379220844413127 3.206109397381059 3.7557176173960545 3.4015654162948077 3.1339173054565315 3.276330478336871 3.5327627755028415 3.9038219227577993 3.377658008907465 3.660466215095322 3.1906656744004382 3.1279850978521915 2.9930010667379667 3.223390226262124 2.994061042352068 3.095688078394845 3.5991277641741375 2.8952094218599886 3.1938659232029796 3.308338857373022 3.0314223234113298 3.131157182008668 3.1540219041525925 3.363862668579526 3.3490696310656585 2.9052855816624263 3.5882706644039124 3.57803004137615 3.4015654162948077 3.3323411685944295 3.103633461951056 3.4015654162948077 3.7184959934702246 3.162307079371957 3.204210635772358 4.304399176947536 3.6310665741888073 2.912477020327712 3.038711132637655 3.3929993935482057 3.2659079275869205 3.4785085416365016 3.164221731200576 3.2449870579015925 1.9607816624432384 1.5958119035576832 1.954584114165782 3.0270302649330447 2.0965445017881765 2.072592538153163 1.5095866176674952 3.209262693353638 2.0263902656841126 2.414380633515157 3.8716034222142506 1.7314913228177806 3.2394688416795323 1.8750133534262103 2.017751499941904 1.8313754312107329 1.7858285524650095 2.3316914562353874 3.1411880420740603 2.6834710952826186 1.5515636110928672 2.0637415811676143 2.572688861740051 2.076563852296903 1.9550768724459202 1.8809321649606605 2.246287693088989 1.9376586049593811 1.8536998581218145 2.566132263090735 2.8969966371410707 2.9378957946568556 2.2706290705376486 2.1955563065263948 1.8662306061567684 0.0
3.683843734807758 3.710235446800855 3.8856545318719538 3.901264164398697 3.812758213714654 3.663716028852415 3.934444123836086 3.6701739524218056 4.115364855905536 3.737486793207085 3.6268659298401187 3.7846442662895656 3.8439259950163303 4.312968818484539 3.8628715151748065 4.293393857018317 3.7750025777950915 3.6247173843403977 3.4646975875711505 3.8334641047556235 3.3626475690606648 3.688058223572888 4.204066453724987 3.3353097338955835 3.7082564440710244 3.583025894488913 3.5265799877727138 3.5924062111565944 3.5694176134091813 3.8036479890322874 3.7204309201907417 3.298286175136905 4.227299034446333 4.1891323008844426 3.737486793207085 3.700239661047524 3.484683343032216 3.737486793207085 4.122165008323858 3.6035652204055455 3.7201786402135952 4.390093776399728 4.122165008323858 3.4814066212141515 3.6771998572761864 3.725176462824962 3.863140169125441 3.934920641074726 3.681108678019024 3.662325930134909 1.5110268246876792 1.5095866176674952 1.466934272498136 2.80160922713574 1.619913894441989 2.027905665738227 1.595811903557683 3.2445099605217513 1.543204449496564 2.54255902397411 3.7013838125000387 1.7760209840727015 2.7798470947713723 1.6853037376370428 2.128690514638312 1.4582946313468068 1.9807061551274916 2.1621165452753943 2.6072101532555596 2.503585083319456 1.797834200785313 1.8216180942254425 2.0629541816415733 1.8017398492064938 1.5960698042133645 1.4815033637878365 1.6116330875135254 1.4939966498034627 1.7397585654827186 2.4051748054706494 2.7123245832547935 2.752037677622419 2.1186622000563413 1.9301340613442879 2.1512592146686327 1.8198301210211167 0.0
4.164079778429609 3.607770749693424 3.975887295990319 3.8721860350828505 4.364090401059569 4.6008203285907285 4.227744486147512 4.0353716421721755 3.8395790367439804 3.7451287347369107 4.359849626075373 4.113645035277827 3.7201258012065312 4.125505555507437 4.874196007755808 5.547549469587881 4.681641594494236 4.120263635056179 4.3789637716427805 4.595989289290103 3.8249266023147377 4.386550719678901 4.651334506381119 3.666777955962658 4.050668569276581 3.49921348224556 3.925365873912614 4.1001333633144705 3.9711829149300075 3.9032439615085557 3.7242284485202117 3.7816442413013953 5.181425640531666 5.271128842847808 3.7451287347369107 3.838502262168994 4.045032061751823 3.7451287347369107 3.9542051925311617 3.989634440616224 4.18818217712224 3.4793261258362302 4.165243490762744 4.010855438340891 4.48288064323812 3.6164609406975585 4.615385590986777 4.011847221422379 4.3917240539130775 3.9179738516047724 2.680178750457504 2.550416545955341 2.487124194164766 1.752598022646072 1.8867220341137034 1.9876345821724608 2.76036910462555 2.3575900792149356 2.0378931242235216 2.193535929265417 2.336847594908207 2.2407667978774795 1.572648254484945 2.028066518858526 2.221327755258796 2.3998865739552713 2.3443185067133148 1.8678070038489998 1.4902476224206074 1.7787097311386715 2.6713934478869694 1.8786654747744767 1.563460047165511 1.877240834289509 2.0064530989445357 2.2030601476076925 1.9634112705544304 2.309098570850725 2.0524248654383883 1.8730181140940125 1.80525950889105 1.8404960775406838 1.8444948363995894 1.8393327295488209 2.442466407427076 2.9749616435528026 2.4166949265473403 0.0
2.9440358449978827 2.7714659329862106 2.922820485976271 2.8830450056867156 3.0688541660902873 3.189282037112135 2.9872323393927585 2.8592888465335817 3.021477745842377 2.8214787741619176 3.077788456407143 2.902016516888088 2.8807649110214317 3.2238709864260326 3.56892947480644 4.075388201638113 3.293042853745807 2.8817284878822953 3.0895935008037485 3.1970796826317103 2.7170478443341466 3.0149114112937547 3.3328234272215678 2.5160642453396465 2.8223654964185663 2.6746693755978486 2.705403465526515 2.892027946234529 2.837831247754982 2.833499598570968 2.7601612054756286 2.6484550484370226 3.7285289059300517 3.832377842687338 2.8214787741619176 2.840163127098575 2.9142479895720337 2.8214787741619176 3.0419786968861984 2.830907014863787 2.940018914044492 3.3431703037434852 3.0769828926071527 2.6922127261171527 3.045000625666731 2.745589232088597 3.2279075812446427 2.9400641219216763 3.089690930583885 2.8234886083333577 2.303416297371419 1.8316467250682948 2.2115784574577413 2.1730092861741093 1.9062059694950566 1.5365041587695203 1.8850839422762156 2.256072532720195 1.9190596753798845 1.6814538727115587 2.869753860422364 1.5115369219708674 2.429191308009042 1.6231210702280592 1.4881615352118875 1.9891331167764041 1.48361538660915 1.6662693640967698 2.4812664876203834 1.8710941779340644 1.7369914139851366 1.6323906007544637 2.1010513817312924 1.6718743988212748 1.75679898160618 1.895992751726616 2.1411022627890985 2.096474981621376 1.5778366179363803 1.7954535526139925 2.0299911999731766 2.05667837525182 1.6282221261616936 1.8099735513760897 1.5032768296939905 1.838261158325466 2.0238122703524097 2.335071382175978 0.0
3.518504733859893 2.9423559775048465 3.2442360412652276 3.121255293596286 3.692763790896346 4.016644604068515 3.457426167552744 3.365960784334696 3.069767613074082 3.0788177102584458 3.788246859292667 3.394642832954295 3.040703610609227 3.342782872712432 4.395425010363467 5.032218661246682 4.096361255239993 3.4665382708740515 3.880736857557258 3.9429347429796664 3.2660214846127547 3.725537999474692 3.896540469534227 2.998593569749271 3.3297221121516842 2.8587741583120603 3.2372572683725602 3.480256437333271 3.3555483425564456 3.1670664854159134 3.0189352446006827 3.2071680124343427 4.567617208837501 4.718624260983191 3.0788177102584458 3.182819031474893 3.5094665771779514 3.0788177102584458 3.1743953326745467 3.346275112155066 3.510044016570924 2.877670770302096 3.3707449773947142 3.3081882346284806 3.824044242282244 2.912959355425428 3.9687870514726127 3.2562661209025094 3.794055775212629 3.2533531126910424 2.860622787263673 2.458302493668013 2.6863755452827327 1.5147356351671037 2.0532608344824053 1.6436940178667225 2.6001745604041147 1.725207098369021 2.197700052856327 1.5643138336125662 2.00558428561794 1.932847605980447 1.756350848524375 1.9082107801749073 1.7330357806978207 2.488196366616835 1.8930353799178348 1.6079051292900848 1.8524429732131935 1.4721720836432022 2.3617887963663704 1.7580387389381384 1.8305549528021128 1.8073287071455446 2.0384575750737395 2.2944329340413745 2.295125814880148 2.4764912937291363 1.8584984872315318 1.5584985219136513 1.488575644088336 1.522646281594168 1.5643138336125662 1.7911756878838399 1.8930353799178348 2.649720538838836 2.5198589162805805 1.8126745869213667 1.8538698398952291 0.0
3.4240091891336295 2.921796602461338 3.1962766645699365 3.0803744844959353 3.587948315665709 3.8782148149261593 3.382221757571605 3.279463426382183 3.0675730717651173 3.031669600441379 3.668067425308406 3.3049839122612594 3.0150862096591333 3.3311668732095825 4.2637999949258605 4.873049039343171 3.9737602436530546 3.375710478136854 3.7469666683566576 3.818129696096196 3.1686504017654484 3.612849058925744 3.8109546043658726 2.928449750775316 3.2262608453386115 2.82847786687219 3.154091610272537 3.3808694988649273 3.2727301613261948 3.1054497498929376 2.9723009103557128 3.1273400183965028 4.416342649101142 4.567243767263745 3.031669600441379 3.1380445628560416 3.418506792113734 3.031669600441379 3.1594449009633974 3.2592553581343893 3.424151327461358 2.9950840308523636 3.3246110641188897 3.220964849689296 3.6858901196526093 2.898161344343699 3.8369533094291364 3.204452591137209 3.6740663569255503 3.1847227775775364 2.722049688269268 2.314293097492953 2.5559598901938747 1.6220928396036487 1.9826977674376507 1.5406717709792686 2.4391280043914083 1.8120107109903947 2.090181971260132 1.554316633674654 2.1693434344821565 1.827676007044401 1.8506521154528617 1.785761504121365 1.6736441769535584 2.366900208447391 1.7636535003898703 1.5375827994207711 1.9532519052017372 1.4988634192473198 2.217397023872928 1.7005846114605638 1.81929019468528 1.6888063597877077 1.9421363070073985 2.18691851500247 2.2128043908980297 2.3663668531121975 1.7572711832277015 1.5716336295579125 1.5582434613171854 1.588085740143592 1.5319137150423476 1.7134285348611769 1.7636535003898703 2.4807461134258246 2.3911808130270322 1.8759188758133174 1.7314913228177806 1.4841854742983365 0.0
3.334662385726563 3.229130323230589 3.4080946230123437 3.3861955397544348 3.466598994858704 3.4666330468437465 3.475010155001298 3.277596424734911 3.5510096644077676 3.2724967380487784 3.384172171270667 3.3541170900059614 3.35058987511847 3.7619255795259847 3.771848649421626 4.251945242385247 3.5804335404301373 3.2745098815438203 3.3144733319620685 3.5506389989198124 3.0491825666900825 3.382430980494898 3.7978637600872798 2.9295875745646596 3.2706478465048803 3.1126555866948697 3.1280722300678763 3.261487114916791 3.2185549292505904 3.31721842701971 3.232165136466803 2.987476038166406 4.026160782310379 4.06847391366272 3.2724967380487784 3.2757660863925997 3.2234358198449935 3.2724967380487784 3.572997809026479 3.2302203661747653 3.3527482328047715 3.8089473373703857 3.6028464680576726 3.1055590093448924 3.3902550049465936 3.224401603809935 3.5787343233886393 3.4395764059765734 3.416554708653231 3.251389029294081 1.8673166929557208 1.5643138336125664 1.7662945238745413 2.316525876992554 1.5958119035576832 1.5968247680401841 1.6411159595802705 2.6353663227207167 1.5868549115061912 1.977328068652214 3.1431336127124307 1.4859292719230177 2.4320611426454124 1.461853534359569 1.6856688106477644 1.6356210999472722 1.5709216677446427 1.746911720162624 2.3542439303783325 2.024840074100239 1.625622268071123 1.5582434613171852 1.877240834289509 1.5384402231215042 1.5206266601429395 1.5685059353456312 1.7397585654827183 1.6781179417474132 1.4727466009443473 1.959525312313771 2.213368877103967 2.252769588747541 1.7093530515541824 1.6513102777098438 1.679331579545265 1.7389789993582059 1.6379378497268633 2.1892922561866324 1.5954321938441156 2.020187160698328 1.8835092073186628 0.0
3.388802563382422 2.9108794386584527 3.209800368299701 3.116916762155571 3.56673617179225 3.822830533137956 3.411746984836651 3.260212237659191 3.128382626167057 3.0254278958209975 3.602285724140248 3.3164848303838 3.0191320754305715 3.388794322507163 4.15593136753156 4.796256977131033 3.9065041844506556 3.3399947782172785 3.653624583513417 3.790003684542921 3.100617438992986 3.583112037770787 3.8236749080436327 2.900615594679238 3.2500032324583574 2.810740147952454 3.138194866785289 3.3358960121720482 3.222237837001301 3.1317824055858874 2.9850838634051002 3.049917932076244 4.382009359864477 4.501944007654569 3.0254278958209975 3.1054497498929376 3.3268758978737902 3.0254278958209975 3.2144977400812524 3.2262608453386115 3.398113660594164 3.0386414848849173 3.3769723668436504 3.2053997720814666 3.6708688606481434 2.902370206411495 3.8123606751851318 3.2356003894172707 3.620579693059563 3.1608057474802234 2.519858916280581 2.1846938373179294 2.369154841381626 1.646687803774893 1.8126789037411195 1.5515261990612614 2.3465100240842816 1.9264553452139048 1.9066948174995542 1.6536915749634225 2.2577749517536385 1.766401651467758 1.7506739303486019 1.7093530515541826 1.6400950556613556 2.1746291180881583 1.7978118997508137 1.4853135437685958 1.8461601937047127 1.4876247877326718 2.2026898935147576 1.5632799051166266 1.708309110331821 1.6077968236425908 1.77118286014309 1.9993743303134313 2.009648532750258 2.2094581430581517 1.6903538981474517 1.4982989163791738 1.5674115269775906 1.588962825836506 1.461853534359569 1.6912568201150278 1.8461601937047127 2.4338026971916054 2.218591869642056 1.7315387668168634 1.7367318426156844 1.5110268246876792 1.5046956248528143 1.804073438912182 0.0
3.53721107556843 2.7248606619959257 3.0629965892789053 2.8859406087187693 3.7196591036133637 4.231532211604312 3.3527930469389453 3.3385542816172875 2.691209422682082 2.898667938210839 3.9238885122979323 3.3303890932531823 2.786172643099056 2.9700468841586622 4.632479483378242 5.340085021345607 4.2862009812458295 3.5003692755819693 4.1176569726883665 4.058358260765736 3.3408021451168834 3.8331047850073072 3.8228305331379566 3.023593833620334 3.2849287117792647 2.6790589723951785 3.247888687973825 3.5265081801791363 3.365162478893652 3.0038319669586637 2.835364804211462 3.301040315547614 4.729548304562565 4.948130249295789 2.898667938210839 3.063069583013335 3.6042109378211884 2.898667938210839 2.8398658594351147 3.340752361988684 3.516250565009258 2.2405899913794287 3.1270357740656154 3.3815184066936372 3.9789006355507865 2.6850760618818037 4.0763180825659875 3.0591837232195807 3.91077095815502 3.1845090548359636 3.6332628386797143 3.1926407758423236 3.4738017387360314 1.661714180864028 2.7750522797970474 2.1816368352956936 3.342489970333235 1.4657638624475704 2.9100695487787993 1.8408406805038187 1.6047104221526676 2.5665788110605936 1.939174833952263 2.587428793942974 2.17282024801221 3.227708571208495 2.4759596197058946 2.0207857737184063 2.2684185228414973 1.719494747459364 3.0725585351392297 2.3472145187766307 2.4567419971954734 2.428650943751622 2.713757494146326 3.021654860048572 3.029838308095545 3.275448871564821 2.5246557190757204 1.8150747994311467 1.6121263031866189 1.5976741535647059 2.0154830385096636 2.4647807015962444 2.4159352188867085 3.333998545782022 3.2887987197499204 2.2601502213323887 2.365399988515104 1.724958940952576 1.8410924194610936 2.7025160423991488 1.9311599520467786 0.0
3.306591443041818 2.8880449034097295 3.138740980631185 3.0473833083932766 3.464873706345748 3.701817601070546 3.2967367153667984 3.180248608562621 3.0769828926071527 2.989203739544208 3.517823512861401 3.2177136218228046 2.993089777968597 3.327540583263938 4.077108327236977 4.664769815834287 3.794988081967773 3.251239608585832 3.571587552605548 3.6667291931604895 3.0508789978616337 3.4629454663908237 3.704195671337419 2.816879295290713 3.1429804061440825 2.792973573453211 3.04157672910871 3.2593800238367563 3.1619933762846704 3.0525617234728806 2.930293327824218 2.992116750386706 4.253159327150719 4.382043792467835 2.989203739544208 3.062973939713133 3.281083460668137 2.989203739544208 3.1495843781835133 3.1547556214639108 3.30399433202975 3.0974258808566217 3.282779168882386 3.082413736679641 3.53125241562652 2.8632219924009803 3.6927637908963455 3.1537794746433585 3.528241847121562 3.0976958935134897 2.5287644859721836 2.111110547823606 2.3760857798524144 1.7218038557561042 1.855768257814302 1.4756581836824405 2.227947182851734 1.9232936183761267 1.9530306346478865 1.5367269364010345 2.355124515034047 1.662358610119407 1.9550768724459202 1.6612023399459415 1.5526872005951637 2.178001836290373 1.6310746910547107 1.5158368354049494 2.01139291684949 1.5468251311766594 2.0247456487656916 1.5854835860034566 1.8003936532358815 1.6121263031866189 1.799245267804712 2.015079641998314 2.0932364164452055 2.195941779300676 1.6209794667685586 1.569229646446984 1.642474431660482 1.6772749752198468 1.4782928813757836 1.653069208690352 1.6489788534455552 2.2635437025049097 2.20532430687993 1.9155489692078775 1.6016848672865749 1.5238243108815765 1.4760364749774 1.7315387668168631 1.4908818309803284 1.9705400735909016 0.0
2.9400189140444923 2.7777894425822636 2.9399259158612665 2.9032157644274705 3.0697871842673994 3.1795490987288892 3.0135208676547798 2.8591594490852748 3.0514316421177754 2.8204247095770483 3.0585271957516644 2.910879438658453 2.8859470307257795 3.254143006495234 3.538504408365208 4.058527623316905 3.287554328358611 2.8836250657585096 3.0595653871966517 3.1977782165926514 2.6928091243160055 3.0213785143637217 3.355109886418613 2.5280925707569835 2.8280495023507175 2.673321697731657 2.716825557423152 2.8817284878822953 2.82847786687219 2.8477363857756948 2.7694781317652533 2.639178193251431 3.715897059222092 3.813925912338232 2.8204247095770483 2.843446656023951 2.8910585772324278 2.8204247095770483 3.0727852360337016 2.825585119675493 2.9479613937726232 3.3719978310113543 3.107442426799621 2.716446783619137 3.0471620326294873 2.7635637481929627 3.222237837001301 2.96093865650684 3.075282129650463 2.8245026792961085 2.2193707772675886 1.7884335839591272 2.1358740687762 2.1892922561866324 1.8550890638139137 1.5299714248647078 1.8569074248312634 2.297528105816547 1.8417438478718975 1.7399557375104278 2.8951616888724954 1.514769818579806 2.39196033762137 1.5870323775880104 1.5106827399390956 1.9193808196806466 1.5098297981588817 1.6276414329653577 2.461498517708039 1.865472645588893 1.7583598211541316 1.5998595140502707 2.0643341557966353 1.6156030443600655 1.6951996597244534 1.8307167981304215 2.063118538146728 2.0463347416436193 1.565434947323967 1.7789278527557812 2.033639536138667 2.053447969415144 1.6142941904263326 1.7979956124230005 1.5482374630628486 1.8370608458354858 1.9591723544090205 2.294082272607052 1.4544535806691195 1.8729294189779297 1.7345470521666844 1.5607757880711142 1.721803855756104 2.398859296443626 1.61062953545444 0.0
3.0976958935134906 2.851780057850431 3.045306065221073 2.9920380596502976 3.2376992842120416 3.3794643356264418 3.1450996336056765 3.0032826581094203 3.101721411249839 2.9177038577723997 3.243576200737567 3.052561723472881 2.963072030659784 3.322732655728594 3.7427924607824647 4.279996088373073 3.4812727825398593 3.0385410758998015 3.2557123187134933 3.3859279180463178 2.845370792920794 3.197778216592652 3.509396764151741 2.6505396620133275 2.9736808767844134 2.7501243991126643 2.8560312518058932 3.042427930391017 2.9740882657703738 2.9564044315672313 2.862453335497663 2.7822715427431235 3.92899960033603 4.030843850903021 2.9177038577723997 2.95227260356718 3.051266676437865 2.9177038577723997 3.139831909166256 2.971337281046826 3.0996636477581534 3.3170275470485744 3.207323350707544 2.8623086184442132 3.238726372063289 2.831827963995488 3.4141044661206905 3.065596576152198 3.2593800238367567 2.9522253792714164 2.2674849244949185 1.8384247703846477 2.1531777272807147 2.0198020005976476 1.7872570404498869 1.470675158640109 1.9240427535210363 2.1854153955837723 1.8224126665100748 1.6455557971696917 2.7296497212604764 1.5038780623187602 2.237116443528079 1.5534699899591242 1.4870540900156495 1.9475136205522476 1.498902145722602 1.5709569319922707 2.273618098839755 1.7464013360423236 1.7802891230656481 1.5432508953620387 1.9217501937330133 1.5706101814185174 1.6741772344086756 1.8311788284303812 2.010960138861988 2.0212538016088253 1.5200702394306354 1.6959300364801393 1.8969777366886704 1.9271880077804515 1.5347619404097799 1.6864327938025945 1.5375827994207711 1.9328017355199525 1.978022396705287 2.132935304248453 1.4668665272435026 1.7345470521666844 1.6282221261616936 1.5613177022514566 1.61464000125073 2.2682231622633173 1.5195741828791836 1.4666516933052256 0.0
3.320840512821801 3.139831909166256 3.3615300717790464 3.333491988608376 3.473006629157779 3.5203961743108745 3.4724625569770016 3.254584105397664 3.4757234173425506 3.1988159222663572 3.3920689013467133 3.343338105874824 3.2638179034103603 3.696856589093298 3.798154341599297 4.343185673344586 3.6218144459795196 3.2657301990272476 3.336408719824189 3.590306715662787 3.011402493446913 3.41344107446464 3.808947337370386 2.9048614619414788 3.26850918949222 3.021477745842377 3.1181818531506273 3.2458197161383913 3.182867629547725 3.2782495795548865 3.1707121774901967 2.9540446508220812 4.088522444293295 4.134331614681741 3.1988159222663572 3.210596011665252 3.1877408139801457 3.1988159222663572 3.510696425961192 3.20228663365205 3.3456629443206745 3.649972629628701 3.5711858049437777 3.1239324873060177 3.4480825531162274 3.1451488145095037 3.6159972808801575 3.4006215420150436 3.4286614778302247 3.208537529966102 1.889658953693971 1.6440689516135425 1.7886808264303422 2.180927105687499 1.5375827994207711 1.5854835860034566 1.7773517642240495 2.5256790088394925 1.5310925952452368 1.9574508427336923 2.9823229610114317 1.529147212910866 2.224286460691482 1.471033936615373 1.6634980983997292 1.6376764684385112 1.6566221506353178 1.6425077167133464 2.1877224223434975 1.8937823089089456 1.7908843722175298 1.4756581836824405 1.7712221064467413 1.4891232907137097 1.4625188295091665 1.545706098522895 1.6614600201426748 1.7134285348611769 1.4903143048405916 1.814311338686021 2.070821644989601 2.1000711382660677 1.6119413649942382 1.6479302967481033 1.776367988102513 1.9094883459290155 1.6680363500737263 2.0064530989445357 1.6356210999472724 1.919764671746078 1.8171627732553715 1.4815033637878363 1.686254923642231 2.5692477089582413 1.6811297554138596 1.587873489438474 1.5654104076388065 0.0
3.1773268577908547 2.4775154191563646 2.7759882626181724 2.6334716743373856 3.3518027375991246 3.8122995126934933 3.0250951319573347 2.998740292840436 2.5133306664590727 2.6372857344666127 3.533182488870004 3.0026853025436973 2.5573245025544513 2.772532937111367 4.210476890748262 4.8935089342873725 3.8628580829880663 3.130744088848839 3.7072269093190453 3.660065507559596 2.98811126002308 3.4348390188106492 3.4716847860128666 2.6661841637716033 2.96202479806423 2.42899468839732 2.888865047804458 3.1638335381418163 3.0154084799411067 2.7212820440384133 2.570309139748789 2.925196066499587 4.323383418869637 4.522251453189547 2.6372857344666127 2.7566403160247224 3.230638447746989 2.6372857344666127 2.6278259841525164 2.9962913227983847 3.150071836683439 2.301361885305723 2.8619233703076135 2.99133702101507 3.5777781834207745 2.4326207071632906 3.6872956744189955 2.7805634925439353 3.5227787661898935 2.860486611099295 3.3308015011423033 2.861712766755664 3.1951095686471427 1.7093396052548684 2.558154852991514 1.9716554314290182 2.9980147147701786 1.4962944815103152 2.671578897889117 1.6512426670208196 1.8792891007196086 2.258486233399876 2.022876801914904 2.344198218361707 1.86804374098521 2.9250324617967696 2.1886310739081365 1.849969966774816 2.311447021413066 1.6459667091285157 2.7456098073334996 2.103054299106838 2.374515463175382 2.2320736605903346 2.456385276791906 2.7407413248810193 2.829919810822768 3.015488280296847 2.265028155584097 1.6614600201426752 1.6048818721162412 1.5951254937904253 1.8146736748961458 2.3112403219092137 2.134291341975292 2.9608268135563143 2.996255290604065 2.2608691788593505 2.0606743103527063 1.645494623815357 1.7377515528977547 2.422907118286002 1.7871315024527534 1.53476194040978 1.7878086939916187 2.104850745205286 2.0000815220088493 2.3084863638980573 0.0
3.180248608562622 2.848760702342072 3.0764263333020962 3.008096054379781 3.3328745375584017 3.5194916489830783 3.2098003682997014 3.072025527255838 3.081617933702517 2.934168693793735 3.355548342556446 3.1212552935962856 2.9601661946136377 3.3172184270197107 3.8793421165994753 4.450499666052977 3.6137837223084928 3.122658039796301 3.38505691372679 3.5086351534452036 2.9200520368613647 3.3112993872129177 3.5937935402628693 2.710873435653795 3.047340108830254 2.749346665048017 2.9293371338040024 3.12747445901288 3.0424279303910167 2.9916950656933357 2.88035703281058 2.8563383996244083 4.07484166893121 4.18516739996664 2.934168693793735 2.9832794140937042 3.1340105739665174 2.934168693793735 3.1360588390674877 3.040802419321168 3.18114895536615 3.198332334255947 3.236886317026935 2.953642975031841 3.3706425134098326 2.828787312351694 3.536748435491505 3.0975570596292155 3.370827235120225 3.0032826581094203 2.3562448938739786 1.9435207537606956 2.225402572787713 1.8657112160665998 1.7804055074554004 1.4601280930112115 2.054126894574942 2.058917535957702 1.844949493601385 1.5909253104190952 2.5492439554468844 1.5574096864439817 2.073372503313951 1.5818935277595751 1.4930862023714677 2.0190875426902672 1.55884110713661 1.5179031514127166 2.1203442875788534 1.630618827064162 1.8937525961386064 1.522621052295432 1.8348836763027867 1.5648769283543444 1.6929612722548522 1.878836459077359 2.0080965005677474 2.0739050046391068 1.5449261545802015 1.6019999436652557 1.7589663399320528 1.789699486582563 1.4760364749773998 1.6567600999271979 1.5960698042133645 2.085036968941141 2.0532608344824057 1.994131615157194 1.5195741828791836 1.6199138944419889 1.5490445998143312 1.6209436568836149 1.526310763707328 2.1215189412078197 1.4668665272435026 1.5214936393495038 1.461853534359569 1.5854835860034566 1.8844414233675313 0.0
4.629692094770721 4.739750151726376 4.818556514483762 4.8237559119438345 4.697746999832822 4.454001212508193 4.756512921515907 4.620192719124977 5.026184988964166 4.76609159078712 4.566990836106777 4.677665366653306 4.868613878666745 5.214815165192837 4.764923852136626 4.929311141118735 4.582822469340704 4.544911166274356 4.396782103782949 4.635347239703599 4.414188787753722 4.5012505976467105 5.007231689987436 4.257543440966402 4.588677115290259 4.635381255323394 4.4201004786775275 4.560932297560926 4.575557767149952 4.726064379592299 4.69480513751141 4.305009039547043 4.982704589477222 4.937880238633916 4.76609159078712 4.716819412996364 4.534341356486356 4.76609159078712 5.018808532746925 4.580299055865153 4.617790997978313 5.360988135356131 4.975948194083022 4.279616675680641 4.430664428890495 4.702464040238975 4.687907355938015 4.837586852512827 4.597429357892563 4.646170561224708 2.4693662660618836 2.282794363432335 2.3557046269277455 3.5726356266469375 2.5390063998170884 2.787595768835644 2.152537052247713 4.01849358564542 2.6074090613510736 3.14778875466872 4.4863956188982135 2.485938590762162 3.805367903694489 2.4980603200863216 2.9350736407461926 2.4607417236898126 2.5187790890886923 3.1682950401255594 3.4112798153108432 3.4128003138853145 2.070725064439761 2.8047773941478895 2.8694328226742964 2.748075355922988 2.6423216423404754 2.4940358702858494 2.6362290028309263 2.198471039971081 2.4762498485451396 3.4277406480853196 3.5939928881362806 3.6828753531118315 3.054312063483303 2.5315387156829208 2.6103756415737647 2.2361094859761783 2.3261404150869907 3.3702293016969573 2.746739643342305 3.2918112581067485 3.1621647533414174 2.4398328140923202 3.1452115128837503 4.095031792878739 2.9783736221153534 2.7687900825002782 2.7584236985482056 2.6423216423404754 3.811329834362294 2.8653925556364297 0.0
4.085109260999659 3.769990356730574 3.9874025180649233 3.9085217203842264 4.2212139385898615 4.32346860388759 4.087695564491525 3.9836003536324043 3.953919663281574 3.867373511203797 4.230279705597569 4.020947399638433 3.8854547556458163 4.204634571123455 4.699224429030826 5.166162823260358 4.4298632886780345 4.014686537377057 4.216207624316821 4.351303853755921 3.8355747002367697 4.1561414620756025 4.472370325466528 3.5906119691814555 3.9392946861500766 3.6739059865462327 3.812247291392667 4.032517263739739 3.9615711786442187 3.8975885782773645 3.794859157555939 3.749413735985624 4.892282014239435 4.9721194733200145 3.867373511203797 3.912993760310379 4.042694606689417 3.867373511203797 4.0179280091620235 3.9558623566856412 4.071911210669851 3.943572302551522 4.12316659900606 3.7905766647634596 4.185503216527421 3.7311350836792365 4.390291746571747 3.9993160333170144 4.24586872889887 3.925432098904469 2.5736223039808377 2.2241899980290176 2.3684503334387625 2.1654695962109374 1.9537594192675025 1.869152257240202 2.277909889019553 2.608789070772528 2.131606317903062 2.02808890645528 2.9117337523976774 1.9292285647547793 2.4239652805844907 1.8753705378079086 2.0759547160022387 2.30724381427762 1.9027482598837497 2.1000690201219427 2.1571713169739977 2.1287652719513974 2.021528146436909 1.9713063151208556 1.886146951652962 1.9419619104295966 2.063679684123 2.167707220670161 2.1609643927110773 2.10483650574806 1.831041856193109 2.2322583559359437 2.2256750022902976 2.309715729485404 1.9998621239929408 1.7032661150497064 1.9484944891953968 2.3751522558452707 2.2496878379754217 2.165949680963442 2.04281940170376 2.011638780907518 1.9692456512928365 1.952909288740569 1.9946479781101771 2.6326837340653158 1.9051888777799648 2.0717945206932047 1.9493304057087288 1.9912661253848052 2.480469173867503 1.9237171027254791 2.5440815998285435 0.0
4.808209095862438 4.797233602846121 4.98724564102605 4.984908282350585 4.930501306202755 4.732793443225448 5.029987113011503 4.79073026241321 5.163719833160102 4.842862590111717 4.741998226733275 4.895073980524266 4.9343941015601995 5.38463287825434 4.933402999156828 5.267644739390676 4.8515563579521395 4.741236596210193 4.552868917421786 4.927460845305618 4.4903549293408185 4.782434571778409 5.312922130796202 4.427547812914418 4.8121259242197265 4.670439648427591 4.628739959542277 4.717890440803066 4.697272001790081 4.899920302459187 4.812332001299068 4.4130437347115805 5.298410576909534 5.2322891015960495 4.842862590111717 4.8157378274945195 4.615082248100411 4.842862590111717 5.186976251874175 4.727488623070385 4.8348257136728545 5.301967943194546 5.207582161290813 4.560801522252951 4.752721791975098 4.799434796852411 4.963676863884736 5.029687129244758 4.795873750560607 4.781638334203623 2.0562877952507117 2.2082764364385086 1.9351311195373975 3.3679018315402383 2.144367787748244 2.7420196492920055 2.237444274638793 3.9997419252651323 2.181778403708832 3.2571890486386947 4.297706694681335 2.5214653240279956 3.3390421806884634 2.3497151167829706 2.9766797867640595 2.1330336762472153 2.691889000004168 2.9646536962116756 2.925600390780517 3.2172776169404917 2.3583924369740616 2.5773620144465146 2.431207024092925 2.496983713586657 2.322466209012622 2.1513763518230484 2.0667359359253865 1.8601671046001143 2.402690539066361 3.221071557703357 3.395233305241116 3.468378098226438 2.888516521449658 2.3631154076950778 2.8610998181338942 2.527052680553915 2.015736949233396 2.8432553660335733 2.8537983497731934 3.1713761638074947 3.0707920583833186 2.355516186533503 2.93125304217726 4.007834791587707 2.917689363427607 2.8105274790296852 2.7674473131887636 2.4214999860616646 3.787641728742989 2.8164847626515206 2.234895562526594 2.5559017278563063 0.0
4.158179226903916 4.0224052258054135 4.214722628251988 4.17580910989791 4.284111474189983 4.239061216241499 4.277199327934727 4.098789743408958 4.306816595225522 4.0795094913757675 4.194810826536528 4.166571677953997 4.144384322610891 4.537533308100011 4.544343612180579 4.951744690329746 4.362372784875938 4.0932401695769185 4.097906223689013 4.346935385991816 3.8717823525338817 4.181420032457834 4.610170797354067 3.7322793816276594 4.075945648864046 3.9055103398458786 3.9371358216888974 4.084651598353116 4.0452139390919415 4.118093426434279 4.029370368906085 3.804074578801106 4.799781270662564 4.820551571033217 4.0795094913757675 4.094864547005586 4.048553749364546 4.0795094913757675 4.344776371903195 4.053768128541424 4.170913762139028 4.435332884859648 4.393797944833551 3.8975930723254955 4.169611630586448 4.008699581582182 4.378328022852939 4.239518389127703 4.227929667598222 4.0726587333477084 2.103958695127488 1.93139203523094 1.934830582886987 2.610385063923909 1.8105340703692245 2.022947516393946 1.9684132762183602 3.117689945367858 1.890623394906171 2.426642919221613 3.4695345864806773 1.9402704578899557 2.7160366580631745 1.8121925458135457 2.2653554735490173 1.9692979988834027 2.001653284491357 2.2587356339237226 2.423255761290945 2.4585553729730605 1.9001611344880205 2.0147095033203533 1.9640768492946221 1.9191904523231633 1.9183663546796985 1.901241973499299 1.8949751512422632 1.7632285695745336 1.8346123366883675 2.495917165513395 2.6191267810085797 2.6904924139308113 2.1965564010170886 1.7841328565803742 2.1157572549340857 2.148967199260666 1.8850503954016702 2.3478307163151726 2.1492984443828593 2.3964898365148355 2.2795379888075527 1.843645739530173 2.2329093825393582 3.1484292312337074 2.1647975100287535 2.127200351671604 2.069129634309321 1.9183663546796985 2.947998753209573 2.1044292138878267 2.2469710780478547 1.993180605222295 2.1145337998309115 0.0
4.528811988458858 4.477985472249992 4.642488088179719 4.622352447361763 4.639496375018228 4.502154848255786 4.666536640911951 4.491397037350666 4.777238427701306 4.531363968650211 4.518054605468918 4.564800973036861 4.609288366838783 4.999126315000327 4.790621303520302 5.112117982843055 4.62404519111779 4.4537644184246865 4.377418150708784 4.652207092572655 4.254702393854772 4.494471114582144 4.971079968094049 4.112193374779998 4.477903171007756 4.363602276342954 4.310929292180696 4.453358370848895 4.430779548793822 4.5506810243248355 4.475957767825752 4.163182036946216 5.067705150557521 5.047061709122643 4.531363968650211 4.515914024130781 4.403237376426841 4.531363968650211 4.801693420103093 4.443746101558313 4.53316506038117 4.940041567037673 4.82394538005448 4.229733763148703 4.465738938261893 4.456762042225065 4.694921315581314 4.6699161411843155 4.555271170088498 4.480976304608831 2.1830210722246135 2.075852163366135 2.020935097972441 3.037536026187604 2.0527147498055305 2.4056664089954913 2.0593734440531586 3.58931160024113 2.149605089113858 2.8148828856620196 3.9426665843697273 2.2113713720869645 3.165071100095149 2.1149005010899065 2.6257941815835197 2.1305286708562825 2.295540263487486 2.704025087053428 2.763956469101681 2.9109432513703264 2.007357591510456 2.362993085180836 2.2788450607288846 2.2925338018820574 2.20969056898242 2.1075009197115864 2.1125261376932243 1.8397377690258823 2.1215277219976483 2.946675716698695 3.0769590986452995 3.1619325731402728 2.6046175203082598 2.077620440446785 2.4200766959760123 2.253748658410877 2.0093150992043074 2.72089540000517 2.4921225160850886 2.818064785604091 2.715523187037541 2.1198188809218763 2.6531521905580426 3.6227257480379316 2.5662985508410845 2.4865220406417152 2.4306216274443786 2.2361094859761783 3.395561705322536 2.4850102346252934 2.000640931721799 2.192887454474714 1.9602216145345388 1.922285481510336 0.0
5.349573303062744 5.367135466162589 5.56814304130357 5.571102325759649 5.473181841858803 5.227057323056784 5.615506461020379 5.343379162545447 5.761143812527839 5.403770815135039 5.244033323382938 5.459918941048769 5.503431161525956 5.983617553228235 5.375904863515805 5.685153457032091 5.351773653745122 5.289459733900068 5.021051710217063 5.452857808641686 5.008600790015025 5.322167634769313 5.885692116383145 4.99664124215082 5.373053669039318 5.231475797618189 5.194282060547335 5.250282047889152 5.236087045287716 5.477682088871867 5.3858615707001345 4.948564773637534 5.777553635620615 5.682309648802516 5.403770815135039 5.378452472493635 5.124065746552011 5.403770815135039 5.785911342807302 5.272849000351193 5.391353071469238 5.876741867030033 5.8043913889325065 5.13383317189459 5.27835814121293 5.382758007692765 5.481478267059584 5.615237757636821 5.306652416920099 5.339470151870076 2.333214958987641 2.657724660207036 2.23977179505007 3.8829739416399796 2.5677305767027323 3.276187266441887 2.6924793644538942 4.574982178697154 2.5706550877186176 3.85093831215628 4.81304985843465 3.0683385275421036 3.7616278294891594 2.8386761760531143 3.553817324155124 2.51826736963631 3.2569639488816033 3.469607171154451 3.3226173798430585 3.739525977555649 2.889168968704298 3.0816585905002287 2.8396323719399836 2.9617307386678715 2.7697307944769505 2.5626304096440076 2.3948551349270244 2.231687263401933 2.923560071107832 3.747366060070073 3.9182747368844564 3.9875037636355892 3.4180511860529363 2.8437588850967424 3.4410860206995406 3.0265949370789205 2.3914885701769326 3.2346877856391267 3.4185962706043593 3.7138054145215214 3.6032485462624226 2.8514294175969295 3.4476830911499077 4.566010255688802 3.465584329607017 3.354044082337259 3.3180282740140017 2.9042821179978526 4.37274959534836 3.3657696490092017 2.578664676238851 3.054327563555787 1.9542014873256064 2.51139287885411 2.3008982790940093 0.0
3.940754394569136 3.3844894248042188 3.60587782304544 3.4610212353222307 4.075536065052356 4.408862607870598 3.7529035473567993 3.7776771594412883 3.36747442408412 3.5188595472280424 4.242250148442791 3.7523400607944635 3.464865035850114 3.626254359834543 4.875178320963592 5.405652036701272 4.496015956902947 3.8766320543469455 4.362519319597164 4.304159128778808 3.7746647834172466 4.089059020021354 4.192987768736782 3.4101874405463697 3.680556216655454 3.32887448315737 3.6210617211645193 3.9250092046711704 3.819103841124117 3.5228661992226655 3.4162005180620207 3.6952992362558055 4.928987775232146 5.110753749516545 3.5188595472280424 3.628842922352789 4.025305169932997 3.5188595472280424 3.4677851158325836 3.7835023033491004 3.8971726608643924 3.204315159734384 3.6483790351491385 3.6468891528335274 4.16350048865283 3.3118244527622087 4.3400767424383515 3.5877624665782974 4.226647778856459 3.682091291378282 3.4574198268262 2.9467192444693606 3.2570028498157697 1.946010374697464 2.645680623356371 2.094024023671803 3.0036104550058855 2.0132053663880054 2.8401361819768978 1.8180007014163522 2.2826586056260267 2.364723049815958 2.423436240354901 2.413760345205529 2.1912264868575098 3.087099291190221 2.1940937613280846 2.233592859493477 2.3914615732832214 2.0359032796798107 2.6125075409115075 2.374934008598436 2.3843880609158674 2.3933177698991024 2.6714132731688163 2.902981834201079 2.9416823219507693 2.9771133839727026 2.321465150859868 2.2023483973856917 2.012368310596593 2.079143738619478 2.153779892070439 2.1934426211560143 2.1122707604922333 2.969498546689927 3.074647532532659 2.4613841292901517 2.252378402553731 1.8901764598424506 1.9246484508245245 2.5096740564589837 2.107736946461561 2.0562877952507113 1.9814334539794956 2.32945564012031 2.188348992329544 2.512822380850457 2.023709132707641 2.1063418393883127 3.3811058973699195 2.2096080421928126 3.556456494326343 2.7269645288705164 3.0609185066026443 4.1276683817812305 0.0
4.9337702242177 4.880434822433612 5.102482250602342 5.090374174002394 5.069406111386735 4.89944478686164 5.178246181478064 4.909182482195043 5.258872001021779 4.9230098547126815 4.870513415135649 5.02019013857004 5.010833735566949 5.488690450834606 5.073244074959813 5.455670386407717 5.024569952039668 4.879164808464663 4.684747108749951 5.089421330195314 4.585369975242526 4.948801442177581 5.473076088465602 4.565712187233965 4.931481183597187 4.744231695585342 4.770299974339079 4.83705570048877 4.808508801987232 5.009422721758036 4.906915023687066 4.5383308008197325 5.454413755474127 5.395814986180011 4.9230098547126815 4.91972831458482 4.723680905147002 4.9230098547126815 5.2942817431764855 4.8414252308837185 4.978660535339035 5.341430725680525 5.334585066742033 4.73771623508555 4.9204609247437565 4.899204593336561 5.11183397479768 5.1471657829196475 4.928943638073219 4.892015572051286 2.0988747052819527 2.358230311672442 1.9812348287308645 3.3932495163811125 2.1840566971773527 2.8246633532370806 2.4307848649276775 4.061862189401843 2.18469535664061 3.39334628966831 4.293276977827978 2.68320805937049 3.257103305641633 2.43009715233464 3.1175827379070395 2.207596512937793 2.861233183945017 2.9792193065779413 2.879307140073967 3.2397786158847404 2.602678789392348 2.6452387684084457 2.4085510730267785 2.5109007027302246 2.366780157097333 2.214430367810518 2.0276976743456494 1.957726040005738 2.524145332839276 3.2509580223016714 3.413268378780872 3.474852122906957 2.947755903684107 2.432489627710375 3.0403510219238337 2.761080813533602 2.1007015496126056 2.7716762174232943 2.996766745822989 3.231593358543511 3.1169276341663084 2.4628503559155215 2.967324929869487 4.049408279955774 3.0003672223926046 2.9235600711078313 2.8815828283777054 2.487752886671756 3.8753038763745784 2.914809836945023 2.548412908132654 2.7007241208863233 1.9007866737189993 2.21811348112632 2.1549915350623654 1.914095683369991 3.6975405879056993 0.0
4.787277586592366 4.460978498377954 4.752796102323341 4.6824961908786396 4.952475664969864 4.991949786248608 4.907228724428728 4.701466717950434 4.735835934896015 4.558335976827857 4.869853477650409 4.7839317615256975 4.584098602618562 5.005328932222122 5.255874948325829 5.769324175405895 5.102152322329666 4.730981641675696 4.791870174106367 5.078938924557685 4.449576155983986 4.894452796693803 5.286646488346174 4.3199444180133275 4.701086255794229 4.3393863031657425 4.559804336217322 4.709730653888764 4.630928215839679 4.663161258901465 4.5250826673883635 4.3937321777630896 5.57721761701168 5.6030462583991545 4.558335976827857 4.610170797354067 4.643434247644484 4.558335976827857 4.816416513397358 4.649655337406913 4.8119104184324435 4.569120295893548 4.948030315696592 4.5727877188620205 4.922773117530204 4.461805791426123 5.104566072834978 4.785730719375524 4.9103846611172655 4.634092928785528 2.4719663630746602 2.478878719336998 2.256268998140691 2.548532899379 1.9618092269411687 2.3697128710397233 2.6094400839830603 3.25953097527012 2.110934409180622 2.7655586684065576 3.3294720765367356 2.4389602820535266 2.458072438703516 2.1771450024175225 2.7050514298013613 2.350509652596992 2.550303677481414 2.4760889630400484 2.0586045903842667 2.5451214521360828 2.5639107749839467 2.2753325240871756 1.8273548270974544 2.17044508628128 2.1989605894583906 2.2249846347308813 1.9450869678704497 2.061491777807863 2.228237835896991 2.6505501220404315 2.6448030506548617 2.7178746005540644 2.424842175916328 1.9616332893811386 2.6849149303305677 2.891227203415227 2.2718652055672517 2.049842363721577 2.6774346139037384 2.506158536511508 2.4719627508438595 2.3013608240936914 2.366341136554441 3.2048910007340914 2.4366882772409464 2.6351025765748677 2.5043368460176207 2.2517402423984842 3.134888346438309 2.450221232051204 2.7955773858718898 2.207385440370241 2.241829646314541 2.0971430616213977 2.228762574566973 2.4867310307283272 2.9349698099403865 2.1816392808064804 0.0
5.09260175710079 5.394509684372948 5.454028698897478 5.510824092139801 5.149015089874148 4.716070725518991 5.363542829579086 5.140604133158995 5.791430870297074 5.387335229551173 4.890409431180553 5.242352092296538 5.532013565100058 5.952715447279284 4.87459431023738 4.931025271211836 4.840591672397946 5.01565162998477 4.611221518876136 5.001666562176713 4.847130997730578 4.91047505879168 5.531622491498723 4.821865370713008 5.16122636549352 5.276841672074759 4.96089214930347 5.003189984349611 5.049087728223777 5.37068193392919 5.348527782232782 4.749279305218054 5.208593635595948 5.057384507441535 5.387335229551173 5.290556275460954 4.90001874630713 5.387335229551173 5.757756376702951 5.078828583665116 5.108353416956854 6.219986446692479 5.6639925713250525 4.802811423796262 4.80990041286541 5.386366218021689 5.049775473013252 5.494359931334065 4.945637022589722 5.195602215932127 2.5154752009560726 2.6532148753818525 2.5202795343694175 4.460318954257929 3.0478437254205324 3.5684889618008167 2.5282139455824253 4.958691054969846 3.0092899735579053 4.068591229369565 5.438382417640136 3.160950606665683 4.539986781315421 3.1324799811740682 3.685006524167946 2.7237090625551335 3.3059602482989363 3.883864141599162 4.148084917849831 4.228185841918199 2.723646061163867 3.4359071014920763 3.5425177251595352 3.3830943860804727 3.1284260491283877 2.85816547693486 2.997792045118452 2.54540677190851 3.1592947577186283 4.173735904877906 4.442876947702815 4.515795497539044 3.7931601895274585 3.2957217434896817 3.4536539426564623 2.6913000053587552 2.599012929497845 4.04340669799743 3.48648438951504 4.162231760085092 4.017497247414678 3.0348135121185145 3.907225880353463 5.026591878020574 3.7998800937990533 3.4650333452210913 3.5029191907444805 3.211789072568066 4.704905965199714 3.6331484231011126 2.228852620507481 3.3843735358110036 2.3505942107174933 2.834476714355578 2.4749111151163246 2.4111046866468477 4.412857393730072 2.6061116906038344 3.31899898716444 0.0
4.062781969247703 4.137554813891374 4.259818191299519 4.273667123546247 4.1601438181336015 3.9601511520536663 4.249229744351303 4.053167637183075 4.483659473294929 4.16679821736634 4.003219951329419 4.139830961221349 4.27122987318245 4.674752779135113 4.217181677259659 4.5150480243716915 4.076040374516381 3.9876330529581345 3.836696143467499 4.13653655020738 3.8011257333038633 3.9939334365136836 4.506930037029979 3.698352303787732 4.060569543938144 4.024745284673865 3.8759753560872756 3.9841852364201387 3.9802080400316733 4.175867443702444 4.120383282010444 3.70484633358838 4.513168528869368 4.46873202317102 4.16679821736634 4.116012989692099 3.9165401542605416 4.16679821736634 4.480847434679329 4.000299984138764 4.070566719612435 4.795227897323259 4.456882812435693 3.775422242824305 3.957392613244281 4.122969126330523 4.181664896569054 4.294967293914151 4.045175891572882 4.0624606586989405 1.930768844408558 1.802788470168192 1.8494160504264134 3.1193865456394567 2.014088166020022 2.3337932892554023 1.7684451126657912 3.5564857135491597 2.0276204949949492 2.7558345933113393 4.032040898978494 2.030667456599535 3.2447480651547416 2.019321530993831 2.4356762420301625 1.892039462326884 2.1537798920704394 2.6070657605259604 2.953342634708135 2.8923357713833386 1.8203312925264084 2.2398073546408415 2.411313302474844 2.22181789152906 2.058484757058235 1.922605098644642 2.0801642347690517 1.7659384179677209 2.0209730147844414 2.8478932248919837 3.086844717423638 3.1534644644248053 2.513326468652563 2.16081222409052 2.2860520415338166 1.913381558528237 1.8118952489376863 2.8439948580735863 2.293592936498647 2.8314409385356183 2.7106074226402637 1.959343297839222 2.6137052822279117 3.6199121593815438 2.5146813075522796 2.2822833151156097 2.2841358681411448 2.086818803265846 3.318796114830458 2.377719169192594 2.024782281476639 2.3170627663828833 2.064069216246925 1.9960075908037405 1.9326644894652205 2.455391873926953 3.1539994620261376 2.2912347672707214 2.490692392164685 2.371722603136217 0.0
4.35217642953 4.101037546421786 4.3440021880081225 4.2892689790542144 4.49979432293642 4.514239555779923 4.4546016878151935 4.276171041677935 4.372649258821859 4.189191414738614 4.42799210162785 4.350173539709815 4.22831173867592 4.623907119211382 4.809224788116437 5.279445660211193 4.621840119171895 4.286143953817685 4.351303853755921 4.6015467393042595 4.049396409251976 4.417453906842093 4.815397889051222 3.8867739596223148 4.270272820298518 3.9876330529581345 4.11544184478346 4.28081800766108 4.215588733377778 4.257154964807449 4.142094622364212 3.9711397643605584 5.098885234951559 5.125482876830498 4.189191414738614 4.215079082049946 4.231420232006154 4.189191414738614 4.432071880843106 4.229566662358335 4.361524684571337 4.344548117085224 4.5276946091041355 4.095375882445131 4.43926626923964 4.086958589699186 4.637037195574969 4.37364263554635 4.4626705862592475 4.22356709387871 2.25889075077653 2.1234466034386528 2.0588644467217736 2.4293117489627383 1.7860754551822138 2.0709884906991465 2.2138626787650018 3.027490751934216 1.9340256781692224 2.4221717422562685 3.261297867699473 2.050275799628407 2.491386263376781 1.8925350247437405 2.3232400829736206 2.090400363615392 2.142870491253967 2.2541323288234483 2.1372300037587317 2.3623491663654055 2.11912129132528 2.010290174568001 1.8011094233398741 1.9585428837182084 1.9612872903545724 1.9802863656958227 1.8676850916760275 1.843672253586869 1.902482048585666 2.430553201869023 2.488331948047909 2.5662985508410845 2.167058109021119 1.757905038894731 2.26283747628715 2.430652567625921 2.0170995341165563 2.107713694476419 2.2795379888075527 2.293248260957702 2.244657235309457 1.9726793173280432 2.159254050896021 3.019066684745952 2.1540641033393557 2.264155516593083 2.152662699534013 1.9762020257599622 2.863405663084761 2.1325313577586122 2.4528580989188082 1.9582861795746966 2.1633981304862733 1.8890923546832838 2.006595886891822 2.5505159658847276 2.6621550554877325 2.244430797587303 1.933355238901719 3.065875496195954 2.1626362062958946 0.0
4.514068629719369 4.482768261980984 4.663939390046319 4.657539216068475 4.634619088747446 4.472041302401617 4.703005598179587 4.488520589329899 4.827557765670292 4.534418240896305 4.476005751096237 4.583356820151549 4.6197311916271735 5.04676963840816 4.707578583783641 5.055732504082529 4.586277364404359 4.442664217057715 4.311925876481976 4.643671062061107 4.2146301172942255 4.489486717203326 4.994111953297063 4.1156687814849855 4.503284953846051 4.362865664854083 4.318196835835725 4.4306196721217015 4.405722989482012 4.578923401795302 4.494880394042884 4.125898121134621 5.044309180559583 4.998714814312916 4.534418240896305 4.506599877716423 4.345505153898751 4.534418240896305 4.849759214301023 4.430909526481407 4.529847788015157 4.9814050012843465 4.871791638174328 4.245291606632347 4.469413121183244 4.475292784010748 4.684844525274015 4.702684756342607 4.52331685998828 4.475926286975774 2.0034140341340128 2.02028569280485 1.8691522572402022 3.1025271349986454 1.9792276911066484 2.471257129308116 2.043251271530823 3.683913704089855 2.041390693612669 2.9329256652461924 4.022859280856884 2.246062834672685 3.1420636762744105 2.1245470511623474 2.6698587380461634 1.9983248508205234 2.3972101521203935 2.713341635731704 2.754637412332762 2.948899352575915 2.098629019557297 2.335432793258069 2.2652209170719484 2.286365392600498 2.1324116441683536 1.9959458498713112 1.9764704795419592 1.7489737563405026 2.150728160292004 2.950431385184683 3.1239048866580807 3.199210763579514 2.620083902431025 2.1429517542327394 2.551482404500813 2.2888217587328104 1.8932178936592465 2.678658424288636 2.5575450105457884 2.887999073558915 2.7957386157556026 2.1248825570520373 2.671970438587512 3.7046071781074694 2.633562672043252 2.53177719269865 2.4838670806554455 2.2001846460562735 3.4667110365218123 2.533287941591864 2.121269128158794 2.316113468595172 1.864747874175928 1.9679428508012313 1.8633125926848682 2.150422030729237 3.2453202465014117 2.019040040787169 2.198054830298504 2.418469888413441 1.9258138812400807 2.022947913908385 0.0
4.3351908157251495 3.8972959558563813 4.151945561907929 4.047863306129441 4.484332154649091 4.657601466304316 4.291787578777478 4.211620625571561 4.030950672485529 4.023418121723519 4.530338189777437 4.2408059743647355 4.009744893867864 4.300468411044962 5.04500019035776 5.553036169142092 4.753807919991533 4.264844597889548 4.548158776146298 4.653393609217413 4.087872044616798 4.443532276759021 4.70631078415394 3.805991170268693 4.165796705987937 3.8099831777174167 4.042181685205135 4.289847076416316 4.197020599720131 4.068153399668672 3.9464927923375024 3.996885354262388 5.234092282501947 5.333339696442256 4.023418121723519 4.0905275670249575 4.308146611182193 4.023418121723519 4.119047222312801 4.188900429346315 4.31460561767745 3.8561684035628563 4.272199198793118 4.039743008983509 4.49777316155293 3.8514314093604103 4.694243940708893 4.16063768588995 4.541666619595812 4.130016577899065 2.905720162204395 2.5579316046445464 2.6765737042319055 2.0322601434393377 2.1429517542327394 2.023996842610115 2.635916725183374 2.5185415550364314 2.373079233663116 2.0692020273759346 2.6834689146664177 2.1733196648394792 2.3136050765509495 2.104722027586365 2.244780683106917 2.6117753387724525 2.1338132026437786 2.2149803856346737 2.01215335779726 2.119641341406099 2.334832727184567 2.1386906709259756 1.9106868730876174 2.1304946512920275 2.2953005320280653 2.439958680285354 2.36229305823328 2.376812453044565 2.046627962271731 2.27957637575287 2.1598256868617307 2.252577945366412 2.1007668442519543 1.8201491018907188 2.161159875252105 2.741112244512254 2.558109406589537 2.0959334079428404 2.2691606052293625 1.978861278999731 2.0054323949985737 2.221354713206733 2.0456469546328213 2.506684816414561 1.992391235094546 2.310565360739548 2.1441803021473254 2.2172155656272876 2.4308315198994146 2.0682482643886195 2.8292187205157338 1.8822327853380114 2.790862447444772 2.2055070415060576 2.4182260878348734 3.282877528622779 2.1141062392884944 2.919641781940961 2.244476243333861 3.7281921579463884 2.61917719842432 2.0672177583069495 2.5508237050446847 0.0
4.388110111442173 4.161212958789353 4.3345190633492185 4.274612657624825 4.503214976729112 4.526112233423738 4.383023037800076 4.306223300972661 4.340903289268652 4.25737015393647 4.4998299672697515 4.340795472150092 4.286312643191437 4.577627037417813 4.910664882428537 5.286499425372585 4.627850466158524 4.3025863443718695 4.455296173667309 4.583350574793335 4.169666727866396 4.391014958140983 4.739450847873162 3.8930093838547526 4.2652702100464746 4.074365128033467 4.106338261054013 4.339192108929367 4.285852720736471 4.2520434375703955 4.1709384267449074 4.048072117324868 5.1021661491841686 5.151669834237951 4.25737015393647 4.266168871211646 4.348651786334651 4.25737015393647 4.387096019619769 4.280576401072891 4.356030551426095 4.385366545382035 4.459728632173318 4.0304414712853145 4.4066816337071035 4.10504367732669 4.6390484263715575 4.345481032499605 4.514488299884001 4.265043864725547 2.7272681224128137 2.364028209826746 2.521559016964371 2.576901554085235 2.210692822640917 2.2157210757132817 2.3559574718182916 3.0279370954401896 2.4191611262159283 2.33732273834563 3.3569621298411585 2.1395607992477657 2.907304533193462 2.157025334967311 2.3702706687131756 2.498985460351387 2.115714654461369 2.540005616884554 2.5230820370605826 2.5718316698854777 2.05173829251918 2.3025503930748714 2.224594615780766 2.3151149441508085 2.359527261705631 2.39324122720938 2.431584958976734 2.2227081314530146 2.0774037889362944 2.6704701227908916 2.672714057942478 2.7744205501677057 2.3864375798659387 1.976194725340283 2.156948848034367 2.428150679102603 2.410352310846418 2.577305000926079 2.3183208370507233 2.404925009869622 2.3834132892334057 2.2005689416871945 2.404444016553031 3.0660627759908126 2.2699182912990885 2.3804798570787766 2.260195586822217 2.296461591704743 2.869739339672952 2.2619410283940633 2.2974661187915633 1.943987218210215 2.5201830668282605 2.101691436157702 2.110590679739794 3.0245009362481077 2.434735251426706 2.7817707930240254 2.3969286823595906 3.1525703190690995 2.268508541001438 2.0785958336165415 2.2766358178850226 2.0173780129778716 0.0
4.3155159551727245 4.37928234489972 4.489878980904764 4.496883359744489 4.403965702818952 4.200254931805246 4.463508336570367 4.3015520903503965 4.6920293863725515 4.417209234409837 4.268302436828295 4.375125304937487 4.514034358905509 4.886553292562007 4.487038526091807 4.739088793292827 4.3156910005667735 4.232609968290963 4.1074788387016765 4.371700993511863 4.076189751173971 4.224763708149695 4.725973105377744 3.9300576764130253 4.295688718714751 4.273268335154413 4.108285642038071 4.243541103878838 4.241332335162453 4.405908152485224 4.356728065542837 3.9637230436632565 4.754609355483605 4.712165080644254 4.417209234409837 4.365266305929806 4.193704265375048 4.417209234409837 4.690721272485641 4.255225700200395 4.308927328808555 4.984449354254253 4.667834265166415 3.9876330529581345 4.184057965314781 4.350236117538841 4.4246957263276805 4.518562620703609 4.304267696324103 4.311809820426573 2.1752866616853392 2.0000072448498334 2.0652843955471814 3.2385770408387806 2.1961243872507024 2.4896691327991136 1.9283249219829208 3.692139760413327 2.261513003124948 2.858945119994868 4.152607955263193 2.183021072224613 3.4269735797286818 2.1948561284515598 2.602197191340536 2.1294439742535647 2.2702079397098878 2.81795818724615 3.0681409384110503 3.061557591116051 1.8886066675852944 2.4394109223681455 2.5462348508481694 2.425619595965806 2.28487058162857 2.1498291495282333 2.2933437442100852 1.9195091185898125 2.1718336527332314 3.0500554058992777 3.2434103203708218 3.32446747757093 2.698027866342995 2.262812211916346 2.383775071462153 2.046911728946637 2.023651984667562 3.0048764855952244 2.4565841852423906 2.962240134888978 2.856076495200243 2.142824064409944 2.789456022008428 3.757184148673012 2.661752157173655 2.470464279209649 2.451110449867644 2.2976858327680656 3.462879335362246 2.5410920986906698 1.8945267706876014 2.334551421031963 2.100608199934479 2.0618559576700624 1.9027373063998947 2.4974777338093275 3.1701457428259596 2.391662532803295 2.5617056498203823 2.316439384365151 1.864562465767764 2.2155486910648126 1.9556537528475624 2.6117619239243672 2.170006271721231 0.0
4.146864114849486 4.0912953755381345 4.268446715067104 4.251104369171636 4.267466528752747 4.158186053635135 4.312909611382698 4.108332211138875 4.4168258914432865 4.135302224937686 4.137458595316429 4.190770380626733 4.21824632686705 4.634772916719576 4.4269167526031 4.807916258629895 4.280805754704081 4.081745042234908 4.005573805381902 4.2996579139401225 3.8531861062910964 4.145187460091956 4.617398727686297 3.7509370116442757 4.10304423786106 3.970664086246212 3.947888307869545 4.0667120612564664 4.039573166836729 4.17538576000472 4.0938180710749394 3.783436685375081 4.7168952254825856 4.707353381244041 4.135302224937686 4.128076905058394 4.006924144981897 4.135302224937686 4.441081108371915 4.056183628125532 4.165910261863896 4.6053483613405755 4.465130540110282 3.8947298630178486 4.123438097408938 4.085015666555219 4.3321397275711035 4.300518657779727 4.178066735105883 4.094568671140289 1.9368977310744513 1.842452348990313 1.8020144625750307 2.817537940525096 1.821677399530005 2.1438603163419674 1.8717833930419054 3.323310630538632 1.8571780941799776 2.598911210666559 3.707379138746604 1.979248607479708 2.883526764271692 1.8597838445300556 2.3513998003283163 1.8619713980031531 2.0868573395036507 2.3723839176594317 2.5932458073304754 2.6247897114505507 1.8942024991703925 2.072590470045461 2.087154106414074 1.9912661253848054 1.9112388902971154 1.8355776192322573 1.8622998552979775 1.686320560025771 1.8937656479492364 2.6235354128140953 2.804319072722138 2.8699586023975403 2.310464018006056 1.9122420824579272 2.22311485725642 2.07439933576026 1.7780945198500542 2.488528824957579 2.223054614900464 2.579415451565073 2.4546464061954545 1.8601671046001147 2.369141267929804 3.359371612210017 2.3101055576406435 2.1897968305814257 2.1583838702125018 1.941722770739156 3.1258837892059694 2.2150785656144194 2.1821726983910628 2.1362962995920047 2.0073005597585563 1.846325561222452 1.897123103621135 2.3699652735946386 2.954869341907026 2.1197973653103133 2.1725385425512473 2.6275275118236445 1.9048568595208102 1.9545429246837733 1.8923825137143881 2.3920081079644397 2.2138213981464245 1.9918194665604187 0.0
5.433562496665024 5.8356082104205065 5.8825229618757175 5.95904576098453 5.480327758782419 4.96227096593399 5.780015852488831 5.507905315133305 6.280328968027369 5.79829842683633 5.157274513813012 5.625681658546185 5.966562512233402 6.425107895129446 5.032854567113407 5.026333956799431 5.096013715451702 5.371171275725785 4.828685415367047 5.294149177371593 5.171171424706824 5.238512441165407 5.904487060484361 5.24046678407287 5.5396644989670225 5.707383021633935 5.356330668126218 5.332475760889498 5.399043289032573 5.795296220693484 5.7806017064208675 5.107545360995776 5.398517255334871 5.203802012771133 5.79829842683633 5.696137987010487 5.201031710081013 5.79829842683633 6.235241301270705 5.4368091157035945 5.474816459033897 6.772807882633006 6.113829305881757 5.209612006176418 5.108324769226751 5.84953475626325 5.326261736936826 5.929051393978907 5.22374560002056 5.581978710223747 2.7809458670225866 3.0834741158865677 2.853937818089615 5.059482397801729 3.525443392194789 4.108458133051931 2.9696562518804916 5.560552375648275 3.409809132843953 4.688662833974901 6.04478790804892 3.706581576626871 5.048204737225308 3.6307563954237727 4.243401411396094 3.097690736419638 3.8730540270090326 4.375062705431961 4.702169529219612 4.778876445842736 3.288664320215237 3.9443033294775383 4.0630800035720425 3.849942392104406 3.573243383445759 3.2721877378847744 3.391811823772901 2.9914356688635912 3.698545783807491 4.697943940064509 5.009897254446493 5.06827559942071 4.3278017434479406 3.854755747338351 4.036400989121575 3.158157290771308 2.986513418918352 4.552285630450515 4.021758822568911 4.753915389070234 4.576319946930183 3.52202631934887 4.447876191721645 5.627177307734423 4.365984750730317 3.9668746934126586 4.039552176515559 3.6864943829739474 5.30844307202575 4.183336015999393 2.7970905723692545 4.007007599294656 2.7337193831431503 3.343080804748463 3.0160451041501153 2.599161440641127 5.08434545991246 2.8625080589571152 3.78808229899036 2.0363253303419278 2.8691884366177813 3.611538461714956 2.896997187820736 4.383976844657206 3.8529456541543023 2.890225887810273 3.0946427842452993 0.0
5.897981106709139 5.735087012664393 6.002014914719215 5.968192974441865 6.048281412776706 5.909256442271107 6.1115838149156 5.8567507956818945 6.082293632292224 5.810674309321907 5.8666342357990295 5.966562512233402 5.871229713900229 6.3397386463901695 6.086358054090959 6.481570885626142 6.02629850587291 5.8375928531736125 5.688656758050642 6.090853638770404 5.538921660362208 5.932351041086993 6.439132121996675 5.478346880701901 5.882231919154433 5.602254112999367 5.707250804723112 5.80387307211715 5.755615709223056 5.913269859022055 5.78891373694449 5.475617587952376 6.491457431406817 6.429470191215948 5.810674309321907 5.82056951163213 5.685617416988441 5.810674309321907 6.14231786669636 5.789939747773243 5.934185667765301 5.974130832192199 6.228885568139413 5.6778945203079925 5.92276581237342 5.74624977166368 6.120554066221971 6.046554575855516 5.925152735546839 5.81814352712899 2.8808225948613013 3.17247394216658 2.7138283020001066 3.837021160549422 2.7985801168967166 3.5163622098276415 3.2558151927327152 4.639342909603861 2.8955784264036746 4.028254817052711 4.6879427470302835 3.429877231768518 3.664330115905372 3.1452286064905954 3.859194212640048 2.985772149915329 3.603755518547685 3.673807676691396 3.133020399973068 3.8228754474955275 3.351055945651108 3.3328033065866376 2.8315554473623084 3.211873596447383 3.0926443180310215 2.9565561131403695 2.6299025883814164 2.6079453539318354 3.2218956037907915 3.9011330991498796 3.95013746104856 4.029818622420148 3.6114105552241944 2.979607525620908 3.77876160749969 3.614752747975378 2.857452545697933 3.1298457440266354 3.779144118483554 3.7807873159341807 3.7289827546041496 3.2268887780722806 3.577422267078827 4.5808021555967064 3.647035279268575 3.7235891992976877 3.623161219220452 3.2228281735471307 4.480256460273091 3.6107360073902015 3.02091122024801 3.157739410532404 2.251936642249327 2.762528844743725 2.583193681215141 2.0647259714845583 4.164403277427975 2.135131121601783 2.3745589675691408 3.0481605718846234 2.9220814769240966 2.632973353102779 2.4581149309617225 3.246929912845795 3.1420825982076797 2.92064086086163 2.7074454972781052 3.321813698615695 0.0
4.524391973146955 3.9287299412456966 4.278247649908772 4.1493076860300215 4.711141273804809 4.973536347247075 4.515274183140903 4.379588740396106 4.0759946146825925 4.072140609199713 4.751684508471326 4.4276025552669465 4.029800962344824 4.369864966042649 5.302646583360637 5.934742900204173 5.063743883594617 4.476381818001422 4.792719005795602 4.946414741970777 4.219169044557909 4.733866626417066 4.958562099383197 4.004722009603256 4.355811206976114 3.8306507386119817 4.257697130419999 4.471123051314896 4.345325226240896 4.196977851756994 4.028670060240265 4.172707148294457 5.544251794971052 5.65839057711001 4.072140609199713 4.187230233769431 4.459149119899572 4.072140609199713 4.2015476658231785 4.347625343940668 4.533542355536889 3.659543833765064 4.4250092372754235 4.333043097795791 4.818273710419881 3.9166910039136456 4.967496499616821 4.296946226696089 4.771725804654793 4.263660655042123 3.091295779634603 2.890900370203845 2.866461943254103 1.87080801263091 2.243503328698586 2.212836343390682 3.0568894594934948 2.458487773819473 2.4413236684031925 2.3181232718500553 2.35135920141152 2.5170400909711192 1.8553495481757312 2.3176954116886 2.4996991198109066 2.8066449924483474 2.535665788043863 2.1859303297477877 1.6811876425074967 2.0177948307722615 2.8678804996973573 2.2409193608366063 1.8177230660751593 2.1940551124785657 2.402736059355045 2.603092387575004 2.363127649648059 2.6272406422144066 2.321957053722553 2.1989605894583906 2.0025657252277185 2.060747065440853 2.1519938356295447 2.0114732729239155 2.592919984344502 3.2397170041546413 2.787949219041561 1.7487306380074816 2.5845365581259996 1.9819942679784075 2.0451408222562115 2.4894894985663902 2.020208802091097 2.361187291982419 2.1299085005586886 2.57070230069336 2.391416865685061 2.3657896645709684 2.4347500951566667 2.2533824235760487 3.457840007879491 2.2294879057937482 3.0628606174086808 2.514228382224325 2.8533156665992196 3.4538438361073283 2.3878441497309946 3.0167021750636844 2.2039194659391463 4.245307815263664 3.0741742352166432 2.274349538293605 2.8919151588929513 2.0831706214783714 2.5851830103578823 3.1651860215986716 2.7062686481785962 4.798545488094521 3.2660041611477526 0.0
4.686148788381608 4.775778409893767 4.9100368175916955 4.926102458710931 4.783099721664204 4.523316859988279 4.898295807679004 4.6862148644140165 5.136065417032098 4.807890734853594 4.592210682076486 4.7819184637127385 4.914597469347314 5.335434079223662 4.74276827146613 4.988838167571805 4.6418661550457445 4.60991319345344 4.387389514192526 4.735209859958809 4.4083530724382385 4.599899045726685 5.148659593227394 4.324818707005921 4.701101501650544 4.657489878396822 4.506595235841758 4.601224555833941 4.601999126088155 4.82533583661352 4.765092044943212 4.310579267709868 5.076409797893806 4.995352454194713 4.807890734853594 4.752937858851902 4.512435210186678 4.807890734853594 5.137388823898808 4.6278924577851255 4.6984948044084645 5.393312220576352 5.116500229535102 4.396886064953204 4.55118723334982 4.764589842858979 4.781475237355037 4.94851526279473 4.641500854921898 4.698386208402369 2.1035616325897815 2.1507596247287886 2.013349525473341 3.5446884657856677 2.296957577664187 2.8021252778335684 2.106953294282419 4.095157861959981 2.328234593922267 3.2735793132785678 4.492662782041541 2.490584394483654 3.6175268271005017 2.4149206323822447 2.9672423948262376 2.1784603978228696 2.637065471250471 3.090469893711385 3.21447660722901 3.365801998304305 2.2020551244660433 2.6732492492328355 2.6743948404410682 2.6264193611145594 2.4286026623032577 2.2315330976343466 2.2847950457186776 1.9340256781692227 2.435131518454444 3.348878666678151 3.5563864960036233 3.63402367609477 2.9901855325506603 2.485579450650119 2.7885994438106447 2.324403519857296 2.0563843078282042 3.1349173628972813 2.8175440963024627 3.2941314009573075 3.1827864130624595 2.3731862281413965 3.068721294596412 4.1361864202074985 2.993794207243193 2.7989741756001694 2.7819067414771763 2.5000941100716307 3.861855918808234 2.866021877302317 1.9934244912258383 2.607978046896819 1.9100789949875272 2.1769791392736666 1.9398518115101036 2.134964094005018 3.588566557672669 2.1351311216017828 2.532058169398519 2.0983761621732655 1.9494349556868755 2.3081240555521125 1.8985143688181592 2.888841584011581 2.461777076618203 1.926704720368234 2.0463551939452675 2.549783547634178 2.5741783471058737 3.331975137473503 0.0
3.958771778363891 3.689797244944905 3.8673735112037977 3.795784344817225 4.078796655676198 4.1705637743026225 3.9334339540818912 3.86188179294999 3.853403525538558 3.7813707496661397 4.105356019209934 3.8869729618889126 3.804520830474215 4.08951518055487 4.573424301702663 5.000529630754591 4.274712955329036 3.8816097213102676 4.098228024432066 4.192216848209817 3.743990998643284 3.9983588018510092 4.305041880543663 3.467785115832584 3.8075435571518996 3.6033259489775116 3.67723848584329 3.9136444965909236 3.8527423737105724 3.7798413007811296 3.696319904325652 3.64265403884569 4.73094529313293 4.815700589662135 3.7813707496661397 3.8120813479110955 3.943235678209678 3.7813707496661397 3.903710288437454 3.8409156202150925 3.931664469188646 3.926931373747432 3.9851627323505006 3.630577046498108 4.021994915364287 3.637285875020098 4.238278378253525 3.87374960345738 4.114286852979806 3.814215017503732 2.656385472963064 2.2286932374987196 2.466186618090829 2.269160605229362 2.0826109503611354 1.8974233862437417 2.243747750708216 2.6113836145862974 2.254908093661983 1.9801293603540788 3.0007852884549493 1.9036089481966365 2.615315952971087 1.9345829429952972 2.0331843385458916 2.3766228912200615 1.8398042772608396 2.1759062547547563 2.3721159147754265 2.2118354097272004 1.9359982020208297 2.0402858165942384 2.0785278674841825 2.0428039070690223 2.154850605702158 2.252173393930146 2.3294804984588184 2.1991570832736635 1.8598774763562125 2.2973929925283905 2.3129281728035447 2.3984223394330235 2.0563843078282047 1.8068684099743946 1.8556956619927412 2.275463596712203 2.321700224549733 2.381747577685519 1.9887033918746457 2.0717945206932047 2.0255333465657284 1.9797529395343831 2.0803648624181603 2.666531246060115 1.9354052701398492 2.044601266020932 1.9391944751656427 2.0572542025027367 2.4704766876373823 1.9378940901385568 2.4849350033287485 1.8536192556023197 2.674252720362962 2.072185083574526 2.242294488505436 3.214356502332758 2.1684194738140987 2.879740060826853 2.42546641857919 3.372940164813494 2.313507392405952 2.087009346862871 2.399053230493339 1.9476272173378313 1.9083066158648403 2.301542772302375 2.209608042192813 4.029840518411072 3.3810143810708477 2.4272171488388072 2.6445965056300693 0.0
5.509248942983658 5.433949987710459 5.676218721233582 5.661683699250348 5.650943416786365 5.465750027806941 5.764980458559147 5.48582690445456 5.817651982081506 5.485942034702809 5.437609420720045 5.604067271943363 5.568143041303571 6.056926628256542 5.613606757825739 5.989078100975622 5.587454341217651 5.454066735122199 5.237022613554152 5.6690579928735465 5.147648955481344 5.527242489025484 6.063178754042081 5.133833171894591 5.51771316998984 5.296008897183481 5.346572287572568 5.409576716442418 5.376517860289449 5.585771286033086 5.473553874506513 5.097310723760027 6.027333603841431 5.950160032872197 5.485942034702809 5.482825051134808 5.280052401242826 5.485942034702809 5.861034325823666 5.414440804530185 5.556165794690904 5.823824340395498 5.915597294926873 5.314587663688578 5.502210967381888 5.455243964803581 5.692989244436842 5.72442425111301 5.500693946695481 5.463040869434972 2.4857049901772057 2.8323175269745384 2.3639425488680357 3.786260838904448 2.580537633920908 3.3123361038377515 2.9108684988193105 4.529975350062414 2.6057412000447497 3.8825114715076854 4.675105156184977 3.179789874123479 3.597695335616012 2.9007966921999393 3.628986692924484 2.6400398928697597 3.372367737290723 3.457592741000798 3.1488318115461262 3.684926220061523 3.0881944018260965 3.1063919567038036 2.7433925252549685 2.9740642375184545 2.816231019736043 2.647713859911807 2.380266844077573 2.3365113214156588 2.996766745822989 3.7166523249707546 3.8430645346310266 3.9100321611885467 3.417882817113036 2.84389858505802 3.558770799639968 3.2709633568378282 2.522404746706201 3.07582728184827 3.5225813761407445 3.6713776465886636 3.5810351341697917 2.9509058755222526 3.4153639619184997 4.493897168058981 3.476063640372259 3.449781122111613 3.3883728640715165 2.958602662555938 4.3497803406154425 3.404767606827838 2.8460987227375663 3.0809331205676407 2.064069216246925 2.585533017228083 2.4398419418758195 1.8822327853380112 4.123885706793535 1.9242515697520832 2.3610532900107364 2.7633354948029707 2.663110037531346 2.5454369080870904 2.2759070213712342 3.2530814996865205 3.1141417258731954 2.7241035538129386 2.4812400777874246 2.9525047367825485 1.9173160576727402 3.291015389996795 2.3598158040647017 3.2887293609012795 0.0
4.128778392969821 3.8555354609117236 4.102731220171871 4.04749958087926 4.280672492444743 4.326496226137343 4.223340064095817 4.048149760427442 4.12551690647165 3.948071532423949 4.222137489455456 4.122260373358939 3.9826286926179817 4.374791728035747 4.62469655372959 5.123388321341587 4.4269784559802465 4.063369491079698 4.162640470758836 4.397731652626454 3.8299714802714253 4.208833638584071 4.587279474897103 3.659740838875755 4.047451015011652 3.7455259626025232 3.890212014358973 4.060296433906099 3.9882230402944265 4.02032658485638 3.9020467220155726 3.749456297018955 4.911686540485944 4.949080650767716 3.948071532423949 3.9738093026885646 4.012713804974162 3.948071532423949 4.185357773900179 4.0025585769795455 4.136134213288688 4.10036467519688 4.286487724454272 3.8779030576800535 4.2439304014907435 3.841234466306144 4.4338724192613865 4.133679319890245 4.255043640621605 3.9893015723729524 2.2437477507082164 2.0609447201790054 2.056133669175767 2.275360319979032 1.7273581462916614 1.937208631927429 2.167164491469427 2.8249656486185066 1.8693257329974817 2.250163474388969 3.0873770555258226 1.9281268084017031 2.35070631994586 1.8025636226898962 2.1445368114330594 2.03368908861115 2.0237230934641213 2.08975364580327 2.0609447201790054 2.188779492745969 2.064859809063832 1.86899851042892 1.7483072317109332 1.853185488272425 1.8612457111458967 1.9126652643465243 1.8404366877302416 1.8504523383709024 1.8001256579879314 2.2380717834403394 2.312277015354483 2.383333257036625 1.999874952819549 1.7032418638431723 2.136648789462408 2.3587404748199163 1.9867026556890655 2.0140881660200223 2.127730111287781 2.129482706779327 2.0935862766335984 1.8796650809799655 1.9979005735204212 2.821144734930484 1.9992007932373017 2.1161296925445368 2.00502659683263 1.8612457111458967 2.6513224153715154 1.9768650134855992 2.5415280918164083 1.9211121054880247 2.279012791366075 1.9146935685526807 2.0910656778173076 2.710469279844527 2.5405173063738085 2.368453474928388 2.0011088356180875 3.1831720285680425 2.184695801433827 1.8376932696907182 2.1010372467787644 2.0269468499970995 2.0854733320578727 2.265092330250884 1.987580571034899 3.738251642260471 2.819605216142943 2.2187898939060986 2.4082605987445356 2.033592711033676 2.7095061849137356 0.0
4.394438538145677 4.536207570117709 4.641760301564626 4.663939390046319 4.47920989352123 4.2068488593088755 4.607277242969527 4.400008796284025 4.895073980524266 4.550681024324835 4.289695682925941 4.4887368627372135 4.668460217866971 5.080794846997442 4.440784101031714 4.665446889918533 4.334063141045978 4.321057719731183 4.086624840813729 4.418276653888035 4.131337665749819 4.29351401945363 4.8434561507792315 4.059158469238922 4.402541284090374 4.4181510021123085 4.224588667124796 4.310579267709868 4.323808139945719 4.552070197523545 4.5065952358417585 4.043976861351133 4.740047899706015 4.667964174429529 4.550681024324835 4.494894355946226 4.236517150923336 4.550681024324835 4.885514360857939 4.344603878843014 4.408782936572665 5.238399868409048 4.841474146577043 4.111148540868988 4.22864067672227 4.525577314059741 4.460080834525028 4.676168714008974 4.335653777513304 4.4250870364063255 2.0106833559602575 1.9900813748964667 1.9465253525630795 3.4923494354297153 2.2578255686438373 2.658114789140959 1.917610072762834 3.96675309787289 2.2485082435186197 3.132505683198531 4.431245464622717 2.3362841894603568 3.5932568268099545 2.289642366913692 2.8022088275813726 2.072312850735625 2.456246659764487 2.9534847040773924 3.2589891372301545 3.265971141776914 2.024226353974537 2.5680413067833516 2.679175380302564 2.505496497278768 2.3271808407509886 2.139368800724035 2.2691606052293625 1.8983578527115883 2.3132012398194806 3.230390705572177 3.4690340686305885 3.5388274853964345 2.872552590836878 2.425380293004948 2.5957401621389176 2.0874753726741124 1.9612872903545724 3.1510645855580823 2.6228432956976047 3.2044969367059206 3.061273109317919 2.221607237239933 2.972287657092038 4.029723514544845 2.8678981795264886 2.600883445828013 2.6164056668086437 2.3771152918619807 3.7360731374275256 2.7253897997812224 1.9580557999042516 2.5682449908106806 2.0057860541452133 2.1316365010591336 1.9633089104988972 2.286149747317205 3.4956417824334345 2.2250139368914925 2.6228304703990175 2.114398103354199 1.8813248018420112 2.339685697570322 1.9501161254104031 2.8921171868377034 2.468458504221159 1.8973593581339327 2.000640931721799 2.5378957793017327 2.814283132776257 3.3574924322000177 1.8640882321167282 2.5754254401041066 2.5378957793017327 2.412165923059175 0.0
4.619890985697943 4.729444101289741 4.885041015242167 4.906213919275728 4.727529494062832 4.457243992146544 4.897959276647881 4.627385836037829 5.136068500291392 4.741639140308931 4.493120207697277 4.740845040485763 4.860873262186728 5.332947940222841 4.615130356817796 4.906084956508037 4.585974159324933 4.561529712992773 4.268336229675483 4.686049918582794 4.300523522088163 4.568235334451709 5.139081284005468 4.306716453111237 4.653065235293739 4.596183159724633 4.481940553710346 4.521855537208557 4.524788204151852 4.793831803200385 4.723872320573741 4.245765739223573 4.987283339040356 4.897406326479706 4.741639140308931 4.701139751107152 4.405963726687721 4.741639140308931 5.139279895988728 4.558660834495805 4.662574317381058 5.402963273195719 5.118399019246769 4.410974995664309 4.510587442240489 4.745718048189977 4.712441320466471 4.930685058268331 4.553169264967871 4.641801927393647 1.8890760049927022 2.1235816428009007 1.8491483872856331 3.6045479625393764 2.247744197447327 2.8296050404264337 2.1319524034337447 4.164621063646092 2.182481027185387 3.40599392750454 4.5421223173846705 2.566222708648243 3.5433665064960054 2.40172594688585 3.036773980134924 2.05226772511355 2.7463913897468615 3.0293114073490983 3.2237977173877046 3.3678156544594047 2.3735365791257723 2.654368426103309 2.6545622446757053 2.5473165658713053 2.33988131839885 2.1293057538702165 2.1261943927282494 1.8996602831565932 2.4831546891637837 3.3234342446188103 3.5733648381179557 3.629563371404636 2.991895769279206 2.5437639087875628 2.9225020201822716 2.4107871825874594 1.95178743754947 3.0778772282640277 2.873849728617247 3.3584596739496178 3.2105480261983352 2.363865687051703 3.067226582651477 4.194484339598122 3.04365882346335 2.806130855568892 2.8199238428781137 2.4502212320512045 3.942405377529395 2.906277518110231 2.320160250482208 2.790862447444773 1.918614446147795 2.2397074872170166 2.125205365722186 2.003618221004569 3.7985120192708193 1.954257261477273 2.509423412126842 2.236151470994449 2.084198251991169 2.3973853177983533 1.9947218313211972 3.1005020545294966 2.8128219237467382 2.196273311656502 2.0755344976793295 2.4542146777300626 2.5064346443271366 3.35279566424523 1.9714911164788869 2.8929379766815115 2.178256490131264 2.492506031109404 1.9745046797466 0.0
3.960151152053667 3.738701182310908 3.9579986038727655 3.912322651897779 4.101668580740175 4.127186600115292 4.053747101401334 3.886862666364068 4.011595782492789 3.820912772812036 4.042622801249532 3.9573926132442816 3.865837663155751 4.249229744351303 4.43632047158971 4.909571192042863 4.229346074842096 3.891909267942255 3.9796808801335812 4.202524626973539 3.676853886109985 4.017778591912094 4.404467987229096 3.5018967311189138 3.8819051609042483 3.6309772397539524 3.72295606172962 3.893305020452957 3.8312357168663436 3.875019687940942 3.7703021528809777 3.591108554500118 4.706794401269461 4.743118803854385 3.820912772812036 3.8348575407447245 3.853419781898951 3.820912772812036 4.0591462884396 3.843178810845816 3.9633018604389307 4.068349213436711 4.137539918625058 3.6956311749316813 4.044500521798138 3.720006956948837 4.241092029026686 3.9871993070197487 4.073375407601914 3.8386637242179438 2.1824302155872446 1.9460154546248496 2.011703142779047 2.3203432381505995 1.7284266128408634 1.8748588779437612 2.027945217714779 2.80332171868125 1.8494160504264132 2.178767501788026 3.1433669245785536 1.8180007014163524 2.446724249389751 1.7420813797509793 2.0412476441526834 1.965729249940493 1.9011104788694073 2.0591204754983186 2.19070677722179 2.19230253043441 1.9172153667636902 1.8277281253777276 1.8281767417102535 1.8240074118044236 1.8199087251108776 1.8612415069682482 1.8686691366016905 1.816114862981974 1.7273581462916614 2.218287402413397 2.330949088918112 2.400105967849745 1.9645538491531815 1.702157588571513 2.006316857340049 2.1843756741568763 1.9221315945581634 2.1269827007207085 2.0050265968326304 2.1277301112877804 2.0722975962671892 1.7903046264145595 1.9912661253848054 2.823738183362777 1.9538299438328832 2.001682248867249 1.9120547241937569 1.803702069750795 2.615324452115509 1.9090427296978634 2.441188507674752 1.9047972910850273 2.289903625486924 1.8890729847790502 2.0590453441434806 2.7547216687226457 2.510562538747257 2.418888611715116 2.113231782439547 3.0954924690296948 2.0929755277942577 1.8718472744414156 2.085703056494624 2.0553474494199104 2.044427879005024 2.1729854134829147 1.948893618673848 3.6599790302538437 2.944344671335503 2.334168397743002 2.3587343319487175 1.9734042169878783 2.798801810160674 1.8343590486978971 2.3273658289493055 2.466573943564876 0.0
3.7831828313240075 3.690498848780806 3.8505857109785224 3.826149120480909 3.899975346024708 3.856847776508609 3.8897189552770506 3.730380031865263 3.975194177038718 3.7444108874440616 3.8243585270613454 3.7952333343857663 3.815394180744277 4.188206186224155 4.178294609295906 4.579909707998085 3.969237134021092 3.7116886908801447 3.7392171229742335 3.9549782584217286 3.5258767256142702 3.786472491248846 4.2064090680287025 3.361834664579472 3.7138423762440937 3.5836182009730937 3.5583659474473985 3.7162339887946043 3.68124910065163 3.7626629800610587 3.68789724346467 3.4382477612573257 4.418297029227873 4.443532276759021 3.7444108874440616 3.7365688887918784 3.6881485657231994 3.7444108874440616 3.9972759101035726 3.688823724814489 3.783456215683766 4.193053784806671 4.023978631973829 3.499295190523828 3.7832201348551413 3.66755827170224 3.9951262766479347 3.875975356087276 3.853043334291034 3.7099905294028814 2.0927787464491634 1.800125657987932 1.9584590781069169 2.5560203973224085 1.8222480611349483 1.9025735790956606 1.8192170219783763 2.9432571991193495 1.8890852665976847 2.2266332295210667 3.3997193550523757 1.7491618463984369 2.7380125891995006 1.740651316524308 2.0213946845946165 1.9042884187051201 1.8058708427527286 2.1480432596550805 2.5171092741949166 2.35857795667367 1.721328620410089 1.8960671975143295 2.059077163555114 1.8804818104538603 1.8496072077784713 1.846962064644587 1.9748946468679207 1.7988554479702294 1.7211499542770725 2.3491577714903324 2.526126815482215 2.591325742985333 2.0607084636397643 1.807071004297375 1.9009285016993238 1.9181088185913715 1.8540254891992134 2.4253535240839006 1.921704911833544 2.2908741338193273 2.185229324946776 1.7298809828704595 2.1353946334357565 3.003531295768719 2.0313468768921337 1.9241740640244818 1.8883475846976718 1.81757904929697 2.7400751456002257 1.9429370092213873 2.252179762244099 1.9843616774807444 2.2892166377531016 1.8878919661762108 2.016633212171364 2.772524172102621 2.610608399328917 2.4687897015562132 2.3286398618626705 2.8827452756593304 1.9556537528475628 1.9941152841640108 2.069973717169598 2.222470349378413 2.0675914901872403 2.0306655336303283 1.9091176940781978 3.4355824209346846 3.103914098142868 2.625627797171827 2.2552852176465716 1.9858956778533527 2.895335029417576 1.9580763590596917 2.160185067438308 2.3823010830960687 1.8776355121150574 0.0
4.490940994611971 4.310579267709869 4.520857506726109 4.475926286975774 4.622571322058415 4.580458881829804 4.5944032950511415 4.427238703279672 4.5814561954981174 4.388001028767715 4.538792109865763 4.496599974867987 4.4396334750580895 4.8239453800544805 4.8845762951075615 5.289434984670053 4.694812018315209 4.419162903627213 4.439856445967957 4.689511373968089 4.203999350370192 4.513218103394719 4.938186155627353 4.0351807932537 4.412757042818938 4.198213611955782 4.253702146533103 4.419628028273881 4.370971788613527 4.430909526481408 4.332855105198109 4.116609484934468 5.160708508811141 5.171849128909874 4.388001028767715 4.399328528807394 4.376234771227662 4.388001028767715 4.628741521488344 4.382241197089171 4.494471114582144 4.619264805343235 4.69763941357924 4.2052167830956515 4.514157726025503 4.289134482921003 4.729602182357611 4.547212909071899 4.572630372768451 4.390879145332121 2.2761857812692843 2.1347420679471596 2.077620440446785 2.673723650084726 1.9097487162049895 2.2144415414630982 2.1758323575192375 3.263293676979454 2.0563843078282042 2.5760515438441463 3.5368097644234333 2.1269990954067595 2.787250341000769 1.9953463610165363 2.46571046114726 2.14790814069861 2.2032207085044404 2.467386458067157 2.3847006003716347 2.602197191340536 2.0671586332413456 2.180145831502924 1.991016581220233 2.1168335568043397 2.0959760690890588 2.066969872876859 1.9939052878739467 1.8509788068128588 1.9972030837724823 2.6716999097414917 2.7402608337080108 2.8269532401954036 2.367181359802614 1.867685091676028 2.320069178318911 2.381772496911526 2.0457465421216985 2.368985141847198 2.382114842790526 2.508394076031893 2.4404868903945935 2.050241340611228 2.3785451884368927 3.2718868685597315 2.3281004245976176 2.3778806115502817 2.280312872084413 2.109938931226546 3.092644318031022 2.2891170792988205 2.2304880604813704 2.0063600212479527 2.06303274778029 1.8754214693932394 1.8848080493970385 2.438263437667714 2.783262343996343 2.202314605207104 2.01890376239679 2.83151380878154 2.0646978579028947 1.856125453846375 1.9353914097084637 2.1513800327822974 2.014536897606682 2.0611675537168264 1.918614446147795 3.396749450019266 2.5699097944421343 2.4889153135606725 2.14233128597556 2.099707849963289 2.486598801378213 1.9172004052995 2.1834519268095645 2.3015427723023745 1.9273454917697317 1.9884045397049068 0.0
4.536625842309007 4.5314761585115955 4.737689754885537 4.739693434377162 4.669186841377672 4.487588246430124 4.8044289595506635 4.522059983349344 4.932711726680622 4.561552367309821 4.457243992146543 4.639490634596128 4.66107101121552 5.147720207450726 4.645652430273981 5.038469097212206 4.609863763857265 4.4848941128271465 4.2669413561778855 4.682017571584832 4.190071484807996 4.5481809562074 5.080372796698351 4.1956209867345615 4.55401825138945 4.39515687683529 4.390368311698444 4.438208382435109 4.415552091949197 4.64776358583426 4.552105377122392 4.14742506437143 5.03383617706675 4.972071534444132 4.561552367309821 4.546411620083271 4.317078044360558 4.561552367309821 4.9563996695270465 4.451709269641487 4.5862169936338955 5.0907295380962045 4.977960125711679 4.358521958370927 4.5197902247010155 4.556052570837349 4.702459161523575 4.786091147266264 4.5177699321852245 4.511710073614321 1.8493668596708859 2.0986708945692394 1.7753085060990401 3.279775492615255 2.025673227359112 2.628011941327805 2.1792753711658457 3.8761390153464843 1.972341166032753 3.2059193615066577 4.180953546570618 2.452169725527871 3.1461081411538236 2.2309794184823004 2.866976476363215 1.9520139896995021 2.6474719144065584 2.7573826933835166 2.854084610138425 3.063250926774275 2.403065255907558 2.425031887346051 2.3439145184836665 2.3119975918361 2.1361522244242983 1.9794720166794497 1.8784114941857362 1.8105541593302326 2.327726305458675 3.0298264909608763 3.253173229634566 3.302401347839445 2.736838226448642 2.332671917486605 2.8297455592093943 2.490830101664337 1.8750933493244883 2.6998571874494055 2.745074437453462 3.077627545274751 2.949058603819531 2.2356424410209614 2.783068018737009 3.8807080035185293 2.8125872935841865 2.663566415323773 2.650874834501364 2.256476418603895 3.6698052564526304 2.7008316790545708 2.525387419450047 2.6394996407816507 1.9348008510983312 2.1490107114719676 2.1529227856939674 2.0414217467516953 3.600343028347202 1.8739324123050312 2.2512831054815514 2.5788203217853694 2.1591699144701573 2.2251676749058023 1.9973854891207443 2.901548762181587 2.765846071971697 2.318413292300311 2.0275737611019555 2.8234157487340648 2.399053921184363 3.0097907188341697 2.1189479204120163 2.7936706177006787 2.100745990587835 2.301221683050415 2.139565374492298 1.8946438070996785 2.3169541286837476 2.3239968496553964 2.211851919890558 0.0
5.064426523443368 4.964697848872018 5.20815580599525 5.191301312830346 5.209766182694209 5.06170319939769 5.303368031922253 5.0340444479307935 5.340883565613215 5.021972370052033 5.016698372264085 5.149320472850783 5.0992125852345875 5.5791799718057264 5.229550013806349 5.6393380075895125 5.177918880166426 5.007794557532097 4.837615242493833 5.244824630559855 4.709093873964136 5.094599758071673 5.609194337540165 4.676853587825544 5.0667053859860225 4.830509436553691 4.892963005297454 4.968602093458027 4.928653600585932 5.1208087531715245 5.006967481498031 4.65310471920798 5.6318439786933245 5.572553829282243 5.021972370052033 5.0191895482248725 4.846555542222366 5.021972370052033 5.3845038346927945 4.96503432222114 5.10639268965141 5.355441001988512 5.443845105537472 4.865103734493667 5.082723747161764 4.982627754900638 5.271084104036696 5.255965707411473 5.076338279135754 5.005328932222122 2.2010047031686546 2.473082441349267 2.0683341473795647 3.372523240961576 2.209113642308702 2.89480822624529 2.5673642069660554 4.0810460293317625 2.242731628114962 3.4414434806198915 4.261052353429907 2.765558668406557 3.2122098829744856 2.507489701265573 3.1844243132888805 2.2923393709863724 2.9601113168064237 3.0319058086515964 2.7987633218215415 3.255298445304728 2.72226626476153 2.6863269274385093 2.3848364339488564 2.578526841818438 2.424566307255568 2.281952655694769 2.0479226840244253 2.0201069671931187 2.592752485121749 3.275682045126385 3.4147528931967903 3.479420788380171 2.9851230778392774 2.469192370576835 3.1429388512667593 2.91127568012748 2.1905521322659243 2.7127094706276096 3.0941260217689246 3.2430164499236627 3.1595256316416966 2.5577185418228168 2.988737581352041 4.051846701864111 3.0474348587712803 3.0262766248790967 2.961925280873844 2.554312921844988 3.8921954796919835 2.9741500736387247 2.6521825992667405 2.725588323898274 1.9291993238729404 2.285074528257699 2.2094079038322723 1.9277732338598903 3.721335690807175 1.841700134727733 2.1309917694864846 2.7205571872888554 2.3832829442643306 2.240999859834696 2.0546759654188613 2.9029119740020803 2.794174820092969 2.4701928316204715 2.1978426409973055 3.00869711068588 2.0305797770075387 2.9608376035915662 2.2012520676585807 2.921165020673546 1.886595860774963 2.3677788930187598 2.339310715047947 2.056553720170643 2.4436346445916595 2.5439611276074245 2.216203732415534 1.9367488267124635 0.0
5.366221507599954 5.783122709368503 5.838862256978081 5.924187163760909 5.4189898337657185 4.890518689553301 5.748398798137245 5.448658705130094 6.2551059215082185 5.741141995726759 5.07084161556007 5.579965082344435 5.9143587431271 6.3950925639433285 4.914515864102572 4.933770224217701 5.0184446497521416 5.309553022998102 4.7290508934436355 5.233477829594007 5.088788920996562 5.183862251662877 5.861034325823666 5.19623444715563 5.498527594476472 5.651945145690349 5.310256334239673 5.260105060012344 5.325755691824395 5.756031714104412 5.736119967814136 5.034009835972297 5.320550299608014 5.1105166868271725 5.741141995726759 5.633705880000893 5.105796119876424 5.741141995726759 6.208272704865202 5.37131524617598 5.418008125919084 6.748759624110903 6.086322754698514 5.175604553932451 5.059941323259661 5.808193275839956 5.261235639401003 5.892369247803797 5.144142201020127 5.52177007816934 2.7130328442371856 3.0850276591484693 2.8175379405250958 5.089321397432593 3.521222768353104 4.1426822723717605 2.99918538387978 5.588532463228523 3.376395896388235 4.744713634664702 6.068895378213134 3.7394861045191607 5.028533231762336 3.6520978633263534 4.26297432324686 3.0562310583152024 3.9344559243929393 4.3680435600872505 4.715658441672044 4.787909798806983 3.3740417237127387 3.9380197104330112 4.080997152666448 3.852168491662736 3.5497275497507537 3.2420363333228233 3.356803571680851 3.0028957599049826 3.731451513089028 4.685255728688817 5.022431186045476 5.071944326686857 4.332202145818281 3.910138797674847 4.109669341013245 3.207426931396732 2.9650413321395948 4.542458664905977 4.054386490955238 4.785660004548849 4.610206377262578 3.5412842225451597 4.454336355537926 5.649632750152989 4.398264530980406 3.9863687355053012 4.067205824193166 3.6796999141834728 5.327757578447631 4.207740415303174 2.9790039838279836 4.100125409182083 2.7853533566918967 3.4154568306536977 3.127874311995323 2.6235080602142307 5.184528145794733 2.8690866347410884 3.8265678686183255 2.1652327044816158 2.9402746543885465 3.6721347146143457 2.9624542523173347 4.481365458614045 3.993220695252924 3.0118650789717454 3.1510497591594637 1.8575201154915935 3.3614523451154357 4.8339982964035375 2.6463744356296934 4.140328774936404 2.9556680529558226 3.7852167292846475 2.6309672343499586 2.4619901048804205 3.713234602103853 3.5034297681631177 3.489377883237174 2.7987169288970484 3.010244755911754 0.0
4.565377481552785 4.388076361595481 4.59480936798304 4.55060838332894 4.694921315581314 4.646028791638464 4.663484950749626 4.502728402624387 4.6544453378733515 4.468024602007116 4.612456433242768 4.5709443079046235 4.51874276857299 4.89684999212997 4.953100656630108 5.346316715426753 4.758806557522269 4.490940994611971 4.51130529992093 4.7572121221223185 4.283425156331775 4.579750824380063 5.005976731828919 4.105251967316033 4.488490308659586 4.277746844262024 4.324229632665263 4.495245537263451 4.4474166556370935 4.506337732998558 4.409960758853099 4.189445502217741 5.228919881638084 5.2366156956748995 4.468024602007116 4.475289045007208 4.452589280956073 4.468024602007116 4.70099655442685 4.458492844162524 4.565065262195572 4.687980118363785 4.768850657338306 4.268452599016007 4.580676799342623 4.363052241364236 4.800339293773386 4.620742989218618 4.645758179021744 4.466983344595706 2.3324448200414496 2.1867397057394857 2.131012327171429 2.7281212525105163 1.9677009434974875 2.279824280933647 2.219095087717196 3.323649181948289 2.1266320398365206 2.625893882895411 3.592573112989127 2.1791814967678733 2.8576778555079216 2.0592921667669355 2.5245941237331975 2.2074389025667474 2.2536389094921807 2.5466751257089384 2.4313584263549317 2.6710331711494324 2.096220600963609 2.2465269323995947 2.0466689694936506 2.193034883963659 2.1649395126818622 2.128765271951397 2.0578958731426167 1.8925350247437405 2.052687750688012 2.745093563098377 2.8057115702641533 2.896415523488082 2.4355626219141935 1.9179114061842792 2.3680008100040175 2.421358459077679 2.099948989522646 2.4302135736741217 2.4430142315631502 2.5662985508410845 2.506869353846837 2.1125261376932243 2.446608858911633 3.3320867250275845 2.3903763298670704 2.4459627752390936 2.3438588280805273 2.17846039782287 3.15078353058562 2.3524252196647444 2.2031979019211914 2.0277835792043146 2.067217758306949 1.9074070569181356 1.8802170729004015 2.4418054249495174 2.8110701791523196 2.2296155752121325 2.048650383725813 2.8100666284628444 2.077217530728534 1.8792624642782039 1.9398518115101036 2.1633981304862737 1.9929709487572014 2.0485497941123767 1.9498916343958748 3.394204131215515 2.5598009543775992 2.533654728267275 2.1301943369872505 2.112020000079214 2.4970040097189896 1.9485002917630196 2.187406559954988 2.3276802026174703 1.9584832492429223 2.0186006555133904 1.8195316891979707 2.2544235351473807 2.235617295692874 3.496800457212548 0.0
3.8994163265015027 3.68229054831349 3.9147489013852725 3.867341897397266 4.046689880897881 4.076450025255272 4.025673047050267 3.8262661934794626 3.977573934193845 3.749351739728962 3.9696293890927454 3.9029338007606107 3.8015431661419825 4.215211300035754 4.363124021479662 4.861931658146264 4.189123153594242 3.843607568579758 3.902542083807925 4.155499053293924 3.5910455822623595 3.9816095748213485 4.375661586325379 3.4697056157108217 3.818758553089056 3.56331377541455 3.6852452952504757 3.825141692429422 3.7645257806012102 3.8232285892089783 3.7131003597772843 3.5381691205931265 4.63940596085586 4.67999714798297 3.749351739728962 3.7811308762352014 3.778021119967834 3.749351739728962 4.027935515938471 3.7779983672134616 3.9221025717979794 4.0464068996450715 4.106924945481886 3.6858842265963734 3.998880526415197 3.681426770705024 4.179797559627243 3.9455323319485975 4.0046109536979975 3.779861509838285 2.081347003783275 1.9169441928180886 1.9261938885180268 2.329281204369698 1.6811876425074967 1.8441572976256886 2.0234945890810154 2.81087777634108 1.7385304291596186 2.2360208028613955 3.139268869099076 1.8433254505356766 2.3600992897014343 1.693552771196043 2.063127680068919 1.8919280785779407 1.9330872682972415 1.9654288587695135 2.1784447855791784 2.1518284813350563 1.9907676869923703 1.7905218380576453 1.783727387904781 1.7183872646524159 1.7410196592252112 1.791335709284315 1.7607533637359254 1.791170740258995 1.7288488299799938 2.165527480794516 2.3035330773966876 2.355661486527151 1.930966466337801 1.6999382107364818 2.051009331364456 2.209153695034736 1.8588691021934618 2.0623040879447605 2.003228465454732 2.1374736519263697 2.0382972461480144 1.7486756017778868 1.9531764385898085 2.8260494046678297 1.947008431024049 1.9613893162146523 1.8973614162084897 1.741019659225211 2.643016116847916 1.8994403041313124 2.57342928580226 1.9976389435154418 2.297052017965203 1.8929782730628684 2.1381651066296166 2.7089940115997524 2.615051517023206 2.3315967300556126 2.0794857163908484 3.1561905177283824 2.154303344460729 1.9107947335969597 2.132755380962056 2.176979139273666 2.249566232932266 2.2987025267778334 1.9425838400963438 3.633255961300902 2.9221865569542977 2.314407693488631 2.429273517098417 2.111367991141805 2.725980970007083 1.8749556976616863 2.3676314711301365 2.3993495513728935 1.8688931831971913 1.9325701737119763 2.002798015946274 2.207385440370241 2.381139121695845 3.658588802319213 2.058131855997722 0.0
4.137409313102289 3.7793613152088312 4.048805965719986 3.960595161375869 4.294632678902424 4.419866447543924 4.200654653331179 4.030852031124678 4.004694780508479 3.863836008347277 4.271169281673982 4.085407820653045 3.883650578738533 4.266426592570562 4.743022923620939 5.279010769015527 4.5382679221601645 4.089082728643932 4.251473808312581 4.45260392430521 3.8305738169086188 4.26978981751143 4.594456122213051 3.678299354409255 3.992940075435446 3.6627265494798804 3.9019599541903074 4.070725565833488 3.9911025759549212 3.9481180812877956 3.8212839599339805 3.7987027854262725 4.971292691607258 5.054632844306971 3.863836008347277 3.946268922312297 4.056278497321111 3.863836008347277 4.085006342173978 3.9924244999044265 4.159780940836352 3.9281538518657593 4.214050718849946 3.9386966151610974 4.29578592826014 3.7753218417959835 4.467808142443445 4.067398735726676 4.296872330560123 3.9639571012852035 2.4628582547730535 2.2705121124874132 2.2673483425796954 2.131291281626848 1.864557404842217 1.8826795239886156 2.3875592981697857 2.646198001302116 1.9688691812210681 2.2054762474230483 2.844931308523769 2.0623768969660166 2.159317746824897 1.8522092032776685 2.201490027190698 2.2404685610697044 2.07826491399906 1.9689213832200523 1.9916890783681909 2.048784809636951 2.2708528670870596 1.9354912461637486 1.7247705245632456 1.7977994434112565 1.965875194293845 2.091954875609952 1.9563665860411494 2.084250264235358 1.8952556711398572 2.150431733746958 2.152403113795821 2.207596512937793 1.9688034543155777 1.7044162726549912 2.1613756546764162 2.5668955490007335 2.19846785118757 1.9262435744593114 2.1576586187206774 2.0283056645790256 1.936532115335802 1.9664563855126589 1.9276740740790874 2.632949393439666 1.9386859442533293 2.1169397073630876 2.013640229328473 1.935771695453022 2.559314022661663 1.9699715358923593 2.849420610362628 1.9980149867481392 2.5484129081326543 2.0274677056466035 2.346115534033339 2.936644753494352 2.4511141844795716 2.514857530668148 2.040831782121351 3.549220832252718 2.4817591839025592 1.9850250765738642 2.3916049819724123 2.0785915444262026 2.3343289233770204 2.6043135616710673 2.1598310502369467 4.03240091985817 2.9997511131133794 2.07329400607365 2.75028550640002 2.157627838298111 2.8774375212550014 1.9597699725947741 2.7011062304185898 2.7066392412515654 2.001449726615483 2.141303742641692 2.1181847372522107 2.4512696985876166 2.549856924719856 4.073119716696986 2.1785278765289977 1.9142764209093404 0.0
5.3989651381606 5.421785661724703 5.623186205912988 5.634467567880471 5.524126430300132 5.265326057684025 5.669433729473264 5.3985452949395905 5.8247069631398265 5.467342436900515 5.289141962636038 5.522170674999637 5.565597458695406 6.0449652460089105 5.400094983832321 5.706990098330102 5.377142656143458 5.332929190172994 5.059005946062359 5.497976430925795 5.062202410385198 5.361941282684292 5.932093216037433 5.0385417818602605 5.445215431926041 5.290866330834327 5.240917142967401 5.300879681511852 5.283761375990215 5.54238382768698 5.448959440090131 4.982484258709433 5.829505158702061 5.7185732276926595 5.467342436900515 5.424327624411767 5.161119017005397 5.467342436900515 5.846440469357917 5.325989457522271 5.4337338575645715 5.928042441952057 5.864729788390395 5.167650169758519 5.330605874090169 5.433592104418281 5.5355368480647185 5.675262253085805 5.353976128432619 5.391678295911118 2.3778806115502813 2.70486406833377 2.291702152532382 3.946028555561018 2.6170600586289354 3.3660089925373176 2.743561789130556 4.6455740894978375 2.64063409904901 3.9127985995401326 4.883815771048604 3.11725774645961 3.834593046374708 2.921091635217194 3.600633370123861 2.557962738426679 3.3309923248561453 3.5613898298357713 3.369169352056536 3.815008520681111 2.9387910206835186 3.1327455313698107 2.9111875418329602 3.063466012865197 2.8280390558700357 2.6072860886930402 2.456993888767879 2.2734404903356853 2.9862092978706856 3.810960088263911 3.990004838658303 4.062542485722289 3.4821605660623365 2.9295202692435334 3.5195873788132177 3.0759354393553515 2.438973367795185 3.2941314009573075 3.4904768969990507 3.779683238947045 3.6980459319728185 2.9279696975002256 3.515853250245892 4.633571304622033 3.5410789790138457 3.4377833785718335 3.3924790215263907 2.969844686155465 4.421194101352743 3.4344825711640925 2.593321161470097 3.110521851072821 1.9758606551313582 2.5956758206829327 2.3353708377509736 1.8595901036560305 4.1943538213551745 2.006720604112853 2.5615407348873305 2.3785071528203625 2.469958474970504 2.596161656100681 2.1605967627106013 3.3243946582516593 3.024621033610034 2.4891276411057066 2.4405143879825957 2.618040933951296 2.0873727681161247 3.530009226622439 2.1210763467784437 3.256290669261332 1.944114073375306 2.747857876744404 2.316113468595172 2.0760547512931438 2.7909849316485387 2.8195205425763574 2.4776566262865765 2.129912456392967 1.9789635924441908 2.6389080988330145 2.467169822335835 2.795500602153597 3.064247063013625 0.0
4.39969432965082 4.574272196261209 4.630028349002073 4.65254024426323 4.459259300811462 4.180880171826953 4.548553772658084 4.404816272524867 4.88143061330699 4.588961581290056 4.311884383456526 4.467957987890417 4.703994625906066 5.0537958555097235 4.476667059685973 4.620879557048251 4.305858257114273 4.314400201070344 4.1286619453704025 4.375941189160153 4.194404322358324 4.250334004453146 4.773369582314311 4.055298587381903 4.383567264970293 4.471826622259042 4.205772712374522 4.330269551798709 4.355006871067959 4.542242744317474 4.521567711756724 4.081478779904294 4.700993269867941 4.6428719453872205 4.588961581290056 4.521193574465351 4.296235930765447 4.588961581290056 4.860175310289735 4.362953709816737 4.38816084713841 5.287465525306421 4.793614091631391 4.053196351048355 4.175075267438152 4.539435312693664 4.430597253062896 4.652611293802166 4.3441107651653414 4.441210591162934 2.368724856221824 2.16957801087803 2.292561069791995 3.6090174621713467 2.5291738695423764 2.761493599628615 2.0269556859134865 4.002209294811455 2.5636914294339017 3.1225274577950852 4.525179795509705 2.4108898039376623 3.8399857314068844 2.464685993172336 2.851296607777732 2.3659719323791175 2.4605601127152164 3.1294017543017665 3.4933787746753624 3.4057727671021185 1.991266125384805 2.755464503395882 2.929625348146155 2.7247465829214907 2.5842187203782467 2.422784130068994 2.6300264957567303 2.177583932076276 2.4390604637069364 3.3847222183945407 3.598623630900451 3.6791898664579143 3.0168336537539084 2.574853105112665 2.554245281639236 2.0776152741649456 2.250706970588355 3.4239167531897876 2.6612153998302777 3.298956464002133 3.163572669737311 2.377854392515745 3.1301410359478012 4.092159404377266 2.958944377451378 2.682347225764708 2.6980278663429944 2.5842187203782467 3.7743198417840684 2.8217286480046067 1.8482376018549724 2.607152140088348 2.296619945638796 2.292238826866281 2.0714656054000598 2.666515362047953 3.4273311698734665 2.623161418669793 2.9156218419106437 2.1897354825169835 1.9808410696810588 2.528466586897239 2.162408159459788 2.924424663067128 2.380965857774865 1.8890923546832838 2.1987253508675746 2.7364559136326583 3.187761830610746 3.5570874513715465 2.0141147204605847 2.524981059781254 2.960837603591567 2.5880391264697917 1.9340796748244455 2.3175025508901115 2.4627258226981934 2.233743755777958 2.32193073052962 2.541370797983394 2.740541120564701 2.8969277634303694 2.303244799874568 2.5888324752089087 2.916792842735804 2.669438058067549 0.0
4.039573166836729 4.0419195865959905 4.188691623117737 4.180325330723416 4.146864114849486 4.008976415325799 4.205132201896093 4.00971249582439 4.366582781328859 4.0733335146583975 4.0142413478810886 4.086958589699186 4.166851912785026 4.572018837475593 4.288278341543342 4.631420514943388 4.136022068546097 3.9726958067551754 3.875717576638591 4.157817163666219 3.763495334715663 4.011241594994857 4.493120207697278 3.6613368019906916 3.9969546092772275 3.9235127992743624 3.845155761929818 3.960956914436893 3.9466794553938302 4.09381807107494 4.027568065653119 3.692051884379985 4.556047110135512 4.544077003080683 4.0733335146583975 4.0564281092179035 3.9108264739646286 4.0733335146583975 4.378904084068067 3.9599734434486202 4.055504208781952 4.6303195411434395 4.378904084068067 3.776403948656478 3.9753147212180457 4.031923335699038 4.191398335731084 4.217890180465276 4.052462005796355 4.0089884022426885 1.937118737953867 1.7942427396136662 1.823689575149322 2.909085530995583 1.897610830003292 2.1549127418361214 1.7865585494532186 3.3593716122100177 1.9114908916343913 2.60040948431885 3.8004455165303854 1.95178743754947 3.015442981295275 1.8752776795439567 2.3324096809365042 1.8672970890699632 2.039346167191515 2.41084534798697 2.749876397535033 2.68867134217892 1.8071698674837675 2.112012392976862 2.2138626787650026 2.0322661916367157 1.9490496247586973 1.861971398003153 1.9592521487030057 1.7235523280645653 1.9012773208339875 2.6729458019793517 2.877736849928915 2.9417386517638318 2.349939109347727 1.9746812989380664 2.1650571104341108 1.9483753239169859 1.783670668421762 2.6366533215877657 2.1785157917785947 2.638835599849767 2.4956489268657718 1.8468885779909232 2.42979317043512 3.4150870678495875 2.3370560359717722 2.1514024958335023 2.14453681143306 1.9640572932283358 3.1565432821774686 2.225777374488793 2.109525080618918 2.1789290302329247 2.0672842949727457 1.8776355121150574 1.9150209020772706 2.451114184479571 2.977438873439672 2.2144459724422503 2.3199897926501563 2.556385135854323 1.86615093475196 2.0445996472431696 1.9332435129281667 2.4678935656022216 2.231116392635866 1.947311258562807 1.8334774095280424 3.0233500126017727 2.8599350397998347 2.8464117357273118 2.0393779586976266 2.2137109710640295 2.606018093888512 2.069121285419299 1.95147014849328 2.0898388087742577 1.9981278072555646 1.8961819881855788 1.9834657550607453 2.0939979659490544 2.318879112777266 3.0905780256495636 2.0137359296637425 1.9993308077152818 2.2458905997888325 2.5252126902338756 2.101313133295666 0.0
3.7162339887946048 3.6137207786142778 3.768423065771187 3.741255231163232 3.8312357168663436 3.805350136599152 3.8053935075114924 3.6593390137169983 3.885170308985201 3.66964254710539 3.7707026137447954 3.718408759519871 3.7372537459661093 4.096911652401972 4.141096095570335 4.544902959159547 3.915914791045153 3.6434263629521992 3.69800615205905 3.8918174630134543 3.469469927119154 3.720452132175893 4.125422860415836 3.2892639428840087 3.6379657895269903 3.5105289718357584 3.4847471167512025 3.6529643450156843 3.616473554576566 3.6811733233179154 3.6087884003908446 3.378465291457945 4.36521501016473 4.400040345436565 3.66964254710539 3.6630003611955084 3.6347418578402544 3.66964254710539 3.9069331795631714 3.62102342074477 3.7116886908801447 4.11059308567687 3.9342491276810643 3.424406675933189 3.7206201628119486 3.586198054153165 3.9334325370814596 3.7913442414221525 3.7959267232210734 3.6376625938713585 2.156147759419074 1.822248061134948 2.021975214235582 2.5133183342920518 1.8537945760816532 1.8693257329974817 1.8366430552299864 2.8678981795264886 1.9271670358668505 2.1556592920079702 3.3410278148943453 1.7243793082265655 2.7252629680186495 1.7420813797509793 1.9680088638524706 1.946297123710753 1.7624978488561205 2.119475396615275 2.5213583836278124 2.317178164221005 1.707540205286294 1.8854122704025258 2.0776045672609635 1.8818056136076056 1.8676850916760281 1.8824621310217104 2.0290884530633746 1.8537646922748305 1.710274701399973 2.3083458453453765 2.4803045443448903 2.5454067719085094 2.0277254869591292 1.807482365943148 1.8439174937560088 1.9083563160738048 1.902254156649906 2.4344700873729597 1.8741155963178004 2.24313019572267 2.141173894593631 1.7294511633098373 2.105119696224824 2.9347300690661977 1.9880133427711868 1.8861696771756862 1.849607207778471 1.8199087251108776 2.6663482880279927 1.903608948196636 2.284753211240894 1.9698861754847443 2.369965273594639 1.9199088427435365 2.06406997105159 2.8731866129288264 2.5406617723685296 2.5604182181084902 2.3821976304520818 2.9544442872783296 1.9932097275320446 2.0269116189274756 2.132382280446725 2.2014322630827956 2.0537027164627335 2.0628808627453097 1.9542014873256066 3.522409448245847 3.2017744005265287 2.624679180647439 2.321825263007936 1.953171901332849 2.9978503436010038 1.97755025229143 2.216356030352248 2.4672680754704555 1.8884719660479286 1.8197048626818437 2.0260873149168392 2.4083354894537465 2.6360928573144773 3.5940904624227112 2.0557299921407317 1.9556084173247341 2.156007651988291 2.9180530051018505 2.2608682082264684 1.9339896354135082 0.0
4.4885205893299 4.52320823218171 4.6855738091210775 4.695139576122504 4.601300275565159 4.3899986984060355 4.705547187772402 4.478810551322777 4.89115800141012 4.5633894153865615 4.416878665007019 4.5809693998676 4.662132667524714 5.0981234575482635 4.601885082664558 4.919031229989337 4.503443744352425 4.416703163282198 4.229024080502772 4.584633665037437 4.191839156020104 4.4404696326469555 4.972424749204322 4.116105268909047 4.5030099408030395 4.402541284090374 4.308853467385944 4.401987764287678 4.388408356791828 4.603065614994598 4.528063013262532 4.101037546421786 4.954754556964596 4.8877433860037955 4.5633894153865615 4.518534763723962 4.304590095511923 4.5633894153865615 4.901501297505508 4.417750875729619 4.506930037029979 5.102866416605689 4.901501297505508 4.223126857102619 4.410975881151172 4.519049704232822 4.62703150546235 4.727932521353173 4.468103443191252 4.477440144569884 1.9391944751656427 1.9979005735204212 1.8411763588679553 3.2758986085374846 2.0573957916415955 2.5789699529158123 2.0050265968326304 3.8341714232052326 2.084790920929505 3.0595970110598234 4.210106566655919 2.3014026779431953 3.3073674352940143 2.2013771456711337 2.7452107008199316 1.9788612789997309 2.4709845626558558 2.8210031449199353 2.9373036872775193 3.0906025966328747 2.1167226934270182 2.4183527958482105 2.41788623554655 2.3805298859509416 2.1830210722246135 2.010683355960258 2.0363731639647216 1.7684451126657914 2.2303410628978964 3.065702976619386 3.2778940362977838 3.34877435273459 2.7290549159132693 2.279040518927781 2.6320975033693412 2.2476702066595937 1.8778354546472642 2.8411285161187907 2.6218914947229575 3.0384513143712626 2.9371035307479527 2.1757584803972083 2.7992658294813544 3.8641294008244733 2.7562079542234006 2.5923499751242445 2.5665293645242464 2.2622866020124612 3.600348900938404 2.6335626720432526 2.1045462753331203 2.4545654761413047 1.8672244313386757 2.0505219742329808 1.9107298810026 2.128852446923991 3.4106111124130543 2.0396085037575746 2.3424659247264317 2.2801847697388733 1.9047972910850273 2.1423312859755597 1.8343590486978971 2.721083767478991 2.39509625276105 1.9458605692061037 1.9340796748244455 2.724084677711772 2.5235777076615395 3.081227459685336 1.856125453846375 2.5208458091688533 2.2975517492469684 2.2170061407603843 1.8961618446642856 1.9367685481055423 2.183281287470783 2.12673282837089 2.038458380849134 1.9907185920311354 2.090447323157326 2.779577478884749 2.042693739232533 2.226037825253005 2.5360651209168 2.1246589874628135 2.1147995243454756 1.9542905955225214 2.1927497377804 0.0
4.669567998772403 4.690416581005836 4.836391063898521 4.836922158136817 4.77192684656057 4.567284797188683 4.837652182933615 4.65254024426323 5.017009919254629 4.7387650254126035 4.618453242860481 4.737222747199931 4.829188362557636 5.227008079464788 4.824142459947964 5.09773671235484 4.681959711254921 4.589292341504686 4.444382657367048 4.7497650860521965 4.400788458755556 4.599506738496132 5.1128428859986155 4.272052638528289 4.6577132523969125 4.577752908885325 4.464554674090489 4.591441633017884 4.579836539833341 4.752418874499526 4.686080810884647 4.293294826832528 5.133920876221919 5.077695349958515 4.7387650254126035 4.694927867423843 4.520551446793477 4.7387650254126035 5.028380627771733 4.600177842341525 4.671291464229032 5.220551522038756 5.028380627771733 4.358142836527072 4.565376279176318 4.669043559299824 4.800166570082805 4.870088406202999 4.66117098837196 4.652611293802166 2.2052095897110107 2.159601808457417 2.0746318656059146 3.3387634431009054 2.225071345156036 2.66827560616041 2.1222859832544536 3.8943570529129348 2.308801971807027 3.0838300299802 4.268840662362351 2.39037632986707 3.4582184137778738 2.328088477210662 2.8394501882265755 2.209296437582116 2.511618021875876 2.974603491763842 3.0302760597164466 3.201052513237452 2.123491963965503 2.572279057300049 2.5313990545764007 2.539346148183043 2.381416729525966 2.224684187522531 2.262499000921895 1.9245143158502587 2.326325016205226 3.210548912269004 3.3754570530871653 3.4612218007240374 2.855940455928454 2.3345390682208356 2.6481964473105957 2.3207062138505634 2.0853895155970896 2.984277875553923 2.7084933863349923 3.1061255649721633 3.015688694864321 2.306684724538447 2.9208919022585556 3.931331707027096 2.8364359445408565 2.7076562626137384 2.663547666334445 2.4302370429469917 3.671539926593238 2.7305677747697095 1.9523141844928364 2.419163672626125 1.9407560008642453 2.089203510175317 1.867554489239027 2.2394438468308104 3.349062638667002 2.1947337127098874 2.4199822990148188 2.2577118732788612 1.9398683838135728 2.1779656881378244 1.8762833997430373 2.661250728267045 2.246195228137506 1.8776264671999892 2.00778066144416 2.8010380684229377 2.5814803618507125 3.1411232571627643 1.8510005996403993 2.446800029531993 2.4313252912818633 2.272837653773628 1.9147845153278107 2.094756195409596 2.229708540215831 2.157826237881449 2.015697787035334 2.1984501337088793 2.2377910220928574 2.9180314108637426 1.9941443928237914 2.343327134354145 2.6247185409718994 2.2165854123645463 2.002559078240303 2.0127205758218123 2.2125960281995787 1.8763363630312964 0.0
4.558798286112359 4.592955197288446 4.750897220904994 4.764405799429297 4.669881043296345 4.452846159377955 4.765381254589443 4.551370226316902 4.955729141849946 4.642078252917402 4.490439190519998 4.654020828770344 4.737134820712466 5.161164726995816 4.666301163361707 4.971299034378077 4.556220682392663 4.48039629918902 4.302270980300461 4.648112763001286 4.2738211230454395 4.498301502351503 5.0282425975839296 4.174797284232885 4.583659510511154 4.478504101843046 4.370648270078825 4.475793031329994 4.460263740921932 4.675771838750312 4.601954354856319 4.163586771614016 5.02732138116393 4.952359047973642 4.642078252917402 4.584122232676851 4.375604915124393 4.642078252917402 4.963984030225075 4.491297115797789 4.567242086224638 5.156212522891266 4.963984030225075 4.269996184278726 4.477863672630064 4.581320158487776 4.69936695573415 4.794702353545164 4.540834214262973 4.547889068659056 2.051069813048658 2.080882937672024 1.9508988907783575 3.333353968317658 2.142602807761399 2.6698004141563905 2.0804477125674232 3.8925844167038113 2.2005689416871945 3.1068196017219014 4.2679204234291115 2.3615068569542537 3.3949724651126605 2.3005376551949097 2.7996981583043676 2.0746318656059146 2.5385491540454512 2.926537148272537 2.9943647155808253 3.170242937066445 2.160964392711077 2.4956296259397357 2.5024487898119774 2.500323146746802 2.2811235687006146 2.1050066446922755 2.1477034427833273 1.8505662185052785 2.304970358913503 3.1446275103701864 3.350194461991905 3.426841344903397 2.8066378527329334 2.3621527716470907 2.6956268966354457 2.306804692457436 1.9757372276783018 2.920506330886692 2.696934230663216 3.1003102061706183 3.0254030642809955 2.271769108154637 2.878327072479089 3.922096246263956 2.831117053582898 2.6847645045838004 2.6468121321938964 2.3570923621168975 3.645066231294535 2.708282035165836 2.089787117370721 2.490624420542293 1.9187970887221084 2.1328643910098504 1.938453262715557 2.205240050348891 3.439833444219504 2.1541329439971504 2.422895220931412 2.2708456585158743 1.9332435129281669 2.192420161804953 1.86615093475196 2.7375303432200493 2.3598943939533745 1.9305268483703666 2.016366058644455 2.775242323219878 2.5728274329912892 3.1511015543212944 1.8610135026024848 2.53476564089776 2.387123330806421 2.263574744426752 1.9369771378048697 2.042829300632089 2.226200648170848 2.1752349111550755 2.0718013929744785 2.117667653465002 2.177684742069905 2.8438456301129205 2.059248791766999 2.32596753986925 2.6556842264636216 2.147080428960104 2.098095271311622 2.035760208283901 2.2354873200786076 1.8416444738723334 1.857488865797545 0.0
4.085109260999659 3.769990356730574 3.9874025180649233 3.9085217203842264 4.2212139385898615 4.32346860388759 4.087695564491525 3.9836003536324043 3.953919663281574 3.867373511203797 4.230279705597569 4.020947399638433 3.8854547556458163 4.204634571123455 4.699224429030826 5.166162823260358 4.4298632886780345 4.014686537377057 4.216207624316821 4.351303853755921 3.8355747002367697 4.1561414620756025 4.472370325466528 3.5906119691814555 3.9392946861500766 3.6739059865462327 3.812247291392667 4.032517263739739 3.9615711786442187 3.8975885782773645 3.794859157555939 3.749413735985624 4.892282014239435 4.9721194733200145 3.867373511203797 3.912993760310379 4.042694606689417 3.867373511203797 4.0179280091620235 3.9558623566856412 4.071911210669851 3.943572302551522 4.12316659900606 3.7905766647634596 4.185503216527421 3.7311350836792365 4.390291746571747 3.9993160333170144 4.24586872889887 3.925432098904469 2.5736223039808377 2.2241899980290176 2.3684503334387625 2.1654695962109374 1.9537594192675025 1.869152257240202 2.277909889019553 2.608789070772528 2.131606317903062 2.02808890645528 2.9117337523976774 1.9292285647547793 2.4239652805844907 1.8753705378079086 2.0759547160022387 2.30724381427762 1.9027482598837497 2.1000690201219427 2.1571713169739977 2.1287652719513974 2.021528146436909 1.9713063151208556 1.886146951652962 1.9419619104295966 2.063679684123 2.167707220670161 2.1609643927110773 2.10483650574806 1.831041856193109 2.2322583559359437 2.2256750022902976 2.309715729485404 1.9998621239929408 1.7032661150497064 1.9484944891953968 2.3751522558452707 2.2496878379754217 2.165949680963442 2.04281940170376 2.011638780907518 1.9692456512928365 1.952909288740569 1.9946479781101771 2.6326837340653158 1.9051888777799648 2.0717945206932047 1.9493304057087288 1.9912661253848052 2.480469173867503 1.9237171027254791 2.5440815998285435 1.8147755856165537 2.5559017278563063 1.993180605222295 2.192887454474714 3.0543275635557876 2.2096080421928126 2.7007241208863233 2.207385440370241 3.3843735358110036 2.3170627663828833 1.9582861795746966 2.316113468595172 1.8822327853380114 1.943987218210215 2.334551421031963 2.1362962995920047 4.007007599294656 3.157739410532404 2.2294879057937482 2.607978046896819 1.8536192556023197 3.0809331205676407 1.9211121054880247 2.5682449908106806 2.790862447444773 1.9047972910850273 1.9843616774807444 2.0063600212479527 2.6394996407816507 2.725588323898274 4.100125409182083 2.0277835792043146 1.9976389435154418 1.9980149867481392 3.110521851072821 2.607152140088348 2.1789290302329247 1.9698861754847443 2.4545654761413047 2.419163672626125 2.490624420542293 0.0
4.692042761628424 4.775417009978848 4.905019670780459 4.915486637391855 4.785807607063595 4.534860046731132 4.888942636332164 4.687599217801975 5.121415784579737 4.806186293093324 4.6063900011270205 4.775778409893767 4.911257800080056 5.322220371055416 4.772896237384231 5.010691177182436 4.65867158765096 4.6159045117154855 4.409289840076028 4.73967851175474 4.420196493240964 4.604499018114324 5.144792825896525 4.326722449971263 4.690721272485641 4.657494369882897 4.506599877716422 4.609009730495636 4.611185755559099 4.816203676887184 4.758930281438436 4.325681855744334 5.083467292974988 5.0126115124105945 4.806186293093324 4.758382021325404 4.532960885780435 4.806186293093324 5.124005311432702 4.632464633190733 4.702626900431044 5.3832932780914025 5.103061934025778 4.396890822649763 4.550154489388444 4.76114495303463 4.784549152137236 4.939257189895378 4.6523753905387535 4.701142889526883 2.1473936912815588 2.1591166987921064 2.0456469546328213 3.5215392501029905 2.3083458453453765 2.7717108234307855 2.1023884436396854 4.064616129858495 2.345737849403981 3.23691037983152 4.465232231497998 2.4760889630400476 3.61520943288384 2.398728836916799 2.9533121132882174 2.20969056898242 2.5990817243894586 3.076130949469603 3.2109424166045915 3.3477370866224994 2.167820033827936 2.6756053059074487 2.665952565204119 2.6115392075916017 2.4413108186602175 2.255530839059648 2.309752168463209 1.949330405708729 2.41835279584821 3.34287473169266 3.5369728505913716 3.616815581204223 2.9797074755326447 2.4533774555795764 2.742019649292005 2.3068195543088312 2.08013331970983 3.138040209324814 2.7913089362601493 3.2692084756581266 3.148779507852826 2.359450376454551 3.056397008148411 4.109524032914009 2.966937775754495 2.775524410126576 2.758311881170799 2.500726208497126 3.8421671771489985 2.845399014175007 1.9458605692061037 2.565887490876465 1.9258440222590811 2.145602399804753 1.9131788940985324 2.162132699401733 3.531767023693747 2.1508708971203427 2.5233457184330157 2.11356324444991 1.9462962027359443 2.293463744246146 1.90485685952081 2.8480179683000926 2.4171420102475234 1.9091176940781975 2.0306655336303283 2.575766049044909 2.5949372046378434 3.309977172724053 1.8223684896690153 2.59677932357401 2.3878662501781833 2.398881912226194 1.8557248750268165 1.9908990747470272 2.3456586481325985 2.2321514552028856 2.1173847382421074 2.14306132885024 2.2289469143510807 2.6896102624682596 2.105103965176887 2.4146253274358696 2.7147219453597486 2.170195490607727 1.980158981594968 2.0163660586444547 2.2957858753542673 1.8739324123050312 1.8460844855279825 1.8890729847790504 2.565887490876465 0.0
4.713278465741236 4.845728319796039 4.944678202599383 4.96550445212828 4.792413285631636 4.508316635465735 4.898226851514669 4.718472341495384 5.1832087653195895 4.873487739801547 4.615776519957785 4.801318824341502 4.983643824617926 5.371839651564595 4.756518397111083 4.939001543146064 4.627250249459395 4.630028349002074 4.412043209769172 4.720888823686327 4.468988111253297 4.589292341504686 5.134488418002451 4.354977371258896 4.720833992866118 4.735394609485692 4.5248746907453645 4.635191199216089 4.647496171180886 4.8605809234352 4.818018726592061 4.356729325502339 5.050766185080563 4.9692849952319795 4.873487739801547 4.8070759408602415 4.566396982320714 4.873487739801547 5.174181519837634 4.666849761256292 4.712004846891471 5.4960400177457185 5.13261879960455 4.387746758429259 4.528658027868618 4.8214596048133185 4.774539232279657 4.976992834227962 4.6585188105819135 4.741866627168193 2.299429879519507 2.2509271327245535 2.212512152802011 3.685012337401798 2.4907881035021098 2.906610668787118 2.15527175421605 4.18721684313561 2.537439786246838 3.3252251154113743 4.629642655723417 2.562122731652058 3.8352508881911125 2.5469574753532154 3.038944826914793 2.3535103068003553 2.671964957055008 3.2435669638799656 3.424508617993232 3.510831969221577 2.1883550913765464 2.8244729598639733 2.878233798103475 2.792598284805587 2.607409061351074 2.4127637842115592 2.5285608684024945 2.1055757753037714 2.5410920986906698 3.497581859313872 3.700482534279597 3.784303730324989 3.1261239370099503 2.617334046134886 2.800734915601036 2.3077091183424683 2.2255104837839226 3.363334561118703 2.8743900746842073 3.4134457612528193 3.3003765743102607 2.485974442637804 3.2180096952813253 4.246919631406984 3.0996211568171614 2.8784869604021366 2.868517031667338 2.6520724836363883 3.951912967841803 2.9682589018494903 1.8861124690768671 2.6737626805472168 2.0735814342665364 2.288073391846562 1.9982149566075438 2.3458565464857313 3.612367406520096 2.375308967942904 2.751480574214933 2.0479543622689427 1.9885236770838426 2.455046578474227 2.0197809713226644 2.962968988480844 2.440288149439742 1.897359358133933 2.166557133220648 2.5649943706299374 2.8142831327762576 3.5183809501539427 1.8640882321167282 2.654742850415572 2.618350318596561 2.55146038852194 1.8894371372663732 2.1424458929386825 2.471444390551706 2.31469332729242 2.245890599788832 2.3549326816464236 2.454689218740536 2.7086587072793487 2.218789893906098 2.5907388639559223 2.9224142555253207 2.3161134685951725 1.897994482026571 2.121235822413196 2.3672008210347046 1.9677377901265476 1.878328673415129 1.93697713780487 2.6737626805472168 1.8557248750268167 0.0
4.528658027868618 4.490925585987256 4.663411101460394 4.658023745134924 4.645670966791436 4.487660513159744 4.69406353817346 4.502086623387677 4.819927258876012 4.552218462326708 4.502671161668062 4.59236347242978 4.631942883161575 5.037642215921513 4.739194309391453 5.074412285310351 4.593068096084619 4.449725015964981 4.346248810136397 4.652512284190596 4.247508873605385 4.49093977230634 4.984842687024721 4.113568099050674 4.518896397001961 4.379037102257943 4.3185543775255315 4.450964409423091 4.42398986269955 4.584737586376189 4.504063973660755 4.138136570666452 5.069012642657324 5.02359741191674 4.552218462326708 4.513668418510384 4.371886772893897 4.552218462326708 4.840159810060924 4.447953396919444 4.531395237602704 4.968058078900131 4.862235732254929 4.229338918696467 4.479543693425414 4.472464975584615 4.70303100830035 4.701101501650544 4.546476901565558 4.487369024311173 2.124637844916096 2.073125070910386 1.9835445462793357 3.101446120384289 2.0450919509218735 2.501228312932916 2.0812183124653947 3.6687790494183705 2.144756218984319 2.901501962434725 4.017497247414678 2.248570269945137 3.1968884544872678 2.179414738315296 2.6595475934933686 2.0850476548752757 2.3933247475569854 2.7695541365526495 2.7830907173854675 2.9728005309046157 2.079544555812557 2.3714382935263645 2.3228785537635064 2.3668325399635384 2.2052095897110107 2.0757066371857147 2.08986348233926 1.8226416297122707 2.173584982450756 2.977830726834694 3.138718176328275 3.221406195587879 2.6449879592600873 2.17677633405357 2.5362812704835167 2.2953005320280653 1.9817824523408696 2.7351453000648 2.565754362874274 2.886837727188871 2.8206732154254253 2.1752866616853397 2.699990726517288 3.6935345110085556 2.645205770249541 2.5631739788569736 2.502083171959193 2.2578431698855868 3.440666249393761 2.5473456911678 2.0703479803641422 2.2900537708696938 1.9380168072021013 2.016366058644455 1.8670392812562824 2.27718503803851 3.188991386290656 2.167695668095652 2.276101003369006 2.432946083973766 1.9300586393813421 2.046281327156494 1.845626186683629 2.5037492137801496 2.1719420996953964 1.9086561604905083 1.9527849236963912 2.988891848407374 2.5598583400554036 2.9255810690191217 1.9097562864941064 2.3385357381555005 2.4205197127739733 2.114586196539945 1.9812419567621598 2.124553353683784 2.087704230660976 2.069584945999343 1.939230396501181 2.150310953265397 2.18300100431476 3.0750313769393465 1.9258138812400805 2.202723084479546 2.475993349435536 2.241317933814948 2.1104735635005722 1.985025076573864 2.120537501083275 1.867554489239027 1.8482376018549722 1.846325561222452 2.2900537708696938 1.9185236809288673 1.98124195676216 0.0
4.446854837922574 4.064715731291747 4.350173539709815 4.271619722726714 4.611513119135807 4.7132251193114145 4.50727729516598 4.346788086447474 4.296796562831268 4.181664896569054 4.579963226136323 4.415157228776561 4.1895897022045325 4.566129157501505 5.019901057190091 5.552378841576437 4.808318765073944 4.38224922484411 4.54355346330717 4.761226827909441 4.142800609752375 4.560126994151565 4.900091724398877 3.9458735636162063 4.3431601672319475 3.9588874938840592 4.191084790162636 4.382607288579612 4.291787578777478 4.270272820298518 4.133277561764047 4.061567695053865 5.307128267239122 5.3591446633504605 4.181664896569054 4.229566662358335 4.340051431551422 4.181664896569054 4.379548766481527 4.304361200896767 4.450529215107698 4.116105268909046 4.5238902918302095 4.196977851756995 4.612997129955362 4.046884261664724 4.797558203470789 4.378634908704579 4.610316101580256 4.267769359801793 2.5477980220960084 2.3838474115788566 2.3287039339869993 2.1877553831013072 1.8856767418321658 2.097712057624687 2.5096855355559704 2.820037595964434 2.0855980441215576 2.3453995696399703 2.938432585623551 2.1780569145228372 2.2415063584950494 2.015822020707731 2.349266440187752 2.323354261058295 2.2588297507564037 2.2203783645014488 1.881710708588056 2.2144415414630982 2.361306475731003 2.0428194017037606 1.7223874559968557 2.025722216288309 2.083021447944607 2.1693738261516433 1.995207573462152 2.080757768261311 2.0082628660962447 2.3230562325575725 2.2917021525323826 2.3720431856426107 2.12280566093342 1.7866020150536002 2.3605348405379276 2.7189520672669096 2.270484226311886 1.9077972913111112 2.3725729375653266 2.138243271286296 2.1548506057021575 2.137311481195174 2.068273193555725 2.7779217795173157 2.1094158730378534 2.3681162683378387 2.2138974289530395 2.083021447944607 2.6834144242302727 2.140440034421619 2.7687678896969627 1.9692320290468468 2.4295658980193235 2.0697503189498674 2.2479644017294325 2.8302407937358365 2.514159433100075 2.486385904917764 1.9371523801223234 3.46054841313707 2.448770133949003 1.8845118154782474 2.2691668797780142 1.959396608601281 2.1395653744922987 2.4975141650137527 2.188366558271147 4.038641047040185 2.769204339692454 2.0454910318989787 2.623124698718459 2.124913234769268 2.757674239022283 1.8783286734151294 2.680100447819041 2.728937441092075 1.9545429246837733 2.170561953595167 1.9938836814756093 2.486731030728328 2.4378464085910405 4.092982368732501 2.0154398637724977 2.0137359296637425 1.9885236770838426 2.859639603140732 2.859945171636013 2.309528932459372 2.18962293178636 2.422918444720553 2.4504209592994335 2.455493813383114 1.9692320290468468 2.6120420496628007 2.7813778868508154 2.270792214379239 0.0
4.195888793540559 4.140977979974362 4.313842358079259 4.301196506562349 4.31512124450262 4.197551387634976 4.352131607535234 4.1601438181336015 4.4628860321608705 4.195028973610483 4.188909960649879 4.2438616451709965 4.274545990189256 4.679856257242256 4.46853311677652 4.8379934524248736 4.310059779832935 4.123166599006061 4.0549585044652545 4.3412349210793755 3.9133426504295588 4.18003600164064 4.653145472925515 3.785408074848815 4.164250718590737 4.026658486390498 3.986896817935283 4.119047222312801 4.0898841243927855 4.228670184001743 4.148150392557493 3.8215854102649915 4.769344207125048 4.7505975031192165 4.195028973610483 4.172674827413106 4.055248406032677 4.195028973610483 4.484729639803226 4.1086529003491625 4.204196269622973 4.640009859139432 4.508546248095633 3.916652105633934 4.16778989847573 4.1264043923677125 4.383519122738599 4.347811116716591 4.229024080502772 4.144212034080348 1.9927772164088295 1.8725046875859903 1.8537821525265046 2.84454444139829 1.8572974840964884 2.2013771456711333 1.8933779731734792 3.3569200964281314 1.9283249219829213 2.611265918399696 3.7427240834247724 1.9927020468997543 2.9453457072491953 1.9179114061842795 2.36735824386824 1.9048146763806455 2.1134371772474907 2.451110449867644 2.614682956683023 2.676062956500227 1.884258820244672 2.1091572462276904 2.1320094769060844 2.0791849678341516 1.9656942482998563 1.8790227940606916 1.9253963785103556 1.7070589596839625 1.9230162443630519 2.673249249232835 2.8489638694985344 2.9221208676562735 2.35391064591116 1.9533524668422522 2.248084254489991 2.0846187141900394 1.8199087251108774 2.5344225662665054 2.2614789637232797 2.6088880973633497 2.5149456412788065 1.913219177431582 2.4155504440152784 3.392623854139227 2.351234828705125 2.248570269945137 2.2023483973856917 1.995346361016536 3.1413884086127117 2.2536389094921803 2.1149820104728327 2.124913234769268 1.999421610370777 1.8779148728734116 1.8651982446859967 2.391857517713646 2.9503584256337274 2.178761760702721 2.2082514372436797 2.575766739080169 1.8737218212764999 1.9520596608610146 1.8633125926848682 2.3631873279726894 2.1229217417568154 1.918614446147795 1.8416444738723339 3.1034372285320306 2.7119059206004947 2.7445481215587733 1.994721831321197 2.173917433782865 2.519790095968579 1.983004530983996 1.9829752587990113 2.1220505747407112 1.9392303965011812 1.9043531220312313 1.8950741100427149 2.098996708595068 2.2307014922765234 3.1723331539417843 1.908706710862445 2.000422110701139 2.2492395663501106 2.413517159971588 2.130069472103278 1.8600761686673644 1.9445646419885598 1.9005483889324921 1.9323524450544065 1.9340796748244455 2.124913234769268 1.9884045397049066 2.084954263600564 1.8728863590919604 2.17279550792647 0.0
4.212605241458497 4.387934849126518 4.437962052877572 4.46105164231185 4.271342052823662 4.008057724261225 4.354977371258896 4.21600648104423 4.691647303340564 4.400788458755556 4.133050255250492 4.27658287151205 4.515931572322222 4.860175310289736 4.313809704025876 4.472081824075481 4.132002384746452 4.12763274828191 3.960320290362848 4.1934590893250165 4.013558864881594 4.066466190189753 4.579872709414961 3.8699734765732288 4.192967796365473 4.287478562770032 4.017823261693434 4.145149605991741 4.1694341197225855 4.350760659701416 4.332561257196187 3.9009443823671455 4.527228545641442 4.4791121720591605 4.400788458755556 4.332977162622894 4.117146376832391 4.400788458755556 4.668142971246841 4.1757673107066715 4.199638138129935 5.117761231622904 4.598803193520942 3.8667713769481233 3.9942209438090055 4.352204734483039 4.247916478836659 4.459675778455088 4.163134937820248 4.252495847782115 2.3236148296449803 2.08036486241816 2.252829628521887 3.4996816674761084 2.4616798769724486 2.6404568561738917 1.9391944751656423 3.8561651227290503 2.4891532371352336 2.984373969471394 4.402819025118254 2.2907679573602446 3.7431752331440897 2.3661647715452077 2.707449177722096 2.2933070445143904 2.332444820041449 3.0022048514868533 3.4301337973233057 3.2816673776690304 1.8925350247437402 2.6441499947657188 2.8680882000012717 2.6228156730737213 2.4907881035021098 2.345624362695789 2.5806154347935633 2.141173894593631 2.3350400293130225 3.251069181290602 3.475319630563696 3.551997670931196 2.892167841939277 2.4990885915549823 2.4189636453898955 1.9632757075894305 2.1910022058962686 3.351509576604702 2.5193511614145696 3.178974438839058 3.0410731357649334 2.2727330155579932 3.012319250944475 3.953158498057692 2.8343164135711825 2.5431825268587747 2.566459697054859 2.478971311902628 3.626611762772819 2.6938037676959175 1.883399447031744 2.5412205329058084 2.3429393710025663 2.2565103068851826 2.0859834832615185 2.750012046869902 3.316042693638347 2.6650764797217126 2.912327855797921 2.28108687068792 1.955608417324734 2.501150194731684 2.179697575347561 2.864453049034854 2.3457214987379844 1.8893279426396894 2.172018616951549 2.831487501589034 3.27893213456935 3.4958462917274633 2.06303274778029 2.446643184775291 3.0375235393094084 2.5386773354837486 1.9524966123178418 2.3503844542143124 2.402010914323323 2.1628270038831037 2.315581222888448 2.5528502322636326 2.787523339973993 2.978607479239194 2.3043569546093368 2.5241134074173224 2.854496920132066 2.758983750402674 1.8271048284059246 2.06625876461336 2.181154831368383 2.13632347095297 2.0426937392325324 2.126932246164279 2.5412205329058084 2.0290347370843462 1.952496612317842 2.128413469314037 2.82377895650079 2.109692804112309 0.0
3.774862491165736 3.6659845911044022 3.8134175220518935 3.777560548081833 3.884352659102208 3.8664925446192866 3.8436174349783894 3.712302281556845 3.915124130595095 3.718513053656166 3.8374571836393816 3.7601676896333247 3.7839354397912692 4.128822732850451 4.222820891247675 4.610001329729522 3.985106345528584 3.7032077216911308 3.772587222731241 3.945381183537662 3.5364242549029 3.776447217400068 4.1700237428179525 3.346676307095011 3.6727218364359655 3.562981563900933 3.5375820033330005 3.713933404035152 3.6806841815544407 3.7194046676773524 3.6518010720853655 3.452811486390428 4.416362180417241 4.462846628759502 3.718513053656166 3.7237353031173916 3.713138243216606 3.718513053656166 3.9391849090212285 3.678532333904205 3.7690666815314833 4.14480273349157 3.9662787441817815 3.4781582834562745 3.766323793164196 3.6348202616336587 3.984002860444065 3.8297083957429643 3.8584421490248935 3.6935643501816675 2.237363067136317 1.8814975406829368 2.092136777455706 2.5236789705861846 1.9146697849786418 1.8730404575829491 1.877374471561916 2.8699586023975403 1.9931738872933098 2.1518284813350568 3.3413841559173285 1.76190783495357 2.761532413393456 1.7684451126657912 2.0080382690358767 2.028548658464684 1.7581061461876313 2.147801229437628 2.553030843265455 2.3388601277609267 1.7117579485584546 1.9450310435591949 2.1044983802723967 1.9062379049430174 1.9355870170150125 1.9599075322752395 2.096638124007168 1.909703432963338 1.739836581668472 2.352952379210176 2.4985799225301166 2.5669999767805898 2.0667242956578087 1.8034885032656989 1.823689575149322 1.9348942104833151 1.9716240243166254 2.477121020395457 1.8906233949061713 2.2547327052343022 2.1352290614861418 1.761520411136742 2.1381780443852576 2.9417386517638313 1.9987351886380593 1.905188877779965 1.86899851042892 1.8739238659005022 2.6903845384905445 1.9274952363922753 2.262552802430995 1.95123120395063 2.4021015883063797 1.9138199787133152 2.063241116230335 2.9016475897846927 2.4967894697040802 2.5865451294087514 2.3937776045717776 2.9787004708940534 2.026149013380549 2.0426937392325324 2.165624601462645 2.182474425951427 2.035815933357219 2.078389870846521 1.968169012202859 3.5470673519960183 3.222867246860958 2.625627797171827 2.3503844542143124 1.9291993238729404 3.0267846241734966 2.0057860541452133 2.233146204939976 2.500145886673365 1.915421103908985 1.8344132224289258 2.027572454882941 2.4499391885634214 2.674252720362962 3.6343827661815165 2.057193732422895 1.97435368591713 2.136890107281625 2.9674509798032616 2.2556998917069113 1.9405510587874624 1.8267992373519029 2.2360216216373967 2.233761704637438 2.2906880161535823 1.95123120395063 2.3099566037067847 2.38292837627706 2.1606476949205167 2.2107734004933794 1.973404216987878 2.1779656881378244 0.0
