0.0
1.7476035529428782 0.0
1.5416790859749179 1.3902726023477319 0.0
1.6981580036870678 1.358537513711809 1.3182837624768224 0.0
1.3133686631137786 1.8971277961081041 1.6275239353818598 1.7982023580462125 0.0
1.6564553703451423 2.5415206937707113 2.262920332239626 2.4709185958014714 1.5721910309618439 0.0
1.447267098694424 1.6318350387819163 1.380615113708705 1.4694056964407691 1.457082419195445 1.9953460512870933 0.0
1.3145991607860805 1.5910314068609896 1.4198476319128615 1.540629967202464 1.3689891517201067 1.819992695792046 1.3827991739696037 0.0
2.0745633782805393 1.441283078759222 1.5079797194715563 1.3902726023477319 2.1929585138062926 2.9287968028048117 1.752541959584502 1.8780747527827393 0.0
1.6101897521557276 1.315589009743291 1.3413434231170296 1.3439227200422945 1.7408595778841358 2.370502047250742 1.5307329622505594 1.4732959801989 1.502816608927812 0.0
1.4164272565077187 2.1565719488251145 1.9307323451666136 2.126978608947563 1.395849471095365 1.3974881000497916 1.7603348777192795 1.5406299672024644 2.560300083315754 1.9921693413161676 0.0
1.3621032637185928 1.594077182098985 1.383720570301942 1.4834401134519266 1.393757164540981 1.896392718933188 1.3212323211560504 1.3109800073803985 1.8008977887024953 1.4743930119070803 1.6341381400265553 0.0
1.7733616619977814 1.2994903057826492 1.3806151137087053 1.337722338106354 1.9132234514283102 2.5898361583698066 1.6252177562389218 1.6101897521557276 1.400873720045005 1.3145991607860805 2.197631883053077 1.594893586264145 0.0
1.9953460512870929 1.4938662183775209 1.4615142864471848 1.3825393095174103 2.0857137212379415 2.835930524784079 1.6564553703451423 1.8171106294206332 1.3309116280605293 1.5134511643482584 2.4750822224991875 1.7258721697439823 1.4327780551981857 0.0
1.9307323451666136 2.865936182045357 2.6198189300047994 2.852595932829601 1.8617266691550496 1.4474616790453236 2.3934891276450276 2.1338091239687413 3.32061353554873 2.6887998381596168 1.5500464736432917 2.259273519821401 2.917160733509824 3.2148611515495005 0.0
2.5680646315171973 3.628220699199342 3.3042041085006533 3.5428559064198923 2.4239457068567347 1.7721346663159077 2.9679016711552015 2.792844973013652 4.032174552881861 3.4353165024049055 2.1170269210159867 2.876287475560989 3.674234512031122 3.9034465474700903 1.620614442525571 0.0
1.648628135033403 2.5364261807794075 2.2514593261750044 2.4709185958014714 1.5639421253727133 1.3070759705512953 1.9888529855334833 1.819992695792046 2.924377035506561 2.3705020472507425 1.3974881000497916 1.903201253347726 2.5848368731659126 2.8176272422227746 1.420400053977776 1.7721346663159077 0.0
1.2938289693754865 1.752541959584502 1.547274877317593 1.7032397797527399 1.3199327206698792 1.6407281823654147 1.4412830787592217 1.3211571047325077 2.078725174800286 1.626212305784355 1.4225158399201387 1.3684335726949108 1.7879225402071195 2.0082981078326343 1.935203485558634 2.5579484995035404 1.6328255577637716 0.0
1.6472893701037197 2.4636866324659343 2.263095662850312 2.4672307368078075 1.6237878846263205 1.3636992372652355 2.078232167800687 1.8064015445274424 2.9191831080865644 2.3026568834715517 1.3684335726949106 1.9295590961905604 2.524122688500288 2.854276711469971 1.4084413694455087 1.9012186084047864 1.38253930951741 1.6420344475713642 0.0
1.4694056964407691 2.272219836855321 1.9620241186566025 2.159827308840888 1.380615113708705 1.368433572694911 1.6981580036870678 1.5954411211867336 2.594987863723923 2.0996177557277367 1.3636992372652355 1.6328255577637711 2.299618811167454 2.47875840019955 1.623787884626321 2.0322984194223155 1.368433572694911 1.463512199773841 1.4826269237784917 0.0
1.3680255269854469 1.7057579757421606 1.6254346835369484 1.758179417676084 1.461132235321114 1.7505805135240236 1.6256452742186225 1.3800541795726293 2.1195896358361117 1.5924495427797387 1.4668227853961937 1.479351706066645 1.7573825977174276 2.1032461123136486 1.9748826229522012 2.688057247034449 1.7652964246757898 1.374328557634427 1.631835038781916 1.63579351599068 0.0
1.3940128639686928 2.100387685275596 1.8199926957920456 2.005141917674966 1.3406384751014453 1.419847631912862 1.5894006484926384 1.4907905522934415 2.4239457068567347 1.9490267083498305 1.363078758906845 1.5307329622505597 2.138097846644348 2.3296907373533116 1.7193833723622833 2.192958513806293 1.419847631912862 1.3752877660231884 1.5063250211128056 1.3143594387636661 1.5338984733648293 0.0
1.4591217378137966 1.941207467024553 1.59914058291934 1.753919688640847 1.3940423372474033 1.8182002929219245 1.3928108499455163 1.4787314637004136 2.0954697529259194 1.7960106601850576 1.6524902664338523 1.4303977415374718 1.9266975132953144 1.9331492305367157 2.154195538216323 2.6476783778168747 1.782274943316446 1.465032896424674 1.9552786066113736 1.5284196933545204 1.7230714078177323 1.4924075139704147 0.0
1.4337249528624099 1.543382814836049 1.4671290491710478 1.5512704534366624 1.5290472702463125 1.932312666013061 1.4749714760334387 1.376022657888119 1.8486579500512839 1.4896715420658189 1.6775284086187257 1.414634388375208 1.6051276491888424 1.8631252774726232 2.288304506376679 2.948676812039469 1.9456545355940236 1.4032610346018106 1.895539932613559 1.7542710644284156 1.4134909778571303 1.5948935862641453 1.679194316963888 0.0
1.3868068268965585 1.6152368051102286 1.4149179271293264 1.499700034857359 1.4179093440003043 1.8989487800605338 1.3466858284549754 1.329351046226695 1.8196540109173491 1.4907516150966702 1.648912697823129 1.2983880909655856 1.6160425197378205 1.7620299003179085 2.2827678837197967 2.8847071370282813 1.9260023713847223 1.3930248802417766 1.932071279886514 1.64761188586374 1.4826269237784917 1.546495724557062 1.4803900067395066 1.418059088206228 0.0
1.738679974272378 1.297815374442043 1.425530020483444 1.3958494710953648 1.896667354888283 2.510243592779905 1.6669109144618668 1.5864108184169101 1.500576531665339 1.3211571047325077 2.1257158076771945 1.603805533040529 1.3212323211560504 1.5729707873367167 2.8289232228827985 3.5977438276899067 2.5153911348762668 1.7436436547590541 2.4132255104428277 2.2625070228654036 1.6587964703470413 2.089876424570081 1.9838679808975932 1.5205643321892541 1.6128532364797346 0.0
1.344251704775898 1.6156183428865556 1.4495780098643838 1.563942125372713 1.397488100049792 1.7982023580462125 1.3863025212418818 1.3149458299955068 1.8989487800605334 1.5205643321892541 1.5639421253727135 1.3358800241203463 1.6555039406729373 1.8625991380141111 2.1552071601000358 2.7810207090553924 1.8053812303235306 1.3248234675819122 1.8037143385804055 1.596454220910758 1.4014239119795853 1.4685195305867462 1.513723257505332 1.3211571047325077 1.3467289309491781 1.6070488928103206 0.0
1.2940724945950908 1.7693954195396835 1.5870130448278248 1.7441344782735646 1.3312459998148412 1.6291923116547808 1.5031014418062125 1.330030903299928 2.127738637899566 1.631835038781916 1.3891091391782509 1.3958494710953648 1.8030021803449585 2.062433009940393 1.8849494537948475 2.535788646999789 1.6291923116547808 1.3007339324832254 1.5924495427797385 1.4732959801989003 1.3348846530294651 1.3981129458837915 1.523035719042347 1.4332063186565995 1.4131176066803883 1.7485284917749453 1.3569659094486775 0.0
1.3133686631137786 1.6265301878387202 1.497054647707816 1.634138140026555 1.389109139178251 1.775489262218494 1.4840932934953297 1.3109800073803985 1.983687815138647 1.5137000945310226 1.483440113451927 1.3800541795726293 1.6630265071824093 1.9362510095577175 2.031227844654926 2.7296258138634006 1.7681890322959324 1.3199327206698792 1.7108171771564922 1.596454220910758 1.3208096933595905 1.491874719638877 1.565623333909794 1.381885268925192 1.4044420289388744 1.6078330202394118 1.3407125985850026 1.3090031706270302 0.0
1.5448221674364457 1.3937571645409808 1.2983880909655856 1.3145991607860805 1.6305015440383477 2.252177347748307 1.384123989052816 1.416427256507718 1.5111928927863887 1.337722338106354 1.9282184170373415 1.373163953089722 1.3841239890528163 1.4845645434211618 2.629060069752 3.3027357850367043 2.257913300379832 1.5504066146816946 2.2523535146284197 1.9595503354901702 1.6104447479165376 1.8173255866425855 1.6262105422653075 1.450504058101405 1.383720570301942 1.4152852944504826 1.439504439753712 1.5839536860600134 1.5002912194284657 0.0
1.6305015440383475 1.3182837624768224 1.3244019857509326 1.3109800073803985 1.7513003772680873 2.3842506795694005 1.4925082367995695 1.4834401134519266 1.455588838801503 1.3007339324832254 2.0288384440440095 1.4624070057944447 1.3192708468801668 1.4749321212239594 2.741157928613738 3.4594501830248308 2.3896696360268495 1.6357935159906798 2.3431304425201422 2.105512115153811 1.634138140026555 1.946515186958951 1.780598684910648 1.4703171255172867 1.4723238859736036 1.330030903299928 1.5054904281631722 1.6587964703470413 1.544822167436446 1.3133686631137786 0.0
1.383750246086744 1.718394940887952 1.634739728013423 1.7740914855107954 1.4758652750694385 1.7344527667561165 1.6176689683825285 1.4002697142972031 2.129772552505355 1.631331311507367 1.4858582765457595 1.502538531161565 1.789079389855081 2.120672341009882 1.9792833574752082 2.6727469694662056 1.7344527667561165 1.3648843606723533 1.6357935159906798 1.6318350387819163 1.3186294630005626 1.5069071391586546 1.7206122877793253 1.368433572694911 1.5185939753528765 1.679507754497925 1.3765349300636376 1.3557738642987933 1.3370898051866114 1.6317698530965759 1.6551580069806957 0.0
1.9025279826856418 2.8789910021805767 2.5281027411631514 2.7490482227469983 1.753464293447254 1.448490700805756 2.2093984065687557 2.0872324486338445 3.2136690461872837 2.6727469694662043 1.6091852999754654 2.1297776496278717 2.8937995125070346 3.0621705825686893 1.5116823775785238 1.6313313115073678 1.448490700805756 1.9161075518976076 1.6086488031377588 1.4907905522934413 2.0903287128561403 1.6382043541448978 1.903170753729234 2.3211885492289466 2.1411348535781953 2.866213691701558 2.12086164982206 1.8978138380209622 2.0738964274063516 2.526183355381406 2.6957126669438702 2.1200991555575306 0.0
2.1249550552231726 3.145800948742084 2.820337032450678 3.0542401759514872 1.987826336135624 1.5005198583887933 2.5080343989772236 2.335382742622277 3.533084687107211 2.9470313566347848 1.735887936493948 2.411653654088189 3.178712040703649 3.395301257763705 1.4198476319128621 1.4149199539979622 1.491874719638877 2.1290183485738754 1.6182029243172413 1.6639984590983008 2.2644033547473623 1.817325586642586 2.196671444171167 2.53251224491466 2.425691905698449 3.122098694974428 2.352201999572186 2.1014033704202917 2.2838284526212043 2.8220563604370623 2.977964285678317 2.273937873833061 1.3648843606723535 0.0
1.6101897521557276 1.315589009743291 1.3413434231170296 1.3439227200422945 1.7408595778841358 2.370502047250742 1.5307329622505594 1.4732959801989 1.502816608927812 1.2871317959515718 1.9921693413161676 1.4743930119070803 1.3145991607860805 1.5134511643482584 2.6887998381596168 3.4353165024049055 2.370502047250742 1.626212305784355 2.3026568834715517 2.0996177557277367 1.5924495427797387 1.9490267083498305 1.7960106601850576 1.4896715420658189 1.4907516150966702 1.3211571047325077 1.5205643321892541 1.631835038781916 1.5137000945310226 1.337722338106354 1.3007339324832254 1.631331311507367 2.6727469694662043 2.9470313566347848 0.0
1.4718188531831276 1.3778657682175597 1.3386847440268963 1.4050855533663265 1.5894654477719201 2.1599576989738027 1.4615142864471844 1.3784052248337142 1.637103718632399 1.3309116280605293 1.8053812303235306 1.4076091549828855 1.3999443473063597 1.615802409930644 2.454254124277655 3.1914211627209657 2.1419169597329315 1.4776792204098328 2.098080327252346 1.9093146391371547 1.4787314637004132 1.7630420192864442 1.661718043142814 1.4004807135821404 1.4450176146912572 1.3865918367999417 1.4113034717108492 1.4921341214917012 1.3937571645409803 1.3566806802793558 1.3493411489967668 1.4846036428883416 2.4696472019182756 2.7187161751821667 1.3309116280605293 0.0
1.3765349300636376 1.8780747527827393 1.7544970879368935 1.9275928742129644 1.442404458329166 1.6275832173360045 1.708797331930601 1.4457633783847321 2.3160582726689154 1.7527763842855384 1.3778657682175597 1.5680433525887567 1.9326953732152685 2.2671059854281155 1.7693954195396835 2.4768617615904516 1.6116103116791995 1.3827991739696037 1.5054518711658897 1.5504066146816948 1.3329203194086157 1.479148212663751 1.711307349978072 1.5208910689912225 1.595640961943822 1.8416124082594443 1.4749714760334387 1.3423032327909132 1.3585375137118088 1.762771512757901 1.8060924504787623 1.344251704775898 1.9356567547980383 2.0697249212789406 1.7527763842855384 1.5839536860600134 0.0
1.6101897521557276 1.315589009743291 1.3413434231170296 1.3439227200422945 1.7408595778841358 2.370502047250742 1.5307329622505594 1.4732959801989 1.502816608927812 1.2871317959515718 1.9921693413161676 1.4743930119070803 1.3145991607860805 1.5134511643482584 2.6887998381596168 3.4353165024049055 2.370502047250742 1.626212305784355 2.3026568834715517 2.0996177557277367 1.5924495427797387 1.9490267083498305 1.7960106601850576 1.4896715420658189 1.4907516150966702 1.3211571047325077 1.5205643321892541 1.631835038781916 1.5137000945310226 1.337722338106354 1.3007339324832254 1.631331311507367 2.6727469694662043 2.9470313566347848 1.2871317959515718 1.3309116280605293 1.7527763842855384 0.0
1.928218417037341 1.4237216333033464 1.4152852944504826 1.3348846530294651 2.0288384440440095 2.7537406117833285 1.6101897521557276 1.747838639996087 1.3090031706270302 1.4517289306630732 2.4003390713435975 1.6665759497716712 1.3827991739696035 1.304457698809684 3.1451993815796206 3.8360474598072085 2.7443301595000786 1.932695373215268 2.7629624188444692 2.4152346654357677 2.008325220657266 2.2543300402960478 1.916309528197697 1.7508114828318393 1.692567729868606 1.488069600712224 1.772074778415741 1.9869454398876465 1.8591194328962775 1.425530020483444 1.405085553366326 2.0158636511005894 3.0175787017141773 3.338747940136241 1.4517289306630732 1.550055095578837 2.1844613887906004 1.4517289306630732 0.0
1.3090031706270302 1.6048133524187815 1.4555888388015026 1.5829325858333039 1.3743409148952768 1.791536168471475 1.4297791546185248 1.2928224599601323 1.928218417037341 1.488168674496875 1.5069071391586546 1.338684744026896 1.6328255577637711 1.8767300903356323 2.0815658973749804 2.758463622476393 1.791536168471475 1.315589009743291 1.752776384285539 1.5908333408455242 1.3423032327909135 1.4858582765457595 1.5227546148963766 1.3706774610365613 1.3566806802793556 1.5910314068609896 1.320516637021443 1.3133686631137786 1.2940724945950908 1.4522526442643948 1.5079797194715556 1.363078758906845 2.0766546020333965 2.3069195215887577 1.488168674496875 1.383720570301942 1.3993201459379443 1.488168674496875 1.801610778782535 0.0
1.3007339324832254 1.7408595778841358 1.5126315704404143 1.6669109144618668 1.3155890097432912 1.6785102014090998 1.3958494710953648 1.3192708468801668 2.0330938428603416 1.6156183428865556 1.4615142864471848 1.3473569386729995 1.7681890322959324 1.9485553510371298 1.9888529855334827 2.5968563952873938 1.6630265071824093 1.2940724945950906 1.705806135469207 1.4718188531831273 1.4192203888599628 1.3841239890528163 1.4112230702920328 1.4164953731272636 1.3793769767636022 1.744069976636439 1.3253845135955373 1.3212323211560504 1.337722338106354 1.5222212856561865 1.6182029243172407 1.4054828396937136 1.9300814060016152 2.1605757825878427 1.6156183428865556 1.4694056964407693 1.4286478651828343 1.6156183428865556 1.8818119487864533 1.3248234675819122 0.0
3.149060567731669 2.129777649627872 2.4637479431409046 2.264649896426787 3.330730788420736 4.0771391532914505 2.855494847862313 2.9211635970539027 1.9025279826856425 2.323944786637743 3.656695125315404 2.883480337536268 2.1177905214153316 2.1026957824012382 4.430982449161007 5.235977442109255 4.0707891547781045 3.146314878933256 3.9838116623632986 3.774431395096719 3.064991650656619 3.56521315803869 3.2813530110896294 2.7678260222002162 2.898580511352667 2.166554263946928 2.9239297703952913 3.1807459928254453 2.979237369487484 2.469647201918278 2.2939618387104046 3.0586548218313987 4.450564043506777 4.740883814567545 2.323944786637743 2.5261833553814084 3.2943853041098086 2.323944786637743 2.0766546020333974 2.948676812039468 3.1200265107848444 0.0
1.6915285831021272 1.4970546477078162 1.3374764056237267 1.3348846530294651 1.745061255828228 2.4227201085316934 1.3964752237989935 1.5531812270950536 1.4635121997738414 1.4517289306630732 2.1157721245192955 1.4611322353211134 1.4581916487960842 1.3841239890528165 2.8221578956713604 3.454098845683807 2.412018530534276 1.6966302158387976 2.476819739975743 2.081834091734798 1.8414130999493792 1.9485553510371292 1.6128532364797346 1.6238725905195195 1.4907104121625 1.5583775106345263 1.5804053382073608 1.7581794176760837 1.6774257296553257 1.34831246757267 1.405085553366326 1.8496319289430867 2.638917946841616 2.9649882272616392 1.4517289306630732 1.4793517060666446 1.978664762602917 1.4517289306630732 1.3678075848733782 1.6134538763046615 1.6384318399753373 2.4547930602899077 0.0
1.4003167554769824 1.8164719437600017 1.6051276491888427 1.740163210611937 1.4141261241889425 1.679507754497925 1.4538442651945997 1.4106918764361904 2.098201331243725 1.721484674274197 1.544538770087812 1.4302253225503543 1.870609942655663 2.0561526715955476 2.064780605803937 2.6049601606188912 1.6871917388786044 1.356425826482811 1.7369039190648765 1.5205643321892541 1.4916293157110623 1.3992689225942405 1.5290970556656687 1.3806151137087053 1.4403637901155402 1.8088542883490133 1.33394008853632 1.4125264065788474 1.43474015292841 1.5960361510876753 1.68782536340193 1.4204000539777764 2.019529917501251 2.221950936645851 1.721484674274197 1.5706482269340925 1.5262421908035881 1.721484674274197 1.956935541322947 1.415886020508328 1.3569738064431067 3.149481715969062 1.7241923896544828 0.0
1.5128177435614527 2.300531984455031 2.001217812486574 2.1836778064071423 1.4267314101479243 1.3621032637185932 1.725872169743982 1.6275832173360045 2.619814199017983 2.13226634406653 1.4011675017277638 1.6564553703451421 2.3350120738164133 2.527031245101193 1.678657455052727 2.0407574712306746 1.3995727799292996 1.4955808569573295 1.4884447376233316 1.3136714713497912 1.6515676954016436 1.3274015688797858 1.6028131047698275 1.7394285101589146 1.6476471161427506 2.2796190735239 1.59914058291934 1.5080437007761003 1.6364994665338448 1.9792833574752073 2.1238894413123686 1.6423579952597898 1.5364314214045 1.7024556664956956 2.13226634406653 1.9561917463194447 1.5997170880102778 2.13226634406653 2.447180536851737 1.6230666888720162 1.512287850813196 3.7903952516094765 2.118812704401354 1.5005198583887926 0.0
1.7733616619977814 1.2994903057826492 1.3806151137087053 1.337722338106354 1.9132234514283102 2.5630002326246397 1.603805533040529 1.6101897521557276 1.400873720045005 1.340638475101445 2.197631883053077 1.594893586264145 1.3137156570325175 1.4567063955514012 2.917160733509824 3.6553683965689228 2.55794849950354 1.7684813944166387 2.510389368050116 2.284536300716702 1.7573825977174276 2.105512115153812 1.9266975132953144 1.5391598578581491 1.6160425197378205 1.3212323211560504 1.6131993561918823 1.8030021803449585 1.6630265071824093 1.3841239890528163 1.3192708468801668 1.750006836683362 2.9057212849770733 3.1787120407036484 1.340638475101445 1.3999443473063597 1.9326953732152685 1.340638475101445 1.3827991739696035 1.6328255577637711 1.7485284917749453 2.1014033704202917 1.4581916487960842 1.795165532208877 2.3052115412913206 0.0
1.4668227853961933 2.2705503672069653 1.9617395448416362 2.156571948825114 1.3778657682175595 1.383750246086744 1.7060852476364543 1.5910314068609896 2.593526170274616 2.088006945132182 1.3585375137118088 1.6265301878387202 2.290434975284967 2.474164738984538 1.6254346835369486 2.045806931118814 1.3930665489726866 1.4727030337454872 1.4851823497766221 1.295078032508245 1.6275239353818598 1.3351516273796313 1.5343899140636768 1.7760043783304145 1.635452178011452 2.2579679312114607 1.6116103116791995 1.468519530586746 1.594077182098985 1.9543077206990025 2.10063381314392 1.648628135033403 1.4743930119070805 1.6617180431428145 2.088006945132182 1.9107153653564104 1.550046473643292 2.088006945132182 2.4150034966284992 1.5864108184169101 1.4831400540346746 3.778860415467664 2.0815658973749787 1.5588066502796185 1.324746089688178 2.2904349752849673 0.0
1.582932585833304 1.4152852944504826 1.2940724945950908 1.3090031706270302 1.6578214685983559 2.306165055768968 1.3741116152201238 1.4522526442643953 1.4823497771808354 1.3648843606723533 1.9845027226536462 1.3937571645409803 1.395316932597844 1.4315798898927168 2.685298934182675 3.34908620001738 2.3005494122335954 1.58838304987765 2.3253560438275644 1.992980780833143 1.6851192078993253 1.8533232754477735 1.6016257081924947 1.5039835651830893 1.4179093440003039 1.4555888388015032 1.4791482126637505 1.634138140026555 1.5490116497430626 1.2978153744420433 1.3348846530294651 1.6979097873245692 2.5579484995035386 2.863678642305373 1.3648843606723533 1.3800541795726293 1.8251251567886173 1.3648843606723533 1.3902726023477319 1.4970546477078157 1.5472748773175935 2.4554516238642705 1.3109800073803983 1.631881674183052 2.025200438789225 1.395316932597844 1.9910771898133808 0.0
1.3902726023477319 2.1257158076771945 1.8806557106260908 2.0745633782805397 1.3585375137118088 1.4027311369641104 1.6966302158387983 1.5069071391586542 2.5052315487590198 1.9587250468173034 1.2928224599601323 1.5839536860600139 2.1605757825878427 2.4119944649079685 1.5920989120983187 2.1411619635378765 1.4027311369641104 1.3964752237989937 1.4054828396937133 1.3365131295945196 1.471818853183128 1.3358800241203463 1.584455517911715 1.6555039406729377 1.599191953436486 2.1014033704202917 1.5307329622505597 1.3731639530897222 1.4685195305867462 1.8780747527827393 1.9886395477623822 1.4907905522934417 1.5954411211867332 1.7485284917749455 1.9587250468173034 1.776690692554435 1.3937571645409808 1.9587250468173034 2.3415115318292803 1.4823497771808356 1.4259216106414394 3.6224068161143905 2.048789954866958 1.5109031876693568 1.3747225551938744 2.1605757825878427 1.331245999814841 1.9282184170373415 0.0
1.3731639530897222 1.4674181079108035 1.3585375137118085 1.4522526442643953 1.4624070057944456 1.9792833574752084 1.4008737200450052 1.3090031706270302 1.744134478273564 1.3806151137087048 1.6587964703470417 1.3348846530294651 1.4881686744968752 1.7042370010121106 2.28759440365115 2.9879274973278473 1.972737423697535 1.3794435051536935 1.9393764647353158 1.7408595778841356 1.4050855533663265 1.6126132533874704 1.5573310593722067 1.3623727699130452 1.360082685349554 1.4668227853961933 1.338779665577969 1.3902726023477319 1.330030903299928 1.3621032637185928 1.3937571645409803 1.4204000539777764 2.272219836855321 2.522118850266609 1.3806151137087048 1.3127034796869388 1.4970546477078162 1.3806151137087048 1.6341381400265547 1.3145991607860805 1.3752877660231884 2.720110596680268 1.4973405766605665 1.4698281164576212 1.7776547736871504 1.4881686744968752 1.7386799742723775 1.3946906602064186 1.6275239353818602 0.0
3.634004892521928 3.756698966345551 3.9252059435076534 3.96534704910215 3.7621014533187136 3.526271996708048 3.961975768862041 3.647005390582435 4.222642798017124 3.764848288338632 3.5087012254446868 3.785522887818078 3.895667688789964 4.4093774277527285 3.6612785331972626 4.079861124175616 3.641761046122719 3.578887158939474 3.2900095832641125 3.747535220501705 3.284130095435175 3.6182884897627745 4.200335291856877 3.3282845577822036 3.70915316033597 3.6189673522505235 3.5123181028266357 3.528821243047076 3.52065814058726 3.8440432596889593 3.7642451484167183 3.2289230511914573 4.091468664807349 4.010248622096795 3.764848288338632 3.706269601118969 3.380228576550516 3.764848288338632 4.216590327946184 3.567641217758761 3.6875027067313364 4.555925374936942 4.191114966765011 3.4614808984533605 3.5923449528816636 3.787682660003054 3.7733082128379114 3.9850496767811796 3.5770768558637482 3.653792189080296 0.0
3.225729080521852 3.310553427740502 3.4480319128600456 3.472081425508909 3.3431368582784087 3.1831013447140584 3.4613753165091197 3.2150800705759983 3.714403034695828 3.326945239291021 3.1704566179734184 3.3206701493470456 3.4469688228096915 3.902341983368689 3.4368133802870284 3.852982819062867 3.3027600821686747 3.158037294710351 3.014102323979196 3.3498837771512533 2.924412937168586 3.1992409104315254 3.7295461659235944 2.8656427355883967 3.2393345571093213 3.1852709572489375 3.0522556024191743 3.137041691550548 3.1257879196881833 3.3611241356123602 3.2963932174345967 2.845630752600746 3.7633943891037878 3.7398061298437733 3.326945239291021 3.2762358581112365 3.0523869797841447 3.326945239291021 3.7057761488088055 3.15282971850099 3.251665389214515 4.105022343859774 3.6767631873691013 2.982045480878882 3.1780202014723584 3.3140257526828067 3.3857142639984588 3.4927150325776455 3.218712456221631 3.2207691735206723 1.31487318939799 0.0
3.729546165923595 3.7712213186968153 3.960424517742565 3.9798706317028314 3.8645390085795444 3.680576143476264 4.014012152624641 3.7222007684243916 4.205487381704432 3.79633189541331 3.647444550258862 3.848720869489517 3.910339733369658 4.410116479240252 3.8568600792825865 4.290308409861285 3.798185014300801 3.671155956590854 3.457133949855524 3.8757350464862887 3.3810093583967045 3.7319764962517983 4.284665340234741 3.3799846838128307 3.768485301072251 3.634520800166225 3.578887158939474 3.6293981433231206 3.6084380871614394 3.8749948057599277 3.7855945822019805 3.3209015292955133 4.258779828006109 4.201515551600495 3.79633189541331 3.757017403219614 3.501407764084951 3.79633189541331 4.2136771838221305 3.648500706568207 3.7749437745278613 4.469566847904368 4.2136771838221305 3.534382399867988 3.7142878948489106 3.793669655411802 3.903433391421199 4.014479225178023 3.709310311213718 3.716203408200759 1.1263130060044666 1.2815849612880954 0.0
3.692780985066853 2.973763254597987 3.3375522985652584 3.1846872896611336 3.8868302749051975 4.27164453497948 3.6050467703578644 3.5174221404415276 3.0651416060648216 3.1431062689841394 4.004491074605216 3.544878908470242 3.071105280450461 3.370460878001448 4.652683473936696 5.339258792928548 4.346687093782886 3.64330117131583 4.118184355555624 4.176847880416025 3.421909240517831 3.945220891810999 4.080927933850643 3.133678442317154 3.4827598046005246 2.8910895669749737 3.3944662517132476 3.656356206809795 3.507459364215432 3.262590684909566 3.08447216492847 3.3657826983290624 4.8378733739599955 5.002149144260833 3.1431062689841394 3.277884201940749 3.684170394784417 3.1431062689841394 3.203528511523607 3.4985888067358832 3.6847204561190505 2.6395971197658925 3.4606516087069004 3.492973695465104 4.0648048164298975 2.9446801867773753 4.201261059334017 3.349247214576947 4.009986748740747 3.3782663688877586 2.997761610893083 2.616612905094385 2.7938926582704613 0.0
3.6259274179766354 3.4086095197117983 3.670113114917454 3.6365100637660066 3.791612790953335 3.805282929852069 3.800207690554848 3.5599548635657428 3.764848288338632 3.4855890071523867 3.6818496287552023 3.662737801959889 3.545393099646813 4.010325410584874 4.062387565813661 4.610884819269146 3.9092375001004327 3.5658408677746447 3.5939377081103596 3.904153098672857 3.2799911191504543 3.7185284511832375 4.153625042783837 3.174550403041232 3.5864584325324214 3.2806261280771687 3.4126727965524717 3.5422057240934772 3.472006580429823 3.585883351343511 3.459750024866608 3.211962005991776 4.409036186545042 4.428246697388412 3.4855890071523867 3.4975570190884593 3.456602668491668 3.4855890071523867 3.8137797091448014 3.4996443674490343 3.6539266639003616 3.8256154191855107 3.8971122202404542 3.413362749845883 3.7542819329534356 3.416282314892323 3.9341179136266313 3.7152066419052607 3.727424674464309 3.50542174323099 1.5538499009142481 1.4299666796317727 1.3842210219806161 2.0402290760600863 0.0
3.124879958830786 2.7868137871135734 3.0234354954908382 2.945108784220281 3.280083265397836 3.4583386203688598 3.1549503877517155 3.010376175601276 3.0244441859876954 2.869559165125453 3.299201199949704 3.0563685674338337 2.9005994974437934 3.2760403899160897 3.8408238875407177 4.408170953587657 3.5687807445654567 3.0662496275323505 3.321429640236671 3.4547857413315377 2.8460478639424474 3.2541861517548285 3.559455607274674 2.6309920809471423 2.9677983341385676 2.675455343825676 2.860099693311014 3.0669399032739717 2.984503519257628 2.9239346056792312 2.8099129610463165 2.7899270477353313 4.028567798284441 4.143249897191978 2.869559165125453 2.9330170371199977 3.082009975469464 2.869559165125453 3.0840927763691983 2.978506879606915 3.1299316106564525 3.1473946259575465 3.186564959406217 2.884988914389387 3.298905298191481 2.766393175844627 3.479618327941488 3.040683028942115 3.3147398280324376 2.9445883021805592 2.130330642565168 1.677924581048433 1.9715719426569263 1.6273858340149265 1.4772041443361823 0.0
3.263612049531566 3.417944735986135 3.5144736711482127 3.545393099646813 3.3594555499222483 3.1511483417272497 3.4860669017154238 3.2630310900856556 3.8052135630939077 3.4213575714267246 3.1872553129759504 3.356459567899333 3.550969341431816 3.980960954936932 3.4283321313775317 3.7711489715222295 3.2798727404976966 3.191310824725997 3.01863700790093 3.331481309997219 2.9923914546781583 3.19134974301952 3.7353953274719727 2.9205166966625686 3.2700847792647165 3.2972756831600623 3.0894693551816013 3.178568003983009 3.1863527108578817 3.4235876020055787 3.380305138261736 2.908016346246637 3.7171768327300003 3.6877874082648057 3.4213575714267246 3.361152668534179 3.1134048626965654 3.4213575714267246 3.784372786908478 3.206295459587177 3.281488161818126 4.264312915649151 3.7273447294445665 2.990805351775751 3.1449243525197113 3.4119518344239057 3.370718458491145 3.5523740333852913 3.23071939880618 3.2869462425564917 1.4185277281773396 1.1263130060044664 1.3939443436827985 2.7889978519877827 1.6087450996455388 1.7904904204605556 0.0
3.1976540980641786 2.369544655929322 2.7016492027436723 2.5146261878640104 3.378244427899931 3.9087984924244177 2.9857375788253937 2.989449044211308 2.3222322326047573 2.546577585823372 3.6033222423987876 2.9704588530695286 2.4337770934595087 2.614359368816139 4.340859997573505 5.044002916928406 3.967916285428314 3.1568520084382965 3.8109217156449886 3.7231864466927678 3.0115233839489193 3.4916518299367936 3.474658491134373 2.658841578119539 2.9193990694646677 2.3230575826649544 2.887843802233617 3.190415770439447 3.0288456575560017 2.6343816721337223 2.4683419236223987 2.967352571590418 4.412318213969401 4.643803728900995 2.546577585823372 2.7179855584789068 3.2895165670163986 2.546577585823372 2.471416156873824 2.996806724902267 3.16982401215192 1.9601860084705973 2.7581194905352375 3.019674314705949 3.636412491962055 2.317357633509625 3.7427549551587904 2.6918770505926215 3.5849402096987864 2.835322465171614 3.4615226829072645 2.9661954957465992 3.3055363117479315 1.4374410750684588 2.600772522704374 1.894131831505058 3.1050188126636358 0.0
3.4709242925067145 3.333584346582351 3.5788871589394735 3.563617043707659 3.63298252149819 3.6058225884984205 3.6965654404373667 3.421944243365666 3.7312410220913925 3.3863344832966322 3.486216178980963 3.5370607276798904 3.4675929269747137 3.9602922749770695 3.829091547148881 4.377039403567486 3.7153621890326356 3.4182345539113053 3.3746156512221215 3.7269603962890216 3.1108378763865354 3.5568963228938553 4.02396429701535 3.0658354646921255 3.458010189931827 3.198016607911204 3.2895350013600746 3.3790270626355485 3.32152477897044 3.4924579352621166 3.3743598820495375 3.0616909730009785 4.195055904018532 4.200264127692498 3.3863344832966322 3.388734012126153 3.275761680751433 3.3863344832966322 3.7664171218907883 3.3547833263923454 3.514206843952005 3.8814630637468728 3.8228623561733603 3.2949865919455745 3.5793289562588955 3.356136836601511 3.749128641239861 3.6291633633449765 3.5384664146046187 3.3810501381284546 1.3811166906591312 1.3353497312764853 1.2707085322454732 2.233994064404366 1.1434603534321555 1.5543895737576463 1.5224402136344621 2.7301787448972674 0.0
3.0602710940622013 2.5568748731255146 2.7918080165399206 2.6740219450962677 3.2124147889490575 3.532221906854097 2.9459037274828503 2.9064828293554643 2.6603314381844996 2.6806934331712324 3.343434818148152 2.9106421940240708 2.659418965255088 2.9224948733418485 3.9796849836208956 4.56582639297302 3.6190418056409763 2.994611979322399 3.4520002382895343 3.4440451710133533 2.8548452277908805 3.220864043003112 3.389380866387185 2.514163292298649 2.838078507053377 2.4806783057911432 2.7450158299156673 3.031851877995583 2.923588126300663 2.705334892865975 2.589358224861974 2.772561306107889 4.085645875028798 4.254859913975119 2.6806934331712324 2.7671761474853693 3.106063668789697 2.6806934331712324 2.7404414142893465 2.8988959068677507 3.0293010725222773 2.6957498801235897 2.892538065696404 2.77777911003025 3.305953191160813 2.498564072455241 3.4795144938328337 2.7911952743444974 3.3368415342538844 2.8124684574271828 2.7336108320281842 2.180979592222088 2.571097621999719 1.476327561662935 1.9699277995988136 1.313171474198777 2.2694523302555196 1.4755231822186918 2.1065759323603497 0.0
4.001070605710026 3.0520729771564303 3.453655274770992 3.2445779676436137 4.201648681110552 4.759086060541576 3.7969252061007897 3.78264849850812 2.9684352769930875 3.255903685166037 4.418510836220571 3.7737304688145916 3.1069344743250094 3.278759952204269 5.156438654454439 5.906930924217305 4.813137589771568 3.968537370895109 4.623510595304604 4.573608282222238 3.781213334163604 4.338090506859077 4.299274405073395 3.4579547398302566 3.7284718425635597 3.0069537977569936 3.7011256488085045 3.9899910915266985 3.807852191784111 3.3955836961058297 3.1976540980641786 3.7495802614201104 5.270683076468487 5.498152846017368 3.255903685166037 3.455592098984131 4.0620161393356735 3.255903685166037 3.1572229511615992 3.7845886587704065 3.9841757827487387 2.1620532412052254 3.510575363570114 3.8607642853765562 4.497502849518799 3.0166069165017735 4.588142894851907 3.4483991750187704 4.4068658295895125 3.604890252396346 3.9364737099340736 3.537520488133429 3.743710896178235 1.5018349850760015 2.953631735391696 2.4073843455057102 3.7133205637920423 1.4333547466442822 3.1325411481842114 2.044744365977789 0.0
3.0245901380164635 2.8875598172144197 3.063087514917814 3.0375531467653802 3.1601826301735882 3.1984942118428177 3.1266059095000456 2.9560029862386985 3.197929898191088 2.946250821660803 3.111726700927547 3.0255302392119368 3.018777109561175 3.415758295947535 3.55167023481732 4.051703269892366 3.305880550454561 2.9522901207102885 3.0674589039848943 3.259832658203068 2.753084712483877 3.0701369208810934 3.4720065804298237 2.5660385385143525 2.94592567960012 2.776654425549092 2.781524816836537 2.9580511751164944 2.9061993600098304 2.9747173405490983 2.889744494640875 2.661971879584419 3.7891040474689235 3.84909842789276 2.946250821660803 2.940807675624552 2.9373027661088478 2.946250821660803 3.2183116185375167 2.9134799736017856 3.0248845312603296 3.481874850879403 3.2514179988277725 2.7436108731553177 3.095514341591261 2.866040450034391 3.2995834534452855 3.092769805886079 3.1375693207277164 2.9224948733418485 1.8052504529140907 1.3343410552719177 1.6882820702314218 2.0275436257948196 1.4016419624575567 1.2414877807623386 1.408933040347151 2.2934821101571026 1.436648964866176 1.5549429323476176 2.881780592966326 0.0
3.8657947512863924 3.14788266675193 3.565525924817107 3.428654950785877 4.0827807232502735 4.444101198680167 3.8774732365024427 3.7040137733552023 3.3298616234489873 3.308836384718494 4.137321134048828 3.769251789335777 3.246642990853004 3.6336059552426705 4.739510395474974 5.486874941771394 4.516279123587154 3.8321132461590555 4.220340710982937 4.379359623991124 3.5312400451348713 4.158619551223733 4.336229671341322 3.3503166207659567 3.7108905174142315 3.0458955571774093 3.6162525292497967 3.8118055876710346 3.6545995203581914 3.4954567301203023 3.2914703581045455 3.506580710684221 5.010468745115897 5.147002064845533 3.308836384718494 3.4464177099391047 3.7806855251520313 3.308836384718494 3.473121788071527 3.666165112140465 3.8904279808906725 2.8239484160122355 3.740358126779545 3.751034900555966 4.284749881481277 3.160311087692485 4.390855968681953 3.596942202415071 4.160323022676139 3.557112384189043 2.903109455930839 2.696802357093025 2.718591315022785 1.32147151197752 2.0033520295902236 1.861821647874497 2.926125581789866 1.8218817345989977 2.1434716199597674 1.9308643383185233 1.7126965132550416 2.24875661753825 0.0
3.289355277580405 3.0970460501992414 3.3166515188848362 3.275875314181491 3.4386462701280696 3.482298954034496 3.415916542918581 3.213870121469965 3.4156970832936846 3.1582073619619653 3.370493749093232 3.290889981620772 3.223486327548767 3.6518348687037467 3.8046202577116777 4.328545693870281 3.5991992619969264 3.228358697495465 3.3147398280324367 3.552708655810075 2.978406004239221 3.368745488410398 3.775793742568063 2.837036604201884 3.202747336860615 2.9732308287230986 3.060178310847871 3.214143073908559 3.15466100927278 3.220186979219282 3.1153591917180172 2.917419392692923 4.067672077621684 4.1233514952435515 3.1582073619619653 3.1815372397090873 3.177560513445282 3.1582073619619653 3.455024218805975 3.165540467012313 3.3086663543673307 3.5957330513098547 3.5164713863063195 3.0547416982011675 3.3886075052536593 3.0921153431428636 3.579884555853317 3.348027295929019 3.403006450933394 3.171313009794646 1.6856072783692937 1.3470014358911666 1.534329531901493 1.9499005972215513 1.2161844658775987 1.2201662919096554 1.4679088944595067 2.3523057700490115 1.248075397650606 1.6674809042697827 2.8330482164802686 1.1749611993901858 2.0600113925147934 0.0
2.713813258505268 2.417226807809033 2.6242511050042023 2.571641941435156 2.867472040435635 3.065019602634502 2.74114897996747 2.6073378131105382 2.6803348907859332 2.5024260714713438 2.901162446294451 2.6602095238830166 2.5418041811398133 2.9083147888599137 3.450433610209585 4.037624722934755 3.1523972080444156 2.6460904034592168 2.943011822598166 3.045057457427762 2.463676301377557 2.834369872713411 3.127761767683015 2.216040737825305 2.591866719325369 2.3195888552181763 2.444222321710837 2.6633809472379317 2.577523398845753 2.543530124193705 2.439717346999007 2.37423501519042 3.643386915759475 3.759550229260692 2.5024260714713438 2.5254710005267604 2.675432601885028 2.5024260714713438 2.717215363583653 2.576181727007957 2.7034809926174814 2.925192295868975 2.794930766632743 2.4515543791394063 2.9073069263251967 2.3875138227973407 3.0826580831967925 2.649552489154767 2.9137865062369364 2.5407349207871324 2.222211919924229 1.7096066032004593 2.1168745718176796 1.7788358481456739 1.6749342181466336 1.2248638226325341 1.8146997856473446 1.847399787261552 1.72094977823086 1.2905875864036673 2.4889366058855704 1.2415185463539977 2.0581941995866417 1.3948968395705506 0.0
3.3805441087206556 3.4092845113338806 3.596704422084118 3.618927760910154 3.520582196849282 3.377504443401963 3.656746457686572 3.3685238457372115 3.8462451437403153 3.4367154819639447 3.321284771184149 3.495670254810136 3.5494465174156953 4.045528000747069 3.569362079110235 4.04711594065826 3.486797468813588 3.3212226978259802 3.155040445819961 3.5506046505357345 3.0369358293280797 3.3981892363597392 3.9311499026232406 3.0238357147569963 3.4213375910926462 3.2763169670506467 3.2252263929137954 3.2836197167487575 3.2554747591463906 3.5162361030618006 3.4260450288805613 2.9706242304853725 3.963869687717318 3.9250736608166914 3.4367154819639447 3.3926896200846803 3.159270415774594 3.4367154819639447 3.8510019364617345 3.2958243818476105 3.422319528853976 4.1407082978709635 3.8510019364617345 3.1866363935983237 3.3978411403366433 3.430580675541691 3.5805069856539053 3.6525298438314624 3.380434462854099 3.3570828150437526 1.1768252247988502 1.1731722317064248 1.1519489953120834 2.6039093253202394 1.3194713351011518 1.7722139122455238 1.3105234617191672 3.03622261989796 1.1955011435839518 2.326177967667142 3.5257409917029947 1.481055406002535 2.560306335607545 1.393543767841728 1.839848858212019 0.0
3.024554084499817 2.856852073722974 3.0082103671445983 2.9608544698998123 3.146179627129042 3.2305123636890634 3.055322705634087 2.9377275903360958 3.099985180940848 2.912832595179421 3.1507923558215714 2.974985863005118 2.9746474401830056 3.3197400586339874 3.64274309857522 4.114027047358341 3.3484772840194514 2.95225318425125 3.1431542735432814 3.256821858318965 2.7902186908678543 3.0669399032739717 3.419323180946081 2.5546289239330773 2.8839173041539206 2.7536697858585044 2.758580757800321 2.9696020489136403 2.921278238060648 2.908188610783501 2.836781785933087 2.707534615833455 3.798128362344984 3.8945731836175552 2.912832595179421 2.932378944578203 2.9998818917547925 2.912832595179421 3.1241133801549408 2.910110859385872 3.0134731900765543 3.4079461750742364 3.1582073619619653 2.720347057624219 3.079769422760324 2.81952123904221 3.2936648848730306 3.020688231917224 3.16242007545533 2.9073472917455816 2.071749329851752 1.5244497818749447 1.9381996853291805 1.9896271600924431 1.60523174146981 1.2116697473680313 1.5497351326619786 2.171409569305738 1.6625940328650524 1.421500300166691 2.7944416493360493 1.1538501971447415 2.3119340369988657 1.2731616768357445 1.2468962661540834 1.7380098394330725 0.0
3.003909589087582 2.5589416630608577 2.8583316498219333 2.7706626192350243 3.1865345220870394 3.441514712705177 3.0587158623013195 2.875604473562251 2.8229126534116893 2.6543312967391475 3.2086283204044803 2.9381493269359122 2.6685166759934185 3.0836912898601243 3.780041937320207 4.439767193648129 3.537885645710782 2.9604384289707157 3.258361079912554 3.4124781452552937 2.690912656259049 3.208707881708879 3.475450303198892 2.5209660083818055 2.8595049568861923 2.4417798169972507 2.760470610945052 2.9429958874028417 2.833619831341475 2.766929742915972 2.6202403520289987 2.6609016856987466 4.002913946681693 4.1300517190557375 2.6543312967391475 2.741810894596375 2.934972003658464 2.6543312967391475 2.9007630834164972 2.837054158093125 3.0269249148442667 2.85194250257218 3.0448618659082856 2.842130387764721 3.286248355820601 2.5627830011516934 3.426275688955995 2.8861538211699123 3.2291532286270224 2.78287123457351 2.23963146731219 1.8764921302192505 2.1077132662257707 1.5224402136344626 1.5671795052331476 1.2023587741364294 2.05025752401159 1.7459178753492115 1.6001112840439664 1.410024337337256 2.202269417701045 1.449862726293993 1.603363855707063 1.3818219856064105 1.2959386373026556 1.876637649344716 1.481435961468837 0.0
4.27412937669095 3.653824212503824 4.0378250975382235 3.9167312410762514 4.477905527707633 4.738665889696736 4.2987664751079135 4.131576022685975 3.8500490360665878 3.8118471439230244 4.498079825773449 4.200306844643666 3.7700841942939993 4.155307529563641 5.043843727263819 5.718322298417024 4.819859375938445 4.223275196165849 4.529113185974465 4.7220138801684755 3.939578409340685 4.498876473256762 4.748650547303385 3.732675826390837 4.136304597255688 3.5489921189486684 4.0061758365700735 4.214571272811262 4.0769086220456385 3.9638696877173185 3.777445652293404 3.8814560922946657 5.339512865388212 5.438799194665836 3.8118471439230244 3.914716934609234 4.173107540834478 3.8118471439230244 3.978669524662488 4.090506376500729 4.286893399639465 3.39268962008468 4.213966676216917 4.086162315239935 4.601685144058533 3.6489323720902593 4.747499851661421 4.068837565409894 4.525738637736778 4.004446028439091 2.7376469842856013 2.5658510997114763 2.5057147209171062 1.4467424175929855 1.7981113905756876 1.8798983688636715 2.7738530711130966 2.182499306830008 2.025149878312867 2.0274810127998357 2.062517572979374 2.1813756079256397 1.3197840323695698 1.9592990931826395 2.157211568067229 2.427967485829479 2.2640010588763317 1.7965493753909996 0.0
3.2490550722524882 2.6253892301914097 2.968591685938272 2.8411268632352313 3.4412717157100507 3.7920325213884496 3.2165565594397614 3.089013762392501 2.793832428440114 2.766162550148694 3.5278428347772506 3.1306721345089743 2.7278766646407187 3.0817274802545884 4.1566532630607 4.844406741010338 3.873032743856518 3.2035154832078567 3.6261501404559016 3.7146770615619493 2.962210656091378 3.492973695465104 3.6715742935435896 2.7193511448076295 3.0633249328721313 2.52811612221125 2.9726919106339134 3.2040243883059794 3.067054723005893 2.887417787429353 2.7187272870876917 2.918744352405022 4.352881093063014 4.508264077674633 2.766162550148694 2.8850041178391495 3.2200804830719822 2.766162550148694 2.9072916522857826 3.0627614734327473 3.25406342210146 2.5877259026649 3.120493667030322 3.072369298182978 3.6014463601357134 2.611330310597575 3.733723181146748 2.987736413867715 3.538231667235547 2.9648192325751226 2.6521837926799643 2.264189227443843 2.4857530882278973 1.2130034150723161 1.8100513453055547 1.3609899839798223 2.440419668432141 1.441103392723012 1.9294162070756917 1.3322139761814638 1.762492357565733 1.716570957979907 1.381116690659131 1.6602572907893265 1.4577836896239689 2.2606912582688623 1.703464441121278 1.213782494021925 1.6042360448564639 0.0
3.316343620791588 3.355434077970853 3.451647015407166 3.4488652401146465 3.4091867703518157 3.3014787920603976 3.4258039201788177 3.280751132353081 3.6553906927233952 3.3840873334265535 3.326507088792459 3.3377242346676033 3.4839147868312668 3.8481768721658827 3.6702879067714083 4.0115282289939795 3.428332131377531 3.23454720385217 3.2243761100452755 3.4192711401476203 3.0866228750742635 3.255936940625494 3.721000923349558 2.9043718590815653 3.247866137879157 3.2485592119543485 3.0848060624341604 3.249807957911416 3.2419397831217944 3.35617218757327 3.3135722520976847 2.9839649668408548 3.871313648852313 3.8943835086149066 3.3840873334265535 3.349405362063303 3.2429217609204852 3.3840873334265535 3.6492835361359126 3.2424897678115467 3.306812601893955 4.059409757935827 3.6198178128222147 2.9807612665580745 3.2230709518024483 3.321357126804611 3.4665636426006974 3.4724317945270142 3.3506935987781437 3.289277192798328 1.7962204757156046 1.3121901536393215 1.6883852129615018 2.5261548375691105 1.650433262908217 1.5958846687041925 1.2373197163947254 2.8105444346237927 1.6782497983625693 1.94080111391867 3.4238731770857562 1.2869736328047257 2.802276452476661 1.4108793736421137 1.6376737871801834 1.5784824176459424 1.3042721660566172 1.9463293070185521 2.615658575053903 2.243878006066355 0.0
3.127761767683015 2.8318291699128273 3.0978471429785657 3.051440293563788 3.300669381934975 3.423854043654531 3.249461029242536 3.03812013298187 3.160293358343751 2.918840908405303 3.25311003365401 3.126730172552003 2.9637570802474444 3.4048603623225744 3.7260032647888597 4.3333137229487955 3.5170325802141975 3.069186487755275 3.231440187639098 3.4620659323136693 2.804043320451034 3.261914087074047 3.6256945431106913 2.652762616026857 3.056123517263494 2.7126016300793796 2.8948776420397633 3.0559815360781517 2.967798334138567 3.0169354571917664 2.886288897634056 2.73526767702834 4.0202314963109735 4.088364677761444 2.918840908405303 2.9450614450521035 3.002441412213976 2.918840908405303 3.2123951573534013 2.986948147029831 3.146364083411937 3.2552256607827617 3.3108987653279978 2.9194703873911103 3.326030742374876 2.8325447550754412 3.491480601725787 3.1386363780928583 3.286784094442186 2.9675027228696296 1.8416948908166266 1.51954186971844 1.7096066032004593 1.7428008595329556 1.261186956190074 1.2189672595640113 1.6975158109215163 2.110702568762425 1.30657344944847 1.559939770905336 2.5710018025716397 1.2349588528899371 1.8077842566568836 1.1829692336344446 1.2815849612880952 1.499873992749764 1.3788930168109952 1.2306966401241022 1.8062394405622797 1.44619279980403 1.6506670868972093 0.0
3.970490272697139 3.537257275381281 3.8610642917514655 3.774053196259353 4.154073699874482 4.301247563278345 4.055133142858773 3.8589259051048495 3.8016753883499588 3.653051141859329 4.119806503389283 3.936600467917198 3.661236921325872 4.084375981041135 4.601819949416168 5.205978826553631 4.402306129239591 3.9156946330682785 4.097784342112779 4.3363930304087885 3.629390334192923 4.131351225075013 4.469374038635389 3.4632988450479965 3.858192890092378 3.417016253754083 3.7208821369470986 3.8992292980175876 3.796013129241763 3.773385727561952 3.6176226021753743 3.5734628700525493 4.90143568587515 4.970986479436946 3.653051141859329 3.723784952732831 3.8496563571257068 3.653051141859329 3.894130844930187 3.8110717417011513 3.9911525990294683 3.6144724869548184 4.055784882357845 3.7644332264485207 4.192721899844657 3.5363580726649504 4.361166656398015 3.8939335792683414 4.1535234475199205 3.768836738901038 2.131565685659978 1.9647830145293197 1.9043044638344415 1.6294226205460263 1.3190481430785104 1.5170621014527592 2.1511348790341014 2.3154354196028293 1.5024207670237781 1.8712181378746373 2.4608839942414082 1.7035766744268628 1.5742464263687903 1.4545913275064437 1.833555998798297 1.8522608573101513 1.8110647849798043 1.5461075492628846 1.3109077020548285 1.5778042066441471 2.0463767343427257 1.4289351168039934 0.0
3.2795468010792863 2.998631353244172 3.2579844048756543 3.1997733504440204 3.4448442510413746 3.553679062117741 3.400897059504623 3.187073198321129 3.3105872071101565 3.0679510416426075 3.3926371040957934 3.26472530006913 3.11798320908167 3.5590522750448477 3.8660286737726683 4.446797726218982 3.668305357903497 3.2290880330831477 3.363553740745363 3.5982957677774965 2.9494705863710093 3.411229354332844 3.7814391611241445 2.8244606821419254 3.1758565643849948 2.8705743879010868 3.054741698201167 3.204104364386041 3.1273567908387836 3.1597293026183877 3.035235297892077 2.911716239849956 4.129764234101801 4.2056223419914005 3.0679510416426075 3.120330798544859 3.1674058620470413 3.0679510416426075 3.3670889664723878 3.1383309038519243 3.3093779914401704 3.4130440734720238 3.461192871742771 3.0892682289797544 3.4464177099391047 3.005064661248843 3.615581074349164 3.2899197344278264 3.4249396071325457 3.127076263113592 1.8125241488536759 1.525622931448636 1.6613804225975177 1.7925098839487592 1.25053526840941 1.1980227241754025 1.686447216793063 2.2009077089260547 1.2693461035086628 1.6398143604297146 2.6283903526932684 1.2959386373026556 1.8275967595745444 1.1370223951371143 1.4139605812453957 1.509583207919627 1.385591493530703 1.2415185463539973 1.8113582615753445 1.4977789593094335 1.6465463157125007 1.160115888803252 1.3708704311200737 0.0
3.2608855037931495 3.095382076204996 3.3376913317396752 3.318311988334272 3.4243093047700897 3.4383719908436587 3.45789268535245 3.20256723078037 3.478093171594588 3.1551971546033855 3.306863189610215 3.310510849004816 3.2301826105974154 3.707014174246364 3.6905667153811947 4.2563240810031155 3.542139551799375 3.2047443408309944 3.222523240428257 3.534925016147166 2.915091370927132 3.3551412080703926 3.795669299697707 2.836126349499 3.234922674961338 2.965374670624586 3.0638500677870995 3.17521835085574 3.1108378763865363 3.2538007481016904 3.1360784594248527 2.855799804322091 4.032701541575865 4.057484936775623 3.1551971546033855 3.1578546386244506 3.0874224863336974 3.1551971546033855 3.5130425889371466 3.1400688274807473 3.2950841727582043 3.644180624249679 3.573492254064847 3.069702486204013 3.3903784228835367 3.110230450721372 3.5610151491649726 3.3857425309411084 3.353156552292762 3.1557617542777385 1.4998739927497635 1.316864996261714 1.3917315628389886 2.0775353770380764 1.1561163239410337 1.3985761264178211 1.4996254885208675 2.508211379864768 1.1215890572360763 1.8887836927968562 2.9576330913173248 1.2896103892376838 2.052687848938738 1.171021510190153 1.506057606663972 1.2397479913525782 1.4984593892349838 1.4426926103820554 1.9836212643967617 1.7570984675730021 1.591248123935949 1.1768252247988504 1.4923555415505854 1.1936660796051521 0.0
3.3845048712905927 3.325028676263478 3.5389744611072054 3.5423491788665125 3.535396033889846 3.456992854075081 3.6255590211393334 3.3522066884195136 3.7379520237259616 3.369080406767971 3.3704608780014476 3.4715012172887496 3.4643617151059836 3.952557626353819 3.6753444555419454 4.188791473055507 3.563849031096998 3.325254119813748 3.2370571195314537 3.5992877254842024 3.0382181022210593 3.4334638731145306 3.92950536912012 2.992689067299867 3.396639675252078 3.1931506373788583 3.2081804918258636 3.2921598537526564 3.2476421141090897 3.4571626905606894 3.3538203168265706 2.9719351143579695 4.051047882573912 4.03733994977513 3.369080406767971 3.344621101369633 3.182017840206933 3.369080406767971 3.7571257904290203 3.2836197167487575 3.421944243365666 3.963703338089434 3.7855228878180776 3.1862333486631913 3.4486813655917063 3.3424714336098287 3.628788919285837 3.591610849041607 3.42447774862599 3.3246424086061617 1.2838735048023735 1.2097796567654395 1.205795208238809 2.374753834689097 1.1955011435839515 1.6106067445742027 1.3720192547048946 2.829960181534453 1.1197764663837901 2.1472085784452926 3.289659711816064 1.3855515114782575 2.3353805678663346 1.2727230865229309 1.7076554438362292 1.1128167021070134 1.6305876732973998 1.7021602283455208 2.2028587308704273 2.0526542818598172 1.5594947730644548 1.3492172366454718 1.655016029752407 1.360002433515115 1.1414573233843592 0.0
3.808866537644413 3.6269702718600714 3.8980943342190795 3.8745109183868345 3.9780060501010635 3.950488470350905 4.034440856058217 3.756134765365101 4.01880911640857 3.692982548701819 3.8260850442528573 3.874811344006097 3.76292789718136 4.260490360447143 4.156001400815686 4.706170386857961 4.057099720611567 3.756315487167697 3.7072535917221403 4.077273786436246 3.437351037132354 3.904327629392022 4.370915759274279 3.3915765175201122 3.797682758542763 3.4906794043596703 3.624611854462532 3.715684499903801 3.650596449723459 3.8138122754197066 3.68352887599607 3.3865543805478957 4.545780430420829 4.540608307949016 3.692982548701819 3.702293795232386 3.6012208810719653 3.692982548701819 4.066275271420725 3.687097846085673 3.8531661993916066 4.07080982303489 4.144534059484922 3.634784905410408 3.931820684470772 3.6510189743127057 4.100186429072347 3.9501043831834477 3.8813264096005926 3.706236119844002 1.4452853224677351 1.5192709782794247 1.2989451569637143 2.2834747939293902 1.1543339542115647 1.7300290564079588 1.717041330473882 2.8863666865832647 1.1456988897517384 2.290002806787711 3.1901529398428377 1.6453673984325434 2.1262599488922733 1.3951036006387831 1.9546806650970763 1.3109077020548288 1.882781952363039 1.7682925714361686 1.9164456703588624 2.0454125924035824 1.868867435728474 1.4538829005017155 1.4281520187528616 1.400681009947037 1.247683314790503 1.222614943647708 0.0
3.819770861435611 3.7749594063206366 3.9769805340932893 3.9739182105190873 3.957797952420329 3.830750668687057 4.040242579728575 3.7899372947504943 4.160961989894849 3.8223176163492747 3.7906316523465677 3.898407088763631 3.9152750952156934 4.383322802908471 4.063988058095208 4.501038122395791 3.9471621460107826 3.7535823316329178 3.635658237752364 3.9935113609889012 3.4874119388641884 3.8312170620358392 4.344976775799201 3.4153210701117276 3.8166745621201237 3.644686750568128 3.6293981433231206 3.7290648838020357 3.695076752350627 3.889420818418313 3.793991018129054 3.410844237932702 4.425190188333791 4.395274377955289 3.8223176163492747 3.798583792208637 3.6307526798637104 3.8223176163492747 4.182836125676202 3.7254704608709046 3.848367909757323 4.3540778409218115 4.208361603207301 3.5811688126378716 3.8246222260377687 3.7805119442310122 4.028185228095877 4.022718139431928 3.8425633306587943 3.7707276036384645 1.304272166056617 1.2909064670085653 1.1639502767064114 2.5510865164617744 1.2505710167013904 1.7916170394499542 1.3904506390155587 3.1042237599287716 1.2516639383887609 2.3456928366320007 3.5131779399229432 1.5446215414547892 2.5469403331869716 1.3917214206464732 1.977505612189151 1.2229714365915803 1.7597145490664252 1.9875045204570563 2.2614565855051247 2.3019207492689984 1.5343295319014925 1.5851794714888119 1.6781227771247473 1.5408091312792114 1.3382182971630738 1.2069769903667662 1.2520000475544149 0.0
3.249480054318701 3.045033679126115 3.2571539299220302 3.2150800705759983 3.3962019001642094 3.453030891203451 3.35057629333879 3.1704566179734184 3.3467455694301136 3.1148538854913506 3.346717099498167 3.2414501541370986 3.1743671734516115 3.582739137658927 3.793951931683824 4.312255141443287 3.5636375131670843 3.182293524688159 3.302601498597521 3.5127433472723526 2.9558516917813487 3.3213706376633616 3.714475064765351 2.7790525045882792 3.15807492531028 2.9284587077171316 3.00521539473225 3.1799805533430283 3.1177735437890055 3.165009179465544 3.063087514917814 2.87793025920969 4.045007668081731 4.105939996787463 3.1148538854913506 3.131486662425289 3.1528830754307506 3.1148538854913506 3.3849633470769187 3.1261547886696697 3.257248394470938 3.5277292564431137 3.4476594262237428 2.9881322845379654 3.349247214576946 3.029485034772409 3.5469290352116785 3.2865989605177397 3.375111380508126 3.1252400518529897 1.774948809297655 1.373668250736444 1.6202699059647743 1.9012786709241563 1.2625190646667122 1.193714707329178 1.4796094735423282 2.2766374033400054 1.3308064490616986 1.5676880358512775 2.780491071620286 1.125817208564547 2.0753126420155796 1.102285650465845 1.3176150467882037 1.4574776825655793 1.2077192574874642 1.3881339440319032 1.9628239656228406 1.6293469725515999 1.360665029273096 1.1782802243634667 1.486863662826155 1.18611218788972 1.2194727849270761 1.3314419670413609 1.4865038368939045 1.4467424175929855 0.0
2.968435276993088 2.3962716196631195 2.7350782948431163 2.632169416458516 3.1654176333661397 3.5021480216633054 2.981604720239774 2.8212732572260246 2.6284710187148272 2.526916903487192 3.2287016923716285 2.8815414380349256 2.5071005533591006 2.9000851503071923 3.8393045835839232 4.54736233682667 3.5752530109170073 2.9244368459604844 3.319477282251861 3.4341273650293562 2.6695607969795474 3.2151104604656013 3.416423586534026 2.458786074277412 2.8220102212150286 2.294165691394087 2.7109932122639444 2.9184803875806264 2.7820505322456452 2.6613731717345006 2.4929771560341356 2.6245633364704193 4.06474981163963 4.208631398779113 2.526916903487192 2.6224808593696736 2.912188963594938 2.526916903487192 2.7244707153143373 2.7872425989096645 2.980309012376344 2.5340858123434 2.9143931313471665 2.8131985370125028 3.3320969255802484 2.394249077600454 3.4534610557543077 2.7658486097088644 3.2445779676436137 2.699806446350937 2.5142099316491113 2.13839574281844 2.3851433316296347 1.395418794847409 1.7740784612623046 1.3650122571270051 2.3260287854513177 1.5286863545604563 1.8406838068001674 1.3852877977269744 1.9537750581225621 1.635908373782841 1.4966184972946674 1.6214748614766104 1.3511253293330003 2.1249642957019943 1.6724444300870291 1.163947812805749 1.774663359512872 1.1434095884577569 2.193013538411705 1.362217598472453 1.6787359031377802 1.4676588032960796 1.653475918658678 1.937677956687327 1.9959610014276548 2.2515796548773364 1.5936411981523881 0.0
3.3749468527029487 2.670650870483542 3.033354473355715 2.887417787429354 3.5712728509978104 3.9685373708951093 3.3054851842494415 3.200925314135128 2.7912892912399343 2.8292975801387144 3.686235088211849 3.2330737172976365 2.7661625501486946 3.0888783791030683 4.3404787033806835 5.044668799811859 4.042807340151968 3.331128764727113 3.8078521917841113 3.8678785500512114 3.0998382004978375 3.64080065080733 3.774754781306171 2.834429566149072 3.1709650805057734 2.583287968502616 3.089867546441026 3.3369912195172926 3.1879461587461857 2.957243055974581 2.7788220014267813 3.0562131240703416 4.523259877111234 4.693129900665537 2.8292975801387144 2.965396098928583 3.3636009750776648 2.8292975801387144 2.9221170867371438 3.180218230125163 3.3744637246327747 2.4622041991521457 3.1682950576318722 3.202644536623188 3.7627043941170912 2.651299709085977 3.887005919247451 3.0483398355303337 3.6922045019266965 3.0627614734327473 2.8840994828843534 2.4942712658404447 2.7091320077868675 1.1426962676950132 1.9946363645105418 1.5209234788945831 2.6722931426106444 1.340447454506032 2.1357418440231117 1.3939127943268204 1.5621520991544848 1.9133854908505301 1.3347593986104473 1.8587230789189388 1.6141785488469707 2.4859784976907378 1.8834892136022334 1.3529898040058654 1.5933412443013375 1.1142686932596297 2.449981738196335 1.6240394841521824 1.6826009964598478 1.6836402106427082 1.961635156668979 2.268544854395737 2.233164968665861 2.5099627679750744 1.8195797950717572 1.2204247146977363 0.0
3.3082373792630566 2.5858353333107384 2.957860754570861 2.8103055340527603 3.5082984586915904 3.9232639447657416 3.2426795842277967 3.131542524417514 2.710251686905571 2.744264970598047 3.6261501404559024 3.1654176333661392 2.6779195785417937 3.006886330814913 4.287305545482412 5.007839812008989 3.9951386258017205 3.268815906389892 3.756045679553353 3.8151920629506764 3.0302751389916054 3.589596866204627 3.711747875550818 2.776917781508705 3.1050805019633034 2.498095246453767 3.030433162780014 3.270496310149219 3.117237400335162 2.883121507022278 2.699806446350937 2.995031709796543 4.470564320950662 4.645388741914359 2.744264970598047 2.8870066659714944 3.295680870768101 2.744264970598047 2.84367177272704 3.1103735638640853 3.3119898241023176 2.375862092886972 3.0960934182640423 3.156313719336626 3.7166638678762194 2.572572395497273 3.830916097803403 2.97431404728298 3.6322183028573476 2.989092862747441 2.915555912275989 2.5348493147644158 2.7512429559930154 1.1867388132540604 2.04673240658679 1.5646531763410945 2.7189570901101794 1.3230309375952802 2.168592164163908 1.4400312482646307 1.5514075859025833 1.9610491293745038 1.3343410552719173 1.9071675161190162 1.6377719535746447 2.5185557948302866 1.936905655606461 1.3549657655931635 1.6561425728952412 1.1263130060044666 2.5158687404702413 1.6553242874931875 1.7495964336307828 1.7169566802758423 1.9924881400651877 2.304198332847651 2.2750669538038784 2.570109462235067 1.8748179995929508 1.2066411235111996 1.0911694999057122 0.0
3.0511362250279768 2.614219171992722 2.905698613324969 2.824086689011636 3.2310929582291688 3.468502029226513 3.0939556563041575 2.927113828636948 2.873115955379711 2.7227760608721026 3.25487172956602 2.9907441512040354 2.734242356065656 3.13455698358243 3.8142898193298844 4.457818510937259 3.5568776080244238 2.9968340909382 3.297353530250284 3.445977481337997 2.750595365982262 3.2336387263888002 3.508984884781897 2.5441328300652613 2.9201716060064373 2.5048189126725946 2.791728133202232 2.993345798716957 2.883636730387053 2.8227166547176212 2.6790835397553847 2.690912656259049 4.04862382907428 4.164527181606682 2.7227760608721026 2.7888378869470833 2.9811214791356373 2.7227760608721026 2.947448231473601 2.8892508671591512 3.0604180243599046 2.887466031263343 3.0893702260440326 2.8483279274183637 3.3184003271813656 2.6047409828761987 3.4714829982758193 2.935275681042469 3.2751068457958343 2.8337839989107034 2.2133845665296805 1.8191576652525763 2.069373441778845 1.476327561662935 1.5023642471305052 1.1713495006960994 1.9870573494434536 1.7397775612765425 1.5810388943741227 1.329590950846919 2.2032832295736053 1.3606650292730957 1.6247818995701178 1.3388629989218734 1.220424714697736 1.8346897550901005 1.408106673588873 1.119020745085723 1.7365775405924766 1.208442431244994 1.845993625385927 1.1731722317064246 1.493418823640307 1.2501086215539405 1.4077944923772032 1.6557980171070947 1.7386533815956362 1.9143351707963263 1.3095906775958623 1.1658648774683462 1.3433956019811453 1.3661143048186009 0.0
3.7208194983446323 3.3891976303279714 3.6456364809553494 3.567429769487927 3.8773384932983532 3.984972108054524 3.776635936988286 3.6172058904253754 3.6333107557461806 3.4823412112637255 3.856872647445452 3.674313254140111 3.5107844858360377 3.898901637776956 4.339124798870934 4.8683344601284375 4.100159837073206 3.6575673485839317 3.83198877601561 4.024169000395216 3.4193323196376526 3.8258742294917285 4.17757219562116 3.2186964646279437 3.5847737059988662 3.2730248813976446 3.4577099052909466 3.654975914558679 3.5765485676989712 3.547179617064828 3.425422006786432 3.3534646705710918 4.574753098192448 4.652251678131669 3.4823412112637255 3.5392975072033397 3.6420946312069544 3.4823412112637255 3.702865354147367 3.578439191882251 3.7281736057915706 3.628252070811868 3.816800904854143 3.4638737754159368 3.8577505029053376 3.370109755279042 4.053522133277728 3.666679950017447 3.881536822622572 3.5530443058562278 2.02431729652175 1.6962960884599403 1.8017555876981117 1.714868987462346 1.2995570512514112 1.2758503086841804 1.8115491153349754 2.257991275995963 1.46603882695686 1.6262079724136238 2.5907935116933083 1.3949749761250014 1.8767949125424863 1.232835313142027 1.5818907811940466 1.7244948842794598 1.4215003001666913 1.474616755012991 1.643545127396963 1.586508853316772 1.6191790910855657 1.336116010013034 1.2436543759957313 1.2516639383887607 1.4077469264415374 1.5518343317637482 1.5038447668018946 1.54660203560459 1.2320795415754904 1.6750846736348424 1.7313938274458263 1.8097434265264212 1.403949750532135 0.0
2.985468299081224 2.794502478665365 2.9290812079054858 2.8702124817028993 3.0991633047654736 3.221410175782727 2.9675675786341618 2.8873188840973096 2.9939798592554836 2.851707218434476 3.1414591925078783 2.9050739415547624 2.904727373473718 3.2118459989797796 3.6668456629849566 4.128277094505502 3.3396966194974786 2.9121971805968183 3.1617830428282376 3.220556189787504 2.7796751125908448 3.0284012159964155 3.3411422468899237 2.508230949045539 2.8117419401535826 2.699826704252151 2.7048354369072447 2.9397885119473983 2.8909663972852626 2.8262604454295595 2.7633755846467793 2.6966677742400926 3.774864133040446 3.8945731836175552 2.851707218434476 2.8818766833521154 2.9998818917547925 2.851707218434476 3.0189553967618927 2.8694666348765914 2.9643528148236973 3.3206672550993637 3.0542234719688377 2.665831025659308 3.04139330770025 2.7456536085657888 3.2578093757308886 2.9318966374414748 3.143795080952335 2.8564024958439207 2.274432776630725 1.6889306200259218 2.139810874486271 1.9896271600924431 1.778773469820195 1.2592048281791586 1.694547689472923 2.08869812318682 1.846675835804393 1.358117546252827 2.7413994738065797 1.2515097773076123 2.3745888166145437 1.4047420842388079 1.2702271095597009 1.9301288914740764 1.10853896580137 1.5397507401742954 2.353037839426501 1.7206155042530642 1.3914137876259567 1.5012346983994584 1.9364319109860604 1.5073896161288327 1.6655089441336122 1.8179133325697356 2.0756478090447197 1.949696035266222 1.3237140406685501 1.7071975850357577 1.8834892136022334 1.936905655606461 1.4693346242907752 1.5212810916891664 0.0
3.0251715362492515 3.2468660152407316 3.2875543937220724 3.327337577013911 3.0969753347867517 2.8818276627279054 3.212445600602309 3.029820240457856 3.606395436323097 3.2359419807601357 2.9533220107114784 3.104031994808055 3.3735865261604756 3.7603854624383075 3.2108015894243143 3.5070908362013142 3.0134731900765543 2.947026296777541 2.803342399174166 3.0481006827654413 2.8044740588643915 2.912723450695059 3.4430210403600627 2.698686869190239 3.0168614083033685 3.137798466555364 2.8443267260266545 2.9503929433140637 2.9746474401830056 3.196286169068085 3.1807138530900936 2.709493962445487 3.4316700864935514 3.420960712797383 3.2359419807601357 3.1630951432769536 2.921166528573005 3.2359419807601357 3.5676162454735905 2.9834307911796714 3.027810928692487 4.174748554825738 3.4763943515809888 2.7172036389365353 2.8520937167507276 3.2269363343783923 3.093028905941239 3.316729548177099 2.985460163143185 3.0709305149191826 1.7130563446088916 1.2792626562076708 1.705959076701532 2.872770359226739 1.8669215730740654 1.8399829187357364 1.1699354974834715 3.06419065121323 1.787779298708439 2.21791143996422 3.7522273879566796 1.4449773399691694 3.095812605479156 1.6141785488469707 1.777981559957502 1.56327645733997 1.509662522165262 2.1276001407953076 2.9928180077813247 2.508169537979521 1.2236204277874112 1.8300072748137683 2.389272962922493 1.8444551349103784 1.706523626910577 1.6210500057724027 2.0336434574807263 1.68654029937154 1.5893710944999422 2.382211599272048 2.7354134655729436 2.7786919606702623 2.060498407667857 1.97746423663209 1.60396820024194 0.0
3.5314838076926445 3.559005520115205 3.741521664051942 3.7577300730540006 3.6657602782726424 3.5104826394077313 3.7921661072665667 3.5172219239832536 3.979560417776738 3.587405852550049 3.472006580429823 3.636510063766007 3.698167150991859 4.183583780771325 3.717855506103198 4.163400537180585 3.6264745530435682 3.469762144276241 3.302242055760648 3.687291724824983 3.1950073388370424 3.535879902086123 4.071221925767343 3.1662223930942677 3.556942377451066 3.4261856023997055 3.367111467069654 3.4359941221529233 3.4119518344239057 3.656283802713122 3.5696329578017254 3.127197613617054 4.095208217922974 4.055798645868204 3.587405852550049 3.548583769717443 3.3232049624901476 3.587405852550049 3.986592226120273 3.447659426223743 3.5693700195713016 4.2630501506663725 3.986592226120273 3.319768859988101 3.5245527392656455 3.5745787025463653 3.7181346382054943 3.7926605006339407 3.5286306580456857 3.5090318379934216 1.1717932313155082 1.1699354974834715 1.11435787423105 2.6341813858584655 1.3092052312137015 1.7894967731639837 1.2792626562076708 3.1010872602937125 1.2130034150723163 2.3567994616477845 3.576330443271207 1.4980480125475542 2.611024163492163 1.389296944545872 1.9029505035975665 1.1029599012865463 1.7358266575297892 1.9402693801080086 2.426405179534116 2.3146998901479208 1.523845505799218 1.5518343317637493 1.8291192600767077 1.5284514373213656 1.2795843590607057 1.1334679214454126 1.298945156963714 1.1497492342485294 1.4548735952657865 2.207886581530375 2.5390159426359262 2.5813966551238323 1.8917258865857616 1.6778899864986692 1.9281632505386603 1.5497351326619788 0.0
4.029917322060013 3.452054895834714 3.8351470652284214 3.727532415929285 4.236267018276023 4.479756792225071 4.095668036067333 3.896780403353559 3.6936486569402884 3.595366804828828 4.231898153725175 3.977781881624341 3.569314948041921 3.9900462791847016 4.760090329346243 5.447566276699875 4.562723007241564 3.984626161119676 4.251587578172762 4.474795053271414 3.6784149758568465 4.259401417784952 4.531620671654308 3.5136781013414775 3.9126192096392605 3.3384379904143886 3.782746418356735 3.963807111663911 3.830269829312937 3.759785451932858 3.573590737378894 3.6333877290045673 5.074233428792171 5.165798340955155 3.595366804828828 3.6925293280066778 3.906783536633834 3.595366804828828 3.812664675283333 3.8493968607126092 4.054817279517949 3.3175870013368924 4.031119764885976 3.8713866467690448 4.358542426434781 3.461136078963674 4.494714381915865 3.872414150055159 4.264728993409977 3.7750751414205914 2.504646770791254 2.365274163794523 2.2968857327326595 1.4702030951586351 1.6277645241377083 1.7437283458953696 2.5902769940302464 2.155951830084289 1.8008069573912178 1.9752207939897262 2.1332496323354606 2.027543625794819 1.2502479131618869 1.7896790541731356 2.0060394583143646 2.2021246285989085 2.1414309638532956 1.6058020786069764 1.1448734812901304 1.501234698399459 2.4952435282842713 1.6184193764722168 1.238670509503593 1.6167654319520444 1.7651491014345615 1.9857923672953168 1.7160655958824163 2.1028156176745427 1.8172355764459642 1.6118604678306994 1.5325988406861932 1.5739514361865654 1.5786255140266348 1.5725909201126098 2.248452682055114 2.8178527450243918 2.220430516821178 0.0
2.751003503840982 2.565481755775334 2.728287524209193 2.685632463001607 2.8841877737489066 3.0120081563234673 2.7971825594742463 2.6601138940700086 2.833725637766242 2.6194304141471676 2.8936922787169386 2.705988375031244 2.683184617965242 3.0486090859000807 3.4114411643255895 3.938205456240709 3.1216669358083817 2.6842191228335555 2.9062452101847374 3.020263518074117 2.5065957412223048 2.8267231982389545 3.1636032018174904 2.2871931506083016 2.6203855092117614 2.4605953528107682 2.493968951850813 2.6952734301577776 2.6370361037057415 2.6323740609219652 2.553265184371894 2.432074703849476 3.57807224967145 3.686162387990227 2.6194304141471676 2.6395453794248964 2.7191017940190476 2.6194304141471676 2.855574830716649 2.629583189084909 2.746704286313384 3.17450167764096 2.8928354503687284 2.479653722635504 2.8587938071542944 2.537505360166519 3.052877425408626 2.7467526758927603 2.906348786371876 2.62159515236453 2.096574337109793 1.5635942688192865 1.9952384783584824 1.952400233002962 1.6503086105846076 1.204467659153678 1.625865548395299 2.0444462783173405 1.6651388379652483 1.384624294921842 2.706544758809683 1.1724509279762088 2.234025004993854 1.313171474198777 1.142156761095127 1.7454362974018047 1.1362270580366085 1.3661445405807409 2.2905415723402847 1.6096244079690958 1.4515634620260986 1.3246117866992684 1.8719813622752985 1.3729753520967185 1.475208450966717 1.6385010914341722 1.9168245125080456 1.8668435019024645 1.2567679598605404 1.5210360849188675 1.7918598114806992 1.822038213446572 1.3194713351011516 1.5381487472647384 1.161782483396063 1.5713374552397055 1.7848566938721118 2.131303749325361 0.0
3.358652822741201 2.749205688898425 3.070136920881093 2.939882281540504 3.540787714177188 3.877384053315544 3.2946121054824373 3.1984942118428177 2.885159687052263 2.8947869894888676 3.640259261158979 3.2286643035225766 2.854216472008553 3.1740936589225814 4.268540059931691 4.921777918203168 3.9599051446902522 3.3041732407589377 3.73641429436249 3.8009745604133016 3.0931488097834974 3.574955469239142 3.7528257156749203 2.809312481383059 3.160335831152258 2.6595606610389226 3.0627614734327473 3.3185626543900955 3.1875347685548894 2.9884750868223198 2.831014523559557 3.0309404285625634 4.445649579980573 4.60066170652137 2.8947869894888676 3.0051639237538676 3.349183315054894 2.8947869894888676 2.9962408030094823 3.177771286254151 3.349788384327928 2.6798623628395584 3.203528511523607 3.1376396570108667 3.67749746273807 2.7177206309467294 3.827785767444364 3.082846456061417 3.646303943301664 3.079769422760324 2.6968611464150865 2.2656452640264493 2.5112767434761567 1.1765718662607052 1.8181796848635434 1.3385168420314923 2.418843743734564 1.4374410750684588 1.9798441439557344 1.2397479913525782 1.7641614548415725 1.6810107614097698 1.4746747489339478 1.6526238814705654 1.446827677786824 2.298046664207742 1.6350780598038035 1.2943168919659795 1.5879049974850656 1.1212439323757684 2.160542438989065 1.4766846378419156 1.5623151881932962 1.5350356242457353 1.8014456964911874 2.08670069747552 2.0874625309596273 2.2853679003493776 1.5949651842824037 1.2324021076086107 1.1426962676950134 1.1867388132540604 1.2397479913525782 1.5159840556210533 1.6350780598038035 2.4720267486367296 2.3322920636125 1.5413262049617065 1.5895693427165332 0.0
3.2595263687818967 2.727190607139072 3.019413475823952 2.8964426778803274 3.4313330263035327 3.7337947683590893 3.215602158057448 3.107338666204785 2.882824616956682 2.8445902671128844 3.515023735072297 3.1342609785751256 2.826909633007331 3.16185799154261 4.132875950018671 4.7589158598735875 3.8329419113196255 3.208752787878167 3.5972812560722516 3.671346837023791 2.990153606442535 3.4573619342055584 3.6638843074052447 2.7343173122973448 3.051136225027977 2.626967884253406 2.9747213495560505 3.214179800488478 3.1002315930212605 2.9230961959236086 2.7812310086029104 2.9463415980122196 4.290076411415378 4.445265892061182 2.8445902671128844 2.957701286469499 3.253745827387366 2.8445902671128844 2.9803968366203475 3.0860036796868355 3.259675679399462 2.805566176973875 3.1549503877517155 3.0455357138682437 3.5336184281364753 2.701853511824991 3.690919115918441 3.0280669791731714 3.52128340475531 3.0071801395217648 2.549402247084192 2.1085184023704024 2.3712503605294386 1.311900336277317 1.738098889313653 1.2097796567654395 2.244825769149473 1.540545399777308 1.8597736381108323 1.2271094122973785 1.9483193395236698 1.5589409542240122 1.5858154257230763 1.5095832079196263 1.3751298640789034 2.166128783978324 1.483364749975053 1.205843346834789 1.7044325499137025 1.1560661147135471 2.001686007722397 1.4077944923772028 1.5491010698173031 1.3935437678417273 1.6916828151362906 1.9678693816642703 1.996597251427716 2.1655459809339614 1.475770755718379 1.2489714078346579 1.232079541575491 1.2696116059955223 1.1986062499277887 1.4232830555120188 1.483364749975053 2.2899778582572456 2.1926338026719665 1.6152303057656545 1.4449773399691694 1.136971342712422 0.0
3.165540467012313 3.05417024180386 3.2428046781942648 3.219781584978364 3.304236948626466 3.30427267382432 3.3130603373429697 3.1053681818663685 3.3926896200846794 3.099985180940848 3.2176535715200574 3.1860280405205197 3.182314524486756 3.6128599872407015 3.623191335777992 4.120644557075447 3.4234744863880686 3.102110279445443 3.1442656837170584 3.392301655537616 2.8632477270609478 3.215822221349408 3.650266067247325 2.7355358850793037 3.098033337031733 2.9307504197552796 2.9471187790848847 3.0883606366940395 3.042986863940795 3.1471592451085284 3.05737872873225 2.797442814452408 3.887241163926813 3.931049886183971 3.099985180940848 3.1034362687628776 3.0481488982942957 3.099985180940848 3.415697083293684 3.055322705634087 3.1845869330399013 3.6617964225737496 3.446908164414684 2.92321227112165 3.224050592046966 3.049170202557581 3.421697324269478 3.275875314181491 3.251694834810537 3.077694565957913 1.60523174146981 1.2397479913525784 1.4865038368939052 2.1109688417423955 1.2792626562076708 1.2805259278350039 1.335349731276485 2.4566344797225375 1.2680716944252133 1.7319710168218763 2.9948599665750324 1.1392467306026286 2.2371452151339706 1.1076610799114832 1.3897397782397098 1.3285908680341871 1.248075397650606 1.4634199226717695 2.152292218950375 1.786022014901656 1.3162617788570068 1.2320795415754906 1.6167654319520446 1.2069364656638941 1.1841464231962955 1.2450334056745558 1.4548735952657865 1.380571308714506 1.1219981562481454 1.7116181705127724 1.9972228463953599 2.040800855550799 1.4183741279679014 1.3478586518256546 1.3820462604736152 1.4539412891310213 1.3314419670413615 1.9705070147121688 1.2787889572503184 1.7807452025153632 1.6240394841521826 0.0
3.2225232404282576 2.7154911761811182 3.0337257004959857 2.935275681042469 3.409146541391877 3.676235371491438 3.246642990853004 3.087014262373226 2.947448231473601 2.8379371336104033 3.446322048192478 3.1463859985193845 2.8312244189408 3.222514574330075 4.0214970785947 4.680251511638138 3.763169962231768 3.1711572556452716 3.499949402315204 3.642087471541819 2.917961912791253 3.4262756889559958 3.6771134091723967 2.704485912259362 3.076230523303274 2.6078599273781453 2.95786075457086 3.166839974728489 3.0468819963555833 2.9510564646326727 2.7948879929389805 2.8640308332685933 4.254724344943258 4.378147218809556 2.8379371336104033 2.9230961959236086 3.157336925538119 2.8379371336104033 3.0386952697663587 3.0511362250279768 3.232313362257693 2.852019511710356 3.2100803086431604 3.0290693158745774 3.517947045307698 2.706367683183138 3.6653467965816002 3.061010143973743 3.4654394433185876 2.981839397891338 2.3322920636124995 1.9653967728797277 2.168592164163909 1.3421915046416029 1.5413312817493894 1.2235729885889908 2.1438298918428966 1.673656926951977 1.6508732353244955 1.3507750135148762 2.046324765230889 1.486631126520339 1.4679088944595065 1.4183741279679014 1.334094863057322 1.9542029355386787 1.523819194956127 1.138443514335926 1.5805710274615727 1.1414573233843595 1.985381595316921 1.2384431249647916 1.4171158486425193 1.2941823434687685 1.492308961340032 1.7570984675730017 1.7687805226246625 1.9928880043688066 1.395418794847409 1.1553341312599206 1.2436543759957315 1.2707085322454728 1.1076610799114832 1.39651242157623 1.5805710274615727 2.239038383076146 2.0030095346934678 1.4450341909521633 1.4512528398547162 1.1717932313155082 1.1636177359778903 1.5312015820980385 0.0
3.378244427899931 2.5150623946148607 2.877954365073771 2.68874067521675 3.5688285288882593 4.099577792816945 3.1846341135388068 3.169640028902034 2.478564378475126 2.7023969059937216 3.7812133341636045 3.161038553066495 2.58136227962418 2.7788220014267813 4.512265438273031 5.236141829315997 4.1559826844136 3.3396494257558236 3.981930708367749 3.9205796757926565 3.172007596827368 3.686918159433279 3.676235371491439 2.835981821560193 3.1131061438673666 2.4653661389505763 3.0739964461562566 3.3670362585489526 3.1976540980641786 2.8149031434910365 2.6343816721337223 3.130102296472697 4.611865174384827 4.83576945123617 2.7023969059937216 2.878032051922711 3.448334337882981 2.7023969059937216 2.639225515392367 3.171955164507521 3.356291295081655 1.9801304833224074 2.9460186614818156 3.214862354179544 3.8382708983472513 2.471903452726999 3.9391677206952505 2.8738960095877832 3.7675990642134014 3.006953797756993 3.505780393430553 3.0467773853043787 3.3402388884743837 1.360584922346164 2.6059187377272335 1.96199811242267 3.2034569630025276 1.1128167021070134 2.7492548246317137 1.5743543829230036 1.2903460198708339 2.3826926166453615 1.6882820702314218 2.4051372259720036 1.9521898325221738 3.0835044888379675 2.2847917520958596 1.7814242771708844 2.0580621727249913 1.430580126582028 2.920704241084338 2.1446009673566127 2.26395197670249 2.23343742214031 2.540546604387815 2.8671057541162073 2.8757290354333422 3.133442615122602 2.3374738098838352 1.544148256988663 1.2995570512514114 1.2815849612880954 1.7754067676313665 2.272672703886854 2.2196036344104955 3.1945960018925312 3.1473948482927634 2.048945176186994 2.1644894127018417 1.4371432287713501 1.5746487255982564 2.5285352027321797 1.6790700022394618 0.0
3.1359560253151404 2.6909991797887782 2.9584401574151498 2.861331551880508 3.3024268383174036 3.550229115579536 3.1255633399373672 3.0024414122139755 2.892835450368729 2.7992878054994703 3.35793917293829 3.0420970026573766 2.8034371119204846 3.1580372947103506 3.9399854737724693 4.545409844692953 3.6472740181936425 3.0775367120394055 3.4142218538694653 3.5136272137903783 2.8650542544786424 3.3004036911732055 3.5527086558100756 2.6144755087302816 2.9629375718901985 2.588701335326453 2.8551466198023183 3.086135343969713 2.9830982774928976 2.866846053963255 2.736291689240036 2.8023982353437322 4.121897315999286 4.254759807629433 2.7992878054994703 2.8779302592096903 3.109048390968362 2.7992878054994703 2.969941914719982 2.975425390204081 3.133217478503156 2.9145703472233055 3.110837876386536 2.898611333998457 3.3720048701597536 2.6643410816338067 3.540787714177187 2.9743903906842326 3.3688519933788625 2.9148572984287413 2.341911001200787 1.8832644681943098 2.176161975875869 1.4333547466442829 1.5917830061733413 1.125817208564547 2.0133668224166423 1.6700166629460451 1.704178972967404 1.2047518371397568 2.153255394361167 1.361371903878303 1.7065236269105768 1.3599597517106825 1.2250448379235577 1.9579553904303713 1.322989780697617 1.1779892289836953 1.7707622025510399 1.2176063807613684 1.785914962764664 1.266355208271948 1.526864309178505 1.2995570512514112 1.5255100280721718 1.7749488092976549 1.8632058413292598 1.9778922139766177 1.3105234617191672 1.245945020985772 1.337018911866819 1.379546539457748 1.1292684159036 1.3500130076229844 1.3450013275613248 2.052687848938738 1.9883039532592979 1.661091558423096 1.2865814106094966 1.1882499074120818 1.1263130060044666 1.4450341909521631 1.1456988897517384 1.724217356848824 0.0
2.7467042863133844 2.572311685786629 2.746604742635108 2.7072744589961957 2.885180510506289 3.0017004668588525 2.8252400325111813 2.659974807551112 2.865642735588396 2.618295010862172 2.8731971440653883 2.7154911761811187 2.688747568230961 3.080603825264587 3.379598595918304 3.9207549898889793 3.11587655137722 2.686255151951082 2.874302277083042 3.0210029367790163 2.480301232010438 2.8336198313414758 3.18707319832113 2.300418498410586 2.6265066550951484 2.459130358699155 2.506354789526133 2.684219122833556 2.626967884253406 2.647692532070856 2.5633342239822965 2.421969189987117 3.564907316642097 3.6669747867033364 2.618295010862172 2.643078150030141 2.6942332709886405 2.618295010862172 2.888370185467863 2.623852985600476 2.7552040941982483 3.204846734846807 2.925213096064504 2.5059442032391144 2.8610958870005794 2.5569430599525096 3.0468819963555833 2.7690848576938722 2.891026357275293 2.622687287280712 2.0038722411921497 1.5127432023525997 1.910982822974008 1.9705070147121688 1.5909911208781438 1.196122850268171 1.593110949188594 2.0901035163474746 1.5754103316930137 1.4551093706407658 2.733470050457138 1.1766158741540962 2.193483888426092 1.2682937670523193 1.1713495006960999 1.6655089441336122 1.1702492603884007 1.3187546952851512 2.269112660206624 1.6030862433043123 1.4770668815867138 1.2843082872613871 1.8306755088818212 1.3038675197184033 1.4012848384111678 1.5625048182287349 1.8293046259373535 1.81035443681307 1.2411623126466178 1.501493129302097 1.79599194735873 1.8183910127159912 1.302245385968143 1.5240359360341444 1.2194000795728996 1.5699330760681804 1.7112140796264197 2.0863151213373894 1.0978763729821002 1.6117574012561924 1.4486375627503396 1.235280685779599 1.4333547466442824 2.2010050513720127 1.2976998160242197 0.0
2.914857298428742 2.6520412364566224 2.8591191392429276 2.8023142171977935 3.063228668659937 3.2127017317647195 2.965185479328321 2.8143169590530754 2.9191349633956047 2.7228053590319137 3.0694396543187024 2.8668460539632554 2.7713659232211216 3.1529709042359015 3.5929331507840527 4.1495830800216265 3.3196285045115776 2.8519125322217174 3.0822614950285696 3.219500130100702 2.645148043251959 3.021002936779017 3.349110160886273 2.43434461845867 2.7827057297648774 2.5424117353622635 2.6566120779678957 2.8560533841537925 2.7831410733388977 2.764235949499125 2.6635150308219884 2.577151171171603 3.78651701183999 3.8920913879141703 2.7228053590319137 2.7598164336213196 2.8654670740130896 2.7228053590319137 2.9595975468518656 2.78020115445838 2.9169483969975105 3.146958050148118 3.031104798172909 2.663359504222625 3.064314235618011 2.630574621480979 3.249120269718899 2.880721366121521 3.0861353439697132 2.7597659160746266 2.05703310494577 1.5715288570035724 1.9303035091116765 1.7803082411900946 1.5113520571557104 1.1192777735094266 1.6708793581249126 1.9661988107222743 1.5527669622604259 1.3408024439229997 2.5575153788019547 1.1625603375114508 2.023508659219137 1.2260368353906463 1.1407134516009623 1.6978535314530618 1.1561163239410337 1.2481197835967814 2.0637917945865594 1.4628106297677503 1.5031056761708288 1.2130625037758127 1.668238927475313 1.2476833147905029 1.3757785883794642 1.5630461329477041 1.77027059855914 1.7819551741133213 1.1834318082736404 1.402168321089389 1.6396407672181061 1.6745002028557343 1.202244370234896 1.3906663438955922 1.2058433468347887 1.6809580187678839 1.7327636636018304 1.9076976500851883 1.1142686932596297 1.4486375627503394 1.3194713351011518 1.235965322893356 1.3026740366147116 2.0578468421772578 1.18279457612218 1.113985862345746 0.0
3.1509768220524133 2.9595975468518656 3.193831186050353 3.164307516602833 3.3109588139520616 3.3606342326435357 3.3103881088356113 3.0810697688660147 3.313808457858773 3.0221013427841448 3.225957943463687 3.1746783950043853 3.0908219826018715 3.5450559744291055 3.6505683974036907 4.21472834411171 3.4667294533347848 3.092841242991872 3.1673800478047855 3.433798994415117 2.8229803752508174 3.2484231852323795 3.66179642257375 2.709039190300825 3.095775434896409 2.8337256377662423 2.936619023780722 3.071810354039726 3.0052153947322506 3.106057553775325 2.9923383722429504 2.7617119727740462 3.9517956676684314 3.99917130436668 3.0221013427841448 3.0345675098164793 3.010376175601276 3.0221013427841448 3.350471999102462 3.0257747612106787 3.177126651317735 3.496136927889355 3.4138015869327996 2.9427244870627844 3.2848053998094744 2.965237644257792 3.4606516087069 3.2349497822268796 3.2644130791108386 3.0323895367702907 1.6311677636916757 1.3389772327006766 1.5130354955752496 1.9612089007429985 1.2058433468347887 1.2663552082719483 1.4996254885208675 2.3385790060897134 1.1975566154658006 1.7092428480909176 2.82562339242283 1.195068412595772 2.0093151995758527 1.1197491481154298 1.3627630885119486 1.3311204030095638 1.354361200716668 1.337059801016394 1.9687627356427715 1.6359427696492341 1.5156398472869752 1.125817208564547 1.4923555415505854 1.1434095884577569 1.1085389658013702 1.2161844658775982 1.3602744982405597 1.4232830555120188 1.144960278456683 1.543250772141641 1.837987920903874 1.87088110199693 1.2993276246623087 1.3437155855951814 1.4984593892349831 1.6540988650228365 1.3682991548628496 1.7651491014345615 1.328590868034187 1.6659512918796382 1.54660203560459 1.1334679214454124 1.3904506390155587 2.3855672495275173 1.3842306767908927 1.2693461035086628 1.2411313614501098 0.0
2.9993464592727643 2.244717326005772 2.5703665216670606 2.415749631284318 3.183591495982163 3.6652831808737525 2.8375823827520725 2.809469089599974 2.284185688703213 2.4199068715002374 3.3740260403812243 2.8136794855890925 2.3325054839974837 2.5666343933019267 4.077841202037925 4.77986431935712 3.717841549988273 2.949954537170855 3.555869032837431 3.5066726025023276 2.7981211774670665 3.270900840236077 3.3095722495431596 2.4513692534294886 2.7702462211616505 2.1910473335314684 2.6918793594697403 2.985048722983249 2.827253353064366 2.5111848169178725 2.346734389612323 2.73083233629925 4.1943196597386185 4.399026190804953 2.4199068715002374 2.5494585804530825 3.055764716331092 2.4199068715002374 2.4095938712779184 2.8068549860279313 2.9704588530695286 2.048643392260076 2.662945474287045 2.80156570417477 3.4206972902135933 2.195066451484463 3.5350845268680633 2.5753070802490896 3.36313000893979 2.6614012989008806 3.191259305046039 2.698017285238082 3.0493642727118777 1.418357923136462 2.373616136597311 1.7254919450158719 2.8421804203832 1.1527334849952664 2.4954420689884866 1.3477758186809625 1.6191432413824989 2.04710951795156 1.7837959153884668 2.141299278242373 1.606077435949191 2.7650881025016147 1.9697723954069903 1.5850193027215544 2.105394178017609 1.3413067209219767 2.574542780020757 1.8742290940605053 2.174447285378542 2.017932144134744 2.2635648742793206 2.5693501750329157 2.6642716542646845 2.860606033804506 2.0543246719104085 1.3602744982405603 1.2905592336186824 1.2784062941691337 1.5436767337730373 2.1051672469545304 1.9092136717669403 2.8029257449859686 2.840324467117086 2.049738216443081 1.8265475426001676 1.3407273656625172 1.4524729848192246 2.227190206487108 1.511203599482924 1.2022443702348964 1.5120043777526329 1.8762446459943214 1.7579031277952566 2.1021433358204624 0.0
3.002441412213976 2.6487942088281335 2.8922434554766556 2.8194529777756836 3.163657045986194 3.3596866950319324 3.033725700495986 2.8875619580581247 2.8977650544566127 2.7404414142893465 3.18753476855489 2.939882281540504 2.768258860953279 3.1471592451085293 3.734965659699626 4.325230687379648 3.4583386203688598 2.9413715261791458 3.2185840878688414 3.3483120914132853 2.7253214708527813 3.140919746391112 3.437444578687501 2.499901599192731 2.8612855433176447 2.5415704409131803 2.73526767702834 2.946484297139706 2.856053384153792 2.8019479987335267 2.682746700300707 2.6569422791400434 3.937639883022704 4.051703269892366 2.7404414142893465 2.792960666401917 2.9534209823942983 2.7404414142893465 2.955594401064917 2.8543217363959568 3.0033950618824874 3.0215894727543744 3.062369385111659 2.761282319044525 3.203420698990177 2.6273010638362106 3.377760014782662 2.914709755562594 3.2036150627909747 2.814316959053075 2.154480752278448 1.693272049119589 2.010550651687563 1.603363855707063 1.5032435208603532 1.1053829019989707 1.8191576652525758 1.8245653542433726 1.579156719889168 1.2731616768357443 2.3640097411841574 1.2310248752404032 1.8408614422409606 1.2618575376003203 1.148565940528954 1.7794976305345651 1.2328353131420275 1.1806469790330067 1.893609571664493 1.3224277187079876 1.6359083737828415 1.1867064426067457 1.5673848977177045 1.2404584285363365 1.3985761264178211 1.6186178523633854 1.7670169403895206 1.8414611807741814 1.2151930443913337 1.2869736328047252 1.477788854013005 1.5142395993715787 1.1263130060044662 1.354529933497923 1.2795843590607054 1.8539893402828322 1.8181796848635436 1.751130552129266 1.1827945761221803 1.309205231213701 1.2204247146977363 1.310479168404571 1.1914368885677311 1.8949247821311161 1.1142686932596295 1.1852595524239014 1.1076610799114832 1.2663552082719483 1.6251205463394267 0.0
4.479881686736786 4.593530508831669 4.674802446954419 4.680161549860242 4.550177788747973 4.298071408876495 4.610824894454885 4.4700639588972955 4.8885403320486 4.620705583192769 4.415053378143961 4.529441943238144 4.726382563263746 5.082281794814443 4.619501093347383 4.788882892777229 4.431427853443081 4.392209984062972 4.238747916888092 4.485725701311316 4.256800874918604 4.347015985430924 4.869051266108373 4.09413814941474 4.43748224820851 4.4857608515145575 4.262930831761457 4.408786052612613 4.423914546564318 4.579407773372913 4.547140454613277 4.143476060671628 4.843824528280776 4.797702813416902 4.620705583192769 4.569866126003745 4.381271798453007 4.620705583192769 4.880955861626949 4.428818180501016 4.467581530961317 5.23215871531114 4.836874141940765 4.117087553786163 4.273883282942183 4.555047648984343 4.540018327345702 4.694415574955213 4.446532102165635 4.4969091517139015 2.218622293510022 2.0088965207331366 2.0913773965078737 3.404150473478254 2.2958807947294204 2.56811317813792 1.8595512594694816 3.8694710004299866 2.371307052768779 2.9551800570039917 4.353419434716158 2.2370529279245552 3.6476485586968836 2.2505156049414627 2.7274846290856294 2.209019003087835 2.2734914173855434 2.9770133668795444 3.2344002695464957 3.236003879440036 1.7642044716512644 2.5867530527706517 2.656719753593864 2.5251600517841477 2.409642875381356 2.246047650333304 2.4029603576967724 1.912534977166899 2.226281302467209 3.251756613867592 3.426558040551688 3.5196712903130396 2.8554049286283187 2.287619591255678 2.374568616700075 1.9556842174972704 2.058019522744218 3.1910751591449587 2.523706360415862 3.1081403578817985 2.9704883525390318 2.185703384729253 2.952434687858777 3.9488986451899373 2.7740267767647433 2.5476879020490637 2.536418030610811 2.409642875381356 3.6538678453927935 2.652355485826124 0.0
3.914512576181395 3.584427196166584 3.8124362126923 3.7298569776188994 4.056345417999119 4.162652015672079 3.917211516211603 3.8084593751591123 3.7774027768377834 3.6867151924088066 4.0657788211322785 3.84750685840015 3.705678034172398 4.039089366610206 4.551703117425082 5.0323482939095685 4.2730527484638525 3.8409632943017953 4.051135367538884 4.191555351237562 3.653344264625701 3.988584070514378 4.3171040481890985 3.3952592460674116 3.7620916601150682 3.4832278468049385 3.628845607835616 3.859596678039837 3.78541110557911 3.718398547801901 3.6105743394179397 3.5627790274411897 4.750759343686837 4.832935245970632 3.6867151924088066 3.734542971101695 3.8702287681392704 3.6867151924088066 3.844351248466485 3.7794362039621197 3.9007373588022984 3.766570527711997 3.95421216400136 3.606073000679048 4.019170089749687 3.543537786935421 4.232015200208184 3.824894739613583 4.081996116830395 3.7475736414227625 2.33410515805156 1.94204435392902 2.1057236540584925 1.8745062542998416 1.6253279649571502 1.5225784991393398 2.0033443507765543 2.3728243805805467 1.8352821635431193 1.7139602497672566 2.7023524141286828 1.5957562408967885 2.167976661953332 1.5302057964120994 1.7703398284474083 2.0366367235758083 1.5636387261084002 1.798556369584006 1.8649137288546607 1.8319816342861 1.7061920091630682 1.6463789701434566 1.5433941325938183 1.6111273031187299 1.7559296580322536 1.8770907596173438 1.8692999309528737 1.804120794521521 1.4755437656763588 1.9512797064852352 1.9437449269683458 2.039436656610731 1.680465304692965 1.313632590936972 1.618995336534387 2.1132589438452976 1.9711951941981263 1.8750608378825737 1.7313654245342236 1.6944632513413644 1.6439110561192205 1.6243059488115095 1.674256755063058 2.3990703968219353 1.5666077317924052 1.7654596175697839 1.6200012826895602 1.6702263042475045 2.230973430546002 1.5890886119451535 2.2430969941457235 0.0
4.664136119830916 4.652820786904766 4.848495655222396 4.846091375348237 4.790107949226634 4.5863520156018245 4.892449426600025 4.646115310878418 5.029840310601134 4.699852029743137 4.595850108208344 4.753634431630476 4.794114744589371 5.256383002441389 4.7930946357094495 5.136474679700794 4.708809842111162 4.595064253742263 4.4004438882915595 4.786978317978584 4.335732743866082 4.637560939558472 5.182898089166057 4.270652253511209 4.668173834094515 4.5219793834538375 4.478897704551931 4.570971586675864 4.549687384159279 4.758624801896957 4.668386265670849 4.255613473901765 5.168021446964393 5.100209826806925 4.699852029743137 4.671897029894683 4.464781651045061 4.699852029743137 5.053712860094428 4.580877614173624 4.691570176003909 5.171668503050029 5.074859899679145 4.408650764141105 4.6069138766306565 4.655090268084483 4.824249065278629 4.892141009094842 4.651418715412898 4.636739823831258 1.7472362811572724 1.923798311940423 1.6028872621295993 3.18861692151744 1.8500887369063033 2.51856841924112 1.9572102614203661 3.84999358363347 1.8933230385186575 3.071448456977116 4.158701475076569 2.2764671105840444 3.15811934697092 2.0846285653165344 2.7722080871076384 1.8369397892418717 2.4638955971466614 2.7592909712019886 2.7172877602179666 3.0290906869490644 2.0944044528389725 2.3382279783646114 2.176070476637657 2.249320517670231 2.0538657252363706 1.8582075590414304 1.7595205466662347 1.5115345786093137 2.1441634620089634 3.0331200281460666 3.2174717282850795 3.2945654884297118 2.6773200817203193 2.0997213042166183 2.6477173743851634 2.2826542391676385 1.6993265059428753 2.628424661612726 2.6398257795664217 2.980292250377738 2.8730261034535207 2.091165137026868 2.723372821074761 3.858400554887497 2.7087684188121095 2.5929866632276037 2.5462285358095746 2.1652199213456136 3.6291521035374696 2.5994425447667533 1.8851766797731393 2.2564943122060526 0.0
3.990707395667135 3.849030375999106 4.04958983946232 4.009073802898058 4.121759594889467 4.074914849395012 4.114574719902702 3.92878714051189 4.145354052392518 3.9086684081669163 4.028861986368506 3.999451285152191 3.976331531484775 4.38457518545345 4.391622695581162 4.81197116709836 4.203045009157451 3.922997083941715 3.927865381212328 4.187020215471252 3.691339813695011 4.014917747926698 4.459704678064832 3.544742644720497 3.9049486510415043 3.7267012288913355 3.7598310484918107 3.9140349659533937 3.8728602928327867 3.9489219419505295 3.8563086760003378 3.6202588907228623 4.655447484504605 4.676858826580928 3.9086684081669163 3.9246919233361974 3.8763486035534567 3.9086684081669163 4.1847786986441 3.881794311237441 4.003974606060565 4.278722804096396 4.235652419025983 3.718403258418432 4.002618166238055 3.834705121668977 4.219602743206575 4.075390436084508 4.0633336447963915 3.9015176781722363 1.8030965908951813 1.59837114558815 1.6025244178389484 2.3745789747347406 1.4500168086139604 1.7078734670284264 1.642913859971959 2.923098650532189 1.5488615001548065 2.170970055690233 3.295782967988169 1.6090881191083852 2.4902550578682177 1.4520871008301954 1.9890577032438643 1.6439737630818312 1.682596504397385 1.9815150237260537 2.1671833355590895 2.206583251833016 1.5604894944580896 1.6981076255834333 1.6377157858524638 1.583605732997848 1.5826068987788275 1.5618054190874007 1.5541705019465857 1.3904999510460683 1.4799721454218029 2.248136477707633 2.38418544167429 2.4623697030938523 1.9103337792502146 1.4169139618286317 1.8168499902582713 1.8554177828169844 1.542053863682866 2.082504309183604 1.8558014248086572 2.137212825577782 2.0051953938985707 1.4911555043599647 1.9520244455250968 2.95586226833764 1.8737298056875635 1.8301629603527274 1.7623315717742465 1.5826068987788273 2.741388658001718 1.8036455975495291 1.8994767606219756 1.5911951054455042 1.7408004277305222 0.0
4.375549001163831 4.322920878810889 4.4931043481837465 4.47229618679358 4.490013101159549 4.347952312577749 4.517948124508615 4.336812006750979 4.632202287236942 4.378190316918454 4.364413872764133 4.412788116170478 4.458792469206484 4.860715476975161 4.646002960451024 4.976850540782239 4.474045704312449 4.297826023654623 4.218658637639674 4.503145774562537 4.091183630081965 4.339995580019682 4.831865797387491 3.942768746244399 4.322835625338816 4.204321093932114 4.149626778031812 4.29740524200209 4.274002625734652 4.398180171380801 4.320820405216676 3.995919882521265 4.931219578133218 4.910002335077763 4.378190316918454 4.362197898779717 4.245443490136154 4.378190316918454 4.657418891987112 4.2874433465518615 4.380054394575224 4.799927261827739 4.6803568308972 4.065210786896198 4.310233787103153 4.300932333319747 4.547260405373426 4.521438687018871 4.402929305339407 4.326018917809182 1.8947548989439145 1.770219570970541 1.7054893126349815 2.8374531248432713 1.7430298245768616 2.147497612726153 1.750866673212621 3.4216476862647336 1.8561565570930325 2.5977068320517236 3.7906641793755504 1.9273501162427769 2.9735820476241743 1.8158522117192246 2.39150793628897 1.8340304094087156 2.0233685345451673 2.4771489250163303 2.5424339693263014 2.701500645566036 1.6893784731344015 2.0995836363211895 2.0044076272314713 2.019957018866259 1.9254213917854748 1.8072286108515563 1.8130862659378106 1.486321023223312 1.8235665604797084 2.7399658583049953 2.8796167140838995 2.970241189260685 2.368237224686752 1.772292814367184 2.1636280502206096 1.9758284694234192 1.6917039614500164 2.4955534262092156 2.2439228508292204 2.6011544093261927 2.4896950224141485 1.8215782204473514 2.421514334369756 3.4566829433421074 2.32602738103925 2.2377012722640846 2.1754164247554124 1.9556842174972702 3.2178182701868283 2.2360212412872373 1.6005302484614543 1.8351807340292148 1.549710204085851 1.5014374482424637 0.0
5.220462197891941 5.238457229654302 5.444217846779691 5.447244455581345 5.34705624702322 5.094842420850587 5.492649984164178 5.214114681276392 5.64145983442273 5.275986169170871 5.112257478993778 5.333479715682833 5.378015022704199 5.86847254897543 5.247441675364291 5.563835086051802 5.222716943861454 5.158844377506196 4.883262363569135 5.326250962547834 4.87045920920361 5.192375118128804 5.768592785388115 4.858159603959056 5.244520642075307 5.099375457430251 5.061211036827155 5.118667074264962 5.104106051073681 5.351662554900559 5.25764166651947 4.808698821267913 5.6582167727341535 5.5609292370656265 5.275986169170871 5.250051621998589 4.989122248428549 5.275986169170871 5.666750488737202 5.141811705545205 5.263266948960304 5.759460565580839 5.68561785830625 4.999153335478157 5.1474610927802 5.254462370610118 5.355548060378477 5.492375270278545 5.176470893261262 5.210108687684794 2.066012383830011 2.4265233348904496 1.9598706128714405 3.728538823285924 2.3276072348722 3.091588285993338 2.4645405765183312 4.44465713646079 2.3308330496431693 3.6951645442832883 4.689345803528789 2.8704035334591036 3.6019937608056156 2.623470517804001 3.3843954702073975 2.272924475267544 3.071209743669375 3.29585937919409 3.140748537869661 3.5789062102978884 2.6780239832792985 2.884637723129045 2.624505121554302 2.7561502306052548 2.5487102226752225 2.321979703125649 2.135379648348649 1.9506263524636571 2.715090903574186 3.58709736604129 3.7652877763860517 3.8372778620140675 3.24154115133113 2.628969326915384 3.265821202568974 2.8257374326796567 2.1316033182987337 3.047576118140156 3.2421159119755876 3.552022773325733 3.436264717893184 2.6372646527856145 3.2727715811367353 4.4354216011953795 3.2916241995271847 3.1739765014185046 3.1358932941749784 2.694321759964343 4.236207519576267 3.1863647712537224 2.2822454843950144 2.8085672155132855 1.5420883216032173 2.2059526582677496 1.9629737209899654 0.0
3.7636200968074704 3.1764854322645193 3.411399406329906 3.2579071543137226 3.904521129705864 4.251277517388938 3.566451467571144 3.592511065500219 3.158350048939761 3.3192866022528182 4.078232136200685 3.565858517470949 3.261990305232946 3.432930485313699 4.7331442716201355 5.277912937579563 4.341595388737075 3.6964262632395815 4.203197098475828 4.1425930092910495 3.5893432911812 3.9186342906674914 4.026963802116103 3.203852277249579 3.4902414098079557 3.1171615869879714 3.427444970128633 3.7471306744668693 3.63604801729379 3.3235338560638534 3.2102518615187092 3.5057848593788323 4.7885500439240545 4.975449218208797 3.3192866022528182 3.435664708595274 3.8520608439985 3.3192866022528182 3.265091827861373 3.5986359518885855 3.7179625849873696 2.9837772500105815 3.456292901201065 3.454720180829695 3.9962516629698723 3.098946956740438 4.179899181204184 3.3922456502094755 4.061999813058755 3.4918601508108686 3.283027106836947 2.740012669865113 3.071250997395574 1.6160047969376288 2.4133257314541314 1.791494274902912 2.801105298041458 1.6963227795878726 2.6250502199900048 1.4593291868682718 2.008742252040769 2.101530448893413 2.1673851379855775 2.1565607177591772 1.9042028888753335 2.890449300534854 1.9075016536805638 1.9528062339299082 2.1315730298972926 1.7231997242067654 2.3769120254260048 2.1130136465467273 2.123634043410821 2.1336553313527644 2.44150855033477 2.69292009814564 2.7345950355716164 2.7726736602645214 2.0527336826661395 1.9169907638699222 1.6953292726749718 1.7740782990431523 1.8609897766463452 1.9067526471986422 1.8127887055378793 2.764495748611101 2.8771466029044177 2.209734589767898 1.9742653300875643 1.5483159156444144 1.5902159553206934 2.2633998751786115 1.8075038480662688 1.7472362811572721 1.6584913800934802 2.0617659189596638 1.9008909588729686 2.2668902582609114 1.7087755203945236 1.8058768146396371 3.1608559011427686 1.8551282000666613 3.3477627954494382 2.448564575476296 2.81573348217156 3.9492757827880167 0.0
4.793472609721922 4.738558334641426 4.966952400868067 4.95451312099662 4.932967601448675 4.758135165617178 5.044752179321525 4.768161456816223 5.127477523881303 4.782396581670668 4.728339239288298 4.882376476898622 4.872755458698184 5.3629296004945015 4.9369116336928665 5.3291303605657125 4.886879805941315 4.737250285021589 4.5367550636680996 4.95353414352058 4.434062341085515 4.808942373212224 5.346947999084249 4.4137307135159345 4.791116539904893 4.598154566363955 4.625046257061277 4.693868221883527 4.664445083133234 4.871304449533288 4.765826904584656 4.385400493962459 5.327843883850435 5.267837355107114 4.782396581670668 4.779018489617372 4.576947927213889 4.782396581670668 5.163788358454379 4.6983709199055985 4.839664426478295 5.212117921922057 5.2051021958347965 4.591431820137409 4.779772666843821 4.757887838331961 4.976558813143171 5.012844165903819 4.78850461230639 4.75048496387152 1.7971616938293749 2.0942218908668595 1.6582540733770201 3.2153782679050247 1.8959479902625256 2.6083017816993133 2.175598810639666 3.914490972142815 1.8966836654071508 3.2154803944202413 4.154123533748485 2.4544084043137593 3.071357528669841 2.1748304060501336 2.922984305977576 1.923017807829757 2.6478614877299385 2.774934738328455 2.6673816247729136 3.052978972289083 2.3661048172150116 2.412841326566315 2.150728573454519 2.2647599131621874 2.1038449176032294 1.9308591298115692 1.7134972961291821 1.6300939767423872 2.279435190258666 3.0648398307355076 3.2364975128803457 3.301380378170054 2.7411275039661636 2.1775033672106736 2.840466416243741 2.539307461525414 1.7992948968526712 2.5508242157242362 2.7937655689348326 3.0442915038277447 2.9222855784342574 2.211367676558666 2.7621608144205174 3.9015666780243095 2.797627315155322 2.715090903574186 2.6698379580222684 2.23906890256618 3.7205503973927163 2.705666555739405 2.2480082937784163 2.419306453448306 1.4738123752863368 1.865250748214228 1.7897266424652305 1.4909376994546248 3.497275988218465 0.0
4.64255508592701 4.305301406146559 4.606990538848224 4.534430682276452 4.812723371117003 4.853334287189029 4.766149891540919 4.554018042868599 4.589491588076998 4.40610007970998 4.727659455646198 4.639104884965577 4.432747571575284 4.867094487938053 5.124403624541705 5.6498134903463875 4.966613469460969 4.584482340313852 4.647290694616306 4.94276356243795 4.293485647196033 4.7529947626565825 5.155959864808885 4.158991561605004 4.55362526117318 4.179182279211996 4.407619155435666 4.562549053649352 4.481159132974101 4.5144616468961845 4.3716889392402685 4.235584196387542 5.453498636864463 5.479910438003333 4.40610007970998 4.459704678064832 4.494081958195111 4.40610007970998 4.672596608450583 4.500509503539984 4.66795168246157 4.41725608416848 4.808148816314823 4.421049485874643 4.78215288353009 4.30615860775945 4.969093058769883 4.640959981851997 4.769399181753698 4.484429540911213 2.2215158845859793 2.229204977223292 1.9787028370288604 2.3064117291828867 1.634995586601618 2.1071436155294663 2.373540114932289 3.073931896454546 1.8112314057452752 2.5441756766571593 3.1479992747351617 2.184729361438135 2.2060451580167424 1.887981855539628 2.478269227337025 2.0855240953407597 2.3083682489305057 2.2261023512372478 1.749962280978204 2.302641598559912 2.323392689016225 2.0004132624195887 1.470965937542957 1.8802518442639047 1.9130976972665186 1.9429543870311972 1.6148927016599963 1.753357771609858 1.9466789613642435 2.4186630759044982 2.4123636338762293 2.4922595108921097 2.168957054300037 1.6347844773252307 2.45627427385609 2.6802443670425835 1.9964685415909746 1.7396461828207836 2.4480954305388347 2.2595012138577775 2.2215118651168178 2.02996964705595 2.103351016793209 3.01593127439629 2.1821926784174477 2.401724529242846 2.25748049019626 1.9735372417393209 2.941435035816698 2.1972936106241656 2.5247546136125236 1.8524803429234924 1.8933919566888935 1.7196342516553298 1.8779019016843816 2.177834740687775 2.6782794334835427 1.8217252509962176 0.0
4.956801760329253 5.266500334147017 5.327449679084208 5.385580118175347 5.014743007426083 4.5690933589580265 5.234776281705489 5.0061064599775 5.672385967140022 5.259151253799449 4.748830955020068 5.110532897299754 5.407260407935628 5.836960872839096 4.732542733475923 4.790647269431019 4.697511976958171 4.8777097400466545 4.460790841423017 4.863328020396501 4.704250199972122 4.76949225157063 5.406860311052216 4.6782129801942975 5.027280440819129 5.14590604917364 4.821383821248618 4.864894762918657 4.912084885471449 5.2420907537175 5.219390814270669 4.603362353079497 5.075897821622075 4.920612674341151 5.259151253799449 5.159968676125506 4.758726168728184 5.259151253799449 5.638000490266085 4.942650181535299 4.972983578025558 6.109298031019215 5.542211010310099 4.6585715200396995 4.665879661592223 5.258158619652168 4.912791809411766 5.368731888428253 4.805685860934655 5.062565893000896 2.2698305249335813 2.4215830153523132 2.2751536336380873 4.32654137840005 2.848484948157629 3.3997983169284516 2.2839397715204135 4.838711822782304 2.8071945551121673 3.9214729014744205 5.32921367987742 2.969195827673785 4.408627348712297 2.938868142287359 3.521901220712414 2.4986208561404877 3.123121561615562 3.7294658861149355 4.003888561259978 4.086816687728087 2.4985521791206824 3.2603638961592836 3.3725282739162843 3.2046595373650026 2.934546757194425 2.6445462784450453 2.7948653404181627 2.3029569600348507 2.967432980109857 4.030457359774726 4.308557844305255 4.383711224623397 3.634911188558979 3.112281628613633 3.2790609449843697 2.4632520870059764 2.3620718306165527 3.895337321812546 3.313621662716992 4.018543063095916 3.8684362807573525 2.8345384419041446 3.7537886468738697 4.908272713845236 3.6419230981097837 3.291044090982272 3.330909482736094 3.0232605200284834 4.578280819987685 3.4676047337574913 1.8780087706138326 3.164350986925643 2.020996309253931 2.5677599542759846 2.1643285254983233 2.0910664141843536 4.246462447256255 2.313212286510123 3.0943314650111406 0.0
3.8912065435313714 3.9692128782332645 4.096503638189941 4.110902786208544 3.992754390434295 3.783924970436002 4.08549194774105 3.8811672123068024 4.328798136578382 3.9996872901546223 3.8289764968590547 3.9715855048411077 4.108368978602493 4.5264339806086396 4.05214910063681 4.361301376557212 3.905047524610265 3.812677327000192 3.654521628349667 3.9681514167151795 3.617160194843733 3.819266334006981 4.352896666986269 3.509002820989055 3.8888965087714986 3.8514757744638133 3.6957375442221276 3.809071150935004 3.8049109157390126 4.009134562739333 3.951309836680525 3.5158466107440436 4.359355595125731 4.313334780618272 3.9996872901546223 3.9467523314861315 3.7382586607553394 3.9996872901546223 4.325885431637024 3.825923548357667 3.8993338474146397 4.650752801648821 4.301057479104624 3.5901398505336286 3.7810378641502016 3.9540062533399967 4.015172766142821 4.133041868959153 3.8728205520704906 3.8908710642032003 1.5976180569316376 1.4403337784925523 1.4982839693696577 2.924908126148875 1.6973703973491343 2.0666654887206137 1.3971088868827604 3.3871973305336875 1.7134059638681156 2.5336020664237586 3.8835381981294534 1.717010612834902 3.0582519732063775 1.7035769929270979 2.1810625578569356 1.5505897111413667 1.860989776646346 2.370929565592801 2.74713447855762 2.6814401615025676 1.4622315616365718 1.9599112508474628 2.153821480064539 1.9393271689980265 1.7498213109733132 1.5877422620279518 1.7752741672506749 1.393934582880273 1.7055342423364526 2.633440894662519 2.8901774054167473 2.961224958304466 2.2674490211082645 1.8691240175746182 2.0125975906514926 1.5765608500185486 1.4517160598471803 2.6292245773315486 2.0211589951440607 2.6156400581331383 2.484332450572539 1.6320359322278237 2.3782284220909795 3.453734090362721 2.268950683432345 2.008315775905363 2.0104207990926093 1.7830669765769205 3.1367057205145987 2.1161435614913233 1.6306060915932943 1.9818962641665472 1.6791410506617994 1.5947348497808558 1.5147029304121906 2.141980904001231 2.9166497124304422 1.9516376962206727 2.182356875248972 2.045531971098631 0.0
4.1924611755547145 3.9311321514213104 4.183974909604081 4.127119989708793 4.345508023638658 4.360464402072931 4.298693665738824 4.1135057812603195 4.213710072543253 4.0230107810067866 4.27111286280938 4.190381946835938 4.063731191183996 4.4739030031808715 4.66518317940579 5.148576260860853 4.471766666762029 4.123872091569405 4.191555351237562 4.45078907934074 3.8772286899330455 4.260186621951155 4.671546624476318 3.7070612144898885 4.107373977927671 3.812677327000192 3.9461566888013717 4.118336296308558 4.050491254620701 4.09373416688991 3.97394500407286 3.795423831782526 4.9632571637971905 4.990577697567663 4.0230107810067866 4.04996082730588 4.066965479888922 4.0230107810067866 4.275342347898851 4.06503692309309 4.202164752708087 4.184541716418403 4.374392473028428 3.925225427066623 4.282800023814556 3.916442460791819 4.487472004138064 4.214740909978446 4.30705465442924 4.0587941597563395 1.9816918401303012 1.825798620590566 1.750267960990607 2.173952782132966 1.4193592416649194 1.7645136593134072 1.9302080420834982 2.8266969024538993 1.601552512131021 2.165971161922529 3.0758054078820387 1.7401568836852517 2.2431051332110545 1.5511943608642516 2.0547407642889013 1.7872573417106514 1.8483530689731011 1.9762660957326281 1.8418108519231318 2.098858906435254 1.8207663695936902 1.6928619882494575 1.4382316503744996 1.6310749071267383 1.6343692852601102 1.6571207606737757 1.5207770142148238 1.4911882858785297 1.5633147701233987 2.175339971685121 2.239712260307374 2.3260273810392507 1.8763411132226069 1.383743202717451 1.9861894595896081 2.175450994576009 1.7009425786394117 1.8074767337862738 2.005195393898571 2.020767852001013 1.965451914782541 1.6480226983597943 1.8673224632093246 2.8176725807371903 1.8613186956000962 1.9876909540001821 1.8596967019544681 1.6522377467885914 2.650208881707467 1.8363564787695916 2.139075920109197 1.5472613546756335 1.7998401066625105 1.458699031014366 1.6079676588322895 2.250392106010044 2.3761739157768536 1.8964710764253148 1.5155841838539152 2.8211213190386197 1.7989242061135635 0.0
4.360287447932031 4.3278750357884785 4.51526540402696 4.5086541876698485 4.4849732588455105 4.316763190767253 4.555606731411926 4.333832958896263 4.684079954020924 4.381351368944319 4.320870111288201 4.431980457493785 4.469586929199402 4.909702110916258 4.560327527412423 4.918914736770066 4.435000687488663 4.28632201080392 4.150662091648992 4.494326642268099 4.049493556036441 4.334833562978194 4.855558179740175 3.946393360229974 4.349122487389076 4.203556570850424 4.157176319065476 4.273836884319397 4.2480214329529264 4.42739545944179 4.340419425761551 3.9570603155321393 4.907172927853145 4.860292257633128 4.381351368944319 4.352554823619203 4.18553533939659 4.381351368944319 4.706958197336662 4.274137371054048 4.3766210730839985 4.842487668708906 4.729655886062158 4.081395822524467 4.314040412720082 4.320131541677382 4.536855657916289 4.555275507838603 4.369861147751877 4.320787794050738 1.684690748315661 1.7047197440773765 1.5225784991393403 2.906921008334792 1.6558554823832357 2.220726665857699 1.7318749619725977 3.5207577741838896 1.7296794758751333 2.725173037286822 3.8740046358866986 1.967057035927825 2.9490810892646415 1.8270783502351202 2.4398075347077515 1.6786355574400686 2.1380204953938917 2.4873154117422382 2.5322998240174077 2.7423571096627652 1.7968747555195062 2.0685167287504473 1.9889044543254315 2.0129535100882214 1.836217455934902 1.6758027810317575 1.6525588285432034 1.372379075060193 1.8574570640443593 2.7440044613626395 2.92972641490319 3.0098944558070935 2.385236839618542 1.8484472798174252 2.30967044960369 2.0157430809862693 1.5520274218475707 2.4494338283178303 2.3163660346031065 2.67676180751527 2.5769496566526704 1.827468469374853 2.442118168717641 3.542404475688886 2.4000348899286563 2.287883493267155 2.2347507242775575 1.914504531735831 3.292810431233083 2.289555179573099 1.7489756009272936 1.9807863433412944 1.427031034281686 1.5594652938039673 1.425154993892742 1.784221916916467 3.015167730145605 1.623470241446165 1.8413522138792464 2.0995546050822154 1.5059522049973564 1.6283277314305316 0.0
4.174825797985444 3.7180918227380593 3.9842117142320714 3.8756274820841967 4.329494879081956 4.508718493507576 4.129737480291666 4.046361245429886 3.857959870033469 3.850088884297391 4.377128641990434 4.076729859456566 3.8357978503404637 4.138758218254927 4.907883245910293 5.42876613334719 4.608034372153852 4.101730181146095 4.395570416659675 4.5043715562864675 3.9173956767138858 4.287221726173762 4.5590187794985875 3.622272742759768 3.9986439239318456 3.6264669927171296 3.8696929866573315 4.127720796494687 4.031162729195168 3.8968144833970344 3.7696281507264047 3.8223531456282656 5.102059687667674 5.203825838018015 3.850088884297391 3.9201666815797815 4.146735855853098 3.850088884297391 3.949916588286381 4.022707774839588 4.153445879131077 3.6749592911233218 4.109376720251585 3.8671455381726 4.343415067382227 3.6699884108515977 4.546561031115635 3.993268960140901 4.388852551445305 3.961354309891785 2.695871804507105 2.316792873636892 2.4471538405831716 1.7188939513266486 1.8484472798174252 1.7091162465411698 2.4026177614004074 2.273228252890718 2.110928746911744 1.7624165669307412 2.4546935738043203 1.8835693485702214 2.043840398743891 1.8039872335198277 1.9655928979687576 2.3761072251721345 1.837844908873478 1.9314899000620196 1.695074116547725 1.8213716099393633 2.0678392077788312 1.8435056037888962 1.5732893733463655 1.8339908899662514 2.0230965517304362 2.185843884360251 2.0987957543011193 2.1151247155293196 1.735857465706157 2.0052390326806058 1.8679834375398001 1.9744929792851702 1.7993711288123906 1.4620047463701522 1.8695259109450604 2.5175804778219644 2.3169891802460225 1.7937257248047014 1.9933903224456944 1.6554174962285841 1.6870904588091826 1.9387965048403173 1.734700720093757 2.2600849307356934 1.6715675155305074 2.0403988363907533 1.8498714261839544 1.9340527370667002 2.175650937864749 1.761296683821837 2.561954626271922 1.4498045374327895 2.519532920824183 1.8502416730503666 2.0992737673882775 3.055555237022532 1.7402810490141973 2.6614734778717604 1.8965248602244837 3.52966708134526 2.327922278622138 1.683009862959521 2.250740880860635 0.0
4.229751929477444 3.9938683407410362 4.17412823776593 4.111885748352391 4.349050029766787 4.372754622011751 4.224474166646463 4.1447376458127 4.18075739568329 4.093957945852175 4.34554493350558 4.180645448470352 4.124047418490709 4.4260547136785044 4.7696876860329125 5.1558090741649645 4.477978447011641 4.1409588606447665 4.299413335546104 4.43197399882214 4.002675562202509 4.232765455041772 4.593221677013069 3.7135984028376416 4.102172716925388 3.903298890850185 3.936661650303873 4.178980640416034 4.123569397818027 4.088418328615918 4.004000299010278 3.8758455724964276 4.966627673649186 5.017468795695136 4.093957945852175 4.103107099805265 4.188802143043841 4.093957945852175 4.22869986167625 4.118085156987318 4.196461985975167 4.226905578805029 4.304006332175129 3.8574278331854304 4.249015657258587 3.935311249130994 4.489550237718422 4.1855102960799115 4.360721917821253 4.101937371878091 2.502500057307567 2.1007485575746356 2.2765708865154166 2.3377204162906566 1.926571535492863 1.9323392586849972 2.0916621941201927 2.8271749466982117 2.1626039119287612 2.0706503105263274 3.177059940649995 1.8445149874622873 2.69757942867722 1.8647448675317768 2.107770900325096 2.251542461590031 1.8168003809989288 2.2969857768606983 2.27825768758344 2.332130627456616 1.7418797737745226 2.031318152812234 1.942507742547256 2.045549395621055 2.095682233552438 2.133569473185704 2.1764927149010047 1.9403470212625924 1.7720388335423505 2.4404765522360714 2.4429317552519985 2.5538058881771217 2.1259349585280503 1.6522290149243897 1.8646563914920213 2.1726552523862814 2.1527455464355114 2.3381651338376077 2.0491770613587366 2.1466670511263883 2.1225395243881007 1.9149461591422259 2.1461281774472223 2.8679707236322605 1.9942527860001689 2.1192450248267787 1.9831790680586279 2.0244137342624273 2.6570508092548426 1.98516808891027 1.9589495923975644 1.5291236847044472 2.215954789450207 1.7251782027889295 1.7360086278483473 2.776101376377508 2.1182702101241193 2.5094584442626124 2.074704809575931 2.9151042100128874 1.9249062156780232 1.6969659920244307 1.93447760024158 1.6214027833348386 0.0
4.154391531154409 4.220592954920849 4.3352398201192415 4.342493636831723 4.246198882104175 4.034530025533508 4.307922667064752 4.1398842279434565 4.544274507263035 4.259932916764377 4.1053254106113775 4.216279458086413 4.360251968425287 4.74485975723474 4.332297977910713 4.59284809519004 4.154573365238621 4.068203310855192 3.9378513741835395 4.212726030903236 3.9052034418648205 4.060039337799066 4.57931357602107 3.752418470094996 4.13379155290519 4.1104882068934945 3.938692924226676 4.079574994418701 4.077277401903346 4.248213469555511 4.197186018258631 3.7876630528129387 4.608861156297653 4.565061969132531 4.259932916764377 4.206048140055362 4.02770983316847 4.259932916764377 4.542923848242058 4.091727849506007 4.14754695690481 4.845619299935021 4.519288413217152 3.812677327000192 4.017665004936472 4.19044691090539 4.26769531543192 4.364939769572655 4.142705810988311 4.150541526391966 1.885838589540847 1.6806380052667749 1.757815337225714 3.0517038478108147 1.9098370217305285 2.241197786030486 1.5946636416610562 3.529364126258474 1.9846803744176251 2.6453888796238885 4.008574304588904 1.8947548989439142 3.2509480219550846 1.9083785132663365 2.3655750564959543 1.8327702433147692 1.9945824662863847 2.601038921347174 2.8701923181642557 2.863153857028221 1.5463991302839297 2.185232430077924 2.3038721841649683 2.1698261565454 2.011255503432357 1.8564160356602586 2.0208762095692046 1.5839919133773068 1.8818545481624855 2.850851294675096 3.056832614256662 3.1427057028493914 2.470601038787646 1.986160676202459 2.1229457639373774 1.7361920260715904 1.7087078393757733 2.802462813130331 2.2043867592775737 2.756697615271275 2.6422884156977573 1.8482992442539208 2.570132296986742 3.5973528951626377 2.4309339093265923 2.219844336917819 2.1982851413648836 2.0258023870551494 3.288776127463548 2.298187150630561 1.4657300649885736 2.0023144797962615 1.7238583898311912 1.6764196756000405 1.4763272657935105 2.190097707736527 2.9341024128883046 2.0686185267889505 2.26306623298592 1.981167423515089 1.4267887465596931 1.862200027128777 1.5439282818791071 2.3195761004589883 1.8077776848575415 0.0
3.9789160611658465 3.9209678505028376 4.105475416336611 4.087441668374888 4.104456310987136 3.9907145088847003 4.151684037921765 3.938741498481254 4.259535419514774 3.9668646972579857 3.969112578742875 4.024654943956743 4.0532570987915975 4.485132219270064 4.2699980057671105 4.6638342364169425 4.118323559931237 3.9110016139841166 3.8314373993501145 4.137916046959513 3.6718298169294092 3.9771686051864483 4.4671760705412265 3.564382064271451 3.9332255278107264 3.794926128475044 3.7710891167128597 3.8953097468553053 3.866968115333308 4.008632844203533 3.923600060382921 3.598566962975554 4.569944376352685 4.560095052812696 3.9668646972579857 3.959332010434791 3.8328490889175404 3.9668646972579857 4.28468113701767 3.8843167558594804 3.9987622265746228 4.454719358621757 4.309603435932668 3.7154019621919976 3.9544952620961067 3.9144149027381734 4.171657422892842 4.138810428213482 4.011425267629382 3.92438321745732 1.6050196092062616 1.4896797587384967 1.4393648768206202 2.6005836213422677 1.463906989276868 1.8495005221089134 1.5258073914366552 3.1414819229698496 1.5078546345046782 2.3619599078357747 3.5453032597661904 1.6558804834605745 2.6719359508727814 1.511062895338992 2.0865272934422188 1.513754475559719 1.7831120774464846 2.1101470512891694 2.3557247170525577 2.3904050189522126 1.5532283261512532 1.7663936089723968 1.7834593881600989 1.670226304247505 1.573959726638332 1.4811685662076495 1.5141584713424585 1.2915851332610222 1.5526955447375552 2.389027665721954 2.5862560946140687 2.657287621762256 2.0402840742886634 1.5751777382944099 1.9408129208786444 1.7685156853977495 1.4093031067928778 2.239930989548565 1.9407439156482018 2.34049122986349 2.2022270783785047 1.5115345786093142 2.106500764942491 3.179605754526462 2.03987813673696 1.9025575640489094 1.8663161727019244 1.6108390495956473 2.931836385086305 1.9316024894215935 1.8223640207606022 1.767171417324847 1.6088469398194565 1.40287241635967 1.4690844117519262 2.0434941489037657 2.7000714372589254 1.7471902611152461 1.8108165720000782 2.3373133645169553 1.4790580089445104 1.5425209829985504 1.4629574555575438 2.0690180586759106 1.8601446506791905 1.5894897690543488 0.0
5.306495306691769 5.717483206823116 5.765359263027084 5.843416587603935 5.354370493200695 4.8228025228209965 5.66073089713681 5.382593426523207 6.170723051751783 5.679397475210709 5.023223212798964 5.5030523492040375 5.851081886896311 6.318014126197556 4.895397443363654 4.888693494181461 4.96030712989115 5.242592098185675 4.685242136256732 5.1636524425101875 5.0374899442561185 5.106594132200236 5.787768005216205 5.1085989419554325 5.415087607406982 5.586547412348026 5.2273864656333355 5.202940397049648 5.2711440382164465 5.6763323828297185 5.661329095102402 4.972153522308678 5.2706052395266205 5.070980814684474 5.679397475210709 5.57505865456508 5.06813791091416 5.679397475210709 6.1248285788133785 5.309819619852902 5.348729409391129 6.6712980483435835 6.0011832013558575 5.076942809375994 4.972954150469584 5.731696773164896 5.196571477920266 5.812825600963815 5.091444699543665 5.4583676457498065 2.5608934067245497 2.8865771683150467 2.6399765519446143 4.941950754404662 3.3545888327580724 3.9628201266693672 2.764665147830412 5.453829649670307 3.2328491223255833 4.561586817763398 5.946761806108405 3.544469228175779 4.930404262759728 3.4650984298005003 4.102556600893354 2.901758608808683 3.718206909442527 4.238595144827692 4.575468654336586 4.654264196403742 3.104807262351724 3.7923665276740923 3.9157546195749102 3.6941266285575347 3.404788305112986 3.087349626663417 3.213861007134707 2.7880463565451388 3.5360650503370876 4.571125943275257 4.891174258335699 4.950952703973108 4.189795109057995 3.699142738112888 3.8880648233120922 2.966221940203941 2.7827643677959233 4.421291619708149 3.8728618813748237 4.628631185537907 4.446034118398815 3.350997540954247 4.313712756104596 5.5217424403875 4.229224275077515 3.8158367311158687 3.891336134554152 3.5234579550483827 5.1965452922334325 4.040397919518934 2.5264300126060055 3.822988731263086 2.4560852192731386 3.1201477858648055 2.766886518964465 2.3053791733845164 4.940617541794939 2.5986699148129313 3.592867996807496 1.644917563147642 2.606026711946868 3.406221219915971 2.636612532170905 4.2164423289130815 3.661191493547687 2.629170709772969 2.8523581298008343 0.0
5.781130699947466 5.6148476450932225 5.887229745074421 5.852744519877351 5.934391214178361 5.792633488776905 5.998895545141243 5.739060978722706 5.969052425988538 5.692031883588737 5.749146744641885 5.851081886896311 5.753836058505846 6.231177829215773 5.973193902542843 6.3754256469802515 5.911984837316753 5.719508838545558 5.567414727294199 5.977774592914974 5.414327677044192 5.816191185772958 6.332275540380924 5.352342999105473 5.765062305430564 5.479100490171306 5.586412335550405 5.685088712766379 5.635814335748858 5.796727651045531 5.669815983659588 5.349549420677457 6.385476538093608 6.322450314119642 5.692031883588737 5.702132975871276 5.564309161714456 5.692031883588737 6.030203960921591 5.670863542496998 5.818062441594128 5.8587993851066935 6.118358150333517 5.556417660554383 5.8064142035335795 5.626248970061849 6.00803404720075 5.932631226831514 5.808848937124748 5.699656580623968 2.6690174125244415 2.9814603869616016 2.4878462930880687 3.680658434546637 2.580032130804751 3.3450438436587335 3.069991481181085 4.510877714834097 2.6849375316289286 3.8796071961480374 4.560846667531052 3.2540087508025133 3.500261465037482 2.952452897572125 3.7037676892820515 2.7819688094055386 3.4367963225594496 3.5101820423749954 2.9394441569695906 3.6659094113683977 3.1708186760171118 3.1515223314598444 2.6157640139703786 3.023350314609789 2.896370833153936 2.7505888779392227 2.3960181029513397 2.371896729284374 3.033995123104467 3.7474464082329466 3.798434030817756 3.8812308943039553 3.444822393633667 2.7753515330552294 3.6198832041391755 3.4483260510414047 2.6437757424204613 2.936060201476957 3.6202825019001077 3.6219977710683438 3.567888382423196 3.0392970093993905 3.4091736832092727 4.4506475387312685 3.4821518423993054 3.5622509246853538 3.4571393298156634 3.0349854301963948 4.347092485226653 3.4441152187984936 2.7721900258062644 2.9206936031341852 1.9053481517204645 2.4881114437662384 2.2873614784789145 1.6799482955978944 3.9876543977145604 1.7657626808243245 2.048819960128864 2.8018593488166763 2.6641496009688206 2.3434337235579563 2.1451018512826776 3.016900196806686 2.9037589418749867 2.6625694313377037 2.4268073799316876 3.0973503493906374 0.0
4.370974006037294 3.751027857270262 4.115664465031989 3.9814627096238047 4.5640051639458425 4.834392912472556 4.3615355075610545 4.220910869679845 3.904999761036948 3.900976823293177 4.605843755798008 4.27070900696635 3.856758591212624 4.210820686781146 5.172364239185343 5.818630794809115 4.927148582437819 4.3212596792267455 4.6481659289758035 4.806486225337896 4.054217367301958 4.587459457203127 4.818986317496307 3.830546881187836 4.196234300607609 3.648174353838593 4.094297972688823 4.31581190215428 4.18534853466024 4.031118222393865 3.855576933359445 4.005842730338371 5.419780346177955 5.536485794969989 3.900976823293177 4.020968548169698 4.30340584982154 3.900976823293177 4.035875843353128 4.187736520610189 4.380444877432438 3.468076139017859 4.268020358989627 4.172595537807715 4.6745109458958884 3.7384167042900924 4.828179005430773 4.13509829507049 4.626516852837083 4.100499142315646 2.894930866615293 2.679891802991306 2.6535107306018855 1.524610686509601 1.964133985036891 1.9290307949656755 2.858161698165045 2.2065079332091897 2.1873674540874206 2.048953544809659 2.086481540622366 2.2715646468571307 1.5056018966550062 2.048469464419144 2.2523345255265 2.5887779431482043 2.292185881195364 1.8981060380828394 1.2848762643208789 1.701767053502483 2.6550430666638207 1.9611819668423442 1.4589833001912467 1.9074571979178443 2.144214470667585 2.366559761245466 2.099735081820186 2.3930960109027026 2.053289966036746 1.9130976972665183 1.6836818610272193 1.7524821234518624 1.8589224281510033 1.6942667596876564 2.3553660374787517 3.052913590703803 2.568496831465773 1.3720692291576677 2.3461339146743203 1.6591613555029923 1.7341038343057997 2.240998234887212 1.7046286191841338 2.097551084744906 1.8333099427122037 2.330885120310607 2.1315228712773 2.10273057291848 2.180028245496067 1.975410709745376 3.2428059545170838 1.8787626940728865 2.8178445841161115 2.2091802317922733 2.5885407533627833 3.2385444543461186 2.064202660100009 2.7676027445414526 1.8483489797397317 4.072072124225964 2.830137835341107 1.9317864169974255 2.6310275986378895 1.7025665263801002 2.289607856293837 2.9287429880211477 2.425494369128451 4.6459844747773 3.0374193189603993 0.0
4.538202452692865 4.630696541038352 4.769041055063701 4.785580055593574 4.638246865159433 4.369861147751876 4.756952055077161 4.538270682785679 5.001445691278695 4.663807924118248 4.4411361140314645 4.637028706874038 4.773736410872739 5.20597232498583 4.59664463621052 4.85013374011463 4.492461734521094 4.459438382347401 4.22900434901924 4.588845546826374 4.250749092342757 4.4490855538699625 5.014377991506982 4.164054260362788 4.553641000737554 4.508603220748745 4.352550017459736 4.450455982029973 4.451256787840179 4.6817899323745635 4.619674580699186 4.14926314638964 4.940164721032018 4.856834069268402 4.663807924118248 4.607136781655697 4.358596398028798 4.663807924118248 5.00280470963014 4.478021844029077 4.55094984171771 5.265273757687756 4.981351787779084 4.238855753969082 4.398703930453095 4.619156568622898 4.636571630010317 4.808647870336267 4.492084284718825 4.550837724868105 1.8026332592624184 1.857493496262849 1.6964938658948905 3.374808356746975 2.0249763551420035 2.583877163870046 1.8065899671986454 3.949029379438435 2.0603862379737565 3.08882447633734 4.359877750400405 2.2422144748754014 3.451233905444122 2.1578593063498657 2.762072148758864 1.8894985658046526 2.4038779971031667 2.894048943821048 3.02611549411416 3.1863989419224508 1.91665382802488 2.4435172751219056 2.444770518448116 2.3921943453099024 2.17316037526956 1.9504499714508974 2.011169691059379 1.6015525121310215 2.1804542273263867 3.168517547596556 3.3870931540558775 3.468521760593785 2.7867049797871575 2.236653824531058 2.5692025967829593 2.0560561394135743 1.7473498638731015 2.9414659606206746 2.6005902906655876 3.1105975008136646 2.9924311982851437 2.1110490280273577 2.870812691417666 3.991560249827652 2.79057680070235 2.5804595639094816 2.5619368149061414 2.252772887911722 3.7065410105554553 2.6530353421073682 1.5915005940238944 2.315314758657052 1.485777475146254 1.8161418202861062 1.5238628511708154 1.7655607101569986 3.381854946239724 1.7657626808243245 2.229450944016754 1.7211378377504862 1.5360434840893362 1.9714384581766045 1.4708806026215826 2.6276488799065136 2.1492973999710423 1.5070912441019124 1.657317868830898 2.249561974773167 2.277175246059939 3.108245687731423 0.0
3.7824813321347035 3.4999849633362894 3.686715192408807 3.611546736114133 3.907924409853965 4.003610024752967 3.7559544334165476 3.6809539548187433 3.672057974135227 3.596394831106254 3.935637061422248 3.7072698635562777 3.620727797596683 3.919110287650228 4.421707914164119 4.862158741015328 4.111990015215871 3.7016462639408823 3.928201111834458 4.026161091808346 3.5570717778390493 3.823893845691399 4.143510181960705 3.2650918278613736 3.623903830730895 3.4087019419937263 3.486742593961328 3.735224796511388 3.671364165124742 3.594786682665315 3.5068606858401314 3.450249191217344 4.584444830226856 4.671858645555252 3.596394831106254 3.628671277185189 3.7662180829955743 3.596394831106254 3.7248147673179064 3.6589511934964922 3.7541012949915933 3.749144042164693 3.8100935734037327 3.4374962873196013 3.8486015816128973 3.444581189549441 4.074100470821559 3.6934031766195425 3.944952134485233 3.630912727473371 2.4250564748608356 1.9472002136831708 2.2150827434986584 1.9933903224456941 1.7781404601041428 1.557154658972554 1.9644131678706094 2.3756766421011637 1.9771508885660651 1.6569331335426656 2.798075673155198 1.5646859598493135 2.379998457806292 1.6022254175438637 1.7199865347739087 2.1149116984797423 1.486403344964799 1.886553247267655 2.109845738063833 1.9278825184689952 1.603933964826217 1.728375346587332 1.7733564845240803 1.731347142554527 1.862228841520349 1.9740314388636508 2.06179400474325 1.9133235487517495 1.5111781338917052 2.025470238589996 2.0430741195178426 2.1393795464074716 1.7473498638731018 1.445437157492037 1.5060283912443153 2.0005623472558156 2.052999527026137 2.1206689154854184 1.6671701491296513 1.7654596175697843 1.7109355520723222 1.6564832709358384 1.7755092469709624 2.4361658423658623 1.6032182274975433 1.7334674679121214 1.6077905142798348 1.7483735238816775 2.2198581462460694 1.606221849524283 2.175783745993123 1.41245788726571 2.389719764099573 1.6891074445245282 1.8939423200671315 2.9818149947051213 1.805872629222678 2.6176393480558895 2.1076100887533205 3.1521196509605236 1.977738454213904 1.7072612431764513 2.0771589590832815 1.5337485831369233 1.48349825706434 1.9637291237074217 1.8551282000666618 3.8469140284632095 3.1607580077518285 2.109624617361251 2.356485437287952 0.0
5.383968327409038 5.306892075755416 5.554705213245769 5.539851382946497 5.528874436492321 5.339448885535724 5.645377819273564 5.35999886757587 5.699154816233192 5.360116700492287 5.31063906202262 5.480954389816052 5.444217846779692 5.943202101128674 5.49070777462104 5.874040137278845 5.463967153082922 5.327488619034642 5.105065806593944 5.547387633953531 5.013340284046684 5.402379158043773 5.9495737358439715 4.999153335478159 5.3926291974375955 5.165559144354433 5.217386918852777 5.281932533254571 5.248069677204044 5.4622460485270015 5.347437054505867 4.961639613004564 5.913039946319765 5.834354758802964 5.360116700492287 5.356926504641307 5.149198422536002 5.360116700492287 5.7434322842060554 5.286914058365106 5.431967357493078 5.705455370306578 5.799101860678364 5.1846053919086215 5.376766366911869 5.328693812774667 5.571841488417513 5.603956106315239 5.375213942717948 5.336675610892415 2.236793334997028 2.6165889434342624 2.1006521605549 3.6277108850508855 2.3417279101931086 3.1298698998652195 2.7014200974142937 4.39831692781095 2.3694730061568365 3.728057195334326 4.547650310510101 2.9892438456695816 3.4304412038699152 2.690564359901724 3.4632440778435245 2.40714057778914 3.1933335686731215 3.2832092056274265 2.9562910720529736 3.5218171974979295 2.8916188871919664 2.911045536223944 2.52006302955305 2.769399432039642 2.599167613259826 2.415554555224192 2.1190057513631886 2.0697343502002403 2.793765568934833 3.554999244726471 3.686958115117943 3.7567095478389123 3.2413636137915485 2.6291204398791375 3.3895965437888558 3.086051912569044 2.277507591974446 2.8784073014529024 3.3515809220170834 3.507638657154722 3.412964658102062 2.744514640421329 3.2387074763965473 4.36114972024394 3.302655531116333 3.2749816664789013 3.2102314233200504 2.752788557114104 4.212493814464285 3.2275311899034262 2.580583437544274 2.8374780760333778 1.6791410506618 2.290003039678326 2.124137858025177 1.4498045374327897 3.9453220731969947 1.503953803230928 2.0331516364575317 2.489007030001602 2.37724378441918 2.244634044028421 1.9336198459072305 3.0235198332675313 2.873501631700233 2.445377907493175 2.1715628616685176 2.6974834863781467 1.4950698323386622 3.0642968582947656 2.031714440484428 3.061841561513848 0.0
3.960063390026929 3.674295133100347 3.9328989943488364 3.8752475910572355 4.11818503983857 4.165796518021228 4.058557912827409 3.87592666566666 3.9566628337982666 3.77128093091903 4.0573064974983515 3.953267208340779 3.807443018357745 4.215933312858152 4.47471890165801 4.988426498008814 4.270061976656821 3.8918199670352687 3.9953556441919487 4.23973285989692 3.647461113496566 4.0434603537136296 4.436036971846533 3.4682840198738236 3.8751968664438157 3.5586873663342047 3.710665782772684 3.888611341593255 3.813294383326894 3.8468580534872974 3.7230712665176844 3.5628238179893508 4.770739534576155 4.809229701582209 3.77128093091903 3.7982168722851113 3.8389012901359334 3.77128093091903 4.019018627765214 3.8282850203360828 3.9677320052032696 3.930430193296852 4.124229388222033 3.697759207890831 4.079979937141174 3.6592858948045266 4.277208863857824 3.965172853037481 4.09153851483418 3.8144223769942456 1.9644131678706092 1.7527145417691328 1.7470548906126173 2.000444878278416 1.344723499778087 1.6053947828834514 1.8764639773737204 2.608629149796851 1.522791456944067 1.971738011696661 2.890745960523436 1.594424069867424 2.0857457486301327 1.4400523390280595 1.850284643206752 1.720583166961514 1.7087920541468045 1.7865008887328666 1.7527145417691328 1.9013865449088898 1.7573164644941979 1.5223897520939849 1.3715295482591723 1.5029343229957752 1.5128617658445394 1.575691447819979 1.4871860431158992 1.499562930282555 1.4369994815036453 1.9579275862827727 2.042336926423233 2.1224496553256733 1.6804805718038682 1.3136011464836752 1.8411363813706025 2.094796351163747 1.664783039142713 1.6973703973491343 1.8307786736184075 1.8328152453991298 1.790982585901883 1.5354660341247157 1.6781304558849084 2.6044908793699495 1.6796782242369874 1.8172836875303477 1.6866080692625363 1.5128617658445394 2.4195093873648656 1.65303067329033 2.2402004330084773 1.4999348853907113 1.9372744363588772 1.491705198762951 1.7122174533349936 2.43018037510394 2.2390536220788118 2.0417406303102683 1.6011150834803203 2.9481718236930154 1.8253845302735552 1.3914918224790178 1.7243811791222692 1.633293136969779 1.7053832288620587 1.9208790183457145 1.5841746952008897 3.540290705496164 2.551334261413018 1.8660550720327769 2.087786399520987 1.641533506489804 2.429106153432823 0.0
4.236316926330823 4.38320318419878 4.492352360618927 4.515265404026961 4.3241892078163735 4.041394358367605 4.45671343350254 4.24209481767604 4.753634431630477 4.3981801713808 4.127563456434142 4.334056951364741 4.519934937649396 4.944670596920778 4.284373287512793 4.516822524455396 4.173654794703372 4.160147936314954 3.9160941797067337 4.261039735213598 3.9627316264440973 4.131531637301351 4.7004636493965455 3.8874231199049056 4.244721521242263 4.260909446613847 4.059857194677711 4.149263146389641 4.1630046680057875 4.399617496778459 4.352550017459737 3.8715681435202045 4.593837733995893 4.5194225923822025 4.3981801713808 4.340433884520573 4.07226823832182 4.3981801713808 4.743789793501213 4.184599610337276 4.251194892802659 5.106478651294359 4.698421324950651 3.9416790026416826 4.064073450075342 4.3722009400654605 4.304371276420587 4.527896297029501 4.175306541230536 4.268101019721585 1.6933288762762144 1.6688136516714724 1.6166249019070822 3.3197921176545853 1.9804775746564593 2.426950629400019 1.5816900823033393 3.8157103224405584 1.9698488384813821 2.938895537538951 4.296562753298811 2.069477938809133 3.4257860045121915 2.016674811084176 2.5839677704395294 1.7660678573087942 2.2040106122474694 2.747287211507815 3.0733573371606835 3.080760072484526 1.7093880359416085 2.3279500163536175 2.449999151778353 2.258766881103811 2.0591954231820107 1.8442922736938028 1.9933903224456941 1.5582931887956821 2.043383248731781 3.0430148267700523 3.295256059036226 3.368651821826131 2.6600890046047185 2.169558639675828 2.3584702912346036 1.7838353502541056 1.6343692852601102 2.9586691514350827 2.388267589505233 3.015512517409419 2.8628496598892967 1.9390858263243822 2.767491470952881 3.8811321452600547 2.6550621637593745 2.3641298238627804 2.381195863133406 2.1154650165151234 3.5752982551813512 2.500452896186368 1.546969765088541 2.270465871001713 1.6069569482605441 1.7615354413712607 1.5536134707847329 1.9456653375434165 3.2830845876483017 1.8734513492270874 2.3320318640646716 1.7406355959899387 1.448625537737513 2.0082983100063947 1.5369078831033107 2.631249657664861 2.156946991843142 1.4693894897057842 1.6005302484614543 2.2360786938649913 2.5454513332586743 3.1355842152364217 1.426168950607005 2.2785848977149934 2.2360786938649913 2.0922899844255194 0.0
4.469752090945338 4.5828956503504905 4.743302304868976 4.76510504149405 4.580919793230514 4.301431743071552 4.756605523950683 4.477498264694319 5.001448857527445 4.595479601922604 4.338596574422972 4.594660241266549 4.718408620056021 5.203424330948242 4.464831379257036 4.764972259651842 4.434687139446608 4.409404081879211 4.105360544987179 4.538100359646856 4.138815482575987 4.416340691761701 5.00454268424123 4.145250009622599 4.5040323176767165 4.445243601031717 4.327017698342649 4.3683484904664835 4.3713841431758045 4.649313324798897 4.577145478992323 4.081888992506019 4.848534432036824 4.756036139625157 4.595479601922604 4.553680488815275 4.248271106657986 4.595479601922604 5.004746635354384 4.406436160747493 4.513855369845001 5.275159065495458 4.9833020734251505 4.253468166937759 4.3566833840519905 4.599688122872376 4.565347109872031 4.790297086675073 4.4007546387210885 4.492395370838646 1.5469722938483579 1.8259556727741872 1.4979535652003104 3.437627254305218 1.9689766637655686 2.6136525802221575 1.8356841165631366 4.021017747916561 1.8941326667684724 3.2288248263870036 4.410826483934632 2.3259437043224387 3.3734198263265376 2.14308251106671 2.836637328196851 1.7425033546131294 2.523327325372386 2.828646801562655 3.0360149617433434 3.188525898862528 2.1114428757944976 2.4228468516993433 2.423059189568629 2.3050676371980154 2.073537969145297 1.8326096471316724 1.82899363611914 1.5598795840377715 2.2339588929994547 3.1416126915328477 3.404915768648767 3.463848350077909 2.7885400157656113 2.301141010226327 2.7139515808622527 2.1532324456554246 1.6229569700614952 2.8805977431015104 2.661489693380135 3.178642242662901 3.0219420500435294 2.100565664699793 2.8692148812208402 4.051939535633418 2.844006708666765 2.588220528446343 2.6031683781360995 2.1972936106241656 3.7903924976271197 2.6964725360307726 1.9855166900525105 2.519532920824184 1.4967345561342618 1.8908787816397377 1.7537476400707674 1.6042502654202466 3.603862719236721 1.542159000426372 2.203710235010433 1.8866654021818643 1.7038237268457266 2.0752323485707636 1.5931252690572724 2.8587140340896364 2.5438357087810757 1.8392252167839684 1.6932148090589103 2.1406313608244396 2.2003062434222005 3.1305545362988054 1.5639405873992094 2.6321517956769767 1.817672763551897 2.184426527415415 1.5677377551429448 0.0
3.783924970436003 3.5515035640401793 3.781672114691579 3.7338397886531753 3.9317904548701774 3.958403752391655 3.881772352533934 3.7071542214955007 3.8377326322831617 3.637947972719687 3.8701537628316185 3.781037864150202 3.68510405180785 4.08549194774105 4.279746530043931 4.768561662022867 4.064807406945544 3.7124451221091386 3.804359465465627 4.03689289864076 3.4863369794928336 3.8441950845923842 4.246719826560618 3.3012984945621704 3.701956065789025 3.437918956343845 3.5349247336183045 3.713908321036118 3.648788587047691 3.694735256646548 3.5847551323341533 3.3957843990720384 4.559518019549726 4.597006310878218 3.637947972719687 3.6525913257006724 3.6720750333166228 3.637947972719687 3.8874104009906256 3.661326864254457 3.787222289717862 3.8970189064524985 3.969197351227698 3.5061347401239495 3.8721151203964137 3.531818624239482 4.077027426134243 3.8122236750584135 3.9022657836227888 3.6565872370837664 1.8940741197755302 1.6160109142372838 1.694539660191628 2.051464810355389 1.3460957177228527 1.529578679734979 1.7137902238452367 2.5851746137785856 1.4982839693696575 1.889852627096329 2.9504695809022836 1.4593291868682718 2.1933934161128286 1.3635844891206188 1.729510644677894 1.6396971090316883 1.561645343271746 1.7505691240027297 1.903604819562281 1.9054410277529925 1.5812115253343222 1.4714296536335145 1.4719868627897403 1.4668054280008427 1.4617054741054925 1.5128565935199207 1.5219853702920307 1.45697917652906 1.3447234997780873 1.9352814071863655 2.0634531204811606 2.1412668638456123 1.638287810953205 1.3121949480267219 1.6881417171973783 1.8963154302867364 1.5871688606112364 1.829909979878907 1.686608069262537 1.830778673618407 1.7660499576144593 1.4246774303878889 1.6702263042475045 2.6072998395804383 1.625412739802808 1.68263096094346 1.5749502829000432 1.4414771180003394 2.3800077972831413 1.5712922290610147 2.1256844235593153 1.4789812908499802 1.9500747556382483 1.4586739458773665 1.6729616456447414 2.4794403422323947 2.2050073014664804 2.1000369174003817 1.739218647804824 2.8532799660003523 1.7145493572671122 1.4362956371837838 1.7056641458477204 1.6684082463223284 1.6549375489765157 1.8113526839820373 1.5353564001452764 3.457539506709545 2.6885495126891725 2.001867889642458 2.030458221011449 1.5663515385075462 2.5283244473599673 1.3870854545049738 1.993931954786899 2.1547900031401204 0.0
3.5983000666984197 3.5007246089387793 3.669100891549467 3.643447286147276 3.7209002585903397 3.6756721570260478 3.710148863026753 3.5427427534208857 3.7996657458176037 3.557513728545083 3.6415668575880824 3.6109676123180643 3.6321513995474373 4.021984844961925 4.0116626075541735 4.428415514401536 3.793433070566698 3.523056055867502 3.5520466955715575 3.7785108256250486 3.32672477355815 3.6017585929322578 4.040936560052782 3.152336172863752 3.5253249822340487 3.3878622234563713 3.3611395762048235 3.5278443976810223 3.490972067465673 3.5767196893660933 3.4979818628934356 3.233703558239086 4.261060862421583 4.287221726173762 3.557513728545083 3.549258809309979 3.498246829145023 3.557513728545083 3.822761532749782 3.498958631869111 3.598587496612142 4.02703253985595 3.8506746247065706 3.2985387469605856 3.598339286886448 3.476531994834599 3.8205137090632078 3.6957375442221276 3.6716799929598554 3.5212669258430536 1.7900385489940143 1.436999481503646 1.6309742750621965 2.3146825693436814 1.464617056300158 1.5634261572482835 1.4608441731927244 2.7362891048760067 1.5469836035885152 1.9448420666220374 3.2222052725444112 1.3726187708869684 2.5142052549285263 1.361757001455498 1.7060338789726983 1.5655125380876738 1.44418995495735 1.85434758625369 2.271641306089789 2.0946133540589797 1.3369694629041322 1.555501829888061 1.7505181777889187 1.5364657382262354 1.4985199192407608 1.495253822443353 1.6506737992476987 1.435407972664022 1.3367394250201614 2.084000326451195 2.281629201512283 2.353610892130165 1.7524367313577458 1.4456904024954946 1.5614238034140822 1.582294715043076 1.5039699597716853 2.169528714279085 1.586652102214103 2.0180731954757527 1.8972986923261723 1.3479626627589243 1.839680778233412 2.801020415840874 1.7178140934206727 1.5896417690661484 1.5460827034569635 1.4588038681531317 2.5164512569949293 1.6123024986327508 1.9056354898094496 1.5801342365804272 1.9492680044378277 1.457144129628945 1.6204759951915395 2.499204518132268 2.3182771950752796 2.1573260136264594 1.9954188895605887 2.620945108714718 1.5439282818791074 1.5923657573233385 1.6863938236166365 1.8704297346935066 1.6834688915611447 1.6379058117100513 1.484541447182217 3.219061899000211 2.8624143074002184 2.3351775666618577 1.9093046774924534 1.5820602333274305 2.6347861148738225 1.5469957874758014 1.7959767437644798 2.0577879844823954 1.4438310340600766 0.0
4.336339706695438 4.149263146389641 4.367315380287864 4.320787794050739 4.472522404895699 4.428983472864925 4.443403275908445 4.2703317869452 4.430014887790469 4.229638762736558 4.385877888331687 4.342200176035175 4.283180643824573 4.6803568308972 4.742823696649901 5.158819001654216 4.547147558865233 4.261958681589021 4.283411758818002 4.541674576778172 4.038428106663547 4.359406918789177 4.798017667996521 3.862379456891914 4.255316175529765 4.032404811819857 4.090143394331969 4.26244096065637 4.211969303263315 4.274137371054048 4.172400316055308 3.9473744041108576 5.026748785019282 5.038185630460925 4.229638762736558 4.241389222784882 4.217430711663103 4.229638762736558 4.4788993187531405 4.2236629771139 4.339995580019682 4.469104874206891 4.550066713224128 4.039695437481204 4.360379686473744 4.126980209227946 4.5830587862408 4.394591707452154 4.42088673918951 4.232624564462299 2.001383730359504 1.838923277888063 1.7722928143671846 2.44403626861748 1.5721498924536008 1.9308719444470481 1.8864680154518882 3.07792149794457 1.7473498638731015 2.3367834049900886 3.366532108121977 1.8299290360985134 2.567738224333658 1.6750887217449695 2.214552596689972 1.8541910651749516 1.9179928612166601 2.2164185206653664 2.1239849525615986 2.3655750564959543 1.7600170284061145 1.8914415063424082 1.669928786502337 1.8181032513331505 1.7937755733338787 1.7597953235180057 1.6733718720914814 1.5002125411306284 1.677299997950747 2.4418221747309854 2.516653444964043 2.6107814438490546 2.1042962518362796 1.520777014214824 2.0511548253314884 2.1206969025156392 1.7348181575883246 2.106325171379778 2.1210813868256433 2.261980540581009 2.1864334857212406 1.7401162834841202 2.1170716423237916 3.0870307426309944 2.0602346255479906 2.116324958053938 2.006076249769466 1.810071108769123 2.8963708331539366 2.0160784032454755 1.8799494478600645 1.6076733105396448 1.6778668174123084 1.4409505981887492 1.4531463524474348 2.1223245581264414 2.511111748621999 1.8464350946805412 1.6233007547522829 2.56448891358102 1.6799137427225896 1.4157452592100837 1.5181807689905478 1.7853764264193066 1.6178664501058704 1.6755729238246906 1.4967345561342618 3.1775839508604022 2.272348848686977 2.180328502000613 1.774462250212473 1.72276115400739 2.1776837551800265 1.49492151387288 1.82389562619351 1.9637291237074213 1.5079103365931692 1.5852083623544568 0.0
4.383636055591639 4.3783064317080544 4.591404496265222 4.593471986053152 4.520685434142871 4.332867330564705 4.660239120704665 4.3685601206560705 4.792383124637432 4.409427517772228 4.301431743071552 4.490007169624821 4.512302517160256 5.0134134448470995 4.496373820945903 4.9011694398724375 4.459387284829766 4.330076932116648 4.103910278239314 4.533936432660503 4.023927196480845 4.3955933666781295 4.944236926787565 4.02970551022089 4.401633022954701 4.237062072565099 4.2320946288029715 4.281703478838111 4.258214568512727 4.4985550329615895 4.399653895388103 3.979500684678101 4.896406610191101 4.832885926483962 4.409427517772228 4.3937625850750415 4.156014181385466 4.409427517772228 4.816761227096992 4.295696271408053 4.434938257458996 4.954878229060963 4.838943897995983 4.199048070262909 4.366210566392781 4.403737737764448 4.555042612377421 4.641331652092707 4.364119177443944 4.357845663069087 1.4982232500345924 1.796923662543102 1.4057864052276465 3.095390509653815 1.7111011511113956 2.3939427497450314 1.8904381155344112 3.7214202653807424 1.6476179170313434 3.017024043288107 4.037931114305529 2.199466182529456 2.953389842389526 1.9498164762322854 2.6540665480193404 1.6232294173276405 2.415289353859448 2.535285870087671 2.6401352403095313 2.8649644615036176 2.1445833510137393 2.1691691450738495 2.078088158681864 2.0420205655064265 1.8405600917134277 1.656147514598947 1.5339311805893874 1.4500418922097622 2.059811855102197 2.8291984183905448 3.0671894606147587 3.119354065749357 2.512926302748612 2.0653990897465544 2.6138047086881895 2.2424873958737055 1.5298660706010152 2.472598624507721 2.5218938900072114 2.8803309588880848 2.7425283542850134 1.9551501858909524 2.5631977532394967 3.7261789723345324 2.595219144759548 2.4329202975305204 2.419018915487826 1.9789393505134818 3.505992833076334 2.473662645527881 2.221871858788437 2.350763980548851 1.5174278473687777 1.7825206805478215 1.7872351439359315 1.6512224824868877 3.394348665109069 1.4390120306817347 1.9045756901698798 2.2824213437953587 1.7947555984346402 1.8736339343652777 1.5964591227806402 2.6416127948427484 2.4917940188548253 1.9834750143307034 1.6340710802374987 2.555544839903803 2.0771597568096407 2.760067591516506 1.7461595654400621 2.522643149310561 1.724026292006674 1.9633527887521383 1.7711219411112793 1.4658813370599206 1.9817692532139257 1.9899985667752687 1.8578002729257426 0.0
4.927850144447759 4.825299551879817 5.075448545133636 5.0581518715209794 5.077101014665881 4.925051300602861 5.173103857143411 4.896620726431644 5.211557185353956 4.884208996382439 4.878786077812209 5.015056566669744 4.96359345879494 5.455505493771889 5.097399766712348 5.517012252897466 5.044416216408104 4.869630105585557 4.694444830774537 5.113069180062445 4.561891729160576 4.958854477570507 5.486196510431409 4.528603594567953 4.930192136535541 4.687121979574607 4.75146061816644 4.829316493862521 4.78820606797011 4.985777103053768 4.868779559145789 4.504073108053719 5.509351834392262 5.448728954079594 4.884208996382439 4.881347637260322 4.703657264153443 4.884208996382439 5.256250810282794 4.825645744935184 4.970969456323634 5.226474850274977 5.317023656883746 4.722766708420113 4.946652577727614 4.843745490700693 5.14000181581733 5.124496712094029 4.940091229825222 4.867094487938052 1.9154469005080248 2.222757721166505 1.7613975333557197 3.193497790217059 1.9247592602530017 2.684106889084833 2.3272030630148515 3.934393449925898 1.9632524751143066 3.2661978439152177 4.120810876995669 2.5441756766571593 3.023707568131254 2.2609776043225582 2.994173230185692 2.0197363484052717 2.7544099428336226 2.8314250754400248 2.5802308534061074 3.069443450089713 2.4970480054564343 2.457817626752743 2.124137458354605 2.3395118720095076 2.168648635342794 2.007940001127442 1.7373837932469238 1.7045079302242752 2.3551816436105875 3.091052892795372 3.238063070246025 3.3061887647119232 2.7812721756678007 2.218428743099519 2.9500135165956913 2.7018588436476434 1.9034268489936907 2.4866257855431297 2.8979528919364537 3.056414700228151 2.9676787801741833 2.316557632453702 2.7851512446331004 3.904097439960015 2.8480474616392186 2.825396491748526 2.756359282599941 2.312796927531585 3.7381413533238645 2.7694916114371053 2.3649958728109235 2.447031804029122 1.5102791032756913 1.9444018458774313 1.854889814537761 1.5084570195222788 3.522424202482536 1.3967792684656963 1.760755195982268 2.4414267033577857 2.0589246054629275 1.8924093929006331 1.667580960981909 2.6431100747725345 2.523201510740074 2.1589315792652113 1.8410989145468057 2.7588749957924845 1.637799489971652 2.7066016059629585 1.8451676357259774 2.663144385227 1.4554644895883375 2.0409580654154946 2.007861439466766 1.6698940512820353 2.1284931794130846 2.2429603557212183 1.862979313393458 1.5199108382834567 0.0
5.237520816512851 5.663903186530542 5.720804444371463 5.807864029576333 5.291572720206473 4.748943470672951 5.6284438148748395 5.321951965187873 6.14505013194069 5.621032151649246 4.934442797811419 5.456308399912917 5.797838422824587 6.287487569465278 4.773652397618931 4.793472609721923 4.8805817007200085 5.17944440445164 4.582489867698255 5.101429331827417 4.952884383592502 5.050516694259353 5.743432284206056 5.063214736171467 5.372996998137663 5.529898277967671 5.180165380575189 5.1287421730034914 5.196052802250672 5.636239183050422 5.6159027163879145 4.89658514308114 5.190717342086355 4.975205708422124 5.621032151649246 5.511255118131781 4.9703566323275306 5.621032151649246 6.0973716479112055 5.242739599539505 5.290567369129926 6.646882539868344 5.973157934387641 5.042040612040271 4.923240521202255 5.689499113655754 5.129901703549534 5.775405300690246 5.009739516091961 5.396780135501479 2.4869785562414837 2.8882366217133852 2.600583621342267 4.972495089153985 3.350152968099153 3.998291076837518 2.7963597930476265 5.482354441100496 3.1975872739367994 4.619179862298976 5.971265044945837 3.578864547756334 4.910260847270075 3.4874537887416057 4.122798225229714 2.8574575074890833 3.782123549844183 4.231349627260192 4.589329979834537 4.663538931627695 3.195101356553449 3.785830736450609 3.9343427513838853 3.6964465657512786 3.38010070896634 3.055374725280118 3.1768924036146675 2.800338920586325 3.570468529455155 4.558084725902606 4.904011637818312 4.954708304058501 4.194340300634627 3.7568205363548257 3.9640758340071534 3.0186259532350674 2.759707453081106 4.411172842643401 3.9067332828509804 4.6612291087688185 4.480905931421436 3.3712325743179656 4.320373536346382 5.544624904977477 4.2625398543328075 3.836098385170719 3.920035502600209 3.516348473023844 5.216274143486078 4.065660404887623 2.7264624835530773 3.9204797295203506 2.513429183445245 3.197573814725536 2.8883785503634445 2.332793921581684 5.043655919380027 2.6059146294937134 3.63342188462909 1.802044839374478 2.68409164929201 3.470404342556527 2.708370014535029 4.317611528636926 3.808535736940861 2.762329486590782 2.913459717116118 1.4175732496119273 3.1398240089281244 4.682592494355207 2.3584805685258035 3.9625061896640363 2.7009454970108298 3.5898466020452435 2.3411795161376423 2.149541396458445 3.513864560397964 3.291375560310748 3.276414343544503 2.5282304852711395 2.7605627015254757 0.0
4.4133844817607235 4.2297169160559855 4.443823147120261 4.398105011615883 4.547260405373426 4.496762676360705 4.514795999892504 4.348546205639016 4.505458071942085 4.312601868816314 4.462067388928557 4.419142778949645 4.36512625743034 4.75546326662297 4.8133665089505415 5.217125018286281 4.613190965773482 4.336339706695438 4.357426596498418 4.611546184268857 4.121046239084562 4.428251195244798 4.867760683763086 3.9355285223117455 4.333801597409386 4.115143873350095 4.163442439952481 4.340797562092027 4.291247597565928 4.352283400540881 4.252416363598622 4.023275363535235 5.0967532963021815 5.104648369767093 4.312601868816314 4.320127668384193 4.29660823669811 4.312601868816314 4.553532654929603 4.302725819317976 4.413061509075286 4.540093459935736 4.6235514084708855 4.105481533854905 4.429208842989105 4.203750218037532 4.656022806013936 4.470632707703701 4.496483080444599 4.311523076091853 2.0651426013313103 1.8990380896529893 1.8345922336726088 2.503429786052489 1.6420603302973267 2.005520849363048 1.936207151527401 3.1418400675338005 1.8295023799258923 2.3916174045032372 3.4250688602519586 1.890329897438733 2.6440192607383963 1.750771073956536 2.279932151377197 1.9228368713596973 1.975703282295286 2.3043587657306963 2.1762396289706687 2.4410926501621883 1.7940612958311921 1.9675869442776843 1.7359058142605157 1.9062835905438522 1.8738938654220636 1.8319816342860997 1.7491285115715987 1.5511943608642516 1.7429980284325834 2.5219147082047417 2.5877659362487564 2.6858402800609724 2.180935673182683 1.5820553995568618 2.1052180318140317 2.1650616417650315 1.7984162154219043 2.1749604913573046 2.1892541334699707 2.32602738103925 2.260289601478475 1.8130862659378109 2.193264697614071 3.1507645212551694 2.130355398445064 2.1925439615092306 2.0780253442309804 1.8894985658046528 2.9583698183129243 2.087682815805596 1.847488547620622 1.6343314176292632 1.6830098629595205 1.482340925475823 1.4471866430373 2.126392878061886 2.5418985996059855 1.8789141948976662 1.6601509971383137 2.5407887348144387 1.695277442935334 1.445946177492234 1.5238628511708154 1.799840106662511 1.590932475358271 1.660026866504659 1.536623026134397 3.174862929784511 2.2609099638401977 2.2312640409934756 1.7597900022138913 1.7377460744579512 2.189557481116248 1.5348571026515754 1.8286280094905938 1.9942988903914887 1.547510767692597 1.6229237643828205 1.367416727466443 1.9082867746714145 1.886032245578144 3.284318251345521 0.0
3.720314331096714 3.492070262319471 3.736381939212628 3.6866820294326175 3.8744018928007997 3.9054751110691797 3.8524452645721134 3.6435702296155807 3.8021553672562387 3.5627137834782228 3.7938435025085004 3.724000978503736 3.6175988554313103 4.050098435683536 4.203824718228625 4.7194989652782 4.022939700114393 3.6617769151083897 3.7235904380945306 3.987914670188395 3.3957178046273406 3.8063769967104095 4.216835940942054 3.267131477989879 3.635685344136362 3.366377295675013 3.495185820660024 3.6423893259698286 3.5786792797886022 3.640380183459139 3.5245432777248342 3.3397502542399566 4.489919676831869 4.53184999088737 3.5627137834782228 3.596142619251397 3.592872752784341 3.5627137834782228 3.854809405837808 3.5928488275245734 3.744085952336223 3.8741063269188105 3.9372736179491654 3.4958594889739296 3.8244393705901265 3.4911594210005275 4.01322796190834 3.7686226153899858 3.830430775416142 3.5948079320506228 1.7766599211590495 1.5808827166093808 1.5920860596900719 2.0615688332736344 1.2848762643208789 1.491787941927855 1.7085214301656888 2.5933663448929534 1.3590449508420208 1.9555828175058665 2.94610321573937 1.4907594849229766 2.0963262586115925 1.3010134949803784 1.7552808748350859 1.5504537980239468 1.6004191676395765 1.639336977006038 1.8894805659525518 1.8587310021571168 1.669632027983476 1.424950377331292 1.4164033746277491 1.3331803766238364 1.3622278000040717 1.4259729130149712 1.3873599148031626 1.4257656701068442 1.3466378140459507 1.8745731235061243 2.032431982614896 2.09132880351287 1.5978568832709508 1.3093147236692992 1.7410210804695434 1.9248052300378056 1.509936907418581 1.7543127647169794 1.684470068034272 1.84209357470643 1.726027458921162 1.3719990836544016 1.6246271343165577 2.60980274406298 1.6172065284848414 1.6344917176468787 1.557079146675579 1.3622278000040715 2.410404389145751 1.5596116805967166 2.2763284533617165 1.5967762170100437 1.95846391638892 1.4637280078100219 1.7694301234487495 2.4285348450130866 2.323279444071416 1.998868742605537 1.6980558834246224 2.919018931551827 1.7888979396584084 1.486697498653069 1.7628892346321763 1.8161418202861055 1.9025459718252495 1.9603995116236417 1.5273391615364524 3.429239247834417 2.664264853989526 1.9787915277357493 2.111990236586128 1.7369535781297083 2.4474691392130308 1.4403443361757065 2.0407870348581874 2.0775011933167984 1.432443600551291 1.5145825876724432 1.6032257580383829 1.8524803429234924 2.056442670105315 3.456067846992438 1.6718372155302814 0.0
3.969061206245461 3.594281984718804 3.8766120237685464 3.7843896558218035 4.132694143228329 4.262688171670743 4.0349461646136 3.8578568054813887 3.8305184139759683 3.6830041724356133 4.108305985134574 3.9148241462203868 3.703786286020464 4.103375062624713 4.596907383096904 5.148130314411148 4.385335422528709 3.9186590303918027 4.08782589863426 4.296623411647252 3.648093584540147 4.106871816906563 4.443457898272257 3.487861404274066 3.818227531302389 3.4714344025261243 3.72298032749059 3.8994996688174615 3.8163059110311277 3.7713296618790495 3.6383378261543884 3.6146139332966714 4.8320846495487695 4.917784483436001 3.6830041724356133 3.7693937764559666 3.8844158225667256 3.6830041724356133 3.914405171974247 3.8176883610654007 3.9923762987126463 3.750424471803814 4.048890526529072 3.76146541404525 4.133892569505762 3.5900342677917343 4.31237760782391 3.8960266310907166 4.135021506583769 3.7879079893268934 2.2113764736921286 1.9949286649520372 1.9913271031887643 1.8349162521580857 1.5169342244300528 1.539154740544713 2.127194050286025 2.4138929113344227 1.6434600628118048 1.9205834017929326 2.6302374941274844 1.754398355686199 1.8673961168022746 1.5017303546248766 1.9160045576969178 1.9606668504457903 1.7730482729059531 1.643522600573666 1.6707305318890886 1.7383999314008214 1.9953164834814503 1.6033220167114788 1.3413979602256134 1.4340843643332448 1.6398720696551685 1.7890752714415101 1.6284610355404778 1.7800601925947397 1.5545125230383485 1.8571138270987084 1.859396216402843 1.923017807829757 1.6433813212459893 1.3151235515290551 1.8697753463780533 2.3266860305539807 1.9125313116392513 1.5921461721340309 1.8654773759643626 1.71421672908026 1.6045783742224056 1.64056875546829 1.5938765514216995 2.3993619222013107 1.6071771264364998 1.818226842257527 1.6968388545955946 1.6036605570420224 2.31831908759081 1.6447805256390178 2.5842466510220627 1.5972466390102635 2.2480082937784167 1.633939483579278 2.0157854641781583 2.6801148010459026 2.137075965874019 2.2098962279070284 1.6504930479938489 3.3400750672187134 2.1721559763157234 1.5809672650584803 2.0685519883132453 1.696960738237488 2.0020550594511466 2.311186289779181 1.7955509193913293 3.849596097908511 2.749116163275822 1.6904676791291642 2.4745107203795724 1.7929001163362104 2.615106045131926 1.549138884685146 2.4197330031566584 2.425907854977651 1.601541116153003 1.7732215475824595 1.7452333711247998 2.1372543306245144 2.2496451442619163 3.892227789467769 1.817997977824332 1.4911697268282007 0.0
5.271063991060118 5.294435833633334 5.500501262716629 5.512033727062453 5.399191036879285 5.134096758778853 5.547771610986365 5.270633959619233 5.706356301636509 5.341078950653172 5.158518560177381 5.397190009495965 5.441614292378125 5.931011369086447 5.272221246228966 5.586145989608125 5.248709763293703 5.203405114170557 4.92227916691764 5.372432956286441 4.925564361419595 5.2331353272900545 5.815928211260387 4.901244160652343 5.318426659723966 5.160286577849472 5.109060924888908 5.170552816928024 5.153001582881878 5.41786946392983 5.322259859732937 4.843597879992145 5.711253928001368 5.597979170670463 5.341078950653172 5.297038909780984 5.027170232095973 5.341078950653172 5.728538836084045 5.196292402898002 5.306670770796006 5.811796471691178 5.747203365604072 5.033875178407027 5.201023939539382 5.306525623416305 5.4108649244884495 5.553727817968547 5.224973819896464 5.26360008752338 2.116324958053938 2.4780647193845393 2.019013095850747 3.7941608408972645 2.3819148758438344 3.1866175897238356 2.5202472926426327 4.517286104101546 2.407792260631228 3.759588808082406 4.761950399871709 2.92263767565494 3.67812709902751 2.71243275799256 3.4335223592318105 2.3168272478703673 3.1496071173315903 3.392346185953451 3.1899556812175804 3.6577049003664497 2.73148453932021 2.9391511852255543 2.7017638736608163 2.8651944327175163 2.6119571257625087 2.371171835525109 2.204843326574015 1.9982609410167191 2.7824379770238536 3.6534821635852746 3.839876786800838 3.91519687545772 3.3090719746078108 2.721507694864001 3.3484340283775276 2.8785228768202384 2.18474396992175 3.1105975008136646 3.3178221914049866 3.6208452759089953 3.5355422271945747 2.7198385383648835 3.3445088133476144 4.504941526847157 3.3710169772501892 3.262341135332115 3.214565139609388 2.764867552918424 4.28619556333254 3.2588626324110654 2.298792636382853 2.8695782137033494 1.5694452099565428 2.3014486534870673 2.003269799197577 1.4202845814043268 4.018922357706874 1.6081232917691575 2.2628795538089386 2.0533945589138596 2.158663430606549 2.301996586263074 1.7964719061524306 3.1001181884521087 2.776232219306528 2.18057087760886 2.1249102137524494 2.326643778149975 1.7077054815254857 3.319653306988392 1.7487417783716397 3.0269723918922407 1.5292849534522144 2.4718122601333787 1.9807863433412944 1.6938524932609258 2.5196685947260242 2.5512406841710358 2.167467484494565 1.7594487802881158 1.5733498780560649 2.350099762275187 2.155472076090074 2.52466959327365 2.819351521493381 0.0
4.241768643990229 4.422584895766893 4.480229184689103 4.503489953276911 4.30352001815382 4.014355495711969 4.395979123874363 4.247081048140827 4.73958393398701 4.437776405964282 4.1506189864974825 4.312532853942205 4.556627752552349 4.916924199532099 4.3215551596681685 4.470773860924254 4.144358377980394 4.153232491659111 3.9599419811313945 4.217126074208061 4.028438736557292 4.086640452032431 4.62821220387966 3.88339254616357 4.225038816543139 4.316540787983108 4.040274142051658 4.169715269177515 4.1953993709569835 4.389448733392595 4.368050549933924 3.910723726573658 4.553529264001802 4.493500966511617 4.437776405964282 4.36766326226781 4.134360193255683 4.437776405964282 4.717689591476642 4.203647952526561 4.229804564650193 5.156799658323078 4.649088845598047 3.881197198665486 4.008309434605926 4.386543513166984 4.273813642828334 4.503563354277653 4.184087639474408 4.284815346060427 2.1060324237243746 1.8792508801596266 2.019987966306007 3.4423134905979977 2.285002316775898 2.5397562926558654 1.712619186495432 3.852556860679731 2.3231506345151414 2.9282576474722135 4.393377664961722 2.1533473412401083 3.6837488435972023 2.2134118844524098 2.637121057293363 2.1029356409793043 2.20881669533268 2.9355869030097264 3.320874943241254 3.228591529820656 1.6702263042475043 2.533199509468209 2.721620804924107 2.4997518009669686 2.345783775212167 2.166655963970615 2.396154104743201 1.8884879948074962 2.184841200388156 3.206377959784049 3.4314147464523153 3.515814727590444 2.815279811975609 2.33546218941853 2.3127222237163636 1.7722867580441788 1.9723582313439598 3.2477255207404703 2.4303461748461035 3.1157068021039334 2.971987072987384 2.116295498578042 2.9363749812003976 3.9459198821223627 2.7531558172661392 2.4534672944351397 2.4706010387876454 2.3457837752121664 3.615246242426673 2.605123353752211 1.4053879078283105 2.314384414942053 1.9579571275350647 1.9528163707713844 1.6882247163558683 2.3810579821997497 3.2102541778721574 2.332404074545647 2.657062976970217 1.831413230801094 1.5757107227834102 2.225371029652177 1.798650045633582 2.666719435657734 2.056242046659151 1.458699031014366 1.8421525743290528 2.4591307215791853 2.9531268897997243 3.348433077614713 1.6173407327262355 2.2214099781025296 2.7066016059629594 2.292832191569618 1.5165082021302916 1.9824104045180932 2.150384016017583 1.88381105874141 1.9875852826827913 2.240021980115858 2.46367582527926 2.636536251427827 1.965723669977206 2.293727648012227 2.658347875277844 2.384330615585612 0.0
3.8669681153333086 3.8694192043878393 4.022490341611005 4.013777635278885 3.978916061165846 3.83499451543488 4.039607390601294 3.8357639830869905 4.207414434183397 3.9022220537043317 3.840497966906804 3.916442460791819 3.99974322899075 4.420254210450886 4.1260904218553955 4.481667883836953 3.967615100570802 3.7970518837365486 3.6954671922021487 3.9903301368752087 3.5775953053977023 3.8373623972976545 4.338596574422972 3.469968041983751 3.8224255628330543 3.7455632047593137 3.66340195286829 3.7847682508711875 3.769823571256997 3.923600060382921 3.8544254511205587 3.502361796235637 4.40373208818966 4.3913468144413095 3.9022220537043317 3.8845720536540767 3.7322720619268535 3.9022220537043317 4.220200470622825 3.783738985130375 3.883607269308426 4.480530112371962 4.220200470622825 3.5911722067042895 3.799791858445674 3.8589761361961776 4.025308813438594 4.05288645402786 3.8804303038709684 3.8350070461595633 1.605286307867617 1.4296230740833813 1.4664101717471745 2.699498796432982 1.557383057388594 1.8623007410788768 1.4199671038160184 3.179605754526462 1.574265719024747 2.3636083879168073 3.642513040389996 1.6229569700614952 2.8137895263750976 1.5300919909244117 2.065102913905646 1.5203004782425151 1.7272660232095067 2.1532975681975954 2.527119966882362 2.460379790103442 1.4458139767053577 1.8124876477877343 1.930208042083499 1.7189011021477831 1.6196634110417147 1.5137544755597188 1.6319265018660025 1.3398312404448725 1.5618484484779334 2.443185294981595 2.66568649745878 2.73465563107616 2.0848810380780125 1.6504185401500409 1.874029726748368 1.6188519166816593 1.4163319450903442 2.403425859795775 1.8895624309146235 2.40581970403639 2.2478386711375755 1.4951630495730548 2.1744907395499333 3.238415477712635 2.0703492556975394 1.858237827721168 1.850284643206752 1.637692332637202 2.9645034352408786 1.943862146882203 1.7347129457981423 1.8184786656299299 1.68309158835768 1.4438310340600766 1.4921253278301587 2.137075965874019 2.724752316015002 1.8608879341392701 1.9853175001899144 2.2570418475022436 1.428863971774441 1.6551497382612572 1.5154416580120316 2.156300440499946 1.8806948971185882 1.5333473436520764 1.3859193157644774 2.7748474259422906 2.5958353897029554 2.580928652219116 1.6486950588211018 1.8600132262886369 2.3131068380500133 1.6853473921819881 1.5386255811664513 1.7107189088855086 1.597387765286609 1.4678688874960295 1.5790089740270978 1.715797313192381 1.9840194752658296 2.8479475892627253 1.616868990666255 1.5988923094564116 1.8981984945677464 2.2216732589374217 1.7247173167566516 0.0
3.5278443976810223 3.419688421562072 3.58277873129411 3.5541921359829955 3.648788587047691 3.6215991905361777 3.6216447619538474 3.467860010451461 3.7053797868231104 3.4787307251788335 3.585176318687681 3.530135229371705 3.5499798022685756 3.9268277428942784 3.9729042157501095 4.392201491616057 3.737603468200355 3.4510645744512236 3.508637988656524 3.712348879105195 3.266881174753882 3.5322875169766785 3.9565647741467216 3.074824925216714 3.4452991336814076 3.310453850588367 3.283101201986155 3.4611326962040887 3.422597260229251 3.490892159761539 3.4144757655564977 3.1700660498423585 4.205994902486756 4.242127541251754 3.4787307251788335 3.4717233013152913 3.4418947409694476 3.4787307251788335 3.7281923105372003 3.4274045060890126 3.523056055867502 3.9410996626311814 3.7568081177292423 3.218983087397774 3.532464498151387 3.3905910278871834 3.755952949458793 3.606879841600221 3.6116963774438453 3.444978981304242 1.86372967077931 1.464617056300158 1.7067216797938354 2.2674400046713115 1.5036852914107453 1.5227914569440675 1.4824887310262433 2.655062163759374 1.5932632894242826 1.863164541449725 3.160218660977899 1.3408948966772865 2.5003146542283594 1.3635844891206188 1.6424293024350105 1.6163500917375582 1.389573241149136 1.8211784871760206 2.276348660461643 2.0478842179278325 1.319169692634129 1.5424962089676815 1.7722742065489971 1.5380856584405045 1.5207770142148243 1.5388888199041744 1.7151428732471183 1.50364844947882 1.3227073295117213 2.0378850966181883 2.230790388627577 2.3029569600348507 1.7135302085924544 1.4462045596977984 1.4914914847476344 1.57045819886874 1.5630374281465904 2.179715516210537 1.5286675222745094 1.963707768548591 1.8463858676301985 1.3474110180524026 1.8044511799239564 2.7271149047256062 1.6663469555682366 1.5434219048569626 1.4985199192407603 1.4617054741054922 2.4359655823441084 1.5646859598493132 1.944024221771682 1.5619169257439172 2.043494148903766 1.4983934406571064 1.67914197849864 2.6104279823953846 2.23921753747469 2.261608805735703 2.0576682164748834 2.6996062648451113 1.5912315848071217 1.633249414358571 1.7624378367825044 1.8453826019287318 1.6663816448118445 1.677680062598423 1.5420883216032175 3.311570814530625 2.968247336464134 2.334110909936271 1.9874620727202033 1.540783376959783 2.7470419765973864 1.5715718051992773 1.8631604847243277 2.1555845366849105 1.4578955055518708 1.367647149606712 1.6322263158723866 2.08787278547373 2.346938109738691 3.387715925315656 1.6688794861062766 1.5438708561504642 1.790950008791837 2.659730489945054 1.9158961332829552 1.516393368637007 0.0
4.333832958896264 4.369748705183572 4.537608726575984 4.547485753034188 4.45053426688225 4.2317111913248295 4.558230508775295 4.323775547992444 4.74960183905297 4.4113279169927075 4.2595901418060516 4.429511449053996 4.513399167410105 4.962474566502178 4.451138882221908 4.778300877549207 4.3492869063013195 4.25940815927801 4.064472377597053 4.433300900838079 4.025767820518274 4.284047337884691 4.833249312965014 3.9468485681006222 4.348837725386877 4.244721521242262 4.1474702214941805 4.244147418706794 4.230061340067951 4.452359384722072 4.374773786934964 3.9311321514213104 4.815068406008221 4.746085380837661 4.4113279169927075 4.364910932167926 4.143040782463584 4.4113279169927075 4.760252724827254 4.2604945528408935 4.352896666986268 4.967347048525934 4.760252724827254 4.058336048919379 4.253469085214383 4.365443993925918 4.47713207168588 4.581335718024395 4.3126835513209905 4.3223559875353965 1.6077905142798345 1.6781304558849084 1.4881013103110703 3.0912823906451985 1.7485401250070902 2.3400002443029466 1.6866080692625367 3.677687538089513 1.780693210321575 2.861057321233091 4.068109195669969 2.0300170963170174 3.1246110921742836 1.915874855719562 2.5220422116196874 1.655417496228584 2.2204233457110867 2.604337510566445 2.729884260658201 2.8941906529475787 1.8179741709287824 2.1616996485363367 2.161177682038367 2.1193012204971873 1.8947548989439145 1.6933288762762149 1.7237548515409473 1.3971088868827606 1.9490860376452805 2.8675860695275093 3.0933969093040483 3.1684072956026714 2.5044472163265183 2.0046298441881665 2.398427066337099 1.9688921969474213 1.5332257237685392 2.626123829981866 2.387222263509589 2.8384329329930833 2.7296688948711987 1.8863828058789216 2.580775912278553 3.708909698497844 2.5340081713008757 2.3547385245122086 2.3262820345479382 1.9855618335726417 3.4332240436335693 2.4000348899286563 1.7286549579305661 2.1410335390236668 1.4302657150150309 1.6624600161723402 1.486614145202321 1.758165430024627 3.192397390469242 1.6489802264307565 2.011536613403761 1.9386530176152035 1.4789812908499804 1.7744622502124725 1.3870854545049742 2.442013474204652 2.0725875128808053 1.5315045848284354 1.5165082021302916 2.4453568798650775 2.2198147186568726 2.837797666656023 1.4157452592100839 2.2167084905696526 1.9590500195317175 1.863933788182582 1.4678428661543044 1.51993596822046 1.823691344164219 1.75559832018314 1.6475574372426256 1.5881100249094342 1.7114622255413778 2.5070269044592868 1.6527947999855286 1.874667260613612 2.234000724281476 1.7530854946539043 1.7411231911416456 1.542201241831684 1.8350161718893458 0.0
4.521079111222942 4.542609243392128 4.693183307493389 4.693730605675196 4.626724204413163 4.415357454771696 4.694482897808819 4.503489953276911 4.879106430964225 4.592514017490947 4.468266038550705 4.590922607860602 4.685760479990331 5.094791899338706 4.680559956741279 4.962077248821047 4.533876682552291 4.438118433589924 4.288103105089954 4.603863530498873 4.242903498017981 4.448679947158308 4.977595143408489 4.109224352737829 4.508833970810074 4.426184895548894 4.309006784947123 4.440340899546684 4.428339843143224 4.606601371236333 4.53813225908175 4.131303850467074 4.999243402564467 4.9414857180576215 4.592514017490947 4.547267169970345 4.366998559409393 4.592514017490947 4.890797764427309 4.449373800429342 4.522859159708174 5.088167570848889 4.890797764427309 4.1986545485845035 4.413383237975479 4.5205374451956795 4.655844728437326 4.727901449798842 4.5124057904423385 4.503563354277653 1.9202771830776582 1.867724577229686 1.7687884280158384 3.157824639571089 1.9430536833370697 2.4380750266810836 1.8244486619287443 3.740391955513217 2.0384017440915025 2.886957356647816 4.128863733030371 2.1303553984450634 3.283868103728835 2.060221124786444 2.624308003401125 1.924969058039191 2.2655551666439178 2.7699785303335664 2.8296798623494315 3.0118519747489363 1.8258513757481283 2.3326239889702953 2.2874650377231034 2.296256515633068 2.120297329376569 1.9426103210649446 1.9858038308120558 1.5900536082811336 2.0582281715877633 3.021942991415779 3.196595914802362 3.2870307998408856 2.642141368871864 2.067507626671464 2.416083514459656 2.051875351062993 1.7813939926522506 2.780365005501238 2.4820256946928767 2.9107612665192764 2.8140528476963143 2.0360033260567816 2.7122176590338145 3.778873392424235 2.621046354565032 2.4811121622705126 2.432899771082017 2.1749867149495423 3.507808512143093 2.506095668147181 1.5396959484038872 2.10035373532968 1.5250137027089279 1.7099427608806919 1.430696581681895 1.8905664975524656 3.1265561719365604 1.8373864613261799 2.1012965678610107 1.912170452994126 1.5238839473788348 1.817324263103611 1.442072236301187 2.375160705565266 1.8985589117715358 1.4438192715465907 1.6094459055925314 2.530799715369416 2.285426392859832 2.9027208366028296 1.4090195734724675 2.1321264791463888 2.114349926238855 1.9300062017958974 1.4918219326375972 1.7167225916747006 1.8790245109819161 1.7931388712113248 1.6193117387391964 1.841824076551288 1.8886083757938839 2.659706798379637 1.592402209867213 2.0125394399016945 2.3341551700521266 1.8634333443583972 1.6029272598599316 1.6156042383256812 1.8586861280388265 1.4421411462797007 0.0
4.406578360614741 4.44190595117412 4.60503153500385 4.618966730385989 4.521402436558339 4.29687444008597 4.619972893466971 4.398893266695736 4.8160712580025145 4.492680885728008 4.335820009932956 4.505019523754067 4.590831879342093 5.027217160016357 4.517704902045722 4.832091175048907 4.403911663673533 4.325418133841373 4.1406311865116185 4.498915790760322 4.111062882828052 4.343962182251925 4.890655851205921 4.008019885082333 4.432293485665911 4.323458109546351 4.211633570898607 4.32064975369206 4.3045607991245785 4.527486424367012 4.451210500409766 3.9963415569163176 4.889708713643905 4.812603367702716 4.492680885728008 4.432772008450166 4.21677713521095 4.492680885728008 4.8245651085985655 4.336708523425416 4.415313274158325 5.022132875183396 4.8245651085985655 4.1070863697433975 4.322794710073232 4.42987420017133 4.551850263291091 4.650210930040556 4.387991157260729 4.39529134592983 1.74109233049104 1.7761162477692207 1.62188828448062 3.1521046625063613 1.8480427260002121 2.4397437112788913 1.775606321801735 3.738546317281707 1.9149461591422259 2.9115018741087386 4.127912289041349 2.0979108085753366 3.2171964758417224 2.0290363792364485 2.5812448359092426 1.7687884280158384 2.2953751181016453 2.7182963056875193 2.7911888462106424 2.979086337338168 1.8692999309528735 2.2478172423850142 2.2553857920379596 2.2530270667377907 2.006997723211636 1.804319289786011 1.853953937787727 1.4997034554765118 2.0340608350698623 2.951812545584875 3.1699082097840767 3.2508086268549534 2.5887702025650317 2.098637853917463 2.4679788271295413 2.0361392423994262 1.6516817847664258 2.7118024179583053 2.469406683763988 2.904554785123008 2.8244608028181415 1.9963591876365783 2.6663236602973215 3.769264396437729 2.615289447916459 2.456109844931281 2.4145661284015527 2.0929404026023004 3.4800895039954085 2.481795057472971 1.7106557615394289 2.182279299897483 1.4969686724336804 1.7630211141665997 1.5220821233731132 1.8499234087448584 3.2235984648418032 1.788692729054727 2.104650609999601 1.9276599656992957 1.5154416580120318 1.8346223329198499 1.428863971774441 2.460326262634673 2.031805721315889 1.5119744874958168 1.620143518646663 2.502219592911518 2.2756480260602614 2.9135157360490593 1.4221477403660234 2.2325254293815444 2.06336878309229 1.919089253308989 1.520201753366362 1.6529623377682885 1.874860598678131 1.8140506765984366 1.6886367135918867 1.7446057517649607 1.8169875548290044 2.578098312026089 1.6732120382525528 1.992299659962032 2.3689220437251834 1.7801930532902661 1.720795370187753 1.6442179187052817 1.885878176551087 1.3967058769490168 1.4175323012620442 0.0
3.914512576181395 3.584427196166584 3.8124362126923 3.7298569776188994 4.056345417999119 4.162652015672079 3.917211516211603 3.8084593751591123 3.7774027768377834 3.6867151924088066 4.0657788211322785 3.84750685840015 3.705678034172398 4.039089366610206 4.551703117425082 5.0323482939095685 4.2730527484638525 3.8409632943017953 4.051135367538884 4.191555351237562 3.653344264625701 3.988584070514378 4.3171040481890985 3.3952592460674116 3.7620916601150682 3.4832278468049385 3.628845607835616 3.859596678039837 3.78541110557911 3.718398547801901 3.6105743394179397 3.5627790274411897 4.750759343686837 4.832935245970632 3.6867151924088066 3.734542971101695 3.8702287681392704 3.6867151924088066 3.844351248466485 3.7794362039621197 3.9007373588022984 3.766570527711997 3.95421216400136 3.606073000679048 4.019170089749687 3.543537786935421 4.232015200208184 3.824894739613583 4.081996116830395 3.7475736414227625 2.33410515805156 1.94204435392902 2.1057236540584925 1.8745062542998416 1.6253279649571502 1.5225784991393398 2.0033443507765543 2.3728243805805467 1.8352821635431193 1.7139602497672566 2.7023524141286828 1.5957562408967885 2.167976661953332 1.5302057964120994 1.7703398284474083 2.0366367235758083 1.5636387261084002 1.798556369584006 1.8649137288546607 1.8319816342861 1.7061920091630682 1.6463789701434566 1.5433941325938183 1.6111273031187299 1.7559296580322536 1.8770907596173438 1.8692999309528737 1.804120794521521 1.4755437656763588 1.9512797064852352 1.9437449269683458 2.039436656610731 1.680465304692965 1.313632590936972 1.618995336534387 2.1132589438452976 1.9711951941981263 1.8750608378825737 1.7313654245342236 1.6944632513413644 1.6439110561192205 1.6243059488115095 1.674256755063058 2.3990703968219353 1.5666077317924052 1.7654596175697839 1.6200012826895602 1.6702263042475045 2.230973430546002 1.5890886119451535 2.2430969941457235 1.3610816892124151 2.2564943122060526 1.5911951054455042 1.8351807340292148 2.8085672155132855 1.8551282000666613 2.419306453448306 1.8524803429234924 3.164350986925643 1.9818962641665472 1.5472613546756335 1.9807863433412944 1.4498045374327895 1.5291236847044472 2.0023144797962615 1.767171417324847 3.822988731263086 2.9206936031341852 1.8787626940728865 2.315314758657052 1.41245788726571 2.8374780760333778 1.4999348853907113 2.270465871001713 2.519532920824184 1.4789812908499802 1.5801342365804272 1.6076733105396448 2.350763980548851 2.447031804029122 3.920479729520351 1.6343314176292632 1.5967762170100437 1.5972466390102635 2.8695782137033494 2.314384414942053 1.8184786656299299 1.5619169257439172 2.1410335390236668 2.10035373532968 2.182279299897483 0.0
4.544288317407557 4.630323817399 4.76387541876573 4.774651811091046 4.6410392679447225 4.381808608122381 4.74732041641636 4.539700151057866 4.986400572890189 4.662050806104033 4.455796211370096 4.630696541038351 4.7702981262835475 5.192429172637252 4.627724011608046 4.872608860545963 4.509823942945382 4.465631589826067 4.251720584489861 4.593456588405593 4.2630303861967525 4.45384129068301 5.010407593816442 4.166031468179574 4.542923848242058 4.508607860556071 4.352554823619203 4.458504427560948 4.460753872054391 4.672377220648902 4.613318594934544 4.1649507262262855 4.947416573680002 4.874583593408604 4.662050806104033 4.6127530278186315 4.3798430824394226 4.662050806104033 4.989060178667687 4.482746882497391 4.555215779678808 5.255010709096719 4.967547899847573 4.23886068903884 4.397635377345298 4.615603134865935 4.639741547111677 4.799119984196092 4.503319643248494 4.553683728864609 1.853595098895954 1.867163636186766 1.7347007200937568 3.350485608879882 2.0378850966181887 2.5508618178997122 1.8012640820393222 3.917348517607427 2.0801445102255944 3.0499350701869536 4.331606400228886 2.2261023512372473 3.448804773962649 2.1397231499311973 2.7471016660819414 1.9254213917854746 2.3621475261614258 2.8787317943115203 3.022361051900616 3.1673109614376296 1.8772210376940208 2.4460946176089253 2.4355324274609207 2.3758476714813668 2.187353112463254 1.977861089976842 2.039477924620847 1.6200012826895605 2.161699648536336 3.1621711840260223 3.3667034427041114 3.4504883819159433 2.7754588386499965 2.2008125919399357 2.51856841924112 2.03615607983201 1.77523794266073 2.94479396234008 2.572143211981212 3.084191820008962 2.9562353618020922 2.0955956681208296 2.857635000610438 3.9639251887987346 2.761744899605011 2.5550050638900386 2.5362964257166896 2.253474360883583 3.686022753925478 2.630743369309018 1.5315045848284352 2.267798834640263 1.5059907491848852 1.7784101317208392 1.4897605241727612 1.7983188672706638 3.321522429279984 1.7847628847100907 2.2195509801069333 1.739621374566617 1.5320580430727069 1.9542540481551949 1.4790580089445104 2.5826999992874904 2.098024889333502 1.4845414471822165 1.6379058117100511 2.2789698721070963 2.3006155773125334 3.084652625906802 1.3711892103929146 2.3026931610401133 2.064228225584428 2.0769610895164643 1.415220036020092 1.58833625671266 2.0152536892705757 1.8819227023243477 1.7442623278337503 1.7753435717552737 1.878120679177624 2.4068934963005733 1.7293338725540732 2.095124915238754 2.434922622831624 1.8080048136035278 1.5748531775853383 1.6201435186466626 1.9569787234498937 1.4390120306817347 1.4025551205804827 1.4586739458773668 2.267798834640263 0.0
4.566211222709389 4.702804906016245 4.804699112539575 4.8261294531832535 4.647850700600841 4.354332316256329 4.75688104998185 4.571572188233939 5.049845952072493 4.731402940436706 4.465499290893541 4.6570326912910085 4.844790687473454 5.243276864413965 4.610830543061988 4.798856872003615 4.477358139114979 4.480229184689104 4.254575927122159 4.574066278529815 4.313600094271655 4.438118433589924 4.999826231918308 4.19536874886513 4.574009687678567 4.589036188822579 4.371473664763987 4.485564455903784 4.498278748134459 4.718107454058174 4.674248119705339 4.197187326111283 4.913810139914889 4.8300190888458 4.731402940436706 4.662967953565036 4.414439084971594 4.731402940436706 5.040579870908347 4.51827154218458 4.564896571873872 5.370451276330461 4.99790623929973 4.229374971657584 4.375389647580658 4.677794753473448 4.629418528860264 4.837948811917464 4.509666123264854 4.595714323652916 2.0277802879312037 1.9726094601138977 1.9286588997518075 3.5219073031666697 2.2424407465623033 2.696831604902753 1.8627161511665677 4.044415905508953 2.2941481630713527 3.1435071486252184 4.500900603766876 2.321419397123981 3.6788129200417323 2.304670802208612 2.8389612160660884 2.0889054285703708 2.442112171261843 3.0569988181987835 3.2483494885872695 3.339229887474583 1.900897980231689 2.6080955937806456 2.6662229692657773 2.573542365222374 2.371307052768779 2.155445244885183 2.2843237928349036 1.8049832328421618 2.298187150630561 3.32529607522349 3.538090743862233 3.625668193401995 2.932092426040123 2.3822159084247754 2.582369298292172 2.0371638373425527 1.9435565437433027 3.183792470515439 2.6620731445131907 3.2366845830741835 3.117210396741162 2.237092768470633 3.0298682354551114 4.106195499598782 2.903819285197311 2.666496260357474 2.6557306125171767 2.4203312962808505 3.80028041474461 2.763164134412577 1.4548378550775523 2.3891713648138455 1.6908201865054377 1.9479252513984329 1.5974967766382207 2.0154840300159607 3.4071001186123286 2.0496891549084704 2.4758389060763935 1.6592920202591848 1.5853577996409711 2.1415850767684725 1.6243916124742033 2.7089330307814206 2.1246503690855723 1.4693894897057844 1.803635980476296 2.266788269760254 2.5454513332586743 3.3072855106515338 1.4261689506070052 2.367866664403216 2.3269919057560404 2.2514624253484543 1.4591455151014803 1.7746006149917914 2.1603634680647863 1.9791255993421613 1.8981984945677461 2.0260406890400384 2.1411754013065902 2.428160812442135 1.8660550720327769 2.295879090843209 2.664514593590553 1.9807863433412944 1.4702095062822607 1.7489352054459895 2.040287397811102 1.5592065127017414 1.4447323433539012 1.5202017533663623 2.3891713648138455 1.4152200360200922 0.0
4.375389647580658 4.336323748712969 4.5147197184322705 4.509154715134301 4.496392972869029 4.332942177799087 4.546374768448666 4.3478816680382835 4.676215330332121 4.399770898981589 4.348486935118276 4.441294101687528 4.482207704652729 4.900319390653197 4.5929569709442575 4.938112096346713 4.442022689051408 4.2936399188196575 4.1863074127910345 4.503461067814567 4.083702078523065 4.33633844081156 4.84602390101008 3.944202522729341 4.365285292121744 4.220338490894867 4.157547708255679 4.294924354249812 4.266963480045909 4.433408369494928 4.349929115928883 3.9698193047372095 4.932563249082256 4.88587985851 4.399770898981589 4.359873120520268 4.212918820696849 4.399770898981589 4.697066959465888 4.29180386969679 4.378222679826322 4.8287567872178006 4.71981221562826 4.064799961126958 4.3245349733913026 4.317202102358449 4.555632963684819 4.553641000737554 4.393830134546199 4.332640279912991 1.8271839254286841 1.7670208501691358 1.6610129717644466 2.9057672244937343 1.7340461969107672 2.2540315434155977 1.7765091582754555 3.5049186636420573 1.850538938841108 2.691324722754172 3.868436280757352 1.9699196390148526 3.007425961803425 1.8905987746957822 2.4285198223098017 1.7809937811222554 2.133663158177497 2.548518244115814 2.5632223989526186 2.7680422904721 1.7745480227102644 2.1090838544966624 2.0543319840838046 2.103903847024744 1.9202771830776582 1.770048917107121 1.7866293684226842 1.4651066977034353 1.8838754739182513 2.7734438813460973 2.9455164090034796 3.033475399977266 2.4125663576212992 1.8875567100860735 2.2928667227513997 2.0230965517304362 1.6589083198602184 2.511082423530105 2.325426966366313 2.675508771881765 2.603980129247086 1.8858385895408474 2.472744436567316 3.5308231772925804 2.4128051500808616 2.3225795941549023 2.2549801162530545 1.9804976407696773 3.2653789006809895 2.305099823349613 1.6868531940738942 1.9502510638463757 1.5215262349224357 1.620143518646663 1.430023991516713 1.935123932988755 2.9544540951579226 1.8050034482072526 1.9338481626272557 2.1162135020084096 1.5113766208361086 1.657226661754136 1.4019518392340626 2.1972467007744334 1.8101009427622161 1.4839478688747072 1.540292795794143 2.7372627605028104 2.260974935666166 2.6679875430673365 1.4853625861597486 2.0069584791893202 2.101915464162823 1.7408640731420377 1.5762146521949887 1.7529574698800967 1.7081106209139834 1.685916601515781 1.5230717216446326 1.7840880399499786 1.8233557862903957 2.831068863118823 1.5059522049973562 1.8469222846288091 2.1655659779855285 1.8927860468103421 1.7358662393151782 1.58096726505848 1.7480881648417839 1.430696581681895 1.4053879078283102 1.40287241635967 1.9502510638463757 1.496618205436599 1.5762146521949887 0.0
4.29066533119661 3.8932255278865773 4.190381946835938 4.108774280775833 4.461092274627234 4.566156158092407 4.35325621234219 4.186867289902894 4.134942773139155 4.015172766142821 4.428470863349803 4.257805114092828 4.023425519081394 4.4141620402702175 4.8820792351983915 5.428093757035043 4.664249176592019 4.223671306271822 4.390805063847369 4.615687591419259 3.9746808585019466 4.407952953193455 4.758801313597729 3.7689798639449346 4.183100676891169 3.782602440649655 4.024982329540057 4.224042812364507 4.129737480291666 4.107373977927671 3.964754019779697 3.889938711121588 5.176958709484328 5.230269836011793 4.015172766142821 4.06503692309309 4.179872900374922 4.015172766142821 4.220869393000332 4.142802962073212 4.294473347140981 3.946848568100622 4.3704547140192105 4.031118222393865 4.4626263069804 3.8746049169027232 4.653155461669745 4.219921172072231 4.459854884552556 4.1047711681944135 2.305599680493471 2.123026991582179 2.060916577026297 1.9002075522384416 1.542819464481193 1.7958037203434176 2.2634126032772106 2.603291602557832 1.7816381021236967 2.0797630313481923 2.7310988970649843 1.8890333634417378 1.961852665331676 1.6994274166511092 2.0841228208259936 2.0548698614931795 1.98162230715076 1.9376777871569333 1.5379695432973393 1.9308719444470486 2.0976852475107965 1.7313654245342238 1.3383324227823905 1.7111591459765751 1.7786212294618862 1.8790151470616419 1.674923397202389 1.775969598691108 1.6904540409713498 2.0545328872811566 2.019013095850747 2.109763967805121 1.8250531497428333 1.420021790497895 2.0968166011095684 2.4934344726481714 1.994896926466715 1.5697788474907142 2.110359559260608 1.8429865470199138 1.8622288415203483 1.8419053973925945 1.7613259574753501 2.5576091449656477 1.8094613703307707 2.105347901336402 1.93024789890318 1.778621229461886 2.4546340047881574 1.8455347913951887 2.4950367864174647 1.5610918367550888 2.112326535216053 1.686119604699647 1.9006517013914412 2.563083277828848 2.209101761713459 2.177440655157597 1.52042503346038 3.245693802290184 2.1343870566230563 1.4527621007021543 1.9256820264106185 1.5486665258723769 1.771121941111279 2.1901392519663583 1.8297762518731413 3.856132057567175 2.495521110616165 1.656250735890724 2.332362777010948 1.7533936220532484 2.48272031190115 1.4447323433539014 2.396261953326314 2.450761615488862 1.5425209829985504 1.8084446723508802 1.5920757123372447 2.177834740687775 2.1218454350964513 3.9130087668333338 1.6189906679912396 1.6168689906662543 1.5853577996409711 2.5955098917958876 2.5958465523454115 1.973083076919556 1.8312786576499247 2.104677345420547 2.136280837421282 2.142097758301932 1.5610918367550888 2.3198915077576494 2.50902289507731 1.9275970064940398 0.0
4.029984342716031 3.9727810996088952 4.152652998401857 4.139514756930004 4.153981510495076 4.031715352875676 4.192414646010618 3.992754390434295 4.307277884097301 4.029089118424726 4.022717699914934 4.079908417860699 4.111816442525147 4.531704494252312 4.313128707852989 4.6948345743469035 4.148723459151097 3.954212164001361 3.8830374074572354 4.181101729780821 3.734908530934615 4.013476299891278 4.504115210225459 3.600639572063237 3.9970332850828982 3.8534750032662375 3.811907301029184 3.949916588286381 3.91949527180953 4.0641041521893175 3.980256614095629 3.638654432991317 4.624060466820732 4.6047223229440934 4.029089118424726 4.005809063111235 3.8833401434084664 4.029089118424726 4.329906578311673 3.939075994484583 4.038633098993872 4.490543678407799 4.354570048350849 3.7383759510439623 4.000720394205706 3.9575881852624164 4.2249888679370615 4.187929385916325 4.064472377597053 3.9761519611545895 1.6720275594419447 1.5266921530966127 1.5036699752010292 2.629819044038044 1.5080016809428325 1.9158748557195613 1.5522226884676613 3.1770155270470926 1.5946636416610565 2.375547267871357 3.5822477147655585 1.6719379692481813 2.7385354590559023 1.582055399556862 2.1044952316662964 1.5661526351701376 1.8141476862337043 2.1982851413648836 2.3793028578270436 2.446595199956053 1.541086119256515 1.8091598643044338 1.8357504010383923 1.7741266177369541 1.63965514761318 1.5346797014018627 1.5911210952269015 1.318546706466083 1.5882400956339815 2.4435172751219048 2.634598689554697 2.713541134843457 2.089356468922706 1.6248387566198605 1.9693648571509241 1.7804915919056163 1.4617054741054922 2.2908105267996652 1.984641586951705 2.372933254404645 2.2692436413665527 1.5763637734315141 2.1585641229478614 3.2147179877820955 2.0863413778697097 1.9699196390148528 1.916990763869922 1.6750887217449693 2.9483616228443834 1.9757032822952856 1.7413448375273413 1.7533936220532484 1.5990058519521082 1.4441943111363438 1.427619497814155 2.0688439582536673 2.695134092817525 1.818278237360784 1.8535121657675175 2.2789706520074153 1.4387377808645814 1.5393732030018694 1.425154993892742 2.035629456863433 1.7509796287173665 1.4967345561342618 1.3967058769490166 2.8618971976641627 2.431782609681103 2.4681323566841398 1.5931252690572724 1.8124706749253885 2.215507857422482 1.5784295703206002 1.5783927950825238 1.7499233069814233 1.5230717216446326 1.4784091963828936 1.466437458984734 1.7218943409083918 1.8802026715766904 2.936465660987311 1.4840128862819046 1.6002567167618502 1.9021597108009225 2.0938476592237403 1.7596388534428742 1.4209209308767596 1.5298577010400383 1.4735050448618452 1.5143047614226008 1.5165082021302914 1.7533936220532484 1.5852083623544566 1.7047484330145564 1.4376495583528537 1.8111248598108478 0.0
4.047386064503943 4.229570105218269 4.281448144910602 4.305377194875075 4.1084856050614285 3.834034135970516 4.19536874886513 4.050926027834139 4.543879999925164 4.242903498017981 3.9645170509411702 4.113933894909757 4.362216065335803 4.717689591476643 4.152619076838729 4.316805170030656 3.9634246230157433 3.9588689217333775 3.78410198554912 4.02745455202411 3.839784602897243 3.8950530562154717 4.42837725010201 3.6894424706393516 4.026943006318198 4.125259199249144 3.8442417714006987 3.9771291518921794 4.00243324909785 4.190991452244043 4.172095166955629 3.7219159191334383 4.373910074435442 4.324087982993135 4.242903498017981 4.172527067208632 3.9479343108822373 4.242903498017981 4.519607265546244 4.00903026528156 4.03388789209772 4.982646993183392 4.447952545555711 3.68608354712185 3.819566988905892 4.192490558800783 4.084126032084362 4.303951566144316 3.9958708118852786 4.088888842972042 2.055164470751996 1.775509246970962 1.9747801043258781 3.3275046054008124 2.2100640130969857 2.4075978764343047 1.6077905142798343 3.7006113790895707 2.240624681475252 2.780468146725243 4.26723921209469 2.017952665392251 3.5827190723413658 2.103152598219361 2.4808861673287868 2.0208345616884604 2.0651426013313103 2.799598023928875 3.2542791817597427 3.097395018875118 1.551194360864251 2.4116476359772823 2.6552674155877023 2.3882372537535757 2.242440746562303 2.0800165326668174 2.3418136449320714 1.8463858676301983 2.0680732733124865 3.0649577398118897 3.301872447548004 3.3824846754413986 2.6812590235266263 2.2516569262957287 2.162383000999877 1.6367549081356196 1.9039447973976498 3.1712980886962185 2.2741251944024987 2.9883764167332343 2.8412393321166074 1.997456003345904 2.810441672567845 3.8015756254559783 2.618752500244014 2.3004983134562482 2.3262051719274854 2.229307939817086 3.4607554093257495 2.465987401457676 1.4513188538839064 2.239851498519823 2.012087929180362 1.910751606996178 1.7060070430684842 2.4742067812713238 3.0911603136349433 2.3794464863335953 2.653448035710504 1.9397139609190381 1.543870856150464 2.194284675051475 1.8193994774472853 2.6008122209580007 2.015326844013395 1.459004116991634 1.810192755190324 2.5644598671483103 3.0513159262309983 3.28330233666412 1.6778668174123086 2.131946484358084 2.7902835322630164 2.236965702074639 1.5399272579157968 2.0207523403850676 2.080574288769277 1.7991535752362497 1.9801639675423288 2.2530373381122426 2.5158337205505417 2.726029246713813 1.9670266680489696 2.2204237055263354 2.589842776232346 2.484174767109879 1.3774777648091672 1.6818318051758165 1.8211450620313183 1.7672042641143555 1.6527947999855281 1.7558398897202558 2.239851498519823 1.635883523620908 1.5399272579157968 1.7576338739671669 2.55594611323011 1.7349169047198414 0.0
3.589551206207693 3.474871804396822 3.630074962348508 3.592388443529101 3.704522454386194 3.685791045674408 3.66178727143549 3.523702493745645 3.7367750792287615 3.530245085682922 3.6553205975731613 3.5740945830992685 3.5990913363355292 3.9601096189474085 4.058017658208861 4.459529492545719 3.810034595636804 3.5141198705749828 3.587158400167483 3.768464371357405 3.337901668030778 3.5912177072110003 4.003047470420825 3.1361653877383793 3.481978851545582 3.3660256474773114 3.339128249271454 3.525420877623727 3.4903763520746875 3.5311842371529125 3.459904927141921 3.2491842353622853 4.259054583284516 4.307237057164043 3.530245085682922 3.5357454153912 3.5245831878414817 3.530245085682922 3.7619767120807253 3.48810710362452 3.5834556903368937 3.9767676238795127 3.7903374666809455 3.276106848006123 3.580570617894843 3.4419775375733783 3.8088803901938966 3.6471848638643567 3.677345082005353 3.5039561418074343 1.9571174260838033 1.5377087243334489 1.7892879647720232 2.278918750608325 1.5781240479776677 1.5273492334884666 1.5326610948828987 2.657287621762256 1.672500305017367 1.8587310021571168 3.160595387377293 1.3888248068658762 2.539798495061753 1.3971088868827604 1.6901872130648319 1.7145042388556908 1.3839986801142503 1.854067217354605 2.3113808885512537 2.072385539064853 1.3246246259783607 1.6148253421668344 1.8037262979355828 1.5678833105613463 1.6034376276401705 1.6327132817382488 1.7945491211821314 1.5720948849122374 1.3607154207280439 2.0882768073524374 2.251092346965328 2.3268012390590678 1.7595068739727981 1.4412098760093246 1.4664101717471745 1.6026012389415885 1.6467593687475253 2.227250249743008 1.5488615001548067 1.9769508586073803 1.839488589339508 1.3883332756030229 1.8429108700060421 2.7346556310761594 1.679124021505047 1.5666077317924052 1.5223897520939849 1.5284324585949967 2.462251833229949 1.5936602560176294 1.917883761427622 1.5383225116437844 2.0806789706976536 1.4905837277662903 1.678123011659996 2.641721346747748 2.1893128133239883 2.291145705761105 2.0710635332381315 2.7261308541344587 1.6323029017257757 1.652794799985528 1.8025157011853337 1.8227253107617256 1.6442869132455384 1.6967137041342109 1.5597506849349336 3.3377866525821362 2.990987500717538 2.3351775666618577 2.0207523403850676 1.5102791032756913 2.7785892283121862 1.606956948260544 1.883102469648754 2.193139848073798 1.4926389194508265 1.3871570960714912 1.6340694594659835 2.135728205137117 2.389719764099573 3.430433067365785 1.670682193380733 1.5675475800287448 1.7678892129196027 2.713834603673325 1.909794475854925 1.5247528817223324 1.3770723990222555 1.8865114977092905 1.883832341707767 1.9509957780346558 1.5383225116437844 1.9735836565922407 2.058514169255544 1.7965331614319726 1.8565160831214138 1.566351538507546 1.817324263103611 0.0
