
0.6209670504080014 
0.7630195213012148 0.4699298409783584 
0.6685701772448127 0.4660496426642079 0.5617675943890386 
0.7804530811548349 0.5206725570396983 0.5624778109383987 0.6292249320011585 
0.6425420680305534 0.4732936504281083 0.5827590377196016 0.5215399497638923 0.6009888292663362 
0.6217751359057757 0.4374396424872802 0.5265832602016802 0.4919895275422691 0.5019993276665192 0.4993758800298907 
0.6733565756250972 0.4570026477349735 0.5159595528526338 0.5230250414004619 0.5737179184181402 0.5485835848913377 0.4845779799424584 
0.7681971796976841 0.5874303223091767 0.6871597763893678 0.6135507971280475 0.666882947751208 0.6607833925440564 0.5386524987203246 0.6190160410795437 
0.6737270764369179 0.5020954534078532 0.5760186209360586 0.6056340392643644 0.5783126674214663 0.578321854309756 0.49490824113337667 0.5394033650157853 0.6418235893864187 
0.6697666063766904 0.5441647218521148 0.6519697487879069 0.6146017926711881 0.642478320729384 0.5975184194359873 0.51618031170692 0.5842519445662886 0.65405635630386 0.5812836595215585 
0.5867966243815762 0.4189528287513361 0.5134844301097236 0.46125796399210567 0.5153620619414581 0.47292906512875643 0.4043736531107711 0.4730551023008642 0.5489155805705779 0.49458478312977355 0.5132281833715154 
0.7401223202334647 0.5191950482387759 0.6068579524092904 0.5442903471439965 0.6629385760293469 0.5641755316392548 0.5552965195780767 0.5743962313395686 0.6872158516447735 0.640254463734754 0.6680022582002975 0.5381675907519357 
0.5962516950560118 0.4285627216041399 0.5247161951196219 0.461850055891805 0.5481832888912046 0.48154325579258633 0.4305113334738442 0.4820056935069115 0.5708838692752312 0.516316467971994 0.534751016157931 0.41184301251740374 0.5378244508564485 
0.5278559372565256 0.41517818249661476 0.5302535832186365 0.4658245936566193 0.5317405973167026 0.45917557711643947 0.3964278115898855 0.4642556609587103 0.5412730928815243 0.47037494527482043 0.4732762827354259 0.38097812480083654 0.5370061632787897 0.39906963643394994 
0.5915635281427672 0.45754062633182946 0.5625644795239033 0.5140582796786222 0.5935773846271778 0.5069623362554531 0.46770013151941153 0.5029894591985467 0.6052519840614555 0.5242854568263196 0.5380173046856757 0.4475715463923788 0.5702793703727005 0.4576379131957291 0.4121801525734447 
0.6148489040865633 0.508100279434475 0.6194095915558765 0.5618760671191536 0.6080683930824944 0.5812272321426 0.46295076722027806 0.53584938921385 0.5836614345963957 0.5333400910131902 0.5361629127619147 0.46186238655192113 0.6378325123750951 0.4846298227896747 0.41990970394263377 0.4918762591646494 
0.8209604989329781 0.643415470856394 0.7072859993211974 0.7563832616401424 0.737873240207405 0.7373439790464997 0.653787063077402 0.6686476345510131 0.7919103088740308 0.677079181886569 0.7268430035083767 0.6534113109512002 0.7792772638774058 0.6687277270594506 0.6224467554716557 0.6634746365355982 0.6765245610787542 
0.5845568911603796 0.4960605956617685 0.6034596941539597 0.6101059042820062 0.6293696344897116 0.5308726259145808 0.520667198356648 0.5465516066993136 0.6878352264340806 0.5329860490069801 0.5537146609899543 0.49291397059083897 0.6385550717512405 0.506147514778151 0.43206481332293784 0.48060245558546244 0.5233784460747123 0.6683165643704146 
0.7392814347501513 0.5089844559063414 0.55297110553805 0.6189988977180367 0.538218536633716 0.6203985527470497 0.48191930155668045 0.535547391680349 0.6135779771566725 0.5363170082297092 0.5949045199274612 0.4985022651528473 0.6617288014451082 0.5301622216586639 0.4979392936161702 0.5534895547580684 0.5363453556273434 0.6771585082707863 0.5883732195695666 
0.5962615617017872 0.5199054412660858 0.6707268594203333 0.569318749001521 0.6521615259556787 0.5157857497020161 0.5026689161150818 0.5793582957885252 0.6458960370733613 0.5737387656137806 0.5637636770475064 0.48471350405363617 0.612682047866829 0.4978513934785274 0.4346802661672002 0.4964546536554791 0.5276048401148519 0.7287693542536486 0.5019977149482651 0.6311356968247511 
0.6669945080757145 0.4269567130534591 0.48464319800582123 0.4894149283780244 0.5219630199197397 0.5002980118075155 0.44720866406567295 0.4800369914829385 0.5981918652161579 0.5241633206917894 0.5659916279098677 0.43768583374656245 0.5425585291114357 0.4522501452792649 0.4420990403875204 0.4890214354491912 0.531947639562221 0.670343163634817 0.5376216442465562 0.5160230595209477 0.5538978516372774 
0.5962411257696156 0.44526602036107926 0.5497297723763639 0.48690288214768107 0.5685901558956995 0.495254452991613 0.4429352578709835 0.4923772170523341 0.5763065550844062 0.5187469262883744 0.5328662898434346 0.428497257679256 0.5498205821283974 0.44052260003966953 0.40480440803052103 0.4598855746419679 0.48275745800615627 0.6644640623698045 0.5000550714251017 0.5376897275546851 0.49277163759671666 0.47130888890639716 
0.6845224993287635 0.5055882546022499 0.5875169299350872 0.5743200769094738 0.6046956745095045 0.5699619057898934 0.5086756910879303 0.5521533625535924 0.6514966100045596 0.5724616035022512 0.6045259302443888 0.497933724498401 0.6284804875148852 0.5146301616868976 0.4822599666847657 0.5349841433372318 0.5588563720746692 0.7175777248647437 0.5642167014307583 0.5754115339614416 0.5825249061171843 0.5277431794825166 0.5242879709485297 
0.6861523571874667 0.5218577655385757 0.6055415597496222 0.6021225417644648 0.6310208941715845 0.58756889154125 0.5304086696023584 0.563909369584304 0.674922863531405 0.5801064739632961 0.6108762420552059 0.5194079027438467 0.6459487095480193 0.5338172006490938 0.49211219062961403 0.5414228731653933 0.56666629905567 0.7171541976950825 0.5567349738081454 0.5937556257545389 0.5882404103106045 0.5479698562318785 0.5374711951530332 0.6008293609630002 
0.6266444208001005 0.447859699712191 0.5427953209493902 0.44521047890927046 0.6306562938023179 0.5212756385191523 0.4874043443269978 0.48469696333914436 0.5888141620309024 0.5617659828461896 0.5776787876683225 0.45627881663499054 0.5310688795297701 0.45126302013690317 0.44237983275431164 0.47388777631706497 0.5165106484382594 0.6893780809191692 0.5501107714329289 0.5766540539556965 0.5408657029508062 0.4821627242284048 0.4609724347722556 0.5467296339559929 0.5619900922713421 
0.6545180895350449 0.5415874407610696 0.651920123157588 0.6330581306497041 0.7010766515833082 0.5615728901435163 0.5895296944727328 0.6003229048533771 0.7527020610040595 0.6118057126660115 0.6288199909150552 0.5545732327285584 0.6578967087134238 0.5588613281390817 0.5022738167334629 0.5384630197441342 0.6114824237123694 0.7459271760721413 0.5061395289554961 0.6765471812235403 0.5570952382883285 0.5836297374007622 0.5550993005601855 0.6262041453936749 0.62146578418465 0.5816025877209434 
0.6385204521036476 0.4250224202112577 0.5027396717337964 0.4583548980942189 0.530968297120419 0.49135114972192084 0.4341764655444198 0.4762471157744595 0.5670766736223445 0.5231070567751656 0.5594086484672861 0.4205612837696464 0.5288218482345162 0.43270829187538246 0.4267764272863498 0.47710435794984135 0.5093883013109419 0.6734785429418281 0.5448194014141609 0.5167007294086701 0.5320352997559464 0.4444177320043785 0.45246077710708144 0.5195767686655602 0.5450677020382488 0.4494626107304892 0.5908463220118412 
0.5998254754772318 0.4191191493598006 0.5105992765212388 0.4521976178707661 0.5566052689070143 0.4827195203899333 0.4336655908450372 0.4618023488780721 0.5593606544209476 0.5089980487426414 0.5280450820169628 0.41824747184904826 0.5146905286028416 0.4245314818631468 0.4013647801974457 0.4461466165035361 0.47872968634910557 0.6458971307623238 0.5009403619787054 0.52264198303803 0.4960500640119324 0.4442893099684511 0.4323872683663507 0.5093782516988525 0.5224526207497134 0.4226569374724072 0.5454288799939365 0.42840403708632446 
0.6353948616789094 0.45184852770864087 0.5258457998683685 0.5092978296600457 0.6002097399740439 0.524846239600032 0.49953564091798197 0.49698676562088506 0.6400194365670518 0.5458265090373345 0.5856060720058662 0.4704163905127859 0.5673325857247843 0.47311504115743164 0.4530874897748659 0.48840104035229664 0.5407890320738131 0.6761574603727017 0.5172379967930814 0.5672506540911981 0.5549620421562365 0.48619289139980953 0.48461286800039194 0.5507305781900403 0.5603242248655076 0.46863055703375534 0.5649887522428462 0.47585152368382927 0.45723915192613956 
0.6937511204553074 0.5216847434070089 0.6251283175028111 0.5595940162485361 0.6000704043199927 0.5789689315526618 0.47880142482619287 0.5628074590834513 0.5984966514864576 0.5778683324215036 0.5914419218868509 0.4855403285319514 0.6230854155804861 0.5077656323983673 0.47442623198821654 0.5403203134312138 0.5321204227330266 0.7323760528937115 0.6059268175011664 0.56520286378775 0.5686969187775742 0.53444966064226 0.5141994157535782 0.5884699359548373 0.6099222875773044 0.5429814767213083 0.6692959940731876 0.509292913370293 0.5023094610769331 0.5769669335860251 
0.6192083491459125 0.432894374312535 0.5200230161962789 0.47912572236065815 0.566532768413709 0.4975706151168837 0.45261521953565476 0.4739869550639609 0.5783637780597701 0.5177877774894106 0.5426603167766033 0.43872303800950424 0.530396566820105 0.4449627271674914 0.42104022958497456 0.46053275418950584 0.49754726717341813 0.6510752837372459 0.507345305042497 0.5293104567471917 0.5118984420722873 0.4585357222217725 0.4499343707315423 0.5227949762342943 0.5339009900455307 0.4415475120692729 0.5519822068590883 0.4467028334877933 0.42262088067607156 0.4703809544569471 0.5208035338131611 
0.579564007299614 0.45540127640804123 0.5880857330928485 0.4649545859410758 0.6009597272290749 0.4702695170406219 0.4520458261953003 0.5179376855496055 0.5900854786642412 0.5499197197091316 0.5450195770957582 0.42752279879298966 0.5390301435710583 0.4356037843938112 0.4020109574607163 0.4631699553418788 0.500897731232887 0.7080862493570376 0.5112842550804936 0.5938537399651744 0.4685636466826485 0.4849116645888487 0.446135090071429 0.5382437222275939 0.555253308624101 0.46024225984928757 0.5520183165523059 0.45531531480618426 0.43546646163817676 0.49598557935848986 0.5202306226509431 0.45886488786335666 
0.684899536350001 0.4882905136511771 0.5447446695754978 0.5539282005153132 0.5579304468684358 0.6033765778559257 0.4642538323204348 0.5172960654368941 0.5980510057806127 0.5377044865133472 0.5787977740328536 0.46494138478785313 0.6388241727708329 0.4904423617788398 0.4587416624136711 0.5266415438474014 0.502857219965185 0.6816730423537006 0.5784948463716086 0.5045648633820226 0.609267342356142 0.5024994539614683 0.5072645965127014 0.5611012646905328 0.580320574923406 0.527628799909421 0.6663051764779565 0.48931843723347906 0.49090044807942956 0.5354906773522139 0.5501931740692805 0.5099125715740432 0.54448698059765 
0.6501884421138854 0.5837535412807936 0.7228663250370191 0.6276858545974333 0.7323901012657184 0.6046798843333852 0.5771910755279143 0.6373320041200311 0.7216719577385085 0.6401934896831482 0.6329216757189838 0.5484462983339732 0.6977914580947924 0.5602176258698839 0.49551553231398804 0.5602965625804467 0.582023690088912 0.7905805242151509 0.5633783439623975 0.696003936755752 0.5645425565534113 0.6228287627249963 0.560979375978221 0.6483571268121578 0.6529430625647527 0.5937434551591958 0.6290565062838862 0.5990622642512492 0.5623047906388814 0.6072748315463015 0.6490830425480301 0.5817206056901739 0.5444473985283602 0.6489089062991504 
0.6322950371638915 0.40327478179210796 0.45639981604474733 0.5162495177385934 0.5065428476092455 0.4650719869528144 0.4554010433524412 0.4574092279307143 0.620573062388507 0.4860390490656649 0.5436868488001838 0.44048298523291224 0.5265815355499726 0.45083567782112566 0.42934007768803417 0.4577254785264629 0.5307133658986817 0.6187014802375483 0.4570511715373608 0.49796420163551935 0.5167974383046895 0.4267746371122957 0.4586423462632506 0.5052644240911439 0.5124906925102803 0.4800935572950807 0.502264334462581 0.4473833327641599 0.43388754272794466 0.4523391582749666 0.545104253607518 0.4363861071424447 0.48248736280936394 0.5158564233189602 0.5948192269404335 
0.6808315941734185 0.5706003006001419 0.7315237263888987 0.5466858408862171 0.7653487829261855 0.547481651220368 0.591050994164089 0.6445853777978139 0.7198222968443106 0.6974080183183343 0.6718538902412715 0.5525317165210812 0.6166508256634577 0.5480951232124777 0.521784632152969 0.5691871448737997 0.6438382950935284 0.8549362313659432 0.6249404937122831 0.7701782821152092 0.5515064459550172 0.606901769629707 0.554749759611502 0.6643771863037218 0.6804555943914581 0.5436526578958734 0.634542265309879 0.5718011624060806 0.5376126941610562 0.6052617488520761 0.6458716199432156 0.5611141869332638 0.4968562783193392 0.7183853868783314 0.6435798048642276 0.5953595286046565 
0.5993546172587796 0.44697852763421464 0.5342692919934328 0.46433139986316013 0.5846364312301197 0.525442290926607 0.45697667286380533 0.4954724958386472 0.5983472817022448 0.5411007087503151 0.5655454433539808 0.4255896362808237 0.5747532453132504 0.4361128236001777 0.4138091809256074 0.479218290531887 0.4933957474916466 0.6915015120863593 0.5342163090767494 0.5565047708028422 0.5430269654455744 0.478350408701733 0.46129935915381864 0.536340025461535 0.5570838307148998 0.45416351123544035 0.5988215025424032 0.44614220182681813 0.4444758106850385 0.47817160836267325 0.5396188944567998 0.4717371837380866 0.4585883946891063 0.4785116196088385 0.5739472235662625 0.4962054077554634 0.5911633206377196 
0.7288411263052618 0.47681695618229203 0.5379107495799192 0.4776923129597702 0.6175305838785541 0.553235206959274 0.5199028345978691 0.5356110551460842 0.659949525729348 0.6237021921274313 0.6636665444953717 0.49207197225241944 0.5685896126786771 0.49375666272615015 0.5135708640718095 0.5578215403035588 0.6162810815730877 0.7718812989484146 0.6512390632027699 0.626042240318556 0.6354087058865838 0.4971959226636631 0.5272553919799984 0.5990974634338829 0.6290518414916981 0.49030043575177595 0.6765043996269802 0.47614672049880846 0.4876380108591066 0.5281803243576217 0.6012376177625476 0.5125056160216173 0.5178884146427122 0.5659442237505519 0.6892300876526146 0.5185033088998715 0.6213976339549051 0.4867444420309347 
0.7701360506193942 0.6279090738408026 0.7095661560419732 0.7653562108300509 0.6710918911570025 0.6964884072234124 0.5938942087638361 0.6637680271065105 0.747750683954063 0.6258053358691106 0.6616139036366695 0.6030176596877668 0.7887727710400373 0.6367251419946373 0.5644762006151415 0.6283033185072455 0.6171026180073427 0.7702293265163636 0.6051774054235238 0.6163631511641742 0.6627017658606503 0.6458285379683913 0.6311698092178667 0.6765871316459975 0.6802087062576281 0.712177230783646 0.7040602974058903 0.6557832497057355 0.6363314284972544 0.6758794343997081 0.6809206856413332 0.6403684536122569 0.6733530804763901 0.6422101704416924 0.73474069891455 0.5919169011120151 0.8360505255037946 0.6779948740125177 0.794571710600015 
0.7227849072466557 0.5849632620677869 0.6930652771051835 0.6389304377091513 0.6887580116342379 0.6154035966064493 0.5742745281149876 0.6492610071328048 0.73504522089721 0.6569796499246467 0.6641706383055981 0.5547833707181726 0.7102179924686921 0.5758075605998818 0.5299987872100405 0.5996602070346432 0.6260341673568088 0.8210790938393228 0.6165843500745734 0.6810945342057091 0.6188070128680738 0.6066933375255299 0.5900163273565686 0.6605461449167864 0.6774002982036098 0.6365080815952373 0.678321859920413 0.5995980178937581 0.5881298647906302 0.6356461587562695 0.6610191553802635 0.6073375186203781 0.5799789293151263 0.6499646229191333 0.6857498439344609 0.5921162182163585 0.6939527008694131 0.5994353687341725 0.6790731622237653 0.7495373926476766 
0.6099630712890965 0.4858448329127895 0.5944305851849981 0.5193298721220448 0.622208304637799 0.5591463337964017 0.47166709009611707 0.5142274559074905 0.5860123390664831 0.5408116980721597 0.5494676660313231 0.4610062238606448 0.5927161480643637 0.47104782884826046 0.4247625249287081 0.48194498846219747 0.47689784988000555 0.6740713464553444 0.5295916869383521 0.5579377767231619 0.5257301942413368 0.5166218651173994 0.47095454090423594 0.554693412409936 0.5616168415193664 0.4717496831107105 0.5977886937747974 0.4875753177127694 0.45399503535805863 0.5106208567256362 0.5347389585747866 0.4737307899964769 0.4802979994798943 0.512009886854794 0.5800689339886503 0.5139645380163437 0.6020052955164448 0.4739265829421132 0.5676873624251954 0.6553246212654318 0.6336959950724315 
0.6060759545160148 0.49484718591009846 0.6205651775189137 0.5156150059916077 0.654811104377911 0.5216510573046248 0.5068608325020512 0.5533938886652742 0.6463506843228994 0.5846681676651307 0.5805638811106442 0.4727189072515232 0.5978006707144851 0.47985126788967136 0.43822600634808884 0.4950620545925178 0.53428571216122 0.7362785040482841 0.5238363695783161 0.629523171770569 0.5154353899880422 0.5295127907870086 0.48941461966555705 0.576232984139619 0.5886556842196056 0.49503335262521403 0.5713497015762019 0.5064665964236706 0.47858607807023024 0.5244499169451914 0.5782158706573534 0.4996873916631746 0.46857061265868905 0.5783800203780658 0.5756840667999047 0.5145676091943195 0.5547936639930678 0.4930241034126035 0.5716505944672389 0.6989889656635554 0.6178307475313125 0.5188481396820218 
0.7777680894511345 0.5555811136767377 0.6183196874574991 0.6551678543207435 0.5893491858979546 0.622655574396097 0.5314523838091616 0.6075502362526416 0.6889677964998658 0.606235891340491 0.6500982546974441 0.5404990711331668 0.6944134737972139 0.5722633598027459 0.5409453681371484 0.6040924284919403 0.6150080578603656 0.7652020814890802 0.6309121977860545 0.5779206954122764 0.6496918720447331 0.5604139368634498 0.5859758927545483 0.6305887691928673 0.6524927105129626 0.6471983316072193 0.702726241728626 0.5682336944083457 0.5777937879937072 0.6274054957264865 0.6231470569012122 0.5879265336083259 0.6122673345893858 0.5950706800143621 0.7302272154750328 0.5407654152515693 0.762693771214214 0.6149112150261974 0.6656213925787108 0.6875563819772509 0.7026784493090236 0.6347856261675939 0.6587481020118774 
0.7290989277015801 0.561985288225766 0.6553872872737891 0.663704203935477 0.5881882475413602 0.5971077838463282 0.5149320479701296 0.6228557523800604 0.6811982433524615 0.594174623237852 0.6236773536811876 0.5229065686541815 0.7018867535791451 0.5597516369478878 0.5097200702570294 0.5865737454683245 0.5896224105396496 0.7661051746688794 0.5945146357107356 0.5848951926312157 0.5969639746968458 0.57070645650738 0.569959647756099 0.6216056657219787 0.6426052733717805 0.6619098250884337 0.6751637472507379 0.5701871974613637 0.5788290336901398 0.6332834002591744 0.6062023454421691 0.5907247046098928 0.5808054738671704 0.5998593532648191 0.6852810809997111 0.5471954641651844 0.7276499968869353 0.6074617121288837 0.6878646702493176 0.6585340780662862 0.6705444126382495 0.6222791534284795 0.6314040260421154 0.6157382483436636 
0.6656177221122811 0.4887707111176548 0.5955594186472674 0.5350275019766442 0.53220231905406 0.5324642641525079 0.4237748497080385 0.5385614355861703 0.5532848884422181 0.5363150457603649 0.5506199204284398 0.4386893573457452 0.5947286193983135 0.46984350689044574 0.43504735063104966 0.511941154717091 0.4965285063971656 0.7055880216160272 0.5761517177608443 0.5145525986046542 0.5247293107864149 0.49406272421934005 0.47954116646429296 0.5490427817247201 0.5768223894262561 0.5361865615140426 0.6445954864115032 0.4697247578597209 0.47699281663981075 0.5587351889450836 0.4954640595405261 0.4957676120702642 0.48166791621889654 0.5114124378815207 0.6162743197773085 0.5100364320806438 0.6154306648449925 0.5124499179625057 0.5737841083870848 0.6267499740887715 0.6107059157953626 0.5130618018425741 0.5486889081861753 0.5593703495205053 0.5306026517220827 
0.6969815902172761 0.5314348789749671 0.6142938071586432 0.5552525307683895 0.7092732070880919 0.6191585734065153 0.5731946768223408 0.5651669242235013 0.6934818220935886 0.6302703750080595 0.6513313930099901 0.5414666001603198 0.6390332877821113 0.5395372804065982 0.5162333049527466 0.553936131434299 0.5888482055308553 0.7534545291682672 0.6044367697451176 0.6525389393921004 0.630841565611147 0.5676073389535216 0.5491417201158715 0.6280255514851862 0.6355749982089246 0.5075267761294169 0.6519918638097312 0.5484717946719875 0.5151226830863432 0.5488001953122142 0.6419602976934851 0.533982268850196 0.5589190989609295 0.594683604279528 0.66930374232191 0.5562034009252904 0.6640586786757134 0.5290475030456792 0.5901644091361036 0.7706395831762017 0.7143296619958719 0.5530461203147073 0.5831031454803302 0.7269438301204098 0.7402190416725044 0.6380313945624254 
0.7629201289539228 0.6061915293864152 0.7156598495081657 0.6370264336218098 0.7591024593541702 0.6466274421157743 0.6263478468050778 0.6547632783235183 0.7526018310613083 0.6977259429156758 0.7076848609166165 0.605096168403453 0.6917452085666571 0.6082764324358818 0.5793912732463525 0.6206102702416194 0.6666903795603452 0.8358317098329938 0.6640751997720975 0.728741292632687 0.6520115049020465 0.6364291649865422 0.6116096349917849 0.6947568971566843 0.7050950294645192 0.6037597460067641 0.7014312196024746 0.6187257130582926 0.5882619224564167 0.639970936182699 0.6903242076694374 0.6037396445462037 0.6036865467888082 0.7012736409012318 0.7268771416646921 0.6128527181903931 0.686200362417928 0.6394888201157353 0.6840336715218645 0.8212604353626566 0.7641286692426693 0.6394686928601829 0.6464852244143089 0.7713594457933673 0.7620177441361117 0.6653216606347429 0.7016266380009613 
0.6628415283228983 0.4975659367881707 0.5924089576676952 0.569601729758122 0.5472827000483607 0.5590369512049802 0.44641383688323794 0.5387106661995179 0.5815692870131133 0.5305022691412626 0.5574532649052187 0.4582307636963476 0.620896136799411 0.4876054049660241 0.4441752073933423 0.5161258670368829 0.4991188502779084 0.6874150507741753 0.5575329734488579 0.5145973040158955 0.5431850158747271 0.5101342111836048 0.4934722566970496 0.5566086764818945 0.5757448705875854 0.5501481981859672 0.6378667956971238 0.49122602360998024 0.49099030188842346 0.5554569312883437 0.5225031631508222 0.5065316142524597 0.510218225040934 0.5104396301037605 0.6218350200069837 0.5078646539573195 0.6590681198547214 0.517302684449934 0.5991551997824724 0.6171853933977665 0.6294296014253968 0.5155850582709673 0.5651613305439587 0.5759916799588485 0.5507210957485263 0.4640105336900557 0.6351845027990269 0.6821978571812559 
0.7980841547866387 0.4944084092199871 0.5210225533210948 0.5359266506612289 0.6132735960363253 0.6145699657225608 0.5408756430083448 0.5263098673540068 0.6590396961458568 0.6145070375250855 0.6722542268108009 0.534612444027175 0.5933584051735866 0.5377954003123481 0.5555984157436303 0.5799580440592509 0.6249607776012205 0.7366995239817963 0.671260380979863 0.5801706328014228 0.6912292962449991 0.5065033721631816 0.5567912274409872 0.6125048592989629 0.6334799396446484 0.5080379979325873 0.7029601967203352 0.506460803538605 0.5029862356783389 0.5458082911303099 0.6157334759017622 0.5157905024105347 0.5902707272721951 0.5649923844997305 0.750855292201899 0.5057075402220587 0.7109328094066283 0.5534899284961223 0.5335374037764126 0.7691952480830656 0.7346322653050923 0.5830502340253623 0.6342490000986191 0.6622422867311102 0.7137700977660646 0.5984919643120138 0.6055629263785288 0.7086413492890343 0.610765580363762 
0.5402908187056147 0.40755770596908786 0.5132051897657971 0.4565210556841259 0.5396935150505414 0.45301042064583824 0.4179825127060092 0.4599211922330771 0.5595580475355628 0.4813172704631183 0.49740475129305395 0.3913989183936992 0.527292052901388 0.4034245420862524 0.3633729695505046 0.4178648164314153 0.44903798219480834 0.6295280405030036 0.43863003306525394 0.5072453601522815 0.4520935155762148 0.4396507931274212 0.4128138538949938 0.4859152688080814 0.498694988142106 0.42670707493887217 0.49753836305532423 0.42109876385014505 0.40280150542926985 0.43986464237783174 0.4935664068847337 0.419314752948045 0.4107497230996961 0.47406747619390377 0.5106445417010458 0.4158784385112284 0.519354860003646 0.41568762677210735 0.49778142974753903 0.5871543548383372 0.5431716344683378 0.4412676975416343 0.44135374730771165 0.5530305341686048 0.5315543716616323 0.4600680588812242 0.5092967542810805 0.5781353741031529 0.4677241084557076 0.5389272903411737 
0.6520871069552175 0.4729170994107031 0.5563902507506048 0.5731244424501315 0.5378276045602152 0.5313962508628634 0.458248054295182 0.5153792396314856 0.5984077480699304 0.510435706583573 0.5502453988154085 0.46214035080255444 0.5987519531806416 0.48563583582400643 0.4439577240139417 0.4952623924188069 0.5100528206692477 0.6554499205964623 0.5099402777004631 0.5018391755531377 0.5295851468748616 0.4913581877756074 0.4860916790087895 0.5404428826109662 0.5528301346373441 0.5327926012977019 0.5806793816773121 0.48685372221589635 0.47817003214625875 0.5238949339943622 0.5346455681040753 0.48444226869332047 0.5117075868838101 0.522715345529671 0.6131307164835714 0.45060322831269756 0.646009145897774 0.5308388081310778 0.5986378144200863 0.5921243388868072 0.6230773103235653 0.5199620547462896 0.5538619915496195 0.563540347962169 0.5464586985216953 0.4841625047380868 0.6173335066166957 0.6604224573948889 0.490837168831537 0.5869129445560566 0.4510938767772497 
0.6270449808742783 0.42955187527363625 0.5077492692151575 0.47149163294046437 0.5104908441545852 0.5128818198088162 0.40355739941850827 0.4682834074959926 0.5317857043578974 0.4968100788039556 0.5252242905776381 0.405287200875176 0.546300181187154 0.4260959354477891 0.4024497877159141 0.4670867035463375 0.4608292310810868 0.6466944924365294 0.5353806499888052 0.47728573866711915 0.5233166101463511 0.4426013626461967 0.4408455263494732 0.5073444257450922 0.5296390219833512 0.45819691958453423 0.6023303606266803 0.4225871051836564 0.42260710453273403 0.48326151741767426 0.4800201197770985 0.4428410494591967 0.4563260752229538 0.44782378320497357 0.5855257143519429 0.45910361885009887 0.5987328839612172 0.435757955366371 0.4943225448034373 0.612292973906157 0.588221976323582 0.45773832188814406 0.5075597958247878 0.5445794169388352 0.5424213078830011 0.43667823729073224 0.545267463603253 0.6218574159168726 0.45387571170185753 0.5085376668987847 0.41694190633762884 0.46731685513273047 
0.7092263257729602 0.45749966014407534 0.5185597487700482 0.5022900564058078 0.5855340477396885 0.5315284031513153 0.500566062628511 0.5038897620689237 0.6296304880521311 0.5714031485857203 0.6155945233801432 0.48692274313266415 0.5462577592439257 0.4895988078193336 0.4931078937880583 0.5207770205099655 0.581552418375886 0.7035594793920754 0.5864659715160038 0.5686175097737327 0.590619158192822 0.47738297561708276 0.5030929911391332 0.5676788715786403 0.5857133738768098 0.47733785787008964 0.614071207519621 0.47194033150304854 0.4631317403293977 0.5059301407777791 0.5724631216484374 0.4748188293282189 0.5145915338162179 0.5587029741822377 0.6660521246070116 0.456930403268597 0.6120063952255534 0.5214105788484907 0.5151506498141485 0.7139900906085994 0.6661996251366713 0.5426876411349183 0.5625570464692337 0.6229220391506262 0.645979881305924 0.5467722212734469 0.579464650291124 0.6498251887684908 0.5640263757391101 0.5105636432491168 0.47745366576915615 0.5333921600560582 0.48482970144074106 
0.6316665484780184 0.5138196842070186 0.6393777675612188 0.5296341333635927 0.681176073611481 0.5393142357188542 0.5319716988677387 0.5724168491622652 0.6708377805720436 0.6112492840671668 0.610332644090056 0.4979897830916174 0.606030579920595 0.5012631396397049 0.465657009742603 0.5190077430445115 0.5651614845182745 0.7597605219610429 0.5546093410491435 0.6622999267631522 0.5385032532665107 0.550083711566351 0.5107486268500891 0.6009181504986283 0.6126202583044458 0.5104677337331689 0.5960264705580681 0.5243976807443989 0.49621443080247574 0.542771215832267 0.6014971057342147 0.5179255726496251 0.48607737308073595 0.6072480117694046 0.6020244202596744 0.5355654194858194 0.5669776458566125 0.5139659040038769 0.5811410528409877 0.7372162040828072 0.6475911165297741 0.5393592043702797 0.5261915440984227 0.6894779182975218 0.6648280500246342 0.5748379884617909 0.6011074128954881 0.6638867083265717 0.5915999798821207 0.6470851184838736 0.46756925290292173 0.5813374330798227 0.5297658918403266 0.5754548955336177 
0.6241524570068309 0.4698900884972226 0.5693916276685421 0.5478055775169766 0.5799788791104 0.5185137329697169 0.4680216204016061 0.5120999360521986 0.6048174680158126 0.522151211021247 0.5381487550116704 0.4629360968306268 0.5796794633623731 0.47774594065928366 0.4280768404494734 0.4756560830988225 0.5015650341417685 0.6595401683797656 0.4900297987882534 0.5393543421011415 0.5048029472300749 0.4931759575194434 0.47331691579361 0.542510831452647 0.5469339768100584 0.5037673174433711 0.5485645188047827 0.4935725969076508 0.4594634679112644 0.5114419264034936 0.5400259620396073 0.4687257395834598 0.48639568359780205 0.5405193109239489 0.5852754806284107 0.4516624870632968 0.5950303483260629 0.5245851559857698 0.5913553380753891 0.6113791919831771 0.6137299923944735 0.500808735794576 0.5235040587309148 0.5904734542270331 0.5746424123337324 0.5042797571809162 0.5860515996367138 0.6334910228898235 0.5118443446718622 0.5847985464413807 0.43974998988180203 0.48409343238505737 0.47620854283577774 0.5259669819876572 0.5487895678498279 
0.6632580415539685 0.523606372619471 0.6420023623341321 0.5113606862744331 0.7223496953822875 0.5554698167063872 0.5661675486846174 0.584974308395803 0.7031496309216032 0.6550675331336064 0.6548892517223177 0.5217668592626256 0.6018447194301475 0.5156841043201491 0.4984289885199645 0.5449616813950874 0.6090817742035574 0.7994458098627897 0.6021273043731771 0.7137460631131821 0.5790138360698867 0.5625062188182081 0.532602835588167 0.6291701098669267 0.6433007832693285 0.5018276395930227 0.627148995820752 0.5333194499143993 0.5058857274618844 0.5493023206497978 0.6353554423200158 0.5320044421337204 0.4985606505213074 0.6355199472583807 0.6342943092912379 0.5606973755806253 0.5658234181608836 0.5144522450511787 0.556494747297545 0.8103718303739825 0.6791241589055923 0.5611710492049757 0.5410883085121171 0.7363003826058317 0.7261623510237077 0.6201506211950337 0.5968196916607474 0.6762315000196178 0.6398040842006268 0.6362087485630505 0.4919280941761142 0.6317922295199926 0.551977294519803 0.5750724631544485 0.5525457948426463 0.5874163088503589 
0.5910711648006431 0.41632252406444586 0.5039958921085318 0.4815006745787407 0.5311040412836352 0.4585249091327162 0.43554104822375295 0.47835746202813706 0.5981251893800521 0.5033135651781905 0.5282084818811852 0.4140837153325769 0.5354031666801601 0.4280142339277502 0.39637175231082683 0.4497468266805356 0.49875768743386856 0.6551241793741074 0.46714315490446956 0.5278444665745601 0.48615311607815886 0.4400380065312954 0.44232210322155885 0.5073376693524972 0.5212710864973581 0.4709983923109037 0.5176419530753277 0.44101279545860494 0.4287895283894185 0.4651160159448831 0.5233217566149387 0.44386192965789245 0.43990449521702135 0.5049350361892737 0.5545666555422194 0.4105269191108858 0.5486231090782224 0.45423451703205964 0.5060053646212218 0.6109983132913077 0.5612580325345641 0.489844832345601 0.47740728071521665 0.5542199976816554 0.5393258706678304 0.4821169884018882 0.549207564377697 0.6063626692912558 0.49424185100609025 0.5443116413385365 0.3980377197953731 0.47152344803229157 0.44218541269488343 0.48503498650947513 0.5011412219519152 0.46145314945800076 0.5219893061878639 
0.7031303378575191 0.5738239369297943 0.6894724215845445 0.6189191366360454 0.7220883026501835 0.6179195206058284 0.5863966484968737 0.6141239318259966 0.7078185037324904 0.6420688752164332 0.6598428504968709 0.5681814164009759 0.6640226376903196 0.571702925874015 0.5336973166135911 0.5753247506002735 0.6088017044027539 0.7745706272956003 0.6077048128049537 0.6775224706418919 0.6015734778588967 0.6110599067934711 0.5686746704008587 0.6520370642287332 0.6577098241927176 0.5678935014993325 0.6579039038985138 0.5831671208323327 0.5511369499782524 0.5976277102717215 0.6459640313660281 0.5647034640334849 0.5672621752259772 0.652569768797142 0.6748640740436538 0.5782330725651094 0.6615894371457388 0.5957245523669786 0.6644746260396073 0.7612142075441647 0.7316072788291439 0.5830583324068059 0.6103734253079552 0.7356748145570119 0.7179782567564604 0.6226040703923321 0.6612273344649414 0.7218467798810315 0.6279151603604837 0.686075866020778 0.534536306840928 0.6080223464493459 0.5795308444903393 0.6222073423142475 0.6260030843035249 0.5900487944186553 0.6471880254596993 0.5752835425612778 
0.6529739952924175 0.4779971835825263 0.5434830729863127 0.5702004341463399 0.5889298751495119 0.5618598046388608 0.5003232712140545 0.518226658855955 0.6538833146274289 0.5383298927146354 0.5783321153130015 0.4842447890759258 0.6204839024780375 0.49885920026905206 0.4578031586243447 0.5058914744073039 0.5327765981174709 0.6712862258807271 0.5115190158926113 0.5482325247087639 0.572796678031855 0.5050604039079553 0.5067316151476381 0.5620204962154183 0.567228753759027 0.5274542446141466 0.5821567869181327 0.5107651059448413 0.4893001855257687 0.5135724572950033 0.5886848316884161 0.5003621311460061 0.5345294861244448 0.5287719628697222 0.6226542917069986 0.465970456678737 0.672910790074731 0.5083924788062377 0.5863994289958857 0.6385584327336868 0.6415726461549056 0.5291905301898282 0.5566550714472714 0.6140922169507165 0.6129311644746702 0.5606682727528784 0.5882560237622484 0.6781675805224716 0.5492217745838541 0.5859061062166935 0.46116931945472883 0.521384165906136 0.49452424924699645 0.5496405322870118 0.5831575088075547 0.5164711965022384 0.6104770697740279 0.4809934752130266 0.6326923091107433 
0.6606314297972911 0.5596065840535291 0.7023378202632606 0.6068549702119648 0.707458196299982 0.5536865573519882 0.5665644263092071 0.6229876348891809 0.707389031349821 0.6326098462111063 0.6223319582334847 0.5411446210112539 0.648746042961662 0.5501221753834415 0.4958422817393567 0.5446267149204983 0.5986417952272429 0.7842852617217962 0.5493797770312984 0.6865482398623366 0.5337969677773792 0.5926495784880141 0.5460685140659258 0.6323708201780436 0.6390306981442864 0.5752134721688044 0.5897224421968802 0.5806152732239459 0.5411832188332008 0.595039231727703 0.6315107274606261 0.5534417850858492 0.5228898268558717 0.6763192868316844 0.6246812444805099 0.5446295440427111 0.5876618634733888 0.6070539333392979 0.6763749304240754 0.7229799797820375 0.6696408363893848 0.5915116510940887 0.561058873120984 0.7003572957894282 0.6595247117312303 0.5927453428857582 0.6727667316490645 0.6923812107606481 0.6154026747230105 0.7190134717749896 0.5003049627475159 0.5820418042104605 0.5866962054400094 0.620391401789894 0.5868480658857271 0.5495740701702347 0.6220083127319692 0.5284252627197201 0.6560034451498279 0.6206869953245119 
0.6365409394757628 0.4471977961815422 0.5241191571159461 0.533136985315041 0.5111104465482211 0.5226463347921939 0.4265834740616819 0.48364021475851054 0.5573134921511591 0.4877850624322136 0.528485576042225 0.4321938038081121 0.5747876534834202 0.45604428157561394 0.42047770446603094 0.47466164779682385 0.4760681748716485 0.6319836394075331 0.507815396349755 0.4665223805281567 0.5225018290116542 0.4634686511510357 0.460120505000206 0.5151614134444752 0.5311344413232112 0.4945845312866873 0.5815805893594481 0.4524253039721559 0.44831985213519043 0.4976340886100379 0.5013500930634543 0.457727747409646 0.4899414690425785 0.47644262508941193 0.5970493430367639 0.4409313193824813 0.6336953241287785 0.4881262378316456 0.5567006768471022 0.5775969252715509 0.6045239813386676 0.4844224778147926 0.532638680166669 0.5406116437568363 0.5315021703202731 0.4537873538375286 0.5803713095341704 0.6387963975937297 0.46126388050893247 0.5429796245813507 0.42848989528775755 0.44817436829370766 0.42686680617838324 0.504613942126863 0.5598804058432231 0.4686093894639718 0.6044543317991948 0.4544526203279487 0.58645778876231 0.4972647834134556 0.5786763619259482 
0.6907005074965348 0.42284464137828814 0.4586372603640677 0.5113716989851331 0.4767827174887893 0.523146152858522 0.42410315574918855 0.46445724578524367 0.5713005615074779 0.49561052464158495 0.5507970628325805 0.4312837498246043 0.5568665915949426 0.4550728318546698 0.44222414065492804 0.49223390230276376 0.5104008930129431 0.6392547995141402 0.5414772633484557 0.4557925280666577 0.5736602302711964 0.4268234614845708 0.47238591214057224 0.5148254491756911 0.5361049206958349 0.4966316984315285 0.6036633719650953 0.4390098222881888 0.4458092234585324 0.4905475195435112 0.5149593926916133 0.45637204323281905 0.5104811594921881 0.46308630370531045 0.6419550686072609 0.4152961451697188 0.6624205963458525 0.48479730334326854 0.5092501665560629 0.6012810968168715 0.6097933441381836 0.5116326861281439 0.5533941251617127 0.5222486844049843 0.541045934891145 0.46790361767618993 0.5760654399164414 0.6500030378564654 0.47904368076971815 0.4837433396355071 0.4458527149996706 0.46275728564150154 0.4191231749496616 0.47363116354989204 0.578946485883149 0.4826687073710488 0.6055153097463692 0.4438084833953651 0.6206740416141352 0.48868010243887006 0.6161685258986654 0.4298053420070683 
0.6086666540389698 0.41051413235197065 0.48976068000464357 0.4815678911202255 0.48332058328307764 0.46772423232163524 0.4018799214931685 0.4642770297381811 0.5460794790765651 0.47760318368259685 0.5085331163609912 0.39520697289095047 0.5394532378433765 0.41936926907983574 0.39059917107922854 0.44738980533258754 0.46952322666265806 0.6349833630864616 0.47982959258906205 0.4613271111033802 0.49112620601170826 0.42381919918883104 0.43311430562445025 0.48798169457689355 0.510588663924102 0.46633439316546665 0.5411180183316805 0.4196752942734158 0.4219958552473451 0.4688905694184135 0.4840184607635698 0.4339852258292513 0.4477535857797382 0.4647461566086438 0.5648950817046602 0.40593962223018365 0.5750475928769775 0.4549275618192959 0.5089364585002374 0.5681082438008045 0.5541491964610864 0.4791686596408818 0.48618757112310057 0.5087452749805845 0.49772615937303083 0.43096729074001155 0.5562171554164564 0.6073272535309536 0.45074614137131275 0.519395871722918 0.3920904077776091 0.4332083185308218 0.40883704331291654 0.4732086698322367 0.5177724210367939 0.4466340417136113 0.5552464808676467 0.407717913524346 0.574783988850682 0.47386172106538593 0.5318578723080276 0.4093556537933483 0.40245764100873566 
0.6243882635487348 0.4272711224830292 0.500952414082461 0.513553110517867 0.5009441479608704 0.4835335378616944 0.427479962988812 0.4835883011683844 0.5880307288201134 0.4941670945901275 0.5336765778358304 0.4203988313594025 0.5580361326657894 0.44274678237466525 0.412233194076753 0.4692824856564554 0.5000217931350003 0.6483899668326869 0.488951113476841 0.4929916118883089 0.5114210476755117 0.44361995662315423 0.45681453171587605 0.5103642311897818 0.5280124403837436 0.5013627467637467 0.551824803661006 0.44559639471354356 0.4465214747773056 0.48537867834421516 0.5172149854499752 0.45852050287509577 0.4702267687472439 0.4905172528641202 0.5846785137325013 0.41605606252181143 0.6025888635745306 0.4738726673640698 0.5275216343738611 0.5902159552094423 0.576794782139973 0.503848288880442 0.5120985559238699 0.5333354398830311 0.5202536102689401 0.46523471860051024 0.579551501254618 0.6324829053380246 0.4765005970392307 0.5460379065692781 0.4169437282813489 0.45789606990156106 0.4357957070692788 0.49624944799713055 0.5384228624916024 0.4701552177375178 0.5724738867002406 0.4236019794312925 0.5949709763551885 0.48798735867223986 0.560199284247229 0.43782937491965257 0.4262443640013814 0.40186489982206547 
0.6901674032275258 0.4580025374621416 0.5172039314919976 0.5312555334286767 0.5979201209052708 0.5266396717709856 0.5182470049654541 0.5064462464620992 0.6674175753848366 0.5643309026718523 0.611480627514672 0.4995711452604319 0.5559526772252501 0.49971231266420685 0.4893667189392094 0.5136366082158486 0.5887353740072668 0.6888533921880076 0.544741769460265 0.58593682852937 0.579826220397343 0.4844324708256772 0.5083083030130496 0.5704357476757709 0.5771191999020823 0.4971246580630465 0.5759559078989269 0.494176830729656 0.4712508361693618 0.49994686852702797 0.5987837441773203 0.4798150126968446 0.5216849605124495 0.5761302711891516 0.6528281311037948 0.4366571466113421 0.6187382405588371 0.5330136261152012 0.5387764584774188 0.6996172564826575 0.6638730889386132 0.5494546784668662 0.56141050966201 0.632097218156793 0.6500205644959156 0.5785843174579369 0.5807551260071151 0.6523888946422091 0.5808557843086523 0.5336293976135515 0.4765626280284677 0.5356297801314939 0.5083360857282654 0.4957857469449743 0.5733836063907101 0.5178216408199823 0.575930916055801 0.4764965929200663 0.6208119225940719 0.5343052735679172 0.6100156681170219 0.5170826095280067 0.48644897095217904 0.4870488852885422 0.4957027998852135 
0.714808133119425 0.5061067141554303 0.5877872349993776 0.5574603786891152 0.6341288995219796 0.5537023382545677 0.5434167217938861 0.5629381749368952 0.6844404598341733 0.6103333066591929 0.6465227803516664 0.5221973130356184 0.6021173378497434 0.5278591669443097 0.5177545781317979 0.5529455628767649 0.6172741837431015 0.7527560954284171 0.5945972256601868 0.6251932159119906 0.5988521459021734 0.5315448716318906 0.5405253289001978 0.6073418458448779 0.6246011768279915 0.5358357517153535 0.6277837049044704 0.5224258680548006 0.5141058217972305 0.5516081096245202 0.6178125537925064 0.5258971959213665 0.5401788672032943 0.6146033708941951 0.6764772365465528 0.5001675010737432 0.6324043625094341 0.561495037593098 0.5792530614221338 0.7384142413024957 0.6852271739401398 0.5881671423370358 0.584700386840274 0.6634506434804532 0.6644312190081793 0.5843033751448459 0.6348991826582564 0.6906646634180589 0.6014995948736769 0.6004946475852706 0.5034059500046091 0.5689625512909062 0.5390024627585616 0.5488165029861934 0.6016597276531286 0.562640270987834 0.6118624644697673 0.5154912921522836 0.6586568402216653 0.5911264454054623 0.6319043443719445 0.5487662400428965 0.5373325369789558 0.509164181404482 0.530957627330367 0.5533357513893852 
0.6995623497998772 0.46582703823378996 0.5441567037943849 0.4586553848814928 0.594013026138394 0.5390275501698345 0.47792605987396225 0.5155936521126924 0.5951408434056984 0.5907693615297909 0.6134787127513218 0.4615503768769509 0.5520951664324706 0.4686268847091688 0.47636025157742135 0.5249982430463777 0.5578738013271389 0.7406935374589882 0.6274334772927024 0.5777486478995226 0.5908776502269575 0.4810310233223972 0.4930985053975646 0.5697329360497871 0.600461444499572 0.4601475745675173 0.6586861928722076 0.45384586173794195 0.4574816483398027 0.5183149025857403 0.5466957142569905 0.4811777169902432 0.4880467655571402 0.5326997377652074 0.6539792243501023 0.5102232696765014 0.5897362986121814 0.4776140656822727 0.48509935325215453 0.7425487513371063 0.649689364188947 0.5244331867789094 0.5425400054043962 0.628846370778108 0.6448659456609326 0.5148629910992786 0.5710310269847407 0.651235457774059 0.5490710407107869 0.5174690943218652 0.4692168123753332 0.5544281686353917 0.4570621100839954 0.4975993592439445 0.5582665739982767 0.546750880188638 0.5493562464635461 0.49023175715838635 0.6300988140160618 0.5681049210516954 0.6311455289404356 0.5107455675743884 0.4822976685083704 0.4691954208170077 0.5041328457338284 0.534455572823979 0.5616550737073057 
0.7630009425985709 0.592904110952755 0.6980317295094762 0.5828860836299782 0.722129303656229 0.6584142373347779 0.5746762148332498 0.6368147260063395 0.6824846073698563 0.6868034552650139 0.68162054851714 0.5585255598810093 0.6938594654307868 0.5726909119725434 0.5498608456583938 0.612122920599296 0.6144682380359806 0.8413218321695543 0.6975941734899852 0.675954892131626 0.6624762073280291 0.6094726252840679 0.588752796161743 0.6716916675917768 0.6980911228437608 0.5714139698883277 0.7470973968719874 0.5792350288791773 0.566372263631531 0.6371175554198553 0.6385532652376711 0.5913734092776268 0.5844627070352049 0.6277071894014967 0.7186189779351481 0.6415190211242179 0.6900869171263911 0.5822185612617075 0.6401229221296587 0.8072041403262801 0.7323837762527897 0.6064511534549304 0.624903195217843 0.7334938285779151 0.7307740264102063 0.6052270147621828 0.6759331755650652 0.7544303224079832 0.6383077638389425 0.6710953030422666 0.5567535325643306 0.6504911719507751 0.5621554541150329 0.640519845247694 0.6528892099649796 0.6331097968310634 0.6638914556350644 0.5972374307407523 0.7298246673313129 0.6673365753217423 0.7053897909957637 0.6077524202116015 0.6067828621759498 0.5650441943261588 0.6130507231436869 0.67683685830722 0.6898888700513606 0.5873356045701638 
0.6710173798639323 0.42808852990426016 0.48353380334199664 0.4538013242952992 0.5622984530893549 0.5288701265319996 0.4611505077541823 0.4648552411991833 0.5800057360351325 0.5397165060050643 0.5772529749814739 0.4447012814115678 0.5322987957718008 0.44935857007053576 0.4504235561975864 0.4870666336301905 0.5216790955783435 0.6709858476713885 0.5670843021159128 0.5235647998802679 0.5782769961895166 0.44730250464177945 0.467710841469365 0.5336850772036663 0.5540149708688566 0.42749662292040286 0.6069285768341662 0.4351110411409639 0.42611989599201255 0.47005347510970036 0.5338520332599653 0.4435120586103818 0.48654058895837193 0.4888119575638558 0.6299174229859713 0.45231121738314806 0.6020132099992315 0.45388721443235097 0.4707215878918715 0.6848742309304432 0.6326973433399016 0.48848144332464877 0.5244788806766164 0.5974074601345515 0.62770301796344 0.5153515136840052 0.5220114430779476 0.6241432321378882 0.5283363709492976 0.46710658432300517 0.43949900461086555 0.5144366655678395 0.43360542721312434 0.460899979355071 0.5420734787021345 0.5045348224669601 0.5364456686749135 0.46059023307196695 0.5970374691991027 0.5087311535745164 0.6130611076993182 0.4718861108048354 0.43706050458369106 0.44196879035687947 0.4720329619857666 0.48222897052161 0.5325248852487661 0.4489136770660193 0.5768261240980596 
0.6529502131868147 0.47549431554194377 0.5573232784000429 0.5405249607170789 0.5387572635286126 0.5459321074222134 0.44727245072908417 0.5224248290986331 0.5880931203014377 0.5281107148938327 0.5613176398942143 0.44376351615624604 0.6136889768189429 0.47122153966756974 0.4380088943588113 0.5068351388224411 0.5025713147268772 0.6875654215342301 0.5468114494357666 0.5080438143802715 0.5532381895153573 0.4908385722242094 0.487148181772651 0.5442898694491336 0.568253558448446 0.5259119838724375 0.6242777083061242 0.4727061989767319 0.48150120309589134 0.529475301278723 0.5297799834995226 0.4982448846137632 0.5043002237265275 0.4927621439593027 0.6148838079158989 0.49095296029497054 0.6538294991418155 0.48362908182167447 0.5639678050611399 0.6217038207598105 0.6131871489208734 0.5160927053655711 0.545835133908631 0.5694757703663659 0.5526846257506388 0.47579409164609054 0.6086612659189777 0.6754671659043353 0.48959980977948847 0.5871392875991063 0.44779763981433324 0.49340259443811774 0.44772524408786657 0.5478855641828346 0.5763648094725057 0.5160074746337875 0.6148245116910915 0.47543610770915795 0.6296635405598897 0.5299409818865978 0.6140698791966025 0.4603830113675026 0.4643910767106433 0.4332995817435597 0.46335193731001934 0.56683027936717 0.5836788411638221 0.5253377869372382 0.617028704035752 0.5012968941784545 
0.7167187524794396 0.5035841069000747 0.5893580483367673 0.5328590511886498 0.5823196499343594 0.5525302849256576 0.48802298023418106 0.5665604505504205 0.6335491709618436 0.6005519306837002 0.6274555930276271 0.48035428562776294 0.6093988583388936 0.501135919342356 0.49224787042306356 0.5583396930106641 0.5828515189033422 0.7689376443759627 0.6292450646801717 0.5903566206590838 0.59534689021008 0.5140566480264183 0.5263755648893272 0.5933489264121912 0.6256497182471888 0.5510845280494849 0.6777476356961184 0.4941526522687404 0.5114205052264241 0.570885026867799 0.570092757222417 0.5333245512443702 0.5183090022921295 0.5630083513486592 0.6709526792115211 0.53151205779283 0.6384633205904288 0.522852715712619 0.5523635824035841 0.723039191438074 0.6526091500422604 0.5748784364479921 0.5789287659829486 0.6203745488290083 0.6093508157230393 0.512927091667498 0.6513411313944939 0.7018827013484683 0.5481734447110053 0.6030489083256536 0.4969735239760373 0.5579673795590148 0.4892558061979915 0.5599878940045044 0.5999740818526199 0.5704407960450734 0.6155893241625165 0.5069624092846422 0.6744356173631364 0.5960971772929426 0.6486909526551896 0.5254226764720313 0.5072515585337799 0.48021037611971656 0.5071785205094147 0.5873805448994339 0.6023132939914784 0.5265121110040651 0.6466310154111681 0.5259847623593824 0.5327436121545741 
0.5589425874070496 0.38884483105503104 0.484036718144083 0.4359550093922929 0.5015285604662337 0.4453254778143317 0.38361607474065373 0.4350974088590781 0.5188933170018836 0.46237811626699954 0.47661209724076675 0.37443451788654847 0.4964813964579623 0.38905981572143605 0.3540966360931919 0.40955077208210217 0.43022717735835 0.6081442496097677 0.45190394724144395 0.47162204562065285 0.44865487038094864 0.4088590129236019 0.39641039924903076 0.4691367971819657 0.48286170333682477 0.4136219567558178 0.5067664729916124 0.3993642976032324 0.3790450628908588 0.43508988271724036 0.4581268138300668 0.39574361590027324 0.40088639964041656 0.4480861708587008 0.5187120829302921 0.39799581212839713 0.5134944847976164 0.41651085784046193 0.47414268433611706 0.570185523236282 0.5357878021133891 0.42323628676744923 0.4436454598144912 0.5197315212173876 0.5097208590851502 0.42125799988021245 0.5001495864645406 0.5615461924846151 0.4374646339566166 0.4909496154462502 0.3649218591005619 0.4288494513227313 0.38353423466646375 0.44462814071199763 0.46693626711521363 0.41584711573684013 0.4904241613483605 0.3869441254869226 0.5253570139048439 0.4501205578465072 0.4974184608017086 0.4024787258894662 0.40259824297755453 0.3723780804886946 0.3979542070476826 0.4505577395599901 0.4872522536745243 0.4370019242574694 0.5324034180054135 0.4086436748479393 0.4315360993755438 0.4698089954150776 
0.6909680033107444 0.45355430298089516 0.49649627170267263 0.5432552160837976 0.556475598457117 0.5648146480560197 0.4815589606596949 0.4779622929093467 0.6071510612734408 0.5196412823825572 0.5737818624099719 0.48009589960211735 0.5779893148085872 0.49094448849615807 0.47016612222000953 0.500206097770592 0.5257983231182692 0.6375680536807646 0.5382117863664525 0.4978581131037988 0.591317360323698 0.4729354180742387 0.4942041398417655 0.5447784885624433 0.552219532387755 0.4846492076399316 0.5973796931774121 0.4795154566515992 0.4588793215923281 0.4934465823737079 0.5575224914268107 0.4647008357472191 0.5411617726586039 0.5034598099283569 0.6518902125808334 0.43718996831613727 0.6779610562725108 0.515615319206084 0.5534210071435104 0.6324320043968142 0.660711996952547 0.5103127583878431 0.5704360888078301 0.5901712880926946 0.6172053569924071 0.5366126019491274 0.5629189919562555 0.655707437695662 0.5295436906445341 0.5024578641489721 0.4652273113920651 0.49386863269025416 0.4635134202807241 0.4925556314737436 0.5923614238851603 0.49528682890574155 0.6144733114578725 0.48296522507481343 0.6125509476127222 0.50368535195899 0.6288004510383017 0.4621780463230666 0.4396093330481886 0.45390908508603695 0.47743871878497685 0.49400408036586174 0.5613560389581714 0.5229436605570614 0.6409831342366553 0.45441924989048016 0.5180378051870891 0.5787613549262858 0.43105131257788104 
0.7355155858795923 0.5180466963589127 0.6018114096572404 0.5260845438146108 0.6820622162277854 0.5751583067005451 0.5646465305529347 0.5714661130521096 0.6944018287759735 0.6516670646897071 0.6784845001524793 0.5381693286914683 0.5912283605934366 0.533943902581807 0.538071474920482 0.5719326998574349 0.6387763124018174 0.7882930674317794 0.6486360184509103 0.6759692180213097 0.6286397111945091 0.5454099779152853 0.5513174675868132 0.6330621006992155 0.651469649399959 0.5140807190767833 0.667800026099545 0.5260883736147334 0.5120868764797152 0.5585530317005939 0.6336228962538223 0.531887515332616 0.5387250949586224 0.6302248017414199 0.6973250077118514 0.5411527048969568 0.6184213634898639 0.5494140173454155 0.5486287631352791 0.8134653853837228 0.7148625750264163 0.586090290926646 0.5915983920501663 0.7145332578177932 0.7285276262140112 0.6143095309211158 0.6181151217212105 0.6936393698144115 0.6364783944097779 0.5849767994705725 0.5249311270164134 0.620241362775704 0.5453682008676508 0.5475649122244696 0.5989971317432855 0.5954013046240509 0.582406150215369 0.5393722722693315 0.6672148711789947 0.6190872380314423 0.6654913672198391 0.5891889475079604 0.5657529121621191 0.5512954680879107 0.5695054291781388 0.5589887661430578 0.6068725634151525 0.5404810537158824 0.6836235202567406 0.5190213237494706 0.6180808419976151 0.6124841235917945 0.5005928560039031 0.5815363946655248 
0.7090056545655244 0.5259578241733652 0.5853188653896949 0.6043378178313431 0.6301174354072223 0.6219020606642436 0.5417725448767721 0.5658834451538374 0.6909468959131856 0.5911428505979669 0.63187287840821 0.5233608486424318 0.6784486028846038 0.5411445006557922 0.5064319768451133 0.560709488077007 0.5758009676328961 0.7302911150239751 0.5802383669716397 0.5853928097330875 0.6396396983291882 0.5501871625310564 0.5565735193531502 0.6093360503098417 0.6217561737232772 0.5696788740703838 0.6556071548553434 0.549199553974215 0.5392051439205118 0.5632969699372666 0.6318694386266381 0.553714855238534 0.5863482632295212 0.5557609748683393 0.6781298046425053 0.5302033976415301 0.7356324777209238 0.5358875119438273 0.6190314051549531 0.6940756949613809 0.6875093947033576 0.5766934715189237 0.6053534095565248 0.6583071371450835 0.6611124730615499 0.6017254675126783 0.632083193412538 0.7354856416806828 0.593568610000855 0.6258095459028248 0.5076791033685067 0.5763497463711899 0.5301615120928688 0.601100044843124 0.6355248469285868 0.5790798501652932 0.6597253543734057 0.5330193331486642 0.6933506341488151 0.5642315989257414 0.6881275739838805 0.5435902887604663 0.5291019302301182 0.5147582692393582 0.5361934531308985 0.5982133674141501 0.6447431780340819 0.5993231871208754 0.6949709409114607 0.544888328369304 0.5630161417463624 0.6310021701847408 0.4994766392453702 0.5545525150464986 0.6695509460211204 
0.7368415711664802 0.5385499129509098 0.6187810863386229 0.5773317611652269 0.666755162603035 0.6064979409450147 0.5600807748697668 0.5852316816353749 0.6915176273383996 0.6341613331316623 0.6631399206284603 0.541904537090424 0.6431518998924274 0.5499379966623766 0.5342357072262852 0.5780938745225852 0.6161740006198707 0.7746803059300028 0.6317613140359614 0.6392359640807852 0.636210863435692 0.5623088815806943 0.5633913739402923 0.6330122634357459 0.6503041741513199 0.5531495842652995 0.6764760841434774 0.5481760433526134 0.5364921054321714 0.5801852941204935 0.6336527736469171 0.5526626897130658 0.5695897893771149 0.6113194948270069 0.6992411554221964 0.5513005195500337 0.6776027241175373 0.5662160833057628 0.6037056268888885 0.7621196749505124 0.7128259589580804 0.5928525522584726 0.6101086023002835 0.6938957354182577 0.6985643470740803 0.6047861107250709 0.6456337182905335 0.7220617507992666 0.6187271659187258 0.621340889949118 0.52886873585589 0.6024660795520901 0.5480872479885649 0.5852073953704303 0.629539680063668 0.5933860161191731 0.6384486775255471 0.5511511668582271 0.6877554498841388 0.6125352969020749 0.6774915815596908 0.5718575313728562 0.5607057228051003 0.5392505426819095 0.5648310976815776 0.595983118805356 0.6356019806463377 0.5793889259945727 0.6947016111088196 0.5476814708791777 0.5999392697840473 0.6294023589996736 0.5092015569182364 0.5825786569474241 0.6393338761124248 0.6572778386458061 
0.6630836649954472 0.40938545319331765 0.4603476714797311 0.4664742147274351 0.5137548464159756 0.4938854806858595 0.4411882287167631 0.4565498840430291 0.5799694991141018 0.5125503473209597 0.5629691228691384 0.42980742100851205 0.519831720154395 0.4399319323906258 0.4397167115009436 0.47731414012488604 0.5239196984009395 0.6514108661165328 0.5363339456885863 0.49778733651284973 0.5542219992390494 0.4256820030257179 0.4586407948664445 0.5145471868577827 0.5356527158681085 0.44853886551424094 0.5779889478968618 0.4230913915088236 0.4248290934437346 0.4626923883496456 0.5222752539843711 0.4375894233848682 0.47761585731812406 0.486265766394241 0.6206133042681273 0.41150152999213363 0.5974603515875327 0.4613672044416576 0.4711265619939642 0.6450421915939409 0.6089047593311895 0.49867512090825644 0.5213035874203369 0.5558688760148024 0.5762897791952587 0.48905916998396765 0.5407154991272545 0.6189655592152551 0.502617630282117 0.47011640315061703 0.42803963192226846 0.4792580349982188 0.4270786894981218 0.44934071236831064 0.5392886023949314 0.4842437257885479 0.5457577664232904 0.4344884626732563 0.5901454720271694 0.4923904894141819 0.5898463353174287 0.4473182927756303 0.41124415155943855 0.41409411842399907 0.4368018978416386 0.46241943104410793 0.5111452536134805 0.4555815664828858 0.5927984564894722 0.41737096844155913 0.48026426444090664 0.5038196517066634 0.39828713413499145 0.44527954936439723 0.519337338387601 0.5356524337698007 0.5415816727853575 
0.6676373470344353 0.4408711450780456 0.5149117119214189 0.5299340883022867 0.4971078781112311 0.48041126593765515 0.4409414341124707 0.5045979479664485 0.6000028926735143 0.5156830285985623 0.5628725002878561 0.4404752354029753 0.5546137580307218 0.46330940913532026 0.4459139022012839 0.49652769724376433 0.5425133026255444 0.6753847276320135 0.5253903856964061 0.5073342421169661 0.5260577270407059 0.4522459017944878 0.47736968645772787 0.5284288759100714 0.5518008079860692 0.526151507306972 0.575244490242915 0.4533740231196565 0.4656666744427638 0.5109179935497645 0.5265667895854398 0.47407746769493087 0.48571500502570736 0.5291057928589507 0.6215992459621422 0.4189158054193565 0.6052960809445986 0.5178771675436066 0.5396531370441775 0.614218572121266 0.599529153819115 0.5419750021911187 0.5414569064326937 0.5360449890831598 0.5226111103858432 0.4639719756325142 0.6216941059629164 0.646913448089254 0.4880057072863815 0.5545297968231007 0.443810958602462 0.4625966441791388 0.45577362705323715 0.49635056650266446 0.5643518989643318 0.48591451250494894 0.6008998444852997 0.4403071842024552 0.6127826384924784 0.5224777377784312 0.5690342872546493 0.44797084730825176 0.4344272674110146 0.40913255666882137 0.4297376100833269 0.5039482371813562 0.5320029069530559 0.5135280671028521 0.6392239869296237 0.49274145618266907 0.4818700841718726 0.5088312972269879 0.4172534391000747 0.4968341503767318 0.5781588998028419 0.5757573132123021 0.5812378813074631 0.44313765898572377 
0.6709418492923442 0.4695722894211882 0.5415343314578424 0.5392082377271511 0.6259696952870568 0.5433158040746129 0.5222019554330078 0.5053636881595621 0.6542315115427092 0.5592474156718203 0.5932368773671024 0.5055641612070858 0.5643228868984872 0.5035911102773366 0.4786317310012863 0.5006665825857142 0.561081139097655 0.6735933840335687 0.5285591623676045 0.58472045603224 0.5653014325232516 0.5000054792484583 0.5016461995058953 0.5710290411264317 0.5702862207455595 0.4823662116297275 0.565219611015415 0.5065038016829327 0.46415720280322725 0.4994553742544597 0.5926919139250059 0.4716948866052434 0.5206297569395939 0.5742450184943558 0.6354821259351348 0.448668742076765 0.6141328976146144 0.5383310286803314 0.5646660848119393 0.6863709510063289 0.6692020823765356 0.5246315808635807 0.5533678702614884 0.646828439596642 0.6634676050352786 0.5825341249866078 0.5648242793436843 0.6421079115104662 0.5791765820237538 0.5414616882977042 0.47168871231921927 0.532779658328715 0.5095581004521889 0.5039514537783887 0.5674081479509645 0.5025574717767519 0.5757224292333545 0.48629398909177807 0.6039184262292947 0.530032514322987 0.596302827970636 0.5132064838694437 0.5003265247100247 0.4947368991484595 0.5089856613231483 0.48829877058343546 0.5630000326612358 0.5445536638041043 0.6665244001935063 0.48330541135233795 0.5729195743325733 0.6097798263797269 0.4447704496745949 0.48450909983991447 0.5671386518232644 0.5976279901852308 0.5972956105893364 0.4761265800327563 0.5270131723415591 
0.7483896766220107 0.4650821965821964 0.5126444618424374 0.48657019848803557 0.5853785799695187 0.5519705866843454 0.5072754798205842 0.5163834342000423 0.6349095843813517 0.6001745469162247 0.6467333059866648 0.4895981850869089 0.560869018786559 0.4950327396222018 0.5157728670372985 0.549231228673291 0.6060061903713925 0.742608256440554 0.640221593789667 0.5762738334892105 0.6368602140990874 0.47826802844809096 0.5222297776986354 0.5828916238621151 0.6130462457866195 0.48266072642964264 0.6649846579736338 0.46831185058800184 0.4782822400230206 0.5218684462881336 0.5838846608408925 0.4950164994905266 0.5320573862458179 0.5532046317231963 0.7010726504423045 0.48546016772145717 0.6369836131864047 0.511779598779932 0.4928118583838041 0.7536156694630701 0.6779801543611641 0.5676459238404699 0.5796968725335196 0.6304013270801807 0.6638333194402845 0.5540827962706038 0.5905350152417366 0.6748898584126498 0.5812894777231842 0.5009951022627259 0.49435426190927456 0.5627747625505547 0.4844565703866992 0.4910042468903695 0.5954755396371241 0.5635781342783996 0.5842867872022068 0.5000979624783483 0.6598097424811552 0.5712061962896275 0.6618848204805767 0.523305055386674 0.47159909875197925 0.47701328885932764 0.5086992453432673 0.5208694195258244 0.5624865130453287 0.4788457955345931 0.62760508042013 0.45256348358888304 0.5477841397420141 0.548519466117712 0.4608070051877799 0.5116797358106526 0.5525054349653007 0.6052241720049433 0.5916358250001684 0.44807231171010425 0.509778958923996 0.540684579097118 
0.759119709340099 0.4704606001217672 0.5118263419639945 0.527364433130398 0.5406401517663424 0.5585105203779994 0.4905003664236141 0.5194941549637356 0.621803750577948 0.5739179231791302 0.640192406605341 0.4873717809904905 0.5800896307577049 0.5029048805354961 0.5194677635002121 0.5574707671527035 0.598526063833964 0.72171202326735 0.6359056933239547 0.5315791420601237 0.6367928705560069 0.4799549811769185 0.527261108805298 0.5748824787157667 0.6076320309598151 0.5184130699400817 0.6774439941039612 0.46737680666907133 0.4940360431239814 0.5353119523106559 0.5690293366620298 0.5053742615218484 0.550739739487572 0.5379803476781648 0.7122736989449853 0.4764348600598753 0.6803831457120608 0.5290128652204731 0.5216319000113533 0.7084234741437712 0.6803733968872034 0.5762631347770434 0.6050570978218579 0.5956894618487207 0.6190633951676997 0.5226009807368396 0.6259999028846395 0.6940008365621426 0.5461521177386324 0.5173405471275783 0.5001888092845882 0.5281195148192998 0.4752381830350759 0.5026321532760611 0.6231571400631258 0.5597333140554379 0.6340278991625343 0.5058272604900662 0.6634276961843969 0.5695858329909886 0.6738322512732383 0.491506053032379 0.45344298681293405 0.46009627969981765 0.4903732774263052 0.5358217510423542 0.568229764227251 0.5012261039269554 0.6516266557773458 0.4744439472632887 0.5227393400052365 0.5416295103849003 0.46654292790162477 0.5059389029490673 0.5849939259764418 0.6042515308031912 0.6027264842869027 0.4498711059435759 0.47899055089201614 0.5613569125194974 0.4881799316107923 
0.5892392776980189 0.4266506118383914 0.520388350685716 0.4811327765862887 0.5066625027086716 0.49806995921384994 0.3916854783683765 0.463443743040302 0.5164202555785057 0.47281684108736294 0.4925196877673267 0.39354832518265187 0.5489555995981269 0.417021296488234 0.376185695635791 0.4415522583239717 0.4291122922861829 0.6225518622739035 0.489244928219595 0.45869445458490304 0.48335600851127597 0.44310052754237866 0.4234054538184596 0.49070597699268426 0.5083778279251064 0.45272763438582625 0.5637524064701901 0.42311437516995826 0.41340341865386243 0.4743773580840372 0.463736165708059 0.43017451680296176 0.4408125243887072 0.4419784935170335 0.549658430633627 0.44432103314568167 0.5799951103593579 0.4369769157073378 0.5190897728641162 0.5674474107555201 0.5654108353229816 0.43822557837980153 0.4845486780487569 0.5281464335151169 0.5132625864244437 0.418672932132388 0.538790299058997 0.604357074449498 0.4327359696912889 0.5263040914676734 0.39330625500313954 0.4382299365918539 0.38993960465073985 0.48819137934156237 0.512530168981772 0.4454584215866217 0.5505204859828576 0.4277054133826686 0.556028893131304 0.4765991146755027 0.5452442087341433 0.40439397485238565 0.418140353153108 0.3883850184295064 0.4206459708095099 0.5065803751188975 0.5307602705734485 0.46806403004496716 0.5511325718042874 0.4406581985049788 0.43099827292493376 0.4904379557098928 0.36737401531578895 0.4531623957055908 0.5548874960385409 0.5167084246447728 0.5418732813155451 0.43080672868665815 0.44228122407599 0.497098645592697 0.4998118120902979 0.48384398877978435 
0.8037138258623923 0.5895351916838859 0.648018415460722 0.6459493616580315 0.7358534239315722 0.6817910621328704 0.641629771365283 0.6268548277980448 0.7730835821818974 0.6879275385143888 0.7341411974640116 0.6179122482444093 0.702476511455007 0.6191933028987523 0.6077527856432754 0.6368500471256334 0.6865577165163418 0.8107768887601468 0.6797685803197947 0.6945775223562215 0.7211425952458045 0.6198278292247434 0.63064752829136 0.6934753208022957 0.7035247242976044 0.6003310214628711 0.7246082477663105 0.6131790905166975 0.5941963117124466 0.619268009834535 0.71718346254449 0.6062095711774891 0.652643297265039 0.6673844303457642 0.7720148966004667 0.5908258810000723 0.7662903987823493 0.6247043764953106 0.6593087059212989 0.8247711455829102 0.7935733110531515 0.651745077447884 0.6813742883754507 0.7677380917598178 0.7893135583215577 0.7040783990972874 0.6827575133815939 0.7836622335163896 0.7002095912681121 0.6548615446947907 0.5924911282525499 0.6672140666297249 0.6180124126000657 0.6322619513658749 0.6982695198485108 0.6553545677074007 0.6997803101771065 0.615211790233364 0.7444225421982807 0.6543796811286618 0.7569638151189579 0.635569782093569 0.6155587719033183 0.6121013339721875 0.6311737433011131 0.6317102658896053 0.6920953157399631 0.6475252072012737 0.7743184382400463 0.592095086977643 0.674389171361782 0.7144780723094105 0.576920902194217 0.6141572218135344 0.6923260359343639 0.7023362324160977 0.7167910263917165 0.5907408189352404 0.6556779265916277 0.6293843557128561 0.6439900051742383 0.6598427420371371 0.6151314853270513 
0.6094342141379931 0.47057137549631806 0.5761398798353627 0.5523850074765817 0.5787118461067403 0.49821587925916416 0.4821243130664122 0.529219450225561 0.6337559223989352 0.531241480713541 0.5589387597765733 0.4611293588210041 0.5915466144044946 0.4767794804366783 0.4336539459522752 0.4827294598789919 0.5273008697975875 0.682191910105781 0.4808960890677038 0.5576137425682922 0.5009378080663415 0.5017573646114555 0.48127747518886294 0.5454655252148387 0.5570155640984392 0.5182657153790217 0.5394728278665645 0.4908569401124567 0.4776236029792457 0.50964421572045 0.5593181266490204 0.4866479926623494 0.4823634068234433 0.5575678703986297 0.5784385363469534 0.45071609571095905 0.58833400496434 0.5134505313360712 0.5884171310496701 0.6210939740211562 0.604115058656857 0.5264561514483026 0.5164194084985148 0.5942466944685424 0.5637827109113575 0.5144241575299566 0.6040788868924194 0.6451773120494968 0.522065012478519 0.6196772819450279 0.4298003513411826 0.4883273917142482 0.493929725966907 0.5411281291999931 0.5436556021894864 0.49028438172603633 0.5837101280325784 0.4550460111993214 0.5972627737394437 0.5247291246559436 0.545422807159997 0.47810557472342163 0.50305318057965 0.4423585355296946 0.46456775973100406 0.5332048310586079 0.5577398289551554 0.5581815188471603 0.6505735979967925 0.526825863296046 0.5095517616832698 0.562741087057326 0.4326974445520196 0.5275287584077291 0.605142687387398 0.5813790078464709 0.6007204911028116 0.4925272211407639 0.47402503097128484 0.5341458092893993 0.5709390784340922 0.5553169011982136 0.46095316635608846 0.6668496000813037 
0.7424257361754296 0.5783258906174282 0.6673664432535714 0.6385939561292723 0.6822941403447543 0.6399356557152954 0.5758900030641659 0.6256983644923061 0.7180547518206823 0.6445888311936506 0.6687322801635113 0.5626430449264185 0.7029683090009988 0.5800426544019311 0.5433447292466037 0.6009094523077863 0.6192968792234332 0.7926368393793414 0.630702325732142 0.6506832696668144 0.645222678934318 0.6011901665996844 0.5904246795501386 0.6560526330842387 0.6708252911634495 0.6136275479622877 0.694979250721597 0.5901942293558241 0.5780126470900926 0.6217008786982644 0.6555057841229045 0.5937281072675142 0.6003010494529002 0.627661226570697 0.7069808158995248 0.585014887600979 0.7258654151767624 0.596981663919018 0.6695945603503486 0.7468827855101324 0.7227133999540587 0.6180892734468111 0.6363443662317312 0.7039220434011559 0.6906869568679883 0.6162193328140363 0.6936437417204716 0.7627588590534058 0.6251065439263658 0.6916604755326128 0.550051418079439 0.6143651970798483 0.5750459040745709 0.6448854113748037 0.6627741292609022 0.6124725009256998 0.6909766348364851 0.5756056112991724 0.7209528288280408 0.6319099658844428 0.6967532907783561 0.5877960513412971 0.5911810948260497 0.5575919092557137 0.5819366024919991 0.648620974032584 0.68121848407638 0.6378439229403939 0.7313444772734805 0.6051678999492687 0.6109998719481443 0.6614079696904128 0.536111460476738 0.6223264392466253 0.7047282599811686 0.676533241519464 0.7027834954907592 0.5902666436374295 0.60529599907214 0.6468931447031944 0.6578331118577704 0.6543210204271204 0.5567471351646142 0.7669866852029494 0.6148613305764562 
0.6824272945399952 0.45188390422404834 0.5127603169200172 0.46177857173224407 0.6222072009983397 0.5387903485015626 0.5141686834305014 0.5009159866038623 0.6452015807949554 0.5913097248260872 0.6253696853412035 0.47738220592634567 0.5533094209583773 0.47423903715745974 0.4815740080755753 0.514532757524152 0.5765770678410637 0.7247560254346795 0.5877415832438059 0.5997287884537099 0.6049667126155892 0.4798305847908307 0.4995245047381304 0.5709457725977958 0.5913374565941246 0.4445881463823799 0.6154217784773635 0.4660529106130445 0.45616066013129053 0.48610221794548386 0.5911851560166291 0.47665193577603776 0.5016064099537423 0.5428294242682707 0.6471446012852585 0.4808545370651798 0.5984553517818568 0.4657985663078768 0.4779416868353639 0.7520212063548352 0.6558593869530005 0.5292497174943679 0.5334675625715259 0.6553071877530569 0.6839728035146801 0.5801270606870532 0.5372648888346686 0.6475232073104624 0.5921836406574628 0.5066907174215112 0.4601466659998703 0.5717091594151259 0.48400893416215995 0.49043607026564107 0.5486920900261584 0.549013693791498 0.527063001173515 0.47973911512382283 0.6272555705404211 0.5408978751598497 0.6325309824707376 0.5323737552373469 0.4923641763203241 0.48531576875882143 0.5100737412337678 0.5033875954916537 0.5539473831579352 0.47529119132223063 0.6106756869707614 0.4388004833201618 0.5494184885986247 0.5595548853978732 0.4457402451053808 0.5063522216126912 0.5296523624905513 0.5765440231342576 0.5749534003775646 0.4504068053350105 0.5362620238993334 0.5117202952831271 0.4772448080125706 0.518743149690562 0.4959086378987848 0.6150429735609434 0.5540181796752985 0.6399515477458151 
0.5998536709322821 0.5783139342741567 0.7352692513691574 0.6362063526661028 0.7571842709601754 0.5737950431152463 0.5920644216421068 0.6393194432949753 0.7499865706842457 0.632376171866019 0.6150477879949132 0.5493830458842599 0.6938409035179028 0.5561348298205904 0.47430609364677917 0.5335726227829172 0.5780888107902133 0.7791120794938325 0.4988439070569772 0.722593739701356 0.51997404957466 0.6285407175204464 0.5499947210403692 0.6418880704113651 0.6361045844727797 0.5902122281809479 0.5612287332997998 0.6127485032673297 0.5573076612774326 0.5896084531560334 0.665480814084081 0.5735532773152182 0.5238181271239495 0.6756709009280046 0.5820206288797333 0.5691861186314362 0.6025836676779988 0.5772917293462247 0.7093806610715109 0.7161249196913729 0.6630542772207834 0.5752782788576074 0.5429822253744542 0.7403204649413772 0.6813828084895737 0.6389894114429564 0.6571176584414622 0.7058363286342892 0.6358784704428444 0.7823058464823289 0.48674390953704444 0.6068692755173469 0.6096850010342144 0.6714746610340786 0.5711151234457262 0.5613576375981627 0.6077375348979664 0.5316470731424534 0.6524338164748253 0.6045611635536112 0.5726386394165967 0.6052117328624235 0.6651511890147307 0.5646953982640198 0.5783781516055148 0.6351182321116305 0.6641938699712628 0.6796547528544004 0.7316109663166193 0.6476208830261767 0.6270791400508007 0.6895727242675416 0.5118612776434887 0.6576851719493787 0.6958259405133433 0.6728232564097292 0.6979302690397365 0.6324545628554288 0.6210535880331011 0.6113312641067449 0.7254174247485962 0.7464068649326844 0.5597637819598547 0.7658544272208877 0.5452741338927831 0.6987674745564538 0.6488298707989689 
0.642646899796118 0.5238049501263911 0.6445735127464457 0.5365955403522338 0.7149598475401854 0.5789974134093278 0.5492564082522832 0.5568273746225032 0.6546349859170633 0.609095447304425 0.61082507055534 0.5212086185251413 0.6046023683478984 0.5162637898452606 0.47970512246677105 0.5164232564649154 0.5499073342922578 0.732076819626138 0.5647904086550322 0.6516892262313273 0.556620264565235 0.5654728782724788 0.5126154224058224 0.6074742686929088 0.6102358884600196 0.4773964465575343 0.6067814616389668 0.5333300487278908 0.4849377370354424 0.5348494679016663 0.6015336643075914 0.502638524912161 0.5074629606359737 0.6021207576198039 0.6155610917334348 0.5453873998635801 0.5875183818003012 0.5267411118823184 0.5962158697176076 0.7429588369287439 0.6878217013486153 0.5120593318541774 0.5418929042369549 0.7184208708077047 0.7122871366770865 0.5964951970617705 0.5722147314162538 0.6558384380714585 0.6011641840369 0.6165710683481102 0.4788559898832165 0.5835713631265568 0.5301033898217411 0.5639677615226716 0.5567030308317994 0.542139966529242 0.5618228284483902 0.5303507731969439 0.605772688737272 0.5819217654418442 0.6036864314483648 0.5547256982966493 0.5856445418247525 0.5400967194968421 0.5662855510254606 0.5651920127197481 0.6093893254904935 0.5593345723542461 0.6509976048359558 0.5220086550752986 0.5955887850903725 0.6363784634891696 0.4698361057787324 0.5570770311555524 0.5944590108746177 0.6388463213947476 0.6269369792329398 0.5397399619428453 0.5989661282871674 0.5355828665463797 0.5966322397341742 0.6290898798371529 0.5096893573159207 0.6762279582439175 0.5642073053414554 0.6721443224793704 0.5425834808145596 0.5906318150926342 
0.5817998673832049 0.40970671901734274 0.5036832986436421 0.4558757676101734 0.4952846542810575 0.4620858230787733 0.389806533299575 0.46461530369598186 0.5340418697472713 0.4815558306832125 0.5024344985233838 0.38041847202314955 0.5302864071527753 0.40256166531708226 0.37231659172211606 0.43995244454203497 0.4519003751077908 0.6431487718891303 0.4855615487783924 0.47969318746386114 0.4747156357187626 0.4264420851025005 0.41935992638837927 0.48636130795010035 0.5097701746493433 0.45231603517442803 0.5486919476689417 0.40882008013184357 0.4109473870774573 0.4645255021384364 0.4708725392165516 0.43050694541168744 0.4198323430717062 0.45324226253341876 0.5420719929880073 0.4291158099014357 0.5474591353451221 0.42041468592361503 0.4859122063963333 0.5859061495991484 0.5437314295044215 0.45486198068378436 0.4668224535951818 0.5217541641438297 0.5024885153259061 0.41949369667434827 0.5399985120372484 0.5980521423650929 0.44123993068665773 0.5263386071259737 0.38253288705681615 0.44532438766283594 0.39295700539318384 0.4776118508363227 0.4932081822900751 0.4521758499562872 0.5212144935218922 0.40451569253893116 0.5606237558141558 0.4762244103035161 0.5313444808984075 0.41587420979836803 0.4162550422012482 0.3789444738822452 0.4060885921474681 0.49332780892568423 0.5118005652295204 0.45232326736560624 0.549015674131042 0.4376390124641854 0.427868619366176 0.4656822193173081 0.3646364221798698 0.4700954198488477 0.5334768074810289 0.514489665048297 0.533144490732968 0.41879496441077096 0.42192125919289725 0.5011702292237711 0.47927804265726365 0.47043445101434084 0.3798508169157881 0.6122633081304022 0.4477977016594221 0.5517723719664797 0.4742585939492365 0.5459270770957794 0.5190944119533107 
0.5403077710861486 0.4304009718070727 0.552188711879744 0.49480839871511034 0.5763246133824287 0.44440150507462983 0.45075235987475176 0.4925864209884635 0.6089968996776256 0.5039170545265862 0.5097144486805276 0.4214945463845583 0.5387827803069982 0.4303342212027511 0.3773111022392828 0.4281005193287331 0.48298655934020907 0.6512090357053371 0.4212473730546489 0.5610735596089304 0.4362340096289789 0.466149043337664 0.43208936568534606 0.5104142138851595 0.5141087959568865 0.4650440562636402 0.4710293222187145 0.4611917289115593 0.4262582309126385 0.4631317306832653 0.5286864808227647 0.43965371812314347 0.4174816341581065 0.5367345201816575 0.5105982475933922 0.4154503770575612 0.503416327841611 0.4654814571383421 0.5432606265358336 0.6010213582281145 0.5522973739650177 0.4732973004316173 0.44988143608693415 0.5802574844045344 0.5457042363380488 0.49423040852550454 0.543289315316217 0.5865918294913393 0.5017726032860476 0.5909331269575427 0.3819823514860417 0.4697452837922295 0.4647412391643605 0.503517555454201 0.47379455088161937 0.4416341173932104 0.502654461266132 0.40425666230044877 0.5459009275880857 0.4820942887888915 0.4795502830131593 0.4633998244403557 0.48661406531929136 0.4204934445006377 0.43535274648546685 0.48119226390427644 0.517622195389777 0.5190101853165486 0.6049124244817472 0.48846162218888867 0.49248755618090173 0.5335886991042308 0.38415858735234176 0.5007111609123505 0.5467977869229347 0.5470974022938847 0.5585001623795055 0.463880646199851 0.4566595825884428 0.4748267035862057 0.5421882931508055 0.5539278655941233 0.4324607835854795 0.6243591169309148 0.4332923482642907 0.5755645588717258 0.5010491613979451 0.45930430185474097 0.49528749291435586 0.41421763033253434 
0.7799513785625161 0.513995101273035 0.5905077569011371 0.5156279237641074 0.6427100252861531 0.5656010833625142 0.5441765418699371 0.5736033996338656 0.6693803240524149 0.6564121874840351 0.6867687893233664 0.5307727594044034 0.5760703186398574 0.5327620380963586 0.5530967363327762 0.5887013619291054 0.6549778399671936 0.8049287534872944 0.6906925456998675 0.653841201674243 0.641334937542118 0.527223398791056 0.5550455114059535 0.6314819438601206 0.6615771708693611 0.5242343502381324 0.7005692437926234 0.5092081289444056 0.5135362304835535 0.5761879053262932 0.6118788787243162 0.5325934158312393 0.541319990092722 0.6300930370639216 0.7290462629136707 0.5375522945214636 0.6191997379252924 0.5697436092471795 0.5341191075670998 0.8174069661677007 0.7153356614301853 0.6071591047397502 0.609407378159499 0.683547340974555 0.7024882017917283 0.5762162680374624 0.6466686308253392 0.6985144078454517 0.6187661334558638 0.5623710253426601 0.538835851480257 0.607697865794105 0.5309622574252305 0.5300886522751553 0.6172656154686313 0.5979691203682942 0.6037226689755631 0.5403514448651963 0.6838483244455572 0.6381323315553172 0.6719726302131742 0.5751222923483127 0.536903626818019 0.5291931674872632 0.55686347460373 0.5610760941921573 0.5966483364643493 0.5158707341348542 0.6706470224063762 0.5108163131083098 0.6045607746447818 0.5803886011803161 0.4971787230164034 0.5802452365509728 0.5766193587647689 0.6842448104791422 0.6358078785214899 0.5011736334870918 0.5428857865287412 0.5811924847189289 0.5219102276824621 0.542614214740225 0.5463485189156656 0.7042975377130866 0.6091595955838931 0.7065896718287268 0.5343879141883883 0.7483684102826659 0.624139810532429 0.5204020488446492 0.5673598596933408 
0.6897587600167708 0.5353184070418586 0.6419126080092389 0.5698055973035265 0.6552106870374055 0.5899938963490658 0.5217917795190433 0.577029320314662 0.6443896421784041 0.6045233474248533 0.6115622655274141 0.513519555924953 0.6352868307550676 0.526880424970523 0.48946439066963265 0.5454813425782513 0.5575281007420777 0.7489832065793367 0.5961440975224864 0.6142802010803671 0.5794401205090799 0.5573223618976364 0.5308601531766836 0.6100677311384385 0.6237094575165757 0.5411935504949597 0.6513995084269886 0.5381472313429867 0.5138546876208744 0.5766608752446215 0.588289612335648 0.531659948561966 0.5328631460174987 0.5873403224121173 0.6503290586701754 0.5524773445830448 0.64113306990092 0.5533165354375728 0.6178521320166535 0.7136213967826741 0.6786411805322065 0.5492225442555893 0.5775125193758567 0.6687903326259107 0.6559122519201774 0.5539686145649562 0.6337093389618791 0.6946741245334128 0.5723284645051313 0.6347028737355012 0.5019044581971052 0.5690461941787424 0.5191658700709549 0.5868756787740216 0.6002578910838452 0.5534430117847876 0.6244284472018993 0.5340316878086886 0.6540964307439371 0.596141851656695 0.6314225489241079 0.540118045111627 0.5528203087020767 0.5158827572675009 0.5459816083675318 0.5987171196511218 0.6298309708744024 0.5720208524859361 0.6604829584925671 0.5474246549709981 0.5708219396830795 0.6114090533891342 0.4768659462139851 0.5734112496992722 0.6386010445733679 0.6448353983157418 0.6477759905700498 0.5441320028007878 0.5662470907184974 0.5856270231648443 0.6051232392232236 0.6118168646487455 0.5000221700051664 0.7184684217060298 0.5737214765920268 0.675566874809586 0.5877770961058274 0.6456073939116111 0.5933356106871087 0.503873952389746 0.5247948777612489 0.6366583579750187 
0.71344486738622 0.5737389842054037 0.6853061149416356 0.6375577706796627 0.7395493430340709 0.5805791243598059 0.6283512227028258 0.6448557115123686 0.7944817028998399 0.6758235173671614 0.6897141254866277 0.5892343178199136 0.6719618153335375 0.5904802048588552 0.5529800242147117 0.5894453979221079 0.679702528033371 0.8195507659870946 0.5812706035190519 0.7420568409805722 0.6039329819880765 0.6116320057238995 0.5960358258982887 0.6722441601927184 0.6763041002280012 0.6121498789707951 0.6115294817210742 0.6150147896201573 0.5810862810080519 0.6074352940831953 0.7087295551793256 0.5919787343530601 0.5756415720195629 0.72205204245111 0.6826619902529276 0.5470996869488982 0.6413355410921978 0.6328502236762287 0.677437509295184 0.7876294340816663 0.7162411219128917 0.6535780670157144 0.6070848275601795 0.7475147886571816 0.7237434538580857 0.6795925336209978 0.6958432850099351 0.7363792542066949 0.6891929531516339 0.7270443088293134 0.5429728395428972 0.6386762631640402 0.6408356447833671 0.6373197926827179 0.6268835913739492 0.6041129455339537 0.6424420188842159 0.5525890242149327 0.7063913113542463 0.6418325600357638 0.631227105921642 0.6378975708332101 0.6438176970290024 0.5819726614034922 0.5932816874053879 0.6093583780400345 0.654439532205975 0.6681500371992587 0.775038511924411 0.6352134855380738 0.6707315242209182 0.6926328497372238 0.5472409509647763 0.6549192660144878 0.6793024734946754 0.7118888154772979 0.7091788990494468 0.6058187586322668 0.6053172848635263 0.6123968837099963 0.67435362499479 0.6975282863394738 0.6152864327833498 0.7666177741626711 0.588922741637611 0.7411953585011694 0.6330839375074109 0.6227957428516794 0.6534604512017569 0.5833897093026547 0.5167053666240397 0.6968104970329385 0.6936038560159289 
0.6601267699372583 0.49025001477861924 0.5857946644128682 0.5365323261597204 0.5859243609453925 0.5595791598897898 0.4642364724512836 0.5256011531763046 0.5824631166257891 0.5459239706630641 0.5603776882194189 0.46530510821387894 0.5999302976091144 0.4841461751327116 0.44642953600727325 0.5045703757347266 0.5013368555705885 0.6901482369448623 0.5583571116027456 0.5357921594354536 0.5472593380357926 0.506840279433217 0.48762352533721864 0.5592632186648555 0.5748371474610463 0.5041754388904487 0.6226654763197838 0.4896067600174601 0.4712183044022471 0.5364387787281192 0.5315490175906263 0.4871904753613849 0.5027951312805411 0.5207485302212819 0.6180259517231329 0.5054038325204473 0.6277545132109935 0.5121156017217167 0.579925499257141 0.6464145449639982 0.6370722423824945 0.5025607446580038 0.547148880167827 0.6035956949879757 0.5949955631154759 0.4926356311851624 0.5956267486221752 0.6588955637968948 0.5096461219157141 0.5785359877455055 0.4614061704756226 0.5090645109670726 0.4609138926043904 0.5413356124578858 0.5729412800748434 0.5054958585224695 0.6052949840112719 0.4939381496901935 0.6157104886125532 0.5456730803371252 0.6015595690273643 0.4764504609936774 0.4866016970170196 0.45901945016874307 0.4930807834974893 0.5592833606655426 0.5893754805732142 0.526555659161205 0.6123686217851528 0.4975237904494859 0.5102007000362014 0.5616485259769985 0.43004061200083693 0.5125634508154309 0.606499471519833 0.5902621624083423 0.6028836199651912 0.4923565877806782 0.5120504465269746 0.5455038236669937 0.5562542944541278 0.5505765649035236 0.44082879713091444 0.6735095020928106 0.530608875661796 0.6262146638381787 0.5512027032971382 0.6250051594574975 0.5611843320046889 0.45306008447684537 0.4947199514378638 0.5968788441256849 0.5614576034585129 0.67092580582906 
0.6384039072477191 0.5348525925913531 0.6213555435529461 0.638088471377232 0.6543262526030003 0.6073363289188491 0.5475182581547774 0.5765126458887224 0.7122212677807188 0.5704050553493041 0.5996384865391469 0.521546859772821 0.6992612361283103 0.5395118134702958 0.4717694002307973 0.5323367456236858 0.5458819207446939 0.7074074543253184 0.5036627238209983 0.6026297547108959 0.583709718271316 0.5724706202374868 0.5440509958428129 0.6026904638913886 0.601242142213172 0.5861878318816688 0.5943842130816751 0.5730057888569763 0.5429218726270644 0.556365210337949 0.6401158492199873 0.5557768313688015 0.5675139825889641 0.5674045751801385 0.6194269510793238 0.5236309489130008 0.715437119804835 0.532587766586633 0.665605612941827 0.6514908778533022 0.6624926973597884 0.556939837471404 0.5761710431976166 0.6671896599755401 0.6422249903116687 0.6121989842536965 0.6293422747421421 0.725712682731627 0.5874827406041605 0.6893491190660112 0.4829683687879507 0.5633177499938821 0.5477813451353692 0.6341486040468501 0.608989315415466 0.5548322816332755 0.6490038691095346 0.5181893594579408 0.6671594217398074 0.5434836737493872 0.6436616982557425 0.5436771065078323 0.5626994559040417 0.5214272934220087 0.5313102792823221 0.6040483515048027 0.6532913498126708 0.6475791565693655 0.718207451494065 0.5846226393961121 0.5650320245499427 0.6570844589692635 0.49491317677451135 0.5705082226282163 0.6936588190699646 0.5931883118455681 0.6686205898202549 0.5681726843649665 0.5854574362838596 0.5914872438474553 0.665608741046162 0.6612628424629802 0.5148543649762093 0.7123073915890896 0.5481097011443783 0.6659036837060381 0.6087756623773127 0.5799342427831387 0.6171644956226296 0.5151692979887383 0.4973255960820303 0.7393873824178395 0.639266127533043 0.6710440514266153 0.5929443303457749 
0.5633602677173892 0.42077358860248715 0.5252709998634146 0.4466440974856061 0.5612726597508688 0.4724085418626487 0.4286378683416351 0.47314252387725636 0.5655927522883047 0.5087216048520716 0.5166708038959786 0.40087003210141453 0.5352087204151053 0.4117340047621466 0.3780562944388629 0.4362224695299637 0.46312066926428797 0.6591047061020604 0.476603710325196 0.5305266376993316 0.4776760348342045 0.449437534270619 0.425941093480821 0.5038767763258994 0.5202605584596636 0.42786693820865185 0.5307187928003301 0.4287919529855679 0.41102624936885546 0.4556931998249117 0.504016339840228 0.4322355532747473 0.4190542765472242 0.48159447532651983 0.5305285826224773 0.4455647776744864 0.5252708464301683 0.4164206763053149 0.49044056882954323 0.6249293693708642 0.5576903461969404 0.45139566338479764 0.4517472981873331 0.5747271588270456 0.5598865684586115 0.47320234337996825 0.5130444005105617 0.5908468119600611 0.4874864781799404 0.53819044229197 0.3808251351564577 0.481662859054645 0.42264873251178997 0.4868714169237817 0.47719448650161184 0.4630909799263727 0.4911575023583844 0.4145957517397829 0.5557252966052996 0.48183574894537506 0.5247672629191359 0.45232870281075915 0.4583966135792493 0.41011201620269205 0.4382084098565046 0.49369449589729736 0.5198692582594265 0.46190793128216084 0.5503843896800995 0.43844593862689285 0.46361805668345035 0.501768496615207 0.37600687306546926 0.4832949095300309 0.5259480172289137 0.5220693882559931 0.5378005396552429 0.4377283522593771 0.46944992621550596 0.48948586395870003 0.49246748365167065 0.5115820631200044 0.40688752170796183 0.6046193866620776 0.4608115845071699 0.5655184853247825 0.4559710640611072 0.5153886180811686 0.48879794433803986 0.3936835599053268 0.40650821451075997 0.5366602674186414 0.5118826881410938 0.5675379401306923 0.472705137281315 0.5103195726853073 
0.7748839987184412 0.6434249603071486 0.7575771529437786 0.679830705342239 0.7758034454065887 0.6664500891131042 0.6502953599085376 0.7124742773504846 0.80923697901258 0.7343275734699207 0.7333550719704496 0.6184769611460221 0.762474423446408 0.6336820141895432 0.5919091830294255 0.656433174482666 0.6983350525246942 0.8977676405770064 0.6751450017087154 0.7693282949583006 0.6769114839641486 0.6695487158629647 0.6501072373020728 0.726166004794863 0.7432530767482897 0.6783547125685688 0.7260018169295447 0.6609791136923813 0.6443165691613877 0.687996091540554 0.7348727340835057 0.6649666182842976 0.6306959823914364 0.7274110080399813 0.7390599410438198 0.654559179806411 0.7267041878776783 0.6538736237230398 0.7275845789739134 0.8352961449349456 0.7544294668820688 0.6973216749896364 0.6625512033201262 0.7833844759303821 0.7537288796900388 0.6920071214491694 0.760334169010385 0.8148983786682955 0.7134087653709664 0.7943064874116579 0.5974237960860377 0.7007948516269921 0.6613352630203437 0.7221545175075035 0.692432031208836 0.678805492274796 0.713961959182719 0.617996389891274 0.7900718406832415 0.7059870082935867 0.717372333761893 0.6831437366569288 0.6861334466024931 0.6206502232841604 0.6466952215398147 0.7191291654655985 0.7390793861654795 0.7018907491626046 0.7833093829834661 0.6867478061015473 0.6871307729115879 0.7178434126235063 0.5975236115031874 0.7298662195071662 0.7609970993099194 0.7508052053500578 0.7687141658344724 0.6702736796385067 0.6724283535168623 0.7235086542668895 0.7298674325909722 0.7493312019309634 0.638886176808445 0.8474407254556113 0.6646173562281802 0.7862186272985002 0.6958118020791645 0.7069834626595799 0.7338985959399785 0.6098862292973305 0.6029997260576525 0.7668385350229177 0.7399828210240192 0.7576112408046398 0.7059821460520941 0.72603459139324 0.6079668580663954 
0.6766223630511455 0.5111123312627187 0.5786207857742396 0.6331595583111775 0.625997152326858 0.5807936542287712 0.550617396888903 0.5541169612014776 0.7124458449975417 0.5625220750052536 0.6092697112406634 0.5316701549606054 0.6549921285756515 0.5441210197398889 0.4952711068384339 0.5321438023711718 0.579358947085615 0.689337369543575 0.5070108361135539 0.5859986276012371 0.5892536273827594 0.5438104649666791 0.5442074116390198 0.5946204203810991 0.5924238455916007 0.5741414045161297 0.5751174128800751 0.5593573714505173 0.5294749550184488 0.5419903266223746 0.6391188116804596 0.5329425280387086 0.5752939096437311 0.5895406703052453 0.6492065318112082 0.46953967735885743 0.7033284281388811 0.5711807563235077 0.6494376801527056 0.6505903209568205 0.6759466069546413 0.5760798852930193 0.5913184472264523 0.6465590297308998 0.6399640553588496 0.612043379019933 0.632443071688976 0.7075298990650234 0.5926707283761468 0.6369195520530215 0.49197980036757083 0.5401838017166176 0.5529180750242934 0.5838131962285532 0.6185010100492023 0.5343744885865187 0.6556580358144565 0.5077630581993205 0.6575354582116593 0.5400332981977561 0.6289584144808764 0.5292537974606035 0.5301824207288042 0.506515956646416 0.516285152273694 0.5525811752935585 0.6162422840512054 0.6330804655528876 0.732259071702438 0.5621555964946265 0.5765383518646291 0.6511782714074869 0.4886162673092675 0.5320704412149486 0.6634865152367841 0.6031336670302822 0.6527859413467207 0.5318741966048803 0.5437960218058812 0.5461478347077396 0.6236300220621424 0.6145669808207959 0.5234212922063121 0.6872097570392214 0.5356319396573846 0.6683245479528759 0.5922869447624032 0.6099857170719708 0.616323212523567 0.5228849543340758 0.49313587966723316 0.6883935095050657 0.6378699295004681 0.6437601253990598 0.590133480924055 0.5639114069827897 0.5256970216591206 0.7396289559347359 
0.667246313437985 0.5162446039465498 0.6131136374269206 0.6386867811532153 0.5562115807592645 0.5619949782319923 0.47020250043419987 0.5577823417554986 0.6180025257184513 0.522223827966898 0.5443744697976592 0.48732405347707264 0.6509248035710546 0.5206832607283123 0.45172841553888327 0.515283746937178 0.5104950040682776 0.6722610093020881 0.5074960429323445 0.5151090530137091 0.5283528955366658 0.5277174559078067 0.5116821121543965 0.5654287389173719 0.5716210195966873 0.5972655663865633 0.5916414641202867 0.5379587541501456 0.5153794316669194 0.5753250606409505 0.5500184668661081 0.5196853932032299 0.5407942953177666 0.5518850251800922 0.622752363491155 0.47892848789711295 0.6817320060892219 0.5878669502260196 0.6791640145571578 0.5702073521258513 0.6318114291312572 0.546007073218039 0.5814724135867421 0.5685663501503462 0.5353708657661425 0.4886933356525966 0.6717797875497062 0.6931245177045594 0.4969183149236964 0.6539528237854181 0.47919685422207653 0.4742840031467695 0.4975784205921447 0.5884618657723398 0.6165701154108632 0.4864267964697048 0.6900752918867004 0.4948723284870956 0.6417662931757699 0.5443663027572666 0.5842466085694487 0.4643493474415261 0.4884485426805887 0.4499007049362687 0.4760688847235614 0.580975037708657 0.6145257227093263 0.6160291683114385 0.6835560006674456 0.5741281928116894 0.5151909190803259 0.595269584908505 0.4476015669412871 0.5279855221887132 0.6861268159639488 0.6071901456280817 0.6463641227504772 0.5301119089817009 0.4835097955044622 0.5680026042215129 0.6322847548789609 0.5898379119761422 0.45235090261986116 0.7238114266304294 0.5062975959980297 0.6368155054285819 0.6466663260731923 0.605858000098945 0.6257940819216005 0.4685713857218492 0.48053350289648206 0.671705295880378 0.5884691465992573 0.6630338335105261 0.5239600394389399 0.5735530950076244 0.5145551538441385 0.717192536378105 0.5554003214999392 
0.6080797271809688 0.4010731885175122 0.5073633842912038 0.4006923307337497 0.5425484652863989 0.42050243870361265 0.42293074637893613 0.4715846327654523 0.5614865270587384 0.535607311525675 0.546092867097954 0.4005699751131904 0.46516108241378173 0.4038985622216956 0.40410343288037304 0.45043413170670243 0.5192624653863509 0.6938033709033239 0.5277060184156077 0.5623143382799005 0.4728931134627883 0.4207684997877026 0.42351090381730805 0.5090621417206838 0.5351458172863632 0.41500979724845055 0.5415400481706469 0.4007991625681107 0.39580607416737085 0.4584589759078709 0.4928729352341964 0.4173731889016407 0.39138439758634697 0.5271305122887155 0.5619307741505296 0.42335952107877234 0.45749384524710685 0.44248552859221846 0.4355197807376243 0.6828923241368975 0.564065895042887 0.4800391140306514 0.4563035926232745 0.5693854665461905 0.5628505213828421 0.45259705816041323 0.5310226352102869 0.5681371026690181 0.49598705024250367 0.4961462386322488 0.39772811926854623 0.48706894728294553 0.4227932897957049 0.43555992698508444 0.4673622289372424 0.4657501440543947 0.4615454342813548 0.40360874409614905 0.5515597899229319 0.5154865446925189 0.5083877537557151 0.46399732075162387 0.44652002572599425 0.4081823293072071 0.4323361061091583 0.45404838976560974 0.4797925761827558 0.41669737101436627 0.550684627205752 0.420870294160129 0.48365931691713177 0.46232849389760505 0.37075399583392676 0.49192576468914717 0.46739436985098987 0.5668358342961672 0.5224158448427488 0.4063212086730589 0.4251053369442691 0.4710705851244784 0.43762094324685147 0.4630594794636694 0.4259917247405119 0.6025614784347001 0.46475665155619494 0.5783969171362356 0.432745849662874 0.557423082251139 0.4934591679931751 0.39144237296651 0.4069141805164638 0.44179525550428445 0.509466805354214 0.5405555138199268 0.47931237741228366 0.5899230072304458 0.39929841947489825 0.6106382858492798 0.5584904660273423 0.5354252929415162 
0.6030490804446378 0.47177764630775204 0.5866949004781615 0.544417748443551 0.5327245059460064 0.5062309795391531 0.4209097150920424 0.5229642022788946 0.5644884297345146 0.5033365364792372 0.513416060546469 0.42465691313225173 0.5962108214925553 0.4549095715045187 0.39783198742300335 0.472802984927037 0.4657960222104055 0.6673037813450566 0.49313598434704464 0.5051159170634815 0.4789993482662181 0.4872242840583167 0.45804451116430744 0.5254641388305717 0.5421539952430694 0.5272578952962099 0.5709724248904086 0.47298181948481105 0.46371249178395585 0.5280461408070026 0.49789593839517193 0.47867897621183775 0.46261390076107656 0.5030724891856929 0.5622283240815488 0.47277935433899393 0.5946411764617898 0.49602876836686055 0.5904386323302961 0.5746509633344558 0.5755578877152734 0.4906502758238703 0.5107573108040641 0.5468680078259385 0.5061664329397918 0.4359173010923733 0.611676368015095 0.6423977128103007 0.4562406864785739 0.616583877555706 0.4227053734160482 0.4583266644329708 0.44068529462779027 0.5479522882316274 0.5426010109298421 0.468116736143852 0.598337859093201 0.44948331939684183 0.5938778191867807 0.5182168418428097 0.5434195732653792 0.4387619325217601 0.46736835750999955 0.4129122536463484 0.4419198672540645 0.5562336876349885 0.5688455598474297 0.5352270742425929 0.6057757639418089 0.5191611839376837 0.46305613412594865 0.5227355429655479 0.40251289136030793 0.519044881683551 0.6161748320234952 0.5670942275798475 0.5930219806311829 0.4883234628728585 0.45437887818886563 0.5515008476725333 0.5715754902005025 0.5430082833102479 0.40673474760465383 0.6831940610166408 0.470049223613568 0.5903188716897902 0.5739908656692505 0.5544185657146234 0.5669724626516779 0.4077860956017155 0.438784356657103 0.6030465333860184 0.5382235890161831 0.6234961575112016 0.4823156883907439 0.5415877048500164 0.4458008727142092 0.6520320887900082 0.5508961243136214 0.4490734528905343 0.459040391896823 
0.8594274550968399 0.596315988220874 0.6489827128452974 0.6588728590981515 0.6782129550005476 0.6644814310453192 0.6187041936755485 0.6551849032040198 0.7709046847326726 0.7017939364154053 0.7526412661240399 0.6105206698775884 0.7077480787846268 0.6261698542053447 0.6279017346019484 0.6724471413329464 0.7239129919139781 0.8535810643430628 0.7286748623597468 0.6850527151892412 0.7358031159595411 0.6067882130319127 0.6493533483216636 0.701619795644625 0.7280253675767232 0.660425104453318 0.768701392461817 0.608341306800127 0.621657728700215 0.6630281089093746 0.7061319254117449 0.6347386141554445 0.6608247326069993 0.6818302429993532 0.8125904657067128 0.594116409658034 0.7806250755513242 0.6584656993240623 0.6593548182220985 0.8276098149039451 0.7833857055265551 0.7062063929206241 0.7120434818182435 0.7241048569164655 0.7359078818720414 0.6585315861010126 0.7552225987285357 0.8140091802835058 0.6815424534157446 0.6719984283666908 0.6184962823109841 0.6608878101049153 0.6154065567349614 0.6416650576214125 0.731355005461935 0.6742670633199866 0.7430561367354286 0.6134282122311859 0.7910999003707996 0.6881868528333104 0.7715675970599066 0.6336523062199515 0.5920534565688822 0.589718054650734 0.6112960426249127 0.6562684854996922 0.6962711355411019 0.6456168438358219 0.7866206203052606 0.6194445666739858 0.6601534492687651 0.6736569353407696 0.5867508075042346 0.6494626801772978 0.7143057683763193 0.7313673846012216 0.734586280024615 0.5896683152774964 0.6070978814855806 0.6818674260096641 0.6363004032731894 0.6295181949659531 0.6198594578960308 0.7961089179504157 0.6726874454992433 0.7778284350740845 0.6525967972333577 0.8255156805074492 0.7550502291532113 0.5964857193718183 0.6483705892164747 0.6823172037974946 0.7369741353914161 0.7881895975867516 0.6847692181921335 0.7663699163695091 0.6296695684381466 0.8475943803476499 0.7263362533346696 0.7048500760619263 0.5819237521237323 0.6615964174976269 
0.6105616714975297 0.4511179641977864 0.5413907215400635 0.49665954947522684 0.5939138240443907 0.510556394681103 0.4786311167024906 0.5012406636505572 0.6211441154245476 0.5402713709201403 0.5649132780418286 0.45018508056182727 0.5670038195425209 0.4573273578028703 0.42873640891642883 0.47646350497372314 0.5172589851150831 0.6813462876293677 0.5067602080579888 0.5653121484203699 0.5273916343825564 0.48322504440329683 0.46997785052302105 0.5417552137293522 0.5539647060391308 0.4679394207257936 0.5587360403886811 0.46856562811478614 0.4504869480053395 0.4828429197627236 0.5564957776148928 0.4675386304085585 0.471170621603928 0.5250672853482033 0.5808911639140214 0.46171669717434616 0.5796822991549886 0.46259036126852315 0.5265897119265469 0.6622298582138347 0.6093367048159588 0.49688999940306583 0.5024783165526847 0.6147675411181202 0.6076020667893999 0.5307434725880885 0.5486198610793508 0.6309678646281681 0.5351676674609328 0.5623318174632552 0.42454663960946143 0.5162912680222649 0.46925793272721894 0.5136876447457664 0.5239531580470232 0.5013187441246877 0.5353534136073115 0.4526935321420038 0.5909100950093097 0.5114474238773755 0.5728229014943155 0.4900549961327047 0.4907542568128011 0.45494792082216107 0.4747109998752884 0.5112755612248588 0.5508393213117493 0.5094757791335575 0.6138026901095753 0.47376865946893926 0.5114569164002333 0.5514687476414727 0.42083326443169944 0.5057811683883324 0.5588972130299813 0.557982162886773 0.5754892718856406 0.4669957666176532 0.5029462287324561 0.5100712062589102 0.5266791385927453 0.5412310223657953 0.456513998770279 0.6287709918697403 0.4974488407587938 0.6082007785210757 0.48979879952567956 0.5622562796453233 0.5286927658434556 0.443640294301624 0.4461729555371157 0.5744622064545605 0.5603367889245618 0.5988915745981116 0.5213633379197693 0.544656693184855 0.43739150861687925 0.6615584435534461 0.5458946413717716 0.5570588756244023 0.4444084805901891 0.4996671183865805 0.6618416731004955 
0.7363250004424324 0.4638039975010849 0.5051310244533468 0.5146879956914743 0.5834000098292539 0.561140788352231 0.5102454321953249 0.5054690464776685 0.640441875727418 0.5777120638005606 0.6301778239794771 0.4969434577167974 0.5692171558304907 0.5021789208520522 0.5093007555938992 0.5375905116221349 0.5905606806928462 0.7076153698582248 0.6055863931000942 0.5585801412944241 0.6299655671322204 0.4803667383956295 0.5203182816023212 0.5763161526006867 0.5960681012964202 0.4888985421149279 0.6400230687122691 0.48071248290042295 0.47689532508781823 0.5133564477205477 0.5881746517965134 0.48866383020283977 0.5447758245991361 0.5464591869695942 0.6925924504232691 0.46589615369411486 0.6590192663090154 0.522509746608984 0.5186836148429922 0.7194200509417875 0.6814567947297578 0.5563590745574172 0.5845119818028689 0.6255063788288676 0.6601281628417746 0.5647288827756566 0.5836002345794412 0.6731211445995774 0.5765658486645439 0.502230727166717 0.49195058819356063 0.5465264399575972 0.4882984813255104 0.49308299742064804 0.6010174960062832 0.5445622313356104 0.5990055514967891 0.4984181082239976 0.6487589738998275 0.5497919508491641 0.6571139925219992 0.5114839768386173 0.465713588396952 0.47893987732121035 0.5042946793275668 0.5077028837558625 0.5653885109776047 0.5037354655586964 0.6465588534957 0.4575878871070614 0.5504282003368242 0.5710818290496558 0.4578353466547933 0.4882216631403235 0.5648210334206878 0.592883665540015 0.5940441572190364 0.45049627064214304 0.5122034106035831 0.5175922299820147 0.4895765806732056 0.5016942361608326 0.4959207393638779 0.633853545363394 0.5624860113323508 0.6534478495913937 0.48938832028968954 0.7067988994662644 0.587345874084153 0.4877354517461671 0.5313414354730669 0.5476521174189705 0.6032739165966031 0.6668011422938727 0.5517113045811669 0.6361714357914633 0.49801159223286384 0.7384561286439688 0.5902147880093496 0.6050069870286827 0.46314335465837114 0.5670125498508749 0.645719670034731 0.5241556678341686 
0.7401484852832807 0.4847255819678505 0.5422014620675343 0.5593068105743041 0.5077483918197002 0.5680431209453963 0.4413083847885091 0.5272857112252485 0.5783226490478036 0.5412909056919359 0.5816351667637611 0.46476060047774875 0.6055460099394414 0.49698809952364525 0.47825672230984145 0.5432780470164271 0.5357771870112445 0.6987884096315984 0.6112267756192624 0.4907958048933132 0.5977530917361801 0.4797168856641996 0.5114245464764617 0.561061107514844 0.5886472987416962 0.5585866734880771 0.6779272103989857 0.48075297831671276 0.49383355222941494 0.5655249651418967 0.5248416590535302 0.5074378230692442 0.5407514515762225 0.5054963351546617 0.6839339080607058 0.4892820695840408 0.694340017728184 0.5421793344085752 0.5704745005497011 0.6360769063065104 0.6471149765907749 0.5502726145489214 0.6017899105086789 0.5506493442772986 0.5537628365083173 0.460904842378923 0.6509243000770443 0.6972940678127919 0.48954389562860473 0.5516032111163113 0.4970584327445377 0.49535055094317193 0.4465617910572332 0.533001088712521 0.6280997152692042 0.5233992819625729 0.6673928543310054 0.49790925881631265 0.6657442528523091 0.5574595715244582 0.6527347041083914 0.46076423888591306 0.4319268869711863 0.438461462588744 0.4695148993039773 0.5619533377657696 0.5934217911596938 0.5222530053145608 0.6353968314774059 0.4995801688490331 0.4933943935498545 0.5309473237909182 0.44066915060467815 0.5055687738968526 0.6251015254158282 0.5966299577254547 0.6137652516521939 0.46986506158904123 0.4663031121260386 0.5742085833528052 0.5309416935114346 0.49848859674099916 0.44154009015226314 0.6935298504451763 0.5501364171548762 0.6354545886229063 0.5727700571574178 0.7215237703135046 0.6413473631641953 0.4452905359860604 0.5401486255689859 0.5763283043280514 0.5841870749181025 0.713649099047749 0.5125048294266485 0.635119716423074 0.5078900294843273 0.7331760842472625 0.608421893208303 0.5048810536322365 0.4817435595590029 0.47742162187018694 0.6409395790854551 0.5529665816574094 0.5336026375787595 
0.6531449985973693 0.44351410560357546 0.5210369900402548 0.4674197586304898 0.5467838064807127 0.511790232737079 0.44395301121481695 0.49842440531198134 0.5849392448211537 0.5457687797032026 0.5742012262711642 0.42909540988523265 0.5545060001521904 0.4443441654799819 0.43581951338505187 0.4969031112324614 0.5209906432072849 0.7030643898022979 0.5684273126541853 0.5396528660738839 0.5533652521786491 0.45950444465731316 0.4697246989757782 0.5382241113348628 0.5659801465654691 0.4736734083064735 0.6184280926116621 0.43962460944375187 0.44804236938507774 0.4988634084490052 0.5259442562330545 0.47116670335212807 0.4679316793117489 0.49593695822598793 0.612393633072731 0.47780824606361616 0.5912875105482205 0.44812390313770584 0.48517365673939966 0.6782569778736913 0.6055719105826919 0.5046790606033259 0.5184938026083088 0.5837735446966464 0.5835970263459497 0.48352430139814445 0.5656815171700007 0.6426714379646389 0.5078072346343033 0.5301872053204887 0.4376244008448881 0.5157009850836232 0.433595123971466 0.49966012689951234 0.5384621115496752 0.518504039505762 0.5440541789308355 0.4543262930802776 0.6134729522606096 0.5276773157578377 0.6056723174768369 0.47773666262525855 0.4550739987163478 0.4370085802501157 0.4618307805871401 0.522297327541938 0.5489352334532098 0.4660363648136702 0.5860109308546685 0.45263532987119853 0.484879067556113 0.5026569091794895 0.4145607122320592 0.5089618632788336 0.5464100867119792 0.560162196866649 0.5673034180034581 0.44435069537696303 0.47814481769090206 0.5379747402625632 0.4869594504816465 0.49359239093622154 0.43848133228574204 0.6380465962558409 0.5174429715445409 0.6050550186946876 0.47960160825666365 0.6290575858461179 0.5597882571074319 0.4185384943833258 0.4806181004436858 0.530728191558333 0.5553449948259062 0.6385846459398913 0.5077074536662328 0.584583967877952 0.43845854068727436 0.6658818126475835 0.5866014435359942 0.5628078701894313 0.4171391792861918 0.48775033263609485 0.6265530606924011 0.48475415643105774 0.5043237389406214 0.4949926595122556 
0.6236916012462631 0.479791430059743 0.6042236268253077 0.47960179706341266 0.6203972315045296 0.5119132220071355 0.4700438449934201 0.534162046665147 0.5927359774235543 0.5746314668919733 0.5689563108854062 0.4507357948293922 0.5633444765786307 0.4600024109343646 0.43190797231473044 0.4914163553610967 0.5167718491777195 0.7299505485712123 0.5577106338995474 0.5980678017558633 0.5113385123995928 0.5041661461741108 0.47083700702238135 0.5613437653108401 0.5816261674829858 0.47073026005721286 0.5988269211612823 0.4729597349953102 0.45426362120393604 0.522021570902439 0.5335474670833212 0.47780482812482294 0.4491615920941265 0.5520067457908037 0.5840773137309541 0.5144680497369757 0.5358152848520412 0.4822637184743965 0.5356600098348404 0.6990037235374893 0.6131871700278558 0.49820321854420746 0.5008247424902222 0.6316453232818217 0.6117953497226337 0.497475259794745 0.575342262891529 0.6288942427301176 0.5295887566302162 0.5890327598812346 0.4399518934234256 0.5347582550031973 0.467813563036482 0.5297180498532864 0.5206618683636995 0.5114663091182261 0.5320994062989174 0.47342553978230084 0.5963465122882432 0.560233296193957 0.5612291760545854 0.5053898010850029 0.5195728484861205 0.46561811463703856 0.4981099949033649 0.5493301436135624 0.5663229033709666 0.4949423356320827 0.5877786560431463 0.49127003207711184 0.5217508154922387 0.5387372240588028 0.4215222681296207 0.5490599496548281 0.5611153886646407 0.6051056695737981 0.5877921822312723 0.492011333086623 0.5142456442282053 0.5434370396903737 0.5381675264113335 0.5585863494032766 0.45417787038317736 0.6701033935387849 0.5187387999749516 0.6233734325507024 0.5155643276087472 0.57732802688006 0.5291635658395928 0.4422091006196348 0.4609689077667739 0.555447402709099 0.5506529764322535 0.6229594243745158 0.5139630814999541 0.6042214528995041 0.44288812552768153 0.6644892428554687 0.6094528111561396 0.5657086396206397 0.4187134206555908 0.488986312901348 0.6797878402255702 0.4986881085803748 0.5531876212879738 0.546468687080823 0.48565279509795717 
0.5692518481844457 0.41953914569223794 0.4964013429281521 0.48608762458997123 0.569599180360296 0.4898525410454381 0.4683443358398823 0.47097369284099816 0.6280801794759032 0.5067883685156335 0.5470654244476423 0.4285719911528268 0.5582201910432883 0.43428199845996523 0.4030427395882048 0.44934411147574177 0.49829362916755543 0.643691682491902 0.45493716344683094 0.5420588638151624 0.5138480201987637 0.4600444288291858 0.45102591287752125 0.5147024896895724 0.5228196116359781 0.45094965540428283 0.5165511050394583 0.4492377577287852 0.43416594736840414 0.44163713033186713 0.5570435798317043 0.45030284265206566 0.4586940313481689 0.49153034056469286 0.5497518065376137 0.4239312368633615 0.581727443381963 0.41811031308138585 0.5005465600252641 0.6300970257232578 0.5833529715672139 0.47640377604292017 0.4773788881395993 0.5960874505434508 0.5891142761856054 0.5368991570805943 0.5137729315190376 0.617395320391872 0.523317075559199 0.5461514116068678 0.3924689535521469 0.49653619376533253 0.4544408955377196 0.49830837270660117 0.4995050568516772 0.48625864375848754 0.50857256059452 0.4213727744550584 0.5698825309302495 0.4664832984154865 0.5627180369967653 0.4715077758493345 0.4697019600800734 0.43693915777179376 0.44588571488509926 0.4809382592060297 0.5290805294709587 0.5035135285664287 0.6126477152114934 0.4536155460897325 0.48650540357823985 0.5400544710608112 0.4061392393646457 0.4787000544969235 0.5417989388526715 0.5113791618076086 0.5536282105710251 0.44335695178480344 0.4867995184135553 0.48500156147371426 0.5119465042917578 0.5247509123362227 0.4431211046082447 0.5918898465380268 0.46615181145213064 0.5812348036274793 0.4571660382973646 0.5207985466758446 0.510192190092328 0.42420443797409835 0.4153236945055436 0.5773901747747808 0.5514891312762744 0.5649673356768016 0.5147729065962042 0.48240130577013773 0.41048109766328417 0.6344397383704007 0.49539128296885393 0.5469641292209096 0.44317145952401804 0.48884227775437217 0.6417447927460835 0.4389820306374253 0.5021422695599668 0.5539802301195987 0.4636263826167007 0.4945458998059281 
0.6621312969795364 0.4464253513247535 0.520135962233926 0.5065700854791227 0.5544248673370391 0.5083857943069993 0.46301961912280276 0.49663724965874956 0.607352314077352 0.5362033942206664 0.56691873664052 0.4545790180107044 0.550966649890024 0.46651799855322973 0.4466468498500814 0.49137703917674264 0.534131814585508 0.6780591029837078 0.5346949233122703 0.5405772699680351 0.5427299570120092 0.4632093686020939 0.4774367291166827 0.5416806714855482 0.5563953447181632 0.48910078612401614 0.5785093261704795 0.46563568963708735 0.4516696041744531 0.5000717583706825 0.5431260471649562 0.46489417249180487 0.48671056076510566 0.5294812999201993 0.6185923777121218 0.4418913555982304 0.5964270670654153 0.5022241972295272 0.5273897067873823 0.6536033463041272 0.6185950064004347 0.5175127554758904 0.5322759035869798 0.5835117565802944 0.5872919853060191 0.5064888072771744 0.5769016744176761 0.6363812983977515 0.5225654079252807 0.532762324102669 0.4484605360434222 0.5007897038199653 0.46176642611272484 0.49334537143457774 0.5517251424716283 0.4918060622904517 0.5678771465469672 0.45390456252502903 0.6073715241866655 0.520014860608671 0.581994871021302 0.4772423124571401 0.4550933250384805 0.4428489698159502 0.4629348338959763 0.49568205655213576 0.5444790080969725 0.503035160421992 0.6223830367981058 0.46885281622761343 0.5132178652642386 0.5385993925374375 0.4167029972920466 0.4879579698843802 0.5578598537781819 0.5732909534285828 0.5767926108992139 0.44956919167392745 0.4715796776524342 0.5009729660480642 0.5074395017348299 0.5127000319623498 0.45462596322320353 0.6359024204254011 0.5083584122048719 0.6144250108304801 0.5032779163794416 0.6143446455002762 0.5576619334562514 0.4443878928157478 0.4636988288005081 0.5453374157445239 0.5609035429839611 0.6111846149389254 0.5139457813868444 0.5831897487594815 0.4607520904154477 0.6802188504892078 0.552487029880233 0.5283875052617618 0.43132773942539043 0.4934219499841366 0.6342515575636177 0.49553342441620046 0.5041307031190455 0.503654854108166 0.48457700825899463 0.5081250443221959 0.4786420632409227 
0.6509605176359162 0.412741640387276 0.4698606612605139 0.5020853322801873 0.4893453511998721 0.4894078018071837 0.4249839684648527 0.4558376913981208 0.5646283947889763 0.48287179701255756 0.5327036026300083 0.4261709935202347 0.530729999469326 0.4436491518359333 0.4252450061196266 0.4646603591638691 0.4993747943695915 0.6214494744706148 0.5007022799598222 0.46321004998283005 0.5261187405731211 0.4261083456187765 0.45164804595712105 0.501702939309266 0.5176523031390962 0.47033400573456347 0.5541880215219671 0.4315793457876688 0.4269978388580158 0.46960255097030074 0.5047530101150121 0.43345700623547584 0.4811683348735192 0.4813737383844934 0.6062909194665425 0.39219175532100037 0.6086203072599132 0.48746269791655206 0.5135039832219672 0.5866764265700948 0.5966519327710397 0.4927790510349203 0.523806972485966 0.5249239316959088 0.5338199863329768 0.46238277652913007 0.5593704653176492 0.6163401976952172 0.47283895679887367 0.4891714031594306 0.42181800666766756 0.44123633948434676 0.42386694708422645 0.45714262825455726 0.5470345178155832 0.45369429503368613 0.577560142920734 0.4280306479172653 0.5797715044892126 0.47950351456733253 0.5637969981739067 0.4178775947318358 0.3979275360400523 0.39376831830318015 0.4184331774378113 0.4638570848814895 0.5113869351880895 0.4815258845316726 0.6022960055769749 0.4365843913356141 0.46478937668947323 0.5084368072265705 0.38822399839499266 0.43101368754291075 0.545919249106574 0.5314224941391585 0.5466577766717533 0.40745191934423447 0.41886865135011153 0.4696783057307495 0.47267505946085486 0.45418406986631 0.41128438116043115 0.6005146425811346 0.4672007187697666 0.5793047215621953 0.48726628746283757 0.6108026154423044 0.5448479625001833 0.4113325706722897 0.4465671227700891 0.5237881973370371 0.5337251193284874 0.5978694265349004 0.47464596780502133 0.5481841924099363 0.4431938054721064 0.6679497298969985 0.5043206023190263 0.46659942598979504 0.42318399752664704 0.45072190540052576 0.5912139310514195 0.4719931342737363 0.46226612063633465 0.4450606598275065 0.45933231269834834 0.4968752544297158 0.45398187448777777 0.4430186369999696 
0.7558909193545303 0.5530375032135478 0.6268460717125137 0.6677845524880299 0.6264881839406446 0.6016840804046412 0.5631948643694629 0.604166986711442 0.719461618068314 0.6067503580380332 0.6505649983748103 0.563469561661299 0.6737960925677396 0.5831211195995514 0.5458758400455251 0.587335503361286 0.6320660374368122 0.7485274214705492 0.5882571064300474 0.6099025901559186 0.6217696363261281 0.5704355790698209 0.5837383281842885 0.6341175208118518 0.6427535463452492 0.632334091525559 0.6451621756341452 0.5847006740564024 0.5704883163236983 0.6093779845921704 0.646496495394284 0.5731422383929209 0.6066251765445966 0.6413000528774274 0.7137603894325175 0.5097056605635483 0.7259061620494677 0.6442737619363338 0.6858953352170236 0.6905432081216161 0.7134083591402316 0.6347845018790433 0.6475681054398814 0.6531917562105356 0.6421585806515566 0.5975214536720417 0.7140578977097983 0.747074448206331 0.6042987250238914 0.6688975709940093 0.5477975398917883 0.5608377383516409 0.5784686507136422 0.6097611964284475 0.6728435481595794 0.5690512043475401 0.7181938025059584 0.5491705676346483 0.7060157540601062 0.6085728031087315 0.6604626077292577 0.5524160739916645 0.5485652191799875 0.5256380176007144 0.5431634901933239 0.597994566145067 0.6459809633347353 0.6535402773021701 0.7632636183582715 0.6072446085060341 0.6050176016299627 0.6557730099088802 0.521943595872486 0.5806246061826067 0.7003027849611433 0.6738637130212578 0.6934166165078754 0.5616579624190355 0.5405080449208699 0.6020843925195807 0.6452240164161651 0.6191863545571341 0.5516971146985512 0.7520568037000708 0.5749993447505725 0.7117113211384326 0.6554592426503733 0.6937130407280993 0.6839411794870768 0.5478945039864568 0.5464155867423772 0.6855981904937033 0.6702332379025017 0.6969119301930853 0.6161415835699361 0.6601654043871634 0.5807320915902376 0.7860728749525872 0.6139497559622857 0.5657832574297172 0.5636226537249015 0.5643148604380586 0.7381015103203388 0.6075092944437944 0.6252500159139568 0.5939196965228154 0.6153839994711807 0.6360369847640104 0.5859589417836671 0.5788922952947957 0.52289978526677 
0.5734943996068522 0.3479107265363457 0.42169553451369696 0.3754987989256644 0.45750846326025296 0.41677621367891365 0.3588506931675805 0.39978937005785053 0.49362259265268726 0.45434045131824935 0.4864663099156402 0.3464326576990331 0.4478076338255158 0.35772610421668205 0.3541244528123275 0.4046803783263511 0.43934537150788755 0.6040396628663743 0.4787411893309483 0.44788308679219413 0.4634821984144249 0.3639561679658616 0.3788150338255889 0.44729107349315544 0.47259349991675526 0.3730308384754423 0.5200873994728832 0.3476785749343544 0.35071828123859855 0.4026210178819586 0.43603067860945316 0.37039401746779843 0.3802789807224073 0.416212772392435 0.5306196154207464 0.37231776805283734 0.49368677307788356 0.37322151976817397 0.3928745635161163 0.5909732454993061 0.5253054782336313 0.41524786466635816 0.43280661213161065 0.49476016605084616 0.502167644348719 0.39807635425773746 0.47095166107492153 0.5427529471793654 0.4226140898444398 0.42093743649772564 0.351335251065522 0.41991723563899347 0.3470990793659022 0.39171249499535765 0.44980608259925614 0.41936253769348475 0.45336887274407917 0.36472919176474355 0.5145473884881887 0.4372373293835799 0.508963018934714 0.3845123372247077 0.3594168859734321 0.34762241121243953 0.3727057504833826 0.41326220548082027 0.4474881018802862 0.37208360693680687 0.5002572555631203 0.3535469392870978 0.404371180094066 0.4176964452771691 0.32221628155948073 0.40313684071792083 0.44391049048750425 0.4762319886693833 0.4717381009177586 0.34446390999242876 0.3815577130502191 0.4262644690523338 0.3855186772989763 0.3934158889026553 0.35206865030242557 0.5368970272504792 0.4258496597368775 0.5176824950966952 0.3833421165721883 0.5459918484326866 0.45955293258870833 0.3359602925723605 0.3889890212174945 0.42458457234189523 0.4625995997809461 0.5396642151126241 0.4152923599084462 0.5061026511806318 0.3542046948339043 0.5848992756267031 0.4893633722890802 0.46903890865818537 0.3183125614768501 0.4047474316758689 0.5293744736281079 0.3950635703928203 0.3991082829932642 0.402089487034835 0.361648207750476 0.3962056604298764 0.37938015826690247 0.38535115580387286 0.3567423064967433 0.5125886379040614 
0.7885422308251491 0.5739916614076818 0.644730685827081 0.5738414021400611 0.740733703472765 0.6559332693164783 0.6217342690855242 0.623912089620251 0.7541924973265385 0.7100246684181972 0.7405461625646637 0.5875358419306709 0.6705035297235166 0.5853886526676167 0.5908119469377736 0.6329520428027562 0.6845211229709279 0.8482146788386604 0.7137105808147624 0.7250819881872645 0.7131346554237754 0.6027293031553722 0.6119785152432521 0.6896569129832285 0.71123633465287 0.5655930083432069 0.7455481921565622 0.5794188137458743 0.5729459446243738 0.6090093921098615 0.6984323601963853 0.5977231078812801 0.6059923903255925 0.6542588633287072 0.755399643839443 0.6164794058152379 0.7076288911786748 0.5686833327577039 0.5892685896838946 0.8764597578340406 0.7699860965723323 0.635925249546646 0.6473096208501012 0.7770498505308384 0.7971057470127972 0.6838732103217808 0.6572113949957734 0.7660463118024411 0.6978112491179433 0.6367554509992672 0.5772500274256489 0.6935747862301124 0.5916320816606925 0.6168785555424512 0.6588132740958714 0.6726175371320663 0.6354468118985543 0.5997326969567256 0.7394509899328414 0.6650431438809323 0.755103626117188 0.651383744258895 0.618942783752234 0.6106331597797094 0.6298758837379521 0.6318563385800345 0.6781172143707458 0.5892871218353924 0.7265900778354242 0.5629046656417714 0.6620441698098581 0.6676493411054698 0.5622074368987122 0.6389103032311538 0.644751088499345 0.6999497143877362 0.6947816044726131 0.5755138589743927 0.6579946592433666 0.6420382045844043 0.604235444938087 0.6429298299771595 0.6076874104103966 0.741692311863158 0.6762871684047727 0.7568854736875926 0.5669268590813245 0.7625266117680323 0.6571901895536694 0.5848641428457374 0.620260057528882 0.651718329365231 0.7015249444947953 0.7601425440304616 0.6666724002141096 0.7276218847666097 0.5709730004885757 0.8140615624537179 0.7247711464345392 0.7701653829157501 0.5452934868280273 0.6841450772172826 0.7762418210990978 0.607589010698542 0.6200540021451657 0.6893970862609713 0.5891166087439619 0.6239118981986616 0.5752038857144554 0.6256996910573126 0.6164234072059808 0.7855428828961977 0.49753676052552015 
0.6974697929030389 0.5382517836238564 0.6251047710844212 0.6288151246319292 0.6556144420652337 0.5982454882989572 0.5540842964861566 0.5786895401559493 0.6973108179618578 0.5922774580033164 0.6195555710419305 0.5432447413678563 0.6586627368941351 0.5555948780430958 0.5075401482936888 0.549752983747083 0.583269206512745 0.7232514662572121 0.5529071266858159 0.6123224050478525 0.5925128298188369 0.5658845736624949 0.552603122802019 0.6162304361362154 0.617592105517789 0.5771061784535622 0.614001571340781 0.570634766953461 0.5363018978928454 0.5737363953061456 0.6308969787425625 0.5438723862267503 0.5728550686055579 0.6109615533295131 0.6633921990042964 0.5139757778204169 0.6879553608440928 0.592301329428951 0.6623305101125283 0.6849417621289625 0.6939799447942018 0.5784228762193209 0.6019282423680125 0.6699941446719144 0.6602938295799837 0.6015072540055343 0.6506391576648358 0.7126758128869105 0.5980652269123915 0.6521220555268045 0.5132194154201833 0.5618278122700044 0.5572222422149001 0.5983037450695055 0.6268375860437873 0.547918934486722 0.6619916699011691 0.5342701631470388 0.6663436977095101 0.5785673484741679 0.6356299455809941 0.5464532942456735 0.5550619201997947 0.5261368933297379 0.544336847738363 0.5820368025294296 0.6360275578547122 0.6288615877701703 0.7213291849908025 0.5746799562338358 0.5946051331962363 0.655929589504988 0.49626556834278923 0.5597589244658245 0.6696611979365733 0.6411756597802174 0.6671600922135614 0.5541806554155123 0.566185142582062 0.5684591218534909 0.6365962056711022 0.6337769296905537 0.5284932974516892 0.7166043225025407 0.5644611132601818 0.6875488995836235 0.6132419795468338 0.6349156591925152 0.617308561811871 0.5340339929587338 0.5164886617705107 0.6825658551455451 0.6372956067331028 0.6743301232196993 0.5899491027142777 0.6128183155823386 0.5390694504430433 0.7577386141778252 0.5923184844781149 0.5718465649553669 0.5532199809600893 0.5573046335781521 0.7485878598230455 0.5700295271261354 0.6119131096550112 0.6114323150827596 0.5965968096496951 0.6002321430801222 0.5417067818487875 0.5678524827977147 0.5274029235887185 0.6434822963646336 0.4974688721813419 0.7397138564340369 
0.5784164736219657 0.5213670908055626 0.6658156947114421 0.571236495985739 0.6810547620891096 0.5400029464515209 0.5195068398659237 0.5695642857086103 0.656755266749474 0.5711427456356795 0.5606378251555819 0.49202112604851655 0.6285524001821647 0.5006024080802209 0.42990235603406235 0.4872407613629999 0.5123226661449044 0.7130434630501585 0.4832829186084322 0.6330385049599763 0.48815258523449523 0.563442997661394 0.4933844831504307 0.5834395243877014 0.5820939279266659 0.5215758544422808 0.5465317312719701 0.541999825898984 0.49261779757449137 0.5388025599092399 0.5852940555178552 0.5087310946950296 0.4800440789747466 0.5949625510112201 0.5543178132827469 0.5221878981354211 0.5703033764605174 0.5241215285563081 0.6403213228189871 0.6618330349301452 0.6267251468732997 0.5078790154785999 0.5086944223545941 0.6723459813796084 0.6280905161091401 0.5585718820906654 0.5985356033846213 0.6519674848883601 0.5605483858179316 0.6862452523109582 0.4447106875995098 0.5420269202609072 0.5283955041424164 0.597398143167173 0.5343662724050063 0.5065632660338949 0.5699970567911927 0.49192955753858697 0.5967098026339721 0.5547693781022484 0.5444913741823447 0.5298567377696527 0.5834082693047645 0.5041525646648197 0.5247014366897538 0.5788529153440295 0.608846526162749 0.5986893171787006 0.6586512888335596 0.566987576739777 0.5602790895038507 0.6218991497332428 0.45126262626683583 0.5768009081224253 0.6320944900437339 0.6180203702170123 0.6342580822004056 0.5592750767673998 0.5608379734012545 0.5518947561374475 0.6446406915688542 0.657630540147199 0.4857962062887344 0.70211731015091 0.5083261038511031 0.6433569131061039 0.5875101800202794 0.5023396897317536 0.5337373741250282 0.48642607264143584 0.43624414321108074 0.6687250110444019 0.5803816081341914 0.6069946003209297 0.5491640745264535 0.5517904819106166 0.4684782513981293 0.6791331869860083 0.5723813249048478 0.5462060731967898 0.5009112093072575 0.4978829345737565 0.7566907484666379 0.5158182674591415 0.6279600105449706 0.627425057239526 0.5617376719277216 0.5194771785472168 0.4882355733028846 0.551577608115091 0.5374979058652317 0.6391921053729677 0.47387455844881265 0.6996811557519466 0.5847902115134572 
0.744129031340593 0.5851440700048577 0.6840140964084487 0.6403751793102116 0.6095106773528107 0.6439009155582031 0.5035482237466846 0.6355179704175264 0.6493447195438873 0.6182841111184942 0.6321368011914383 0.5170539657055953 0.7241030292277578 0.5573727516562613 0.5104044259264309 0.6061344288044154 0.5664137722033075 0.7964001833886194 0.658178563160384 0.5903661238555544 0.628351999814142 0.5882184829766551 0.574687453058906 0.6373313877014696 0.666571641139577 0.6525433171311247 0.7493050881585706 0.56738528428473 0.5820460794532064 0.6568417651223251 0.5898751768586007 0.6056199885672552 0.5828906790412093 0.5678990417581616 0.698520996365883 0.6182656381020766 0.7481292452916442 0.5752169326900266 0.6725443979166714 0.696026291849182 0.6850884403137323 0.6019194979158758 0.6400978831795804 0.6385166094049551 0.602939883152395 0.515967661599886 0.733064942799782 0.7807711292607898 0.5442949119310677 0.7129411300627514 0.5463167496782912 0.5806264498575354 0.5174086664200386 0.6693298610182803 0.6736673907185722 0.6078923686735577 0.7248301986442659 0.5703230597590166 0.7365914407360131 0.637452027989379 0.7082951920656557 0.544333781434113 0.5529574923145507 0.5175838845659034 0.5487356819372149 0.6973928182955742 0.6997718082378759 0.6190676449699679 0.6935929864194416 0.6168026954771457 0.5456981009384614 0.6005794077668037 0.5151195147972093 0.6391551498512668 0.7350629465360852 0.66617623208772 0.7054574192108091 0.5920060532629471 0.5676065226624968 0.7050143407768269 0.6649651122460672 0.6301898058813123 0.5000313797142705 0.8071804147737317 0.6116880453386443 0.6989046054900284 0.6803758716022107 0.7248246930495079 0.7127041355459446 0.49827686623717654 0.5923211933669524 0.7074563776720221 0.652040040483563 0.7924384767497756 0.5859565530818319 0.6665248516690901 0.5561266452414176 0.7707440619184308 0.7006056801986179 0.5770337086609041 0.5755823055379101 0.5155842569965005 0.7590643583074022 0.6202546205733226 0.6750875369748596 0.5482650360699122 0.5662788928064701 0.5998099329704311 0.6106494673152384 0.6100162150770458 0.5675961915839534 0.7043510636300674 0.4961981526948313 0.7789560774545637 0.7006152483992709 0.6517173325626187 
0.6280524092693978 0.4988897726388432 0.6149708652200103 0.5439336713676516 0.5852827962270748 0.5411022118238199 0.45572065412328755 0.5487521602375477 0.5940806978422202 0.5485515767730048 0.5519658220817373 0.4518417763269523 0.6166739544574975 0.4765537063722733 0.4263304143342296 0.5022616897411457 0.4954216002842913 0.7103026361320828 0.5400980690010382 0.5565122826984944 0.5182067020467269 0.5171273624842402 0.48445079304810296 0.5600992986401382 0.577940313611679 0.5323507988493836 0.6124223505151616 0.4958190247488295 0.48388852227956775 0.5493222628743111 0.5312369361615654 0.5045185962234819 0.4817432068259837 0.5277619922622276 0.5892722300981706 0.5202409183508634 0.608773195049694 0.4996603435138313 0.5914621184843103 0.6386256691430905 0.6089173853848421 0.5083507492881894 0.5295852932588648 0.5996333850805011 0.5658066510646541 0.47895247171984295 0.6167875870565891 0.6660760793661545 0.5001317442345503 0.6319108622770926 0.4505292822688214 0.5123075048985317 0.46532282863850916 0.5723552715072103 0.5579730362329415 0.5107190677891129 0.5972774013411305 0.4820046745621192 0.6213061108638716 0.5511267184620664 0.5841555773306614 0.485124726877471 0.5070963474904292 0.45679960739334863 0.48504845359962034 0.5843658854353555 0.5995311122494502 0.5432808758214333 0.617824029486234 0.5306547989895641 0.5004182496305019 0.5498286963965603 0.4312650287667497 0.5537719146474298 0.6240798001265699 0.5944779434179797 0.6149893359468935 0.5152552116226089 0.507362076630721 0.578583514038236 0.587098158785334 0.5769667008334418 0.4409297235858658 0.7021144611902943 0.5166981531486703 0.6219062161113786 0.5750985857864482 0.5857612979939503 0.5777004457166895 0.43887624819975996 0.4742707861918625 0.6188217010901316 0.5646004654991119 0.657418249914224 0.5141669665075818 0.5755858983547232 0.4636014553733254 0.6784042033195906 0.5967362380949096 0.5166449338032385 0.4765764161941388 0.45921345436234684 0.6954627560120429 0.5202950534291138 0.5890528475259769 0.52315223462433 0.5045144662231202 0.5058466239263253 0.5075048500066747 0.5248859747820637 0.49594003606313014 0.6222669766057668 0.424041895412251 0.6806476030019327 0.5984673768774359 0.5281515132735047 0.555261203896931 
0.5792099899310132 0.40249865904368215 0.49519678767081055 0.4411041364595696 0.5274471166707317 0.4499708527192635 0.41684310559556104 0.4606233475527561 0.5636176563499796 0.4984215316700632 0.5176633620828275 0.39470982020243195 0.5109309598457352 0.4060839785925531 0.3822917312757591 0.4360330799235161 0.47745391648135316 0.6502590275578227 0.4773948592133461 0.5166913236603403 0.4765424769796948 0.4260685134673454 0.42226263662851315 0.4942278452598386 0.5124187829843949 0.4321318644901592 0.5235633966836996 0.41450799215234063 0.40427502390921116 0.44875255626354055 0.49682369841802554 0.42287622160890825 0.41581954410011457 0.4824094865870643 0.5417921768856566 0.41514987909905465 0.5200647287915857 0.4245396163811204 0.47166289811625717 0.618271145263276 0.5524158108997071 0.46173533474462974 0.45733353105999824 0.5504021484277262 0.5402736934833048 0.45955274358632264 0.5202513216843778 0.5845888047635832 0.47798525613111725 0.5139745745190121 0.38250190540346907 0.4658424578701901 0.4153705307704992 0.4623992541796331 0.4791222037301612 0.4537549362722767 0.4918236710530258 0.39994502813662847 0.554224817585365 0.47580451859813344 0.52023636521647 0.4408520890965703 0.43244218241017385 0.39622316085460413 0.4186806572394866 0.46725199841090176 0.49949654642087943 0.45058470387557087 0.5582269009504578 0.4287100262779226 0.4581087170017011 0.48291450607291375 0.3687982962393065 0.4686384181351043 0.5089568491610581 0.5214347001173836 0.5281482642501633 0.4150513797247122 0.4361015351426749 0.47400305986449326 0.4689992796395193 0.481423821623416 0.40582238429198936 0.5951142587860017 0.4511234762826721 0.5608100202693994 0.448331613300241 0.5302390978998363 0.49906895612521984 0.385758573261628 0.4011525901550398 0.5065781979976829 0.5101568955152074 0.5524629878976022 0.47013000953427203 0.5196673160616349 0.39194716871919594 0.6064405110211148 0.514424160633589 0.4997558551848424 0.37620089947168156 0.43981754572057175 0.5988290291280064 0.43506005457853425 0.4754761078933132 0.4809843863485628 0.4270663862207085 0.4424233532699801 0.41105469433110553 0.44022209922615624 0.4183855247416227 0.5531462128414979 0.33770271260629386 0.5648541136239953 0.5300884060345923 0.4807019057384615 0.5513996730959491 0.46361129273026125 
0.6081148828248606 0.4428649239281344 0.5378888278240265 0.4836665875017701 0.588553255121562 0.49282555170215786 0.4737813072577737 0.4955888250545709 0.6116521953821975 0.538004395610206 0.562015369654154 0.445192623314204 0.5479757412437967 0.45041816070721746 0.42684466122315334 0.4696810428835228 0.519378537255173 0.6797744655540658 0.5045897366569461 0.5637153236459738 0.5142333525227683 0.47495767653343945 0.4618337873235912 0.5355328104456143 0.5493437010920957 0.4549785511485889 0.5483755109603057 0.4578170800245738 0.44070056626914034 0.4759979605909168 0.5469313446990949 0.4563398847116547 0.45861935878884885 0.5314848425266812 0.5764894341603769 0.45010607448369183 0.555359236414826 0.46552457282211984 0.5168096306629542 0.662616106031854 0.604452208887338 0.49456217187738893 0.4939682466876018 0.6086349190328177 0.6013209728656538 0.5199897529536831 0.5452565103745386 0.6167547221387568 0.5301605888376267 0.5517455558285694 0.41802643877839074 0.5064560966254801 0.4659336933438936 0.4976930111340338 0.5139597839306235 0.4915335978726312 0.5246705821547185 0.44532043370875846 0.5785227069040438 0.512274808976657 0.5547660762091492 0.48275789546540343 0.4861213868806064 0.44549352913642654 0.4681601440714755 0.4989252503647564 0.5346943772184556 0.4968214514351266 0.6055200501554215 0.4658680622540078 0.5084614181644661 0.5409161388843402 0.41323865364614576 0.500000822275676 0.5437075446014187 0.561481368234264 0.5658029581649786 0.45655849331085696 0.487246743932765 0.4987069874783865 0.5121726083968356 0.5260701259775431 0.45224085388990837 0.6217884414790319 0.48539850175500615 0.60350394966428 0.4816938236685002 0.5570087231208143 0.5178977203496437 0.4376111661582529 0.4361499981636092 0.5523717339147388 0.5515023208388021 0.5837284758923618 0.514024639577564 0.5527894093944027 0.43215194547007757 0.6547865756562761 0.5429203934922258 0.5497266216162443 0.42351951291055506 0.49281866923734513 0.6494167327751086 0.46914306316830273 0.5128082164802443 0.5451053541345892 0.47864208257805924 0.4859835115501397 0.43969766913277064 0.48509331240094383 0.4603999053596946 0.5946557815047857 0.3848379471424295 0.6013843091101372 0.5630496605458551 0.5091882488128878 0.6211527274844041 0.5158541581695252 0.4264121490845568 
0.6819215920467372 0.5221604378354546 0.6113411575431801 0.590670941451308 0.5815226432810462 0.5936716126747443 0.47695449889527464 0.5632342655556267 0.6159352845806546 0.559037380443997 0.5809675714130951 0.48112275090832785 0.6606351112889134 0.5112462570420372 0.46400108477566226 0.5390145669336232 0.5189859846751995 0.7162849902687767 0.5750866061898016 0.541618717944887 0.5789902712249241 0.5352074701796918 0.52108031495393 0.5820631398329011 0.6009448628722577 0.5719103052886201 0.6598857576609554 0.5214432985308092 0.5182495759409963 0.5763638650420962 0.5586132252477565 0.5357284984859875 0.5408003751808806 0.5251871563808835 0.6421800986676631 0.5374478730198605 0.694909637430248 0.5283368253883496 0.6227062280295604 0.6422424431056803 0.6474076277373596 0.5406991604545295 0.5827767721616762 0.6054746219180726 0.5840064436353533 0.5048143795075779 0.6480936146899681 0.7124520699975009 0.5170866899278118 0.6369455133969355 0.4871188764384413 0.52726472455124 0.4815265887421425 0.5974913462975644 0.6146645804997279 0.5419058248144056 0.6600504321587111 0.5160143652052878 0.6646653312633232 0.5646898009007366 0.645782953962626 0.49463281964940126 0.5041199065708232 0.47443143658658676 0.5035683401787261 0.6119341309851566 0.6338027316739362 0.5746219567046653 0.6525743028732284 0.5477318273785243 0.5131720424263049 0.57896986736969 0.4629327247210633 0.5548080636480092 0.6680450230030494 0.6018284057947005 0.6434523261664985 0.5299435613675602 0.5286399475000829 0.6083341928950121 0.6059262553427913 0.5822082998532361 0.45971108609887945 0.7211770834829585 0.5517327185188311 0.6468643415348095 0.6044691109994 0.6523108448254539 0.627762535112264 0.4660749806931231 0.5261649086157781 0.6587710815714212 0.6000388601568096 0.7141749678075076 0.5377884579409817 0.5940508879861635 0.5022007039729838 0.7254481029690913 0.6124675370959624 0.5322040580006259 0.5327546307514526 0.48809585767643326 0.7120558862989399 0.553870011638178 0.6013964065518864 0.5253843896277539 0.5306788465316291 0.557372247900946 0.5343937394039958 0.5514323608364529 0.5059068890194345 0.6410321658111587 0.45076320599056197 0.7146340705891981 0.6240643711677848 0.5837189114364401 0.5707126229026249 0.5265506846512599 0.5001668315273635 0.5537573272145775 
0.7602676865283741 0.6118035734014393 0.7132550080312338 0.6827005099938381 0.6538958572978981 0.6604992305057596 0.5449438206851633 0.6646146908042121 0.7014207752283396 0.6448041522978692 0.6475356750194683 0.5547540608736059 0.7515958375394325 0.5925204155339304 0.5319280250775892 0.6216443236071123 0.5981665018006954 0.8162829353704736 0.6481987897999072 0.6344366926813374 0.6392013475925822 0.6160422849090326 0.6030340372884699 0.6661609615394904 0.6855534851218791 0.687028120377973 0.7339839018535097 0.6159282086749733 0.6091849557972634 0.6812590899649242 0.6351894687384916 0.629162487865785 0.6111909567116841 0.6193940359491109 0.7128762604722294 0.6229831349880699 0.7615928744791455 0.6267358368628911 0.7237249297390949 0.7100391679560476 0.7038509164351392 0.6363745894575543 0.6578818728904525 0.6701690415295645 0.6342118566159807 0.5673389184866336 0.7580464645040167 0.7989425266364043 0.591193526804827 0.7513391872948015 0.5708896166005873 0.6086560761488693 0.5676696408966198 0.6985255351741175 0.694317896742757 0.6150638548433244 0.748672585675433 0.5853960301968835 0.7637831706234492 0.6531330905531997 0.7058574031416589 0.5832845267824254 0.5863878738096142 0.5473405078169407 0.575534759591528 0.7071608920248226 0.7248939999498257 0.6698174977466889 0.7336533987753397 0.65476615815012 0.5940189652231157 0.6512100866796726 0.53831325577649 0.6618995063036199 0.7674686668764802 0.693864143524161 0.7370240992648861 0.6271352677485768 0.5990051130409574 0.7072132034806187 0.7081897600841698 0.6876637573182185 0.5411779120371345 0.8332885053332415 0.6306214916829113 0.7274767688757373 0.712620667498959 0.7151730456569932 0.733648795948426 0.538668475350755 0.5922149904274537 0.7492943129934861 0.6797591168433248 0.783277818089726 0.6195425230524942 0.6772406091441306 0.5835390257835458 0.7829604530892321 0.7006515351048229 0.5862686868634437 0.6059747078544996 0.5458933853671564 0.7949786585456047 0.6454363581308441 0.7066401451896313 0.5933521355287789 0.614685195085763 0.6329326254446859 0.6353845768191096 0.6295853935510769 0.593478876555204 0.7132512969136625 0.539502893364554 0.8214718644369603 0.7058416647021599 0.6569782204887066 0.6244205939367969 0.5900776038761876 0.5773893619993882 0.6463405266460591 0.6115267741677776 
0.6495259140554167 0.44823961952288216 0.5304628691507987 0.4882609349337791 0.5689266207951126 0.5223244343003348 0.4559845199086862 0.4855554638620642 0.5746564577917417 0.5314749690455546 0.5566574716931768 0.4489714971499432 0.54509322821087 0.45805713956120625 0.43824353729955384 0.48092979336827435 0.5058291081433034 0.66650433087298 0.5426871321608241 0.5281481323229357 0.537865967265249 0.4683947237499583 0.4645485600329722 0.5362873007334782 0.5511453812750118 0.45468715919244956 0.5893632172896394 0.4544144788507278 0.435388366645535 0.49111028670535856 0.522741984377994 0.45005658905517426 0.47771663187657826 0.5101155514475206 0.608175406648692 0.45947973047914953 0.5874495497055958 0.48455427635669623 0.5207294850088213 0.6548262761346472 0.6256869622149188 0.48510919007127745 0.5226460234810346 0.5935142732654578 0.6010754437612305 0.4947745814183616 0.5508307169660397 0.6223673138717922 0.5101507402775018 0.5166110931147629 0.4396007056480121 0.49656185674085995 0.4438617529294784 0.48574736123708384 0.5414171537822753 0.4860638460823402 0.5558528551643427 0.4644009662721137 0.5849797320245865 0.5188900874778506 0.5815223476500805 0.46430219135135214 0.4580670332967934 0.44340216561354495 0.47235907276703154 0.5004874563824123 0.543684619263116 0.48315951026356063 0.5937009801643798 0.44872641198165364 0.5038869692777279 0.5379781330117214 0.407633748175294 0.47329194264511093 0.5466965690805301 0.5672879395452787 0.5649906313308839 0.44609832667433524 0.48621771682176956 0.4925464231073993 0.49904162463258456 0.5062579380680413 0.43470219674089405 0.6222109252008657 0.5108188421487199 0.6073043972296828 0.49027176417553675 0.6134285296735511 0.5228037090335894 0.43944483716795907 0.470009255750123 0.5382987823624642 0.5420584860237955 0.6274351895694267 0.4922818204171931 0.5823478171627463 0.44861973822097573 0.6870449354361176 0.5599304266097519 0.5317450031342901 0.43149133710088 0.48907364880325366 0.6428525762257802 0.4872288390014382 0.49615498975718436 0.5011916680709875 0.47722594641484445 0.48985164105104745 0.47676385158658435 0.4774003918357486 0.44249071196272705 0.5910707832736308 0.37689661922141576 0.6100657367382785 0.5644973510022899 0.5375489117944473 0.6030564246621644 0.5140195261159725 0.43888508207351623 0.4763551643954789 0.5401126917897728 0.6338919670499065 
0.7201802845638778 0.5133812121374733 0.5781366445376407 0.6168483961359229 0.5762527373855774 0.5805333032471841 0.5132641557136208 0.562404768894339 0.668965516730937 0.5676648110352034 0.6155180908719018 0.51225092038419 0.6494268097900473 0.5360350708699101 0.5034919212501223 0.5554090553178114 0.5813604299012547 0.715415435028411 0.5696034187169383 0.5562001568520425 0.604768578431269 0.528686823011514 0.54561850996542 0.5929572062261093 0.6081055150655735 0.5911262266292271 0.6374025273943744 0.5347189694367008 0.5339445711000399 0.5705881374624096 0.6014237118756094 0.5416980500517015 0.572193608216562 0.5693850652676257 0.680007741598982 0.4912919656116743 0.7125240220173319 0.5728857063261628 0.627833088936815 0.6563307772893431 0.6718910264553449 0.5890249434557684 0.6110046112460968 0.6098471322374777 0.6017731454139869 0.5504393021298722 0.6680078114140315 0.7219729077462228 0.556063867017801 0.6230312652865574 0.5070379975286856 0.5299960448319385 0.5206129710358044 0.5788304357469981 0.6387224563086545 0.5484842140113032 0.6800523765059091 0.514667916868787 0.6797659830344245 0.5668342576385292 0.6520593121493684 0.5103673175285035 0.5003644816759338 0.48328738621992057 0.5031668250237384 0.5774347557608556 0.617722694784228 0.5990068522000802 0.7070305890507389 0.5564481197327381 0.5463585502343865 0.6021438500429307 0.4846761514920375 0.5445085280100536 0.6653464277195791 0.6171717340666695 0.6519041084484143 0.5187527070575757 0.5108085604619164 0.5864417732190301 0.5964848384188716 0.5688156368849686 0.5015084879177873 0.7120270942213691 0.5483589628018333 0.6673390360156858 0.6044391708799199 0.675972926251032 0.6551359356544283 0.49653501830046615 0.527783364536958 0.651348074091844 0.6327020157597398 0.6878174072120681 0.5737724707179787 0.6133758305392822 0.5331394287116817 0.7466980979747759 0.589462273514984 0.5445573837721538 0.5346209917319767 0.5254732775794335 0.6962611753198343 0.5651709500087607 0.5841000113646618 0.5450169027508167 0.556614400134998 0.5963856499733577 0.5364611516193523 0.5473033324523733 0.4912126497867465 0.6156535701627706 0.4635954944622773 0.7288413200034427 0.6208292826417341 0.6159003121380929 0.6371487203596925 0.5752366279963964 0.5122237648795499 0.558430766897617 0.5851812017438245 0.6628142736220739 0.5541997217477821 
0.7330087808223325 0.5066387979174819 0.5779594519779044 0.5925245621067943 0.5598493360981704 0.5646827830425648 0.4947670482121728 0.557443735318574 0.636144190380405 0.5683739985030061 0.6106480899452544 0.5006352991535332 0.6248957262976014 0.525486104367021 0.5029562599278282 0.5533519404913745 0.5785694048538028 0.7219239983085128 0.5908255873303505 0.5431008897788198 0.5945953724863503 0.5152291767691729 0.5350005315081889 0.5856456184161295 0.6079781664654507 0.5743638332867119 0.6480828396246338 0.5149475590707369 0.5204998293767522 0.5730337422255914 0.5740921053297668 0.5281935341301911 0.5562705615239877 0.5687996780686149 0.6847374619333705 0.4893802417539031 0.6843559340370552 0.5788304623941769 0.6114103643781847 0.6593759523102676 0.6665613991404324 0.5852767754873092 0.6058916786553327 0.5931151277653917 0.5868881224933606 0.5163190599473018 0.6708028660922578 0.7067106118370916 0.5385016687241587 0.6014384392057283 0.5045255973734035 0.516085311443251 0.5042273209639456 0.557019505923376 0.6330698727602906 0.5384495640907897 0.6748847600922108 0.5113170047025061 0.6710714804199324 0.5776726201798847 0.6362127330173517 0.49494778844245135 0.48508474979243327 0.4643712238410704 0.49510797565581754 0.572565469107251 0.600723374787795 0.5689798427148679 0.6797554952893687 0.5404758049037309 0.5341326341999924 0.5760875114767094 0.4716103668428266 0.5379272574980476 0.6473589368059439 0.6262197894817274 0.6386367526954487 0.5025823986810891 0.48706928526220283 0.5829144830494706 0.5686663603286551 0.5381196054532043 0.48593830281249945 0.7107734593045564 0.5419507052073228 0.661257383734625 0.5966738504880075 0.6925584946606508 0.6482772922086286 0.48175618448718566 0.5292447557696321 0.6117984711162732 0.6157634258739156 0.6879676129810555 0.5540934931008517 0.6422859095765389 0.5274709253710561 0.7415362855382043 0.6043963747608113 0.5310116249623063 0.5024490578379971 0.5089868179949077 0.6749361728566732 0.5653280008135116 0.5666526317128373 0.5133105107809447 0.5405254788060371 0.5730553332922397 0.5559534187812666 0.5326323613293885 0.47310999961182265 0.6036085374092981 0.44288066526344416 0.7223926873053907 0.6205697830540637 0.6202030987726894 0.6179998627908075 0.5615760432970259 0.5019212081922086 0.5513938029796968 0.5749467031092588 0.6501150995103343 0.534791950430915 0.5702219337645296 
0.5475898280509596 0.43530835948309154 0.5454722226224473 0.47190515078488915 0.60831372480156 0.48458532441889984 0.4660828238581935 0.48402739902725345 0.6075759853199826 0.5205220958098257 0.5308930232625529 0.4287594965931856 0.5477844653568456 0.43106699541751486 0.3886867730326806 0.4379576580740887 0.47870340734096606 0.6573288221978775 0.45621652068801205 0.570603219136257 0.47802366572344607 0.4769596681253622 0.4385539445497516 0.5214056860565496 0.5263139681520639 0.4334499238836181 0.5100224872580077 0.4568888781866735 0.42254531722437 0.45300338028707093 0.5401933973619634 0.4418161229709602 0.43067092833286114 0.5125007791220404 0.5248647930798408 0.45035650271771444 0.5289866440578272 0.42798840510387737 0.5152760100314517 0.6427879681447709 0.5794712962294211 0.45463289085148934 0.45629876738166064 0.6177000158693259 0.6003485126330977 0.5237609401567477 0.5079368856399341 0.5956932777881347 0.5216785395808606 0.5654106670906182 0.38863431112264885 0.5036711770818982 0.4562915225887427 0.504753763052436 0.4768939097817975 0.47204027555156175 0.48638731674206803 0.4277874588171745 0.5495616150529389 0.48451316063342126 0.5280977263442007 0.48001924379196836 0.49831118595669865 0.4475268527956074 0.46354160882503276 0.4918613169221156 0.5335172592516781 0.49886977516139513 0.589680132200015 0.4612586507170923 0.5000002859007853 0.5457838166491155 0.3953472352273648 0.49556413392043 0.5344475433296206 0.5359332907464986 0.5545742184061104 0.4629906552631965 0.504444702882346 0.4797921924529824 0.528817108157312 0.5555940858198306 0.43698817924628125 0.6057409102497741 0.4689103440284915 0.5836980623231879 0.4676543652719235 0.4893354110997633 0.475985611101305 0.42613416413923977 0.4004108587756134 0.5710147908580202 0.5306829573829929 0.5564977007930094 0.5002678469055966 0.49899169383766634 0.4019006388225482 0.6257835154352276 0.5160907674804197 0.541305362462097 0.42498651492101147 0.47755951162661764 0.6654046011345522 0.4412788063136668 0.5211847031849339 0.5654013587457009 0.47168779488614504 0.4647525227634951 0.4000357276296118 0.4807178693926003 0.4699580261107954 0.5972350278554878 0.3843273402084344 0.5814293874606784 0.5393392950043753 0.45506434368912857 0.6112377113281435 0.49185602693126257 0.40988727644032225 0.4378104473286959 0.5370593300058548 0.6284761273903999 0.4678424148463812 0.5581983981857305 0.5677346053076243 
0.6547360992686139 0.40917687167172073 0.4679102662166118 0.4349986082587479 0.550948022094128 0.49208857602811124 0.45520897211921474 0.45730343088946324 0.5894511503658576 0.5359699998574703 0.5768789314857249 0.43365028385048926 0.5033848881635364 0.4346374535098401 0.44164139570815186 0.47689031280568267 0.533248854432101 0.6708403934117265 0.55199042698188 0.5387278180670674 0.556502426605537 0.43108404227744335 0.45621429307269923 0.52486496394864 0.545025504525174 0.4220643884824352 0.5817375131070964 0.4206991562317884 0.4150547149748592 0.4544167067295471 0.5325644046298963 0.4333688748454545 0.46146113765735197 0.4988296197893435 0.6151802290790407 0.42934714897362436 0.5652512587245891 0.442065269074589 0.4435132503281867 0.6921333134284476 0.6162902300514089 0.48929501444682383 0.5075573511918108 0.591522207764664 0.6167820007108273 0.5115724851695546 0.5166059175184442 0.6079677883059219 0.5268730296321537 0.46190702418987034 0.42818035520166137 0.510345126993185 0.4319525846715076 0.44325866806589515 0.5190129020359517 0.49755853099456065 0.5056106667908273 0.4381291304848429 0.5827818656550456 0.5020530270044421 0.5927259486494905 0.4740217237094481 0.4343799471975813 0.4380221418380477 0.456900002485554 0.4561568433575409 0.5099307924203103 0.4378576882675155 0.583024268006442 0.40489556078784994 0.5011059755878198 0.5075838173276279 0.40011354613608585 0.4580185207538907 0.4912020703047897 0.5450789320474188 0.5361211717162276 0.4039952536485158 0.4705572939636663 0.46821466486734464 0.4388431325404243 0.46361991584815365 0.44529525223838773 0.5817953039331795 0.5099293080733986 0.5980331099985687 0.42294246707494004 0.6249916944133308 0.5140032368676627 0.42767353156186344 0.46348945583837137 0.4835632822121563 0.5429645222376561 0.5992077748627417 0.50150556666424 0.5797368068787011 0.42864856957104747 0.6680469915736692 0.5506014779221944 0.5763391341848267 0.38676959535609273 0.5151776408333962 0.5993515387674823 0.45886887410652927 0.44745991238069044 0.5002221864144377 0.4379984254624516 0.4774767732989851 0.4344432927851193 0.4527328697827156 0.4294488651152443 0.592233731844008 0.33796259247256033 0.5424266274336962 0.5665043230676454 0.5543982453567639 0.6187776330922291 0.5254115989315769 0.4103348116646773 0.4486943283889156 0.5520083422011138 0.6546382304380399 0.44385204067880624 0.5473218371468427 0.533802935674213 0.44444751683888484 
0.7296284018612045 0.6212186528784664 0.7150080330736284 0.6911359482549692 0.7500480811505534 0.7082641810141312 0.6204967800448983 0.6482617793231237 0.7487374863885167 0.6574866993725977 0.6802011647001583 0.600539271199466 0.7668626768641876 0.6151239120141496 0.5565962651169405 0.6129899026997694 0.606786084114438 0.7883063916021285 0.6222160541680056 0.6710540334290749 0.6722064496895163 0.657931340336012 0.6160345697775681 0.6840254964644958 0.6869673428018472 0.6267636361335289 0.7091486201524554 0.6380470121263886 0.6066596264570753 0.6366283314555498 0.6944080077682356 0.6215250086970887 0.6427871911848289 0.632672981180788 0.7080873826257927 0.6320688690486806 0.7860385368364919 0.6044393825267526 0.7319947262446979 0.751086367027944 0.7623406210691286 0.6099049103395702 0.657384134600021 0.760626449204316 0.7457920900543736 0.6741298638595832 0.6891156632084123 0.7937233001002684 0.6571296347995103 0.7397491127748294 0.5658128131258208 0.6450598137674207 0.6071085500487631 0.6995808273809536 0.6879017502506329 0.6367797974571595 0.7225916460784648 0.6199682249411309 0.7307523546395234 0.6381478017537143 0.73381850553208 0.6129196927170494 0.6435414836528324 0.6046174253750453 0.6290912861863674 0.6931795911881393 0.7332792837465024 0.6946137968550202 0.7618798878829653 0.6375386748306595 0.6402112946980343 0.7318118791326347 0.5688746618823262 0.6367468045779431 0.757162141037414 0.6806285047093135 0.7370284003735058 0.641274456071946 0.6810851596955824 0.6679032623659454 0.7245928533821774 0.7228928197847084 0.576302669123498 0.782619954475319 0.644221935925133 0.7466259757507999 0.6740731151342125 0.689316291505416 0.6661003974895726 0.5937051175757838 0.601737396774113 0.7950612752038992 0.7009862881617639 0.784399258302428 0.649564831821161 0.6417970168291807 0.5858662629250252 0.8258905943272276 0.6729235473311704 0.6672733939133996 0.6620685509278117 0.6247400431502821 0.8512146228749067 0.6262864919795976 0.7015687069815837 0.7030927779720934 0.6551848326358674 0.6637182687625035 0.5812631925327062 0.6652021031477576 0.6268851016590999 0.7604022302196637 0.5722901341733929 0.7905535141687603 0.7017079348748771 0.6370358849379849 0.7418054913404497 0.6507212020640969 0.6034288533921216 0.6306345189886993 0.6685768269138346 0.76974065464076 0.6388428473125156 0.7081262635410557 0.7219464099045954 0.5823143650640145 0.6462091509384947 
0.6476214288358701 0.45664838448839945 0.5554331857933436 0.46964183566474593 0.5890624571798292 0.49052283005798597 0.4744616546378944 0.5240995321607675 0.6209029497630592 0.5768555775527312 0.5938805443600151 0.44903429710337617 0.5459452776122568 0.45682711496274003 0.448706901340538 0.502741698339553 0.5570283528568356 0.7361261148895815 0.5658257695568112 0.5998984154041713 0.5354549925737715 0.47902278094281675 0.47949809303619084 0.5583912747858172 0.5835458414347077 0.4801484336849864 0.5971771375414514 0.45864005114398154 0.4581195447723778 0.5089489469520262 0.552140717742857 0.48070065499787906 0.45642618957231745 0.5555556062750588 0.607681094490804 0.48243649405758215 0.5456494890496437 0.47557945062559814 0.4979730539485364 0.7157815545314389 0.6116731627581955 0.5282425274242867 0.5110130488208621 0.6178669731297417 0.6079062775586823 0.511633928560595 0.5812019606223339 0.6368113662482593 0.5431040936979229 0.5635518293029372 0.4446974430646074 0.5390012651390155 0.47169171027340745 0.5082593094069023 0.5267643837280627 0.5260442530602268 0.5263714169881721 0.4570894884047003 0.6128573630426433 0.5536763166658939 0.5790899147443511 0.5123537400770577 0.4976827573204362 0.4596814196843844 0.4812180250146428 0.5222987096223113 0.54715882501237 0.4840559431158514 0.608528630951335 0.4800644381687238 0.5224112982192546 0.5209353236435601 0.42848520949978525 0.5449902946837265 0.5417827545899144 0.5976422618099243 0.5809781345258083 0.46641471669625256 0.4882696540191682 0.5394964307878509 0.506208867396384 0.5250903381459787 0.4728746109513321 0.656189231061867 0.5164885963599014 0.6252374351581526 0.49116572965973293 0.6031753333027379 0.5570892582970557 0.4401606171422176 0.4639335831788561 0.5286508978661248 0.5691361233835301 0.6071582832437582 0.5350503184847077 0.6099820213463805 0.4481511211836462 0.6615728507743478 0.5999531226063498 0.5868780852474974 0.39965170515962567 0.507863347704085 0.6444612969075709 0.49336384304347963 0.5272320868585605 0.540004438705551 0.46970205366707435 0.4850043840364175 0.4762514895507254 0.4954650772850096 0.48328870360480014 0.6244898902637432 0.3797681271194287 0.6017407889429361 0.606867227747163 0.55172635235322 0.6126435149824916 0.5247120051573609 0.4326768093013129 0.4801052389965903 0.5712102565334348 0.6480161628551714 0.49546331455901493 0.5825586175835904 0.5633337622186988 0.4712166097945516 0.45125704631564306 0.6892583228370395 
0.6614463059865704 0.5382270379154386 0.668543111307679 0.5978602770734815 0.614287514215365 0.5606041377694748 0.48614338871802426 0.5864609635037694 0.6148157752130718 0.5718284930980398 0.5719117443851895 0.49235348831284187 0.6401767017142176 0.5177848380630493 0.46058722931135593 0.5287752960147475 0.5262959407214891 0.7310482169839104 0.5582977242271104 0.5806009597579096 0.5226257647992725 0.5553355478834072 0.513450893341641 0.5905043163281093 0.6048731566963615 0.5723029347175876 0.6256030315429977 0.5354861442991369 0.5155890106096549 0.5912067910416365 0.5510133377380654 0.5294016848225748 0.5115751769615259 0.5846840520508697 0.6183840355322111 0.5380014202163178 0.6234684539225147 0.5734318918711664 0.6572888520506815 0.6470827300725832 0.6444162343497362 0.5431229554798729 0.566082977538032 0.621406405227356 0.5796436488135318 0.49319022631767 0.6693606981249731 0.6867327836068355 0.5198883821982636 0.6761280304383966 0.48529460949146086 0.5187532205076781 0.5064773700063765 0.6001202951431881 0.5943467789346267 0.5187430102638716 0.6490612627149941 0.5165470532031269 0.637385642423205 0.5917013970013971 0.583799104095212 0.5017424309119441 0.5420343716780747 0.4808795086011623 0.5138174527954639 0.6116642464721929 0.6235699226430718 0.5915924402564113 0.6610361015012104 0.5798947259163556 0.537637602847147 0.5898217302973146 0.45935358197496495 0.5803620932114562 0.6650527046282951 0.6481950919220887 0.6517184917601402 0.5532187268606651 0.5185160996258927 0.5981593919324174 0.6335480087770551 0.6097687794270759 0.46858938072112005 0.744856485427402 0.5303616366577176 0.6562600398878069 0.6380063847080132 0.6073036206585211 0.6047673776925558 0.47584212097716844 0.49343504799413695 0.648811997642644 0.5890357259700457 0.676002798313 0.5365149926538212 0.6230618541499281 0.5087188254131843 0.718412403315532 0.620329502098326 0.5078035861681118 0.5045890919147049 0.4716103789283959 0.7300106433750717 0.5634679412879408 0.6286690463436644 0.5443905539718074 0.5573015181897444 0.5363961767779734 0.566367762826531 0.5518133230374862 0.5121120010320903 0.6234899141687255 0.4666904123935035 0.7484502716672811 0.6139455018877567 0.5459153019130603 0.5925892269954968 0.5209102978346115 0.502446504325445 0.5505533764363142 0.5597558166015566 0.6191959200880395 0.5400085737585858 0.596551293936522 0.5706016450012035 0.537319379555651 0.5755576942786783 0.693631371304053 0.5665495785644957 
0.5923606357655662 0.4300412510935236 0.5420366148306571 0.44492211526363395 0.5689452241455379 0.4479599250767429 0.44541238078453793 0.5036988495834395 0.6020991951865375 0.5467675345638204 0.5543113555133428 0.41529092721815514 0.5217321593315527 0.42375635188936384 0.40473935313020876 0.4644251996082169 0.5216356430056581 0.7105824928807112 0.5122702895604111 0.5865285696796941 0.4825343534644493 0.45554213807625543 0.4453523874578641 0.5281685001178412 0.5504159876143759 0.4594663497276908 0.5457851847726269 0.4369519154123366 0.43088052624741324 0.4804993103366708 0.5262528378047133 0.4547181818973475 0.4131731310674241 0.5356084314941605 0.5549005652441709 0.4534740629501491 0.4972727159756892 0.4431827681679627 0.4796614190016375 0.6786090855580394 0.5658634330064054 0.49719696471908204 0.4657280700024477 0.5911885556399651 0.5686411188676317 0.48357723998790925 0.5546371023405336 0.6034203504997755 0.5142953017277113 0.5619283619122886 0.40556451094356105 0.5105277765475609 0.4499427838015286 0.49239962528442 0.48288829282917084 0.4905343606207294 0.48591865862969447 0.4177015362057489 0.5792572563498483 0.5211800645857413 0.5286620631518502 0.489451563994656 0.4825748288249174 0.4310753997757814 0.44877177126133366 0.49732900762465426 0.5199680023519658 0.46786838907789147 0.5829202148133106 0.4671330661617569 0.494463068739833 0.4939533176467519 0.39635475618066696 0.5317041502445846 0.5183419543007076 0.5687706910627387 0.5559316120796067 0.4499447791091831 0.46021102749865406 0.5138286732504739 0.49630033056608813 0.5185602157568442 0.44566073561303193 0.636000984059861 0.47556730258620467 0.5922245903039852 0.4712693953364098 0.5368448209780756 0.5246427354032591 0.40744467495084163 0.41290051487838797 0.5133392904540146 0.5379100473433119 0.5572653945908566 0.509243349690526 0.5633821020286379 0.410962338452993 0.613347472826976 0.5630559843806194 0.5493869803934225 0.3684661079996905 0.46791366911358073 0.6247312719575745 0.4589562699825559 0.5160629005667681 0.5245994296464915 0.44447219197971743 0.44965768248049015 0.4381295814244593 0.4684158917994415 0.46405331667147404 0.5931185355053298 0.35837227027738605 0.5794852809010965 0.5719192038912961 0.4987578985110692 0.5790736249278419 0.4855944628561891 0.3980805278365593 0.44703469513688343 0.5401158561954846 0.6064551666935266 0.4744228541812832 0.5543424033321425 0.5407721003383075 0.4283824608121834 0.4335112233619806 0.6544293572967035 0.4322254762363073 0.5276319242933072 
0.6797778380354891 0.5026958215226437 0.602475587532978 0.5268547597341476 0.6337541754775307 0.5591658921698325 0.5037645857922728 0.546759266684578 0.6259449563774725 0.5910653774837321 0.6025797571636753 0.49251148428267943 0.5919836816208804 0.5009299879689253 0.4766003462117013 0.526305832500708 0.5522746879091925 0.7330664172613847 0.5892533204159259 0.6024558147101917 0.5670827608021584 0.524636118258155 0.5084275143714253 0.5891174320823652 0.6046101760804122 0.5039971021431826 0.6329582300969754 0.5054717236491583 0.4837883699513069 0.5454366552508028 0.5698565645792025 0.5024115760221604 0.5064575051043368 0.5709131801872996 0.6391039926848414 0.5229745947694527 0.6059305175648556 0.5262964244964726 0.5683223423501589 0.7162592456545572 0.6628176514868519 0.5308464684529446 0.5554795877878396 0.6529805098995578 0.6494255951807084 0.5396201199010362 0.6016325014125518 0.6655978198477512 0.5610826243484927 0.5878348543376237 0.4829192125688137 0.5557783476323427 0.4960890112233234 0.5450840962944357 0.5733407779695566 0.5369137223943867 0.5852553801957779 0.5092073864666272 0.6302353277623721 0.5769694487650845 0.614623712513684 0.5253129472912466 0.5260512412520784 0.49796799331612124 0.5256089371946157 0.5589478444573613 0.5952513870453511 0.5312139065508722 0.6360705182058337 0.5086274026422721 0.5566949286627646 0.5818877039721041 0.45437606902076827 0.5460773657848523 0.5921147414066977 0.6262030931695142 0.6165838690845593 0.5074757360810574 0.5412548454642213 0.5513625905383711 0.5589551038692889 0.5736331697070725 0.4861951041481937 0.683324702087743 0.5580217986352457 0.6566000680272764 0.5427254172306121 0.6381853886964227 0.5651976264335167 0.4841579222933883 0.5062907561516586 0.5865998415705347 0.5869895062120281 0.6651325548912118 0.5437504350878475 0.6327681925869093 0.4890334594512268 0.7204114015333362 0.621175239030518 0.5878425665764873 0.46675097841322044 0.532375626386951 0.7009608992231247 0.5337857605760616 0.5618590864697206 0.5628972486446903 0.5235225822683847 0.5238509932117986 0.5259599432597734 0.5303608733470941 0.5076591888224609 0.6511279719772343 0.42703752121006905 0.6566396631501653 0.6194948120529401 0.5702121511660976 0.6460388744947979 0.5530703390608422 0.48217301360969933 0.5226377754338455 0.5908893765204616 0.6755584500970204 0.5126445088027254 0.6147017169218936 0.5950979213142749 0.5069040510610855 0.4982107995657617 0.6921524970881693 0.5327044609220605 0.5810916190792702 0.5049396692545809 
0.6589730074396433 0.512110542431714 0.5895071162983634 0.6769116403579137 0.5520744491193731 0.5416151959415911 0.5109090145514791 0.581450394262608 0.7158768773806242 0.5344345396975733 0.5809027235862952 0.5011520338448175 0.6873597232355907 0.5360528931973483 0.46744969181839 0.5324762339767944 0.5713496115802593 0.6966221744283151 0.4670546443845856 0.5541422399155053 0.5488323599617825 0.5330812826480515 0.5428320342211965 0.5774195202261112 0.5833953351275262 0.6548608161155447 0.5554160578139368 0.5624885247170807 0.5581768722674069 0.5713573121343329 0.6214475406100836 0.5603637839301726 0.565092730861023 0.5838344488379152 0.6264268466451082 0.44991642155517714 0.7147786262734771 0.5850281555097834 0.6874230495875442 0.5766243694754772 0.6178148791758941 0.6104409490873023 0.587085396298262 0.5745264092090822 0.5298943157101839 0.5526178415836694 0.702637637053592 0.7310715765007298 0.5442210779837648 0.7076185444049661 0.47855021664539527 0.49807955193554365 0.5484760646386821 0.621640359488835 0.6267447640037251 0.5209645112817199 0.6983773276297752 0.474339238891134 0.6845049699942581 0.5337983622734077 0.59757754917353 0.5028706628794996 0.5085559087085312 0.4581556696843724 0.4645895793504338 0.5835759640642718 0.6204998067561 0.6686415623010507 0.7504325439921568 0.6181584908463872 0.5304713528179336 0.6124007010571515 0.4827224859231343 0.5689507625008365 0.716583673372924 0.5956221038723964 0.6714548502369375 0.5461078941939049 0.47858833487213204 0.5999755495774589 0.6595063086123982 0.6138228429223754 0.5048982050593112 0.7379288770077076 0.489843523432319 0.6490675924858726 0.6547931241065087 0.5784115553588599 0.688844330711382 0.48327796038337617 0.46306204612471147 0.7206121869083809 0.6437604600892305 0.6242257873455893 0.5896150834712963 0.534582897107434 0.5251874993484669 0.6950621786504458 0.5253141131911009 0.4760480787859498 0.5618631966035971 0.4784747365094357 0.7051691085457324 0.5553645642682389 0.6318090298665658 0.561791766738351 0.5795773138166277 0.615145471580372 0.5015210967731288 0.5496194007024526 0.49054585100942333 0.5669891444907066 0.4978274617359715 0.7839436357844753 0.5867500151999189 0.5628201949027689 0.6136677228947589 0.5518164593506595 0.5027755558934034 0.5541678929957689 0.5650735735923776 0.6108813013407387 0.5895477844079399 0.5410230084085554 0.5557691499274613 0.538046011812048 0.5981605489880906 0.6860461008756454 0.5920706094054656 0.5664394386747503 0.5390276661450734 0.6432113785299002 
0.7477443256165742 0.5569688621068783 0.6481415184893106 0.6254230537056342 0.6496024262712627 0.5915479688737941 0.5565907158167634 0.6183128847260835 0.7136777739694349 0.6361861557956611 0.6542565098419496 0.5496909379378974 0.6649431396853771 0.5682533161779767 0.5346478720807264 0.589596031692219 0.6319136051800146 0.7912551847715759 0.6152942624145608 0.6491329417997832 0.6145959090224764 0.570943203139038 0.5776819580859089 0.6426801957412178 0.657989733841268 0.6195256049395603 0.6624221701350852 0.578305803203522 0.5642429804738546 0.618635689448794 0.6406592460813665 0.5772541960711671 0.5766290453535047 0.646831379924271 0.7014845433687532 0.5436448825926058 0.6812488539643569 0.6196937338850139 0.6565112598664675 0.733123605014548 0.6967554258892886 0.6310328829875034 0.6239413949669186 0.6704061354716525 0.6545739669945042 0.5902505047282776 0.7064461967228405 0.7404296127467636 0.6139161802709222 0.6767417009890425 0.5443284341837261 0.5925689950727971 0.5723187133869938 0.6161082202796989 0.648583792948313 0.5835780544112338 0.678731084931979 0.5447829963964614 0.7149568572881997 0.6271357460550174 0.6541265716702269 0.5783645282964631 0.5656272176939818 0.5326158688283744 0.5539108927582537 0.613675142089062 0.6507942545748326 0.6250139611067036 0.7288264538990112 0.6013785611779849 0.6091544937941845 0.6349678417263631 0.5156790116930898 0.6146580774606611 0.6815534834247248 0.6841209956837596 0.6899675298544764 0.569048173498044 0.5577750965077589 0.6213671345502114 0.6353106423230975 0.6341281704955843 0.5543717446510597 0.7651374231961993 0.5920967867647866 0.7129006112717294 0.6360972280651346 0.6850933400427353 0.6770338631262843 0.5370129013108565 0.5442093085783354 0.6636560922350137 0.6618150719216263 0.6951759833187394 0.6165686810331671 0.678467623192414 0.5611207108526848 0.7594097388249015 0.6522621753000247 0.5991138281817843 0.5306792686800553 0.5673502549690626 0.7412054302078908 0.6032225660434889 0.6336932828099365 0.6018240085531179 0.5938977484731196 0.6052973286870703 0.5909654232926644 0.5803736370850254 0.5491434237293998 0.6664517299996379 0.49893175429799685 0.7582345230080875 0.6660696703848092 0.6351515648776702 0.6890920284457692 0.6089718309199068 0.539084012964122 0.5914960465175351 0.643139811041341 0.6993317004425175 0.5927495294255679 0.6412727240041142 0.6243400419187565 0.5867699034010065 0.5818463454614744 0.7755174499896378 0.5957394185621961 0.6261680630783243 0.5586551979488633 0.6385240546685848 0.6060229137134855 
0.6676373522939414 0.4998903921271866 0.5989482583390953 0.5517544490814675 0.5696190057183089 0.5575446314280633 0.4559841507105076 0.5438705854850525 0.5878990578602716 0.5499525845878155 0.5648847184411451 0.4621432728858329 0.6144844835275372 0.4878572557584956 0.44788235061388715 0.5182799234190913 0.5089222797061872 0.7071560749176008 0.5694277935971348 0.5389037744161147 0.5470863671599373 0.511718732470327 0.4956580918857127 0.5649608573464454 0.5849334206884927 0.538381896687528 0.6394874781479928 0.4945862468235431 0.4880888299480403 0.5574391301743714 0.5304025753824605 0.5061923757508473 0.504432405257424 0.5243769729161336 0.6237267240765572 0.517214788200515 0.6386337480792484 0.5181351333018922 0.5895958059377463 0.643745053420617 0.630518052669496 0.519751312957455 0.5575340298590663 0.5925162497845183 0.571936571327742 0.47704415036697956 0.6274818958607511 0.6770306656984431 0.499886794511164 0.6064118696605127 0.47030961346531336 0.5104148810363196 0.46184109529794376 0.5613672296055187 0.5839996665707677 0.5172759036977835 0.6227623646144942 0.4953703042332102 0.6337802163034564 0.5584828957865859 0.6106570298132791 0.4797287407105932 0.4892984894934323 0.4583164705931665 0.4881643020295912 0.5802740012512473 0.6016713982678452 0.538835137577689 0.6258841787313706 0.5219133945955955 0.5042179698850908 0.5509933604641474 0.4377492478726072 0.5385325351661436 0.625681639403634 0.6015171326132708 0.6174607644423665 0.5048963092654829 0.5021813023811464 0.5767983955521233 0.5731488370565404 0.555912974238906 0.44333453165664855 0.7006880600281725 0.5334902211115388 0.6311924213507143 0.5778893049890509 0.6348701250342941 0.5940218385593843 0.4473709100515571 0.5016341904172371 0.6075518550860001 0.572097623607887 0.6829890510865954 0.5145357820669771 0.6016179571388283 0.4827352409312133 0.705823873634875 0.6061524896998196 0.5180147284017551 0.482950356001596 0.47074546599852374 0.6853406277737522 0.535045315894812 0.5739885400593338 0.502814187465807 0.5072913959516593 0.5211484830212025 0.5287214604149293 0.5226582957473613 0.4835849393436867 0.6190277867706399 0.4210644051651768 0.6863271503236407 0.6055831083381563 0.5619890048730553 0.5607576811142807 0.5072602737325859 0.47526948142955877 0.5288567615060694 0.5313398241688748 0.6004473060201427 0.5100087555808687 0.5724174314273829 0.5517739924094772 0.5185017968594483 0.5200488427306355 0.6686554852207122 0.5358688040368342 0.5309330200727356 0.5059795207259534 0.5570621996935959 0.5704368271731032 0.6144291492108905 
0.6890295150068664 0.4225818794236283 0.4613717844723307 0.4727757011151487 0.5142216516345332 0.5332749124834814 0.44002701632694585 0.4597591980288118 0.5711735918212955 0.5197978920404817 0.5746253626091515 0.4359542317653428 0.5407603256960248 0.44916219015945 0.45221090256387936 0.4966706369086403 0.5191123349690208 0.6569087570836115 0.5740787889220111 0.48712976672337316 0.5910463529447697 0.434592371123604 0.4712426251831313 0.5252766431956788 0.5490962441711769 0.45643666441489855 0.6261587732433259 0.42715895714991764 0.43463912296059576 0.4772687272506862 0.5221773813442021 0.45092601037903457 0.5004634050257082 0.46401980981537727 0.6460844000367564 0.44207254259584194 0.6423578945078754 0.45375327164753504 0.4704781451989266 0.6578274259257293 0.6299814465527581 0.49646900342978045 0.546008560127208 0.5636095172414879 0.5927524101502442 0.490368129613195 0.5439903571691636 0.6420334290114027 0.5012001188672969 0.4622217930761446 0.4469940710468059 0.49491526732334257 0.4165056702169652 0.46256026879963313 0.5637088218329648 0.5067747325569298 0.5671181311793464 0.4580501921195858 0.6097211757648245 0.5015024788350554 0.6370453810092035 0.4510425646847448 0.4078755731766387 0.4283979854205011 0.4519399265783929 0.48503753322923 0.5357769972031323 0.45327357024964143 0.5913187372074973 0.41311757326065784 0.47905176378446307 0.5087379724579127 0.40930237966661404 0.44601469202313626 0.533259185443492 0.5353087262253236 0.5511625104513999 0.4075968591024051 0.4669703900988732 0.49737089025385284 0.4511527212671404 0.4505421711208277 0.428500820124918 0.5982745584179381 0.5254207602568015 0.5999782624962515 0.4554744080716287 0.6780114737463466 0.5549379069748547 0.42522201098605183 0.5028834391669912 0.5143789933803967 0.5530977705075255 0.6563702019130079 0.49389429236224036 0.5805652908800762 0.449955452539658 0.6978214557677297 0.5575219066666153 0.5507487214957205 0.4320055404133009 0.5022960445513629 0.6008619165355269 0.4815898637584786 0.45462263786912277 0.46245439647719716 0.44296454125676527 0.5063548347105382 0.4574071875214171 0.4643170107055315 0.4197468113936739 0.590581501089805 0.34735831344461343 0.5748054951982515 0.5761495811279413 0.5899937004614033 0.5809173791724362 0.522119710336285 0.4314906093346831 0.4767555029565178 0.5258078651280168 0.6299946438589601 0.4516756224970503 0.5325179078954675 0.5177774429967672 0.48167104068695804 0.40798023831833685 0.6414505896099707 0.48435175664377983 0.5730439126820344 0.4745611148758842 0.5166462763461297 0.5849706986077557 0.594863271193653 0.5058651396803813 
0.5578360059081601 0.41544149649041867 0.5122545755763083 0.49459823211523674 0.46322042740789166 0.4702795544032523 0.3639163597203278 0.4660430067411453 0.5183006036539581 0.4462420050418889 0.4668302298693087 0.36610595733428647 0.5618265617350164 0.4005227130451785 0.3459158732342467 0.42866778941603556 0.41120663618051434 0.6131577121888842 0.44811536235824867 0.43771752400955627 0.4533218891930488 0.4289830271177102 0.412180014902787 0.471246682343867 0.49082263146311755 0.48572702373334486 0.5377861555234367 0.4172550527573724 0.4191156360194619 0.47373302124282257 0.4521240826756538 0.4368614117366991 0.4248799766833429 0.4226653829081814 0.5196620205045657 0.42529610578901245 0.5812294779607284 0.4201449921408104 0.5257076207435155 0.5190540294774099 0.5215475830744412 0.4416499990416439 0.4675838112731605 0.48644868851430767 0.45062905470478765 0.3886513101395954 0.5569865319576022 0.6091596383487607 0.4017460415765543 0.5584429517058876 0.3721691006418843 0.4127292980499513 0.37845560280957236 0.5042009117481038 0.5017966692112733 0.43210819600443606 0.554781616493646 0.39698103553923775 0.5603484567495771 0.45506910979240234 0.5241343173323741 0.38623615456623367 0.4011595775490858 0.359123718788325 0.38412691074322347 0.5123583958311246 0.5271609352824507 0.4815240163439864 0.5549061584093951 0.460790104126214 0.39747729735828424 0.4644778691736749 0.35552428151379684 0.46468207396152345 0.5731595141616571 0.49359514314280817 0.5422575102263613 0.4312882554145311 0.4077229649772228 0.5152681877976869 0.5148971002658781 0.48374104573546867 0.3522044067909162 0.6277765056827381 0.4283154076015753 0.5347449357034136 0.5134583373915392 0.521192076366972 0.535044052356224 0.34965104320260426 0.40258948541021294 0.5644758208029694 0.49588735147321505 0.5920265776006572 0.4356355443890695 0.47221112691605605 0.3918283487293097 0.6011818555970454 0.4978404886199484 0.4094715843654542 0.42493568212123894 0.3635134414207552 0.6042579269510814 0.4452814373923442 0.511547318190398 0.41883446981658073 0.42346287831133655 0.4501391255664611 0.42063547898809955 0.44612670654603326 0.40177902911491575 0.5242288595820537 0.3488759604988911 0.6209225055839049 0.5148793734264441 0.46468754013204344 0.4463824330691753 0.4078042491803696 0.38809461210600044 0.4460033576715041 0.4248848633802082 0.48512071971400983 0.4449017457507 0.4688642645612989 0.462377425784875 0.42701993031783875 0.45901192673921654 0.56225569632419 0.4591576909675009 0.44042380204468395 0.4204982668459238 0.4909295539904122 0.4174198752376792 0.5250737512223252 0.4193657980508246 0.4334971633703932 
0.6740089872065617 0.435957162142614 0.5065840075829169 0.4774711827280474 0.523911923831576 0.5049203762082032 0.4372607590240358 0.4852559401853432 0.567672535042298 0.5302654007961353 0.567781440075053 0.43421313820532453 0.5359850271553487 0.44949117727729365 0.4453620818007398 0.4939737930552701 0.5237421956516912 0.6803382493230012 0.5669465471399621 0.5107521615095556 0.5496402772141215 0.4475707757016618 0.46688911533920013 0.5298895066083376 0.5562490917018817 0.4701038639608384 0.6107178338538907 0.43366356046097043 0.44021810405488254 0.49651836840413754 0.5119658346529108 0.4559310675137923 0.47617900182831907 0.5007601648754297 0.6273415409686424 0.4497697081035975 0.5938401870460938 0.4794514056665566 0.49429570727608674 0.6565048728275267 0.6151264601522025 0.5067769382752906 0.5319398408376099 0.5626020586769046 0.5698563429747647 0.4673769116135914 0.5731540269562967 0.6322844743244639 0.494348715924354 0.504431372729817 0.4428539991558958 0.48732850509152775 0.4298867658970547 0.4749729457631889 0.5506826285157098 0.4969506883240413 0.5648691866712094 0.4542576863091952 0.6018792831655435 0.5250558241937456 0.5937273755895806 0.4540701938830687 0.43212971011188844 0.4222316194185389 0.45134987964192425 0.5006806737596889 0.5320828981521856 0.46378727928913094 0.5912141715886816 0.44412673395016106 0.4828674734856131 0.5016862242316557 0.40747833857543914 0.4791893708283086 0.5414074200459058 0.5661895012369076 0.5603633674454389 0.4272567866764105 0.4503654255246541 0.5131159386732471 0.4723447834203645 0.46607791938768167 0.43011324931025013 0.6284101342523268 0.5058751140269733 0.6032145076937735 0.48660055573730904 0.6476981417938051 0.557175117217417 0.4202976372651166 0.4809244472686573 0.5106452718848555 0.547595062085 0.634136385960929 0.49364521045478477 0.6008502146239875 0.4508026766343458 0.681130212233667 0.5718988527085892 0.5290896377713146 0.41019859422944205 0.47784832877570343 0.6086512125495787 0.4905311378474225 0.483107324026871 0.4663228496303767 0.45332622001898376 0.4887982664009387 0.48197417545074117 0.4681774990595101 0.4271474597917723 0.5802685370081865 0.3564719452282901 0.6041358248280185 0.5781923870280071 0.5679848835428215 0.5718238963987541 0.5074419457487214 0.42951132627271593 0.477392174190294 0.5284209685106713 0.6163953642546127 0.45959892676668557 0.5359353283162682 0.5079635534534138 0.4879807041975658 0.43272180021951145 0.663819965761868 0.4749934568862766 0.5369499733906266 0.45730149827027705 0.5148023999270976 0.5691795662348613 0.5784038958155217 0.49773673551226627 0.43142497104381483 0.4266133308549922 
0.7052569614649216 0.44989001743579093 0.4807546880196576 0.5793640518692939 0.4783189097346909 0.562424024861572 0.43918307478576385 0.47742610450000816 0.5800281058152837 0.48193920642289806 0.5498400157884272 0.4586176083710828 0.5991472558882046 0.487738927077775 0.45888406316093105 0.5050136798184874 0.5052969631594499 0.615650315717513 0.530352142019723 0.43073440941286134 0.5870785987453707 0.4554432757196124 0.4928496708828326 0.525243073002959 0.5390223601545505 0.5342121780856579 0.6113927028351156 0.4709723734307628 0.4722544913995891 0.5120532201635074 0.5266520157060905 0.47463372995577924 0.5542446152463864 0.4675975379228512 0.659708089503872 0.41986334835657524 0.7262252462995461 0.5270579387260763 0.576254136070058 0.563448309004007 0.6381811154663887 0.5210957292737598 0.5908945023383149 0.5222568422944617 0.537266375125915 0.47809857102387093 0.6064796496033367 0.6770611474287951 0.47439273253510583 0.5142216561942299 0.46572693871540033 0.44711796943432036 0.4371838725311353 0.5035875402356719 0.620488547823809 0.4815207339845764 0.6702816224158747 0.47195696007865817 0.6294827174431333 0.4915182743932007 0.6356535812153795 0.4180067896231683 0.39383351203054245 0.41328653717437336 0.43747275521496387 0.5099491781322885 0.5654627196592884 0.5358831550296788 0.6481143786597998 0.47178355382430953 0.4716559255784763 0.5482968513601977 0.4228300360071 0.4326054566441101 0.6190469193116322 0.5384045341742615 0.5888128546066158 0.4374153478585408 0.4453189375808635 0.5120473849139696 0.5197444069192488 0.47545091527097505 0.42112418029723364 0.6355341909498956 0.5067694037943762 0.6053287320421824 0.5480580316676944 0.6805346633352986 0.6081083152352675 0.44034036523150505 0.5068166942591342 0.5950246790949733 0.5710782982453722 0.6764713744054072 0.4935880688876017 0.5566257100289742 0.4927769705572001 0.727490732862988 0.5184629956443231 0.45805545344447435 0.5087974465067848 0.4657638830679861 0.6232300642509506 0.5179826042116406 0.4944340547995714 0.4375922384895821 0.49821779553864204 0.5616928441198314 0.4935100646308377 0.47885615661113196 0.3988272070683758 0.5393889546889525 0.39887157632921455 0.6788619873793948 0.5510383520387598 0.5923222716339378 0.5637187052728396 0.5221460633492699 0.46834015619963676 0.5146133711120867 0.5051810542863002 0.5958790441158478 0.47625052117874517 0.4970560529306601 0.485783756018171 0.5272004919650708 0.48048979021913596 0.6356116316645767 0.5528385485300332 0.539460039148671 0.5405008522564707 0.5550004362074127 0.4889564859648126 0.5885474913598144 0.49888853393929494 0.43302724588170566 0.4023001882140687 0.45905258245009173 
0.6386683864874966 0.5303756153463138 0.6627891265116308 0.5878645080763497 0.6139914173824094 0.5534743790984351 0.4850951456865169 0.5797470909535569 0.6136418064985463 0.5643252414944255 0.5688400754538517 0.4825913810001405 0.6404125845707414 0.5069621690636263 0.450557012918546 0.5187006585088308 0.5173127485818235 0.7247736334338398 0.5429484833726435 0.576038653698903 0.5152418016510938 0.553639209584668 0.5053810247189837 0.5816661129470597 0.5974584905683745 0.558169200935352 0.6142084088586018 0.5251079342639658 0.5104865444705109 0.5755098134356117 0.5498391983317042 0.5248676526223315 0.5024199311525333 0.5727841182031201 0.6017631122866953 0.5348901537164278 0.6171566833102803 0.548987050110595 0.6462919384955891 0.641756240267275 0.6348403193443363 0.5329535157461451 0.5509569930824613 0.6214998956092074 0.5762831483932582 0.4941119198596344 0.6542624424930147 0.6810630954258498 0.5158802622066108 0.6776448131076428 0.4683679583725954 0.5140052233803201 0.5012616652041062 0.5988007337080493 0.5805296412935105 0.5192293751905193 0.6342514082038629 0.5088846422881497 0.6260512007746997 0.5808602578408483 0.578164835326203 0.4954884861176165 0.544371102843317 0.4737934714688854 0.5075757992358781 0.6111893287798809 0.6159872783104311 0.5853256379473917 0.652704980950556 0.5733217760446808 0.524391538968757 0.583600249968302 0.45661102573209555 0.5785405538498539 0.6595345051027117 0.6322262274303763 0.6431267438468149 0.548465042518256 0.5169758337133711 0.5990081861718244 0.6284530630574234 0.6026512017196823 0.4618587613415431 0.7331797924480395 0.5154117935668322 0.6459894292793863 0.6241895457552329 0.587812326542542 0.5929267785341998 0.4662536906600601 0.48346836243683006 0.6514084702225175 0.5853131362866462 0.6669372006855823 0.5341504098509037 0.601556559105857 0.4937912072296596 0.706000981677706 0.6095456544340206 0.5131684596527806 0.5038525115280592 0.467081163145223 0.7277092706780051 0.5480507410666688 0.6256877107280719 0.5532761306538907 0.547519506853459 0.5293377490531741 0.5408681541298244 0.5530985036629678 0.512268965378426 0.6252402368843837 0.46113023820380755 0.7337282052384937 0.6101612912192118 0.5320011723786175 0.5875415499979231 0.5140787250142537 0.49335428740214526 0.5363312024316237 0.5524267423232626 0.6213837275129915 0.5379403571118798 0.5916552154201302 0.5706906073074385 0.5183778191738602 0.5695502848556807 0.6720298522103296 0.5579798118025867 0.5182379200512609 0.5180754405033786 0.5787101854340934 0.5560794983570182 0.6298123431897584 0.5294082077310834 0.5680626720642493 0.4309152457971984 0.534734362919843 0.5413794630438966 
0.6758712187018068 0.5652861128279949 0.6797814806209193 0.6537766334871808 0.6438807119942533 0.6065268914008988 0.5295160155810106 0.6088776435674812 0.6698655697053997 0.5855108171727716 0.5990289366363655 0.5274806597601512 0.6977575911348803 0.5538733837011556 0.487144437447174 0.5532749898989373 0.549729211384791 0.737305590864876 0.5528559846680112 0.5960906137119023 0.5658572305114205 0.5892928130835914 0.549965788660973 0.6158369897273862 0.6240720214889393 0.6115050049655825 0.6357634308119902 0.5773610165713563 0.5551478770212463 0.6069029220935532 0.6038864626138237 0.5659322985509811 0.5639027005842602 0.5979735409266053 0.6417898389567558 0.5538004424237872 0.6957027928356293 0.5913576483392933 0.703213643138418 0.6508450637696339 0.6738569572778349 0.5733517506542211 0.5987599577991054 0.6514602766224976 0.6119569538347391 0.5530431961961862 0.6882878055439551 0.730020891155563 0.5587354445792966 0.7147463257981246 0.5072946517108088 0.5458586203871896 0.5457283306204387 0.6439423003247584 0.6322316134604555 0.5503115361634079 0.6919744485074999 0.5431979109424524 0.6729535902813689 0.5950118219280062 0.6270410755532324 0.529607154866348 0.5698151720205397 0.5115984823667848 0.5393078042338919 0.6407311466005444 0.662163791242678 0.6479575885668122 0.710123440250583 0.614321955930383 0.5634213977710162 0.6420612343208054 0.49721551794847324 0.5969984441396998 0.7161682327665245 0.6488962183422553 0.6863389215766521 0.5867565390475986 0.5605249151838958 0.6251545569476057 0.679664552515561 0.6522376328609588 0.5027062053194246 0.7624688657231279 0.5525298803736594 0.6811914118862515 0.6670717952390416 0.6196658679847807 0.6407008205659569 0.5125113203806845 0.5189856453490612 0.7208339752060441 0.631835662448291 0.7032119170534141 0.5769774215142134 0.6065959575191708 0.5372083400592059 0.7478933166568009 0.6159072167877649 0.5359193245638 0.5741449663865955 0.5093493072423458 0.7702544035263656 0.5846671496478256 0.6619871344212928 0.5944738198770236 0.5983826467577708 0.5919998557525112 0.5636467625387056 0.590535391998165 0.5434843075603827 0.6508499635613443 0.5125489911468104 0.7830684411316663 0.6322601192144578 0.569595664774621 0.6342003328353668 0.5604921988219298 0.537628737184387 0.579348094643042 0.587126102658117 0.6553625926399373 0.5819449351655807 0.6174142986631256 0.6108349909808227 0.5536600575875519 0.6147997424650818 0.6915074321243734 0.6176617695392381 0.5695931897100315 0.5762072319021465 0.6294833420410665 0.5590699622191371 0.6686046394638563 0.5755401930011319 0.6048113235705675 0.4647910981281711 0.5864302759885381 0.5543495629409652 0.5606432399782203 
0.6374260771570496 0.5589916930726628 0.6951012176979883 0.6100303692954233 0.725917352976339 0.5692436822532986 0.5801784429716362 0.6184129359730058 0.7304814943856386 0.6308148202262058 0.6288162284399124 0.5439789488072738 0.6639771885586527 0.5491422111779876 0.49087919882680225 0.5420867830422226 0.5933939869432575 0.7756776079556844 0.5348218583976001 0.6995317971299814 0.5454743305988358 0.602161454040933 0.5485004139588902 0.6349468077006196 0.6363860981530903 0.5717167142487593 0.5861119478287109 0.5859987138042843 0.5444388384601433 0.5800866566960258 0.6520081537812786 0.5598626461667874 0.5281535869216362 0.6617121577114841 0.6133498131413089 0.5533381910543506 0.6081163917827238 0.5739735433960329 0.6684106857190462 0.7317132408952647 0.6744447735015697 0.5795033494892686 0.5571924614136516 0.7233441335249464 0.6830640747848615 0.6244154472957771 0.6507089906512048 0.7010998457924742 0.6287354876776079 0.7271494696105327 0.4949209911690528 0.6000501277080138 0.589923866248514 0.6341751841930294 0.5804544206907865 0.5651484025064554 0.6068378405464346 0.5306824269131595 0.6538433455247065 0.6059189749675087 0.5928619866839698 0.5921199595983567 0.6313638187334754 0.5530414964274344 0.5690602312567777 0.6116406667983941 0.6437286518992986 0.6424004403336757 0.71964692945675 0.6131035175876025 0.6185533878163975 0.6645986612625459 0.5065681565030317 0.6319079079665109 0.6663002395445833 0.6702079765477172 0.6802112319205728 0.5976081652268257 0.5980735562769519 0.5976388914441346 0.6761486705174767 0.6939733291737442 0.5539639599420494 0.7450164397762769 0.5534696376811155 0.6970851227046395 0.6200227920319076 0.5560387568464832 0.5943529827966745 0.5387162825569128 0.4803442610945155 0.6994161371670228 0.6418793148874516 0.6352450498279925 0.6162128994751431 0.6096540903413047 0.5189832112251992 0.7209141657684492 0.6185156390249879 0.6155502397728604 0.531757096907018 0.5634257839564787 0.7890614448506537 0.5610376889535152 0.6652396466658255 0.6865026385955464 0.6060037873712585 0.5732007090322938 0.5272729845294117 0.5953763954629181 0.5844745986542977 0.6845379089384909 0.5165435568863955 0.7356213994716618 0.6394309581928124 0.5369801722542379 0.7220785824564422 0.5929582746983633 0.5230362502745022 0.5516978893827064 0.6515709849296719 0.7245312472269938 0.5927519575089939 0.6640637118323467 0.6690697037557921 0.5043498250696496 0.5895369366797415 0.7071834959365138 0.5860360017744385 0.6148319482799492 0.5321865421640526 0.6248927443527944 0.6030516863052681 0.6784801202686357 0.6274598846934639 0.6364866247060308 0.5291261693911762 0.613579791399676 0.6523876569264727 0.5992384717189294 0.6379996217201394 
0.6940307976214832 0.49088181560603533 0.5626449860714265 0.5536425552801777 0.5675981543235971 0.5735285329206624 0.4726486506425668 0.5298595574571558 0.6079127111879518 0.5523980641264612 0.5849531714370172 0.47569984123483566 0.6132843060460086 0.4971869102766375 0.4687140222055197 0.5284107106492513 0.5301165745043006 0.6984338276202152 0.5799983802518357 0.5343120318528026 0.5856179610722038 0.5034460327026299 0.508486732254184 0.5691335262937226 0.5871946221177189 0.5335027382856007 0.6473787260955215 0.4954684977826883 0.49030943002643596 0.5456359051068277 0.5525814277185912 0.5062523758168824 0.5305578733002342 0.5190922482995133 0.6516607934818536 0.5025790271260516 0.6727663482417904 0.5174558649890395 0.5740498191788186 0.6581994654958324 0.6514128912427287 0.530886165361191 0.5767001631051933 0.5999579737251979 0.5991256856899366 0.5091955180745628 0.6154188010482917 0.6869495729653603 0.5216492783658511 0.5739442016090495 0.4822053189030622 0.5217928247001936 0.46793934931818587 0.547441660630008 0.6008157726311284 0.5296811816046326 0.6290582509196305 0.5007558148672374 0.6460418446542909 0.5493711898819096 0.6426956388414465 0.48753980942508235 0.4761944582815019 0.46834876786501256 0.4931905772769744 0.5614967720501437 0.6001749204259162 0.5372799467700861 0.6413809428024415 0.5039769964081517 0.516451630713609 0.5639100712012833 0.4480081411562696 0.5173892182462498 0.617974524905046 0.5910770537311941 0.6151941609593118 0.4900255557446622 0.5113326704879618 0.5618501485797562 0.5546410694825998 0.5425782305166948 0.458914393561798 0.6800649538061051 0.5497195157050141 0.639049143717953 0.5561113611570155 0.6668876860722481 0.6012561652501841 0.4629630803749012 0.5201770940036105 0.6046011880794586 0.5875254591573387 0.691703117473102 0.5283168574160777 0.6024520712403921 0.4932898934244056 0.7253348619692155 0.5965381118575078 0.5434346409698171 0.4955226153514557 0.5034677560401318 0.6770515856960552 0.5351408059202776 0.5503632763443779 0.509870376000616 0.5095614858042488 0.5441646875130415 0.5178254355285086 0.5209460095643319 0.4777169721178153 0.6233182593039421 0.4194863214580819 0.670464686138013 0.6080557601653639 0.5903222706040189 0.5924419758466188 0.5356358931739826 0.4819182455985611 0.5314380085610909 0.5487365006079591 0.6307463491679597 0.5102405528809906 0.5737203177417943 0.5602820445690728 0.523573874211011 0.5020316898377102 0.6719677673663584 0.5451771268788753 0.5696848920668114 0.5219820848787478 0.5661466965525295 0.5839286629171678 0.6274688603733668 0.5308429459646236 0.48599197863390375 0.4438423873377436 0.49871606072319047 0.48615524687313677 0.5673778334893389 0.6031560732358426 0.6496856835644302 
15.114985519423605 14.532208281807828 14.386808843846524 14.754252117804429 14.286091522216061 14.35690910832572 14.74351912118325 14.99243053518307 15.341743106801202 14.933726791339256 14.9783622699923 14.482964891373523 15.180905659770664 14.661509597853659 14.729188796411618 14.88899600742 15.263321776126176 15.474627566817047 14.59322033099256 14.69168629711922 15.018385423789876 14.420268873502476 14.948664215070764 14.717820794122053 14.943172040426758 15.214605834026178 14.611657780780014 14.70226055371406 15.063267010340919 14.84624564323966 15.139760062839798 15.061937890661373 14.885568433179682 14.85851697587631 14.97702709765335 14.346571391443932 15.007701198135475 14.76086226729193 14.72051799779993 14.696210209698021 14.27430398234402 15.614646304190856 14.635038179027518 14.274934643638405 14.212361305115586 14.809226031527187 15.274734866175356 15.210382328199914 15.007140709894506 15.079652274441617 14.508443455179949 14.752238873328178 14.969317228782435 14.924858476939942 14.920591186336612 14.937475326556674 15.046450575076728 14.269081182635931 15.610470112386443 14.691348579126398 14.641323766979392 14.834330226063196 14.398899676734986 14.036087981980863 14.271439299652924 14.975811233761034 14.673438106127984 14.783968818854829 14.715182679758419 14.871218209992403 14.430714460207982 14.414564822154846 14.758242953720515 15.082832622253443 15.19432188108784 14.483316329866982 14.87608426170047 14.58404455944913 14.220852169624782 15.337763163357614 14.471799278307671 14.488546873372112 14.879644800180083 15.126648324948755 14.392026084019488 14.734488344713748 14.632897358111304 14.816942580594832 15.74283070154676 14.39955672524305 14.539737093205154 14.909478088737593 15.127614402033082 14.470264414217475 15.058607211119567 14.640858818474019 14.509725329847964 14.151006464885517 14.645584856774432 14.675765741058136 14.608389440393994 14.579007930032962 14.42309610279351 14.701315199660993 14.72999359829059 14.621391838642575 14.539171502327976 14.91564169186679 14.531774198998054 14.705927225279526 14.585545987322083 14.610135004430735 14.615664403008136 15.038854716686831 14.97698615076061 15.133333342137156 14.555891936919783 14.767579560448178 14.4371258275572 14.690783626022478 14.697596529413843 14.403775487878823 15.119336795276114 14.443895809592764 14.4036335248261 14.927710596487005 14.872162948181353 15.214706294021573 14.516405490802255 14.981099526289533 14.382312227185801 15.166607061873023 13.560283314342898 14.43809143700897 14.894354515090331 14.827080402727075 14.32183883714056 14.68743794660104 14.679209398900717 14.867182755929546 14.799321576864413 14.863719649246349 14.903411679471377 
15.674890381694983 15.006832831232817 14.83051951501553 15.203038200927853 14.772978197466887 14.860570882999138 15.24401301210429 15.460618916507816 15.814849227782203 15.446094156186884 15.493098903944553 14.98297842369495 15.64437755177508 15.156385488673097 15.25468602127286 15.393249985109223 15.782734553320234 15.978333846026056 15.138108855157748 15.16311314721782 15.56430317520335 14.882896687445545 15.449116534925539 15.21115815927188 15.445830811513778 15.660735639602775 15.131573974830719 15.175270219012127 15.53867462637855 15.328395930012505 15.632320814012976 15.534179011587018 15.400330622467278 15.347187509480142 15.52195619461676 14.822597340625762 15.505330387067499 15.26873542755216 15.17198511311233 15.22284424754335 14.788867010682347 16.12342410318863 15.141242314754107 14.761957598246424 14.740447315502932 15.312718263972922 15.743640685810512 15.693098507344123 15.525601098853125 15.485221640346492 15.013919449213525 15.253674189954232 15.455495285373102 15.365690086012505 15.430753082766905 15.432878449006717 15.540002442357531 14.767957712092787 16.121938639116667 15.189230743592596 15.150151373568276 15.325767530246887 14.851099904215403 14.50964829116633 14.769849673453757 15.441139610268056 15.142794019840482 15.22260446339248 15.164059060172217 15.302597532361965 14.930293702234295 14.897449193695603 15.24512823829658 15.531753680708484 15.653906314589966 14.969534292166017 15.344191312584039 15.032800940303153 14.708804016756453 15.802074602723826 14.88630831585331 14.924678417940383 15.375285555668812 15.585888230055271 14.907131495645128 15.231400216216487 15.06810926761196 15.38196868108392 16.231916740561754 14.898781748228538 15.064913600616165 15.341648667506366 15.615424822930496 14.975875339836225 15.53932089908427 15.182995237082908 15.0012546032345 14.6526537874762 15.151330455263693 15.19258696861001 15.075212463487851 15.104707306974925 14.878113761768592 15.195069661143851 15.155687275548921 15.084830611680692 15.016155894235451 15.403572337663013 15.04550700345616 15.17588232827083 15.04649525464761 15.101348347518233 15.079329128944142 15.497830486375792 15.47413543113007 15.675655410587401 15.080047214426584 15.287787522489477 14.923983616772643 15.176943426049599 15.206435976192058 14.92250335947136 15.581311811260422 14.936161159487886 14.873542984876952 15.442682923661321 15.319902492203106 15.731415535696273 14.99964379641934 15.500099883444324 14.884905167813052 15.642581510952976 14.110614366100474 14.924948704492518 15.39543597273201 15.272921570993812 14.852591656593363 15.145085315386144 15.144610214317714 15.393818430259872 15.329151562200918 15.399461430574851 15.386944893738033 1.2255782280096663 
15.766955946445892 15.05176159738443 14.792170852327951 15.349018640758107 14.785075439705063 14.98012864199938 15.336439798527216 15.492393776295422 15.957774768863883 15.465497779450914 15.583230975467629 15.072897624637578 15.764753573902029 15.250040067264539 15.346925883209252 15.478190385404446 15.871047614253989 15.973628208839216 15.16195613472439 15.172879917929722 15.717886383337888 14.935009761074115 15.551401934357461 15.271127168628608 15.491759508235184 15.783529897928796 15.19366919145256 15.261780493017762 15.638443709006522 15.364298099971199 15.763926366496703 15.625554944900973 15.55615197091192 15.35770062413835 15.632683455134394 14.832664001005144 15.73929313706272 15.314628177666936 15.245986833848509 15.239770199796613 14.88494587312463 16.215600435098697 15.269125476442929 14.80933752759325 14.81349359180617 15.455655578389788 15.804823296724773 15.820596361077575 15.609928442934994 15.527155212806187 15.098875738037535 15.315752785820559 15.532494809461141 15.444899579649958 15.558409365759504 15.525618245285973 15.668939823386442 14.833865295132481 16.227626665074546 15.189763227040428 15.31818566728841 15.38557417952694 14.871935800237603 14.593286191969211 14.8160400953821 15.477915163260617 15.231350881552242 15.351189504419567 15.325770315985551 15.3698364474954 14.993229673734145 15.00768745217071 15.34524855225298 15.545146785291733 15.761065038327432 14.968891192976544 15.427126503153014 15.08156880922302 14.784352246062546 15.85634182765859 14.969547182256916 14.982460999052567 15.46702985523311 15.614323665574101 14.98740999842419 15.300681722801704 15.131895997137145 15.491392393599767 16.358753472304894 14.991955318672261 15.163080572225411 15.487370058549043 15.738949737481583 15.07048398829404 15.650126655838111 15.16331363875313 15.10202052534115 14.766682430081369 15.138982412128694 15.270956669629406 15.242358229532558 15.217590629784464 14.936865138132788 15.258753628612578 15.2028545071551 15.16427699001834 15.100023941212662 15.571142087936993 15.042272576931644 15.252494707842587 15.097341094265358 15.153031231077831 15.17014681584784 15.565934997006218 15.52714014762645 15.795155395749456 15.177533069391858 15.405505714973046 15.016475821070078 15.26290087044812 15.276342247970797 15.019949987101276 15.680309865460282 14.96713670144672 14.957291001540662 15.514028552073716 15.383274907794826 15.758597180193753 15.122461486554815 15.656909602316164 15.012290156320029 15.767509245553187 14.092135729952036 15.026821282728317 15.505357167609919 15.302186838381523 14.917877767771913 15.241993540577608 15.133850585599976 15.53809663096207 15.417723476596525 15.50858872654403 15.448594333757123 1.2362598223096215 1.159599977162651 
17.56566512064905 16.916241958337185 16.725151780041063 17.16753486148386 16.661901976024858 16.758610087505268 17.17362245443968 17.390506449517876 17.785007191567168 17.342326790526783 17.390468656231675 16.891201375055143 17.620751561678794 17.078749823524017 17.153353971977044 17.297068331574273 17.704338141285255 17.891158834007864 16.967295823292474 17.053813069100975 17.474943935387547 16.79166510122817 17.379142626154003 17.11257897795064 17.347547078200783 17.625942178052806 16.978748028198325 17.11830844487386 17.48729006478036 17.240776313969878 17.588654565979198 17.474686122889963 17.3429452435224 17.263606074812426 17.414321960336768 16.6911357917449 17.460585252594274 17.19661493045325 17.139882880109074 17.062922765667594 16.652269044769582 18.088160146632266 17.038817885151513 16.6337513259069 16.598958772586176 17.25554893050162 17.684194678895476 17.6331656239734 17.45774199116157 17.454944320896164 16.90025244790426 17.1481262275519 17.407263091274775 17.318012818468706 17.356063337054483 17.33551910571161 17.493406715247023 16.645370778250054 18.080860641733217 17.065431918114033 17.029171597558843 17.23734043744661 16.75147299545296 16.374791581760938 16.64733145821589 17.37215278893319 17.06085613654472 17.191595335370113 17.091397352170002 17.25176329329467 16.821706733169734 16.826293547441264 17.165973712468777 17.454110837305585 17.634463564410087 16.83564471144967 17.273248742348276 16.958975772185966 16.59934671030838 17.741862312756773 16.82709606107782 16.860380966619722 17.299492570826256 17.514169732077374 16.771258391782748 17.12770714755993 17.00053770623292 17.235617665203034 18.204894445827083 16.80307975048079 16.938516595561882 17.329572349065273 17.554343498571594 16.841114296768605 17.474630265541386 17.02126819328698 16.900495084508883 16.50428765776326 17.000390735270955 17.057180170778192 17.035338993627295 16.994120509617755 16.788110184041532 17.099909722962174 17.089979818507146 17.014115841786353 16.950263711341556 17.352372880609547 16.922455341112435 17.096467764272628 16.951466334662285 16.976802957064706 17.026783332280754 17.460285224384457 17.364785148717523 17.57324148919525 16.98582408719508 17.20014636140392 16.829419348780544 17.087904314026044 17.10496917674371 16.793200236221377 17.53408417505278 16.810490241531262 16.765557801879055 17.35154630578033 17.279685666146925 17.62200656708216 16.934127507918014 17.4186867750921 16.80306862753528 17.60009668586636 15.871977498155625 16.81144459374485 17.325767371234946 17.22330370447305 16.72662275903028 17.089949232209477 17.034819482736587 17.3003721533982 17.203089003180274 17.282597837068746 17.316326032473587 1.0769791975867409 0.9478494942167953 0.9441457678478359 
15.99211332629508 15.347730794774964 15.164285667192958 15.564786221673197 15.1047822036015 15.210639746518796 15.58159095056987 15.803108595741584 16.173220061667273 15.771991543673721 15.820870621871666 15.31565389277647 16.01720497161777 15.495162994335473 15.577896738628821 15.728503857409432 16.106531395890116 16.30787607237566 15.446387663912539 15.493819420683398 15.90612393940075 15.225729506353915 15.79172523262197 15.54619605465608 15.777364016210488 16.02483205157643 15.45943984754993 15.527009965414882 15.890732650990223 15.66657902766259 15.984724545082255 15.887889843258744 15.749427841220264 15.665009652088477 15.845211876672245 15.162050675019257 15.878393027241042 15.58877003895438 15.527030775771458 15.53393827350191 15.110995295089134 16.462741005008336 15.476714857990531 15.09292806123178 15.063697102737898 15.663128611890638 16.083718705568398 16.050057784778563 15.862368770835507 15.851481931535423 15.344487685953464 15.59400237253913 15.796260185592816 15.732673389973668 15.772778606305014 15.775575707154486 15.889052897658674 15.09831545660532 16.475824826117314 15.507040791947343 15.499474661413505 15.666401950229908 15.18917173153088 14.846580882690057 15.099760429461304 15.794297580811918 15.499467492623262 15.58693086526204 15.514137144664208 15.656995112322418 15.257506137691545 15.244637100141414 15.587391645158633 15.877317375223782 16.020760600798305 15.282329291167517 15.692861697637015 15.384391216818207 15.057829971328989 16.15703081113353 15.251313290734023 15.287627368388463 15.712560244849264 15.930814028790142 15.241901643056071 15.562475086737425 15.417224562036951 15.696517757102628 16.58896145939655 15.232773591447407 15.396200852214095 15.725533430791756 15.963568166079117 15.315627293876826 15.88610423774595 15.475510342381451 15.333676857587932 14.976952350225828 15.469736566070043 15.523065906414956 15.446925279659615 15.435871517034371 15.228677645718461 15.528524102942326 15.513622267446602 15.433347484253522 15.357447112076635 15.758666542597384 15.358988159100914 15.52435558368014 15.396301511954086 15.443926181346521 15.432198324756857 15.845580834813363 15.80907983927693 16.004853603717763 15.400801339459818 15.619061799199706 15.263371762004791 15.520695712765875 15.52995673201098 15.238086513617452 15.93858902821199 15.267540508905148 15.223972420732315 15.770223239853735 15.676292207213061 16.04476560454444 15.35135056245141 15.84856248797241 15.228434207362048 15.998822866109592 14.403392208743414 15.267279678932931 15.736050772314194 15.620220714750934 15.166667082932072 15.504148499560815 15.47886440512867 15.736421375256214 15.654890663519797 15.729921363199505 15.72494600124881 1.2383347578909103 1.148736294940022 1.1425124108725813 0.938964027864969 
16.492403162589916 15.87506134094248 15.6880044494295 16.1082939740267 15.603337122818182 15.752655500089972 16.086612545353542 16.32724929174502 16.681425146217173 16.27021838698031 16.32072765408414 15.819388298908072 16.585396293977183 16.011381134386525 16.078393873745302 16.244333784176604 16.590863899266896 16.815938937446496 15.944056248818116 15.971622248534684 16.430269834194213 15.752060767561746 16.311810042499904 16.05453700098337 16.289540979606368 16.56380567466061 15.985616427629125 16.05029925164531 16.424992584263567 16.191477965360253 16.497235483316764 16.422557156779042 16.28381966201319 16.14283128723127 16.34976660308552 15.694361709404228 16.445860937848373 16.086424924198905 16.073366429154287 16.00423452772544 15.610402423345244 16.97640964894238 15.993503762537742 15.587370197904832 15.547842776964776 16.166814331785126 16.609745794779272 16.591509937784057 16.357800371744023 16.399648365646126 15.848436626470784 16.09702372259112 16.303229140865415 16.28532946731251 16.303866611317872 16.297215441221866 16.43948058771232 15.616902812976365 17.01074185354013 16.00838779952235 16.029439830781072 16.16430298422881 15.6981874670097 15.341875817966157 15.605165615333377 16.35184009341204 16.039331549443425 16.12298714702318 16.0196204929389 16.187841551587137 15.738728823195252 15.76126995597212 16.107219953028885 16.398090584485566 16.585131754430005 15.767078442947888 16.21940606409438 15.915157367514986 15.579040160144359 16.712247913225507 15.791788950990219 15.811719122647261 16.20743332202402 16.46155390378789 15.747718156908924 16.065336113080722 15.954879127041092 16.20424474592209 17.13068249151193 15.73319424865622 15.919997772968998 16.295647681888287 16.483871803994813 15.859219138967665 16.395172469039757 15.949946364676627 15.840908255679567 15.481264880096857 15.976170830330332 16.015249668584183 16.010146654819902 15.926005736137373 15.758072598830443 16.044976292960254 16.052656608433225 15.940976079098887 15.873419213522183 16.288266682095475 15.862372868898111 16.05935966792901 15.917607277356796 15.965571845859056 15.962859394245125 16.385629407606096 16.32753081641217 16.517139041258524 15.87153581761824 16.115477761756996 15.78489660109256 16.045648026867074 16.01047759976521 15.717096986434811 16.470607508089167 15.769457652656135 15.734468357218198 16.288363042712 16.224626056218728 16.523460283732412 15.889868401828254 16.356627969244187 15.764436872393288 16.534318120357096 14.874370706302855 15.794175307860693 16.239144699213128 16.14194963713526 15.63906114487149 16.032667175288086 15.972757107163645 16.232892714749564 16.140057093881758 16.251438236310502 16.232481783344763 1.1754961574463016 1.0949819663863083 1.0579352553088177 0.8197493147416899 1.0758678203989271 
16.477031285673696 16.004061347125074 15.8732775737338 16.310012727797993 15.741608041451338 15.812573433524191 16.207665151712092 16.468685185009367 16.841364081139847 16.334722452816465 16.361217119119846 15.931556493649177 16.735660503778355 16.128615789259364 16.125903803768132 16.299746170332345 16.658343907243104 16.88200879741779 15.886254280555885 16.10805560735744 16.413842245328212 15.901257876573744 16.402739144756858 16.149999326836443 16.357613635842736 16.733453790554062 15.95163141024191 16.21777775001177 16.55228576716565 16.301475886174305 16.62463531122063 16.53966461872189 16.362353350570647 16.303852250285257 16.35005523498345 15.764100998028754 16.509211928209798 16.235478043992018 16.305374305216187 16.004030021121498 15.661887511099465 17.075543428991303 16.052690820485143 15.689963817674906 15.58905476310092 16.286158002317173 16.74823257260833 16.682196590846214 16.45305105480066 16.650157377576893 15.913881450474877 16.15969500198827 16.46494090111439 16.45940399523373 16.37303035511985 16.34119721448021 16.555473788531444 15.688080731336239 17.07753501040359 16.082266882650966 16.021411050424984 16.266356398857834 15.86536081106362 15.445574090051043 15.690822441864098 16.46789280096645 16.157041650751825 16.348214004969233 16.191215118554496 16.39753149871554 15.855552393109074 15.923391770528308 16.207486153631773 16.54098328001388 16.75977842915189 15.876264073956527 16.359787867529853 16.090920221786625 15.675332930408587 16.807997517357226 16.02843063443737 16.03091450709486 16.3190349143408 16.607803671749554 15.771490847685953 16.15638211024829 16.156393996047164 16.125641997033124 17.22233502675596 15.845874345703773 15.916595679305923 16.51429282862729 16.586883345390607 15.865263228416419 16.512442931765147 15.952551001632834 15.940857885989322 15.534525786347164 15.994871045942212 16.01711103666224 16.160160123800384 15.967504234134848 15.92578508719593 16.141381052284355 16.252846892495636 16.110746187610168 16.048509266190962 16.404787320699324 15.93861404038879 16.18015767930961 16.041667986484466 16.010891798855635 16.142141081589124 16.58935163163754 16.368816124232588 16.49710485552915 15.983802851992769 16.18889066095696 15.89323288612069 16.144183563276133 16.10748390435624 15.779258334473674 16.615775675341705 15.85241115383755 15.84651552888695 16.347135559480172 16.42229080062829 16.5821767923313 16.029429539811648 16.393732489505002 15.86602470814321 16.664747469987972 14.81407123860112 15.86595082030007 16.347069908018405 16.360507595780092 15.701890952940245 16.209208540504445 16.100665028053072 16.266799558516297 16.149705562359042 16.2373083278173 16.369913232475646 1.1422659602342584 1.1607942761068981 1.1109710083015787 0.790122917358727 1.108408633697371 0.9585441001962651 
16.77110141231768 16.094995514924605 15.870701626012158 16.357041409203664 15.845118351738147 15.976043933329073 16.373290926890096 16.56055064320583 17.00198738170357 16.530021098712105 16.613416638825164 16.091310808779276 16.805118018610468 16.27156376552341 16.3624340179435 16.505777419160044 16.912869175400804 17.064221149201426 16.185102157835423 16.252238676457004 16.71414470369808 15.977610189099693 16.58053308818406 16.31044226514946 16.540656162541445 16.819381502219517 16.204816511661477 16.299947854280425 16.679444760018672 16.412854812411314 16.80117204743788 16.671823598066908 16.553133848661417 16.426310352955216 16.63243090772759 15.88579349348106 16.70378597492532 16.3457248503572 16.28411989207921 16.29091207050441 15.876999548634393 17.269833040536025 16.25989016403543 15.84851041886183 15.829838403708456 16.480740380280032 16.85402082997863 16.84502623523381 16.658730280112845 16.61293796822371 16.11125189799606 16.365902660849933 16.585645364413168 16.501059447931713 16.559866359326552 16.562422230790723 16.67237947695172 15.848722231359575 17.273831023305004 16.244826028893502 16.297557922098505 16.443406859197164 15.93759358281965 15.608971619609429 15.848606029669508 16.541735645861262 16.26171802930399 16.37916270690616 16.32549750668604 16.42620604832473 16.0248038246905 16.02295671780219 16.37493250675592 16.633976992845007 16.801245528732817 16.015697092234163 16.46460358217243 16.136817341502866 15.814441165367887 16.925319992536608 16.010511451481992 16.041496570412008 16.508229629537258 16.679549396911625 15.99963309698529 16.330509285657858 16.16701925697173 16.47146287489494 17.399421674058544 16.009079842411914 16.163481349655246 16.518974756795878 16.768465921469225 16.065271778017667 16.690910282333785 16.20305302987196 16.10844351856597 15.740113625465034 16.19435252105409 16.309472575574542 16.242931330015978 16.231806931839827 15.976619177605622 16.28685715072578 16.26602251988173 16.220639645780807 16.127609890149536 16.572349943097382 16.079877534600197 16.293785544010333 16.15598200319602 16.198970949845393 16.207431075067063 16.606283848493792 16.574674213105943 16.800891534170713 16.196985645134234 16.419192553620427 16.03076297925683 16.285939901650554 16.31242835916116 16.02770050842539 16.731464315520057 16.0144662106159 15.994363103188537 16.5358447959185 16.437026839438094 16.809466611102938 16.12744901770304 16.67078623334257 16.00259478070137 16.80157020238867 15.104038838465126 16.03985152831949 16.538636529719625 16.37723642895901 15.939484078292045 16.284817692853842 16.226474921702735 16.547330460493015 16.441260828584426 16.505304989718404 16.503799006959426 1.2113783455547005 1.1245269094492731 1.007385582076873 0.8375007214891028 1.1035499677940157 1.0033749017403302 1.0229758739453605 
15.315378821086501 14.744234269669322 14.582998730182972 15.02385119579591 14.491091692533132 14.574325007525855 14.976149001686611 15.203449503046294 15.597034210224301 15.122097741932736 15.18140772618762 14.711629713095283 15.42458811314811 14.892910435685117 14.941685161653425 15.094283132390187 15.480222251966298 15.653616913705351 14.743899591813557 14.888638321055007 15.230969177313758 14.63772352273243 15.17366364602118 14.926250055953721 15.139604089285159 15.461472119484812 14.77631845225101 14.94369501914878 15.294340545029767 15.051426958320103 15.385065062110014 15.283795049904272 15.129829295423061 15.077708950277854 15.183705700285108 14.51974844660597 15.265452395077629 14.997965922953206 14.980870698502894 14.857890398538476 14.483740635170493 15.84514387640287 14.857777475086406 14.475966161996187 14.410751273802717 15.056989332900466 15.497744546377822 15.437405268991682 15.23187544027248 15.317173325124587 14.717796647444302 14.947486235169695 15.21025186499016 15.154799430661859 15.15046080672561 15.13509036472835 15.293250873823094 14.471833856765546 15.831625448387127 14.873689624113048 14.846453535178373 15.042564423707267 14.607553792883744 14.244845258599687 14.471581901440821 15.17745947940169 14.892249180008315 15.052205656104126 14.97356316121374 15.10981960475386 14.649845857111606 14.66411895348243 14.980567433495574 15.27933852345192 15.4443761680231 14.675370985140521 15.103355385919793 14.806698096827569 14.429414068264707 15.53649553004421 14.71916854227566 14.72550263723701 15.105824755129749 15.336238025968191 14.582950645665914 14.945721841068947 14.870075358586744 14.997321487899383 15.975326286052981 14.62828748617996 14.73191437577554 15.177898142629822 15.359518235734466 14.658051394600886 15.288265666075159 14.803318674102083 14.734836391851497 14.362724972254505 14.801661319512263 14.854350690113279 14.86804568378636 14.79165304352957 14.64656838468399 14.91403098878488 14.954278654962275 14.853608214126089 14.785252017110603 15.168969756202287 14.7223668147267 14.922574050998872 14.788726602541335 14.790527600808865 14.860630243725423 15.289173079052684 15.161545385521347 15.333176280823956 14.793638062495177 14.995959374552514 14.660800882713131 14.908263462146653 14.914577584560348 14.617753652352205 15.351419523305777 14.634414791993681 14.613937744118651 15.136971510537874 15.112001412127814 15.407288763093396 14.763192002119657 15.204132163837114 14.622104407823356 15.40727600404832 13.69233239625069 14.64668613157666 15.126960758939761 15.061523512280857 14.530293236447605 14.92894790322348 14.863521759426904 15.08761392147772 14.991976311696966 15.060147938533403 15.12684833948965 1.0948507907544527 1.094208795627019 1.033120016287538 0.8742475863728643 1.0843005132615857 1.0042952726681023 0.8959774243406553 1.0152971962211426 
16.41487796651721 15.78002675966611 15.611669250449545 15.959672912505539 15.49978786058312 15.643800727556883 15.960682474154764 16.23638575940711 16.533605850897175 16.194710788985464 16.22826292285869 15.703040314609712 16.456623678330363 15.896097587740798 15.981001546798586 16.15645424415221 16.489861582522035 16.755287605738154 15.911072417813909 15.881499291547728 16.32632888642901 15.646809218604941 16.20208394460844 15.959607456606651 16.208981266494416 16.44332094191397 15.937881102649333 15.923699654014214 16.31202926986975 16.11109071741457 16.35841268980286 16.317564340189417 16.153834876463755 16.04278400243681 16.261456871013536 15.633021745315197 16.3008617253117 15.978393249477826 15.93668549881345 15.947027742634445 15.510631163735907 16.868649393620398 15.88927479458309 15.48692047509215 15.446048422995139 16.017425975830104 16.517948027897376 16.480768752143273 16.23829289861205 16.28246405642037 15.75653551000225 16.00680668657953 16.17590484333006 16.171129400597373 16.194405323642698 16.208994656968294 16.32004222149306 15.527161070285247 16.908974735832583 15.946459188615542 15.931002403807211 16.063933400718067 15.597714277028025 15.237724641051324 15.513066961086631 16.26939636877773 15.934071230799454 15.971350791680745 15.875233217014319 16.071323835532517 15.629142261100993 15.618922240521984 15.997428048185872 16.319566643339126 16.457210864852033 15.696558297729062 16.10971224548684 15.807716698451117 15.470415054911125 16.634779822525253 15.660375750127288 15.683980041576593 16.091692622031832 16.377581164678393 15.666411966904523 15.968310989235064 15.845903390046358 16.14402318611112 17.025089660207794 15.61426143685986 15.841953593101431 16.13826557194907 16.365054468232593 15.786469004883266 16.2759878973205 15.912179979314022 15.734874833098452 15.381951908220167 15.938241579673832 15.933081230944516 15.86060267282153 15.814895416316459 15.64320782716072 15.954128175993626 15.946364080327474 15.807433660203966 15.743011442373074 16.1483936336625 15.801435573836688 15.954297018043116 15.821879784565423 15.888335981143621 15.832626893001983 16.26500018165614 16.257195920627765 16.435600819957642 15.73526497853078 15.995397396395159 15.676194693647139 15.947489743602704 15.901945120077194 15.603306654624824 16.353640873840426 15.685822552131107 15.62409136976079 16.206426526121486 16.10739360019534 16.456808591489967 15.757383122544347 16.23322375704311 15.638785823605312 16.408633695824797 14.843195394331094 15.689500613119838 16.11254018908404 16.026030983694408 15.536224384519397 15.900261592308036 15.894204365984134 16.11575648563611 16.053570950891952 16.17359119332079 16.120665816600738 1.2909460971477078 1.1930728396574206 1.2455876815652824 0.9816284021681272 1.2004348373359548 1.084389938696612 1.1691641804020458 1.1760913597683436 1.1728940990305312 
16.074685644069824 15.439749603982085 15.23639190309415 15.687356254244385 15.207111848436503 15.336720569068433 15.693929192441399 15.878598730597423 16.27616523935125 15.842198648448406 15.90090332610894 15.420050488150915 16.144741589167374 15.599880980734177 15.669485217779858 15.807952157253508 16.178005066529245 16.360881721481057 15.495971083760326 15.548855782742695 16.019241328285815 15.324435483964807 15.890277210394077 15.63034246139303 15.853300170702179 16.106022572561294 15.525875707509046 15.635919102270888 15.98695296033285 15.73936310955134 16.097503614768865 15.976361892301263 15.879285783361727 15.733635112566269 15.934510948969402 15.235572329781377 16.025440598395452 15.681920791083055 15.653379723362654 15.58281424328023 15.21122222680531 16.546777746138744 15.572280837072652 15.184802738932305 15.168784837317288 15.791612494009755 16.150124935564307 16.14939828301086 15.967081611150176 15.935402930153167 15.425059575642171 15.673308167387443 15.899350561212081 15.8320543196761 15.880672030387412 15.855878554071046 16.008592613969643 15.195217408601478 16.569586345516814 15.564760328759402 15.597705970772243 15.744204391297991 15.271506189984745 14.928992826862656 15.192938447917548 15.88527164454289 15.59965619576952 15.704700938446704 15.606915419292198 15.73881431981915 15.34407769306915 15.37582948031037 15.683348689371309 15.929578861244119 16.14262997321018 15.334384530846744 15.78436859888599 15.476041856036375 15.170870220396756 16.230754494766565 15.352760714582258 15.388536577435389 15.799555138338599 15.99792857443482 15.32352630902271 15.64616778020907 15.502557147990341 15.773884146225361 16.671590214104658 15.33800474278018 15.488206593533786 15.86806600879336 16.06039073690292 15.41097224664587 15.974200644008224 15.516798978363935 15.42155535001695 15.073198674764209 15.51500047941059 15.598709832428625 15.595834005108596 15.53651668764502 15.337093555625737 15.611180316549351 15.595959678578105 15.543272756402319 15.472097316801797 15.87860520234495 15.424049616866593 15.624380834428102 15.477389892314614 15.52657258103363 15.546078418420874 15.950538925651317 15.875781598233605 16.08603418154082 15.517535782697943 15.725301941460858 15.365895961379888 15.609186509948653 15.616380503583809 15.341692743545403 16.03008485023859 15.347131524547551 15.317630759506535 15.849523342937738 15.780937212512862 16.085332673271427 15.482574157274332 15.957566717834476 15.363290076483112 16.10542668509033 14.4663786680974 15.375609766229193 15.843015767098455 15.71046368192438 15.259783500037019 15.61553714479356 15.534860676006007 15.836247586776388 15.729193757593002 15.818121803560453 15.817591709622652 0.9934020527300219 0.8788873811680786 0.8190287131783235 0.5993819946904831 0.8689793934708051 0.7538497480763633 0.7642717837171857 0.78644015716887 0.8000933225074978 0.9232051814029003 
15.632398754812458 14.995884142143309 14.806780026411095 15.216760340006966 14.745284281377124 14.868506122394507 15.225328537391983 15.450740517634372 15.827504730783689 15.415446652051424 15.474870516805014 14.958970765054756 15.6754994903506 15.139819126208623 15.222991590879543 15.382311139131463 15.750539070571769 15.953133873529435 15.099345865829958 15.141735674594075 15.5641451330663 14.876937939426082 15.441591192914512 15.194804882866064 15.426292646949483 15.683731029720832 15.123648456520403 15.171603703886232 15.544574514472968 15.312889008728337 15.635628777511393 15.5455744071375 15.399476768093477 15.29435680816803 15.492243378475514 14.82199616741354 15.548509676608775 15.210867375911542 15.163799544900913 15.186024827346845 14.761018713315572 16.10476070414291 15.13078503798871 14.744533295754294 14.711484688674469 15.31281827012779 15.730896293497139 15.711695619439276 15.503396088675416 15.507300959774955 14.994169541682709 15.24947527103823 15.435156349848215 15.392650135918052 15.42295748566455 15.440129939010735 15.535283288093705 14.749310641931778 16.126859145633407 15.15092148315178 15.175422630526974 15.316854100334925 14.83994365214812 14.506362230446094 14.747527070964434 15.450715273058389 15.158319741874562 15.238727840219733 15.175313467170282 15.309658106793368 14.898145689503744 14.88836300096164 15.242239973293836 15.534085960202932 15.671750128308432 14.922366826076097 15.345246501610395 15.036163832877183 14.71402869844514 15.82042291175511 14.908762298541813 14.938274457827545 15.360153976172782 15.580112286973653 14.898423205598393 15.210407326812089 15.066827494964706 15.350534233682241 16.24540117973642 14.877263588197351 15.054296861948744 15.386548889021073 15.619768331070295 14.980894468099374 15.542209498119837 15.109222488429081 14.983013928359481 14.63330395895573 15.12230298976702 15.188056220591475 15.107299456068624 15.087874734842174 14.880996991406251 15.174457904188344 15.170964922086318 15.08603684102653 14.996675289782239 15.414803964129403 14.990693076672462 15.18159611135951 15.056525210716293 15.108115362491782 15.0791364249283 15.483090630074116 15.46844136105479 15.659609694207713 15.03467244584323 15.265006445762744 14.914024643110437 15.17302921515965 15.171760449618446 14.88624386016925 15.596230943419304 14.918586318548035 14.886553805992763 15.413480755457515 15.323259229478296 15.683632672360355 14.999714693926743 15.510738773602917 14.875610765448862 15.654743504055702 14.052563057762722 14.930446052007078 15.38451152322008 15.261162042840256 14.804727939126414 15.157273487659518 15.131016104508051 15.392816870098189 15.309133417680252 15.38509983656665 15.369929340982978 1.1268487634307707 1.0683986463420565 1.0188294019533155 0.8793401734601197 1.0636710556402957 0.9774008055021861 1.017200421601335 0.9987517299150825 0.9757505946666257 1.1049898578767516 0.7865417089319562 
17.448559080790098 16.898942598402627 16.73028923524442 17.20702430137369 16.61251947984645 16.748163874442984 17.105002674935267 17.351451589075207 17.71760574057006 17.236047312748376 17.272301804907507 16.83925042610276 17.642738197609415 17.041339010793294 17.055730868601906 17.218893956531943 17.56735246334006 17.77768116258804 16.83090824935542 16.954391381741914 17.37561042046372 16.780265840151152 17.31908882399606 17.04924928870327 17.265096685700147 17.623374680073887 16.89348610520688 17.111042361574803 17.453339824214325 17.207885830290603 17.520481677234464 17.43578620513195 17.307980467666276 17.17802773463529 17.307623599177177 16.654519990754086 17.467232049734875 17.15862810019946 17.199242221095176 16.898253814025484 16.584074047832253 17.994395473559557 16.986831154412005 16.563839778483256 16.496673111150564 17.183439679220935 17.648384772872536 17.59735678608395 17.357214449480917 17.486824375105645 16.833781353651275 17.053169191818988 17.353077902779656 17.334759390951085 17.316805625274487 17.244829789999113 17.5007287628432 16.603128541627683 18.011608871829875 16.981049007264613 16.957822321871202 17.148962578910695 16.71505646757075 16.32072754121988 16.58943654118589 17.365470938767544 17.056723910689428 17.22286632978103 17.063730291495737 17.25812855137103 16.745774002954438 16.820788572442886 17.10814391925052 17.39672996772791 17.667975769763522 16.76047942778999 17.251797836922023 16.960849751433983 16.56865735658831 17.70329968131962 16.88012246712686 16.88301793405693 17.21006718543119 17.49293219384063 16.694792853876454 17.05904237582317 17.035989823882208 17.10891753251947 18.1482523323117 16.749760000606017 16.862732115748923 17.395565197713015 17.49000991239829 16.807796139616883 17.397890518467424 16.883295068785813 16.85294219430966 16.456510953926276 16.901338409855224 16.910882669154457 17.075436065366265 16.88167573715873 16.799063644348138 17.056398237242075 17.107174525985766 16.964252172744324 16.94363820864038 17.322991033115134 16.86790276887912 17.06964291252988 16.908745434932626 16.903339982174128 17.030031998008322 17.49049050100839 17.27323177171309 17.454539342629204 16.884036894801433 17.10748711591957 16.802536783877944 17.057446057001457 17.00100767596694 16.678632306338148 17.498652123242667 16.738604669570144 16.716323655875026 17.28753075762673 17.30735569017826 17.493379543892402 16.947915802449064 17.310727887011485 16.803292728435814 17.566248158720157 15.736994635836469 16.766684030905395 17.244871911961784 17.219659472305494 16.61167716907996 17.084740556076348 16.944085327070574 17.190544137739682 17.066310433324947 17.197309864652823 17.252781619609703 1.4945207259011672 1.4326313040184524 1.3858680490358914 1.027768151264575 1.3897730422697732 1.224946589009791 1.0693455264444425 1.2997571718784684 1.247952925028118 1.4298432466566429 1.0090195086294735 1.321919382416714 
16.51971865879783 15.859105830065415 15.642729122548726 16.125239270837415 15.594511094468535 15.746541487076254 16.112651622811956 16.312937194005485 16.72544396909116 16.268537913924966 16.34694004940478 15.842524677728525 16.569202811544898 16.027007072380574 16.10692633107806 16.25383700280996 16.63561787452015 16.79969832621452 15.936446366301942 15.979316383882992 16.457272544866388 15.739635676745573 16.327671281269843 16.05918185477227 16.287367034732295 16.57328272074853 15.967322383430144 16.056162699850844 16.430124700291476 16.1751284551723 16.532225745687565 16.42106834207437 16.309586304672923 16.16378982088938 16.37979814785047 15.651056722656172 16.46974129348205 16.10699990418047 16.06265798720778 16.016414080122747 15.633750251874332 17.003036684469944 16.018076973861188 15.592794944670759 15.569970897791933 16.210046304796183 16.610253632949053 16.59727955258167 16.387170527263923 16.371831077652573 15.864522934257886 16.101034681451054 16.32569831932126 16.262367610297282 16.320502903250997 16.30207720509956 16.44620439987486 15.613110331832619 17.016478602184414 15.99747675722703 16.048324206124413 16.17580084972111 15.687173195327766 15.357032939403302 15.603040882225258 16.3093546697108 16.025108723148467 16.138454283375673 16.06928343961728 16.183370313961422 15.765965391495207 15.780665421066619 16.12157605260113 16.37648901110195 16.570935316495596 15.768834633991787 16.220504005151003 15.897708306450138 15.56973213606453 16.680306270429952 15.779179427870817 15.798597810965482 16.23958663745753 16.439437144298896 15.751595985700243 16.078799655065787 15.942344585423232 16.225770722977725 17.143622396009295 15.75831600048676 15.922640685149856 16.28672656029712 16.508461438994043 15.83981797709281 16.423148521658856 15.95301046959132 15.864404637155038 15.50500523388501 15.948468193595499 16.032472963860695 16.013377981251814 15.963569747855919 15.741930959914447 16.046736173535468 16.028342448981107 15.955771071874484 15.887612121820043 16.322287284747308 15.849148424527845 16.050109645222914 15.903293669116351 15.946552735606513 15.966529954396398 16.37977421135261 16.31955861979154 16.54326992193148 15.927335190205959 16.15644661757271 15.792193610361672 16.046149740925102 16.045155892894577 15.762359613529846 16.47592158479357 15.76234984755423 15.737440852851583 16.295323252948528 16.205926569213293 16.544910950338974 15.89709613623332 16.39678969581548 15.775100861060977 16.548807460894512 14.86069444331854 15.7956918201106 16.272209372673608 16.131891506823106 15.675781046042895 16.03650112303954 15.958574674771894 16.275767547839262 16.170209131981085 16.262253818969583 16.244648248019836 1.289928898970194 1.2067503222234075 1.1051007405285893 0.9353061746909686 1.189434515398265 1.0810427081178635 1.0938398087398942 1.0823448526010875 1.0965557230993477 1.2483391001231805 0.8652350353364813 1.0873358171168175 1.363951364026462 
14.70729630851721 14.15297955811189 13.988627582017044 14.49367531726043 13.858349564690336 14.003456996938523 14.35143851417749 14.583366564794746 14.955224824901395 14.460181937519208 14.525945860853813 14.118087281191832 14.844767876359823 14.308246516391424 14.324280685320927 14.47217157054136 14.819815517924297 14.971204293066968 14.092372408857562 14.207987699908985 14.60492022557037 14.042689005688246 14.562557007503123 14.30521539131959 14.50215323480904 14.88176974002663 14.152187967938803 14.362065751451246 14.689003827502985 14.456417545368076 14.751068598539433 14.665828140002779 14.557105466688686 14.447605510887765 14.573734164720097 13.891641104324393 14.719665282433976 14.443613465533918 14.458739928311585 14.153474660485701 13.891994254704802 15.210040820912697 14.281045110995251 13.834636453896724 13.766401722587583 14.42226185553211 14.90695267343023 14.833126775220853 14.57848188330882 14.718270120429656 14.118689551742868 14.281311832046796 14.593896881045353 14.559298097445879 14.578826187496018 14.478413299624954 14.760371999190577 13.880793451493775 15.203158341168418 14.241832484751624 14.23030282968735 14.382684932986788 13.97585438990592 13.626558983040386 13.854657694798876 14.570615068623896 14.302613886247189 14.496669437077829 14.392137183242605 14.52329861349009 14.030697863030566 14.094514496657737 14.363077350869768 14.620360587055771 14.887637474980826 14.06087312410376 14.509404052754837 14.211619355663904 13.81186149890499 14.901045722434938 14.160883482534096 14.132949947270951 14.464468275515266 14.733333765100571 13.961394078987292 14.330527022747088 14.328142308651973 14.385790550564984 15.36206020107225 14.030645261139677 14.12474127956121 14.624338222477128 14.736514387998824 14.074843972735199 14.646167131610916 14.166489116707254 14.154581510091033 13.794513626603587 14.148890762530613 14.148055369093967 14.322888049770809 14.143007118808525 14.061432700172894 14.325855494319711 14.35984199227336 14.207303191770468 14.220000146331547 14.589076480945883 14.144203490486591 14.311798817263137 14.146394539648371 14.13080384878904 14.284374557606558 14.753686149596621 14.507160818753519 14.702838041199445 14.16697669084706 14.373781739326393 14.08120776031277 14.321736747316228 14.273156579018291 13.978020662443997 14.729784639669846 13.992617130070046 13.973075016125888 14.550040877729886 14.546915045225036 14.761459915853242 14.21638363233091 14.544650844445076 14.080026339665771 14.801543310960609 13.03722524228875 14.032823921570962 14.491350867175665 14.462827872660828 13.894490563454053 14.330034910422388 14.172942948012999 14.440044123804118 14.32401614359214 14.457283640189164 14.495350987542368 1.2241920819373924 1.2368599608199053 1.1517477885345118 1.0250647375771038 1.22835928919744 1.1385834447551468 0.9668855157247905 1.1838775964025763 0.9937177882879122 1.3329131267783672 0.9105260801367875 1.1302646005815942 1.3024076268679166 1.2292744047788016 
15.994287517799346 15.322844095698692 15.12011128306561 15.515172598494434 15.11607255157504 15.204487861144093 15.591019266392491 15.781527270114987 16.18958874169101 15.786575425815382 15.839188749031724 15.308807899165874 15.992800862858768 15.479164976034303 15.580361557740975 15.72576171566955 16.12285072510605 16.317337019211863 15.459380765994048 15.515317258150011 15.932853311459438 15.20383896833105 15.788141665559596 15.544485617566428 15.777503683291117 15.987627370742162 15.459891356338781 15.508429872637329 15.873427124747819 15.636776896068946 16.001965910836113 15.876365558811884 15.740828438185824 15.652482216213166 15.849969630476483 15.154622299502341 15.86497586878109 15.5456333834677 15.464472857729637 15.579053536994984 15.10972946960849 16.458384152736212 15.461355760717922 15.111435664031596 15.102586852720005 15.695735865905604 16.04005705600197 16.040309562763646 15.891567581132918 15.805293453161894 15.337436512409367 15.624612004988492 15.790128552593305 15.705717164937033 15.752845716953631 15.791887314400723 15.839814778627826 15.085116723138503 16.479292707673437 15.493371122131876 15.51840926467254 15.688567328071592 15.18055733781928 14.855431021999902 15.102856573855433 15.765221605317015 15.484189853362846 15.549070305444472 15.495477101687394 15.614946299008684 15.265784726512285 15.23400521046731 15.583641012613285 15.866332867036151 15.976512452623465 15.26051121469917 15.671345390591355 15.358016328844318 15.074170651987423 16.13638810253448 15.20628322192148 15.272209808895012 15.725902610742063 15.895132169214575 15.258189072903336 15.559184588076844 15.352139122419759 15.704016920859065 16.571042209718964 15.232064445693137 15.397708876189533 15.69206412823618 15.964787316632567 15.30192329124063 15.895823426352175 15.469268531726012 15.312998394612244 14.962622258255765 15.469241027613249 15.579514299482108 15.421441519999956 15.472700129251482 15.209488082820764 15.504546172738259 15.476708371088325 15.450052335458565 15.32928232269955 15.748783617021868 15.321976052985713 15.51177450446254 15.400989459723403 15.46716251745053 15.406148252706641 15.781231993526607 15.815862376092074 16.0168359885277 15.426101672722494 15.634569990877724 15.244139607636937 15.501077874477767 15.546279786881197 15.26302144703507 15.928482584938203 15.27946258356617 15.245507181560058 15.743435790799989 15.627625262330165 16.041488178968592 15.322862148143782 15.893835400909396 15.202291279929325 15.987466085997054 14.438218318675993 15.271714203060304 15.753426041014679 15.587090542693117 15.190199300698238 15.494404923467371 15.498653357135316 15.778036726087404 15.693496478553755 15.729596969813288 15.72387933388856 1.1005603331907323 0.9905269158353194 0.9546851041637126 0.786048196771047 0.9924670606001558 0.9220986876830658 1.0075609221457225 0.916225351879399 0.9548873856269888 1.049186628445949 0.7047797170502134 0.8914392620571397 1.2849921663982098 1.021931163328234 1.149990462068132 
15.833166923909769 15.291006362758834 15.114129606635482 15.59850758191984 15.064020649068294 15.156061368562924 15.54861164302572 15.732797323807027 16.160544964962074 15.646415324501922 15.707675281998664 15.26900911224308 16.013871528830396 15.449324443327328 15.477239206575003 15.618211602719299 15.99576904955892 16.15865867812158 15.228662705164535 15.404967932155293 15.791265965626662 15.194852839268373 15.723013685060181 15.463246449590859 15.665227685179023 15.988854047911131 15.280496148481834 15.512939451524204 15.842342972741655 15.57164854836283 15.958704945894313 15.824767305391989 15.710115011986062 15.59899571493014 15.710949727456827 15.048942000034923 15.860468936022555 15.536325901865643 15.567029899265046 15.356591616200841 15.030138244657103 16.375723757452853 15.393440532209004 15.030346662623987 14.976949690005556 15.65227360962511 16.004435541146183 15.986316013064163 15.798884391549866 15.863378880929737 15.242458731179257 15.485963018421078 15.772572972936686 15.715108823996184 15.701904902966971 15.66517043540998 15.855972322622403 15.018341979572726 16.376582417998456 15.376486870684197 15.388226955625054 15.579941269069556 15.15244136722027 14.782177164491088 15.021697952237911 15.724155837505592 15.449322398633287 15.628941766518498 15.512739642268114 15.645220963317316 15.19239341910745 15.258929313013631 15.527808703055033 15.786164636515123 16.023226621917466 15.171182276520215 15.64770340625923 15.358465971691784 15.00999526605767 16.059823569931176 15.28201549261461 15.297546934850812 15.647214837864032 15.853033573473002 15.114584695562067 15.479153742857367 15.402705786781063 15.502892390835866 16.49998963724989 15.188577625597715 15.266007499581516 15.78866887509699 15.90726556636977 15.196282250569404 15.830095891366252 15.278667357636946 15.265629881199414 14.89948531922462 15.290818549944717 15.385858213018249 15.477867101747341 15.347334033226813 15.219617986922062 15.442191869677421 15.495240140032763 15.433952806896825 15.357312371549714 15.73958182345322 15.227885224707684 15.479170410541636 15.331286241491892 15.3323098791681 15.43442553469548 15.84454463207283 15.67548833903002 15.850706456273334 15.370757051045798 15.553971188927111 15.213808820139844 15.444858868992489 15.454840622478063 15.173654000217613 15.898403612914143 15.172294807811458 15.17217302739371 15.654018982200087 15.673800002827193 15.884951378945026 15.350600458443024 15.769959850111233 15.209114185950053 15.967545180407992 14.203705153313683 15.210291240219282 15.692249233293287 15.613692406001611 15.076964839530111 15.504902660253311 15.38346379044201 15.641501606481729 15.514881336666685 15.586085685578798 15.677497145771413 1.1750893660273332 1.148686528360167 1.0316571243090062 0.8372367357692087 1.1130646207774664 0.9905416776508461 0.8435945398007398 1.0096652902983512 0.930118302914094 1.2147111122315646 0.743535110470905 1.0173187864011461 1.1590426633716826 1.0851276791383062 0.9960577746850928 0.9779745942150511 
14.3955796532886 13.69308922044411 13.472670516281426 13.934169837237404 13.44890756402445 13.585244218651194 13.957398296915281 14.138948671627432 14.564713605219703 14.130492524855468 14.229550559650798 13.703356814251501 14.33970939616602 13.869800692494724 13.9808334599384 14.116900526994549 14.514773132943853 14.642791792637523 13.850376947494503 13.869321505177673 14.31470978756986 13.577622985370681 14.168022215442145 13.919957429155703 14.143042071187548 14.393956132644297 13.856600534818751 13.876754405536914 14.250391123304745 14.011197201603581 14.367097824663922 14.247282953520285 14.133698717904382 14.027428865896162 14.258395232610827 13.505634421076902 14.282285361168897 13.94371717402978 13.838740177315636 13.94643178317905 13.531593646610744 14.826080059150227 13.891651506892856 13.479857215541934 13.471968980551754 14.057366907089667 14.440266619041546 14.42523262671797 14.234803677738283 14.160749175032109 13.746253988245652 13.97317726574506 14.152659991799194 14.061234982911103 14.158102855157734 14.167540589277213 14.246531616196854 13.47897952970076 14.82598533209911 13.870850665168625 13.939324857818614 14.040849964445739 13.542629257944567 13.26470856602998 13.473721042783046 14.105394476117183 13.85553609343397 13.947809302750258 13.952943562794246 14.00516761977212 13.652769888218238 13.615162549378319 13.972005637566044 14.21729270191872 14.338510147042758 13.66419578375851 14.055976999742528 13.722497122895925 13.422507658862756 14.486692860652422 13.598117861475963 13.621061328330635 14.105749550024186 14.263504377981475 13.643722549709903 13.950355873960863 13.765384808294028 14.13048398892701 14.953657178358965 13.625186124590932 13.797195771027612 14.054288032025038 14.353620250695865 13.704184212314809 14.279875349615455 13.865985113288641 13.739677674849847 13.416163800617241 13.836132284175351 13.942656337875711 13.805880813615088 13.85605787234781 13.574963423423371 13.899271026032578 13.847774664759198 13.80159727507688 13.716907824338723 14.158086679317893 13.709931879164987 13.881412489577711 13.75516198309761 13.815082187574676 13.780396082244883 14.170319385605705 14.186163256404686 14.419904634355863 13.81156088778622 14.02792604141339 13.644456377735358 13.894099491572067 13.931197481038165 13.673215154182445 14.298993745047978 13.639268136019917 13.611673034295887 14.145019676609394 13.99353599691659 14.438147302943829 13.714676904993068 14.269039668439648 13.603744434486043 14.367127827482003 12.821379138311935 13.661034689371776 14.126320959745833 13.941214335042414 13.577362612272664 13.858278698828427 13.83098215543684 14.161266149426913 14.078395986509506 14.134938405037396 14.086766964550037 1.1669608188260554 1.1246639637557891 1.009381431706776 1.0571517377435438 1.1446164507316756 1.1220085932266877 1.20739293846655 1.0759355827758779 1.025490632354629 1.248346644915988 0.9077789288949626 1.007642405140657 1.5408177569482884 1.172197219711201 1.1678067300737534 0.9569969272712495 1.1278925725072142 
15.150648179879981 14.584670370955779 14.411104361468213 14.812229896902673 14.343143690978486 14.475877790720343 14.792465503450742 15.019639316290004 15.378197388004299 14.961609161268358 15.009704988392944 14.525414078342104 15.28760942384528 14.709438250613305 14.762341635335813 14.930348493576023 15.257721114520328 15.489929831106291 14.628421022648803 14.689675147609625 15.1153531506104 14.475457975895123 15.00044618905755 14.757804535040314 14.979760543629848 15.24497146746244 14.682362278265142 14.75833089784992 15.113444033959425 14.878667969866193 15.19581659949424 15.115040006219038 14.97308252064387 14.829501182699575 15.021539464150905 14.419678529275895 15.144415635465764 14.75783949163502 14.778353590715161 14.711028496294368 14.326711449387046 15.62893556360031 14.685743807471923 14.326563664905635 14.282147370917457 14.88361389549952 15.276209960968012 15.282529266155336 15.05447132878211 15.110721627552786 14.544641342433383 14.80900395484971 14.99617822398723 14.998160790745448 14.985946286655885 14.996392894925659 15.114513766562993 14.331726530485218 15.676225565142317 14.699163702696575 14.741548775736087 14.870386545485552 14.429242307294611 14.081199601111438 14.327843516251518 15.05176573078856 14.756119051002655 14.83545742869439 14.731449006342967 14.890065763669188 14.45170355361209 14.487828728484642 14.806994094828031 15.095490169628095 15.276577458196954 14.465821562885969 14.921357115882437 14.634014881074652 14.322648955455293 15.395210974424275 14.525294176192714 14.550419496070372 14.902945516630728 15.149734170203686 14.461419226097389 14.766662395090673 14.656940806253575 14.872560675962852 15.78301019693184 14.4456603510944 14.616614236733708 15.021382017027618 15.174679566879817 14.57069876275773 15.09160500197965 14.621760459853657 14.537610262559026 14.202816892371796 14.672794632111087 14.73457705575699 14.731306897610212 14.636822136707627 14.49670560831094 14.735120063981825 14.771340493896885 14.675937971703163 14.582478550954505 14.984373790315203 14.54090401452541 14.772568687886048 14.64311497936696 14.69272320540807 14.673453902071696 15.070017433473211 15.021074825582204 15.182866005629082 14.584635485829413 14.812197781342974 14.493971425633257 14.743218260380536 14.712667815788102 14.437701546959016 15.166362980404662 14.492980447978912 14.476144283353419 14.955295776917001 14.92442511106854 15.184191184898475 14.602884208083804 15.062265405090775 14.474615662844647 15.225773530645457 13.616501726297209 14.524167087972462 14.942067933263067 14.847767882339282 14.347745487782625 14.75418460694623 14.695099021954384 14.934662906121325 14.83854109869242 14.931522639981578 14.93339838895551 1.0653363998741572 1.0327210447476594 0.964008763015165 0.831777034742285 1.0082928041731793 0.8874030685637889 0.8850192223320094 0.95365336350873 0.900137681983325 1.0362820773572123 0.6918358278075857 0.8857641411078434 1.1971544151488192 1.0219715873791555 1.015218508039886 0.8487973002996173 0.8898582392079837 0.9827865949106817 
14.624855969062539 13.953067822590763 13.750649807069896 14.201340108424223 13.692494355413922 13.827218543961225 14.195962163523898 14.402451705868266 14.802075978786696 14.370241315053953 14.457519847384342 13.944215730450102 14.607685499934917 14.118118516812055 14.213751213342519 14.357725461685959 14.744133194781348 14.892534372507232 14.076473038279383 14.10629436543979 14.535465164587388 13.836121497990112 14.412130138414394 14.163487338058825 14.387852546268622 14.659078872959276 14.091444858715452 14.133473495887872 14.50678523448193 14.273337789145858 14.603308314818443 14.501903811915454 14.375666063206559 14.27872585347843 14.48614069602878 13.759009969784703 14.523764188475019 14.204809148306003 14.122286068559932 14.160641922615902 13.760545360291331 15.075185519193193 14.129695496081098 13.71182743153377 13.686514777958893 14.282523237793024 14.708473493948523 14.674430523604563 14.465199730075405 14.44644792437856 13.983731717819103 14.202768362968857 14.403580767510057 14.330766234071147 14.404713939925827 14.402143539430572 14.512296883126702 13.723414153273712 15.073711506461224 14.1211383856576 14.159032282798014 14.276075409304733 13.797215597496535 13.494460540739606 13.71326796475058 14.377512797893525 14.11002447967627 14.213642207101108 14.193580745037305 14.277299314395098 13.885629991553538 13.86181920095202 14.215804540673531 14.479019108705845 14.61532528138589 13.913591817726463 14.312435411799811 13.987585647548531 13.659476205421925 14.753785830291989 13.871160093911872 13.882812490503735 14.340255022266959 14.533817733664693 13.870374388031552 14.190877408865983 14.044355531742008 14.350235690236167 15.210064341942214 13.862380502453382 14.03006205871906 14.326345145880008 14.595082491444046 13.94666342313549 14.518090419560904 14.102336251179093 13.983046166100557 13.646740595883085 14.07983914455851 14.152772700504839 14.063897536214455 14.0711801941133 13.833266024033767 14.15177067743693 14.12089457546252 14.042735367005532 13.974194966318338 14.40049016554986 13.968502490156125 14.135890663179012 14.003174111721652 14.049900318923223 14.04166433832161 14.452229134064666 14.42718571459111 14.646069447443267 14.03232039033837 14.254737852937394 13.8928807171017 14.145040254058097 14.160314820379098 13.88991682649498 14.554196655042341 13.87717035981281 13.844677754933649 14.396532165165892 14.272741961830484 14.677298116564168 13.970321813974637 14.483162062098543 13.853474834771998 14.619456958324609 13.030992885518621 13.897966668372849 14.35914457161052 14.213788324370054 13.797997881095927 14.11274409584017 14.074902514531152 14.373962270987567 14.292413212712296 14.36703897459945 14.334797751050278 1.0697031463122881 1.0346303967793924 0.9496795497205359 0.9284700171113587 1.0503065570255667 1.0077909513306578 1.0511596424771528 0.990014131644794 0.9200210777159168 1.135005437457843 0.8046911859863618 0.9229324777546766 1.3823242413310215 1.0776696670902464 1.0462230710212794 0.886178520763822 1.0106176571187457 0.8790346620937363 0.8856049931395459 
15.887505322029853 15.274901361577083 15.091525195849522 15.525565568146536 15.065858088100875 15.12923688562429 15.550629574119231 15.732263797661055 16.1573234196014 15.694988607558056 15.753646696386639 15.26682263631792 15.956318964699264 15.438069401995477 15.508723109859258 15.643134530875116 16.052489869070126 16.216747575699006 15.312163252042236 15.44857827360599 15.820999288431107 15.169513439320962 15.727460929901945 15.477742219757147 15.695281046654907 15.957550880923948 15.32493651802974 15.481083979801026 15.82822502631995 15.573499433194781 15.95741893969557 15.817979318494515 15.688814625604486 15.62606987469045 15.753186654029045 15.058297651902226 15.80638418095723 15.530288393386789 15.485469260464534 15.450618305938466 15.04332737532473 16.401430374802217 15.396066401764719 15.046412489379426 15.012944361977032 15.649740520262666 16.001700988227867 15.974694586589681 15.826291035752162 15.807356355350262 15.262056769449035 15.524275646026739 15.766673095912097 15.670126675863266 15.69258107560394 15.695798012439333 15.811396837965047 15.018388074848254 16.391452530827245 15.415485827782113 15.404825149408417 15.610877725011116 15.145992752142059 14.790770015901453 15.03307047701306 15.702172497832318 15.42302595544857 15.561377952296816 15.486981854624243 15.60720418214316 15.212933347450862 15.217638684585157 15.529305326723643 15.803089318681751 15.959271784772042 15.204363085972327 15.629789765068239 15.326894665866904 14.999190144681405 16.059625003565987 15.210509848563152 15.250749893701135 15.670477504245039 15.84567510594411 15.146634739394843 15.49608927459098 15.3494595070541 15.56782235640815 16.504134516674956 15.18741713079028 15.291357376385534 15.693832877908122 15.910310845379362 15.196818315280517 15.84243589625752 15.36229894078026 15.265927446800552 14.900939227410028 15.349642149581086 15.455192029279791 15.400855871125355 15.385762869210204 15.178863671748516 15.445709411410972 15.454416627192872 15.421816152235738 15.320992330923822 15.712652743227451 15.251702447812507 15.461911959873667 15.332817297501935 15.358550739926235 15.39146279746257 15.787758462170961 15.714563669145994 15.902655815234294 15.391727186072213 15.57473575723629 15.198012167705066 15.438389758907695 15.489448803022063 15.207090143461018 15.884857753485209 15.197224346250165 15.173968082410624 15.672177034272336 15.619045606230756 15.9547802069608 15.298956756393416 15.799860726576268 15.166978153517599 15.9475920090597 14.288680991155749 15.203659681023614 15.702931305815312 15.58165136187198 15.120670264323053 15.468056882539651 15.422933028975077 15.679238582073673 15.580268945614568 15.618831306233085 15.682965212962358 1.0854701672097984 1.0145588320396635 0.9588172372546047 0.7603073085292555 1.010003962473337 0.9300276910137241 0.8865155311040207 0.9218624173142771 0.889996597884798 1.1028470532549202 0.6918647456788152 0.9191627109445094 1.189888018232596 1.0172847842343684 1.0254415143334015 0.8431967816623417 0.8782381709703534 0.9938313695656867 0.8520492170061307 0.8992255376212539 
14.975057641891459 14.382646004214708 14.210806566209408 14.663746266359187 14.134515734167609 14.222948997712287 14.623382103575247 14.837589200166947 15.243328648046607 14.767181388898589 14.831940190122422 14.362414694674916 15.055623429542102 14.540074441723348 14.594973965097607 14.741640130382347 15.13269374138466 15.290710894690838 14.398444958655105 14.533561332685005 14.887894215046305 14.274884110684242 14.81984934774428 14.57238472708875 14.783080972222335 15.099314273797237 14.42551428056944 14.586139629824753 14.93271808802526 14.6906871165935 15.032443980823041 14.921615423338109 14.780201464317713 14.722209560817115 14.841914530740587 14.156106136086187 14.91519148880133 14.64633730923264 14.613164722206289 14.513319635293517 14.140661937839925 15.488228337977388 14.511783308421595 14.12455463261193 14.070238384953841 14.710186495137826 15.13415580939438 15.079200613324486 14.882601980592188 14.937415061169348 14.371355538692313 14.596236268392039 14.85283069649275 14.784441956009985 14.799573144458808 14.779314236480737 14.934844328767051 14.11882426280844 15.474719032486876 14.516011594285017 14.50282256376601 14.689819869970579 14.243451654364994 13.898061404373717 14.11945681460175 14.80419256473169 14.532716144028452 14.690073061941444 14.62447211536965 14.741642659859226 14.30482752999312 14.312274507858303 14.6246387703327 14.909487816774428 15.074615179524251 14.321919719116922 14.743784780433424 14.440931681970378 14.076288400653187 15.163184329268375 14.351606627516286 14.362820364024946 14.755690365386966 14.96895859747835 14.239336874583286 14.594680957994363 14.503455525336586 14.659715245601175 15.614679368738217 14.2807554630728 14.383989694996911 14.808133243802333 15.00481298779273 14.305128588299992 14.933877345847069 14.45725198511922 14.386228528146377 14.02084676901419 14.44483964962549 14.50761787292551 14.507793928010662 14.450696090189247 14.284583540724942 14.55953814671578 14.583060582522414 14.494289509321545 14.429173948935425 14.817954552261106 14.36904157227132 14.559285078335826 14.426932570777804 14.433624679094663 14.499317919525511 14.922518583939745 14.803798220509972 14.989133296945742 14.45356734390925 14.651656892270756 14.307128589090304 14.55377530872861 14.568285626464023 14.275469197386593 14.988215117116793 14.280690560046084 14.260875541877622 14.784231969233156 14.741066601292765 15.059070053216617 14.407724464865192 14.86054430353069 14.270615397217787 15.047099551724752 13.354992823975651 14.291992799647325 14.776475390764439 14.692607419627794 14.190062998321263 14.568338070423492 14.500988659851508 14.749036378529512 14.651152679924644 14.714907169052172 14.76839132472688 1.014958581136624 1.0072740246382168 0.9335741498645742 0.8126024138377173 1.0028612017253102 0.9382885794688695 0.8482863645843975 0.934901696191755 0.8195714802785122 1.1066655630094377 0.7235772689813132 0.8930026104594487 1.1975301013104611 1.0177133053026175 0.912159033928454 0.8657012012453722 0.8602631003738255 0.9127536327378439 0.8255587885847466 0.8191398938703986 0.8096273670113633 
14.814239713555759 14.217540294137056 14.0332205597256 14.493073875241823 13.933997813810356 14.092857626158189 14.421067767443715 14.659036215144939 15.032400630774694 14.580426114933799 14.651139322344264 14.17369067119794 14.910385221512794 14.361300607599617 14.414854386458694 14.580261550652674 14.923121962746347 15.108409893776397 14.259711851506623 14.31668547259729 14.744496306454904 14.102519766732943 14.646770389326264 14.394911145811454 14.611804987029918 14.93453486586142 14.311941445884766 14.4020844342419 14.763482302723386 14.529857828731023 14.833365200039346 14.758440776137618 14.622103278658392 14.489155672795942 14.68149789489356 14.01967637207654 14.799997745132885 14.440094061564766 14.433271231424516 14.325231429234687 13.97272106172938 15.29281245363782 14.35761351274832 13.934929813157678 13.883583334501155 14.505322094204868 14.960582069470536 14.930487686982971 14.674213267566357 14.7549070471616 14.205332279889365 14.420686998556157 14.64075529845839 14.628388075334758 14.6478775016915 14.623056492095703 14.787360353823022 13.96346299680443 15.315793391689734 14.339582718512903 14.382426689687703 14.496320930539683 14.048570921900518 13.721783743569869 13.945416472348874 14.664599122823892 14.38645943684312 14.503721767689772 14.431210565332067 14.55747087483775 14.09823025751904 14.122626844677203 14.4506440670681 14.729733165110048 14.920995888503896 14.128113188639066 14.573008852780362 14.267452231925276 13.915859138737856 15.022928672357247 14.179358955228793 14.176178994232446 14.55193783182747 14.80235716742596 14.091081002220589 14.414103904639832 14.337428255668721 14.53140808413262 15.45741185180238 14.090416132876896 14.251367812552541 14.652076393874403 14.826997460699868 14.19859675366807 14.741879048702073 14.27636832797437 14.21267641754294 13.867233821883044 14.294854999403348 14.333779438592494 14.364791218602665 14.26352711547454 14.114712037053831 14.393371198375112 14.413655343872971 14.284926091797477 14.234975620539656 14.648737401165674 14.200710433603152 14.397086358202012 14.257455075926453 14.285482091108067 14.316947434114288 14.743958943238393 14.648685906625664 14.839871387677041 14.221196105149417 14.457897835922457 14.14228008290203 14.397599177438046 14.356273674223122 14.070248025506997 14.812412977169974 14.104789406370326 14.087609237979317 14.624744931003455 14.57116699097388 14.861920598478775 14.247123501125218 14.68613020063848 14.11762548052421 14.875029548412506 13.204001653966142 14.139907405025905 14.576614490179585 14.48981391549816 13.981815879635384 14.38581811207526 14.2994374382227 14.571433295184912 14.472197752707258 14.581432919534462 14.567787291986898 1.0990732654170523 1.1020388008616868 0.9984099819915396 0.9342687489957603 1.0849005254821875 0.9933177730625927 0.9547780665066176 1.024351239656802 0.9205865799853199 1.1476477818892898 0.8048471213480012 0.9541452773422405 1.2938280330452867 1.0936867571779518 1.0035345298391862 0.9474740455512451 0.9639400633166628 0.9791129475119311 0.8618808384032012 0.888539499968166 0.9243806530148783 0.8353844195764206 
16.269368202766277 15.656258457518469 15.477616981111492 15.913035597825637 15.367194275880584 15.511272300581515 15.857816936224816 16.114199811978345 16.467176695239452 16.03900491327786 16.087033696131318 15.601623818793929 16.3568591832558 15.796364905425925 15.852854540287058 16.020582010715117 16.374516087435456 16.586752188137787 15.702952814886986 15.754242840120828 16.181271500274114 15.529746047389816 16.08942295990605 15.83252909185253 16.061836792974336 16.37349791869829 15.742606725126446 15.84052501917105 16.208313056061215 15.982830111615348 16.27156866736624 16.20251595101206 16.056610067247487 15.944153176611303 16.122836742993407 15.454288057830968 16.212458530219568 15.898098674729399 15.877227196564947 15.760796469705904 15.381432013136365 16.764846857065294 15.777773624288507 15.35047714122594 15.298847693876363 15.931256663415367 16.416454554936596 16.367255650882566 16.12491797955746 16.1997917094788 15.63379587847871 15.859018505314713 16.090617179195768 16.06751875374911 16.085023172662737 16.056816377793254 16.231725665640862 15.38667423116388 16.785215231338213 15.789301260137096 15.784667802278557 15.938785704113416 15.476018352395615 15.119815445670424 15.372695823113133 16.120362055620248 15.815588991028918 15.92605006510313 15.826247280629495 15.993320533944438 15.525599979742768 15.541962944722899 15.882144869702518 16.182994627115683 16.3723619078555 15.564482759800132 16.00819374783902 15.702176731190168 15.334586688244238 16.482734387327397 15.593655186071642 15.60363477713951 15.989702085845558 16.257612287467605 15.514553592506312 15.846595483017845 15.767474194719563 15.966609899874454 16.921447290075534 15.513972811180789 15.679641731129179 16.077038636237642 16.262184796085798 15.617098636640646 16.175378520424562 15.732593736687052 15.634260059428623 15.259939256729457 15.743221776925608 15.7562276567569 15.781883509808857 15.68576084865922 15.534985541534757 15.834365227656356 15.84635988704035 15.70769339564616 15.666805759899923 16.071402669973462 15.6589303848273 15.82903607434671 15.687448201538915 15.714033164531228 15.751268871315766 16.195708296193157 16.092120984759685 16.284772578821052 15.6456107922866 15.887826906039868 15.566063175066578 15.832113234096951 15.78939433347136 15.477727700525492 16.25402720090559 15.535472971031428 15.498995700232568 16.077869256749562 16.01928195682878 16.322139799992804 15.671214369072999 16.11002989154892 15.539202874444825 16.314508153058622 14.614209694464002 15.549397299892208 16.010418767766843 15.940076029768315 15.409913079065582 15.814530982154302 15.74296200671307 15.997110285198247 15.902786059118066 16.018146957081935 16.01180753804986 1.1224913658324502 1.0650611986892744 1.0350945479138418 0.7974283218220215 1.0494879642196313 0.9343226524670182 0.9006493239221512 0.9852589121714911 0.9412956086694353 1.0782792538999475 0.7487256792697636 0.9542108490355012 1.1865856468393732 1.061053369174286 1.051331169170512 0.914884414797093 0.954608976317932 1.076714665337525 0.8787155257714724 0.957929138709856 0.8991746222577359 0.8719456990143732 0.942932637392781 
15.764445020877266 15.225029051172632 15.058435333950033 15.541439689359619 14.964909306381674 15.078343739159724 15.451617303203736 15.666228166718854 16.06013827638686 15.559736488607784 15.617392446558815 15.18825979554644 15.941591474217402 15.376097374479421 15.396999582365245 15.545584158495885 15.907038014095797 16.079112731374163 15.158808631806936 15.308874416212722 15.69831307144919 15.121635234637816 15.644393358186086 15.384591870512175 15.58844912150251 15.935871975596974 15.21631020897105 15.438045635287155 15.771155687812298 15.516977641386909 15.85802791671638 15.752083059191179 15.63181511203043 15.52235961409252 15.636471262031806 14.978191197633139 15.787208386648205 15.482904960682168 15.514883501766745 15.254990381831329 14.950253941792926 16.29962466707055 15.32809199542815 14.931195685231174 14.866423706433082 15.53724044465484 15.958065786782655 15.913828169748458 15.692575793077957 15.803564881477289 15.173208039617984 15.387852838194176 15.686505969961164 15.64722280356601 15.63727279151729 15.577566646995841 15.807169978718566 14.94673343353046 16.299445116847036 15.311304255161321 15.303710969411528 15.484774010690195 15.068774630591692 14.695144467420869 14.937093562418235 15.662518956897598 15.37875934605075 15.561212519664954 15.439206387306552 15.587370908285779 15.103937494355922 15.172254042960397 15.446983244855586 15.715200422901479 15.964737615752174 15.110203128003054 15.579786917269344 15.289852023769278 14.91293395882692 15.997207015804657 15.22137715602008 15.217847835502624 15.555052304290246 15.79992513034267 15.03272140239887 15.401867610470507 15.363155680359975 15.436058769265882 16.438520602553197 15.103383871717995 15.19309238827139 15.714371931610598 15.82374555271931 15.134111171828302 15.739988480771578 15.217391551052179 15.20090886637262 14.830935686974367 15.224277712740507 15.27055859555322 15.402305060690637 15.240788580800436 15.14242122094487 15.381714205993998 15.434119440080027 15.325997010334872 15.285282442175395 15.660613011591126 15.182137326801548 15.40178746754099 15.245495251106805 15.238922684959881 15.361315164946571 15.800496116383828 15.597771517823452 15.774769681599302 15.260534560327137 15.45925778216469 15.143791925104363 15.381387407198343 15.359813951410839 15.067820822150312 15.821069725061411 15.08406025602931 15.073104069739113 15.600029253325003 15.617810685918665 15.819740205369948 15.280686085093773 15.657681934367337 15.13943460229665 15.889530972357388 14.111459719917931 15.121989584669898 15.59253760603915 15.545171831614622 14.977930980963528 15.42080691239319 15.287826886216841 15.536107553326996 15.415862369701646 15.518002252592476 15.59078527540137 1.2484574522833756 1.2334758042400606 1.1442417780952967 0.9369236771666983 1.2053073899248363 1.0828241378894543 0.9220577223195943 1.1246956082793198 1.0094532641924032 1.2921080227185335 0.8517140542691289 1.1125903652278295 1.2388699970011792 1.1876576773742724 1.0475962044224476 1.0969021350834582 0.9586392549382714 1.22333734009136 0.9872712917103706 1.0946449721130722 0.9868958628538423 0.9417379170440809 1.0392642031570405 1.0309057990520958 
15.541363954961612 14.888707382345999 14.687363248164027 15.180949023341961 14.622871832853582 14.758235285788798 15.138055042761096 15.332723572863284 15.738464792475266 15.274336551657328 15.352203900901689 14.885132686208484 15.569016540307711 15.065156288799104 15.133649071495446 15.265068885683599 15.654735912508915 15.789420695308486 14.935088196493721 14.998567566362432 15.442913301791023 14.771146941819792 15.344056070225108 15.081283924651782 15.296549776076192 15.600700940523389 14.958259909197444 15.09327602260372 15.444519981723666 15.202641365786606 15.542572838120549 15.425944633918107 15.330592053838293 15.220912858499329 15.398579087048407 14.648489504033302 15.471156470859894 15.186348568417758 15.127848722406203 15.012646601950102 14.67420334584541 16.015909373496235 15.052025491457854 14.614774736807892 14.586958569659181 15.222707477002881 15.646771176552376 15.598467291303582 15.397777020737905 15.398335364206348 14.89702765975863 15.093212672758453 15.360735184185481 15.271276744180074 15.346859710691401 15.287152082947973 15.486909964042654 14.642380174233956 16.004637384634083 15.024483324239396 15.03487447827181 15.181801063959169 14.716206680389549 14.388148525052394 14.628354542439306 15.30641710868897 15.037440599059503 15.188176219199592 15.123059583003469 15.224334831476302 14.810974952482756 14.828137991457591 15.137894999407196 15.378636902202597 15.592879519608935 14.823190395685177 15.248278799286973 14.926901760708194 14.575847373940574 15.66179505078192 14.826498039031245 14.83233869675213 15.261640348586738 15.464134065900998 14.759528144689988 15.108635280521625 15.002794148287 15.232179422806956 16.141929923810196 14.799593313478322 14.926837658556497 15.305497071120486 15.519447119824731 14.842096268362445 15.434232236523277 14.992029518378917 14.911368911578728 14.554711307290523 14.950737381734044 15.00604199586082 15.033387739445086 14.973007076007148 14.774444715669372 15.082477334890394 15.05598477742499 14.972425592810126 14.944720615219582 15.347859069781222 14.902751798677025 15.06134179384617 14.90513019414387 14.927606806379776 15.005007058547447 15.44208207197481 15.310945129155414 15.541474609623902 14.976916924880546 15.182647976206498 14.828253481621962 15.072530699214077 15.079120282816394 14.796642924857274 15.48416534978714 14.776023317387265 14.742162586397592 15.327618156978078 15.24284538166264 15.577713776936971 14.938234395617872 15.381476778186896 14.817098160716519 15.56074773349098 13.876341050532771 14.80340158733322 15.289585007234065 15.1751355763093 14.714209248381762 15.060536040816427 14.960579858798797 15.27430622352104 15.170320947561263 15.268434962659919 15.269080335287363 1.1514375471601974 1.079780332344664 1.0070896214470613 0.8566724956948731 1.0876601394333045 1.014074871300341 0.9741291817405866 1.0146477484114829 0.9492683289281448 1.1837564015916038 0.7737521335325028 0.9999366182611418 1.2576746593417834 1.0904031247882904 1.0178669338715491 0.9544969474384487 0.9565814080686094 1.035642243204656 0.9382877720845576 0.93836803138312 0.902618329127532 0.860924297097926 0.9632370450987369 0.9603381320498198 1.0375968198076668 
16.76233499213702 16.20317259995091 16.04980735069527 16.46495340699767 15.964878171742757 16.005667350971862 16.450291524518892 16.689365605932515 17.095654853827533 16.611735221486875 16.65151312400456 16.16108056097701 16.902327220098307 16.345895277178013 16.394220172737363 16.556356569853243 16.966393980825032 17.16642944490509 16.1898518129055 16.387875420528445 16.68686603434486 16.095118420100576 16.641951002647517 16.392328240005476 16.614774973621977 16.93413002869377 16.213460946309002 16.411512386899496 16.770361765219057 16.517037968251415 16.87375297651196 16.764226236668136 16.57675122511243 16.56185264008964 16.627940856230328 15.981818227673802 16.694316891734626 16.44738219309988 16.43361413457881 16.33640933948205 15.9048862581449 17.344004672198597 16.286840155748042 15.936881134824601 15.861513028100415 16.53706930181431 16.9687305897207 16.904633746697783 16.72537948967522 16.813417225679615 16.16137367175314 16.43381933530913 16.696425990124727 16.63533795589716 16.592525824573286 16.610845203434035 16.731111159768325 15.907183367796847 17.32724087218279 16.339013571874055 16.279002835937742 16.535243573832847 16.083112836612024 15.687019935720395 15.924725040535993 16.656557926100028 16.35083123594665 16.512083422037424 16.4144637371375 16.583847301070122 16.110101254647635 16.111819200259244 16.445341663502063 16.783458551661468 16.914908056800666 16.127669310711884 16.568018209886876 16.277336694168685 15.888766667305944 17.02978832996973 16.17517060508817 16.204148231243757 16.587335745134357 16.815254202537204 16.029630419905 16.403488309094694 16.314433061298388 16.42083618698285 17.464902426795987 16.07798689475895 16.16761535136593 16.645827787182455 16.83350886663148 16.079891509681868 16.772176517753003 16.252822875836635 16.17117490029325 15.763191984591815 16.266883838169804 16.335471294230782 16.311069840865052 16.25356963542265 16.101824927642927 16.365401467686706 16.429185711689282 16.341115317840284 16.23706763102682 16.62069463880721 16.166261601188925 16.388993012578446 16.270407819197324 16.263659121530093 16.32485429986411 16.745129144784904 16.637263877361967 16.788732109213306 16.253692607570542 16.455005718164298 16.102107727406974 16.360234607079374 16.384256652874072 16.06072434085657 16.838573921990346 16.101654246608753 16.083138219471717 16.586918221947037 16.582246340563138 16.88414822837553 16.200407551528116 16.68035503966516 16.045641299880558 16.883289814314267 15.111124741653661 16.090245986777248 16.604380881638736 16.548879971370358 15.984610663646281 16.40335470697585 16.36995206848117 16.556595154261743 16.460200016650095 16.49788341530581 16.610331871123183 1.1074835787351751 1.0871686703809982 1.051934202037228 0.7601606435262656 1.0575319578850535 0.9528749715716195 0.8229173339048926 0.9558868557853477 0.8988063754252738 1.1286973073048785 0.7628066212948246 0.9623423394477163 1.1643468026040953 1.0603583079100325 1.0592950116713926 0.9090018790561417 0.9070363525369926 1.0971146713276803 0.9016581748222985 0.9740665696453696 0.8542178733182999 0.837814977642064 0.9615268641767256 0.9020536725897703 1.003135905600724 0.9664190626283715 
17.003370479814713 16.305172736690395 16.097713037910417 16.552916326650656 16.070924670096513 16.15895360501142 16.591889840692136 16.77228008885588 17.192660449596925 16.753818272782894 16.819046488410425 16.31369002352495 16.97918490410618 16.48860109638666 16.586016227810436 16.707720096017002 17.139826368898976 17.283994016663048 16.399436358492107 16.468527135908932 16.899632245241826 16.182355468813792 16.785489781356954 16.521727244195084 16.753023614929248 17.00167005487621 16.389215477620734 16.510214547427502 16.87445993325875 16.627892574081606 16.99890859563399 16.85855651207016 16.752648674389793 16.68510181180314 16.85044753654678 16.073311233864427 16.854313413953236 16.614877784295768 16.509810615706026 16.50611443538399 16.092014852596638 17.49216348809761 16.46162049511187 16.055780101851774 16.044112851257964 16.679579030424367 17.07052194275291 17.02182932929488 16.88004473462938 16.80204832123676 16.322690173382313 16.559073058247147 16.813149730704474 16.677462953588808 16.764259648689258 16.740726424466494 16.882228838578293 16.057860695903848 17.468291678490452 16.475339198112103 16.449397496923535 16.64728864554975 16.146698514335075 15.799780071077622 16.06273309195542 16.73052929768259 16.44270357253044 16.57401305266722 16.512620703074088 16.626436592552288 16.254204408839495 16.236322177536962 16.572674634269063 16.82904160761278 16.993575139993734 16.25762886383624 16.664096782128272 16.336332525992844 16.00079693977568 17.10197896301268 16.19547734394019 16.235387188741402 16.720909900300363 16.887801282527906 16.192701576005348 16.545666893313843 16.37567641041582 16.679966582194616 17.586904424377433 16.228092726199417 16.35703038854278 16.684312902555295 16.960606543551886 16.24176680285322 16.884444575938737 16.4633290045294 16.322054659951267 15.94413311594582 16.406495564316124 16.49057441427404 16.41365161012047 16.43589072056734 16.1740240468912 16.50487318066384 16.454511619103304 16.41889161686214 16.354556183941185 16.76053963614737 16.333168516519645 16.48401955281719 16.339175020238844 16.375449257671885 16.414455644264866 16.835674573941397 16.766628887739227 17.001791662476105 16.44120762443779 16.63625275896804 16.23703471819446 16.486301418149424 16.542303130828728 16.250506045538543 16.91743157179736 16.221925379583073 16.17120422246447 16.761410979842942 16.643971251028837 17.05138756955003 16.330473224700867 16.846970235119798 16.211005824475734 16.990455598916668 15.330385348372703 16.220822292277077 16.746985583732325 16.600297993681245 16.17883645825012 16.47653222667082 16.433012982891483 16.736259304986724 16.64422821649461 16.704240184718763 16.721731275367446 1.2028554690293385 1.0552454866281282 1.0440094693329545 0.758070310652924 1.0726887603077786 0.9979043122711576 1.0133089638069834 0.9791562539050013 1.0125853286903082 1.1515126561460614 0.7502561546719126 1.0134081912100164 1.2502096745868796 1.0811683750867356 1.1599576901366904 0.9073199366914143 1.0029496168522916 1.1118972705687662 0.9922984448367922 1.0098635978492747 0.8920328995308222 0.9323716273358577 1.0674396374105861 0.9688585951393704 1.1061673717076743 0.9702843545776236 0.942788104855192 
14.320661360862672 13.754206802282397 13.58005141993062 14.0571083621952 13.521242316308186 13.625274976066631 13.994808865594226 14.180020232619938 14.586653037141817 14.101671354855277 14.165150118305071 13.740742398861888 14.435950038484163 13.915507668401878 13.94933734496721 14.082962972478482 14.450620573883489 14.598235425897686 13.7243102428092 13.860329013261003 14.24721229573678 13.653130982459825 14.176137368152823 13.92778116172072 14.123402292186952 14.438731019103457 13.766737749848968 13.967060559484748 14.284091700188606 14.040075600870802 14.390295639527158 14.26553003643136 14.166177143658814 14.064663503518872 14.19230519910319 13.51300722882478 14.310835611304622 14.023066930156936 14.021981436020317 13.830462771907845 13.523634362189378 14.811951876525962 13.878640709197429 13.496577290676957 13.45240851777957 14.088349952222584 14.465228636934713 14.431231863996882 14.239103146258818 14.288008549457919 13.72857889080881 13.937443617801112 14.214552749175871 14.148268252546998 14.170957150689894 14.111283577803153 14.320148498421648 13.498335395055314 14.810348686341573 13.85252677674094 13.860021132619966 14.028790648179159 13.60472903960018 13.26563206178895 13.494546705156063 14.16067397323615 13.906196034508731 14.07620125346994 13.98440923965383 14.094215706197724 13.670963528425165 13.720646379486016 13.979950378606665 14.223606536384278 14.45611004864752 13.665037465591055 14.10457627918574 13.810150250826913 13.467482216234702 14.487058227776199 13.737090747936316 13.746580081812537 14.099501469411832 14.308518607794424 13.599365252848711 13.950978511521004 13.875349274320502 14.002889541978137 14.934910524062877 13.66105849051034 13.745203465348439 14.210997158766103 14.3515928855641 13.679698010761332 14.272032788424672 13.784692571005705 13.75080603347925 13.407461272397082 13.770409209806326 13.836033505531024 13.919545186442257 13.810961021613908 13.678085909641771 13.918712975389397 13.94160717708783 13.865058422368529 13.822118056902704 14.192406621699034 13.727982822599664 13.924757972998679 13.777280830081901 13.784059285735095 13.88368034679144 14.304766597424633 14.130553969307094 14.321147564568115 13.83770215426044 14.016593918604386 13.686382009394325 13.91610997937534 13.92128849188001 13.647202430864096 14.331951156436125 13.639103936540636 13.626476939131376 14.132846365509396 14.117148214661599 14.366999774986704 13.814203987102841 14.211279792057177 13.682731039305727 14.403446695118635 12.725193082871163 13.670200824396176 14.136946548968702 14.056280681043551 13.557861449841765 13.946297133561483 13.826433246177904 14.100612620265158 13.985012187024825 14.068034328761659 14.122561977272145 0.9775394151076231 0.9585056680522375 0.8661492930525131 0.7664152588322135 0.9539945348405117 0.8792930399019345 0.7620097472510065 0.9005789643967125 0.7595666574447963 1.0751505985234564 0.6237388898197183 0.8549409410426311 1.0900561347741302 0.9603338601798639 0.7830412319699572 0.8321410564420808 0.7405317144237624 0.8788301153585206 0.7400350954771 0.7809439187183768 0.7414063462442116 0.6697246192020786 0.767282827588699 0.8191114030037925 0.8231164976106586 0.7729342138044348 0.8157039576901138 0.8811891270315704 
16.507627786218265 15.816789557848736 15.597975922902723 16.05546941891338 15.56112490199031 15.701106680119665 16.077794576008 16.276471722955208 16.68454599653024 16.254290966420594 16.32980330168259 15.804928391764157 16.51031938603119 15.985791783717087 16.084275805179207 16.227803493008444 16.621649598312334 16.789778412224884 15.937358992880723 15.959162060394817 16.435428411243176 15.693036079752781 16.29328833478725 16.02888081090336 16.264720098537765 16.519561444564758 15.951412189245287 16.005828937783 16.387358155923543 16.13970255169217 16.494472859244205 16.38129006642057 16.265270041313517 16.1376122834974 16.361911794478143 15.620842454943608 16.410450080950035 16.067993229405605 15.992420207669328 16.019984689171878 15.602904024116441 16.97733954783416 15.981467521041774 15.563411906016357 15.55033544592421 16.172346120347452 16.570839226418723 16.555525694596202 16.363434040284773 16.309955864152258 15.835197161961469 16.0810867106104 16.28659722388975 16.2067353142788 16.28056073462667 16.278758696052545 16.391795198869307 15.578028858166178 16.987565525712665 15.978346866706785 16.01792235582354 16.151689849157123 15.647668283509478 15.321423682263527 15.572675969919532 16.266553862590342 15.977673251897647 16.070634612694707 16.015458166477703 16.128049453823138 15.73669386639482 15.726887104400523 16.085409534703665 16.346080316265287 16.508681296994176 15.744960037322809 16.175440803259185 15.847515421495366 15.53043025546454 16.64518307829443 15.70961201367554 15.740764981784361 16.21137412475479 16.399344743182507 15.728717668692516 16.048929301076868 15.880979697994889 16.21827148096857 17.107781674449082 15.720856329504306 15.898630491307998 16.21008387955969 16.472117933683265 15.805638374220887 16.389847594865973 15.95321448138147 15.826032125999305 15.467618093338476 15.938550311710928 16.025859302111257 15.945231724554429 15.943342849765356 15.68869760837396 16.01159460531533 15.97306145609382 15.913902601790257 15.83552103176829 16.27289960649516 15.824142812764485 16.00723263000698 15.86716677434318 15.922962676787936 15.911696994975827 16.319120970559805 16.300361974996818 16.529311292339205 15.899635730606073 16.12860401573144 15.748952523321655 16.006341886802268 16.022461003987647 15.739994635927761 16.43249012686251 15.73725136234734 15.700661982852813 16.267073443503804 16.146754482181375 16.536137116352418 15.839594232998039 16.372635909088114 15.722571145153976 16.503355383682326 14.863600956880427 15.757457955795807 16.240024863992392 16.08139375267964 15.658142656443657 15.983703022642649 15.938532199235123 16.254167186083404 16.160851298316864 16.240912853204172 16.210581198131237 1.131146640462674 1.021527420646357 0.9526095604243161 0.7676604880019683 1.0181405531740109 0.9241144410753389 0.9851813096204043 0.9186924663242232 0.9594572706541473 1.0685312961367903 0.7104608458602854 0.9213694827847121 1.2430910485172153 1.017954736627979 1.1221843316007296 0.8373157404312471 0.9680737564325695 1.0007790048050331 0.8794111269695841 0.9135255974880953 0.8617206727360252 0.8776600846871639 0.9581955662625112 0.910154866846856 1.0738413147216295 0.9432670439076124 0.9132324042745352 0.9022069030657747 0.8393443539326704 
15.95708567780935 15.267246282050614 15.057064584678866 15.499744255236145 15.018798966180194 15.148334608773313 15.518645091575971 15.720361240828403 16.11664484262 15.70124269688286 15.763719132676501 15.256137242224657 15.940763786200165 15.434384654050556 15.526972140142917 15.66865580700158 16.05808811459145 16.229393732697652 15.387223645286308 15.412425620284061 15.867688988816427 15.140142627487561 15.733108559185817 15.477802895452639 15.707651867611347 15.959598666082403 15.395054057296983 15.457965712637783 15.822264014946125 15.592160550098937 15.928569850498123 15.816257418564206 15.703306782751287 15.593461530737027 15.80605744189965 15.069417874397779 15.83748366989002 15.532529315468896 15.446521832156613 15.468143625957346 15.05512711428287 16.409610406923242 15.428074308036656 15.015216631185053 15.004383779119403 15.610704077105408 16.013493140151475 15.987948385314807 15.805959279517435 15.74770236705423 15.289324854594097 15.526470805496924 15.72992054888588 15.644948941820386 15.722791664244864 15.708339954472352 15.833238593739047 15.02824577491755 16.42186675636889 15.429525784190803 15.451590024296875 15.598581321209451 15.09522020741623 14.777236450475908 15.026629664825345 15.701923012633475 15.424660098158332 15.515005531482176 15.458134294375734 15.571973476776584 15.197435496448021 15.180123913583772 15.521682787877092 15.78443249591347 15.94487977040961 15.20677124437172 15.620857750414402 15.296544579488566 14.982196978167757 16.069872046486164 15.160748948559482 15.200133098993017 15.654242790340334 15.846916226514464 15.185017070110908 15.498646597849408 15.334002391386086 15.662025337167913 16.53492781254868 15.173819449876985 15.34076527268281 15.644377031511684 15.9047226246332 15.249534712176189 15.824019152416541 15.41450183713828 15.277247895612788 14.92198578660265 15.389541872220008 15.458543651744174 15.380755748999961 15.386744929464024 15.141407620115947 15.463671116927301 15.418166730377294 15.351888391300076 15.289215187643492 15.708813956069294 15.291670725501834 15.44379303430664 15.310461770109509 15.363513024220685 15.35799048622291 15.770188913367036 15.736497107695216 15.965079091184553 15.351479457032296 15.570974271381225 15.197551395282439 15.45647145449138 15.471638340320789 15.181295689624807 15.865597325479449 15.189886660093645 15.147860049067521 15.715013278149739 15.590501331453542 15.989753386934867 15.28778924730285 15.803018715319636 15.170906622161839 15.934278852949394 14.332757839349487 15.194359350400449 15.67809827835569 15.530618256892085 15.11369541911668 15.42805208116538 15.385076138569602 15.696797276929868 15.605514945737163 15.68394620107681 15.652247235617605 1.0756231328583432 0.9631552191233297 0.9238603752597546 0.7479208677778251 0.9717018293979321 0.9000918691901991 0.9566583708010183 0.9015450312443165 0.9120935533569903 1.0344473928839828 0.677179975269233 0.8821802956751609 1.2167579579851153 0.9933102717252326 1.0523874784835272 0.7967079033774566 0.9357694314310662 0.940853159426272 0.842628452504043 0.857486571833661 0.8229944181913059 0.8219996655074261 0.9082785101487816 0.8717590941723512 1.0331699774203793 0.889693846333769 0.8884891984691329 0.8664611046314357 0.771030962717409 0.8183663413926794 
17.10307113004803 16.549032031412583 16.36432031816927 16.847118951405836 16.284029608141296 16.432010350255812 16.772149341899894 16.98889894940546 17.37232765916964 16.89162484166524 16.938657984679438 16.497764464757573 17.30407100223877 16.694414934671773 16.716623705437527 16.873852072889328 17.21457247011369 17.42113317224282 16.4961245425917 16.601816399070078 17.06287515843557 16.43717509165562 16.975782828902357 16.70430157276588 16.919478101914844 17.24749337541215 16.564483314465427 16.75886833762502 17.101554811426958 16.84244327229555 17.18569218277258 17.08581032327821 16.977182389480287 16.805553926561267 16.969795134015694 16.320148919851405 17.149812897735735 16.78035826031126 16.832082347603166 16.56996444403442 16.2572548919407 17.631400419655442 16.643968233280987 16.239971758692064 16.189317235323095 16.86530464618235 17.266644014723397 17.255741856499643 17.025294173269057 17.112754739765606 16.485798737806384 16.72336925218174 16.99993685317636 16.98338004482448 16.973150639707313 16.915726923226433 17.14449235944025 16.26993288380931 17.663373266584635 16.623559936456783 16.64669569460629 16.806773818492793 16.369383761211093 15.987897949204791 16.257970669694917 17.018243716957226 16.716242870208173 16.863365172693783 16.707635464230595 16.88454902037883 16.399636220102288 16.487135222673945 16.768631066584994 17.031756372439684 17.312482578820806 16.39231716017532 16.89735055054903 16.606220129683333 16.253932335106676 17.35073249584762 16.518717084846838 16.530065670903664 16.86422466102185 17.120050795043976 16.365914073977148 16.713099655303996 16.657304152592715 16.7800012445691 17.783334836257687 16.411648803964937 16.53783374726031 17.05635223281844 17.14778146389113 16.48510989433836 17.053668768192445 16.522766302631915 16.499907933961147 16.125977321657516 16.55430897998935 16.6039536286662 16.749844891869348 16.564391261086286 16.460843660135748 16.69919798556255 16.74375938106874 16.637173966005147 16.5909824009757 16.98449676845933 16.496479860257313 16.73267629876658 16.57048310256768 16.585467582237584 16.679656106941078 17.112243018795542 16.933877906051702 17.118701692349312 16.556919670710098 16.776645518575066 16.460576412146377 16.70583521495343 16.659893119134214 16.363116202084974 17.146963449085373 16.405303499372586 16.39284395458847 16.92661882735267 16.942680706138855 17.118819838624905 16.610240867091914 16.99991796454862 16.47320341375037 17.22110567656876 15.431991191475165 16.451770067167903 16.912872276074353 16.85060595528335 16.281540477672937 16.74214677897102 16.598265966596077 16.869863014783043 16.739686099935067 16.864425781933644 16.905667275752304 1.353534241838836 1.2801222569553512 1.1934907914590456 0.8865698122153358 1.2311409334389847 1.055931045455941 0.9423326953412251 1.1280477206964723 1.1091886926883157 1.2700070146264617 0.8259220328127382 1.1529002767923318 1.1938960719428295 1.1927607577150783 1.173032955918575 1.1046753530251472 0.9907205030394504 1.365133034404988 1.0075192433253866 1.2203080473349985 1.0264828491227354 1.0557581984028093 1.1335842458302636 1.0440822392121172 1.0889268810402024 1.1089131372862753 1.0357502102694591 1.1031189503186563 0.9300503130576231 1.072390889791936 1.0556055641669861 
14.311565187234967 13.754632812273446 13.590792087839773 14.011681111725967 13.522657107276343 13.62546028367762 13.97508549328784 14.186917170112023 14.56570962099871 14.119898663231229 14.174708409826138 13.71653206506194 14.431692317907707 13.892812303613939 13.937997805340856 14.090962872146166 14.440892808472396 14.632648799667493 13.767404419821565 13.877563335688658 14.252624885235592 13.652110122440314 14.167619342715492 13.930137573060449 14.137738413498253 14.42501022683454 13.811652125995503 13.943058978376415 14.278733109709426 14.044475969173835 14.372108805122684 14.272807628453478 14.138372139336111 14.04011208082889 14.184900043707236 13.558076418141466 14.290927262191742 13.96969096531496 13.97448456513328 13.87100769474598 13.512217295130021 14.797145816109962 13.86376159439565 13.506358854216478 13.45596710218818 14.06462085834284 14.45586950858709 14.434962830161439 14.227211013843716 14.289297324523462 13.723385397021234 13.962652463892464 14.186943314294847 14.155816469782064 14.152282562166434 14.140799396007283 14.28558292814973 13.500429851798035 14.815164786705221 13.868865286622716 13.88354513136277 14.039725921558185 13.613517212677571 13.27145926072683 13.49989565868606 14.186639149089945 13.913618907005052 14.036874926443074 13.950465407948288 14.081814674574547 13.652582838595741 13.683448057859096 13.977478178161727 14.255510386699122 14.43660698344276 13.664416153627382 14.09765136373515 13.810188939956547 13.48006480165158 14.523952667928237 13.720883698630072 13.737795608716874 14.088489138526667 14.316946581927104 13.61802768370824 13.946879710330448 13.853677074609857 14.01675321976753 14.933386451288033 13.638019645809026 13.761699396226902 14.18869237629811 14.344924554566623 13.706420938121449 14.268730417617224 13.797401137377408 13.730776453283633 13.394930298160574 13.817014290721929 13.879596732590583 13.894628339743964 13.809264156701126 13.674678950714446 13.911179687897569 13.947817822693626 13.860288197141664 13.78329304493282 14.163960925325805 13.720420746053739 13.932934759539144 13.80273358828019 13.82882014139332 13.858847821711562 14.26418688855373 14.16501877181689 14.33022509928298 13.795958096681856 13.995746742024917 13.673369469692862 13.912821180866198 13.906978437898472 13.63337326133171 14.33278227589004 13.658910780112778 13.644333593018352 14.123566256725221 14.100138465459796 14.368552182966022 13.782607395511999 14.217138644474378 13.650780545918462 14.392609079122769 12.772001396481174 13.683146089210544 14.122005304221407 14.039560826494522 13.541693495722022 13.933484912456743 13.862369811274915 14.099555563343518 14.001607539767479 14.07766630816445 14.11417445844855 1.04783895522635 1.044777227481881 0.9713429012358762 0.8917909133357007 1.0363968880778291 0.9558807982730618 0.8943375477038712 0.9946681439825427 0.8688497823093371 1.1173696643789155 0.7388342777135858 0.9159481906115542 1.2414406616060851 1.0595781774245352 0.9435848280476383 0.8955962691157663 0.8852467232471819 0.9447153953587099 0.8022242179419896 0.8550678413339008 0.8555946712073877 0.7824035897123028 0.848654318555326 0.9125500541479301 0.9711518808642728 0.9121881460813348 0.9172146075149479 1.015906446935432 0.6828719290849691 0.9264487831188198 0.8667564648402735 1.0704356733192724 
17.065397529386956 16.403033277727552 16.20003751486761 16.654145307425697 16.183591851802465 16.2612764261861 16.69504448792854 16.868459498355417 17.299913645658716 16.84331443560943 16.90576866627001 16.40581703456925 17.095278926526664 16.58049023479568 16.66624487574592 16.791681797038326 17.218104024664008 17.372027042937894 16.46505067976946 16.567979311917043 16.987921873627496 16.288381564337733 16.87776297169971 16.61406902128503 16.841612027988326 17.09312847290643 16.46634679902857 16.61309907780498 16.972372265125966 16.712744319087832 17.105217877848848 16.95770687540907 16.846602798555033 16.7695736629184 16.92102532531209 16.174686261125558 16.955922035486164 16.687551748499907 16.61519696912932 16.5894342134217 16.17725801440609 17.5755433475387 16.540904747130753 16.16196347915287 16.143901062336973 16.792135130098625 17.14965181197998 17.118995828707966 16.980682695023194 16.918674666666394 16.402131436004883 16.65888119556424 16.913328251677708 16.791064580179157 16.848088160843048 16.837178089526045 16.968121131725653 16.149382365990245 17.559168367847935 16.55539860933973 16.540741597565727 16.74634695175915 16.256608999309226 15.897922302832411 16.160075359658787 16.83617599252647 16.54666986446478 16.683220514953298 16.606161483328663 16.727622538233796 16.34440809460892 16.34467945217774 16.6694780215073 16.92898499622187 17.101059367511365 16.3332839027491 16.761153105621833 16.44362545539566 16.115283710198423 17.202081252335482 16.309442465032987 16.353519966391577 16.814659091246003 16.978756904883703 16.27921001267569 16.633729693173745 16.467835729362015 16.738896633554504 17.671308595076002 16.32245103769409 16.439408943721915 16.812299773407204 17.05694107172423 16.329796892176518 16.983161689940843 16.519875125683605 16.403218389127186 16.02521867884509 16.4855904496859 16.590914309503187 16.530463631709416 16.530385207059744 16.287632170513724 16.58740129813043 16.56380940847967 16.540682634814342 16.45368886839805 16.857952499469324 16.40002644975238 16.590586134077792 16.448791253867277 16.48177961881353 16.52102263068406 16.9278502061001 16.85637649793069 17.073328815680316 16.53758486394392 16.726893266376983 16.33046689401875 16.5746816555213 16.63219558845593 16.344693222922636 17.021416233257384 16.320799757832937 16.28400799646161 16.83257373751084 16.749242253354822 17.114115590320246 16.432935196987774 16.949285532110835 16.30754969829297 17.09261839167103 15.409141785286225 16.32716315631515 16.848513352589723 16.706692379520888 16.265134096667776 16.590213960755577 16.539868027682314 16.82893550804575 16.72823432492367 16.778264000509523 16.822419261900333 1.1670472205497862 1.0348550736104727 0.997960465092903 0.7080143408985349 1.0346608396179517 0.9398968645097829 0.9281612764167052 0.9258216209638025 0.9630672262007728 1.11332343842645 0.6906966099857017 0.968826048598237 1.1754007849291341 1.0290878536474055 1.1150972145269984 0.8634462669906592 0.9223592812298353 1.0920656754601887 0.9228176366136519 0.9860101256427476 0.8372642103545164 0.8890612878132046 1.0194886379447659 0.9221220862960512 1.0366911386310675 0.9362222931014837 0.8791735805690898 0.8529441639586038 0.8277339820931626 0.8601777620602349 0.8351686956929745 1.015687584113876 0.9593775232568986 
15.142683183754608 14.52244884072002 14.323351537324154 14.761783399414618 14.303683026911006 14.433747605101322 14.773423714043236 14.946730401118735 15.340313942851644 14.915973383563038 14.980792168115942 14.504248522854626 15.213949842676293 14.677681067300092 14.748236352972164 14.88370558143416 15.240518865002178 15.421315975906515 14.585497553664338 14.630234349077522 15.098273745352714 14.414661982086766 14.96210592976221 14.71122057281557 14.9287914233601 15.164055433260478 14.619672745502935 14.70973344490765 15.054456193852985 14.80929477654585 15.167173720971984 15.04572906909178 14.954181032341424 14.800566718622047 15.009855464101708 14.331652510867537 15.10666912539089 14.744223618481229 14.7238594253776 14.67508997449892 14.31301578518815 15.59367010114541 14.656189234564106 14.287433634173862 14.274251648559664 14.872824214074996 15.20748912291842 15.221352118418626 15.038232683445399 15.002564101614952 14.507794159674974 14.756264763284381 14.965693861001487 14.906321581887518 14.954521645523371 14.938086802030565 15.075156513110262 14.291172095937258 15.622078569594851 14.644541834168974 14.695642372598611 14.819904003667906 14.363100428941184 14.033324719124543 14.288173106883985 14.959974150685214 14.683773350595837 14.778462524260899 14.691385010928673 14.80858923292315 14.429224818330008 14.46487804126935 14.763165946227566 14.998333613068521 15.206090043880273 14.418394195072379 14.859909464851324 14.557103851846174 14.271624880967638 15.296290778489364 14.438251744172568 14.471352195390663 14.872249036944782 15.063716765191757 14.416347730671125 14.728576232008317 14.577969554346444 14.858364704004416 15.717911344874489 14.425027590512627 14.578987873069586 14.945384392614914 15.13211774269282 14.510646334487452 15.0465877449315 14.596395415978831 14.504403598339136 14.181479146848126 14.60152183916322 14.69578268636993 14.681445468463458 14.626550311862895 14.432064382030047 14.68718530573009 14.67474216784205 14.632862904895335 14.55147873085201 14.953935361178223 14.49769427268389 14.70932831580958 14.564746304147244 14.623083106615143 14.622727341049043 15.012998730838657 14.955777983267875 15.15746548931748 14.605385125170258 14.806160481075144 14.453167967359489 14.687023555882666 14.698013534048483 14.444820769328432 15.097933555454327 14.440517290055384 14.415755225698032 14.916686295088176 14.849609858682427 15.14633115803244 14.56745635740861 15.040419080751542 14.45312053311331 15.173989681003928 13.594080958999212 14.478632142084516 14.920769208292581 14.779188139748978 14.350575187924852 14.695548297800338 14.618831174673772 14.91707704011094 14.814326407741309 14.89927478768891 14.89205225080323 1.0495482590369232 0.9581308226814793 0.883749741292127 0.7538040940118687 0.955923768597799 0.8554598949255307 0.882691549110243 0.8926733709714053 0.8711239042200367 1.0183585282369922 0.6079394252470737 0.8570400485913104 1.151052131866409 0.962393406139946 0.9664345976637148 0.7901275198443026 0.8294917498951152 0.9286251327877669 0.745825069558144 0.8413605897558504 0.7809579304266753 0.7859921252610815 0.8502941263100645 0.8525482725868061 0.9372684750293807 0.8533343367446398 0.8856213816219081 0.880133641386254 0.6690261847149569 0.8120866314435126 0.7693385072401527 0.9516475569754006 0.7717691365348639 0.8205191733684154 
14.063083628037484 13.443128546139366 13.264679765402551 13.683101335332235 13.219881974584757 13.311075606409755 13.689311210289898 13.881900394928646 14.279647659728823 13.848194642757282 13.921992701634752 13.432731676319321 14.084593583249237 13.598486001260271 13.678913302596959 13.816924277114088 14.199909855283934 14.356858053031686 13.527133304862138 13.608631088086515 13.983608294199158 13.338622251631506 13.879750470139959 13.645445506322016 13.858710160498756 14.11361830276756 13.542875737036825 13.625488890898847 13.974498545244014 13.742567609990738 14.083262879574344 13.969166660596551 13.839529565243282 13.771249805606208 13.932329444936437 13.250088117185099 13.972970300562487 13.682237359095026 13.622865494701657 13.640318188488564 13.246549033317011 14.522165548097764 13.589189753707377 13.225151180496677 13.192625866844786 13.778068349091793 14.162283658822643 14.132844695267814 13.951177970825938 13.943974969442516 13.451840710309174 13.685349158872436 13.892506328660366 13.81730114147434 13.860859816887809 13.866311086429835 13.968605529543275 13.210358467178189 14.518360978314544 13.597579836949587 13.612559122053483 13.760898074702721 13.311359441727141 12.995181190468449 13.212274599763294 13.855067554332239 13.593222660030724 13.706849998770252 13.672628283283727 13.763093515843732 13.382208185563693 13.37007745389905 13.691172885583708 13.957738146936816 14.08970766776343 13.399935766249444 13.791775335555391 13.486307898734362 13.168717429020178 14.21069546222162 13.378498547725817 13.399593309076085 13.818767703640967 14.006008003848411 13.344066365420888 13.670659038895675 13.52802908682705 13.780136996179245 14.640092028568782 13.354936226347224 13.48858169180573 13.824037518097382 14.061099588829778 13.41073283590967 13.991202183006854 13.5640837257364 13.454648414667371 13.128721619940688 13.549375630511706 13.633381089095568 13.551283910230413 13.553052022401069 13.347148403931536 13.622001230736965 13.616936676497719 13.559809421460287 13.473009710741946 13.867718858389766 13.438638664157622 13.62349345782722 13.498707655080407 13.53833023817033 13.5365738591128 13.932642042177182 13.890781843961346 14.080088227896649 13.538327669052123 13.73178828644358 13.376465314215967 13.614892659761113 13.64913514018314 13.388852662128068 14.027193380764562 13.3751610891981 13.348767577052314 13.846305857235986 13.760787548483831 14.127943067367713 13.45976462910042 13.95182527448039 13.338429643552773 14.088327798357 12.53466622879335 13.390229788204293 13.844191364315154 13.716254579821761 13.292001401218979 13.612017349604962 13.579900673419253 13.840349981798804 13.759178610796205 13.811266304192225 13.824791979381375 1.2009258114556922 1.1840806756876932 1.1167128868252212 1.107064943231752 1.2042194931896335 1.1711736750055495 1.1759616295708533 1.1662532131666614 1.0497463642159788 1.3061421416404437 0.9501907048891207 1.0780279357229021 1.5309847161758372 1.2448882313513616 1.1551752314208308 1.0455913190383388 1.1256916730389301 1.02618930238566 1.0134891708542821 0.9644570224890935 1.0351690564780163 0.947463292515722 1.025367583592241 1.1203082804487794 1.2127410425524026 1.0814120491608623 1.1266279061961857 1.1807810411953779 0.8787432807227733 1.0900675939704176 1.0221782061409348 1.3619226785467593 0.9607145335457237 1.1484102407566301 0.965267892594846 
16.882532748057717 16.228242157868557 16.036244778839595 16.48281067260755 15.934460544493403 16.07861875524615 16.44952600951668 16.69688388740118 17.061725749546067 16.634762308219628 16.693477547081343 16.186834597380702 16.92826295152969 16.38098326006793 16.45707449095597 16.615763790131314 16.993569468419615 17.188865386816826 16.304672821978382 16.336729991183148 16.784799312300823 16.098039651661765 16.682290857724134 16.416759229637023 16.655036370044844 16.95398952004828 16.330132712947286 16.412386601305176 16.796139640302233 16.56314026473288 16.86560731785951 16.787624390367583 16.647822006118552 16.5413092854577 16.731235140243538 16.019094725600294 16.792941471752304 16.49126010833683 16.43947826548662 16.361763944893873 15.966350963275804 17.37975177781584 16.367440291444435 15.923594809663498 15.881395358467907 16.520166091668912 17.00990573527644 16.95371108364338 16.7234445106682 16.76257343194139 16.220501063146237 16.443707754477618 16.682601139531645 16.631819414292732 16.67675795492098 16.650998694581737 16.818256798423775 15.964043648533051 17.384959652710627 16.38071906495947 16.36982314349955 16.525362605547617 16.045577958690263 15.687585676014969 15.948345529729671 16.693804954712284 16.380758631579177 16.49315070340048 16.40750535836744 16.56535069617511 16.10861665700126 16.11086164030035 16.4720230372368 16.765368903972643 16.9454553316495 16.150337547787615 16.58545121950712 16.26636661780774 15.895391411771769 17.070150949233646 16.142968536870654 16.152403653907193 16.585901775943427 16.835592423195298 16.092417173170332 16.43389689886597 16.33228144093246 16.57835473796751 17.526412198275704 16.09629957304163 16.2703755449688 16.632211871056576 16.857334264351753 16.19126905593059 16.77002580613327 16.340391593596603 16.220695932166397 15.838243234782302 16.330763747740384 16.353657401006153 16.345857531937288 16.28166846053177 16.09086931054873 16.419109434370753 16.40717259886509 16.28389031855514 16.24193216985724 16.65936498648344 16.245291578693706 16.405881951576376 16.257155771335643 16.28889637351733 16.323093404973942 16.771136141136253 16.68540443762092 16.897410206623018 16.24317626381077 16.487671913035793 16.143757799305344 16.410605279720723 16.38651272520762 16.07700705693564 16.838737435773268 16.111344865296527 16.06475855497375 16.676822842821274 16.588635233029883 16.93291900713307 16.241168762945403 16.708520293246778 16.114292318590238 16.903605052124128 15.191845332403906 16.125301250023547 16.605354439659813 16.51236013325235 16.006440518454482 16.382548806498264 16.32193493078662 16.593414193776905 16.50416658818961 16.616443301957162 16.60133213059938 1.080666616484293 0.990125363500959 0.9693482453639551 0.6910730755490488 0.9829216177451074 0.8680914195368471 0.8634580227334778 0.9002627123365459 0.8997332433440477 1.0074442125920315 0.6793991905543972 0.8985480095561955 1.1248489958454764 0.9872292047076072 1.035516386564184 0.8419781809120612 0.913069338685925 1.0313843471037911 0.850251671966236 0.9110996279428749 0.832960158066819 0.8330153059806593 0.9188121207084233 0.835286604060301 0.9939277247517063 0.8994129433080396 0.8336070148771685 0.8605543511327847 0.7994519435481573 0.8233056329662511 0.797477882428319 0.9856178263488103 0.897915100954068 0.8204666625073239 0.8045304283499018 1.0931976816764422 
15.033570055076806 14.484277553530328 14.34835856392772 14.721070161873664 14.244083659406835 14.320041129566734 14.686033554247956 14.925943662089184 15.257967608393315 14.85130299081684 14.883868737150854 14.429185871709887 15.144261565397345 14.609845812494486 14.654467304838327 14.806756385107384 15.159963016759686 15.379127536840912 14.493068709425696 14.596972360554656 14.940146650877608 14.375323846629943 14.880820341277685 14.648533677557138 14.865311612258218 15.139147463254083 14.52432598121314 14.659270240796314 14.997449321812617 14.78317712945366 15.068798851295089 14.988856870696361 14.838492313603918 14.787688180557096 14.896017620181723 14.283145431716157 14.961158429490816 14.721526476920445 14.714625171934259 14.583096989210093 14.214758140325607 15.52899872270245 14.566919325798988 14.210704492247423 14.148070722192154 14.747543701277625 15.199751625736003 15.139012121454101 14.93630953064853 15.027693563517635 14.434446202439014 14.664883680800688 14.912010637452083 14.873981152110607 14.864064787691653 14.843913026376962 15.011681465946234 14.217272271157523 15.531981070737512 14.613620807277425 14.552142501164887 14.748656607982063 14.339308341569543 13.96107613314998 14.215128115997231 14.925187688830656 14.620749106764311 14.745314645151447 14.63666955142239 14.811739485382452 14.363010678843088 14.38606406844319 14.687657705068085 14.992053996973416 15.163692161984248 14.407251363004109 14.815752202490502 14.53542484521248 14.173881643121504 15.258367986465045 14.434512227651844 14.447727956870745 14.796545625530715 15.060025618063344 14.313995112102914 14.663318561126946 14.590598385268766 14.724563901256099 15.653821562559687 14.344590815875542 14.467483247070836 14.888060737114419 15.048955508994132 14.410831801235943 14.971306029688092 14.550740229720464 14.443158486418525 14.090674438121559 14.555128309820734 14.566776078569436 14.585936935099259 14.497280473907262 14.388511185395869 14.639223467119544 14.675594322893916 14.562213205081687 14.505837063629194 14.85624790938393 14.476781638217538 14.649299406819262 14.512747531020457 14.53136873367506 14.57733934027651 15.011746517346642 14.88456107394097 15.036891282388613 14.498416756534844 14.696765901697315 14.386170121315716 14.628310493189852 14.619608396828006 14.331227120122495 15.045975526443337 14.37389562566599 14.331825260907264 14.858917496331388 14.838470247240549 15.108879950161565 14.490709733465001 14.890411166187926 14.358237350278115 15.101718580756938 13.483870071827452 14.379002275941753 14.823855226235436 14.78166401401567 14.251340039827822 14.639258991431468 14.588870174871653 14.776038806155347 14.696765489121194 14.785449122271526 14.837695717334686 1.1882323886232056 1.1524654490574637 1.1832281842202657 0.9656504377689465 1.165106143623568 1.0792995666215628 1.005918645757073 1.154455417334364 1.0210486531248333 1.2142963560312698 0.8686988928685075 1.0760356811083223 1.3272854042547688 1.2112649365428347 1.093281472258453 1.051994048486978 1.0389655160634352 1.1646308882471457 0.9730473812432056 1.0460817935960733 0.9979828881620673 0.9479403914267975 1.0361126588835645 1.0330707799865595 1.1084575533503518 1.052842612982094 1.038000478828437 1.1083340542981013 0.8528510307900622 1.0674095681549567 1.006622669895014 1.1810740758381404 0.9587357494760116 1.0623766899615514 0.9311962878838693 1.157030326833098 0.9972397594124683 
14.885812332593396 14.32669362567477 14.171180683804556 14.597788969261055 14.047315212314253 14.164616356196065 14.523030176809275 14.780359253963812 15.139528412994398 14.68701877445776 14.745532177072455 14.270727967998193 15.00901471069622 14.458729671016654 14.503967125130327 14.673471380172971 15.026229170584502 15.225748238281163 14.34019849099498 14.44365008137135 14.804027520196493 14.216180596611201 14.741284798074803 14.497310303096414 14.714757520245353 15.045385857112867 14.387975793811465 14.508076140587676 14.868883634130754 14.638840494579249 14.931394033691149 14.863890354208385 14.69740806466266 14.619951699491105 14.75476486531834 14.124275130499598 14.85617121269126 14.550548049885574 14.551579233267896 14.423632975982018 14.055840389508667 15.398749073585456 14.438490728502975 14.03964099040151 13.965797511513019 14.594527290726766 15.079483227919287 15.021637168185284 14.771631921426938 14.899662085404742 14.294906837086373 14.516464606902684 14.755449281296842 14.743396369773947 14.729054612520628 14.716838872510813 14.876268728562792 14.055870095109778 15.404406279114761 14.453574251396402 14.443490007892967 14.602240668587843 14.176786250838584 13.820021201857793 14.043912615246967 14.77675406224593 14.482688628669031 14.61809389085233 14.53712487104844 14.687496243342418 14.201122508232867 14.219430519119173 14.550871011297973 14.862238621081191 15.027202015719615 14.24852221215724 14.680690598647564 14.387064998107538 14.005377518375669 15.13652202527253 14.303599779870925 14.296036097510235 14.656352850936328 14.924511728763198 14.168325369590722 14.514558659982438 14.460778275454972 14.588790345732304 15.55494090832706 14.185856385629847 14.324351361665451 14.75736606782554 14.924894276906244 14.270810135588425 14.847256111237115 14.37837083549701 14.30847517024759 13.947376789673326 14.399090058203694 14.42173164838866 14.449334012041271 14.34462985975193 14.22541822416369 14.493868378963775 14.54274980776035 14.402041637673927 14.343593531859236 14.734791591028221 14.305507074991876 14.50366717463711 14.369621624155354 14.379561165628967 14.427193800027407 14.863664693140546 14.74871322820972 14.911525447996347 14.317473667818053 14.545487707788629 14.238008139433626 14.492836064727932 14.460094635841958 14.163418296977227 14.923850200344427 14.208528555666009 14.187084318481856 14.71805145264835 14.692476431290736 14.971460569632134 14.337150563847926 14.760732756271446 14.197806991090282 14.976510857419404 13.281286425963984 14.22958821610362 14.674683687042368 14.624684392016006 14.074520057000305 14.495084035364304 14.429714462987434 14.643699646063137 14.554944960893614 14.650221415929034 14.682476431997152 1.078584032050363 1.1049672583261707 1.0425207217052626 0.9271614230611547 1.0913803633731007 1.0024219964084888 0.9149278373415277 1.041158726648492 0.9008795188783346 1.1511747619100101 0.8271885435581334 0.9647609449683593 1.2808487121304293 1.1115377818063252 0.9907965747148667 0.9698728914417271 0.9602767908585267 1.0059917128812657 0.8763494045561684 0.901470246632651 0.9233096493749798 0.824186460346374 0.8905536624377506 0.9401533573020743 1.0274063405582896 0.9702998230537684 0.9278480488365783 1.071265446502898 0.7704018360037385 0.9777635543509925 0.9289950447188181 1.1389786415880538 0.8518352650521552 1.0229211509294405 0.8791855996865159 1.0322574846875927 0.9148160931025741 1.0176979248146754 
15.984441930684678 15.379548712719782 15.210732925687104 15.651700067626466 15.12177101410122 15.200136089333402 15.617971498724415 15.851146399900399 16.250952373775327 15.780988883536144 15.836261187002538 15.352703515563174 16.054253688219447 15.534965617898347 15.594285100098713 15.747629435232673 16.150566403740964 16.32114884916368 15.405359197608401 15.54471096298055 15.884155976168854 15.264464695383312 15.823064309284563 15.573471769677024 15.792224862053038 16.11344517583319 15.423944578540208 15.583274713789692 15.939667649683159 15.70180589834113 16.03434921527396 15.930499950002702 15.77064789099216 15.735810356366775 15.84403846923281 15.152770614642234 15.895174019723477 15.6520951989187 15.604818250977507 15.520579766526374 15.118862746583055 16.514438540806395 15.503000766323744 15.109149611098342 15.049540450104953 15.699600953541566 16.153915484205125 16.082353486986147 15.887645915014462 15.948029730531513 15.369199910100443 15.601078713188276 15.858464476812012 15.786651758398564 15.796075964239233 15.78367322626236 15.931472192736315 15.104196379167945 16.496284378628776 15.525825658898276 15.487378230767224 15.698880381835192 15.23820477297767 14.880400255570178 15.108144953009353 15.811080622670527 15.526680256040216 15.681607069071713 15.6127687363126 15.748088269735103 15.29992357467305 15.29113364096141 15.622831394681342 15.931235740584972 16.076350846773742 15.326723648202409 15.744840751348493 15.439085357335706 15.057290901083709 16.182280616516078 15.34007095963535 15.356780776516372 15.761633813037406 15.98512564908721 15.232784279882674 15.593470513021412 15.501826305643528 15.659011636296729 16.640884367498753 15.26891878860008 15.375917277223671 15.793872576158916 16.008543260638277 15.289287145140596 15.94010914384538 15.470645298918654 15.379798807544136 14.992777313480738 15.455920286588771 15.505379880042383 15.484905364561875 15.441614312861187 15.267875818372199 15.562013253090797 15.585052143619905 15.483957873473459 15.41867329279353 15.809535503107412 15.377652507112204 15.553961099979222 15.42682704368988 15.429011603793398 15.492817440752717 15.925649261021912 15.813586216707407 15.998157974847375 15.438701413018387 15.645461610455365 15.295596684108165 15.553591103329165 15.567534960658257 15.254100477608988 15.997055539161595 15.276167745991874 15.248561209198456 15.793959257418079 15.74323386104936 16.085306946756354 15.388998080622104 15.855913526184684 15.247093054422738 16.050302258592716 14.331114286150436 15.27108590692579 15.773946898642372 15.699678721329015 15.180744370005172 15.56176528186107 15.512765605890753 15.746662379629853 15.653826971900235 15.713993958731322 15.772410184281185 1.2677255536765162 1.2453151275467296 1.201666580979336 1.0076413484986995 1.2387803523004202 1.169153792442119 1.0793201791940097 1.1633186036726586 1.0746010250430136 1.3280265471461008 0.9694405431984591 1.1387996497224564 1.418157887184219 1.256436345906496 1.196420401388081 1.0990400715906443 1.124141029153407 1.193909585531388 1.0937299377660636 1.0901988543291865 1.0540397094131357 0.9951767944381947 1.108836290703376 1.1003460306815636 1.2043584661336546 1.1184162129566713 1.0489089877437718 1.1451413767566592 0.9610089875933004 1.106374381185203 1.0571609429883377 1.2927462209588818 1.0695265260074007 1.1056917411216485 1.061500305172565 1.2385239896260667 1.043863650312632 1.2101273865286628 1.0886246008372442 
15.466074870021501 14.846933353541278 14.64846251057373 15.055063341513515 14.620280526211923 14.753622947074998 15.085834971082916 15.287789172252088 15.675832745192912 15.264537648773482 15.328692524323042 14.808939003613888 15.544292275350598 14.985872513791348 15.068834291798549 15.228290270828042 15.578806008571323 15.791749938041246 14.95116911586791 14.98637079876391 15.439901498472528 14.736825062807572 15.290903373860628 15.044892669236212 15.274556849846688 15.504754244311876 14.988544882335482 15.0191217233464 15.389738288680029 15.144410609767906 15.49477174983292 15.394526213848852 15.260195595889403 15.109899321562832 15.336289467824358 14.694724124872991 15.427677973598358 15.017479654742802 14.999963083346234 15.046615499202172 14.623157871711884 15.928019279134535 14.975792687981933 14.620037748308043 14.597501626787459 15.189177537290275 15.540903256730779 15.567312246791447 15.363188135126169 15.343977295279046 14.83571484945984 15.117464478334083 15.275508046029978 15.250170710534542 15.269388620415274 15.306735804074737 15.37176229648507 14.612133844948247 15.972641209707998 14.985820727159393 15.05794207685618 15.170980913636098 14.69800889991093 14.370851520297455 14.613717649812157 15.311033385233701 15.022143757439919 15.080431410209432 15.009478532554585 15.137556318527555 14.742801066936718 14.753292579964631 15.097100552463049 15.371703421727295 15.520543933024907 14.744034919509787 15.18920659877138 14.88696487132047 14.60533978738698 15.671476654022483 14.75636129315279 14.795594697312493 15.204574181301096 15.407525751147798 14.76418172246534 15.056452641156774 14.888641914356985 15.20093019834493 16.07161092639067 14.731382015316042 14.920880469961743 15.259240253204595 15.470224374036752 14.856787625675052 15.391041916484408 14.929483645723934 14.818781258501648 14.491626443543351 14.97075606092282 15.075048437572923 14.986826874090507 14.959589114015753 14.750147000243475 15.009895608459265 15.015587415489941 14.96157725822466 14.840051543323932 15.26870461795033 14.808536740269638 15.046762439083814 14.923523991792667 14.994178041974761 14.929595630740716 15.302462329590632 15.32466008312235 15.506703702105948 14.89283195722119 15.120922097989334 14.767540983727063 15.017242152522607 15.018316572251754 14.75661917526972 15.44401367201979 14.784568512518247 14.767021746195974 15.2394164798215 15.162939554297461 15.490301694415706 14.86097386430181 15.391544053967204 14.741056234967733 15.506266403962803 13.939765185210192 14.815568624171963 15.244538537480988 15.09489525404991 14.66019834681687 15.018480981145268 14.988062255818813 15.260926782556416 15.169496924157265 15.239526750392375 15.218272722301375 1.189739768895106 1.1307220788315002 1.03937010506864 0.9467288200834852 1.112011847776136 1.0055697439923323 1.075417142078282 1.0354665409161141 1.0396743158302286 1.1452837669458111 0.8060243041475258 0.9822911685335644 1.376521704377873 1.1221775613747944 1.2032317533225916 0.9185147495492089 1.0435511793883208 1.049419210254617 0.8855846341558702 0.9748059276367336 0.9619378535584324 0.9572578201328894 0.9929106634669101 1.0123352919137787 1.1584125575030344 1.0646948461164223 1.0324429645643818 1.0860368350503373 0.8972921283322806 0.961381476279659 0.9337019029935768 1.1714026301637184 0.9413520688795091 1.0215161296896331 0.8586056303273395 1.1183986901682228 0.9668810207497744 1.1294867507243924 1.0207121754463213 1.2209498768848717 
14.659219991798066 14.032063300644754 13.831986093818493 14.281685130074825 13.813224578750146 13.925714272530861 14.294383863543208 14.467998314763252 14.891729273124026 14.4391877535262 14.52137987152459 14.02762638708087 14.703503616515917 14.194878207402303 14.274943172165257 14.412775023351012 14.793173374760602 14.944800529171767 14.111197603546588 14.189308317070704 14.60876890959205 13.929213397374824 14.482974522550327 14.237677941867549 14.450972764178484 14.706822205876325 14.13713702680734 14.224038429120878 14.57592535113379 14.325225178110061 14.698514358542434 14.570601985542709 14.456762122042594 14.342290314590501 14.53259741093111 13.839952928287333 14.608206096842316 14.256409577820055 14.213329534555156 14.227362852035453 13.839685048034202 15.121939482522821 14.18567391509853 13.819246899263932 13.797617994243666 14.4002887188927 14.740549560077584 14.742486327073955 14.560880657781636 14.529150308739643 14.041167740155865 14.288986354628642 14.489627540853702 14.418866785531838 14.464760243988378 14.47217299974257 14.569869465938261 13.802632805672104 15.132082123475861 14.171664857074717 14.230502262526876 14.359195426824444 13.895095391011704 13.585230940309007 13.805004314134033 14.452769903905232 14.195733012741938 14.30552007071929 14.263861310676857 14.345472002392123 13.969729534835436 13.974825244539353 14.29193221998017 14.539912931257593 14.696899906619288 13.96237434505285 14.385246276264056 14.075679394001767 13.778965889859817 14.809424525234787 13.966554571772539 13.994170448654948 14.416787260610624 14.586226127763272 13.943392506885413 14.260610362139776 14.102691403202883 14.379004480107977 15.245697741876963 13.95146742122057 14.091542771240139 14.443280657435235 14.667189215053687 14.01304155758796 14.593855034638564 14.127594814221975 14.041478040280062 13.717008865271684 14.126623774944004 14.242879664742269 14.174219144502963 14.162864235699283 13.942235051707845 14.207874318044066 14.201985610687165 14.1653557957235 14.065055106038717 14.48043578134701 14.00616111480679 14.224056996982542 14.095450829530808 14.143229093841006 14.135137795178608 14.515688244997918 14.485689487084157 14.685371483993597 14.139074020086268 14.337083653334053 13.97124913582721 14.208353242209766 14.240761281467437 13.986730422522283 14.629496347095163 13.966390207376278 13.95328499916682 14.432809965024935 14.35218518178437 14.699382467757891 14.065804454823704 14.577571810917192 13.945487443987984 14.69686984671132 13.114346598823406 13.997082782936799 14.452292183374908 14.29920671180473 13.88452907096046 14.216348442404541 14.163740119671639 14.45800235675539 14.360829502934378 14.414052338806968 14.419588135441462 1.3109968988361418 1.279707797481205 1.1608949426700077 1.1513674556411668 1.2791918782544625 1.2202150349402403 1.2358756723366588 1.2068918630505576 1.1413529162880658 1.3795644117436572 0.9903294047873181 1.1496840028244024 1.5703401817640676 1.291986351440289 1.2581900174610552 1.1022642749108333 1.1728937592093842 1.1256372164609316 1.070463535791025 1.065371685191828 1.098619537245852 1.0422657984602366 1.1106084734752117 1.1895411361338208 1.2777555565823615 1.1629844463104215 1.1930405365437575 1.2417900491545948 0.9651048643860827 1.1414600971965068 1.0901057822741675 1.3814414545793317 1.0478205641726899 1.1932230200254037 1.0171515719233941 1.1875841679020043 1.1564849161812563 1.2575962164201169 1.1319456307925766 1.330567129092078 1.1661558200021667 
16.440640711586063 15.858189322749219 15.69098703888527 16.12223466342161 15.620855077095941 15.691021929532404 16.110773701852352 16.323761296620145 16.723937260166444 16.256575624366366 16.311432142169174 15.828479096383052 16.553277040560822 16.009534420189713 16.067392394307916 16.213157245129825 16.612027763561848 16.79392558933969 15.863675159064694 16.006808198016962 16.36770631489227 15.75188013599432 16.298423054124036 16.04449024194428 16.266286043777217 16.55877179800877 15.888760620709965 16.058349648692793 16.41589904693737 16.16161728374847 16.519125129039608 16.404134000945422 16.255946871515533 16.199091773438255 16.306949307485375 15.635245569008466 16.379983774911594 16.110197880814525 16.090509321581074 15.98670767250003 15.593538020311508 16.982494923632675 15.962119667276179 15.595969157774102 15.53990813048501 16.194147260383115 16.604930731993946 16.556268489582465 16.37537917008163 16.42649984753861 15.823410584851496 16.075192539593388 16.340869735600343 16.269146838572503 16.266818985490353 16.262519429372947 16.40676377594901 15.585214728361898 16.967781460634647 15.991400835594163 15.955677007349042 16.168044399585003 15.724068302881625 15.341941454419272 15.590629269200244 16.304240560965994 16.00195459789739 16.15502155925347 16.06119161426865 16.211440635435434 15.762293450460549 15.780667693510274 16.102379836689195 16.39758756862353 16.565536923907093 15.777216016672458 16.213648704972034 15.916576275129158 15.551081580542943 16.664645196718443 15.810304081478675 15.829677484184439 16.230084091922325 16.44571655874294 15.692490039723662 16.060457168859287 15.958833047534467 16.115786820836934 17.098966990942 15.743885558594904 15.850704938371333 16.293438963179845 16.482995465839796 15.766446787969755 16.411132668986443 15.920645221029567 15.836063554950886 15.45583190265024 15.918943448247763 15.990959432014654 15.984820631769752 15.921268765743278 15.756681715581639 16.023461760822027 16.057234187983376 15.98507001017413 15.898447295156434 16.28439808481075 15.82970125241274 16.04463926531702 15.906041763915436 15.916938018213642 15.976381045306544 16.396534056173227 16.28633499524748 16.459595330633526 15.926706718216742 16.1243334813915 15.770717528969575 16.015030287128813 16.039503419366646 15.745984378119878 16.472174352902087 15.75430085571832 15.72786027643233 16.2519204662042 16.226150281675586 16.52157366574845 15.876200932905967 16.33969893650892 15.737497101855322 16.53163427810074 14.807951491521067 15.76666007076823 16.259576524508045 16.178553491829316 15.656871949413093 16.04575630786908 15.989901248207493 16.213661481394336 16.117519173652447 16.178337361216016 16.255737212545416 1.2104244306724108 1.159746499922966 1.120146394744281 0.8626652741390132 1.146910382225082 1.041455072546038 0.9539837738450877 1.057136398243238 1.0058954995104632 1.2155793511837294 0.825962948204958 1.058104892046283 1.2638423063499749 1.1466904577815735 1.1329661395144839 1.0055101303177172 0.9912746033931003 1.1754764773862227 0.9820598395639708 1.0570786007831896 0.9460057763444764 0.9401174687474371 1.0533832707384907 1.0056589891283698 1.086876683340022 1.0361307314461063 0.9508128859757464 1.0250048559898115 0.8800144119890944 0.9997734534846854 0.9733367596019733 1.1150532758511003 0.9953657708562405 0.9650483458533504 0.9308273660790756 1.1996676854991275 0.9351486255677192 1.1127775136653948 1.0348383192903499 1.172839969695534 1.1117307101629217 1.2643674699839467 
16.65007632986424 15.983520254808125 15.782549636011373 16.24347722028984 15.73995765582421 15.839009416874278 16.254377183500914 16.44653980114993 16.864290282869376 16.41082464972791 16.479900006141346 15.981288770442237 16.663758030046488 16.158430594073636 16.24336269697116 16.375894129411368 16.790833738406427 16.940186948300536 16.056828685026847 16.138928440917805 16.55816456563904 15.865311819343875 16.452647799965078 16.19173582867127 16.41768611918228 16.690728737503157 16.06273745380381 16.186959613025536 16.550150992928906 16.301914490370667 16.665184052277606 16.5368259896945 16.419741011209506 16.34198968486126 16.504807648443204 15.757173629754508 16.540329579901282 16.270598424739998 16.19286991267981 16.162299221888567 15.761865953496327 17.145613773688357 16.135110963123267 15.730005123400268 15.705388038781683 16.344030094617217 16.74504584287923 16.70090626667451 16.53322694206473 16.49904119961894 15.993067935098265 16.227194640159947 16.47632066650994 16.36937866168741 16.43336195860083 16.413617638659936 16.55608593342587 15.732431743709325 17.129690122120113 16.140204005373047 16.132165278562972 16.31465581151571 15.828674702652306 15.485628456335283 15.733734057725844 16.41240430388005 16.12944841640717 16.26485766925783 16.203660926220344 16.316463528282885 15.91968429464072 15.912269240601667 16.245857738185915 16.50969150841137 16.67680282885672 15.926548793087184 16.34464826466818 16.023156692001795 15.680927914371388 16.78263971159211 15.89906085520733 15.927661867537065 16.385159570789607 16.567744455032255 15.865074452415802 16.2147551869951 16.069198820426184 16.334285336213934 17.256452471756866 15.896934683046545 16.025825757652896 16.382653280199857 16.63236345980811 15.9243720136385 16.556449197814736 16.110817584970526 15.996607344971805 15.624484101073511 16.074219266663114 16.15523987836455 16.103888650213285 16.096236937939246 15.862594153874811 16.1761688433164 16.150092796772064 16.09558556713738 16.02847812511204 16.437178211135787 15.993822843743308 16.165038716364673 16.023415657288616 16.053279162214963 16.09463303833962 16.514234073879326 16.43713142193163 16.658150661120043 16.092889515757083 16.295222466175094 15.914313095055412 16.164010607933818 16.20106595186797 15.910773475559411 16.597333523328462 15.894087094011443 15.856305068990112 16.423668939633085 16.328559422507322 16.70471407806998 16.010375876236214 16.51180163183822 15.885796450931085 16.66650014425234 14.990977831163079 15.902413205736886 16.410566304626634 16.279031912431936 15.832024205246386 16.160359370891864 16.106332576992312 16.39861444603959 16.302994263191646 16.367916761250594 16.388692947584655 1.4004433916299677 1.3014677515476016 1.2551786072997415 1.0351576593678358 1.3068261579484688 1.2295130963686716 1.2185451984451527 1.2147828314260576 1.2083996447823468 1.3894213078856874 0.997160869577758 1.2257013538488384 1.4919406244104558 1.3117366943069373 1.3426929153670324 1.146928675350625 1.213927772637589 1.2989690066913202 1.187434106320727 1.2014714473784938 1.1239748844264814 1.1267491173550985 1.2433575800838739 1.1922789001687684 1.3120570030378993 1.1953115821016 1.1661504650594072 1.162680242416895 1.0747199212878955 1.1461934964215472 1.1085172534210965 1.3420965514193908 1.1961812240464698 1.1245514667561884 1.1040891862147413 1.362256060584786 1.106794769888551 1.3194143627614074 1.245461966071304 1.356012934203113 1.2899885463128404 1.4294461429807752 1.255761965965888 
15.970614441076053 15.390651919201346 15.222226045199614 15.616648127079825 15.158192450485146 15.250995727518562 15.618779034219527 15.845005252785883 16.218104500311735 15.792558711506157 15.833568579533694 15.341344549996473 16.085888699047583 15.523755992355492 15.583079338411629 15.744379695713178 16.10758042125622 16.33064284502588 15.4316029098335 15.530566261665202 15.915849136579007 15.279256340542124 15.818585446674494 15.57439921584433 15.800003019861522 16.06486966079957 15.4654314577419 15.57459675189596 15.931419901300421 15.69363385671839 16.0260111374921 15.930371956934737 15.776115342603184 15.684412023932577 15.83542554182268 15.208485669058962 15.917871032981333 15.59552128185457 15.588577773238203 15.537617102775352 15.123710803214333 16.47764499886124 15.486308315623813 15.135133958854594 15.087541276339683 15.70725273733848 16.106140749176813 16.087512382713687 15.891601377241152 15.932928957114916 15.354289620039077 15.62618713737171 15.83517829062556 15.802029875524758 15.78970066989017 15.80570340407696 15.916416487648505 15.125912912865914 16.50099572873647 15.521792192953715 15.518926997655452 15.699972530622263 15.24686783872886 14.881068352808041 15.13260764208888 15.851836901522018 15.549682547539101 15.648953810482006 15.547844314941823 15.712289689459439 15.278527739817868 15.294237382569808 15.621276368840936 15.925732738176038 16.08197212662539 15.292908082434034 15.734136468744099 15.44350300486962 15.112855078443564 16.20587046429096 15.32575561193064 15.360918758006733 15.73797743400341 15.970361589799134 15.2569106643614 15.583938558029645 15.464229740887689 15.668814569281347 16.611433479367943 15.260293429183633 15.406197606479333 15.813945596777197 15.995713655535413 15.339315613385548 15.920727535890649 15.451761738586342 15.348590463085053 14.987591343502533 15.481620634226735 15.54730344473616 15.513337504068481 15.453091943429934 15.292955301604827 15.54794083157788 15.580698867443454 15.498770358635158 15.39953669795592 15.792839062275451 15.359161588623243 15.576185082987056 15.45153111585673 15.48788852249336 15.486526004882815 15.889404064268147 15.833156884551393 15.99621048643107 15.420480406255361 15.63527795072942 15.295601830357969 15.548227096710002 15.547210042166578 15.25516839373341 15.987876592419363 15.302594202223117 15.277511106048156 15.772542027792733 15.73690634868119 16.031830553835096 15.397278551824632 15.875792232780112 15.26299643168067 16.043017307259483 14.399657545076318 15.311761908352974 15.769493420425885 15.679492405175845 15.174523767294152 15.565991422565638 15.527797835226288 15.751083436694614 15.659004199072305 15.728073187426872 15.76446625210291 1.1214079019747718 1.0669333982765377 1.0336624685401283 0.8153507618143152 1.0484987854109593 0.9367264647886023 0.9122560886102619 0.981181281959372 0.9477051516620366 1.0867625783686807 0.7367206362478537 0.9456810650917143 1.2165453599865579 1.0646185151478027 1.089434661932977 0.8872676789737157 0.939965082162039 1.0669836218637125 0.8518633654988633 0.9604902358603564 0.8810741741188522 0.8777985903156037 0.9514949024936978 0.9193504188638167 1.0400968921314426 0.9820537091941534 0.903484275609917 0.9814180577194008 0.8161997469824899 0.9114242609891303 0.8783879567653784 1.047941814331754 0.8939288605063631 0.9179009525411805 0.8237553635317602 1.1012865652405095 0.8665446201861088 1.0326468689401882 0.9510420258139537 1.1182853340110803 0.9723337014496573 1.159514799532069 1.002649425945695 1.20141377289324 
14.258625511416108 13.69909460030569 13.53684389004472 13.940430351237783 13.429110959147136 13.591266237199616 13.86931157983643 14.117791361548866 14.437053985455782 14.039996897101906 14.085604712284153 13.629996345254138 14.382746958723159 13.817854492858181 13.858486938284736 14.028512583728357 14.327566104508913 14.560246816473317 13.735628273081582 13.760386647812584 14.19499888137291 13.584294815882588 14.092617350631718 13.855304266402555 14.070926916335846 14.357397480992068 13.797936059612267 13.863382842348356 14.207638450600056 13.997915095096861 14.259954374286963 14.205942661200991 14.074933821760998 13.923265863366225 14.124676654464158 13.527397868476564 14.2541980169373 13.890010662620925 13.91295125741058 13.778894635616025 13.442726085187344 14.70425667473619 13.806805919048456 13.412643963876542 13.362366469837252 13.942569752542687 14.394052820998022 14.377546669578692 14.114708572220533 14.212150490847511 13.659662420697453 13.879709450522753 14.078262398132134 14.098676959857174 14.101434890599897 14.071931196847244 14.246723719941373 13.449544220257199 14.754613593936778 13.807071844194818 13.839077773664519 13.94179183546375 13.521625625797796 13.18566941519831 13.42960862083146 14.155296388490866 13.865842573338167 13.947802678777181 13.840933278166414 14.00228185395446 13.548713605891548 13.593349908965534 13.89770436272802 14.178936459991462 14.388361291784763 13.58748316384987 14.02849300199513 13.742353334413085 13.413515150109687 14.484181822245738 13.649717153134466 13.653335851463906 13.97887857908144 14.263344933995183 13.566199535403488 13.868356122850566 13.80118171607541 13.987932873825947 14.872414799884956 13.547489695969709 13.726270654664624 14.123917195312673 14.256895565456041 13.698066623318235 14.16475094322638 13.739579216094414 13.658970050479061 13.337640054721504 13.778492356479655 13.78514972217717 13.841529887592548 13.708753169625771 13.607686081984571 13.854715503709288 13.882617495928974 13.739691639024771 13.697337147604323 14.082724911332674 13.681466287603785 13.868240222960763 13.728140679887469 13.772258558300587 13.77963156995521 14.205269855340179 14.10726253674319 14.2752041005886 13.660073436320525 13.895043239135084 13.610377669807656 13.860054178231644 13.793699566151378 13.517657782873522 14.25044046392324 13.584608949739913 13.557402072927669 14.07657637155717 14.041732059075338 14.2838414970512 13.723884944057371 14.117764348750073 13.60052933274207 14.312915032050809 12.7287265970445 13.61982733310333 14.012832627063451 13.949382348905546 13.434502189294813 13.846381304904735 13.761407847120084 14.00342155894514 13.911939564488621 14.043111946424858 14.014840281680808 1.1271983491248272 1.1134523322683179 1.0688377880086641 0.9819040320157033 1.106349603882657 1.0020741661036145 0.9868796124128205 1.0976060827839074 0.9719771026712888 1.1348302509917418 0.8081074377800069 0.9843283042544612 1.306324830474618 1.1407552995015446 1.0228558794831895 0.9812554122099577 0.991278910874395 1.0425473955076054 0.8490311788811419 0.9428484840187248 0.9679503674952794 0.8897416921864338 0.9135215326524133 0.9695410594571778 1.0602597699284657 1.0038425973879057 1.0369286101830821 1.1232705952548712 0.778248830026591 1.0072920958526075 0.9439901268094084 1.1306462666415034 0.8522037628623884 1.0706940603067057 0.8356586396692403 1.055253605453702 0.9641211984732124 1.0219777578071834 0.92719186646739 1.1796447267644259 1.000227177064352 1.143049073487176 1.0992065089926815 1.3008764230335408 0.9651266281685725 
15.247884304288442 14.511898735082594 14.305086490903003 14.70385458744419 14.281866419394921 14.378167769473677 14.781889699274782 14.972079084404827 15.367368212370835 14.990175175698319 15.068157479266263 14.519892768252939 15.131497449699022 14.683993672802762 14.817764463980682 14.945573709124535 15.365931179123208 15.51716488076022 14.715176057710314 14.711240316306583 15.135816640544611 14.387502126723652 14.98886219279974 14.74744111627269 14.986468712532572 15.182836374908707 14.689545218152997 14.680583197190142 15.062891907741177 14.841940569846747 15.17842044278894 15.060588171343692 14.935297653464811 14.882686518103329 15.095776710881083 14.333345479319238 15.040426394746392 14.78427144967926 14.633184247946476 14.811775494996747 14.345430177368304 15.672998091329836 14.695954851902014 14.301296598810758 14.30086716369168 14.862668433813962 15.267622438150863 15.227384602584772 15.074826460997432 14.960017116209368 14.565801089071634 14.805321763487306 14.98054453468448 14.85597417228497 14.967998754064398 14.992419207836232 15.047714832438702 14.297119245404543 15.658216235326801 14.726503767751902 14.727164883130994 14.87291130858853 14.363933316877386 14.06133616006375 14.300019019418771 14.93001874257624 14.65187469986546 14.721625175508098 14.722632661534943 14.804843672514025 14.478036820567945 14.40808610295622 14.787032711165997 15.053623750411873 15.13392645736748 14.509952503065092 14.862924211505854 14.528484690235363 14.225934147715147 15.316040530830502 14.368532972659132 14.409788176984028 14.932233919569146 15.090816763079419 14.462130543704387 14.776057502021787 14.558134046755141 14.973468567709634 15.774077859883333 14.438082220050985 14.620552386469775 14.814449509579157 15.165159834875464 14.510046953519206 15.094620605070224 14.75018604063025 14.54815270384401 14.211546876881027 14.696146618183139 14.781255274398438 14.570585103716882 14.680441246326438 14.371120959028552 14.723821010420512 14.645909155316309 14.611128819114828 14.522762895429919 14.945226013654732 14.56482769887407 14.692073837038691 14.569040901221452 14.640154825853838 14.579798948839903 14.9783718117241 15.02553132029288 15.25809128384405 14.64183373494372 14.85160103338671 14.45021546704035 14.703990673272138 14.768218035979746 14.500832114976518 15.107065284617224 14.471359652067047 14.410783022126838 14.982886272281025 14.798334629025913 15.303256061639521 14.502993682580197 15.079693624571307 14.397696803164225 15.171460149285199 13.681869182141678 14.462910547261487 14.946895862808999 14.7616729680859 14.419709586793843 14.652251826894378 14.67833762596369 14.975396311459104 14.917239088290893 14.962678436826334 14.917408386738801 1.1624601170919813 1.0495124449621085 1.0485051808321306 0.9542677716495447 1.0989919285312406 1.0841744201645866 1.2202197816140252 1.0535949160098486 1.0494102799820497 1.1707902006813447 0.8683845450773022 0.997504053122921 1.5080527558252823 1.1560509186049321 1.2319128975959444 0.9095868860771505 1.1578389069180484 0.9616295036295659 1.0068299540381076 0.9084436323261013 0.9706927546077039 0.944627766063672 1.0383697005009676 1.0511200979758797 1.252343623162287 1.0310533850550605 1.070404875193176 1.013997730220695 0.9323591691484334 0.9544745958404014 0.8963393005770265 1.3468021515705948 0.9985859499541019 1.0096816096292227 0.9254423264332723 1.0720293003780663 0.9681999800404988 1.1489574072263509 1.0539418782563024 1.190872745023829 1.0615265336098447 1.1767466650431404 1.14494386090314 1.249528451570967 1.047269342715282 1.0903898379579078 
15.710859247931841 15.042608054211716 14.834727336183056 15.25755359671062 14.832271662325779 14.93392023170408 15.316474443663648 15.491119968579012 15.907175012905919 15.488201495604077 15.554969436764903 15.038034943576092 15.71584756517815 15.206872039958018 15.304784523654936 15.440469565888902 15.8356249016917 16.007487124482285 15.162193803977766 15.213891173212641 15.65224742765183 14.928852865930093 15.507983397228966 15.2592989190093 15.48687404346626 15.705017977621598 15.169126613473605 15.231198166309083 15.59277101981247 15.347713550332836 15.722044563199093 15.589742619987335 15.474796651101382 15.36803505263873 15.57135093275151 14.860152642258116 15.60587124098756 15.275866953547958 15.202646332314592 15.276054764324218 14.844009092167173 16.169706379583964 15.191951891385362 14.82960313105364 14.822991874870887 15.420646671069592 15.756335709866624 15.759053073460503 15.604366654522515 15.52043125758721 15.056878396262059 15.325719081283337 15.511879223049853 15.421339676249094 15.482254375389433 15.501697659783744 15.577425907237371 14.812081522696628 16.183441308062893 15.20282488955891 15.240366149753314 15.39162337608824 14.897498106954089 14.576323772167758 14.821921838152939 15.47652356058642 15.201551293163813 15.284447401632617 15.232941177364992 15.336152128615394 14.984523041885696 14.970512859483632 15.306456166045407 15.564005210200655 15.703916612815833 14.975676404968212 15.391479992032487 15.075880923499046 14.791065116370655 15.840717898121596 14.934973953087036 14.986422066868922 15.441246527244628 15.603511249511444 14.967923943132478 15.278132556962051 15.082237749796 15.423343011800846 16.281128459637067 14.960233136693995 15.118482035817411 15.425901455335252 15.685383623110095 15.025052958479629 15.611828381325012 15.176924302526592 15.042511899143783 14.702799036895716 15.167532836195917 15.283027756139063 15.162265824116266 15.191813070571973 14.934604477881264 15.224479160380247 15.193046612452338 15.171776565419531 15.063569575330899 15.48261802683989 15.036790853258726 15.233443749052547 15.10838680778332 15.171479546614187 15.134874154757268 15.513976022737712 15.520884642183201 15.731054294811537 15.159007424295414 15.36127982386224 14.973752289138442 15.219990721209522 15.265552252954114 14.998342940917592 15.643437999316786 14.98905623052255 14.958171914831839 15.463166525072685 15.352981556145673 15.743948064271697 15.061384551200176 15.609657702666977 14.945081484808025 15.710690129718104 14.148400846523304 15.000168172997428 15.47557417144402 15.30528215504666 14.912897183190733 15.216771875580745 15.193689899871513 15.49103661546544 15.400844176846622 15.448388905247757 15.441686372311143 1.1482901937937013 1.0446351703309829 0.9836940860573418 0.848857572228543 1.0498260854423167 0.9782444893437606 1.0481583131948102 0.9707278383242771 0.9895748317592836 1.119961707936365 0.745775547867655 0.9479174697639972 1.3256304302569129 1.0680118773684497 1.1528315107530553 0.8544695813373129 0.998395359264426 0.9941555343823443 0.892250122533561 0.9233708493818081 0.8863289573743456 0.8985769976975149 0.9806615463068854 0.9694783706802251 1.1146035669238243 0.9797173586233332 0.9718661964326913 0.9598227157726168 0.8407357053797051 0.893450879241922 0.8531831878699755 1.1389253958607872 0.9215437765660401 0.9144219330041694 0.8182170839112132 1.0722332955243619 0.9006920531144447 1.0840249492817502 1.0053651193865212 1.1489215628009304 0.9699654297772654 1.1304455827739075 1.0479846513779587 1.1937182842256073 0.9421569323658892 1.0095549548885125 0.9648444856713537 
17.038088601509667 16.41967872254025 16.238959904486233 16.63244020940006 16.19015798815412 16.296852012205086 16.654115113499174 16.866919746656443 17.22474772968867 16.831144507071862 16.86140793855578 16.37586271560873 17.119787907151565 16.56019838533562 16.62699845606392 16.775239079099133 17.137171336517774 17.36630668055122 16.478620366954697 16.529472251976113 16.972108694711707 16.298354590013926 16.854042536328482 16.602083293786404 16.834294384959428 17.06646935734103 16.50267098123601 16.603136330889242 16.955524684058542 16.725336135831824 17.051615149372978 16.949215006571393 16.82811382993903 16.710459599479353 16.890036347256416 16.231176657840656 16.957016099032835 16.650907714798183 16.62594249722734 16.560495656626102 16.158346902971566 17.518957308500703 16.518396540266725 16.151702986370086 16.126711526547783 16.73765814166942 17.126257538134052 17.111859282706416 16.934509819176473 16.923374963304184 16.38421223544307 16.649440183478802 16.866729272649103 16.81233777596415 16.836178862922868 16.824446458021015 16.96766375291686 16.16184346341451 17.548512684862033 16.5527291292012 16.538643994357887 16.718621783413724 16.250919842397444 15.87989350035541 16.16516800295797 16.883652411310088 16.571476762601396 16.655506349850533 16.530996759885753 16.710069548379312 16.303302540121965 16.327593521070845 16.643981109944374 16.924556681039448 17.11787844082105 16.311374253819405 16.752353281736216 16.45554463004446 16.141430682304033 17.225701146324404 16.31700462407649 16.36447660483435 16.758570096518902 16.988311604673335 16.28886045608245 16.610771378584115 16.471709371331478 16.72982245611542 17.64102821635076 16.291738959314962 16.451313362164107 16.82868203911372 17.01635696188273 16.378180415595644 16.931116158625283 16.503062406014685 16.37183104176329 16.010304907734035 16.512096154402958 16.563832201462084 16.545237125569955 16.4862847125377 16.30966116660825 16.58194337604413 16.57722045585262 16.506530530483957 16.432007397949217 16.818992918098747 16.412965357226298 16.5970216528336 16.45712204803856 16.50857449265479 16.51136307597876 16.92440282778616 16.856718569495406 17.04467413498077 16.46116700115013 16.67361928519182 16.324978001301897 16.57618354089285 16.57477443150508 16.282708267465683 16.99899945490558 16.326052258216528 16.28084967648233 16.820856573331405 16.76171183316313 17.062074567840536 16.43721288122061 16.903347661971036 16.314347726263897 17.06589816924437 15.445582454527083 16.333252583220666 16.798199510549143 16.694870290151577 16.215770551309763 16.58029444284209 16.529135445256234 16.782302039065094 16.688245785870798 16.779392777600258 16.789292885819556 1.3507364857513415 1.2100457000720308 1.2296746310286861 0.8953781346295924 1.2043810519392741 1.074434319702709 1.0917385325982405 1.1438056704249755 1.17401472910616 1.2197733631978638 0.8459004851208252 1.1404283306310499 1.3161073002671966 1.220336949371771 1.3053621723186069 1.0452040911069826 1.1110894568029612 1.3305791676114274 1.0454474942539913 1.207337954589209 1.0464991181484764 1.1098951226606213 1.194988302532464 1.0788579929774034 1.2154516117608947 1.14860706704094 1.0928927894560483 1.0750340923408739 1.020473870589375 1.0545653596257318 1.0236992992040184 1.1434189542528128 1.125891753031707 1.0150279924005747 0.9692865547294667 1.359624131039748 0.9977104880505617 1.210154591864325 1.206195320142728 1.330906397578824 1.1671744280849397 1.3981060166536412 1.1648015662985702 1.3443934738627188 1.0695379016516147 1.1772010700518083 1.237449212384221 1.103437497144147 
15.789249348508722 15.053817861232277 14.838929565016013 15.258747331392923 14.821596771217745 14.929536984749825 15.329401766523853 15.511454512147392 15.913754743636574 15.524554734520375 15.602562379682618 15.063343938671698 15.69286516405001 15.230589007018207 15.357917707688781 15.48297647714836 15.900976708726004 16.049982547348637 15.237761347419847 15.234203905426138 15.68546439163366 14.928877531955456 15.534815938107943 15.28482394480101 15.523086080019368 15.726279834427576 15.218595099615158 15.23038600666609 15.6099150776949 15.380598850529745 15.728406901973134 15.604096241273766 15.493294587130427 15.416364143880488 15.636794193741249 14.865092595876744 15.60396565763472 15.331546503912024 15.19332389444277 15.329474792135208 14.88174097596589 16.220452689532095 15.236684616181037 14.833540141183525 14.837003181728916 15.414442208358475 15.806459941136373 15.77447756722671 15.621575556803018 15.503173128895142 15.100853249574843 15.339394976722064 15.52879995538667 15.403655177761287 15.518157705077007 15.527684318496691 15.606369137503755 14.836167789441756 16.20982815059851 15.25487752008057 15.264377574165874 15.407923168794689 14.896900548054688 14.588427153555639 14.836859438570054 15.476515960308333 15.196487455557829 15.273998622091153 15.258035314650792 15.345032006416966 15.012682418339255 14.960960848579932 15.328941890464097 15.582827282516101 15.695022597930135 15.033180044553262 15.40542485901956 15.070120016472705 14.769292746679993 15.85741733410482 14.911981759376422 14.953472467048904 15.47075342973892 15.628406116681504 14.995014362133592 15.312160725962343 15.09949078405773 15.508044054638486 16.322626190395752 14.980552363990176 15.1595260206888 15.377986181376096 15.709237551363051 15.0493537841737 15.633921565054786 15.27162874870354 15.085541204781027 14.744202850845669 15.218577826592634 15.307798904452145 15.133990866036898 15.218806760181057 14.914955715604922 15.263250264722368 15.18468700962414 15.153739676185639 15.072658005817132 15.497450065691297 15.09967671203335 15.235683496046986 15.10345786233948 15.173136977257052 15.130875024761751 15.532231280448752 15.55715114989581 15.797272660353885 15.185810098291618 15.395490355017065 14.993406492620059 15.245161426909494 15.30341195490198 15.035279373826127 15.651320774563645 15.00309694237444 14.945200364971877 15.52429825557452 15.350340580196242 15.828298065342631 15.059189593339312 15.623603400848902 14.954059487706825 15.72156702548836 14.19686086561435 15.003203487788761 15.4920720754981 15.305984878267482 14.954880133212288 15.200523533777696 15.2026137365249 15.516184478834996 15.44703041943041 15.503036058700314 15.459309572327408 1.216721632381306 1.0837819395859671 1.0714752069304083 0.9334833140758259 1.1237819766061707 1.0872403958236738 1.210630052102062 1.062839758134898 1.084320014475205 1.1920010125176466 0.8596296954762214 1.0331635988613506 1.4726606744205082 1.163709791567265 1.256903150481835 0.9364872850256283 1.1514007814355505 1.036402084754561 1.0297865817189995 0.972301479170044 0.9850229237725945 0.9855346671971627 1.082557614867001 1.063518631111272 1.2514134716431173 1.050079716362931 1.0825377515714756 1.0111997495134457 0.956925990086325 0.9671728834030461 0.9176960776919596 1.3068606408074999 1.039702554118825 0.9979603884617991 0.935145052871385 1.1399202720661867 0.972269249653781 1.1771068990638052 1.1023480385058388 1.2251310114596217 1.0908570682950987 1.226197117411021 1.1512000997283478 1.2607951121727912 1.0615209890914603 1.129023439442205 0.9686486101048626 0.989878480356883 1.2163241943514747 
14.819105485521112 14.199912184269055 14.007546505810387 14.444313347196422 13.982599376526712 14.080391795889735 14.459011254691871 14.643646945121802 15.061261216602794 14.611461416618399 14.679142502647638 14.188095939486695 14.875450520684344 14.35836860010905 14.432384963266818 14.574556210523443 14.958505220221475 15.125298382938844 14.266449506507959 14.362707185331391 14.763073473584118 14.093650101613951 14.648007266383704 14.403252225460541 14.618411292017173 14.878267578386147 14.289564225203709 14.395769114568331 14.744538063419066 14.497730787598812 14.865930060118867 14.739843278882967 14.615315734801246 14.517446947641051 14.688117596986386 14.005136791101632 14.757333957685145 14.428806831558092 14.388075664850685 14.387271534794118 13.986961798986696 15.297429324140902 14.337922557339411 13.978395064933462 13.951423658184726 14.563086562909207 14.913023203463586 14.905945552050584 14.731611329967668 14.709900536837804 14.200093722414072 14.456371980943565 14.662744791932955 14.592278418494006 14.623748223447773 14.63183482507994 14.732935366365556 13.958286634003915 15.308012201532906 14.33872500765456 14.374075280828729 14.530575861989481 14.062859514852658 13.738570379408838 13.966093060129952 14.626141011347109 14.36144916778032 14.473165759393874 14.415966318925594 14.518086401327663 14.13398390523284 14.136922402317426 14.452841269020436 14.71743189961599 14.870889073174654 14.127229937588684 14.552663894235518 14.247294162680507 13.940986285413612 14.982541438198663 14.13496596040099 14.170944671318548 14.583222352268704 14.76276164960307 14.101228356462597 14.42275310080192 14.27077827775654 14.52556663578457 15.418703664681848 14.111395539083192 14.243340101442067 14.612777939195844 14.83010878460123 14.162664312598011 14.758736539802571 14.290257787171397 14.197944736357991 13.857763504994729 14.291765190164995 14.397457544739142 14.333105750162902 14.318065673024991 14.107751700113836 14.372904163775317 14.374870667388677 14.331330338459706 14.231492277084826 14.638245202690095 14.176182799895187 14.387739939511606 14.263614271020595 14.304794647019303 14.30420113024087 14.690287248321258 14.649236809378067 14.841525759226776 14.297591950118687 14.494786476675133 14.129871710170981 14.372601343941973 14.40330516876055 14.13286840861284 14.799984000916096 14.13069208975338 14.114393090024713 14.59732393111017 14.527291378479724 14.869866304177203 14.226230226622274 14.73379396988575 14.100308113602274 14.863166659545946 13.25946658988292 14.147895429445715 14.615617928423088 14.478671465280003 14.042215209733225 14.385690384442874 14.338777618375387 14.616120577126779 14.518255020875499 14.567977715796337 14.589353337611557 0.957757156928605 0.9141896692399295 0.8224794970234809 0.7437110302438277 0.9091886686758199 0.841709861596554 0.8397225554937402 0.836036683149967 0.7831003878705867 1.001492146416363 0.6147110836548724 0.7919224063879984 1.1638179446477754 0.9243278459471567 0.9091835318367261 0.7335044319802394 0.8031465569615992 0.8080953282893865 0.7157730622172653 0.7357717465469479 0.7286393384095421 0.6903841489770398 0.7697363489888073 0.8103204437666814 0.9084093400796274 0.8052288234254446 0.800647924863653 0.853055373420211 0.6194491621183618 0.7712796315379575 0.7213697680148433 0.9853474566392406 0.7071534775039413 0.8022875572207869 0.6644811999461333 0.8642387262931762 0.7695627243936612 0.8950970117571396 0.7845649263094925 0.9607422437445672 0.8174399727756079 0.9369526020803003 0.8852464677948938 1.054413981258797 0.7854981012274144 0.8028728469447162 0.8341801022605985 0.7723354029536658 0.9999204845698244 0.8725045219030451 
16.50713508267429 15.907241289049743 15.702093889816707 16.194743588760808 15.641551906336723 15.804075284938648 16.143192167389618 16.349027358684804 16.751672946247208 16.27535545439081 16.341369992160143 15.871707390398456 16.64838769047493 16.062907685459706 16.10956916672069 16.2648222747578 16.616406767846872 16.802238360662 15.913673545178005 15.986350745555946 16.468026114125276 15.793315653445429 16.353829605411125 16.0827406248576 16.301785384608507 16.614722739252986 15.971970385225791 16.1120962323814 16.468819740435293 16.20801062051877 16.562541968159774 16.457499079509127 16.35107604842309 16.172123424392836 16.374044225010675 15.69255552571321 16.53001467242427 16.13423633041002 16.151363167081453 15.988723195119402 15.64994249606509 17.00994428797343 16.035976425419403 15.6208440697502 15.584847367411443 16.244409336868042 16.63353618160138 16.63422482084012 16.404945900003057 16.44536380108064 15.87701377706558 16.115944651611365 16.35987039528125 16.33191185962188 16.351474726957886 16.31357569385252 16.499988305088674 15.646523969933888 17.041794058904642 16.004228843488725 16.06302558317467 16.191846705478145 15.729598723988628 15.380507713359554 15.634031072584408 16.368951528041826 16.081250992422756 16.208606200993838 16.09453097825416 16.235480425721644 15.781773441792174 15.841723921170793 16.148282131204127 16.401774043719325 16.649250457541747 15.772839162531954 16.262775474694088 15.956878136499771 15.624393391091953 16.71837391697179 15.859157705418431 15.873396614246287 16.250504536272906 16.47843269562609 15.766248948196028 16.096177929544346 16.00259489039918 16.203969389224547 17.163771988862635 15.787839404948862 15.936661213500733 16.388206976293144 16.53129627768097 15.874790478332118 16.440052741116684 15.924527337977297 15.883805776002932 15.523059234529534 15.948555993409881 16.022535229585838 16.098944595134967 15.967798450018785 15.810636389410483 16.07294386296542 16.091448476509346 16.001384715995343 15.94136142806622 16.36159874743162 15.865456047899157 16.097566995525757 15.943286333781698 15.97463379366156 16.028214067296823 16.445274277198166 16.327766642839407 16.531370266178282 15.939526540997761 16.167372782805785 15.831663779237909 16.080635511167085 16.04877653325998 15.76282540173612 16.515285690031124 15.786586016227487 15.775817667675666 16.307645071136168 16.277704666043 16.51935926570768 15.963403149521726 16.40681776612741 15.83368686477534 16.589865558184965 14.848555900750505 15.834419143611477 16.29425324012263 16.18929345068073 15.675548010068269 16.09727645425191 15.975851617348779 16.27934183396906 16.155650432845963 16.267577906671228 16.273441496723656 1.189786119287576 1.1229124275259306 1.0024602936737246 0.7960775755705027 1.0813633276741192 0.9337041693294981 0.8825678926431259 0.97134726528879 0.9673573176040633 1.1318265747124536 0.7115264500431644 0.9823425146214395 1.1490251404064935 1.0477530663147756 1.060215746340184 0.9307103132045692 0.8958032263543693 1.1248680279170944 0.8650717566098524 1.0092376033677382 0.8911439234077101 0.8998255592860389 0.9651330607318779 0.9208197897542001 0.9990060544437479 0.9688838448000898 0.9215906012587883 0.9787980254319201 0.8015677899024666 0.9152689269633936 0.8955626407492994 0.9699772932565492 0.9168098058330778 0.9033161078184762 0.8143924126942004 1.1602740738846373 0.8636114976219648 1.0650375710725464 0.9827202964799899 1.1458452005886108 0.9976859252790184 1.1881482929809617 1.0033826907638919 1.2036042690813273 0.9194962820274565 0.9841737747374233 1.1284341413445118 0.9683692288205599 1.0570828365431342 1.1133554431838204 0.8114459523555771 
15.700286118718918 15.021083563334962 14.820016339287085 15.246086169468756 14.831621714761084 14.884554408585185 15.326068939666687 15.478103941876737 15.919520353802168 15.48270362758357 15.555535054744725 15.042431723596772 15.66850964385543 15.201639173850948 15.307945687603898 15.422994316950039 15.86054969886505 15.994978979846083 15.132608635022002 15.229820871697843 15.618428155576462 14.913371475016458 15.496021936543425 15.249875874123143 15.472826007438211 15.685095267421145 15.115990225221879 15.220926209874332 15.575259114842202 15.324306731049179 15.725056377749404 15.565109011052513 15.453015246811317 15.407226041207917 15.560453350316113 14.811284295484764 15.549318310257155 15.298610853979612 15.191016669970743 15.27848033249784 14.839872854248917 16.17598616961714 15.17611956549164 14.827789497046473 14.821214038838306 15.42704987125037 15.749783410353503 15.725445235847738 15.61367005482671 15.503847847985972 15.045691394516101 15.306935111144103 15.52754280109269 15.383489689308574 15.459176272705276 15.475591626735094 15.550741733643726 14.79055543051005 16.15144714699855 15.198029827369028 15.191968123987952 15.387783275156517 14.897733757546167 14.569120180868431 14.809346885697611 15.427912432601739 15.16049388605307 15.27976765142497 15.248384054040402 15.330522981836816 15.000416281274312 14.968461772094193 15.297085586414504 15.549177472387392 15.667885956542147 14.989331419664367 15.375570255509894 15.056305528176718 14.757148070616811 15.795324758827958 14.91541682838982 14.968173854385585 15.453543030768817 15.582013493367851 14.935222613977118 15.275445028306237 15.06783674673982 15.393040762390097 16.255521596884137 14.964537831016289 15.081011275201163 15.385890819792772 15.677941941921132 14.964573472511116 15.614065277123162 15.185755399587457 15.041271985614031 14.692454395608046 15.138555807394434 15.269803265987232 15.120161212298605 15.19290001179661 14.911896050324744 15.21090886259798 15.170046673389269 15.179686769254417 15.068704476703308 15.470571054422281 15.027798010601709 15.209082276938219 15.08357012567746 15.130858381789738 15.125345240058149 15.506921370177544 15.494288973953635 15.709373205767182 15.19917740548173 15.370982256792496 14.958841286114943 15.194973426488275 15.288516807518112 15.024504600136167 15.627793785285455 14.974716223562321 14.937232166514157 15.448970336578727 15.331975641721062 15.760226140116533 15.03878612333241 15.595751723306291 14.921154440602832 15.695323411512888 14.126914296175856 14.972802908424045 15.483560400273467 15.308836102242656 14.93521327160304 15.202670171005991 15.193243686374625 15.481000363015776 15.396630716444358 15.413281563949829 15.448713557877964 1.2352498092673698 1.1266754790685964 1.08711731490441 0.9395672401229119 1.1528722585912012 1.11489883917651 1.1538612141518416 1.0730541651029797 1.068135964948986 1.2618967664513205 0.8598903592525649 1.0649240689885142 1.4438449816238768 1.1785704459444744 1.2297381808243366 0.9641594717480912 1.09281791215301 1.0761299796904962 1.0375611506498965 1.0081760280073115 0.9652492996039626 0.9720966789987868 1.0973812595124361 1.0876129244363881 1.2078864779697849 1.0524684669365216 1.0563555437214633 1.0227602991152096 0.9181673615652352 0.9991733578677776 0.9512643821200647 1.2734785147567744 1.0263868586482858 0.9894128135087201 0.934350792421453 1.1490712182156706 1.0064847928693592 1.1746102781243237 1.1073504464071866 1.2213340264766068 1.1131193993773338 1.226120464745428 1.1309813452084263 1.2669553813689716 1.063018246776438 1.149888758743036 1.030931124024923 1.007431761412532 1.227305396523448 1.0622462841152722 0.8693585265650359 1.100933609354295 
14.638506493139015 14.05703491905784 13.857117482892013 14.345380440415054 13.818733719178118 13.960222681415338 14.305511172129696 14.486198620124128 14.911656186431667 14.421893478019676 14.506415771255222 14.038332876612378 14.768541768050927 14.215190448749384 14.266737835484827 14.413718334065726 14.769957083243563 14.927242381156141 14.070063994152058 14.168844950583054 14.610939287317006 13.958625957545927 14.497753575123017 14.241267213699352 14.44772621842153 14.749291703567877 14.126509831565334 14.259153026183787 14.606135364463341 14.34068538412973 14.716972350582877 14.596924079970496 14.48974522187035 14.330395657313634 14.519832843669537 13.850732097852173 14.67011843149531 14.267208433076163 14.281248468252532 14.174520926641325 13.837369117589677 15.126791051746624 14.197383771889815 13.81554337757212 13.779489273750492 14.415625173482304 14.761033320080703 14.77344768584435 14.556955187848013 14.586646522691833 14.039517855658698 14.279501572961369 14.507077853846777 14.47102258408022 14.488961924420636 14.472761283884898 14.619457419615259 13.813904634784317 15.149184632532938 14.157646542595984 14.239348117063447 14.353157753363668 13.9093153950708 13.585675760333935 13.806916688290533 14.491999800237197 14.231548874308398 14.365058449784376 14.290174185237955 14.386629303785607 13.961140307367485 14.011179464424679 14.307451422561957 14.54851275372915 14.763637167060223 13.945261985273476 14.413270182529514 14.111531466408387 13.799055126780022 14.838397821760745 14.027171548595321 14.037330359443095 14.414344353107392 14.609737237590622 13.934921279040223 14.260728262001749 14.151342751940808 14.352367899642989 15.271514421537471 13.960582334394578 14.09186929457848 14.529078143684828 14.684085878174397 14.031275332671987 14.602653245613347 14.07876349724576 14.051389977930743 13.72124988785482 14.10241622419204 14.212221780729752 14.246117581737536 14.148507299670948 13.980842658774016 14.219179110689094 14.246010404324293 14.185266292781929 14.098570642977608 14.516026887314139 13.999522566252583 14.253529503288465 14.110833823610346 14.143732501139478 14.178255386456105 14.568690312114521 14.479463210745058 14.671137969436941 14.127784200296455 14.334813579288596 13.994124392620462 14.228473252991842 14.225368857968414 13.968778850476752 14.659677985927317 13.960638144123697 13.964643424755728 14.437169406649142 14.407257678074531 14.664635719436076 14.114296940430432 14.576493529433998 13.986595775671919 14.731424132941282 13.05817502476129 14.01602977291341 14.459102095860386 14.334029206933664 13.859552736184042 14.256362521324407 14.150129293136137 14.44824549114014 14.33023421038873 14.41075172177467 14.429753049671136 1.0224406765155476 1.0172732922023444 0.8496811903910719 0.8228740515384018 0.9874890887693152 0.8855442778397311 0.8354402129280241 0.8932341519367331 0.8161657985946139 1.0821322475468431 0.6570262095470359 0.8539265525850317 1.1703850152364528 0.9679049464875303 0.8972501911694134 0.8286222765112334 0.7959755804251695 0.8763011170058427 0.7326948554509595 0.7962374490335301 0.7856999572681391 0.7289529862838631 0.7848255298507668 0.8581871569020685 0.9000117292876477 0.8481804347304797 0.8574017321436996 0.9503099182415551 0.6242217834179814 0.8430034248887938 0.805337003780945 0.9762695702239228 0.7225074344776141 0.8794803456806782 0.6925822586476502 0.9136189335971695 0.8358291641353379 0.9364062321377087 0.8052744771329121 1.0220683902900536 0.8554931456223849 0.9705546574299415 0.9288046065559467 1.1277934921324355 0.8316482470476532 0.80983105798197 0.956964841258528 0.8462658746712874 1.065152044539078 0.9852954116240711 0.6362060671694634 0.8157895446339114 0.9617552310946518 
14.985247212783014 14.301661812338404 14.080206247011937 14.584567978687502 14.060867370634478 14.19127746196377 14.581181093713447 14.742250698934399 15.185603900292955 14.713497297430466 14.809564887737386 14.322883126057123 14.970321134210966 14.491760702705086 14.58050784154234 14.702031433560123 15.108821735285657 15.215571479139525 14.38871681625276 14.44858210668395 14.902312980307165 14.189620684814532 14.77646450005526 14.516139696625391 14.729101711368816 15.00679523192599 14.401296125088368 14.50935173200297 14.862638971867517 14.609688554660131 14.988728861404297 14.847011266752752 14.762448125017452 14.647295807532764 14.847979199314675 14.07189621381386 14.903814067486305 14.591146122476227 14.507340589251136 14.489370735607443 14.128115833608648 15.440453412154165 14.491051885850641 14.070135812471289 14.06119873515185 14.683798957794295 15.047733064675215 15.024955268893617 14.849413318963244 14.784568990529387 14.337067546009486 14.547563124941483 14.786767052583386 14.674227177924424 14.772302449260517 14.736610904553263 14.885785681827683 14.075453012560418 15.427835207987211 14.450541058613775 14.500804907550092 14.629334167821757 14.144030476276297 13.846084526664443 14.069128462311568 14.703627008375634 14.457091110301112 14.596150939893125 14.567958267911585 14.625668362271984 14.26023813906883 14.258830259281186 14.5744307382739 14.79499878915591 14.98119652346057 14.251620388161768 14.66658864686825 14.3360396517874 14.02042700260573 15.067256010029585 14.227469536159775 14.245913113836563 14.71023204758204 14.86332584737501 14.213339791198868 14.547520212483452 14.391755435936794 14.690116264180453 15.555919160994193 14.24261560994374 14.37205850846456 14.704825015730925 14.958497811726835 14.274974565908877 14.879833099995974 14.431848329625888 14.345499254981766 14.007062446271911 14.384741085263038 14.4907239606391 14.4482324563625 14.446080588474668 14.192865862684974 14.502510245331772 14.456845985909407 14.418848033974268 14.360905352011631 14.783405457748515 14.310296299844026 14.484869942046432 14.338939720970496 14.376986790455856 14.417170033784123 14.823115635558118 14.75046839160609 14.993761324319468 14.443426866777749 14.639106986601735 14.256103556076496 14.494892779964346 14.534945172749964 14.27253750208574 14.906407188197035 14.22046224380334 14.196159833231738 14.745802880244339 14.630762294069399 15.015402568121436 14.354420174260733 14.856332256440222 14.23954323870907 14.985005529840095 13.35546781422776 14.25101611022627 14.740632454323965 14.574765453110107 14.179230096247888 14.483673839214081 14.402556281044474 14.748047537050775 14.643969678417253 14.71187221081323 14.700760692268435 1.1550074632562324 1.0873827509400587 0.9677453226846937 0.9243306759084281 1.0997833573576796 1.0540731692284442 1.062883116583937 1.0136795803818583 0.9644847778996529 1.223753543712749 0.8025388182757947 0.9932179489652044 1.3631388315555355 1.1021488955558012 1.0585850575322353 0.9351732231827194 0.9933778075111916 0.9594064182671469 0.9464676763956525 0.8945505020960951 0.9110529579115005 0.8607829275652605 0.9584120165460458 1.0057763750555768 1.090324836435037 0.9466288881367348 1.0099128308233567 1.0007965173924271 0.7820580507163059 0.9472910954151448 0.890860202998684 1.1946547171853024 0.9054892348961857 0.9698417905879003 0.8545205621460963 1.033803617404687 0.9498348987258051 1.0913062484879634 0.9806805536464066 1.1356291701346484 1.0421319149342163 1.1158317470677233 1.0753068181045156 1.2127498318247172 1.0064265677333133 1.014986733384517 0.9832569097569115 0.9582797271508876 1.2103734694866075 1.021616804458773 0.778490230461228 1.0106961866209299 1.0254797100091 0.8272931140790434 
16.080173838024926 15.476071907859597 15.321943484047589 15.703036008955127 15.220672545620177 15.30045702837812 15.692579484705409 15.941739795443443 16.287742571265568 15.882519865059505 15.918932104591338 15.427239423562268 16.142417476775947 15.612035799567067 15.679065929562883 15.834780051540307 16.215248637357668 16.430651975792163 15.530639138628324 15.615614206843523 15.974948561671356 15.35567674540082 15.901914466810515 15.65926932820021 15.890586984845141 16.162950282133238 15.545544727442444 15.653369934144276 16.01610139482763 15.797543312285537 16.091233890153134 16.01001757324931 15.847628814887877 15.807392588002678 15.93270264110388 15.275637045218316 15.962595653649936 15.729326110105061 15.683320134138345 15.619808111045625 15.204774501608433 16.586410866165025 15.577233922643195 15.196345158481943 15.140861110818474 15.75531120495078 16.23006896499134 16.159885800114285 15.962861924462546 16.02030519927029 15.448078264131825 15.688063903213399 15.925846508435699 15.869051530164757 15.878615922831608 15.873631778585413 16.015435846010625 15.205701445642577 16.581933474779724 15.632488630921449 15.567365739335793 15.773504379650062 15.324331487567875 14.946950725825447 15.205726532600877 15.928523241310899 15.613618574970701 15.728399907830665 15.63609986643657 15.810928805895669 15.366282661874154 15.359019932066953 15.700525708670911 16.018920570868765 16.160712316371477 15.414831236481739 15.819804032749705 15.522333598004526 15.151865570447745 16.289238040697704 15.400267025187542 15.421998047765339 15.823033586850293 16.075422958477272 15.324278713846569 15.67408117851439 15.573862674345795 15.76677198488919 16.710902022832514 15.340114723260942 15.482081511570357 15.859457719044096 16.074394675727426 15.405500794548818 15.99890800554603 15.586524621773933 15.448307332807127 15.071587703889875 15.579546693810542 15.59706341614995 15.559167724585054 15.515370282280317 15.35508989475773 15.649579386174628 15.66321939553004 15.551960002445732 15.489062680820707 15.865189211133838 15.487920770886143 15.6458408081957 15.513582832347392 15.53719196099446 15.564884680413835 16.003324333772525 15.91548393285539 16.088200820880612 15.499318457854184 15.714641331603318 15.378011863061062 15.635782817534775 15.636943170847404 15.32982651019083 16.06566252198295 15.373621555829843 15.322844919354667 15.887792145591236 15.828056408118998 16.164337648900872 15.467956997771195 15.92141728726503 15.33519750769081 16.11919360815015 14.470132693881899 15.364941316761517 15.840424159004051 15.775906832515876 15.260342987630544 15.628711915724766 15.603873766168713 15.808366584401755 15.733733905830727 15.814538210409545 15.850030875712944 1.0716070052976256 1.002310260441575 1.0413004330090452 0.760344626281271 1.0121301028859135 0.9234811730535335 0.8890769312707751 0.9709637398945449 0.9086392631013431 1.0474356762871593 0.7294566250415239 0.9305931856050006 1.1860396629142251 1.0509887711743626 1.038544995785477 0.8791278837297086 0.9420767686461661 1.0457474898760708 0.8729873740936724 0.9263250500796543 0.857608490752536 0.8396666202868652 0.9400978353936411 0.8812931800411087 1.0184680101341186 0.9313771193179784 0.8659126463804312 0.914954081393809 0.7954741085783118 0.8868540681577646 0.8421128805167449 1.0523948555167815 0.8907072325218361 0.876918303497493 0.8316393507123933 1.0765718149271921 0.8116409426874415 0.9841025591343991 0.92028091639694 1.0637884092491299 1.0026155761490918 1.165250280981316 0.9663802501283234 1.151542942888586 0.8950545888090974 0.9639114872213499 0.9840292612748881 0.9347822686052167 1.0476811754116384 1.0045821780173432 0.7839182481552571 0.9305342612653633 1.0237346483114942 0.8601453632700213 0.976055656712602 
14.417360614521558 13.79454338524935 13.621206152489222 14.056865451324269 13.538559597648412 13.632153269949503 14.027998249299456 14.251479924998678 14.647147741034825 14.195557781771262 14.268594510099529 13.777533057659621 14.438709883943663 13.951487220859473 14.025832672898702 14.174284731566903 14.568140740500485 14.720847394529637 13.864771230061736 13.964513403362592 14.313661637885673 13.682810884587763 14.235318204798052 13.995642381086654 14.21106679621779 14.51315731362844 13.880159171574915 13.983563459985268 14.341738983930217 14.113286693265138 14.434481166574923 14.33532870453315 14.183946890823577 14.14264383152671 14.281267694198073 13.584266874613311 14.316552982799227 14.057397077321795 13.99015900517406 13.971395519483321 13.574448835133888 14.903566781825846 13.944117471186212 13.546948891137319 13.496666623293994 14.10808709018399 14.558043651758076 14.494019293906353 14.290382529794794 14.329529723568717 13.80709999820065 14.023695603595698 14.252793653265133 14.181338993590101 14.217096933762914 14.211886074841715 14.336808446227714 13.543699953033405 14.886179057474516 13.95478489387747 13.944755262309789 14.112063121614092 13.656564311923049 13.33274340918927 13.541354544080756 14.209473671015795 13.942749933234472 14.07949420714793 14.048924410701876 14.148457919926408 13.72892570338838 13.705014858276185 14.042945730551299 14.33427559351922 14.458210501428121 13.764897791146018 14.156372546848687 13.845243492342565 13.483787018854619 14.580728810586374 13.747536615720122 13.755358012828882 14.176440714624782 14.387033516579562 13.678708691970776 14.022154612969652 13.913315392090501 14.12038272428835 15.032570077491894 13.696155318932199 13.822148656680763 14.17844958577208 14.421475541527082 13.740582623405711 14.353180746454926 13.918960410377354 13.816165403987371 13.462564612086593 13.896786632382543 13.95179913708683 13.890444208372768 13.879112795661932 13.684614954935942 13.984650471442775 13.988595445799762 13.892689733068957 13.82694056224443 14.224963098791239 13.803651881374664 13.968814167523613 13.844650537964815 13.862344516382203 13.893366511244203 14.315530831881889 14.241625789975998 14.433609909222952 13.864745253252542 14.071872573617403 13.723736443690475 13.975684518107656 13.994408693227085 13.706346646999044 14.396577753602802 13.707952296584935 13.679660817590703 14.215585549661705 14.132101469966635 14.510877468336782 13.802735075442186 14.282439124557392 13.67170961915213 14.451558673798575 12.82218629317994 13.712001114416994 14.187101304769078 14.087850339229865 13.620138212766783 13.963688017467433 13.927856153360226 14.177617150703611 14.096702776891608 14.1560336035641 14.178327619895065 1.1217024047468902 1.1284350158962222 1.0645129399652569 1.0228294476648614 1.1425255951005702 1.1120422766706384 1.072651305038264 1.09500692887035 0.9600832218323093 1.2473911833048321 0.9142963446340309 1.016721904610535 1.4446227496788528 1.180537383271929 1.0684465628487427 0.9988403432973186 1.0674318469132673 0.9685419513817976 0.9774401009740388 0.8959994898096987 0.9744942192343228 0.8617729466852357 0.9527508232594789 1.0348510299294496 1.1398880707378183 1.009947275985456 1.0174266762542121 1.108555756677704 0.8254544468130547 1.027780063899117 0.9600261425351155 1.3068814887656535 0.9122048901298477 1.0847035493278703 0.9498259521238408 1.0276740646151044 1.0020466542956472 1.0980551209469565 0.9431533626690811 1.1327143258915262 1.0908880813344635 1.1484365664820295 1.1214110706113005 1.2865922325028565 1.0440135814074811 1.0172245370684896 1.01392864919961 1.0344354464610679 1.3210446425923938 1.086480383143058 0.8156656226606811 1.1058397922775383 1.1006186745147943 0.8735668003392195 0.9763694796875788 0.9935720146980321 
16.002353383251428 15.446477875247592 15.268912472180885 15.772007813117773 15.15553806818414 15.309662429665387 15.653981089967422 15.887564895509204 16.270214677252063 15.77210953105747 15.832623971495167 15.400756544570443 16.175152290824123 15.59675916232426 15.616000503270154 15.775290774204583 16.12027525080932 16.298250644146368 15.392016492327501 15.505365191826444 15.932350595345214 15.334024894894455 15.868937805238161 15.602264907073224 15.809560057028326 16.179248874476208 15.459383488494304 15.657151915194616 15.99897765608581 15.750561924561598 16.068502139972612 15.981376393950779 15.863143585757918 15.72136229518196 15.869744003665454 15.202525561970152 16.038543323364635 15.70306378608617 15.737520031194544 15.458834217637904 15.165362460830396 16.525748776547466 15.562936857701201 15.127899394094293 15.06352382269807 15.73775228122446 16.194817921568614 16.15043190546348 15.895418321443753 16.02228121319349 15.40177550526479 15.601982860508958 15.892726306238309 15.875395897490982 15.875029527692117 15.80136284733932 16.050949851905468 15.167315490563917 16.53903006229974 15.529521864503598 15.543932536594006 15.695427273430695 15.267589867129036 14.905630150056272 15.146877747431033 15.894142996165618 15.609871609209392 15.781949105083623 15.658435899420398 15.81005358873391 15.308879116662066 15.379932705647715 15.665953788769984 15.934233951748812 16.200618058777927 15.323256819008833 15.80514240091279 15.507784042799335 15.123631979343658 16.234405786532644 15.442090550366977 15.429779428276282 15.764921228295645 16.031494287282868 15.261816985472082 15.619259544497467 15.595774173630103 15.681798838694458 16.686460022296924 15.313825104951551 15.42838095994123 15.940737024166307 16.046179060797467 15.377455868267974 15.954940490345079 15.437848903232208 15.426952967443018 15.054304876500664 15.450559401827512 15.475077945931025 15.632703096233675 15.448238461990655 15.35374519812254 15.611258027639984 15.655913753765043 15.51607721117778 15.497357252945191 15.888823490502343 15.413300331193579 15.62027290289379 15.459507614157044 15.455914670745706 15.578213126865938 16.030570105578445 15.823725630516964 16.014262190590127 15.447275351562377 15.669758846738631 15.366551032260071 15.615018576101289 15.560812059622958 15.258658028091213 16.04473735183504 15.292896175902785 15.281555139019002 15.838335656078408 15.84377946860454 16.044712607532023 15.505790462433005 15.873414973850812 15.365873113773723 16.11496684032965 14.315789256762017 15.33663759622172 15.798462732516374 15.754285653474671 15.176059704557995 15.634582776715204 15.485056545651892 15.755907161843908 15.631645757611134 15.760612705716209 15.797074038576106 1.3181209833868686 1.3048725821479767 1.2001997804723274 1.0013147679829284 1.2685313938399054 1.135259239826125 0.9878652450449645 1.184738896478085 1.0796432359920993 1.3405177341353585 0.9195430435222036 1.1707859245963477 1.2946512365054368 1.244952580218568 1.1117610456026066 1.1632073054634553 1.03643889453641 1.2875030777295053 1.0474724863988099 1.1568680849544677 1.0666082252080902 1.0121040503346936 1.0919286359309008 1.0804054851319036 1.110196971755114 1.1047257048930117 1.0723912522316448 1.1802171263829815 0.9012627794398443 1.1324484843759415 1.092509302000887 1.148851689140453 1.0426230718057907 1.113925696059742 1.010816387115252 1.2896314899162515 1.0450088312976327 1.184386590349644 1.0865947093501884 1.2694077771928123 1.2198658653129981 1.3513079443643876 1.16232145492963 1.382122968967683 1.105563586675912 1.1157744891141612 1.3236701530368702 1.1860168033950922 1.2821433609048225 1.3220365827634561 0.980371824609248 1.055166228486308 1.2952770861315865 0.9682123673864369 1.1622534658302008 1.0851881050278271 1.2072187507756995 
16.98355917333078 16.374330880669152 16.17554770216477 16.66365725872623 16.10064057046995 16.25327011532625 16.605560100399817 16.8232213264312 17.214907498131293 16.74525433788405 16.799686825411936 16.33747918646052 17.109164594392563 16.53175725180145 16.575694049426193 16.72954705811516 17.089873778315567 17.278412037455354 16.374968967175107 16.45220801112899 16.920257108754 16.253386328041614 16.82019519259373 16.548182435125277 16.768948836728782 17.089961446469147 16.42437159790404 16.583197366302663 16.936220688895368 16.68546655106978 17.02390332739999 16.9220698412752 16.8132908687256 16.65803049609635 16.841465662867623 16.14622205725022 16.976424625045144 16.629798453381547 16.632164450064558 16.444122074771794 16.104125505035334 17.492293040631424 16.49839835065364 16.0710363232149 16.032240403201225 16.697950696989402 17.117509321722498 17.094069753125368 16.871105528096866 16.916789834951082 16.343789472879596 16.57228216461996 16.83444238378071 16.794131274641742 16.818849165947487 16.764702623926148 16.975270580401904 16.104081127135604 17.515257441510908 16.47712359385777 16.50046739980849 16.655761281959585 16.188929497997147 15.829609764945639 16.092187279727693 16.833004465341133 16.539791496437353 16.676536798777732 16.553250854935996 16.708797962157533 16.250085787932353 16.30285075293652 16.607832584294552 16.87084512346463 17.120935978730454 16.24967683082277 16.730187243692473 16.422761265628495 16.07126188628419 17.182193860426892 16.32226753369414 16.338545535726723 16.717091176241915 16.956583367993872 16.221788620266793 16.56185629418501 16.479503362344985 16.664641330666615 17.640515100344636 16.25112119094536 16.390559001951555 16.84420877971318 16.992776265857355 16.3227791994924 16.901229478452287 16.40572467541834 16.351284051696616 15.973960683337395 16.413339134980358 16.461866910783407 16.550243837973472 16.419568836845546 16.267543774046437 16.546105023756542 16.55723911378761 16.45267556069181 16.413515645053117 16.821503349844477 16.353282580547315 16.553811945437207 16.39772266506712 16.41953910889892 16.49601901760934 16.931710642591096 16.786364779797513 16.99507009915793 16.40269026763565 16.628707451829634 16.2936589256957 16.548236805857226 16.514787830120973 16.210962712013433 16.979687883966253 16.243829475290195 16.221416172346412 16.786542256601724 16.752547349555346 17.005366889672512 16.42581450402642 16.852509747216327 16.293803821789673 17.0531487639982 15.292392562308992 16.276253884402312 16.754282966559003 16.667351202752194 16.13867941618809 16.558001772667282 16.436692856179487 16.732987937267897 16.611515578456114 16.728660028619966 16.74106161806139 1.2325767719609226 1.1443417620789516 1.0660846712470977 0.786543117897061 1.1102419696113137 0.9656592845292918 0.8976118225593361 1.0086161090272325 1.005971500834202 1.1585895035599567 0.7408882482221781 1.0314393156308517 1.1461631386933406 1.0847061805361222 1.092611702019244 0.9714383712118658 0.9343508979349332 1.2002559877250933 0.9289862579087313 1.0713720231647028 0.9231940637494918 0.9416849927717382 1.0265458920029595 0.9420121479349101 1.0292096546629428 0.995176067613076 0.9379935048063649 0.9767396922652154 0.8471670090604586 0.9473240316608458 0.9215481664057597 0.9874899917735414 0.9799394096845927 0.9100433777885811 0.867705846091242 1.230179692146193 0.8730097776208402 1.095414988477697 1.0357507523625835 1.1695537632314765 1.0708200481353967 1.2636579466554083 1.0266459773206251 1.2204639704286244 0.9586685454039959 1.0481378909409897 1.1699189796658076 1.0155968543170628 1.0656031314799927 1.1459703968961206 0.8710765115763776 0.9028717743380643 1.1365123893026843 0.8940837574363257 1.060669001603388 0.9427391408933733 1.1608057097004998 1.0841379929721415 
16.026135569877496 15.300846020447255 15.08295148105093 15.539075411762306 15.061528669520111 15.16077118974767 15.590757389661336 15.769865478567176 16.202504580980474 15.766433080913018 15.854374223797466 15.318727697795097 15.954173254943779 15.487735680721922 15.607211498912216 15.731785757356366 16.169461764746185 16.29518571768014 15.449919167397868 15.493445750383039 15.924097327611985 15.180030221452741 15.79246993117386 15.534068716190706 15.767883503133845 16.0090942072636 15.434128663868918 15.494395477931139 15.875797057494434 15.628926178020771 16.00196114225829 15.866057783396728 15.749212421130453 15.685259382672033 15.878280945736575 15.088518792188594 15.861565104209248 15.594124930380305 15.462859121552233 15.559713781649045 15.12006409162679 16.493981737179496 15.487427095354438 15.075355640829198 15.067690433036223 15.681901423286027 16.076371918779287 16.033763623429195 15.880252714796587 15.784111971330487 15.347465421000285 15.582638018886403 15.801442351980143 15.666706742381749 15.77024149424373 15.77512439744864 15.866171076798942 15.071188937430419 16.466940859841404 15.494382894300777 15.501886837021505 15.663784422445046 15.152557785072158 14.836933021829816 15.073448812098409 15.719405906531566 15.44446283756933 15.558714407434316 15.54659255369256 15.623498375522459 15.26804876688006 15.220992025184733 15.587845453949456 15.844271476162197 15.962081372192593 15.280940911963857 15.66705643544184 15.328682835155263 15.003980346175114 16.109797042704766 15.185235995983895 15.218068684493964 15.737981536194187 15.886525579088548 15.224515496497222 15.563289596211431 15.368388113603219 15.72931396188229 16.595870054736046 15.23541890652151 15.387318809657422 15.652912875362718 15.976918783981345 15.26913353560534 15.905758553955256 15.497187665294604 15.34313858061352 14.983282377001302 15.440342763593014 15.543911307270044 15.394934853420255 15.466070411601125 15.164718496914977 15.512824256470324 15.450575978821707 15.420629366079412 15.337557566354805 15.768202763226338 15.333338994578995 15.48805160243638 15.35371949684949 15.402364196186182 15.39760089466291 15.803723401083683 15.797862380457225 16.039235973440412 15.447521588259104 15.653060630761214 15.244118250967697 15.495828499998067 15.561821135627769 15.285021462534358 15.922715140261086 15.239915586959846 15.194039371091456 15.77183592248228 15.617141816543736 16.083611022867817 15.314526262559948 15.878983587495402 15.200119395180582 15.992051834297905 14.38387747338305 15.243402081330458 15.756527686607553 15.578012840152885 15.199807889692282 15.467454428452601 15.453073958062907 15.768814772702394 15.68896327761141 15.734673352448667 15.722711556879387 1.1256336015983543 1.0185006701685209 0.9666575923147693 0.8257952002269578 1.0442931268154807 1.0040472173341386 1.0703413346614725 0.9519122547058968 0.9648480081264015 1.1360701574362193 0.7774649490377875 0.9498410618790828 1.3528124011321825 1.0628980221184554 1.1383467178827873 0.8611313827229359 1.0278922362803675 0.9509299509525687 0.9537677273780529 0.8822308580530036 0.879337518094525 0.8692812065681935 0.9838547560923585 0.9663306297913429 1.1296712772598572 0.9466895961304795 0.9468405088472241 0.9115952652754162 0.8523319046961125 0.8765210045704678 0.8359072506223 1.1984217094429856 0.9495860327244496 0.8925295756147866 0.8650515294238026 1.0548636044366169 0.8714166956370374 1.094665678303775 0.9933574655601788 1.1023665775249296 1.0192939178418745 1.1373188177149813 1.0345922123618836 1.1553040101610266 0.9713285468791949 1.0649045126339052 0.9006039761751675 0.9121755194088353 1.145785457005156 0.9384324666083509 0.7802492619992022 1.0087857415150452 0.9715115185861394 0.881918735592773 0.9213135702140801 0.9124784169690212 0.9795117908809265 1.200700177928026 1.0387819347858025 
15.790240468008554 15.209065379244873 15.057593926018512 15.465519525606739 14.918382652384217 15.021081317651404 15.403963892200977 15.683495099571262 16.033000307430285 15.593916551229677 15.641802700714322 15.147029444955574 15.887896690777202 15.339643630681785 15.39454240659318 15.569759469212745 15.940189687233437 16.152936664044528 15.243083340355065 15.345445881058277 15.687649671083763 15.08909258330175 15.63238315595872 15.38651573457169 15.615185522116125 15.945632611060786 15.27646531331992 15.388288224670982 15.762765207069119 15.539667109525576 15.81883817348251 15.759747003723069 15.571620999693245 15.527776163175421 15.649145641505687 15.006559666803298 15.713353562939854 15.448076406104107 15.423947194055234 15.325808481644389 14.919695690600927 16.31980062906667 15.316423716942651 14.908546902662321 14.829939122304697 15.466427180516625 15.991705426049878 15.9101596448337 15.665567653573744 15.793914039763049 15.181288102395373 15.40920904936876 15.649203474633495 15.627331796643075 15.612222058299219 15.609995877563657 15.758047769236532 14.92659562905544 16.316246317937694 15.357239614078738 15.311048293371503 15.500031475990744 15.056810225184984 14.685131516182713 14.918225934802743 15.66967266648489 15.358356664889447 15.48932138396821 15.408387897807533 15.579354106957874 15.083775362186108 15.077820794096688 15.435965770274906 15.775122273591533 15.911002265923955 15.146446216884339 15.567178556924263 15.26851797735429 14.865791510650274 16.045314650506995 15.170034328512164 15.168741443797908 15.551654732275411 15.830281608918586 15.047934428619815 15.401920934465343 15.343392734404869 15.482022026925593 16.472803920128577 15.059058540399752 15.204109864413713 15.617379628942825 15.81599966938085 15.138830665578537 15.741498414293158 15.291825450616704 15.189420361074703 14.803159958883082 15.304219569373908 15.308893255997667 15.301678191511414 15.22267757438243 15.088231128849712 15.385263913735157 15.427865127973405 15.274089147542918 15.216579108584991 15.609300144020413 15.207767399875328 15.382586397743138 15.254009590486003 15.260234588044643 15.303005335947656 15.75250377405593 15.64977945389686 15.813852351390025 15.189716336769406 15.427294220264807 15.110826026181245 15.37881351401502 15.349583957853131 15.029693507348576 15.818899375745305 15.090924835607005 15.056001687552962 15.620419705356104 15.578362012261573 15.896987056704917 15.198233054530364 15.641534917208746 15.054913209813424 15.865134531715478 14.147226027332692 15.090679573928206 15.558926175604281 15.517952662324689 14.955019788676974 15.369434919059623 15.33165638527993 15.527903890459195 15.448901054020265 15.539291943139169 15.574895772813134 1.0818351480759434 1.0849055750255678 1.0684785719558774 0.8620415635845374 1.0744682629549696 0.9839475991433176 0.9050198525435709 1.0188762186263212 0.9113572228402302 1.1157418700063482 0.8260766350777167 0.9620192223669201 1.2557875225702866 1.101835822749056 1.0385752277068496 0.9506021405145912 0.987183041472306 1.0417127744917136 0.9061477345854506 0.9257137320728611 0.919325462041667 0.8421678552538039 0.9251431668088212 0.9185086015623349 1.0514999808222156 0.9800709466482905 0.8873355231834102 1.0228704089183742 0.8262259566138579 0.952633522956695 0.91078458846389 1.1350012374587404 0.902745912276754 0.9828194763054302 0.9135677887512714 1.081563013851875 0.8686401895216728 1.0337336494577323 0.8960481628054064 1.072229247129549 1.0427313934100915 1.181422805626715 1.0175415031168888 1.2200472072335613 0.9451341735546329 0.9815698840573881 1.0403431961997847 1.0063269140199858 1.1738584111093908 1.0823284756083924 0.813034045849851 0.9877209414963642 1.1027169993171424 0.8665492217666642 1.0106373936375357 0.8884723052582355 0.9685019762831544 1.1055813726979182 1.0171984999243553 0.9676224803691341 
15.222770435550668 14.611161592688678 14.431720868960449 14.861578285939217 14.37684984492989 14.487757402615303 14.847656096048162 15.044175962954942 15.420871814234701 14.99607668320487 15.05300016530729 14.588715152169499 15.282863604464199 14.764442490970074 14.82773113489517 14.964169271501206 15.330579673005092 15.50795391211709 14.656798044224836 14.72310227263206 15.143374987595381 14.499868423360848 15.041000013468624 14.794624332907174 15.010220134420909 15.27080740632034 14.683252186290773 14.799439691465329 15.140158545619622 14.909025442934098 15.237949925697638 15.128209709232834 15.021035098663312 14.916422202390354 15.084311836724746 14.402484413385945 15.156129906895567 14.864635747774981 14.831161175221647 14.743615248980301 14.386654021006311 15.687383793753252 14.738655784212426 14.356711292917375 14.327103046524247 14.930535022633867 15.323245901537621 15.294828706690593 15.10715245730133 15.111829024125507 14.594840096163217 14.82075496837712 15.05787372301991 14.990499564803704 15.034035889798458 15.001524051586275 15.16676039044841 14.366968930036712 15.695389654049253 14.741695992129488 14.742151045250623 14.89762325292739 14.452618183635611 14.111143716515416 14.36218498753608 15.038895581176645 14.759021496822221 14.877655982244146 14.792008622605483 14.920000759752952 14.518949818480705 14.54253687526049 14.841147183618 15.096370129446274 15.293476232487006 14.531144215463806 14.951239189707817 14.65000287411584 14.325878938302415 15.376955796112629 14.540391966930413 14.562237224540091 14.956545108840182 15.169940292155696 14.481852502858745 14.814824639911908 14.696759607379235 14.923168149393065 15.808153288335797 14.506459251321111 14.640854922257477 15.019263777120766 15.210021813891183 14.570065844894021 15.12742125270424 14.698670157248804 14.599440170146451 14.260455788728594 14.684746838512467 14.741130682431763 14.744004890949663 14.68470021325289 14.512400181514465 14.782284657468717 14.775357707375266 14.70310887823693 14.647377353768475 15.029714000628822 14.60823750267409 14.784433752197344 14.639715644431835 14.676816489610887 14.712399470667366 15.129358686949107 15.02926549882302 15.22585427119713 14.681185931495376 14.87831085638371 14.536394200289681 14.774577427587882 14.782480476789958 14.511238228454205 15.183032946081235 14.514296664269038 14.47897351789552 15.013022558100783 14.950484207225422 15.256957175724127 14.64555666349812 15.086306044798508 14.525240305800065 15.253485505743662 13.648197694126974 14.535986976059238 14.992382314106983 14.88730043644439 14.426844681093856 14.776113144185278 14.703122229929278 14.972935524493458 14.878542088446082 14.966538932142706 14.978648291994588 1.25271903829617 1.1785884612459108 1.14606998879788 0.9862589560338546 1.1894828159053503 1.1084973982975315 1.0903508391637728 1.146981496871294 1.0741869986410253 1.2613773352115651 0.8690484779542769 1.0998579100106383 1.3770498964925626 1.2128810708386062 1.150255167324138 1.0495824985332922 1.0676390044735813 1.1589107432769 1.0073352828310538 1.061287541236469 1.0154848306787596 0.9892156481809133 1.074602849353088 1.0759861616017175 1.1550118760499197 1.0665312036579744 1.0970872756985315 1.106872297493107 0.8829276360254941 1.0636173402777642 1.006837159213541 1.2091298416258556 1.0001962468835377 1.0622217086688486 0.9313545854744287 1.183374196162963 1.0290415095495349 1.138327537278707 1.083782272838008 1.2578528778146196 1.137489508675768 1.2627942728975357 1.1544438628928873 1.328945426942742 1.0702283469552534 1.071786394490326 1.1485706494085244 1.077010520093439 1.2289131334645462 1.1684779229871856 0.9068077716302427 1.0762262262544005 1.168841556840652 0.9477593828122042 1.0809597525564374 1.040144861516896 1.1412439634842384 1.2292142733585711 1.1133525524354078 1.0887068547233472 1.1075519419748447 
16.27614677284131 15.706941331646576 15.54763910804645 15.960903863003002 15.486854377458124 15.542183450952551 15.955226674529607 16.165825194804892 16.55996241137187 16.103132869916493 16.141499156856895 15.674998263690997 16.394447135092904 15.85361319388753 15.902124843224543 16.04771518324223 16.439758858008716 16.633755118184197 15.701419134799316 15.85942892829874 16.201857662025077 15.600059897017061 16.136385125518864 15.890421547746326 16.10645735014965 16.390230162734774 15.724688023840846 15.91108410285971 16.250185052877573 16.006298896354497 16.359032793608097 16.239649571143424 16.093689023035367 16.04504000072959 16.14006012223015 15.48668580657572 16.209687603983042 15.958459200049095 15.94307966322736 15.831150328631603 15.437217899339657 16.810069851392374 15.796891492987799 15.45121555701919 15.397845020391674 16.042313910047433 16.434073012890085 16.38880866379565 16.223769929295095 16.26759547931119 15.66659318651859 15.925157872821384 16.184790115420483 16.113365426164385 16.102025507478796 16.09381212051425 16.240305015416567 15.431138748704884 16.804312969071933 15.832975762068388 15.78731188390561 16.01726598099224 15.574130802340422 15.193276278242056 15.444417007738146 16.14510200072203 15.85116179834773 15.998243066267804 15.891676911549641 16.050137644662176 15.61709814950006 15.63672724432456 15.937382059447366 16.235562273485584 16.405589233617032 15.62285259965639 16.055908507469542 15.766892932685597 15.413163171402086 16.49235085538763 15.660883452944173 15.695265037926244 16.070651097264044 16.287236454858196 15.544846981269513 15.903947536911847 15.8000187257266 15.94395086708288 16.92080783818904 15.593310343942896 15.68752738889802 16.139957277165692 16.314627457173508 15.606376844157463 16.24494384523048 15.76190632049983 15.674338075332836 15.296224093332162 15.762437044915412 15.829857142419776 15.828483747079359 15.765722500867419 15.614094281782597 15.86593389338296 15.902516498037508 15.83415052210543 15.748816615032917 16.118252098445375 15.680244648657698 15.884855818413536 15.754765995197157 15.765303675749141 15.824063683570584 16.239270940552604 16.120643508433734 16.286240992670407 15.777727002234109 15.964041482827113 15.614460914985612 15.85870792903728 15.884202722556758 15.584362769333486 16.30724938662688 15.6081706567049 15.58192396258935 16.08626532626848 16.070034955707232 16.35690251570246 15.72445334135992 16.176932979719272 15.583907633541282 16.364270900927053 14.670659933633408 15.607485454343987 16.100617163001875 16.028043070444177 15.507399697932579 15.895937486420848 15.841380574093145 16.057419296361516 15.958523158116813 16.012373079321094 16.098468053053622 1.2821244773535327 1.22347857097139 1.2050009805401223 0.9362241123379569 1.212564769350741 1.114376991434429 1.0196172987767531 1.1411653062319367 1.0794817034141446 1.2876866158814793 0.8872936145696888 1.131445475319951 1.3256231815161579 1.22562704443454 1.1940652916012642 1.069250068953505 1.0552601282746967 1.2547291933218752 1.045658834464079 1.1368229632191424 1.0130032878703759 1.0100955923350283 1.126653854114475 1.076284117577451 1.151801274571315 1.1052351048086462 1.0278074480520107 1.096700109866264 0.9328230082177713 1.0793183219403841 1.0382036838933013 1.1772257642842916 1.0543608884595348 1.036564407815542 0.9897979377104092 1.267271994876056 1.0164127344925822 1.1703755264150992 1.111593133713487 1.2460153600786579 1.1835171130805546 1.3339120544632488 1.1282383718512223 1.3297915075450697 1.0685084991206089 1.1542244619338782 1.2223112535652214 1.1148000565616538 1.2202149978628123 1.2270438368728938 0.9504106706220623 1.0732433244509976 1.2001322577107782 1.0000674883830594 1.147000619002563 1.035586294128295 1.1964251265766435 1.2290438137342015 1.091743004176247 1.1189170020720436 1.0991103253657426 1.2126916899318974 
15.5415867659017 15.041724186972214 14.870715441254863 15.329416686328353 14.819249856983097 14.937495368348568 15.26905828018804 15.465749789326434 15.86676680109324 15.37449741174633 15.422004534803929 14.992123867570715 15.78222294251619 15.176319358879681 15.18773504646462 15.347049432576517 15.675374969713182 15.883686917644539 14.969942095669678 15.126021939250784 15.534266082423747 14.9475079768986 15.449829750492915 15.197720558431952 15.397378485037297 15.711799396317279 15.047419439273282 15.251568714073205 15.573230538454402 15.309976045561925 15.677509291121401 15.56412562242287 15.445314158608277 15.28320710750143 15.425579175567732 14.834134105144482 15.625542392726535 15.226469229112976 15.307548579993416 15.082920370929811 14.76457917120402 16.066066929361618 15.120978518584215 14.780171343602468 14.724791403091134 15.379768903162008 15.71159896446473 15.730809967927891 15.515902211391968 15.608231770580943 14.970860890407787 15.234290369616662 15.480393935405724 15.479754578560957 15.433133570123346 15.408748538402932 15.587314599251846 14.770376192192973 16.10936873246006 15.101561709528177 15.153042440662588 15.311271158394398 14.89614814550862 14.530304421564946 14.77246038203287 15.495099263845225 15.218530614580551 15.360071530436851 15.21708094276138 15.372221692434795 14.909607611943319 15.00105626288988 15.257460834446235 15.521722947173556 15.775178679720787 14.882177920783283 15.385001236535427 15.111704661985224 14.792170359823276 15.814176420734212 15.039413530306298 15.061578587762003 15.355587289801681 15.589656269502456 14.873768659105382 15.205083450646109 15.137265719272415 15.231132169506756 16.214109505416925 14.915248450234575 15.019207463387911 15.561721081094449 15.628360722200624 14.97818604309703 15.545694967897523 14.981233797950692 14.983755687896334 14.638440859702 15.04084299351257 15.131028827459781 15.249230712033228 15.07484224509909 14.98808558660562 15.171705474384066 15.249306217960882 15.172364847702372 15.082962682472656 15.466047040011528 14.951369886227978 15.232472198230717 15.092117541316854 15.109377589032523 15.173432247818326 15.566804243540886 15.418359780787231 15.569865975840854 15.068114062277594 15.265668951053359 14.954602406706668 15.18738090989873 15.159402348032934 14.884395289280539 15.631028404424118 14.924963599204203 14.937114842810653 15.370405485465742 15.418031206701734 15.569928657570653 15.101860241950323 15.505352246547613 14.96016626111489 15.697250081876968 13.975812453644737 14.97404551234447 15.410021209393726 15.341030413066104 14.787565531684235 15.253496398598351 15.124050931773336 15.37120360282571 15.238994778869444 15.32668162457809 15.397217947079245 1.351967755554811 1.3438363423090147 1.2096587834489163 1.0546017168648558 1.288898022351459 1.139351828822108 1.0112620811736794 1.2015875262956406 1.1190461125947142 1.360828179064108 0.9049888807237979 1.1751439866167375 1.3308793414582214 1.2628300571837014 1.1761706463512325 1.1456494744933197 1.0216771216047853 1.3089040908568617 0.999457434867353 1.1936091617132945 1.0706832335563616 1.0514253423523097 1.1099123536345985 1.1245184357144753 1.1296566408044737 1.1608347280244071 1.1104861168700204 1.24053295538928 0.9080697598745466 1.1559694717806586 1.123124990862592 1.1363965022217066 1.0235511819467178 1.1417004696028785 0.9690262803137294 1.2945469940520193 1.1115896414658994 1.2035678639118872 1.1214052973217927 1.3330165145513864 1.1616789982073845 1.3269452662015409 1.1885163074369092 1.4307036473455939 1.0894237850773594 1.0949424172907252 1.3719908586684775 1.1682248702023283 1.270739168459992 1.3648204943144895 0.96335075768448 1.0427910881679847 1.3083157184269056 0.9292251092395091 1.1938559453357993 1.136653901096685 1.262763127553697 1.1995913478239595 1.1035045732345716 1.2611909125382759 1.1749051564779127 1.2352270946378685 1.2417390023321788 
15.079118902305975 14.502110839448724 14.323276255624807 14.810095964333778 14.197924755475494 14.363487837090132 14.698064551197715 14.947023090515444 15.320093303089623 14.841103546605869 14.913871511094255 14.45387719035661 15.20867992891401 14.64781185263313 14.685586291743203 14.852874188724975 15.195448172225205 15.372753545107022 14.50091389187021 14.579928702520666 15.001788751172649 14.387527884808419 14.927381317079325 14.667935635570467 14.881133823096636 15.2435052653465 14.563161123224033 14.695381645880326 15.055271654837284 14.816267327095927 15.11397381269041 15.044589790735676 14.907848828533917 14.77585557430616 14.94731944601126 14.280977081580753 15.090609588516097 14.742214857410314 14.753372595500354 14.559596178682378 14.238548084845316 15.582014074374822 14.637854588755923 14.193243299933993 14.127582705353968 14.77636389657259 15.263785947957587 15.215307501854776 14.940705250944534 15.067903138542638 14.478325565401931 14.67490860388957 14.931363960590934 14.924603210204621 14.934274261836325 14.885377503487948 15.094300370442191 14.23470362932235 15.595192991702808 14.60981752070879 14.638781555841069 14.76129615403415 14.327111188680043 13.986263673644887 14.209679730312853 14.950613998987132 14.668278587428647 14.817151903375477 14.730797718910045 14.865601797701045 14.368981038353281 14.410813495091917 14.73043794494125 15.01113338743984 15.231264661286271 14.404761747766086 14.863491287397606 14.55902609886712 14.175980614496337 15.307627882347756 14.488034794465973 14.467584383378247 14.827190064385608 15.096355906200019 14.344331451885779 14.688075315282394 14.651691805253948 14.782910312503201 15.753375637884778 14.36732808914745 14.511466729152298 14.962734295087207 15.109656744555481 14.462233253248982 15.021324745449409 14.532963136713274 14.49808588350467 14.138159310448348 14.548147626720542 14.568665100930751 14.663691526584548 14.517209193876573 14.399239788912018 14.677406567105804 14.713015754516324 14.560437292113274 14.532627024671577 14.940820492289205 14.481330050388642 14.678779655913369 14.527779256242823 14.535526887273743 14.615214095980905 15.063252060963169 14.910988444677885 15.101870766124302 14.489429250025212 14.728353317419153 14.425852266607926 14.681036829170461 14.62427721280222 14.328475437433202 15.103038885999826 14.363623265364245 14.349355346553086 14.90906299332402 14.880498934846045 15.133936716973245 14.542032381216547 14.94188084158008 14.406243389606445 15.167274871826294 13.420296693278948 14.405839294598692 14.85062414074558 14.792281350703682 14.239419985706606 14.67600614659943 14.559538931352437 14.826757631039687 14.719456433379026 14.844670837342179 14.849135505934118 1.1000479654945685 1.1195855747399819 1.0065677064349157 0.9086690472166415 1.0940484151724315 0.988407757155447 0.8902008882961282 1.0237646262310491 0.8965445384480535 1.1617313980800283 0.8015645025520591 0.9689394821884112 1.2333641213018167 1.088404626410255 0.9526812118670597 0.9797815479241947 0.9262332009484244 1.0143697376800782 0.8695105840166514 0.9065972680970745 0.9180758322372665 0.8186445958903639 0.8772109638665533 0.9247441597362561 0.9918970518886394 0.9446257966326673 0.9297122642134957 1.058640506955903 0.7436292343908923 0.966251589991935 0.9204261471914394 1.0878693140595759 0.8466361217028583 1.0071163815406072 0.8603922952723174 1.0443603311526282 0.8997492804579922 1.0209182723845407 0.8726245418583993 1.087482333881275 1.0214986047669983 1.129894354790002 1.0270601248185776 1.2334711441472372 0.9497701868406903 0.9164089249756286 1.0794466416770228 1.0059072009230126 1.1905728489330998 1.1139093792718344 0.7824189898024013 0.9415754485141321 1.1156483420836956 0.7808025359508346 0.9629725029405783 0.9268982289312939 0.9549007644449975 1.0428786920728763 0.9928701998188494 0.9984015551111824 0.903117556886369 1.0710173335647246 1.1042096921714348 1.084941013992377 
15.373818601725127 14.70118590451464 14.496531196750686 14.951784646086926 14.469417975408954 14.569267506543316 14.975470059933686 15.155673469736584 15.582298733783597 15.133695338639614 15.214753276730416 14.707919566322007 15.361729144000824 14.877066079035437 14.97194672566836 15.102370168728989 15.514892014830256 15.651657932231696 14.803004218067265 14.875198895640422 15.288660321936915 14.58817587688718 15.17035985341649 14.918352349673686 15.140152159199278 15.398291696667448 14.806550382981644 14.898010919738923 15.260336336253467 15.014103086164736 15.382935447812613 15.250926874440003 15.134627866957615 15.056713783814226 15.234515531063572 14.489978977865823 15.261023046018979 14.972465957783733 14.88406036433634 14.91648630766217 14.508206166846037 15.845430340040176 14.868013412218371 14.475121664471505 14.456800956430648 15.07125003582908 15.449479714734553 15.418318084971945 15.252651055246746 15.198046493949583 14.72692935416469 14.962436673847304 15.184516900781727 15.077434501493652 15.150389543966911 15.147515783109041 15.256234173219957 14.466199365017088 15.831846949519127 14.86623526481746 14.884804279385351 15.042994091834558 14.557422678954044 14.239971278918832 14.468950195152571 15.117194848797036 14.85149074363511 14.973756108003998 14.942317080065225 15.025842253913325 14.654676372092915 14.634058384540149 14.970723243884487 15.226183476539758 15.367965892008215 14.659404930129073 15.061965205625972 14.73879786009002 14.417641525106003 15.4890554477664 14.616078195027725 14.645206902657327 15.111260779482988 15.274995299557645 14.609932341016009 14.944834389179716 14.778792728483054 15.076899446232812 15.956088893406285 14.627475971382866 14.763225111049904 15.08413197730869 15.353659360839956 14.663476482578847 15.281864410151492 14.845358369235681 14.727595929202066 14.378461257468281 14.810296847570097 14.910810633551502 14.816273054456495 14.84005756086783 14.587220938699971 14.896140060859222 14.863934992264003 14.824082425477414 14.741641294630256 15.157503077446096 14.70939078875417 14.886215381244247 14.753801811310268 14.794223841628295 14.804626242556816 15.205905832870057 15.167750561252591 15.388275319426388 14.827434629845236 15.02595776551188 14.64082926250472 14.886146037669091 14.93461049976993 14.662054751850885 15.310180243094749 14.631716569907555 14.600270083292939 15.137961561673086 15.025487908252071 15.428962649557965 14.725494027525675 15.250957138048504 14.605685310674305 15.377914909062126 13.76647766972674 14.643790393751308 15.135853331039437 14.981314062813096 14.57320467006194 14.877218057286612 14.838905453577633 15.139295617345223 15.049643542666344 15.100222745895598 15.106093918902127 1.1712360300027322 1.1016116921812782 1.026931787381211 0.9300904255066513 1.1156259667481399 1.0681273358552665 1.0892065210610726 1.0360864559362248 1.0000270002814104 1.216545470336012 0.8374295616779457 1.0102361484479172 1.3970026568899567 1.1330012711939064 1.1362824535391514 0.9431068043007202 1.0465504702510453 1.004661082917924 0.9753106624652708 0.9346422890871418 0.9392903782635816 0.9036222595297126 1.0043523444815659 1.026148904055411 1.1456597562162507 1.000604707214102 1.0127673572838465 1.0204650899539578 0.8546745965205765 0.9662230555607936 0.9164675806241106 1.2345374423473288 0.9549075139987263 0.9889589140437816 0.901363024060122 1.0815187411993183 0.9611699403306947 1.122981058655772 1.014977992434921 1.1602560142253755 1.0633249723033138 1.1655535678989757 1.0958126011373968 1.2396013362954479 1.0207534845886954 1.0634439530246973 0.9996977563172194 0.9827185818057543 1.2217875380656706 1.040883543434987 0.8179503908424732 1.0512776551614729 1.0535298636093413 0.8882743762836184 0.973122927495707 0.9843598558244809 1.0170069282872822 1.2183101997209298 1.0958608578446742 0.9432359094555449 1.021822027002321 1.1271518796955542 1.1704096974449185 1.2489130871137362 1.014697580192467 
15.185259254964715 14.614621857009578 14.414762918956274 14.937662095822628 14.381026270164025 14.500351384127626 14.884305450367878 15.050991920014079 15.510222957861721 14.973784032088762 15.065670931608539 14.612052097014836 15.33093950804391 14.786847341875571 14.829015518723601 14.967302076862625 15.349292043729731 15.474732281519742 14.585500880036752 14.742264141881245 15.153162557956966 14.522189947627016 15.06377050181322 14.801649464041663 14.999396772834402 15.332122037027954 14.639620355985107 14.83778574976551 15.176274983755409 14.895359447745204 15.301991232232803 15.16040984231561 15.055877252637302 14.921320383186368 15.070466191748775 14.376698022984069 15.227153385633413 14.85402634508565 14.868675092696021 14.71500621413308 14.393243276140042 15.706140363598 14.757371823811141 14.374952636519875 14.331257184955145 15.000556375599489 15.334682671645945 15.332647208706785 15.131983856165801 15.171043256753347 14.59728482661753 14.830002056921256 15.096579484296464 15.03576828278618 15.048809370748232 15.019826482191993 15.187080635556674 14.361349360010237 15.70573289709964 14.707094457031598 14.774986176315846 14.91913856253668 14.479078555663898 14.14846542512535 14.359087908840943 15.033676751703952 14.784485583056803 14.962772673308923 14.891153192557095 14.972492832316155 14.538057516529479 14.593141132969507 14.874257068796823 15.110067651733237 15.334939254504263 14.509592081211721 14.982993036385047 14.679750323237851 14.34671545125482 15.382279741959792 14.611014658509763 14.616383464272117 14.99468468454131 15.171458692993049 14.472717916252167 14.824609679625464 14.729725075082422 14.877148897398985 15.839548258060338 14.534584914807182 14.62391693324589 15.110002293918003 15.257621832014584 14.551595777688425 15.181776459876263 14.619049432869692 14.622120142288725 14.275967997169635 14.627267044226338 14.753394736485573 14.81492393867645 14.710547291950146 14.54492372081671 14.779004543665609 14.81710622545668 14.76844531642949 14.683960378355794 15.095751740121834 14.548425267666154 14.812089444842288 14.66654341984468 14.675655413129874 14.758853133993473 15.153753408887795 15.020311198749313 15.214894511436606 14.719391732972806 14.908792921291406 14.557386916984289 14.786448425366567 14.803083623598406 14.540685430066409 15.234083201884578 14.50986063491825 14.523455358723533 14.992292194294619 14.982581141558883 15.230022681285925 14.684389643433583 15.138424546129908 14.548555545806645 15.306669441837032 13.563937992883496 14.564545806365652 15.03797736294807 14.92042217404376 14.428344267806562 14.834994679736658 14.70991289234484 15.010716342565345 14.881535107135775 14.945698183102746 15.006715782211893 1.4317743582276994 1.4441697056442404 1.2491615803469829 1.2161106288225185 1.4085243344013134 1.3135537807598086 1.1976890394519712 1.2916240458061288 1.1943136667152037 1.5400242467293612 1.0706699094841603 1.2793093219926426 1.549907377071511 1.37341260393977 1.2624602955619415 1.2575008004818335 1.1647637546981235 1.2909439153336197 1.1649348430383812 1.2069722709350499 1.1737032155955747 1.1070703755882134 1.191964246687507 1.2680558989133737 1.2700626951510339 1.2330883328767672 1.228911893386926 1.3411778473528144 1.0001397449564131 1.2589602560124407 1.2218629271792234 1.3688929267703285 1.1267584342148877 1.2677121559652331 1.115275987362203 1.3200898929150573 1.2433132794294546 1.3431556466771475 1.2017229839343755 1.3985891892642668 1.296537469300227 1.3785209475502451 1.3113574512132113 1.5172873187079239 1.2472911098966102 1.2454205815607629 1.3847189260241652 1.2676809404905225 1.4923660593403976 1.4093178712963628 1.0413250594914343 1.2169819440473006 1.358682961989074 1.0216288351762988 1.2155499063375668 1.2669384018857002 1.2629034132279973 1.3446335456417957 1.288394410971335 1.2809434173518486 1.2621891328163113 1.3554526824603492 1.3852114156918023 1.3246670887840886 1.1702928033896347 1.2851535054711674 
15.834961087678172 15.212623438938172 15.031674829822926 15.445517582805675 14.941992389945266 15.090521027710624 15.416560873494388 15.654300395178396 15.994812863293884 15.59898344644945 15.648661566482588 15.162043166509354 15.89990281803363 15.350330190668217 15.417343508015238 15.575638044597286 15.917852113066575 16.133978036104757 15.28737156151259 15.30068946514626 15.75435799336358 15.088930422609625 15.640126994037614 15.389436131731738 15.619581833332912 15.887159485997703 15.323514584528722 15.383758215009006 15.74769972798926 15.527997650507858 15.81512868401475 15.742616355611181 15.615391971818692 15.484521167905632 15.689542281097799 15.027277304124892 15.76939557494507 15.441426542485708 15.415081764854397 15.337939714888858 14.962521650015834 16.294739946582837 15.337162735356415 14.92593397237472 14.890030222926795 15.488862396429838 15.94209255057192 15.912229923184228 15.681324496670939 15.718139381031348 15.192246555192055 15.420294866056933 15.631608034169394 15.604609281434968 15.640580909015943 15.616504186958833 15.77765877651224 14.962263848569572 16.323773110145083 15.349719354565636 15.358126528102988 15.488189318102078 15.031812400193942 14.685294825274129 14.946993574382223 15.673030819328902 15.369194021426262 15.454424499023911 15.357875483710158 15.517564289821754 15.083235142883511 15.102428206140289 15.435647205141917 15.716008251524526 15.907683577598085 15.119605779783964 15.551046467118969 15.246880660914414 14.911465716043255 16.02342366651113 15.12683020215443 15.142378703940286 15.535230158201072 15.791549158349248 15.087256418609913 15.404261907749175 15.298839413216196 15.549332051633264 16.4432514014156 15.075756503432615 15.258276313312766 15.613680516129522 15.806178927900637 15.199787517397686 15.715895094555197 15.30547170569388 15.187080604338348 14.839683610433907 15.314156207917064 15.335443778110854 15.33723741645884 15.258289632052122 15.095564440440207 15.386620014339499 15.380551788065105 15.263619905627134 15.216648197536935 15.616939795852558 15.218537312011575 15.386218558752095 15.241286877924622 15.289390903458443 15.295568324074097 15.726585550525492 15.65207028261755 15.847143215431405 15.215065931067635 15.450387217404256 15.126560153303053 15.38260093075196 15.348330290098358 15.061067056071 15.787948377168153 15.10556587634181 15.062074263498118 15.629619332814945 15.554698787408581 15.86301882144352 15.23011594678755 15.673312999970026 15.110059730850107 15.854141923307624 14.237466405298019 15.127416892811807 15.565126510637345 15.472667931465024 14.985564835618398 15.358714410008668 15.295577776660881 15.558210362065452 15.471167265854987 15.589417333650642 15.560576913621532 1.216250211128089 1.1353975775325038 1.1215171582318222 0.9163420523745274 1.1358059142208528 1.0269040685712596 1.0462328133019476 1.0935932428280772 1.05530790026397 1.1560811727842386 0.8259565681021734 1.0416772398448797 1.3155622904724198 1.1595289679898686 1.1576447040105695 0.9954434319970267 1.0607470084192654 1.1483760489887669 0.9529414291141844 1.0394746911512671 0.9961970015232878 0.9805863091471932 1.0383289881850721 1.0053859071896645 1.1412172005687506 1.0541121883418203 1.046138935037777 1.0687777461345302 0.9036768963848724 1.002536956322156 0.9589270326315834 1.151609326339748 0.9908354943623647 1.0240316205076458 0.9075883625586026 1.188496656919599 0.9495889122494898 1.1135183944561713 1.0482158880584276 1.2272838925407827 1.0791490246993742 1.2589050148413559 1.117985965320589 1.2953765490901736 1.0134655177264527 1.032048516157509 1.1168343850538955 1.0411384881921182 1.1584584417515877 1.1318382680697716 0.8913660243135091 1.0217509561301457 1.1640252730438325 0.9390504174946449 1.0867621659147524 0.9840044547630544 1.1351912381182256 1.197744982775754 1.0537983790651313 1.0591163055950494 1.0462179161726513 1.1458335705503322 1.1835076721081197 1.213454486635455 1.0366867544708898 1.1131312143687249 1.3680494943901447 
14.705744376823235 14.08655453754295 13.912672649984733 14.324871732746182 13.834847635166028 13.953691938255375 14.30436228359363 14.525321609257718 14.883332199904777 14.47603606583265 14.533567094774382 14.05377109674381 14.74493859630358 14.231785417218642 14.302230856312155 14.449265898046711 14.809567188284447 14.997603339781062 14.160551983556278 14.205081061017587 14.614435490588527 13.970588334913556 14.512948428961918 14.271794558207635 14.492716545909616 14.757239903460198 14.18521021268101 14.262076575474916 14.614873324674129 14.395931701244903 14.696389231112299 14.607942091945679 14.4808701839278 14.388777447701097 14.564874798130122 13.892279102312758 14.619807723908165 14.331068557217254 14.285972514068936 14.235375283126857 13.859681375893677 15.162164787208175 14.219214150463202 13.825731595327962 13.789143002885702 14.378394181404975 14.813898632876569 14.773260461721101 14.564763872897197 14.58909831622924 14.078396943711466 14.299242463031977 14.51735075862181 14.46505400935376 14.50738395779326 14.487094954918172 14.635470262590033 13.842965982577354 15.171637260310334 14.232456425321029 14.229157555454092 14.373372730856804 13.926010535987654 13.591301067341702 13.834018536828204 14.51985491516176 14.235168551990805 14.33864665621763 14.268721663218829 14.399688184731941 13.988085727897996 13.992452628061528 14.315057409270763 14.589717014833727 14.757385269650719 14.022151341904987 14.427673690191192 14.123977156774297 13.789201815436513 14.868829933176498 14.011970817213355 14.026906832369624 14.427522380001735 14.65892718108246 13.966680434307015 14.292526553624096 14.179312441875112 14.417929368452771 15.294368726516067 13.97047904442945 14.125541350328886 14.4722840167869 14.683365473056371 14.058966743606213 14.601788991326693 14.19681384352866 14.079182597534833 13.741053211650746 14.186966487323847 14.22326569141288 14.197343356452112 14.151547597239318 13.977672100707384 14.264026605513825 14.256370349258097 14.1589604931498 14.105564499774465 14.494184837505498 14.09637436058417 14.257445957069706 14.119575926225528 14.159628144464055 14.173651479247107 14.597100886843295 14.521151048748388 14.713717251689198 14.128742702937826 14.341802840634646 14.00854989592573 14.25581639669255 14.251088712282517 13.973901561038987 14.658714964942453 13.992322301705622 13.951743175183935 14.498730492024018 14.419263375891486 14.753851341733638 14.103267842114795 14.552694917689806 13.982915703417055 14.722701888508753 13.138624654839516 14.007613467174355 14.453375678031344 14.354887761953796 13.891761292562316 14.23820400364736 14.186822809364626 14.4430383774085 14.361128465265653 14.453607082984835 14.44606623998365 1.0263654701612732 0.974210496076009 0.9532363106642807 0.82939510498404 0.9907643000457838 0.922993746472422 0.9261712079259891 0.9625180751173779 0.8708914342288486 1.0509039227970893 0.7100802159482544 0.8874550217809436 1.234554147776292 1.0294143024211593 0.9606464613103308 0.8519350405992664 0.9142507983331517 0.917493802110732 0.8111781716031948 0.8269148361358153 0.838979480851875 0.7826921608187483 0.8549626296613538 0.8807176253509281 0.990848492801883 0.8814151928997079 0.9100581013041612 0.9413969175074327 0.7039221764971797 0.8740308145612294 0.8123720114215384 1.0754372989597973 0.7965300200433031 0.9075388246896059 0.7599387923859714 0.9558476190505456 0.8397223265702979 0.9442791552617052 0.8598180879993625 1.0511754594066665 0.9350230123628291 1.0528312290328974 0.9790100379494666 1.148479402860643 0.8826625001000369 0.860649865592382 0.9175198772627109 0.885959220365688 1.0769203823873759 0.958438157358327 0.7055227859007279 0.9166899585868643 0.9805489256604948 0.7566943818764201 0.8824109863460777 0.8436383936180527 0.9011822195574622 1.0580367978695913 0.9608644746916324 0.8815474519615852 0.8820454333464324 0.9792813101238246 1.0427249814912989 1.0803360298757902 0.8594782718469214 0.9213855240739989 1.1730097411249287 0.953422014390851 
17.58679108212379 16.967438858748796 16.778533713832214 17.1804095133646 16.750718396962004 16.85951363885613 17.218633497830528 17.409269458021967 17.77559986142132 17.379716336527707 17.41340809200943 16.92938044428326 17.68387463956705 17.11261564984424 17.181366855790106 17.31984749528531 17.683386445041485 17.909881854455858 17.017575122712426 17.062697448623428 17.537568015563846 16.8501257754661 17.407078122217307 17.147977108090394 17.381943336620395 17.59446888978854 17.043806244954062 17.1530015627705 17.505409048955283 17.261777478852775 17.61193013439946 17.495361987989657 17.39376937227533 17.251378797687355 17.441238805355002 16.77534618284605 17.52250748062222 17.19590776488908 17.181531981482898 17.101599527333853 16.711325873042114 18.069606282127825 17.062768543810044 16.704615223514228 16.689342013529874 17.306376427268592 17.65786694298598 17.661506893013254 17.497671396461772 17.461773628111064 16.92260243652599 17.196433877815306 17.423189234732366 17.35922565778535 17.38961983714051 17.374436910709328 17.52368634079291 16.714583016942385 18.100656123638515 17.091676461809378 17.086952182176844 17.262511417321708 16.79771068130099 16.41637942556818 16.71769347801703 17.43726454216439 17.117688747485076 17.20261295915593 17.063344642865314 17.24444997061965 16.846271648514666 16.889728759047475 17.196658541924062 17.45683869017268 17.67608479196569 16.840129733095683 17.295456647814984 16.999226296096115 16.700464378399694 17.772166732030936 16.854009470564705 16.90477844909551 17.306009023124325 17.521476961229748 16.829466396656898 17.155406272152497 17.00303225866516 17.27736285980319 18.182910065683682 16.844549336059398 17.004047357876555 17.39116107252372 17.567674686858297 16.928316924999116 17.47823944411937 17.037449599553916 16.911552738130734 16.554472702662515 17.04688987460221 17.11844699424437 17.113551767148405 17.044509137503823 16.861736498367268 17.12302434055241 17.1136189769979 17.068770767752948 16.986315464484722 17.374520224419612 16.947961150481177 17.152401086222127 17.000993626711438 17.060189696490163 17.065462403344938 17.47074751080634 17.400905847713542 17.593574344337117 17.027631625388732 17.232953658960447 16.875210026930226 17.116797744924412 17.125185698267753 16.8473554497885 17.545627878266643 16.87294313619282 16.827710431753726 17.363521940855076 17.311632325577385 17.587984681987678 16.998177367158334 17.46496359976857 16.880067391556167 17.62072911187895 15.993346969063108 16.893928865568046 17.358525329495016 17.240231503808783 16.7715376656827 17.132850577342538 17.068553217122517 17.334360565737448 17.234099094706526 17.32843066343732 17.34307128510874 1.423163498064565 1.2489212100749119 1.264362363117658 0.8835107066740822 1.2399893448145782 1.0862642166613126 1.1123823944219005 1.1636509075718933 1.2333486274292718 1.2466625907823967 0.8382384942962143 1.1886681077103936 1.3034949104885465 1.238938085202106 1.3646658793062159 1.077329171909924 1.1181380138626782 1.4211870250671732 1.0767405782316672 1.289129181582973 1.0690772132922453 1.176664225597682 1.2652643633845435 1.1140928190865815 1.235085888602793 1.1852662789474941 1.129462739883686 1.0769974194662153 1.06522648105457 1.0739208654797552 1.0583077698943022 1.1140081180401427 1.1839292388984939 1.004878601831095 0.9758091412899852 1.4413372330827614 1.0182172634399815 1.2505040615304284 1.2825113860373654 1.3950010946622757 1.1972714851090183 1.4568808191010425 1.1815681766517316 1.3670046132408535 1.0937313861937745 1.232746702744473 1.303489623052003 1.1296822590601665 1.1120425915306402 1.258201671729016 1.0503486167779608 1.0537282253956501 1.2583724131048655 1.1057419542799127 1.2628422256706464 1.0827032142042792 1.4227728920560896 1.3083108880322851 1.0579037339342772 1.1917219728793056 1.2470422375167554 1.2560093647297756 1.238295569003319 1.2754662705058784 1.2568648886191023 1.2748937320726725 1.5351623955197782 1.1833084573298869 1.131013537722384 
15.241561045079195 14.652326534964056 14.479524363583645 14.874654314656592 14.39533417827312 14.530468541246528 14.853934101979217 15.09528708433539 15.444655141063922 15.039759941366974 15.09195684278179 14.593573995810194 15.339543363325815 14.778398855389112 14.842864582974967 15.012631785681446 15.347997507300015 15.575659225019765 14.724919632461544 14.766779502635428 15.185749060727359 14.537721546398155 15.072806525156686 14.831413581828466 15.058798356150053 15.326135572723292 14.76941846903898 14.818736104606707 15.185245037852129 14.959269361387223 15.257850236199197 15.187921449121571 15.035810875852647 14.912064919093304 15.107484960545202 14.48885200429471 15.201386732446824 14.838071660795904 14.832676763309792 14.798390314025477 14.399336102568672 15.713383593948393 14.765914203158847 14.388294223194405 14.341877947070046 14.935550488586498 15.367050769774254 15.354119065082466 15.118052880586822 15.175736933167087 14.626262377809242 14.879059162670213 15.062391940371276 15.058528149971329 15.060239152691807 15.073388448579156 15.185267049541464 14.401291318105415 15.750989797892924 14.78661490946433 14.815694921225608 14.94209588985574 14.493964702865819 14.151286243455305 14.393485038373086 15.11789439632247 14.818732368508632 14.894339025371572 14.809175491441849 14.963780883129111 14.523527618897873 14.53815759463577 14.878861041286935 15.177347900654036 15.334783868734865 14.556371612305892 14.992413031011 14.697513772200224 14.372125140003421 15.473325276953815 14.583749921606556 14.602209294681693 14.977727451915415 15.23044159234772 14.535886830411854 14.84329744694108 14.732702362763677 14.967851435146706 15.869232048818494 14.511713793614916 14.694328289376973 15.062728293726227 15.248080918937067 14.643449537926745 15.165969239174096 14.724406527916294 14.61834282158653 14.279710549360404 14.762796871636285 14.808299218475478 14.776310050147782 14.705277442277485 14.549936331786949 14.814831695347525 14.838407154877016 14.728203447744198 14.643678888690879 15.05036025959879 14.629627711848826 14.836627841386361 14.708639023524762 14.758334865329761 14.732232774334898 15.139687220340535 15.103752068539066 15.272617574766754 14.646296621855099 14.882725405453295 14.56261021876779 14.818331663406356 14.787685718311808 14.507171142167143 15.236743603900917 14.561760963064815 14.535179969880934 15.043572755773054 14.987363254253559 15.287678398274732 14.65800295950638 15.127294501410443 14.531534034873689 15.293397505376369 13.694306343681424 14.585306257918871 15.007137284533282 14.91287973913927 14.420144396195269 14.809687731785022 14.768083706916531 15.004924768972696 14.92020918803499 15.015368467362213 15.002179708212793 1.2188150203054544 1.1902016392136527 1.139505134164526 1.0187408192992153 1.1776431948585158 1.0740443492802918 1.0899365926223499 1.1314358449820323 1.0691324473853556 1.2026825139036745 0.8929661286723131 1.0524638858620272 1.4102344632419253 1.203293937163072 1.1951630441466077 1.0215317361040797 1.1008405104152212 1.12340252311653 0.9534267477741531 1.0306195430075036 1.0362349773400357 0.9911971265881913 1.0297076008562895 1.0536573081976244 1.1883130524603986 1.1107430320964977 1.0790133246477354 1.1663369628259292 0.9307069847120337 1.051742661531512 1.010716354197233 1.2339705242141947 0.9839090393837701 1.1115610614931783 0.9450257575665737 1.1687333323869857 1.0198463627118906 1.151076576926613 1.0385021742889224 1.253695335723038 1.0709679707132176 1.2425784215320317 1.1664677446517202 1.35940208351303 1.039662314535154 1.0317574151289415 1.1407189928265848 1.0693134251287084 1.2498445840664445 1.1780396556117576 0.8919071255643495 1.0731551372673296 1.2044435825576012 0.9260408147863646 1.1115320809208684 1.0396626731116965 1.1178703478898195 1.245062564760042 1.134330643197925 1.1014798755711952 1.0585331679497036 1.1913035075362322 1.236339742129922 1.2272134564385042 1.0406767975488542 1.1347576430051596 1.3594470733657298 1.1324162204135764 0.9769848087158416 1.299531802453954 
15.924181414512264 15.497473384709222 15.395604213903786 15.803688040788098 15.190143051060199 15.301092962653154 15.629844809809986 15.948449045639542 16.24526328785301 15.775765712863775 15.78486686832359 15.381243400574512 16.225493065938018 15.591524062884506 15.563294452909858 15.760392319572677 16.060749271926383 16.331069749953627 15.357003055048606 15.535794128295333 15.843670529493139 15.387343070459579 15.85350732290982 15.609349503314714 15.816560138799364 16.22309369089295 15.44816496540616 15.687627941785609 16.019292424194457 15.80105366365123 16.035840771880743 16.009375525676678 15.816436305039115 15.739273092608265 15.79390222464626 15.27162523170473 15.986326314233452 15.708021165037296 15.817884419829793 15.419464348134369 15.11949263515356 16.50359588520207 15.523935610986658 15.132095162687076 15.006925988171618 15.68119808527841 16.240168535656636 16.152459049705804 15.854473440635061 16.155019503670914 15.381110275912773 15.59420834462711 15.897105084017493 15.957944349117989 15.846649462061341 15.78770739848717 16.056455581474953 15.171486479020334 16.52796483834136 15.558800108284451 15.4815567110524 15.696193453038772 15.332081245334761 14.903726320841884 15.154074436806024 15.979315962722385 15.651461923954537 15.827101908471576 15.640776563593827 15.890609613401486 15.290117993581612 15.378896122199484 15.659288521681706 16.016202138852783 16.262458169623493 15.35353139215578 15.838872166533083 15.584081591922537 15.138343104971854 16.303322015775894 15.540010102951934 15.514850586297724 15.738410844518752 16.11089134758926 15.236725454463768 15.612216770953033 15.684111981594985 15.586771058707106 16.685759310108573 15.290917207269501 15.39076083432279 16.00876508408483 16.02616294373998 15.377061846234932 15.939244558263741 15.417099403297655 15.411001797316088 15.013390792320967 15.482612422617471 15.421209739332303 15.647868078085656 15.373876937896133 15.416799979833295 15.625469362684857 15.759716937179425 15.532633675563453 15.517344968988832 15.854156499557583 15.44352171155642 15.65600090434645 15.509678285075722 15.473680531828881 15.616936367933635 16.09998443694941 15.831748862171303 15.938785706337512 15.37119430131179 15.60471880754855 15.371356779218837 15.630738917261036 15.522107176313533 15.182591183682527 16.075147980084463 15.310885317563278 15.29539955661378 15.8288926690957 15.92879758204531 16.026390922342216 15.514590537249829 15.791959993504776 15.35000386961628 16.119525138693874 14.278126520105786 15.330284898847063 15.760825589360108 15.83924951410246 15.113738087002696 15.672293984088736 15.54285096898919 15.671555334359148 15.563414701676065 15.70771704957829 15.809323853612673 1.2968504355305364 1.3537957028372558 1.3462814299264945 1.0305598372834055 1.3035648245748046 1.1389818778000602 0.8816547322810678 1.2724083484450102 1.0687707205771644 1.3234894150979182 0.9774436913291898 1.2055443745745267 1.240816078347352 1.3111381837264902 1.0836004084030737 1.245531086149014 1.0414004874723142 1.408144263144313 1.0406296627682998 1.233153455980664 1.1152180933480362 1.026619623632523 1.0967200414443996 1.0667075847958838 1.0857768849133222 1.1655284859640247 1.0390214842335763 1.2708841198564977 0.9222239767401749 1.2166773057098859 1.172040863813033 1.127500124825741 1.042318478798474 1.1910018836430147 1.0754806541301365 1.3459669853812393 1.0595227246280152 1.1429344987685461 1.0489344386868222 1.2714686616495958 1.2699201008687795 1.4301699270470347 1.1633322611089318 1.4509625457243893 1.100439086212095 1.0867718332797816 1.4441734202487708 1.279820785133239 1.2991463859671397 1.4455585330814615 1.0407519940480894 1.0788551741395527 1.4091703728276386 1.0143110973510123 1.2781139163516724 1.066298463475939 1.2378363919764441 1.1384113142500094 1.096222138178595 1.3210935668282953 1.0567842326165133 1.2645681273948128 1.222563259944617 1.1758252720490856 1.023374862072813 1.3100697309418685 1.3939949179967828 1.205724027099252 1.081526967127096 1.3402586308060078 1.2406156754447804 
14.967881246866837 14.368922861172834 14.209039454533048 14.595707227254495 14.120002426494736 14.21117995348664 14.58344860817673 14.824472633150616 15.182329592204699 14.770777302992226 14.818642414437818 14.32438521373584 15.027284077270023 14.504004775432968 14.572584589326162 14.731864952575762 15.101214478125804 15.307701808341537 14.437475947456221 14.518846431759528 14.877954546732198 14.253871611586048 14.7928899117085 14.556972553093653 14.781613788777724 15.054244018115991 14.459389149051809 14.543647105753644 14.903331196057286 14.683943032436895 14.98392400436876 14.901890012581498 14.739685452655985 14.684177154542837 14.828375140991456 14.183330575326332 14.871727181170652 14.598052304317886 14.557122960554127 14.532391957627937 14.11838480718123 15.455190961326993 14.48305203255749 14.110537036946537 14.058117035071884 14.65695889859079 15.107699075799335 15.056960644144855 14.850746062937286 14.902914664226902 14.35278016869703 14.595102267250915 14.805239158216821 14.762056211936127 14.770778142337436 14.779304657230632 14.894710845612044 14.11056960571936 15.461212992478343 14.522473618052038 14.497660115739414 14.6733369325545 14.224756504662288 13.87467088839695 14.110930316843126 14.812350260351227 14.517893159607496 14.62156061864611 14.551953351092891 14.699782890475479 14.269429288455166 14.258384486762349 14.598066073866361 14.908789978253326 15.037196250084085 14.3107784419622 14.714531763621359 14.41720208780173 14.066993785643295 15.173210411026497 14.303681456451766 14.32452005504887 14.718579352217047 14.958778424849184 14.242309235810929 14.573679801844081 14.463823817975372 14.672961034550184 15.588587735235489 14.24182875379738 14.390191953983894 14.753487066073866 14.96992189761978 14.321092192807043 14.897205019806174 14.47508612636212 14.350755888389404 13.995409482058804 14.480490386913978 14.51775641825533 14.459715146336661 14.426620348425756 14.259495640534205 14.541608731636243 14.558803432968897 14.454073988629059 14.37725707789058 14.764505873512334 14.369226069803076 14.543228292570578 14.420709022842246 14.451839155841084 14.454108427354491 14.873743321008305 14.81559754174997 14.985641043168007 14.396586260270697 14.612985207999488 14.279038191441309 14.534582333721415 14.534652273219443 14.24137728531155 14.956954058595825 14.281055613775825 14.244229424181455 14.771134617493955 14.70622524126365 15.049365542363674 14.363622049854188 14.833753334810906 14.232553209669776 15.008727121243352 13.402184315690922 14.28042246702425 14.736207372546248 14.654160872099773 14.162793897477211 14.526685344740953 14.504522450703805 14.721477030795398 14.64554561311629 14.71718062341992 14.737529018101352 0.9909197998762067 0.9628599071236456 0.9523769402509159 0.8039987595539239 0.9698960595417213 0.9015649714833558 0.8847525504593129 0.934338843241388 0.8404671215467563 1.02377147463111 0.7126861831676046 0.8587272912316309 1.220606757198539 1.013268974205667 0.9664657629653965 0.8240254068347922 0.9060453362185503 0.9017764872430518 0.7941187075556646 0.8084362138591943 0.8189286344369725 0.7578376238534366 0.834964659506223 0.8541105860396517 0.9843557122964813 0.8836558465646136 0.8508147705512841 0.9307043439807661 0.7130998134812364 0.854734997413668 0.799408644238452 1.0724115392923126 0.7861552668838445 0.8931384257196967 0.7720351166978062 0.9445087077777267 0.8119692506782624 0.9345628819250501 0.8260998877362264 1.0109819911377036 0.9141636512605239 1.043771760687641 0.9503548151292182 1.1316841940437627 0.8535121830756773 0.86084698062699 0.9003244217727335 0.8729754642450892 1.0713257664089515 0.9483327652770157 0.689270026430225 0.908290881848831 0.9691793218318184 0.7511458670821056 0.8849566841985534 0.8142827116788215 0.8708003799910374 1.0494733118368043 0.9517024302062519 0.8600307113299208 0.8310201434571559 0.9854085782220835 1.018854008694371 1.0754463284971625 0.838862025326324 0.9059380466087625 1.1638774642526397 0.9458819084408145 0.7646805254927316 1.1381850827468831 0.9529376282057499 1.0456123348162134 
16.199267675804446 15.592137050141766 15.417569027228781 15.84437896065095 15.291436722536707 15.436252557667883 15.786965270370821 16.060262896281877 16.40973754403095 15.979688348859122 16.03279605135234 15.528140480654354 16.295053767222623 15.72547721234771 15.7866952911609 15.964576765472675 16.31911703444358 16.539492629061378 15.648855449760463 15.701072488414178 16.114880451175736 15.466382228152645 16.02645142853407 15.769998136471719 16.0049760677081 16.32469816555978 15.691253177548148 15.76861019166577 16.152447995523115 15.923960850540333 16.207000287080792 16.15076001011548 15.982085514612633 15.878626401826601 16.055841751458964 15.400838645486463 16.144579301213092 15.816279126834829 15.798497372029878 15.70825187194295 15.30873656331488 16.708809154071712 15.712413252864206 15.283929118259483 15.22135700433013 15.856886790414706 16.366456569577874 16.31296981774998 16.053840847045187 16.154111034988393 15.568854544852167 15.801058043108235 16.02235197811151 16.013916125568343 16.016822829690188 16.00979968684185 16.160830840071064 15.318763830086395 16.727354131355018 15.733612848801748 15.730398200096342 15.880169000086658 15.418711397175375 15.057807809084165 15.303181691797725 16.068538548357143 15.753789094371474 15.859811042074616 15.770061804531162 15.941464262422484 15.452535996366137 15.459460405381535 15.824096832748708 16.144369569938643 16.308148893479707 15.504737532230271 15.948530193779625 15.642236471987138 15.262389244918019 16.44467950216338 15.533476464274505 15.53565842965844 15.92842192285818 16.206362255231646 15.449010519961993 15.783043803666335 15.708593639889035 15.904121546611375 16.874821230060697 15.439490473460463 15.617500555367526 16.01087164942205 16.206156408499574 15.556788265743174 16.122003523130285 15.670515864123017 15.569177311814064 15.190217258633083 15.693891734631407 15.706338977662709 15.709050092020794 15.617098160002904 15.46616478328514 15.770381849557822 15.795560158369799 15.644546034717163 15.58974690420077 16.00522294830092 15.587985731221863 15.771876046017042 15.635027457250715 15.660672663361904 15.681988533249605 16.12591487673809 16.045346377426043 16.22761863578947 15.561542517216127 15.816903335606327 15.498106034238054 15.769500204663682 15.72178077676595 15.40774212069494 16.202893725528714 15.473024989759399 15.439083444879712 16.01496574670467 15.956928824466035 16.26831521494455 15.593209775617275 16.048854216953178 15.457559264784559 16.257277770645583 14.542127654822787 15.48822679739522 15.94407771471359 15.8780648580233 15.333250810254736 15.749160850495697 15.695014619156892 15.930662961209011 15.843452141314183 15.955459032168525 15.949859305399555 0.9847251075048983 0.9538678552810987 0.9142505606470807 0.6944393044816979 0.9323091500375525 0.8140578394357832 0.7832876414162567 0.8598156575154657 0.812589718507519 0.9494335045855496 0.6542974045307132 0.8214522507088815 1.0931821006301516 0.9423994499670738 0.9482872055080019 0.7947425763850413 0.8532677518811235 0.9367513530689436 0.7544741659663783 0.819886100053637 0.7884039245173763 0.7467126984342475 0.8083746088090425 0.7734883844241454 0.92779700674947 0.8571518256161859 0.7682142070009836 0.8717138798861663 0.7230256165149277 0.7899643448293546 0.76157694713887 0.9533040535621569 0.7932041742324994 0.8237633720175545 0.7547217973254726 0.9910530984495214 0.7136127755678416 0.9234764249477244 0.7981101585791114 0.9707948213074142 0.880564889819965 1.063863599054903 0.8871841161188941 1.0823545236654961 0.7976677784484145 0.8520196062593962 0.9219954683925904 0.8549425479401865 0.9887013965457753 0.9455400302298897 0.6890572530085975 0.8143168816557946 0.9780908985824812 0.735982546735734 0.8945865331119692 0.7619248726482611 0.8936517074249247 0.9732553771375339 0.8447295364041668 0.8413188081802857 0.7715078429325571 0.9766033534717585 0.9696797312762431 1.0221393251828061 0.791955661642722 0.9044413496914934 1.1480221700947209 0.8931697323224828 0.7646167018708947 1.0369818982308376 0.919531193050843 0.9459372269714323 0.7216966297823065 
17.064656107140774 16.328812939339297 16.113705242024807 16.555044529547988 16.043196269201157 16.192274313271728 16.576689156003656 16.79795367373616 17.171674242811015 16.77926257338713 16.857777183256896 16.315187962875356 16.997652822102864 16.499557721463948 16.61882423013497 16.758212468637865 17.16182699655481 17.327935158676567 16.49617066015518 16.46119910932719 16.94967674872249 16.19355157883186 16.809490822954267 16.543408446263822 16.79272876442975 17.036788585009653 16.492338263926 16.49989671093039 16.901516153614825 16.67210502110025 16.984338637905882 16.892813001946767 16.773267776410464 16.671161053961857 16.906090658199375 16.12976432196805 16.901352424886696 16.613726353573433 16.493658581702817 16.546869654722983 16.12090217195501 17.516661021536372 16.50969433915451 16.052055316406932 16.039636819390225 16.644246584327554 17.11943466955687 17.065788746304314 16.86168351903763 16.806496428151288 16.36178524869233 16.578687555174234 16.793424585466102 16.69727061966788 16.80723354553218 16.79343468972821 16.922370591634962 16.094994203206788 17.507634656439947 16.523498239379258 16.522306555052094 16.65152971624236 16.143949440061505 15.812777571900787 16.077058611623773 16.78125744332131 16.47182907353294 16.557715601372333 16.517875387820702 16.63869510879194 16.242133644355622 16.207198070313883 16.59785199458448 16.86565068485457 17.011405440422962 16.289306835500756 16.684993876844644 16.344521705414138 16.000738132577304 17.17213617180835 16.19099070505243 16.206595380803535 16.720640062671922 16.92828440994514 16.237131218614994 16.568479370858526 16.403557113723203 16.780255850568118 17.644319162809275 16.223900608525053 16.42776626157835 16.67226928746712 16.98296510639533 16.32702052066439 16.895560873007476 16.529665476619 16.35311411703709 15.988808112937669 16.483397311921316 16.526267417878877 16.419723110885922 16.443126063584412 16.17001698364246 16.542850199700286 16.471692425795222 16.38532503176745 16.338219053546588 16.774156768398477 16.381778079007727 16.509673479738808 16.35787217471361 16.417709763235617 16.406419405910125 16.844738375261706 16.828712557081914 17.075249235029446 16.396933292002238 16.639891491604327 16.260571093911718 16.524301289018116 16.536672588825677 16.24949618539107 16.936427808799856 16.240141183642063 16.173697229268775 16.81982132897633 16.654794981263727 17.09892898045136 16.33473808939944 16.861063425146906 16.226563622877006 17.008964439955037 15.388826587006792 16.25238372309521 16.73835206630995 16.585680584618252 16.17270452464951 16.463385668903435 16.438787854319663 16.749476581838643 16.678593017745072 16.7807780107197 16.719026270002608 1.4068864970576853 1.2676595717845824 1.2666471636251864 1.0303392194673806 1.2940798439562098 1.2142394079741785 1.314110599194036 1.2172749701626495 1.2594440745357576 1.320689564482383 1.0139949685351999 1.2135463846932468 1.5494483066099378 1.3137591372094621 1.4266767893842418 1.132716535168255 1.3100934036417209 1.290464793248009 1.209021930584672 1.1945623074306222 1.1651043099834806 1.1795961835262672 1.2700224701220468 1.1915568244878723 1.395753288124412 1.2230092023858226 1.213551802628287 1.154036655223841 1.1655117993732098 1.1219914788167653 1.0939122261254595 1.4011079625691458 1.2537676818130798 1.137514481016553 1.1286925807599388 1.3903838641722346 1.0803575369110812 1.350601584602739 1.2786192932881955 1.391414356472364 1.286514921380336 1.464654281575192 1.2917089288065378 1.4182528522479068 1.2204741260343284 1.323385566764654 1.193326738141452 1.1914745179884227 1.3395815855457207 1.2114857823094394 1.090673962443795 1.2421277040175138 1.2779840681658763 1.193422751059225 1.2418875551822084 1.1457312491909537 1.312801997158274 1.4521757912457343 1.254029211688835 1.1290602819743114 1.225858955315674 1.356801138640879 1.3811747782882253 1.5341770007511344 1.2760981852486226 1.2499154713009228 1.6158981897550249 1.2820976428891337 1.155437100852019 1.3617973973559403 1.3593581744850811 1.5373195559899588 1.1383619930268343 1.0690872990506428 
16.8204122091431 16.281309518720914 16.12160711384923 16.549424865140026 16.024755329910434 16.12717959587697 16.491002087391358 16.739782887280626 17.109379665853126 16.646300687895987 16.6713383151707 16.216138527912992 17.01000628495745 16.41144157266745 16.434420249297023 16.606667342420717 16.95818372885164 17.19180480670924 16.242072245561463 16.3863143843103 16.76201654987943 16.166034874200694 16.69824452447886 16.44379677228121 16.661727442902322 16.98959188310811 16.29605971293477 16.486120693488235 16.828481117282927 16.588019582186828 16.909205194234328 16.821873084699494 16.665301037260875 16.564008561122755 16.68279395758631 16.06890210643377 16.816894946304252 16.503700470173037 16.53868325718871 16.3390154233658 15.966513007110606 17.366677309355097 16.35449536180866 15.980839089153545 15.913386387634842 16.578961948484757 17.011666783929233 16.976041191256698 16.757345544516177 16.8684068397715 16.21856443177578 16.476933795141782 16.730769722250834 16.71926501918534 16.67528171714665 16.652559578070928 16.834224517630236 15.98673946424977 17.394395735196213 16.377449808820984 16.35644957448349 16.564925738792184 16.12155903188362 15.732325555748783 15.990046162178567 16.750389065574357 16.444879708623652 16.581083535085757 16.435493715551296 16.631673091154486 16.14359681654964 16.19230513782707 16.49266937258133 16.80857482540549 17.019357128241268 16.153092295399585 16.631169091628525 16.348486464112398 15.980140637514264 17.094560917798177 16.25523290426529 16.282028275530273 16.606035454649195 16.87555042896111 16.10411217160649 16.448968765501007 16.39101190441955 16.488862865411242 17.51539135210869 16.1324454095641 16.24957985416124 16.757396760880173 16.873092314476374 16.192765079640363 16.79311832476488 16.278315448318388 16.22348752205471 15.832232291841354 16.317861182908956 16.35168255210078 16.43132069365088 16.288453693975093 16.189093827703395 16.43103096062865 16.4947243081697 16.37215425499377 16.305989651105023 16.686123694838845 16.238893921794045 16.457416521466705 16.324326256918535 16.33015885183304 16.39906734190831 16.829589134281346 16.68123150691596 16.8382422937392 16.272099614495513 16.49138113363566 16.17637084723831 16.43607377983637 16.39899163505576 16.075384034612746 16.88511392656896 16.1543660294254 16.13817748358014 16.651100248124475 16.667576112151732 16.887006899893063 16.30422512669483 16.719131509521773 16.155403931984317 16.93979803581205 15.175793576140917 16.16274524388489 16.636448064042693 16.598602703174866 16.010868849317497 16.471256482502504 16.381712921120926 16.597703384518454 16.483692580083762 16.576746538853946 16.643408246646707 1.2163514332464913 1.1720243884693378 1.1319731644229114 0.8167168663581751 1.1270796439667634 0.9801512039074299 0.8575480340876004 1.044798535727779 0.9978653601005135 1.1657641813133792 0.7799064523827548 1.041057547821721 1.1511150562972767 1.1212878006882017 1.1009109758661773 0.9922946246471027 0.9419629819990002 1.2360737071663583 0.9243258288599249 1.0970972393683718 0.9393709679892097 0.9416674968570125 1.0282286001799463 0.9479609957014997 1.0336323500682052 1.036688972537349 0.9124965898932121 1.0296518914020207 0.8615267011002334 0.9894178756006536 0.9589580359310893 1.004438374131415 0.9738765032781932 0.952740149220331 0.9046573137798485 1.241297905606341 0.8975216722780153 1.0875590227712642 1.016884349864302 1.163865460029367 1.0829446945090033 1.2847095284687933 1.0318027998600374 1.2570069070224246 0.953562652910142 1.0441091746057474 1.2153607059700384 1.0492733562164525 1.0914507537384779 1.2008320855140746 0.8845353596440407 0.9278224618964342 1.1774158058326454 0.9094005928949895 1.1110248292782117 0.9430618835470803 1.1598255388687189 1.0906021390018934 0.9417913125290766 1.0885766107796861 0.994462727679389 1.1398559801527384 1.089886421069737 1.0942441081279783 0.9920256447959724 1.1295725319682093 1.302588653410661 1.073627885133237 0.9768871857246368 1.1005797526420475 1.129945549038861 1.0355030996887753 0.9440329591265165 0.8390849985695878 1.3116984352930972 
15.488334655206245 14.861523262417283 14.67910216427272 15.087356465058336 14.661356755891246 14.747396816019002 15.117068396190195 15.290194459333401 15.67198064619189 15.26805827595998 15.308972604550151 14.849349513484464 15.526531781219374 15.018945231090248 15.087477684044327 15.212029587442284 15.58819483057013 15.77205533294223 14.917996996498108 14.987338388368991 15.409958524372971 14.748607129071504 15.294684280736137 15.05215200537814 15.26768686397298 15.487203163027488 14.92943605793178 15.055161474354819 15.380754623052683 15.153742932632651 15.50003831404715 15.368293351738645 15.277032623532309 15.179082473433407 15.343808623217587 14.655157109257688 15.390089934767984 15.124337402964606 15.07518058715346 15.01881196119551 14.644834091461236 15.93993255992277 14.979666881673708 14.626842373097192 14.615782290439913 15.207214249708969 15.54867912743433 15.532868809711623 15.389988893654492 15.334476032431922 14.8456319249038 15.090376831647838 15.320090654466329 15.226058864045395 15.280381661481313 15.249362242306896 15.402849729504537 14.621754481319591 15.952542828985063 14.99522036984457 14.982666827560337 15.163931520230078 14.70522809254091 14.361549339781314 14.629804852129615 15.281384968499333 15.0048344719456 15.10956077838903 15.01136899772123 15.144402947347263 14.788121030354322 14.807522698109395 15.088240283624945 15.333623793522829 15.530848246073054 14.780046071818553 15.192604127150178 14.893944184224042 14.599115307580007 15.607704466562295 14.766140364830328 14.816445909619329 15.216107460482702 15.40546512865775 14.74543048207735 15.069938321795483 14.915265339926586 15.178304262041529 16.03836226461787 14.769793884122988 14.894356634922064 15.255161419400402 15.455071937056694 14.81310764514177 15.37468008143305 14.964232597929946 14.840316898234013 14.50265479773841 14.939991086705769 15.011894480465868 14.986669805637185 14.959251732736858 14.765896041191116 15.029401256986985 15.004168622099504 14.967961054225624 14.902623970884882 15.271681853422383 14.865947161852558 15.030379664289645 14.890948281476362 14.939235643596676 14.96131122585181 15.36434302488939 15.278020218133506 15.47899069958965 14.967597851369684 15.145159740196618 14.784428827585408 15.018773665519277 15.051644045860966 14.780835868837135 15.421785531452368 14.781355849410714 14.738433334040643 15.258998908701033 15.187254338633068 15.509509551389216 14.896777344061807 15.353604965170522 14.7806622635664 15.494919883440868 13.938129208131816 14.787612493273848 15.257974953233196 15.135048125078061 14.708622592737349 15.027578568687247 14.966787981845927 15.243581620914789 15.147714481374244 15.2189992805252 15.238014386673823 1.1759155614579195 1.0453751173479042 1.051686055366374 0.8269534705035491 1.0650517689008574 0.986695906256111 0.9959885203757567 1.0295974321852999 0.9994353431603172 1.1382381170800833 0.7183226990877696 0.9999314094413143 1.242322751554849 1.0977474991122402 1.0847132061314435 0.9096645284542869 0.9563089618825783 1.0929479148153705 0.9073924280517349 0.9944136323407167 0.8898937862252074 0.9133301961346079 1.0150914486789246 0.9701762550682042 1.0574701822412864 0.9596106356076388 0.9953254672752969 0.9471583603539264 0.7883752055170806 0.9366866924731042 0.8744199841704616 1.066334119858421 0.9196585739805128 0.9017048695910634 0.7980849013261986 1.1133465760210894 0.9106762197734436 1.034034376291285 1.0334543191176084 1.172164899474252 1.0312223201376087 1.179523908505085 1.0413729397479485 1.2004207221327288 0.9527668595877892 0.9910749191167147 1.0376026126866749 0.9444672516615675 1.0524663078332146 1.0392979003799068 0.8078695718261157 0.9536527475338166 1.0343209934361945 0.8715864119321509 0.9842079389916122 0.923146231422106 1.090712324305008 1.1392078402538797 0.9746623339561089 0.9744222745392768 1.0441118251675126 1.0412467156935692 1.0842995526785377 1.1257859661807141 1.0197833319077603 1.0259131561384898 1.2859431495720903 1.027571662444424 0.8828493480786523 1.0530728791744188 1.1049148015338186 1.1966148852117409 0.9003045883062853 0.8937027791433124 1.2286985882660593 1.0123242355423023 
10.276170706967589 9.525131742836079 9.558459178551312 9.26315405642736 9.26545895296128 9.173919182078889 9.505282929616165 10.033210470507425 10.085895193277665 10.187816058891025 10.283496966274162 9.404460589055013 9.571356862763592 9.495794471459888 9.842504618010755 10.111284447287524 10.469747128670702 10.787563130704525 10.434119953393196 10.18213233630176 9.94933849640537 9.40268349234337 9.841034480566318 9.865424797724812 10.157005884186745 10.125718548026736 10.269934146066037 9.365943261911704 9.896844046062087 9.966873711689704 9.820149897544303 10.025271300618545 9.43407153946713 9.965941657553504 10.139853263733697 9.767898467738794 9.474785218470878 9.490696112752461 9.006502305328969 10.5451222226597 9.524708555762027 10.416926753267347 9.76263822624904 9.55577544629763 9.429601696131142 9.424981674905197 10.354235232520661 10.112537025703912 9.797635434325612 9.891404991991424 9.780207011240389 10.031831022571378 9.648789229327253 9.706820020593009 9.740772873315477 10.251699616761137 9.561753576513068 9.432102361780938 10.36250020994536 10.155212876225006 10.005040063020973 10.015127686514857 9.591026673625242 9.503671089012972 9.449027325510528 9.885853706826682 9.619454074624217 9.317839809426838 9.841236382848493 9.815409889144414 9.585995924125909 8.978869331633451 9.775283134348058 10.446070107682566 9.5571650833201 10.044183029361392 9.832098458407811 9.523900252599308 9.194237137634781 10.437653140394072 9.298588697524083 9.280129351646682 9.932221665812646 10.239306159096714 9.793031420639661 9.924937072985509 9.579698030822541 10.321983385849892 10.585765147093035 9.345727553314708 9.81993044608584 9.143994220690693 10.065670970378857 9.77536722516066 10.10768296756612 10.385697473377624 9.668674867024171 9.545261774749516 10.393648656433358 10.271925983682745 8.940519052458495 9.731758153425957 9.304132764449834 9.805636177515895 9.748935968527688 9.478057129622604 9.18294787735801 9.595183865729867 9.790537323130401 9.667148550857377 9.811503583599556 9.99581057554404 9.23885725849779 9.561027717053298 10.408992983776391 10.396811485651174 9.382564251259229 9.707834000498542 9.41536577664976 9.751940418618426 9.85604500936293 9.646916976884619 10.010516492545271 9.780835398164609 9.629897675659242 10.022675682833905 9.473287950099833 10.759946950951585 9.053939050472815 9.986245938941966 8.968188737052513 9.895901788566022 9.61106490030585 9.572785194113997 9.747842104261503 9.590311282690342 9.517220298915962 9.397903120718183 10.166010608070929 9.96020546983318 10.269468235931743 10.107445019314579 9.831248915745856 12.351901051751705 12.908190443456757 13.223951765549728 14.65605855968459 13.236471304039336 13.829096215489406 14.534093017679094 13.719178999927543 12.925066136970873 13.274717064236379 14.08116786258666 12.727757880110769 15.621667544471432 13.831369551064743 13.417817644801541 12.98809096881112 14.371672297298144 11.475447777895463 13.070583032047455 11.770340533856375 13.542707818904113 12.642264584274162 12.475399462414988 13.55796362384442 14.269563186529444 13.428118202086438 13.7335969844627 14.18597770521033 13.151189766778304 13.474988883169617 13.172302160659113 15.548824100492094 12.582098512609644 14.452077359143242 13.49703856320073 11.828845814905673 13.771045534370035 13.184350377901428 12.393502680294375 13.131940529184162 12.916706316332961 12.501411266446857 13.954182074731454 13.924251581058941 13.494148234572366 12.624394250553237 11.880064658476284 13.100308473382784 14.841782025716775 12.629253384257574 12.548306963469825 14.505322223959583 13.086010696902672 12.924681119323898 12.757527858429288 13.295160112132233 11.666616839222474 14.321033676319 14.889505202655895 12.71528924326537 12.626159932101293 13.455797905737604 14.103562368078789 14.48431630898061 12.857107661007099 12.677837506276243 13.564978486256559 13.49138166820494 12.512475334330887 15.677260639041231 12.747618501279506 14.29770283876183 12.279938817808327 13.035726115667092 13.544837876462203 14.637632746811724 13.978730838347811 
9.73757844330356 8.99893906662486 9.02973851778026 8.737145596706275 8.749194101600684 8.670985025240304 8.975754481379361 9.489891999558841 9.538354669631369 9.645954744948607 9.74107096785132 8.8780150682071 9.049513901269476 8.967421584633742 9.306969608969393 9.572146963988478 9.911563004892225 10.23233463239475 9.897979444885067 9.633294923097694 9.424942047211118 8.879986800007382 9.305766128990557 9.331826779929871 9.617771473007322 9.575421349467018 9.74335657419539 8.838602130527752 9.357655401391607 9.428132688174278 9.283173196569791 9.485170494425546 8.913293778052234 9.413784157331142 9.60475677803075 9.246374874048671 8.963975154575678 8.95213144126929 8.48650179319732 10.001938751454864 9.007209343689281 9.858909293127928 9.233852122813587 9.034966027629569 8.916469168856473 8.900197132187845 9.799613601837116 9.578142573637903 9.261948964230244 9.347583092771576 9.247211462927536 9.497451839688852 9.108894739455208 9.176568290009419 9.212934703145137 9.713574458331479 9.035794028504801 8.91420697973729 9.818434329395858 9.612944757726844 9.48449213079867 9.473959795285825 9.059739938706832 8.97967544169992 8.928827492845887 9.356847721400602 9.097718057609319 8.788174247328415 9.300330930262403 9.271338917591486 9.053430608461477 8.466176413240794 9.240887333094754 9.891843317570443 9.030405564213279 9.500411160345136 9.297690911081018 8.994648134312415 8.68639839152817 9.892523747544613 8.773448572868643 8.756591088256712 9.388349396684339 9.693998808108184 9.27004849393976 9.390581158132255 9.044826099672804 9.790876363953968 10.029571500238823 8.821089767492078 9.297832150807386 8.629558806610722 9.525226294334312 9.263542938217698 9.562404981943097 9.839142095617994 9.135184454544076 9.029897317549505 9.854590943837584 9.737872623569588 8.43395019399018 9.204136362107283 8.789864624115776 9.271124607502541 9.213608716993273 8.950647089319041 8.65876736091306 9.0662368099162 9.254869097375256 9.140463156325218 9.280009571060035 9.47265142508539 8.712976267015268 9.027153681368567 9.867989106992955 9.855629095194967 8.856240178125843 9.17634030013466 8.892305444030757 9.220966001587753 9.317363219223317 9.122324120133237 9.46787345129362 9.254164580859614 9.10756986290317 9.4822839194297 8.942386111660698 10.197202920656055 8.54189029648001 9.455686709592372 8.461020649818327 9.358889524633225 9.103981184386951 9.058196885468245 9.213795040831045 9.051032748833187 8.988581696399377 8.871945510079764 9.621038919978808 9.428139539400226 9.730953042386389 9.578872267060564 9.292585685106918 12.24060385113882 12.791936645721073 13.09557373401787 14.556441496587388 13.119357924369103 13.705202560436916 14.417663384194785 13.612333529778143 12.811846147566694 13.157987197187852 13.941614893687058 12.609865696679078 15.49553263338101 13.712537862801394 13.27804148215796 12.871972747464545 14.231939132412418 11.35626601808885 12.92496988363411 11.653813613533659 13.423522557556877 12.52631883531173 12.345906253224106 13.444322029373703 14.132963240296508 13.303344351362787 13.644042735763021 14.08284562622764 13.00137444719328 13.363506015369845 13.055783663288754 15.405601189246529 12.437385321143477 14.342289284030574 13.341615993394626 11.696739935123484 13.67026947089608 13.049734482261856 12.27573956772822 13.034406627049139 12.778294066902031 12.36305358865623 13.84321812531739 13.816683801039924 13.369575916897118 12.466736116049537 11.775971533837259 12.973780192219241 14.708492490184481 12.520435107624238 12.416963904773812 14.368167109784045 12.970488063490908 12.775599546115592 12.630021454462364 13.188553163912037 11.557966745162558 14.18698608170463 14.761605127079928 12.61888047201791 12.531943720862087 13.313606272223414 13.9842284786543 14.32085598994368 12.731784173217623 12.563194135412626 13.423918356415735 13.359188809903936 12.37974388605557 15.53415807972054 12.614632181022605 14.169014169301956 12.163873727528923 12.933362823574777 13.449362486204485 14.515748440313331 13.828903693803783 0.06098208477831401 
125.45260913518605 125.28799089664004 125.56382747880892 124.81659530539632 125.31468888042741 124.72071248007987 126.1039388932486 125.92752465446087 125.7371048983452 126.00077561795042 126.72849227687547 125.1201556852888 126.00447379327224 125.18386592431703 126.04787237489171 125.7405241931917 126.55214126689033 126.85116342136897 125.78605076077196 125.1551847881359 125.86312811191371 125.66324184215613 125.70172778492511 125.32881041907743 126.1154577814475 124.68941926986567 125.64926572764206 124.50685584133971 125.9858292679168 125.02573671123628 125.86780528282094 125.84854591122176 125.48695480007295 125.81040602726692 125.68127228774779 125.43476449094423 125.20443373761493 124.7856551876224 124.97478816070343 126.0385784741237 125.32291303268583 126.64523700458318 124.97185309768733 125.39753730560817 125.11621173225379 125.44071835843522 125.91063940860127 125.85349874960079 125.80952030431673 126.07010019106919 124.47399709947705 125.11693389865945 125.90304541381683 125.45921699411282 125.41324873174646 126.4990028932903 125.63331079124664 125.41379766963806 125.74445874126343 126.06259525457574 125.14983160086169 125.05897410590438 125.90133374172898 124.09143724134775 125.13426221147274 126.56082874835434 124.67000132783879 124.81444099100834 124.81273560961156 125.39172659804542 124.31796006229266 124.66378551999112 126.0789866091886 126.2407479773453 125.84525406838544 125.21223296458878 125.25121787790737 125.08287131792478 124.4945564548745 127.16550086749314 124.36468639328196 123.58818186672542 125.49076260484603 125.5514166062791 123.9469657821803 125.37523928615457 124.81220985634155 125.72356876954579 126.16399147516502 124.80539416984382 125.59986236514918 125.27033675153437 126.12237800437488 125.38106193576502 125.96995246184993 125.82720044359552 124.83323897651971 124.88447625725139 125.84362636358821 126.49248606296254 125.17806643224564 125.39706870464725 124.97400272693523 125.04696843988089 125.31735398235287 126.2106888739123 124.98147716624291 125.344089419553 124.62201108633802 126.25021975916194 125.3383399437613 125.80249041455568 125.13327749631827 125.42311372182417 126.44313440278069 126.0032935906093 125.64370293147954 125.75337840341291 125.11498041135043 124.64276673996015 125.64384662112928 126.77592309038985 125.94731607014097 125.22584320292131 124.67564113157391 125.5269873963582 125.65959624590212 125.4952244432736 124.88688057759411 125.76667066968407 125.08426087975012 126.18846355358143 124.84171923365676 126.22159259490043 126.00954808567106 125.58764612336093 125.24275554007507 124.98337025401086 125.9164303420281 124.65382889493603 125.38156782189584 125.46770501799037 126.20351484322443 94.87994881029329 94.28461135098304 95.37511890320614 93.2243375928469 94.84356036251307 93.77377968210696 94.71980676489345 94.41399765213478 95.13980815656204 93.50091520484061 93.77235644876593 94.85939770393328 94.68822747819975 94.46878346495153 96.34278312751489 95.10047726203891 94.47409559329095 96.23047535593115 94.4946629235199 95.57055734449546 94.34889193999469 95.75759909076473 95.92704082447035 94.9943208832634 94.76715510560827 95.15229396086521 94.5798415874316 93.76044422011168 95.8877420818039 94.06138918257759 95.41761268962674 93.837304170154 95.57260763238885 93.34752316097459 93.8993775384329 95.74479436684769 93.79483633008746 94.28044368900895 95.32073844855073 95.97898698245194 94.25081459319438 95.57550348308638 93.45706414382305 94.59649418705202 94.28956924703077 95.58958629937672 94.6357592512281 94.56555428171832 93.46867880543249 94.24811769096088 95.37566070791345 94.32263998715713 94.3060377744537 95.00403069491254 95.69301044240125 93.9401058878993 96.47070598792786 95.50756716704305 94.62189451473705 94.32549050951867 95.08561669955338 94.67171177372933 94.5757993631508 95.17619291617467 95.76833917888648 95.14294206122806 95.72599571391007 94.31277273598094 94.90967335244399 91.95855888555684 94.79930716062454 95.413819759752 95.08855968276382 94.49568015675119 93.20018257764319 95.24315230702278 94.56647580624077 117.65534382313196 117.55618521855767 
124.50586322540492 124.34425266635641 124.62332466325162 123.85579380541789 124.38276728247818 123.78869461095705 125.15161862638281 124.9742214056033 124.7672344747024 125.0554715264923 125.76617249973842 124.17047168964137 125.05812345651695 124.23393234134122 125.09236498230901 124.78510573169896 125.58193504092938 125.90082445185392 124.84350053704247 124.19997562632736 124.91668056589721 124.71577066219668 124.74787150245754 124.38013058111032 125.16535927890203 123.72038453529319 124.70648226051811 123.56141915179205 125.02662851524002 124.07908190900207 124.90877971451654 124.89070188059492 124.53823025810401 124.85130330351018 124.72960423923081 124.49938503774914 124.25174499161973 123.83763115167004 124.03114201433097 125.0885809868159 124.37492757878537 125.67962409831182 124.01609462885546 124.45385752366248 124.18071941091551 124.48936239118719 124.94414691945408 124.89619559633375 124.86179679680971 125.1070574274982 123.52385015718394 124.1724157519558 124.94678191089052 124.50824614427867 124.4620142913227 125.5403964140058 124.68155623673945 124.47115540534315 124.79481129290492 125.11229373977113 124.19587462596941 124.10877224900119 124.94911561811814 123.14016482779991 124.1951477282945 125.61693360158601 123.72749324148519 123.85348081769104 123.83301908519715 124.42661852523113 123.37023958111689 123.72153640277855 125.1199092320893 125.27925309444937 124.89585832963371 124.258015606034 124.29696162263902 124.13471303135488 123.56429770003962 126.2070501895062 123.41003202966644 122.64815845193101 124.53044756665403 124.59792374573588 123.00974524258751 124.42317618539384 123.85368039600716 124.77527876594512 125.19612415820298 123.85722858280481 124.6553985634786 124.32087085156076 125.15848769930533 124.44240347108311 125.00337539748021 124.8805033725809 123.87510806213477 123.93210192165287 124.900728445318 125.53881715626646 124.23235160701542 124.44700054727011 124.03411682200073 124.09746049100389 124.36159845128255 125.25576427615708 124.03297036931792 124.38314972089275 123.68429862895262 125.29828719901694 124.38950428109787 124.86213237237645 124.18315533521641 124.47032274593987 125.48884572722834 125.04695463015408 124.69252473397772 124.79817302523001 124.16579859185397 123.69430209680604 124.6879662931273 125.81673511225351 124.98482134071142 124.28497145715016 123.72970378714628 124.57471223418202 124.70857300876166 124.53357571180398 123.94397240590874 124.81098346362639 124.1440249117583 125.22681626719577 123.92057960705984 125.27249396213087 125.05276111770188 124.63428567863458 124.29623182899141 124.03341972213303 124.96516050926601 123.70309536418625 124.42927787105344 124.52117161702533 125.2477028882907 93.95725982321588 93.33429664019371 94.45528983843379 92.27183300204267 93.8964210115479 92.82282384096696 93.78497280744777 93.4867975689978 94.22324834673296 92.54364467486067 92.80977069711219 93.92500079553508 93.72831864445013 93.53332817005506 95.41477300781327 94.1511594285759 93.53562717846465 95.32225844050733 93.54655938154454 94.65881287095236 93.41188202311494 94.840337421059 95.00563879296912 94.05184922180409 93.83032020799429 94.21818583850687 93.65903875269807 92.81305448006503 94.94884102810626 93.12306904866588 94.46924881828527 92.87226916830384 94.63806164092772 92.39933574049105 92.94080280532548 94.8265503921447 92.85634560214862 93.33332981114704 94.40781833151364 95.0611613011635 93.30907171070261 94.65193127745643 92.5268538101949 93.66103226964877 93.34342613778816 94.63845765325458 93.7095572692384 93.62047759837917 92.48861974747012 93.31222159542575 94.44385141090976 93.3730220767495 93.37208435486917 94.07915572777604 94.76990579961301 92.998336723519 95.56742196214272 94.5702769592352 93.6643467445481 93.40623114344247 94.17239440049322 93.72084596619621 93.63042913876637 94.2219275511997 94.85251555755785 94.22026242683513 94.81300936470163 93.35864003231455 93.97023787601849 90.96697832924679 93.8614923428827 94.4723869204338 94.15940424690709 93.56918330047635 92.26564015441357 94.28670929552553 93.58937396250701 117.03457191901079 116.92353897418788 1.4132276503473367 
18.428024589440547 17.86593314900035 17.885334680094743 17.70471463998868 17.672231238994932 17.48873082903743 17.972991502101806 18.453077232330074 18.559953136177423 18.49670397123395 18.39202552344203 17.663117132912507 18.36188285658839 17.84272972326397 18.012442467573848 18.2683622948966 18.6705503704489 19.198712380548557 18.220268214420066 18.285969641327082 18.251412574360593 17.720628383711688 18.218295925485624 18.089939590343157 18.41844024913882 18.446735838450994 18.125224431828013 17.880333515533135 18.35045956276983 18.261598439148873 18.3495352558062 18.421684406130733 17.92642012331502 18.27370906176163 18.24896508919926 17.91271712489643 17.898050643395592 17.91871818991271 17.751300058092607 18.38058235279785 17.459069498382597 18.98143093710427 17.789186422947726 17.656427391005174 17.521192961225 17.940378777572455 18.64612114016271 18.474557333796984 18.33264905233795 18.468034101009835 17.797817073910657 18.24933846847652 18.221156601476807 18.243464635194766 18.06009132473265 18.404252161565168 18.08465092394623 17.550789056773983 18.98271392872799 18.244686894904003 17.87998367520561 18.29718939736992 17.836358240764913 17.334794386308392 17.624582806010807 18.441266932389304 17.95080580346037 17.81338925317689 17.767114506912495 18.16672178815852 17.714901356521008 17.44434548615212 18.04694930266892 18.725728571452173 18.33609229766116 17.9591706248583 18.153384914214083 17.91598487700938 17.513515041744036 18.89549726649325 17.633811624480586 17.7505817227657 18.205003085459577 18.59008645728608 17.76538871324669 18.06542136655106 17.832626916254682 18.16244547898189 19.079332148361416 17.575488402968148 17.864621297683087 17.924487109998587 18.392810233902487 17.777890455967924 18.38403837797932 18.243276330760978 17.699052903627425 17.271261275918324 18.340836297140257 18.24381196572562 17.555488159844458 17.862766652526606 17.666242070185554 18.009613148145583 18.100084118700423 17.920975741842465 17.638467447963738 17.958467887615388 17.946585402481034 18.033662835727142 18.056608346399702 18.145981020343765 17.769188881851743 18.165584973674843 18.53288507245826 18.4912828077972 17.688124545940173 17.96421085573942 17.628643726341817 17.966138210943704 18.02646234661771 17.635714474494016 18.45089301805652 17.915105937175145 17.76316077171415 18.246038889035265 18.10333757856654 18.76349393792677 17.53033185190081 18.246055978253885 17.37180860600971 18.387079405073248 17.15977826761285 17.70523016005878 18.139647305472046 18.164051799086252 17.61705037929561 17.892739360291074 18.368007484906258 18.12540870482172 18.244397199634953 18.171628532539593 18.254904682224847 2.363765076458181 2.3136773409190368 2.8564558312981965 2.2918757157997978 2.399360449501788 2.386997620413976 2.635762798056924 2.527159831667474 2.5060306124497465 2.1887755966394873 2.446629414433541 2.28533178884731 3.0613865376068934 2.6738351846429316 3.05539798758777 2.1839686347389686 2.8997659296468385 2.4893519137901667 2.3933150483507624 2.376339729143501 2.4634193756316924 2.471480605781193 2.5437864978045335 2.379314934874795 2.9592138668058947 2.72622100045289 2.290476328287066 2.4858305429356364 2.7640990831653216 2.36079892905639 2.3281662079084606 2.9915527009792324 2.551384892120693 2.5002326716327925 2.568335497449352 2.5934054157984803 2.2617923346044115 2.5262449172007533 2.4233015313554236 2.560422391430621 2.4147386484151547 2.784941613294633 2.548872131428541 2.7378688659598662 2.3430910291401874 2.570954099463058 2.1916380445430743 2.4049887670783336 2.58668745516374 2.333484229405544 2.363036199908467 2.7548492945634693 2.529515005161477 2.697045504171789 2.744919945937617 2.1906077573052367 2.4469123785560454 3.0200097404107114 2.755709602193789 2.320832396257069 2.2072886711723823 2.739241758869688 2.644606369475135 3.0884341091299983 2.6489879639757286 2.523114951249582 3.2428465284252543 2.4941500294750734 2.3733390216526327 2.7312113218249814 2.438797283415637 2.783968099316243 2.168101756147296 2.122690821705556 2.4686966905484726 2.584680255266254 2.6450218650975303 10.399510331792072 10.41770683295302 92.08662621829114 91.16771557558336 
19.005506450245214 18.43109187446036 18.457816409248892 18.246358569803945 18.26252908581599 18.02967079799451 18.56092744424263 19.034723721375812 19.15353534467553 19.097788791810213 18.98394088207279 18.2370894410993 18.911122657581913 18.41072811816319 18.5939397879277 18.843560556380478 19.278605371375228 19.80737354038669 18.802203140102662 18.899772600611783 18.818983971209423 18.286332696021557 18.79296853834646 18.67003141601488 19.003795206372196 19.006169710950214 18.683691297924284 18.448032230782434 18.92043084066646 18.83069718738903 18.937542168927283 18.993217407187174 18.48092403667395 18.882596540507677 18.82269403258988 18.478352766623797 18.420892126019492 18.495663970921036 18.298612437659173 18.994058001138825 18.023312760721645 19.57745524281545 18.344653782237746 18.242857188513774 18.10897171070167 18.528520094087458 19.21849598105224 19.034898913890526 18.935021570729837 19.037889722400802 18.367361859810032 18.842058110372584 18.81246230496082 18.80199758588388 18.614419831462932 18.984741012106486 18.625175609496637 18.11117335938199 19.56124845375784 18.83276160659425 18.429492054266884 18.895267650638523 18.42218957339391 17.906846217415115 18.200631252840203 19.00187556130208 18.50488320530449 18.36833502180471 18.33109105216712 18.734822584088736 18.305195116859167 18.00673620948101 18.621327831309348 19.319030133036815 18.883604695991615 18.547554516937204 18.719960274676538 18.482816494630217 18.079921000715878 19.46583330423581 18.183282476656146 18.319173934872648 18.80038928421228 19.16259552023295 18.334124371666622 18.644713084672166 18.380887935402043 18.72590114257447 19.651205738016362 18.150489640957392 18.42306388319826 18.463737424719337 18.970286653769328 18.31634398820476 18.972604873446553 18.841111748068244 18.263393817330222 17.820480131434152 18.925989506842892 18.84572424477009 18.08817184425274 18.4523119684044 18.225809235575184 18.57696283104894 18.663837277915352 18.513032045343294 18.204673967875966 18.51636315227428 18.519016920834048 18.600120061988356 18.635946580799583 18.723621858533082 18.332741624137906 18.71979686294062 19.11577320772327 19.066875009627687 18.288567670886827 18.5490984257688 18.187828505876794 18.526679282672884 18.62609545226577 18.22730235808616 19.026813974813813 18.50013261028357 18.340273603395417 18.813875001016424 18.660663788298688 19.367960577369814 18.07538224547282 18.831426410793817 17.91337701440089 18.956145231135192 17.743285986726413 18.265757423797496 18.729475968906623 18.745706952698406 18.21433095421353 18.46139650135865 18.978726193377522 18.711069538840874 18.84038052298681 18.73148838347589 18.845991264710282 2.453626582949009 2.381523761361924 2.9649010968693594 2.3410435176147666 2.4768520401130485 2.4799155825585246 2.736490350852061 2.599951901633215 2.603943353536493 2.271560542185819 2.5369436980522195 2.375217955179908 3.160726168291929 2.76319304580747 3.196578095970597 2.24695947451227 3.0085756316521524 2.5910032069125375 2.5123562778362603 2.4786027187655923 2.5370912959117926 2.571076931753164 2.6717134752524743 2.4732174862328873 3.0768956346592953 2.825295616496802 2.3510972806744457 2.532156424613512 2.890392158271793 2.4338778684863587 2.4040539440460376 3.1003055283378806 2.6757494552952843 2.551325276960476 2.67803116429047 2.703139072342006 2.335914863829246 2.6295707428746002 2.540772716227667 2.6390530864374853 2.518538173946648 2.896656823144795 2.6244619791542716 2.804447514848233 2.430962438288072 2.7163235937161834 2.252450791179002 2.4818548566511147 2.65877009477513 2.393588931608376 2.46203501430408 2.8640072008892212 2.5879123317219688 2.829974460077238 2.8447751977100775 2.2621886940926665 2.548237382709689 3.1458145320558724 2.850976824764629 2.3770386912418484 2.2966691125240124 2.843425712495822 2.7210662014764035 3.22387005135001 2.781469446444716 2.6044060904631463 3.370690865861541 2.596079396626919 2.479750326693155 2.7993367250089864 2.5517247705909427 2.917915392540235 2.261486794321411 2.2153273501976383 2.526478264069062 2.676111103442821 2.731478449625156 10.55722421575611 10.591994954691293 91.7832296594563 90.86492663696673 0.7215784281208383 
18.300928394057678 17.71979217617762 17.731473266806212 17.580578279751133 17.537426006219196 17.32861905077436 17.858935374292145 18.314994797264365 18.46237167851022 18.364236365980855 18.27407115313787 17.544851988689786 18.2044379788206 17.717253198239632 17.894364764086667 18.135208810424555 18.574735648920388 19.05894842526074 18.069033458809898 18.173892104741544 18.11324458878694 17.57917769540383 18.090598836928848 17.958963758017354 18.281632156346237 18.320484153312982 17.95906441393455 17.75105599934426 18.217886936769077 18.115971766590796 18.23954912262589 18.28364941903619 17.794896590412282 18.17527608406854 18.123653439699332 17.740897229620757 17.74998391380278 17.808126665829402 17.612831216031363 18.257401298961568 17.333551113517398 18.869549634138053 17.661701639902226 17.528198581867716 17.39608869392423 17.83336965277567 18.518723224230722 18.333846631960085 18.220537158899607 18.32789061858661 17.670144076528867 18.114645588763373 18.111322423589193 18.091091968247362 17.92494532479227 18.265805349561074 17.94361159580794 17.40618747924802 18.842532449629708 18.108269397029026 17.734420486020745 18.174769805301043 17.705508694477288 17.210944175416778 17.48634050575132 18.271076702996613 17.797481983110394 17.69395278138206 17.673464427026 18.04004443603199 17.606195923199813 17.3214649831469 17.920360987547824 18.587363297878497 18.185309925590794 17.83872495076752 18.02007529831613 17.77353911456963 17.36261077984191 18.734222960799784 17.496356508349503 17.61319904859923 18.098570991036127 18.445710501992213 17.62104780500341 17.941132156631642 17.695711341763683 18.021244613890648 18.948313841130794 17.458370360236433 17.714083836170904 17.775978002133353 18.273201393411853 17.606662968854046 18.272370555141574 18.11584108082219 17.57992535256568 17.143705014229724 18.184933810792362 18.11531847402832 17.406595168121875 17.74852652908306 17.5201471553735 17.874838131804207 17.95576115993211 17.804677484808273 17.51802948928386 17.83934043785649 17.804926430312584 17.8894846841434 17.913150652879246 17.988805772178413 17.638934189352323 18.03249419190452 18.388358974418846 18.36055570796487 17.599543323466246 17.855691428533902 17.494522670872907 17.82635825709194 17.923593110171446 17.534522888620167 18.321628990451355 17.775893037361108 17.62808636393774 18.111624131167883 17.958939830475206 18.65426975057224 17.391404501849912 18.127696647912167 17.23069164166874 18.25949902948326 17.005077563108536 17.561129616955263 18.029218301435474 18.037109900276736 17.51119580204014 17.761996650700272 18.237635208034536 18.01036940046827 18.125845433630968 18.026217040153586 18.13620247944346 2.313731338536421 2.2707673883891015 2.7899420423354875 2.2535814332783617 2.3635204234677545 2.3788360867161926 2.6013888502391715 2.4726388282163643 2.440511908222751 2.196425577461975 2.4213966528335673 2.2509576029695793 3.0442646681057273 2.6319004840992046 2.9922082495581255 2.1447229463887054 2.849334047112041 2.4092024377177648 2.3855209479224846 2.3065348974993283 2.402936618420705 2.3980856243250046 2.500956972543506 2.3531832453198986 2.9122002762356414 2.659799922575643 2.2320010716645062 2.422083646478175 2.7000737199472864 2.318333729767257 2.281868883455919 2.98477977645003 2.507694684524425 2.4441488036912653 2.542457155241047 2.522466818619467 2.228737183679495 2.492866834513021 2.3745702429331645 2.4883553429004808 2.398570674104608 2.723536990107285 2.4969307770609843 2.6739033820783185 2.319810625853801 2.563403274386597 2.1201550849045567 2.359563399605455 2.583829359686236 2.2699666797329967 2.306890035526429 2.734073195509559 2.4509133455279413 2.6492414478450517 2.661745754251455 2.1526672459924 2.362269697149357 2.981418267637856 2.7325323220708815 2.238560156763167 2.1585183530251464 2.697677286754678 2.5973517204743994 3.073158670360657 2.6013087648770608 2.4475735894518964 3.1703328965823103 2.4790077084476265 2.330131132591207 2.7398065925935526 2.4217247222547926 2.7765960022836804 2.1223541958110057 2.095500995836413 2.42260274501253 2.568786433086045 2.611621671381291 10.169839073356798 10.199164269298473 92.40753662725545 91.50470931469863 0.8346237300436682 0.7407168591923419 
17.898453905178393 17.388576453964642 17.446323069608614 17.19037376994336 17.23161875532202 16.986641217725484 17.486846827568318 17.975292543635714 18.058148839059466 18.023456730718607 17.895037664820773 17.171590100039868 17.855016030594847 17.343326732124428 17.506382391087577 17.7648003072614 18.165070718145387 18.724894675391603 17.72951774903861 17.841181533772765 17.72074376378919 17.252491622876292 17.71230319192559 17.607323684840935 17.932661207634737 17.929448977293386 17.626035480219112 17.391012637393036 17.846518180810623 17.771929927443722 17.848064211019942 17.923113076822673 17.397218522099923 17.806302872420517 17.723809103092353 17.45445114474384 17.342899680965058 17.417057601258822 17.259764132016294 17.920350811573073 16.96716191286963 18.462522878751287 17.26994767105514 17.20396989728908 17.053947244269946 17.44624953765881 18.139840173232457 17.959563815195562 17.845151522077593 18.00292826870489 17.29752550358496 17.77465858184268 17.73356241957083 17.760056154054276 17.534007513476674 17.91056757083877 17.551168100840712 17.066670872495813 18.460065609004218 17.77341114961606 17.359309907797527 17.822668448924322 17.39054790087449 16.867135226292262 17.156402704085206 17.960120322088777 17.46141941198357 17.31534734842181 17.26117735710601 17.68467579077396 17.240119662776067 16.95813223525117 17.550801910843123 18.26251687725121 17.825811857879113 17.494187160096388 17.661561934530354 17.446942433948372 17.047600164616075 18.402357963680544 17.16185084746126 17.292350326406417 17.71435770529514 18.107405927591536 17.27512394190636 17.578373369520563 17.34326182079861 17.628829167029362 18.543009855071606 17.08732944662077 17.355566931211648 17.425580111073636 17.88517466157471 17.27387698767685 17.888255067321076 17.763297471627688 17.195275278386525 16.773193477203453 17.873873813612743 17.772351817624504 17.041372507415424 17.370392887519802 17.20387857239373 17.512571954294195 17.63294254447807 17.463095441207514 17.150631527243736 17.434576449040488 17.45956796830644 17.551890224067375 17.594159001959966 17.680241937916815 17.280916991386 17.663970733713697 18.046919158932116 17.96069478762453 17.207012314984294 17.46107917525996 17.134255064838616 17.465529614156942 17.54656093955834 17.15772888152266 17.955411827302168 17.455271469307466 17.29959931582238 17.72997580358711 17.615538965874283 18.268096710691605 17.025525220120986 17.737429120269265 16.860714989488496 17.87803310060769 16.71767466655742 17.223146668963786 17.646939679738235 17.698658886755204 17.139061704578822 17.411863802631515 17.931956499150793 17.615632868407772 17.75182342030874 17.647705056279293 17.77688060392439 2.49874767606955 2.4713239032012417 3.0743095398874423 2.5030131216665987 2.569804460808643 2.5762814498629036 2.8081058260697738 2.736452038468481 2.6653227460963502 2.357281361586851 2.6406639506318026 2.4540006169464905 3.2699820580722485 2.8784306398462247 3.2238114456030456 2.3568873631630307 3.081164127335703 2.650780825346202 2.5515353815683413 2.5384962227618697 2.6358059249447523 2.631268084611144 2.7099273071891585 2.566089200233784 3.1385660801157056 2.9149848666129228 2.4638380328152243 2.6897507730986305 2.922484792206775 2.562728951739236 2.517080260125008 3.2019435921172175 2.693561738755854 2.7030761887953787 2.7410334194014148 2.7284696849299985 2.4650511237664117 2.6637037637677374 2.5740768538141445 2.729690837194788 2.581228938913428 2.9409227157271403 2.725410923071765 2.931186766580343 2.508717910803959 2.7149523877414365 2.3520754584676316 2.579947081421928 2.775304334325475 2.5105223266135814 2.523383939289424 2.962951789971508 2.697001773256973 2.8680474779102894 2.9275253727460195 2.353525812971675 2.5909883960754647 3.2124724179706234 2.969882704666716 2.508689215477996 2.3683022112095307 2.902440245517436 2.81185661768591 3.2583352097526395 2.8246077464549737 2.6958393482264733 3.419897892437369 2.669665621509599 2.5263209216264384 2.933056740783562 2.5941351015430283 2.9377037424971757 2.3140295140909135 2.306122426643183 2.6737342960544703 2.770696952563156 2.810957510001725 10.035766031422622 10.049945996913369 92.12460623079782 91.20301201965029 0.8094060523173583 0.7224225562854306 0.8415347106967337 
19.09782751310426 18.58952745311247 18.6419344321995 18.450766634072565 18.365259142523627 18.16743680348956 18.659580492153953 19.190670116870997 19.26498859144413 19.188499257873886 19.059188365590273 18.35670899265575 19.094255003784937 18.54942418005888 18.686758180865034 18.961025103484086 19.353560592038175 19.91015984772032 18.87616365803335 18.99132009514428 18.89643324425213 18.43930353002682 18.91733382538958 18.79012219471295 19.11620810990039 19.203600006615495 18.79273413554061 18.60936012174871 19.072795893489534 18.996945766865778 19.040991495860478 19.14210215049192 18.613130565490287 19.000064089505123 18.914142324521432 18.6164749798991 18.579891371645463 18.656590216883426 18.52000709351817 19.027896703372594 18.121922190565552 19.697528121530606 18.47657603419502 18.33090719139051 18.159472847564885 18.608656100057996 19.398539560587206 19.181612613262 19.01069574450585 19.251026928464654 18.490366608337027 18.927094680383618 18.938920254807524 18.989254385778437 18.758290356561762 19.080956044933718 18.814299799884843 18.238184587049453 19.69189292754872 18.952842155464047 18.527391906380956 18.992075462384996 18.554659353043576 18.016386420122014 18.309424888379827 19.176341761031814 18.66769530069087 18.56228372719072 18.47993386899 18.92870107959282 18.406438237615475 18.14695105428842 18.74291224388325 19.46608532524358 19.088350919850914 18.676293348097822 18.879660416719496 18.655970479391968 18.1927209280007 19.62763238116916 18.395131439145125 18.4971322473382 18.898133276706794 19.343518202831778 18.43504792264241 18.761036935080593 18.602040891883394 18.80440412876886 19.809173598467495 18.264502451339762 18.52871460934222 18.670386269857122 19.09042914334922 18.453791498434306 19.0819819762049 18.926726260625873 18.40197182941111 17.938914532534376 19.03331722415009 18.87608980261267 18.267239225915567 18.50933772596409 18.38712048481046 18.72565218445001 18.857887526449122 18.615101681731318 18.36331509246507 18.656441299776482 18.672425704802656 18.742449094797102 18.765204755033523 18.818680594063437 18.500589711801155 18.93546908707968 19.221551544561766 19.15380440903217 18.347758823791715 18.631987371752285 18.331513790167243 18.680906538367804 18.705417120882842 18.275428790353494 19.176200966320945 18.60155791753744 18.446764145122447 18.957047505647466 18.86430939614773 19.47124999960777 18.242439745577247 18.8913872278264 18.06598231699419 19.1014191875804 17.7769058760812 18.375079713377726 18.8204130847042 18.922619034619043 18.27459270657462 18.615518046179904 19.07521446028141 18.776519739325202 18.89394964937852 18.8394847779163 18.963394699827372 2.5440848288296247 2.526805962339237 3.112958047989786 2.4441461647708227 2.6003188460423896 2.570006370382179 2.7181435468661608 2.739695384123052 2.6665151917300935 2.3775080845049845 2.654250191256612 2.4988918704705396 3.161520839961097 2.878659183111229 3.190549183941359 2.4230952496533895 3.0633511231070942 2.760817093248157 2.60073040565893 2.613018906453141 2.6603206214588546 2.6472235981289973 2.735068875663967 2.5340856400857272 3.0997888472147426 2.9155842514649017 2.4193429280420276 2.678961187320378 2.94801277838711 2.5797600577060145 2.54345512253324 3.131103808698067 2.7516436046701593 2.6916134329693535 2.805319229102354 2.832435298451688 2.421280251284462 2.6895378671587706 2.585772117203672 2.7138397244597248 2.662655393692462 3.0357021631679344 2.7094044305391285 2.929575782009953 2.5275855381710985 2.768415496649805 2.454527955579943 2.6514935389863763 2.769096536637913 2.5876670463662426 2.59139453523827 2.933547408512496 2.7728119663467306 2.920971268042288 2.982752730763372 2.346922715816104 2.6467138747412755 3.1532419422710425 2.9080291813729646 2.554726826578657 2.3453644927829065 2.943156038199829 2.8021228713060355 3.2649413272450967 2.808127895548306 2.752260371313028 3.447773917138003 2.6838635285837764 2.5786852231434048 2.921645060810432 2.6452355844954183 2.8352313881469273 2.3563837257136755 2.2757536763404596 2.678547695821571 2.7066655948897265 2.8583428289819017 10.988991612310432 11.022424739460233 92.92102414802714 92.00283077135404 0.9471530964827081 0.8612817772614451 0.980198137637889 0.95092846288174 
17.54920666175138 16.940043095984347 16.943650242691 16.784450135391083 16.713062769869428 16.57837678702323 17.031437897490903 17.51844495429515 17.611173359687296 17.56612965124491 17.483315116323368 16.74392602328757 17.41702427123682 16.924277576325743 17.111229935063573 17.36564214278769 17.756851769252737 18.263456325477726 17.347472851918102 17.338134071714872 17.352230852238915 16.787189186561985 17.29906326640409 17.168516702970567 17.50016749390933 17.532149044231186 17.25133218301132 16.940264776694594 17.424369406089323 17.348188493074225 17.404354892255466 17.495248588920543 17.015209939826466 17.336745012763334 17.36592950204937 16.99168860833373 17.002715669026777 17.005654930438887 16.807935054803874 17.468665301775843 16.566270064240282 18.055955265107702 16.905138295188983 16.720380188822975 16.595278249049773 16.98895616914568 17.73930246729064 17.56027854347928 17.38422211749688 17.508553700985043 16.90245639545897 17.316113109324125 17.273639352543718 17.29926306905181 17.16329479159452 17.49017548474306 17.18407881357376 16.645736077485385 18.057048780542292 17.335748278860763 16.999305777696847 17.357193200861907 16.888837347758894 16.421855952414724 16.700844438840875 17.50748747687489 17.026382551312796 16.874157320003793 16.8623693584993 17.232815986440492 16.7889770364156 16.504569396925376 17.127356292956403 17.786126336730153 17.398175290719937 17.05496210004242 17.22960888180089 16.97511448542272 16.57231314289837 17.970031789546972 16.69314462991561 16.788642135203084 17.274511957678598 17.665758343889472 16.865464889288184 17.152062098541826 16.91930765567715 17.310004051512898 18.169151578779445 16.653720269234544 16.979528827586506 16.96822420323787 17.471475471502153 16.897003946719984 17.45435064020058 17.362211336611423 16.8040060192801 16.39665878763207 17.44111244222686 17.32195618290086 16.62435953148628 16.943963062837177 16.723594087698434 17.104674533246445 17.159384875804314 16.956092753842903 16.705114010826215 17.04439589151872 17.05184879363433 17.10298361879147 17.116053262352967 17.21842107304539 16.8286628102643 17.239117329695784 17.622523840212377 17.61017629539584 16.750535843991024 17.046817743776018 16.71787516246583 17.05876443913416 17.10024018340765 16.721692579193466 17.5149598694039 16.986099192729515 16.824423713690404 17.355894135406984 17.162930969358765 17.866938683465595 16.608205721180322 17.32179022987675 16.46278750303607 17.457668341419794 16.274396931318872 16.78924313749646 17.2028483291478 17.208105952643457 16.698441663193385 16.943678762655257 17.413045172577185 17.20970549035962 17.338317911066337 17.294179591162656 17.31318727026533 2.2710927773375356 2.2303638908073156 2.7583313823821674 2.298217394130233 2.335312137718789 2.3485555697198155 2.6520884089203287 2.4821348043922487 2.437240059547132 2.1248789953812315 2.41846399112657 2.206169127982061 3.082668492548647 2.620512692635678 2.966671751882901 2.1276139732013144 2.8863833848473988 2.3337936302341027 2.333459376518704 2.2393779414977932 2.4265101482650677 2.388768011112786 2.4390053358420145 2.3282803023437086 2.9286142245966285 2.6460973348549133 2.284169079937567 2.4547122855257335 2.6887017073374255 2.302352813671929 2.256981302120372 3.0141340497093836 2.464534721835522 2.491738151947646 2.508912214252556 2.462034785250019 2.2184593428441954 2.461476016813453 2.328821368749493 2.496681603148691 2.344508761721697 2.6779877105169057 2.525708484455678 2.688615468956412 2.3090701284042066 2.469251072068584 2.0613963124678127 2.3386131172849884 2.5889981430101883 2.2296324317582084 2.281515246216439 2.7362605291869166 2.4591114754147667 2.617085509049023 2.6363899807375404 2.142085655212612 2.3142759091937433 2.9811703779923455 2.7511815669581767 2.2281957813746622 2.1320041964030487 2.6683333240071794 2.628738886531359 3.0775540710946996 2.5561376007002727 2.4280275534027824 3.174079529167596 2.4287956331996647 2.2730538940490908 2.763470007618638 2.3559691454118856 2.7731636838241407 2.0781779406225285 2.06223036721817 2.389313937221918 2.5970438984097437 2.604222870878686 9.363123055696216 9.379767154009283 92.48748369433137 91.58151981694577 0.7310852181077708 0.6663048352993066 0.7522010944137312 0.7334710529761712 0.9000292892773039 
18.774305328119894 18.293390900705614 18.348211018035506 18.179816305788254 18.090859464125057 17.86091103008471 18.390981618870217 18.898410576114703 19.011354310783627 18.888504609942732 18.765409685711425 18.075115370821333 18.80759645129313 18.262836282724535 18.389915569763314 18.655270772478815 19.070313173980935 19.60265449546528 18.53270466227925 18.717195938391804 18.58654317442266 18.155101814811335 18.6263251612246 18.496435434557938 18.812960322723782 18.91638537861362 18.45015726484212 18.332545163354283 18.785392404679783 18.68760591235377 18.776782752830652 18.850022638559107 18.32204564021793 18.728793356446104 18.6000476549749 18.29841572661318 18.28136906977735 18.368763457711058 18.24674268167605 18.722184010126494 17.824714727912447 19.41049862045696 18.17250246074935 18.051421835244163 17.87318032503303 18.35201054254119 19.099288725330048 18.884341309529226 18.73828772737306 18.982274728362285 18.185746660723556 18.6325288840135 18.673572605657437 18.70383966898071 18.454459660740895 18.779848821679877 18.51323613038452 17.934008863200642 19.38778528504075 18.643228710547977 18.212971127307135 18.70879985519848 18.281207642005224 17.731681633260035 18.01500978860051 18.868185539122738 18.36941570856044 18.302223620379984 18.21851892413341 18.653728568747173 18.12862878148633 17.880667892006326 18.45689127947448 19.174199961789775 18.80180099230384 18.376843410667245 18.591786901520116 18.372976808733053 17.904003678859823 19.31762661675956 18.125790576366835 18.22934167570259 18.623776661221353 19.04219803780468 18.120156597203483 18.468380666654948 18.31296393721488 18.462627704981273 19.50734422202416 17.985271195813375 18.205879340086444 18.405529252786547 18.808556074516712 18.12165652074799 18.807860459536627 18.598744993643496 18.10836929095581 17.636382544253674 18.703167735026174 18.58119125900896 17.988596735170375 18.22533438108504 18.107319828208375 18.421842765450283 18.57606784668677 18.36274842205123 18.09190525459886 18.378322640034465 18.34996902425832 18.45399074746098 18.477552399174783 18.512642348609145 18.22771620973159 18.651625350644416 18.91028193231469 18.833694071789232 18.091854125705982 18.352636128758085 18.0390685893191 18.377912358664457 18.430245386972246 18.00398742047197 18.89643902720692 18.305960745842736 18.16683684677609 18.641575221339224 18.581716039710837 19.16360403575792 17.95837304019399 18.60964430240184 17.77339623463826 18.82162367815144 17.44314199709235 18.082961723032874 18.55085363696801 18.654012334993457 17.99273001528923 18.346618339305603 18.793815310967613 18.488464770545924 18.593779148659113 18.512279718457968 18.689401388166665 2.1616501219093758 2.1649779007785854 2.714705957538133 2.048658693151151 2.2274386949341594 2.19682962771231 2.2836089821427383 2.340312810090318 2.253999036837214 2.038883651944074 2.263674992604962 2.1251877345176418 2.7488549907443045 2.4871971033125204 2.774563786242977 2.0490757139566576 2.6263891064053655 2.3833701148464916 2.2196418687887864 2.2343513937807153 2.2486012138771057 2.236445942082405 2.3475724014486063 2.15528301244736 2.6734638144748386 2.5161518526178925 1.997923267303183 2.2848433121730403 2.528431326156789 2.2004590121478294 2.17049201761674 2.717725272819781 2.352283748151999 2.284974457871823 2.417061832806735 2.4419536767062673 2.043757807118688 2.3010976312592684 2.190236625393895 2.3074863004126946 2.287025583558453 2.6381265569047403 2.294955249060129 2.5310630189329784 2.1377270033825324 2.400655173674543 2.0961372873300173 2.2688022222853297 2.392529041193962 2.2234367915589575 2.1933689134136123 2.5295907172689622 2.373285052241756 2.5072711769815945 2.5811809687224456 1.9659346847544608 2.2525225065216254 2.7376902891651613 2.5066275474212105 2.168866746182624 1.957454964522524 2.5533904045285944 2.3898450792376935 2.8401954431861984 2.408160065612482 2.3577638678639365 3.0089893465230464 2.3167552298401706 2.2021287884519323 2.53919554700549 2.2732630529399636 2.4230079754421916 1.976440349349854 1.8983239175803606 2.3195494425773666 2.3005394948928597 2.472161389303357 10.888708147886337 10.923329673618824 92.37490418875666 91.4666637322839 0.7030858659809975 0.6141766802770212 0.7177288473009723 0.7074325064235184 0.763813734666543 0.6755134954680742 
18.067204473752234 17.502539450893785 17.531440045031694 17.295498591798047 17.316688882606954 17.125052141044286 17.59346811470377 18.09220248043839 18.17608207582502 18.154709700270306 18.042394056955757 17.285545987723367 17.9761543751413 17.46199443584464 17.646272104182984 17.915212333464417 18.30597874202253 18.864558236278725 17.909481569856194 17.950014526527234 17.893403114221137 17.35530342746034 17.84677902595774 17.733949937891367 18.069953314983586 18.065980431986713 17.80807333759414 17.495158803613506 17.97552358606744 17.903145503787812 17.967740979252795 18.05846513858375 17.534893786004815 17.898681065827624 17.8878596281105 17.589699208601726 17.50635355013225 17.516687070209628 17.337086856569883 18.07101466092922 17.099101009119412 18.60031021110494 17.420059228066123 17.31216310799158 17.176380553549638 17.557811987544472 18.271932843658075 18.107881879446563 17.962025640582603 18.091728481602416 17.44114358082479 17.91440584642698 17.832438381790098 17.875026637004208 17.679799310512653 18.06595383311097 17.682857228853177 17.194893898794543 18.615772364274623 17.90334974836145 17.542244893712837 17.949516074097822 17.48304688141047 16.991883021116504 17.274138095670153 18.086948817919094 17.59144104355502 17.409682186353 17.381994111783175 17.787744393247426 17.350795180118656 17.0508664677299 17.680706913202652 18.38681054486876 17.93863957942684 17.61086484769151 17.782881104335967 17.549715916327813 17.164781184330018 18.549534664545344 17.25225348409115 17.3799266471237 17.83793759547459 18.23081728131441 17.431558067543662 17.70634401448762 17.44812326200269 17.823800018738986 18.704244987945902 17.200664066576298 17.520748207512124 17.52329613260043 18.021415620687304 17.43984720612005 18.018389984170202 17.910775119319634 17.327243108922538 16.912681475654285 18.02749701144807 17.927757508312293 17.157620652181286 17.50893128124789 17.299481407606287 17.64433799605945 17.73611023281141 17.552424550640193 17.242693183431943 17.567593017588486 17.587954550866545 17.67187860244133 17.71569223712281 17.823945277022926 17.37963457915157 17.759425949794775 18.200927013065275 18.141142556142537 17.301993689418865 17.589776160499795 17.257086618552417 17.602741804492695 17.662443208518752 17.273682656909536 18.08110969535454 17.5777778281456 17.42159901996968 17.878049381706536 17.713846572477117 18.4160473685991 17.13615772171375 17.890794943319538 16.979606453549355 18.006038267092823 16.86632070336033 17.353939144794733 17.765335775612076 17.781388156350094 17.25662133354983 17.51433077592144 18.041738102668532 17.771027030080504 17.909601094677374 17.822525556156936 17.88429454703526 2.555884008751034 2.5228992530267274 3.08907036612489 2.58197170268608 2.616368653916041 2.622919040070358 2.9327379687774653 2.7692793975745094 2.7430625709035223 2.3849724445909724 2.7112941836733344 2.4812038717770104 3.3848765363614524 2.9198302125236055 3.332280678757645 2.381685095576255 3.1920886261884567 2.6509169246965443 2.600511816416519 2.5567985872202907 2.7135295835110553 2.702182110491981 2.7496221453127583 2.6204373381692765 3.2511956712302448 2.9878529529886886 2.545788333281395 2.761350710827027 3.02586091080452 2.5922501118829917 2.553012602214989 3.308193386839558 2.7643038284106707 2.78302002823329 2.807129056944603 2.7741164072191022 2.5149018994595016 2.761242247333964 2.6316747376846426 2.7961683082381157 2.601943820027061 2.980552204276281 2.8143154502200733 2.99535913092807 2.570341639363673 2.7705441464847884 2.3626170018562673 2.6166455676284595 2.8556360181350535 2.53296238931947 2.571684106502111 3.031659798245473 2.755799082077344 2.9251518713097298 2.975887094726818 2.4268746572420636 2.6326653433802107 3.307931695500869 3.051393230861037 2.5380667612334515 2.4203717421404347 2.9823328574987062 2.9104630565361473 3.358192247969255 2.88227468197393 2.7388018317775433 3.4964547584523946 2.7237691455562176 2.5840414494081747 3.0288513587831716 2.629441927828624 3.065272213689558 2.3642797199062278 2.3440150236937836 2.698621052364154 2.862506043442226 2.905370705575379 9.582060364305162 9.603628799612968 92.7758760303636 91.86200225926191 0.7499418113953732 0.6666850290130476 0.7880885738959443 0.7299478038384684 0.9178702136984566 0.6448209299388601 0.6954968859409765 
16.94229254064822 16.38622100516242 16.41395250844473 16.241447944293505 16.188068793964426 15.996031297414063 16.48893466654451 16.970127889127806 17.084402847550063 17.006341291010884 16.916089649696456 16.193768488572392 16.85181020025425 16.367057332778174 16.537131871291656 16.7902713270579 17.19912320269186 17.698252183479813 16.74179774780019 16.824872240181747 16.74880346932167 16.246517099122354 16.733167182329723 16.614153538888615 16.932976748411644 16.981711493717004 16.643499397172768 16.40004794837775 16.865326045481194 16.782291934739145 16.86210136645264 16.93590642879275 16.433340583408597 16.812655015569543 16.76866440968164 16.425676709771107 16.403954375491587 16.451132846536122 16.269372282291602 16.91049279908598 16.000054685067244 17.48816076574612 16.32615201306846 16.188390750192923 16.0440036607583 16.45263786711587 17.17801460874839 16.98701147260568 16.837481910149602 16.99315356844628 16.334314258944357 16.762627833340044 16.73902712515989 16.75487615382846 16.577021792367468 16.919378330682203 16.59760729837225 16.077162563198982 17.471801986518713 16.773326749254228 16.406222427372867 16.816859498222144 16.36985529937495 15.888497857880887 16.148498084386926 16.936675184958723 16.467022399424145 16.348989725083193 16.338028267578625 16.705711295319947 16.25532322158858 15.968963565043609 16.570287295016435 17.248927660219334 16.835509042143528 16.51167747563143 16.680086513207225 16.44073567163834 16.024305333233293 17.39450434380245 16.176716491456077 16.277564555344053 16.733535600437477 17.11261506903104 16.290394425053552 16.597242393072882 16.378501692357652 16.683183594454032 17.58584726044782 16.10783434978164 16.380657177085514 16.430506342952082 16.9141425904559 16.29435479743124 16.911578641566816 16.779030883877773 16.24470757429868 15.828338605587463 16.862372840817468 16.76203229491137 16.062356996828196 16.385915278853876 16.190970696013032 16.537871556765204 16.63132283396403 16.44323342744362 16.1679603181327 16.483152024795775 16.47476344236706 16.549293569518948 16.577856580310584 16.655158741223687 16.290155576390298 16.68969790751505 17.048562656762172 17.005200254437533 16.220664290604795 16.488692958510935 16.15852424847755 16.492157579555077 16.560840498471638 16.17727477029678 16.96872358359197 16.438778289411157 16.29174312367016 16.76767856140113 16.61816629134599 17.302331532206246 16.048434125672866 16.75696643658325 15.888671838660759 16.90095062943462 15.694667537384518 16.228024584426375 16.65848122621529 16.688092755056292 16.150185253626287 16.412832249645266 16.892749447203435 16.644384141481435 16.770485267527075 16.686679247303005 16.775055310618132 2.188520927296033 2.198375548326622 2.7178816084167043 2.283810160693646 2.2984963911692784 2.3319169543435843 2.5581024387018254 2.44625840529243 2.341225409765896 2.126332637974956 2.397330998793204 2.1609066645096995 3.0446143059348554 2.589599205433042 2.8664341716299164 2.094330566991757 2.8032637639718008 2.2593865095562298 2.283158785939161 2.1681058333567393 2.3594811574952583 2.290428164278678 2.363423480547997 2.290573806793032 2.847035931993502 2.588612627660451 2.199586110360467 2.4321410348165795 2.590473605254719 2.2835383076135534 2.2286728376235896 2.986253397959695 2.3733262367706596 2.4626955084978133 2.4726998538173506 2.3662996729167785 2.1997271364056172 2.3895425764250877 2.235681791721173 2.4090903266568957 2.3066636485187617 2.59715264705564 2.4608115541702302 2.64441556161158 2.2586374299667322 2.4099103970704276 2.0217957533319733 2.3006665560192165 2.588185116044929 2.204427049596058 2.2064136944135972 2.7038537885452456 2.400032899997454 2.534726790193827 2.5668262935913453 2.0939464896924265 2.207239329474784 2.911392653973761 2.725936235022905 2.1840504830555805 2.0539482893645498 2.6143904154985305 2.5596623171556194 3.0006554506794636 2.473509653488801 2.362230384140626 3.068002641152831 2.404134557598761 2.213137665914898 2.784388150917251 2.304128997659702 2.678522089803602 2.00539341563098 2.018281547074393 2.392293717739759 2.5444223182080647 2.5698732190794016 8.937984781396116 8.958331189007971 93.26504880823673 92.37286781920392 0.7034846218246427 0.6382641868456934 0.7019358173828797 0.6816596031532056 0.8577602344446527 0.5684747260433799 0.6083876558629684 0.6130322124948506 
17.13468125027139 16.548689063865112 16.551922522629425 16.41682518054223 16.356945719720642 16.168500346566884 16.68305828211473 17.13968701949694 17.300973945270222 17.18971912967273 17.12135071938543 16.378882186381766 17.02253408638207 16.547619719555005 16.732042871596214 16.97945228926118 17.41254506063551 17.878403934657157 16.923361977884802 17.01701716006075 16.95575727657658 16.412315511440934 16.923179078851117 16.795960097067294 17.114435280266523 17.167054921154094 16.820122071126573 16.574517517298517 17.049631726028935 16.945444200796654 17.069870614046284 17.120429203005145 16.62419991091862 16.99396204383853 16.965949661267953 16.583329302018267 16.601353365774887 16.61619172013013 16.41721991199537 17.11257017380104 16.18675235184228 17.687255138085717 16.515850966604578 16.373240361479787 16.23943338479656 16.66456605040084 17.351655126306614 17.17671623834081 17.03948864881169 17.153691184243996 16.519833475659368 16.957489054249194 16.927181161070337 16.92227023939363 16.760783087907747 17.117949045206338 16.766154830749947 16.247902069023848 17.66351639935344 16.942798148628142 16.61288549060899 17.01231998420856 16.54155120529145 16.0793121408305 16.32329696823263 17.091887292621113 16.637960121105017 16.52776104827617 16.545869860268105 16.876701436909997 16.445393254146424 16.14791845790338 16.761560793104767 17.425217188746284 16.998437923013668 16.681686214420385 16.857234662447542 16.60473191389458 16.200953816157252 17.566422120441075 16.338969167168884 16.443720894087 16.936863979593017 17.274907119773275 16.476804279332338 16.782626271444325 16.53349728532547 16.87881455488145 17.781459500982614 16.295494176501617 16.56489224069997 16.600908245097663 17.115160154111763 16.463378135674525 17.11743146699893 16.952174987979415 16.430317483115864 16.013168289308705 17.030236978403313 16.97640224701473 16.238533304136446 16.596334050820417 16.35338068096805 16.7104690731949 16.793379566178512 16.637301040942372 16.339885352278916 16.682653633084247 16.62711577506489 16.72515767423417 16.757442804938773 16.837730043808538 16.462767875608396 16.84364265881006 17.235048687316954 17.209133503246633 16.4268364408287 16.693297173449377 16.334961847152304 16.667975283613032 16.760794802905096 16.384780747667953 17.158007552884072 16.61685016730145 16.48296841127363 16.94327673675349 16.774778435106374 17.4941098485791 16.219156356216633 16.979262019989466 16.05984290111798 17.092856916534796 15.865996955878627 16.413296442635286 16.862252208355677 16.851563249835014 16.34780348432735 16.593370412135283 17.07533691364894 16.8628426197441 16.981080398438078 16.875062235726077 16.96171641452961 2.2636224426070335 2.28065210227063 2.736683215869779 2.3641853804092725 2.3716591755024434 2.414297866562302 2.6560832020463714 2.48109480763082 2.40679061587187 2.22497671264675 2.4758170870927496 2.2192404602294147 3.1542064712359927 2.642982960054214 2.961063919185537 2.1425833707066864 2.8761378499289956 2.279967679602066 2.360735398884375 2.207839190940562 2.4184083035790973 2.3490364669144377 2.4256822132519225 2.374512402020462 2.935135862270926 2.6575289430018127 2.261338894046391 2.4977797092149854 2.66954263243767 2.3343743835474893 2.289632512582877 3.086605803010958 2.4467501078115204 2.526125726567783 2.5483556825945874 2.4167924183541056 2.2770898776785544 2.496452198486193 2.306099802605779 2.4686610899713446 2.358995438736981 2.63738393690203 2.532609633055862 2.7036272051752475 2.3344180977173266 2.5084988089904474 2.0638693204026044 2.3501779633424875 2.690862975223887 2.252773764857753 2.2549086698465812 2.776637595814609 2.443871488247186 2.582964916151937 2.606283622819453 2.185186341416543 2.2533388294379497 2.999320215799117 2.811616996173726 2.218028581747971 2.126388630600709 2.6999943886439857 2.6416467676833433 3.0835847202717046 2.54258034014898 2.403974456616191 3.106792844708086 2.49623239710136 2.2934190989652063 2.894060026006415 2.3770842194159933 2.8110640633612234 2.077475174357417 2.0912412885519513 2.4558043687342415 2.63868151586174 2.6669793771616073 8.798837612978701 8.827696043306007 93.60124673011664 92.72591018748096 0.808215158004314 0.7376515951626721 0.7876755174261948 0.7985854685225975 0.9859890199134824 0.6654778398330082 0.7252003319384077 0.7094892067014615 0.5835020306798473 
17.78147713508207 17.181188394875665 17.181703775808476 17.033912839528792 17.017943314528942 16.801566408944478 17.340621003850963 17.773870109759326 17.944235039007673 17.843404257734637 17.763181733541785 17.022705766646425 17.65600784071304 17.18724138039804 17.37741189858306 17.610510929627086 18.06224407357422 18.529066757138466 17.555930773206793 17.660380358586888 17.602204377206473 17.044346872278137 17.563427359121874 17.434370582776662 17.75536189348917 17.77378098936195 17.437422175151724 17.21436527962829 17.6808170343182 17.57284777615199 17.721501507490448 17.748163267786953 17.266812927905953 17.64779206818463 17.60730134313784 17.2084851252164 17.219063195284434 17.266188534941847 17.053197763957794 17.760677073765194 16.821414919555593 18.33733650194363 17.13786489655407 17.018212992987337 16.89863965719897 17.32584617578958 17.970650684215446 17.800934839972378 17.707895351956058 17.770848323683992 17.148033516355998 17.602263580269465 17.581991779930867 17.544077867527186 17.39249891140312 17.748524177514167 17.393961366371183 16.880480374691185 18.308247750419763 17.57880495174736 17.22569341552758 17.65837836813128 17.17757059487547 16.70072509948086 16.966605995010717 17.721036471706302 17.26144075639762 17.150701493800547 17.15279158882342 17.492618463417205 17.092273422912456 16.79506008453188 17.395758393059904 18.049896678164288 17.628965380030454 17.311346036462762 17.483704767652828 17.232152746623555 16.84456850070651 18.188007188338005 16.948713252333313 17.075119966883808 17.58270420162998 17.8971986695289 17.107623964576415 17.419104322104452 17.14033282657489 17.509390449395156 18.406557088307526 16.9396618610887 17.194469751650598 17.226259570273857 17.74949548901925 17.07833424515551 17.753300385139184 17.596252736138407 17.05391382868858 16.629447294708978 17.659747591390346 17.622147201226152 16.866833630861525 17.24856140500211 16.98538883447251 17.340192095709504 17.40815093420623 17.288512838609755 16.982346119552215 17.31288620705714 17.264087070999928 17.356725895752668 17.387191627465747 17.472744323931238 17.09959169297941 17.473120440838812 17.86535098645377 17.84483169744704 17.098097756482822 17.34512462171715 16.964864859977794 17.292303788470115 17.41378368024141 17.037808495523 17.78701045686565 17.258292998803647 17.11520015094519 17.5753429234017 17.40355687635383 18.131580135318377 16.85419277220144 17.62699577542241 16.697694760645092 17.726121639714037 16.511627908903044 17.043776280949196 17.51513713428922 17.490842618970404 17.008191855415397 17.22932607773058 17.71884707615889 17.509353391788668 17.625636929033583 17.505030068126054 17.610235968927554 2.157976363385995 2.11419725629612 2.6099884363466073 2.135725810071191 2.2120090860748802 2.246651749160095 2.5000979955157994 2.3154274572894753 2.292869498943138 2.063294127132367 2.2795875214038843 2.0899102663855893 2.951935661228736 2.482329498602929 2.8600729073629263 1.9736955049610072 2.7141458247654215 2.205253328581431 2.2341300737189957 2.1226579063565256 2.2486088250388816 2.2406258925420213 2.343084764421684 2.2246355229317363 2.7872328001714735 2.5100391509392326 2.1020144590598053 2.2795365391660227 2.5465707258853607 2.1630166425833672 2.1235372352430226 2.8802898818791305 2.3460019433482975 2.304163402575483 2.383564888430854 2.3346677852668107 2.1026434314639975 2.3566446652275075 2.225777619085472 2.3417542642839764 2.2281975548538284 2.5369096203017585 2.3626850836766007 2.525257555455661 2.177166144640468 2.4134991035422306 1.9303099745469625 2.1869859863365932 2.4611488158824555 2.0917794327809087 2.1324381151217398 2.60356435025087 2.2727983891679715 2.4806033906882465 2.482155717761505 2.0209701999342933 2.1846821719521827 2.860938257103135 2.615492388141322 2.0635419468722747 2.0219951686634863 2.5464613570307186 2.4635497261759793 2.9369922685346808 2.4583468206149446 2.271830641880416 3.0037621618116 2.340951347030556 2.171847256487569 2.6257414111256523 2.2660698457766557 2.6912013320392787 1.9654251161156153 1.963744025565434 2.2752680931241667 2.4577824417864518 2.4638222331326416 9.610949803643097 9.637998479345912 92.54362394135926 91.64615705913086 0.6867160068691697 0.591832263445199 0.672344545762475 0.688322449376683 0.8630402099154346 0.5876474407975609 0.5992140846461879 0.6220861759264563 0.5299326704924378 0.5988063527281758 
18.54774264296353 18.079940879608245 18.148660786604932 17.974915630144565 17.846012186293628 17.636109850927262 18.142350202501184 18.68230709737245 18.75939992589726 18.649696285490048 18.52165571303989 17.843942999619703 18.586753338855253 18.038826834020764 18.155303581742672 18.43063330467902 18.824677169151734 19.369635004969332 18.310144029664624 18.473889812954283 18.338755121777165 17.93599031102031 18.395432818546652 18.268181176666562 18.584599393020465 18.71409473752264 18.23634287624092 18.109355838751146 18.56323425875087 18.483207253698364 18.523985766120873 18.62742195985208 18.090564097696802 18.499523941696204 18.3696288806096 18.083203861678903 18.057578660128826 18.160892898528544 18.046960085488685 18.469680227662607 17.595445560056447 19.17666818922634 17.95590761057428 17.80659698152828 17.61412680369927 18.086047823546775 18.900572366161473 18.6613368195678 18.478505610410817 18.7779439654736 17.96613305334085 18.385500843179635 18.43524995581694 18.49041988798256 18.236914889422053 18.541769035626544 18.31151336059322 17.71423604545588 19.155708936396184 18.42727960591967 17.97984620333557 18.46407659592768 18.052632304212356 17.500632015646577 17.782894292875703 18.658654780833483 18.152974070389472 18.087824849688605 17.997568834743202 18.449142726683803 17.89090806669905 17.64653812400337 18.22551995410341 18.9554660262924 18.59380579983046 18.166678556129714 18.375464647146536 18.159097464513085 17.66259334700538 19.104943588953073 17.923426921003223 18.007522984751628 18.37969540699146 18.84039778060158 17.890273274019474 18.240941314245497 18.127442187143277 18.23958331435348 19.29041508862281 17.750491740658006 17.981763559002196 18.186629644245517 18.573145779407856 17.912038959623608 18.566672259577963 18.38268258163228 17.893428756238137 17.42038957442412 18.487336833535355 18.316123984761862 17.76624784579114 17.96723002436916 17.886726670011544 18.210809653442084 18.371041021150326 18.108207133345825 17.87087869199432 18.14810543133106 18.152324709558105 18.228927272336207 18.246629291917525 18.273157754537383 18.006643684698137 18.457406387468303 18.68201604446372 18.601410768409245 17.828847928277764 18.104603022688337 17.820440928063544 18.165383898905947 18.183262153502255 17.746890245140083 18.669527781910368 18.0708460188786 17.923826401026208 18.43323088646363 18.377911124386742 18.94299580972331 17.74016936360424 18.34528906297912 17.554129568027847 18.592421580612395 17.20471421389635 17.848033299132414 18.299213535776225 18.437890422819134 17.741565623290374 18.116169359565532 18.55193307878612 18.230945642277227 18.342470385731588 18.290675077430922 18.45194673631306 2.284907368891361 2.3112219301282675 2.8845898020648595 2.222887970350481 2.3794508822888503 2.3504892814049514 2.417773419326122 2.519306185207935 2.384793429247028 2.177736056874629 2.4355786136908883 2.2752863844286937 2.894369196974083 2.6517527878717826 2.8738524727946295 2.2283892146905964 2.785014885039357 2.52611018551119 2.366392437643751 2.3676492089339325 2.4170109598835814 2.3682992668089318 2.4689827800532798 2.2910764116226137 2.809210918688592 2.656101443094207 2.1543473772865895 2.4611921302660638 2.6591880875102065 2.371136054664809 2.3301377748506815 2.880314827102491 2.482568036023144 2.471019937334681 2.5808434593315623 2.573147676231235 2.191559277693245 2.422899959258079 2.303235383155952 2.4434952217448265 2.453801167436547 2.7898606740864116 2.452004657747531 2.694554008520023 2.2944973416435346 2.5129624530625576 2.249791121012957 2.444184552772341 2.5658787967691015 2.3870523282489327 2.3492303478562615 2.6933906950593647 2.549920503521909 2.657348141058754 2.732725201499121 2.10362810729225 2.3702969040324877 2.866081606930908 2.667110669850045 2.33474379558493 2.074877383784916 2.696310251238996 2.5464405932336476 2.996769790961432 2.521228558460675 2.5132870061780292 3.1610345661214394 2.4555747575553317 2.3304515646736887 2.730984527010973 2.409934974503027 2.5157286504181164 2.105566048025684 2.030279911769058 2.4762154410353183 2.4524236070637997 2.6350334178839896 10.693071177699775 10.72834717881183 92.96370665802431 92.05836436108426 0.8224664600931411 0.7474472150579731 0.8409687569103219 0.8191690492677142 0.8611131427023139 0.7729288845084626 0.5910507942788022 0.8082397836092772 0.7007426757220583 0.8324230792921361 0.7302686577378589 
18.19256291708809 17.62733744767482 17.655885876457663 17.47591832593987 17.4151109931112 17.221463065900736 17.725485513063475 18.227826530984693 18.33399820254567 18.260503034236645 18.1598336100227 17.423898322420822 18.10575371766217 17.604644690915876 17.77626855556111 18.038479233906887 18.453964892507848 18.97161918830014 17.986584269821474 18.069478369945312 17.99190038182665 17.47955236703101 17.980695508758053 17.855917772627247 18.18435673175524 18.241172779707988 17.88497318353461 17.641644515117807 18.11895657885281 18.037100605635416 18.10788311642223 18.191259695637168 17.671987396616544 18.060799720968827 18.01177392249534 17.666908819840707 17.637762457636736 17.696091824581085 17.509993084499722 18.150345146613475 17.21560481113427 18.759091225383987 17.558439851729563 17.410059496452416 17.25991664650214 17.684544546002485 18.440991914863293 18.238123217368084 18.084090451554047 18.251237985097113 17.57074970783203 18.008086651373922 17.986964964547703 18.00674199658932 17.819588406440268 18.167349064563307 17.844412339571022 17.30443652124082 18.743112345810584 18.021555408946966 17.634499535941675 18.065361172691457 17.604028469311373 17.105542850205833 17.377097944905586 18.19531898417623 17.707726594834682 17.585822511167603 17.562250285833887 17.955375251091837 17.48507456568979 17.190857966901653 17.811577655717542 18.51296495221722 18.091091616482153 17.749568984575777 17.924910344774474 17.68324813411638 17.24930274156756 18.664560001346015 17.409418620550547 17.51467540942261 17.978079329184794 18.373237290622672 17.523378258061733 17.83505208465866 17.62034481957176 17.92314826554697 18.861190488483835 17.335035119563457 17.616406993443004 17.670404157186177 18.16160031276298 17.525127754975358 18.158847914070762 18.02538518023853 17.47678234661557 17.036450097426204 18.112658119867188 17.9976820069591 17.2923505765926 17.614921021927707 17.4183357327643 17.78206720777845 17.878181674217295 17.674163998762996 17.399830983383488 17.72014850519508 17.72251193472982 17.79010145510146 17.82038720082457 17.894098689397538 17.52926994904918 17.939932725746402 18.30103747597874 18.256934202780954 17.440505178683296 17.722036942843406 17.389542338244425 17.735332203328284 17.795475279975104 17.39014894991021 18.223433084772235 17.67327841477691 17.519560062465985 18.020344896908057 17.86939044793266 18.562629797181845 17.27704047758006 17.995030758351202 17.112147066087918 18.15142986308177 16.9018938442059 17.450818328598913 17.89723916276599 17.93864706348431 17.37489356772581 17.651378643921394 18.141855378342086 17.881795820464454 18.00954619861316 17.92958681573847 18.02060924645963 2.414011701282098 2.403076799925458 2.9488244813166653 2.4194524775058186 2.494602129906105 2.508567862415639 2.733062920548708 2.627973008964885 2.5634132723964407 2.298466779731317 2.5902644300621502 2.369219471485866 3.1988174027003398 2.7808227603721862 3.118323143202614 2.2884662804304807 3.0177000309132946 2.5266077085786565 2.5064766444305016 2.419040535873494 2.5633664841917736 2.523956412042256 2.604933432295269 2.471409080307306 3.0622660678409934 2.810383782250343 2.364327280057914 2.598494119038014 2.8503558861312164 2.466673382389606 2.4249028438065836 3.1539177447553097 2.6300490547526754 2.62749792231415 2.704017150635056 2.641234151077928 2.359407284800042 2.6152746992454845 2.469476211811685 2.61019839697153 2.527899302807854 2.85983290341034 2.6466164708553133 2.832060316634379 2.452001706410339 2.6642545811903258 2.2481885211243613 2.512985682112069 2.747962060934547 2.4149784340834635 2.4457266014872543 2.891345434706238 2.6192006907351493 2.791284749447455 2.8159152296779326 2.276042757186254 2.4636566671583138 3.1192036726678665 2.892798335389528 2.3876279176655766 2.2488306665675712 2.8454437696570065 2.7496188307961944 3.2282372074190753 2.706743899405428 2.591238832983029 3.324662389519877 2.604983197918578 2.4512965809559053 2.9307091130983527 2.5279252711279523 2.869137068988588 2.2287098357872446 2.1965952671574014 2.560914843476851 2.7071228253615534 2.7852882940040242 9.688725865630687 9.726192020688433 93.12430604635861 92.22784758281365 0.7722733248156777 0.686385890822077 0.7798030058681672 0.767132324439182 0.8993271029556424 0.6685964522923347 0.6541572990114702 0.6958915342023533 0.6145319852518129 0.7073698991022277 0.6250446593712264 0.754529279230358 
17.617251386109878 17.209999166795864 17.305577347174978 17.072478209932225 16.99732842131844 16.771492841938784 17.245261923708338 17.799846207832275 17.847576480819644 17.765237975222043 17.622018450772035 16.948403394874745 17.705394295027656 17.13975011557778 17.2441441821653 17.53467403980628 17.894307007354254 18.481599933348544 17.43268875313537 17.60888262201812 17.431730640399817 17.075250393392125 17.492513768213723 17.386213724587726 17.698231850292668 17.807288285067088 17.37248194443494 17.220929610867323 17.66506688610061 17.59740557099438 17.617306465794933 17.739283673744325 17.176733910193455 17.590715604671036 17.449359702492895 17.251064586511063 17.153476968135095 17.23016431329126 17.1544615375566 17.601629536374706 16.713482982826548 18.238088662519036 17.052557379380723 16.955877951443227 16.750358903964003 17.18867912434498 17.98765585935682 17.767673110252677 17.574732175307762 17.913392123797944 17.072916894275558 17.517272864326838 17.52691724074187 17.626367951005125 17.325386846930368 17.66414838027334 17.392374630813364 16.844938590638765 18.24055678969001 17.54732021924497 17.105807416848254 17.583940791756145 17.20144688851568 16.64673046444584 16.920133271824653 17.797371275317587 17.289563032388077 17.194573860961526 17.095470459532528 17.565469187543677 17.002520103468548 16.763326279726037 17.334583941794286 18.08862288430133 17.699148178522826 17.284700256821164 17.490437283789298 17.29691843377612 16.819922489023615 18.22980680050504 17.066563539370836 17.156482178917013 17.476253817710905 17.958817854685442 17.02281643805633 17.352530508272245 17.244738460603603 17.32759589082231 18.36106529183116 16.859803156728063 17.09942681643771 17.315890653605578 17.669251449878136 17.05349904664045 17.667609605332572 17.48271136697199 16.993192093611682 16.543433894136594 17.628393443210324 17.4548994173907 16.88667168987136 17.076588156689514 17.03852293645456 17.316823386060822 17.51380397118796 17.243651493859918 16.97600406986427 17.23744126294386 17.256203255026467 17.36070076076539 17.39668184813279 17.432052007349306 17.12064888378293 17.549797301329065 17.80722686267843 17.682654676953742 16.92035452611561 17.1950484163594 16.937089102809846 17.278681757249263 17.283983979347436 16.858530010510925 17.77918796926371 17.215567075576196 17.077898720753772 17.517824840223454 17.494262343755747 18.022710480867154 16.85224571254006 17.45021475779292 16.66261139029633 17.69069403834442 16.378449483038587 16.99114611017695 17.398777336131037 17.556817171524166 16.846312253826934 17.242505668873555 17.70378899365765 17.330711409046963 17.45181233554964 17.389778033557082 17.560731622776846 2.4519366597724077 2.5267751548215958 3.1076758383405867 2.5204440625877798 2.5911804532598643 2.5652264040185955 2.6375944528099864 2.766226151502892 2.5804293069195015 2.37479463408179 2.6691036609069214 2.460767373922826 3.1601650882849848 2.886864372841855 3.06965548829772 2.4358479492812486 3.001678002053988 2.689080654611892 2.5166003941677273 2.541170798935725 2.6422616497432925 2.5615871866506232 2.6290960046298992 2.512677063313873 3.025143218558941 2.892201741231061 2.3905284523227364 2.755721637246066 2.8432984291161225 2.6132660127504534 2.562370973159784 3.1285022268728544 2.6276989913019837 2.7553832120220245 2.7700102543473966 2.7178611382801363 2.4500908878753282 2.6014115413978596 2.4635100047307397 2.6643617114838145 2.6107553668938275 2.946297253846608 2.687186441441419 2.9531290274979165 2.4879691638150208 2.639347988060481 2.457403948715467 2.6503101996970715 2.8127162984398586 2.6181910390824497 2.5246167008734455 2.9218404138407945 2.7796580834163453 2.81592635550651 2.945885577529751 2.328080449825452 2.535891270375143 3.084382474182442 2.9260918355821786 2.583475387027673 2.2710013795559973 2.894786268254221 2.7737074263865193 3.1623737538080285 2.6995484407439267 2.725158653277667 3.3406651493299955 2.65760007553897 2.507930635242182 3.000088186602213 2.561614141798205 2.6942438151107457 2.2779396599085993 2.2393252344605714 2.7467656702084975 2.679851588649182 2.856676928991997 10.048816370889602 10.066809106888545 93.58149018377445 92.67557228457785 0.9211734832479647 0.8688300118930022 0.9572925685019567 0.8788574832452387 0.977147016206397 0.8505305232834025 0.7151343230001431 0.8601401786375195 0.7558373942638785 0.8924773979906208 0.833271530524793 0.7835931313776138 0.8444586980143642 
18.683261224307948 18.124730923362513 18.168133317581194 17.947064955728806 17.93638371315067 17.705258195893247 18.228614035530697 18.72850921918924 18.823109708593552 18.773458482706197 18.65568607772478 17.91939840575127 18.58897941583171 18.09607858436866 18.270705726751004 18.52763781293074 18.952692999784453 19.486459392649966 18.486470976241165 18.584725698313175 18.475211924625473 17.977666116769498 18.47108877040742 18.354598159289935 18.6857178048938 18.711524559042395 18.370986471575268 18.13528351603439 18.60567913268342 18.531434688644257 18.601548084100248 18.678604289073583 18.15196068202366 18.575628593151933 18.49873718097627 18.168973864713998 18.09209083786178 18.196719676497302 18.000936137782087 18.66507105190975 17.706294928465766 19.253968503715054 18.034744277674456 17.918793825039064 17.769620118244873 18.182371883641427 18.926307505817544 18.716501738730653 18.59355407114759 18.744482935098556 18.0585732763995 18.511864624414283 18.490217997640077 18.494226904408777 18.298593969139347 18.657980613826552 18.318919167313823 17.798485743127653 19.23241706006101 18.528449623732413 18.102642631273692 18.570041518095767 18.11265875817642 17.596587042998074 17.88165270708855 18.69148644650555 18.19372533585049 18.065088646645417 18.03100836068059 18.442351609669092 17.98882155681059 17.68524110314663 18.301503868966687 19.015299404094932 18.573480028887435 18.254693569106013 18.413156659531108 18.179434244649187 17.750428930444766 19.154568879083676 17.892211047199684 18.01310551852187 18.47612931726158 18.86760597365263 18.01479643312899 18.331092821068783 18.10096678942173 18.404022785003132 19.33700686498069 17.83098319283372 18.101677197643532 18.147677736444372 18.647217822141357 18.00398657799646 18.649353553403987 18.537310507559194 17.959797667845102 17.515245085133113 18.619168679150285 18.502161429445355 17.76577833121743 18.113131222291166 17.91605543259143 18.273047444309483 18.369274626156866 18.181244035048547 17.894986781201013 18.19470395372906 18.225780419077953 18.2833307137086 18.319954547529907 18.395669946716314 18.021123205958688 18.427734880300328 18.79731030209219 18.74002195124531 17.95058498863606 18.217034220544267 17.877385385145086 18.22049537205704 18.301179223371136 17.893163349434612 18.711224590690883 18.180922227043155 18.01628472249617 18.50837347756388 18.360346599321993 19.064109082359924 17.7605440978999 18.483582121834242 17.595218018854187 18.63537145865859 17.420557939113152 17.940774181418796 18.39561023336283 18.443356154772687 17.884501667495027 18.143994522182886 18.660923424058954 18.37076432308902 18.507800911129518 18.411256096442443 18.52484925597431 2.6782356267672247 2.6397953560288516 3.2426515072920803 2.644475476226358 2.7431765226683584 2.7615114230835234 2.9916395816150625 2.8923124500196993 2.83738958721379 2.539360584619488 2.8345878619380973 2.6354917643333597 3.443768903511559 3.046144517669143 3.406041030617912 2.5352806011800215 3.282583730625657 2.822147188573924 2.7764856538706923 2.7073968372830697 2.8134682717770847 2.8018121999136842 2.8996076372196233 2.731236350414868 3.3305732072596173 3.0767261278369036 2.6162623273245798 2.8269112047426 3.1262995162541865 2.7219762119441078 2.6775109070420045 3.4019941798221174 2.909552666334532 2.85729984347496 2.9605040071062123 2.925010016777248 2.6090918001178633 2.864966642420539 2.7573773685335152 2.8772342502492854 2.7982552885734697 3.1451502077356097 2.8959376047001477 3.0806437184263302 2.7045728692752116 2.9447411020909877 2.5032930154221242 2.7663195071121685 2.9674046283674462 2.662832531246789 2.7189833233603964 3.1560748829277214 2.8644698100319634 3.085677308623638 3.0956056713789053 2.5164725214783097 2.7540635616388713 3.3960997122042573 3.1437387379104615 2.6443931991707954 2.5214057274626036 3.1005348395916656 2.9919912594375977 3.5012011562842575 3.0041923415559646 2.859365658269258 3.622902675617458 2.85900927269352 2.7166783105997934 3.1362945839675147 2.8014271641736936 3.1377662963419253 2.4947283633603488 2.4658580286363754 2.8042202884251544 2.955376766361138 3.014652767374406 10.213965844565683 10.252510895841242 92.78858481977593 91.8793045977884 0.9335359622996685 0.8300088414016712 0.9459659545560177 0.9192471327172901 1.055825973553876 0.8503409334414714 0.813483808517348 0.8639632505232159 0.8035191830774027 0.9098831886240903 0.7972769701443045 0.9212203253900051 0.8676600189879496 1.0228884449753948 
18.21143629258986 17.675075748770244 17.699251407884905 17.51241912323072 17.47058020395657 17.307254079575074 17.760991204118746 18.256743245691897 18.345484655097184 18.287616642671843 18.178444745136844 17.45342568050264 18.186002568537692 17.638618655343905 17.797385976560054 18.065752555838912 18.441545675652716 18.993419892689758 18.016474004007677 18.070984618292616 18.049629734872138 17.530002207694398 18.014733558247627 17.88673409791391 18.21581550594492 18.252978914599076 17.93857242287841 17.682355021924185 18.15437604716991 18.067453423811788 18.138820310915175 18.228823692261738 17.727081229689457 18.04720633733224 18.03570412329562 17.734954164268526 17.71794226253991 17.699094092094462 17.562897961744792 18.162452420896845 17.251698173976482 18.76482475339494 17.586108769082646 17.452643037345858 17.309800223815678 17.72724030660669 18.444311307790855 18.28408985124197 18.11506515675085 18.285841045730724 17.591703506107173 18.046917228005857 18.00767561358437 18.065203218811387 17.86126729029335 18.207310774812903 17.893003631854764 17.356125328379417 18.784477620719194 18.039266958803815 17.69058646781605 18.08869910207834 17.638602165611548 17.132798033300382 17.424661318156083 18.266456494460478 17.768490023495747 17.618829437221702 17.555983902158783 17.972795901405476 17.49699848449283 17.243124045565295 17.84522399377041 18.531269711652097 18.15563675529033 17.74581564766928 17.95804132239471 17.727955537810793 17.326136479639764 18.715667590275302 17.45179894319368 17.56271426895093 17.988078339609114 18.39878290738437 17.567736997443934 17.85797875276441 17.644314793768203 17.954893058019092 18.880482968453244 17.365521040270835 17.670411525507006 17.751300924088955 18.187926806609934 17.60031900884708 18.174467043574904 18.0219475761015 17.491556958230117 17.068713035014667 18.14489378536557 18.03583908996682 17.377686738299705 17.64714727341986 17.480794564543526 17.80875066951874 17.917134779593884 17.716733039391265 17.43439257058951 17.756928818402884 17.741245275208787 17.844856074870062 17.866785848121996 17.95922455882125 17.57412524900774 17.971111280469366 18.336324677223963 18.28208793685153 17.456412096288258 17.746406984591218 17.4314629025568 17.771484404717945 17.80357987071004 17.41272930903003 18.255105618949838 17.715474678570345 17.569157292080572 18.041109270552987 17.917870877392456 18.53826468290383 17.339727927826843 18.03723648158308 17.179399853276937 18.189783969089856 16.955637212639548 17.51541328664695 17.926160764669135 17.965425420702708 17.391968304715096 17.699493361334543 18.16435363303322 17.911864922039843 18.028076746963148 17.972575664048726 18.046259102000235 2.2095707078598585 2.175927696067361 2.708155593028739 2.1496657065314775 2.2485932122955306 2.2143298268271487 2.4592776520281943 2.3796990936900078 2.353129352663572 2.0167590284843615 2.288219392318687 2.12502487455177 2.8888120760416434 2.5184225305002514 2.8955715060989013 2.0372745349446606 2.7360106305657914 2.350821383857475 2.208608696404861 2.231901498606613 2.3201806715893167 2.3240554721709423 2.3730874787423257 2.2147369583384107 2.793518511362311 2.585775225639365 2.1391356154494527 2.3626599685682175 2.609686507415545 2.2134972397935573 2.1860239432949644 2.810980106349175 2.383404300918211 2.36692948765106 2.404632289989973 2.446608052708482 2.108670250392809 2.365268595786263 2.2551047838008333 2.4177961904000567 2.239149478057431 2.6306419106365544 2.3976656856549527 2.6033934289726792 2.1752054192784223 2.384258991434202 2.0692894741464545 2.258486153387586 2.4248622427299455 2.208397575318566 2.209759539484227 2.5804463266181448 2.4063651932188845 2.5248759148100666 2.611222385853691 2.04059850324747 2.3057120564306275 2.8480685926302947 2.59003492011264 2.200112277613682 2.0477057332468274 2.5857763163934515 2.4931803426177734 2.897329576622556 2.4773615344674855 2.388789293119123 3.0808686923990383 2.3274539874984796 2.2186587720349666 2.5670406618455304 2.261361467148193 2.586378823730085 2.012095721476209 1.9538332562153586 2.334827343349677 2.4093120125334626 2.499064409375613 10.295241604608439 10.305589342274713 91.84628818635028 90.92411369195148 0.6528528716345751 0.5840576579062298 0.7011582497655853 0.6561838750166813 0.7907495992388639 0.5827783943299915 0.5512769434263302 0.592492973549455 0.5594000482228338 0.6706697485210169 0.5586794172071065 0.6659814327059504 0.6287612827589535 0.7449285818458976 0.7958967822964647 
17.586628737999327 17.080682859233686 17.127581574309048 16.94030499383953 16.895294915232032 16.665532188727997 17.184219283285586 17.677306734863823 17.80127896595311 17.697419681010004 17.592623670167903 16.876258987558796 17.558616394096518 17.051254903962768 17.203000684852736 17.466677773794295 17.882386493484585 18.398819352799 17.387581467372964 17.543956317855297 17.40506629500141 16.947375693026494 17.418549696257795 17.303594733513858 17.618474974703975 17.688934426224506 17.29493594928475 17.104944267998512 17.56351090082993 17.472270790227995 17.566167663590434 17.63660910647581 17.1038274414933 17.51687168552357 17.41880745578373 17.116835619311484 17.068627176132352 17.1301914831934 16.97736232364934 17.588350925144084 16.65956573300192 18.18079106963161 16.987764386115213 16.884411948350323 16.71883214718804 17.15330654229164 17.871992247628796 17.675531006979504 17.534775093403145 17.734593579285445 17.005539117551418 17.45887622906446 17.44592334900786 17.47296684811159 17.24331869973862 17.604913861204267 17.268970641316226 16.748632549446143 18.16162599088839 17.455405513859034 17.06453164084662 17.522130045024213 17.085650302578603 16.578807174895793 16.832994958704756 17.63824571182102 17.163071298330955 17.064134583125863 17.035036097085147 17.424764013147833 16.946432934105385 16.664637662162754 17.25932654371133 17.9699674920026 17.54039644745183 17.19627654459587 17.378963090795438 17.154033064344073 16.720107610014917 18.097170400451507 16.90025449731496 17.008463716956733 17.431008325712604 17.81812540911294 16.960214261929206 17.280870029793427 17.080953313051463 17.30812154903394 18.276796625843424 16.79229442720658 17.034265458711555 17.152192394101142 17.606533483716547 16.948781896509384 17.61351065340941 17.432334326264606 16.918913132699654 16.48135120468683 17.53730653440142 17.445268965472152 16.755199367835406 17.062056417552352 16.89837859277396 17.217311323384585 17.353939892943355 17.164168793381858 16.86456650352584 17.16755079793947 17.142027897435007 17.247286129293336 17.289221116749623 17.34649431531979 16.99616834517766 17.389970977998438 17.73231506123195 17.657510570527883 16.90546777374124 17.165229314723 16.839233790547674 17.17548451752497 17.249178897647734 16.848217482385984 17.678979602821922 17.131529304406815 16.9976301466247 17.432565142536088 17.329743843868126 17.979999892821205 16.73266856388676 17.439885308583676 16.556651354718575 17.5999685403304 16.337556014053824 16.908451578772848 17.35335605982324 17.412908299268185 16.823791911470177 17.1273512325339 17.61542140448852 17.322138229968214 17.442734532269018 17.33505673020889 17.47927201255264 2.4893471109895384 2.5308035090760197 3.0471166274623265 2.569696316122106 2.61066240793717 2.631692618725699 2.792429463489319 2.74390057621945 2.625361314072554 2.443773067380071 2.7083345596701633 2.4698224217517093 3.30863626578074 2.895691457613238 3.16752969178303 2.4054807651866006 3.0766139236630754 2.602144314010016 2.582817050604611 2.4996978855466665 2.6520944925069436 2.5838808540325897 2.6691913381420243 2.5846451695226658 3.1259315970119763 2.9083401075606963 2.4480821737869376 2.7450450018653973 2.8962354103364167 2.5986874520994894 2.5509384065610634 3.2593730210527108 2.676669588907327 2.7603157078561056 2.7976385138407696 2.6936894797552267 2.499068191863255 2.693120187326759 2.525569385139868 2.6908958983795204 2.6175498515957067 2.9179582752571362 2.739555664905823 2.9506359261618837 2.5453478738306043 2.730030025649031 2.373015497718152 2.620931630901868 2.8905084005106088 2.5510387376224863 2.514870371263269 2.992444072403864 2.7221476371737108 2.8371245786018546 2.8987354165091963 2.390270693166315 2.5187011864063003 3.1922065383450824 3.0115180727663784 2.5117179344600613 2.3337514065227745 2.9356834006459303 2.837608389174235 3.2718963514475354 2.7676524990819305 2.683197482470411 3.3559043073144794 2.7214638416244172 2.5384588127968155 3.0884717470994887 2.610609910724045 2.9193148080524827 2.309759888210654 2.304726914456776 2.727402612953031 2.8015092172715628 2.8960130491854734 9.475692728457705 9.50544209040682 93.887386867912 93.0003876678277 0.9590240656084711 0.8856735119925324 0.9557712282069488 0.9314679281162657 1.0831106320723576 0.8556617123190381 0.8161005496315628 0.8756747692519077 0.7605131244619177 0.8463728488631223 0.792221192342586 0.9128419831776919 0.86502027478907 0.9661693350008338 1.052850052471406 0.809994073827104 
17.79021580625723 17.30599865352494 17.366310534522533 17.15223929881109 17.110438118737623 16.899650287302087 17.379500867904724 17.890185954111914 17.962532848324336 17.89831052922508 17.771328901384617 17.075954229267936 17.79681475032537 17.25953589868847 17.39685510978495 17.664359396694678 18.0453408714842 18.603255650260692 17.592885344122312 17.71082720799527 17.606389700912565 17.16683457863133 17.62007920439459 17.504315333616617 17.82391250437359 17.88038591034044 17.5121172877231 17.317368810287526 17.769497081289575 17.69360277287177 17.747104209997854 17.84040313370661 17.31906379508397 17.702097513114897 17.615745603614176 17.34802609803553 17.286222627365735 17.347888999872005 17.224321111122023 17.757133243247242 16.85796228716575 18.371359873836866 17.185315532944912 17.076838191121855 16.910016349868886 17.332342614793934 18.076632676181696 17.880507770835322 17.72260179066518 17.950043698052795 17.200280254709398 17.646645853354872 17.642144838213508 17.69552407724085 17.458370199219644 17.79462552519056 17.50524823608762 16.968547041047753 18.371324626024204 17.66379938390393 17.25161011618822 17.703550839552264 17.28694130115666 16.7552809468704 17.043611906574117 17.883902475708197 17.383324483059592 17.26692528666695 17.189198937332684 17.626300447576057 17.127804482778824 16.876207600853228 17.45511588255028 18.165237000033468 17.781848834072175 17.390125776290567 17.584981983434503 17.371472072938595 16.93638850623423 18.320555741245578 17.11238901935228 17.217910056190885 17.604485241684138 18.035748381051526 17.15874836314056 17.475513209318876 17.30180813643422 17.510868688470197 18.47453491786659 16.98761796200162 17.248485940361224 17.383219137330762 17.792229932344434 17.18148697174045 17.78605083895278 17.634394724270294 17.111387938097835 16.676527217316938 17.749972385552994 17.61289007117686 16.987430258573674 17.23739837741557 17.12171938598152 17.429251287569734 17.567995901534765 17.3504606569386 17.078449482608452 17.36062543179129 17.372824470265638 17.462819575026913 17.48906773231877 17.55353952853144 17.212288930781867 17.62551193571355 17.93177452106801 17.848983468834916 17.08007919014498 17.34827805005251 17.050759575008264 17.38585226532448 17.424219203273275 17.020852702464207 17.874282223042485 17.333652574191156 17.184127436350796 17.647643546278662 17.56459098720043 18.155349126575423 16.961438515379125 17.61011257329342 16.79007263889514 17.800435943492378 16.54718453596797 17.116113860000993 17.53609523534385 17.627264852131454 17.005407488112013 17.33237932686634 17.799897746086984 17.490321351943326 17.61191433036491 17.545422990081757 17.675069770620716 2.2134123279920805 2.2114685925575546 2.7906076404994655 2.1974417576373226 2.2935770579600803 2.275305717544676 2.439042412786058 2.4534536728700536 2.3496809023320404 2.0794699151145295 2.3466408785600743 2.1798613725063523 2.901984201171982 2.5828059390080624 2.8602974888008643 2.111929993617864 2.7462505382757048 2.4028910058717052 2.2574192590392324 2.2695769662271417 2.3498306481878584 2.323309908608789 2.3980464853906267 2.248756943412264 2.787698706189062 2.6045573273816025 2.149439926472407 2.409413273916925 2.597765527724372 2.2882426666817346 2.2438971487286277 2.8491911587656817 2.3917816241909455 2.4173410274744014 2.4583783605516345 2.460998594308293 2.156292663132748 2.3547147885263584 2.2554878472752673 2.421174199065711 2.31846823657648 2.6715405222781308 2.415906081393702 2.642084158937168 2.2162261115760904 2.404740204061886 2.1257934087822012 2.325986027466834 2.4827195902386223 2.272333765012055 2.2481810152155997 2.636528877746088 2.4488376678977684 2.562793404641829 2.6464542108904663 2.0555261367353417 2.305063963462143 2.8521564681147655 2.6348606250677293 2.2546411685729035 2.052522765952646 2.6067362088734907 2.503491731290355 2.9226848004773296 2.4857090729184024 2.4271872196850297 3.0995899586764035 2.370626427461572 2.2379356164676283 2.639520449086843 2.306494756376464 2.5415237817489484 2.0284222576311253 1.9919860498392337 2.4043033745610876 2.431723688058546 2.5293748411604513 10.187884195834108 10.200705576139796 92.26539819713712 91.34599103942172 0.6924141655586673 0.6234737392907376 0.7278386836186478 0.6714405479893366 0.7937974171296555 0.624606443514121 0.5415802189714405 0.6425383712830871 0.5684327337528241 0.6973788533811389 0.5942656190104239 0.6369158827394051 0.6480692150870362 0.7085058778839227 0.8102538933062978 0.5303803338781714 0.8067856972111958 
18.522230821247184 17.947420458059234 17.97791863226982 17.785863760528603 17.78449852666548 17.528380612577703 18.094170041669905 18.553123377797192 18.6966167146239 18.612366867322333 18.514844203533325 17.774278889921725 18.405343691618707 17.94021263479227 18.126308828510105 18.363504892779844 18.823948436334497 19.311801794764747 18.307926498847568 18.441195373033768 18.32066874589852 17.810451853839712 18.3142093951536 18.194128628196 18.519241774986142 18.536982715637915 18.179822618012132 17.9727244198266 18.440283746977723 18.34428826064878 18.46818357378871 18.508060021368838 17.996692943141433 18.437071913163717 18.344611641050538 17.97313447574157 17.924275987977875 18.039884870394246 17.823720040873567 18.521230572670703 17.560868501252145 19.103151093553677 17.876268757026814 17.774585336435266 17.635385557679875 18.061011688872952 18.749937324859957 18.546170928751742 18.459859991972895 18.563451954814525 17.897295152925935 18.354347630030865 18.34935388307511 18.30953105438293 18.132337817395467 18.497955060501045 18.141128184722604 17.63093759455973 19.05758998709059 18.357239074580757 17.940497827755948 18.419228814129728 17.956471403412827 17.449074303843812 17.72190207304316 18.4918225032094 18.011488108908985 17.90985016581085 17.902142534722362 18.273113888846506 17.850163524586364 17.540237393503812 18.149260950746843 18.83873134123229 18.388052525630137 18.094011025406502 18.24529543085054 18.003984874649227 17.585529578642774 18.960317357749517 17.71812913235008 17.842335112693345 18.340331478503465 18.679088461109377 17.845000698492385 18.176789747384124 17.917685172950783 18.236496271564857 19.16299362019159 17.688459298546015 17.929450507710268 17.973749270773123 18.499561829347904 17.811645816709152 18.50923644792163 18.371823499362314 17.80599090235893 17.36472343683036 18.43177585885241 18.36446571292592 17.597258996012613 17.983377135568396 17.745937751917225 18.101291241934028 18.187685342544807 18.049678050940326 17.743033353335587 18.048334204382446 18.039352024915317 18.115796771823096 18.151347593219846 18.222832913178244 17.86019070765871 18.249206866002922 18.62577530377626 18.580686875462785 17.84519368987672 18.086846112215998 17.715403653201943 18.04548954774359 18.17258080100626 17.782033738579507 18.54953218391935 18.019002047231663 17.862889859045023 18.33410546509511 18.178208344666803 18.908268306895362 17.595911825294852 18.351875316789123 17.43212932389116 18.47867717520108 17.256591648208293 17.784365392365316 18.264064383523483 18.27804391753638 17.758243500876905 17.986155055456596 18.503770340332533 18.23529736529843 18.36720299384502 18.238418799225958 18.37837033823885 2.688269751574069 2.651363724292503 3.21433984071775 2.663932980712108 2.760046074210559 2.79955825862388 3.020838723380901 2.883901519651728 2.8325144240605296 2.5985636771062386 2.8471362227354344 2.649659433650061 3.4860858023235526 3.0502578323335197 3.4087443281823075 2.539569563282165 3.274858213073727 2.790203207643101 2.8049300002467112 2.690902178702609 2.8000984065486034 2.7891173133991174 2.9106350527861693 2.7663918036041304 3.3361078607056434 3.066925093424597 2.6226386650775404 2.818664210049413 3.1122209731929074 2.7261762815779473 2.6848206565073514 3.437215195437415 2.9114032128402547 2.8489764622158797 2.9639978545681065 2.901669622727149 2.637445966859343 2.886059156287644 2.7693475110415844 2.874714454493544 2.8114274353734947 3.1214428480916 2.8962212950032638 3.071936504310293 2.7270266231795777 2.981988984373272 2.4844948788170393 2.7592797282178845 3.0063789714404243 2.6486078815197485 2.7058660571749624 3.1758949744659195 2.8300332890030893 3.0715982660388663 3.060879644407935 2.540922147526865 2.734613035818085 3.4148118385203556 3.1715534652836492 2.61678170334599 2.544346891121216 3.1043269549370778 2.9985042288939114 3.517138777032981 3.0165632704279726 2.834621542846411 3.589759047856771 2.892928436627003 2.7252779931318054 3.174801020115904 2.82838944599241 3.2020101521018645 2.506891297084845 2.5013830007489544 2.814782200562234 2.996617631109685 3.022016212989502 10.118717754581242 10.15936971577543 92.43485978152107 91.53990600589276 1.059649584995843 0.949020218172863 1.0435814746061451 1.0466855822732821 1.2048256576621412 0.9708340243517712 0.9416124317853692 0.9973593402150829 0.9058453494325869 0.9898624644614621 0.878806755865392 1.0627328286776656 0.9859607654695911 1.1737224732270854 1.144341826689035 0.9365568086974962 1.1575711017027963 0.9488838912251201 
18.337522063069866 17.795585668142788 17.837889409416672 17.657899608729867 17.591692442333446 17.371682398263964 17.898207019195844 18.397557655978638 18.50339492592227 18.417605624877876 18.305561312029084 17.59327304827137 18.275141256568997 17.77429551739386 17.931418336978382 18.18649794534376 18.61141398108498 19.126727677758776 18.11007822045848 18.233292967912863 18.126438465586197 17.6503521967865 18.14089165570374 18.015707191833716 18.33880996262857 18.40616090987986 18.00611924943481 17.820668925412825 18.28336722408584 18.200547231631063 18.27542847571218 18.349472274812275 17.833208708200164 18.247247847800853 18.155359536500857 17.812402001189874 17.78163558095905 17.88835539596016 17.711256170730124 18.284698999158902 17.367463059815037 18.926513986026436 17.707836765090338 17.569358989797696 17.411328166351577 17.852550898967113 18.609458504318525 18.38912876873695 18.252328481865668 18.436836391338687 17.722432394118723 18.154760736838984 18.170225074426902 18.175248475399265 17.976340238386133 18.30539988748973 18.015601407979588 17.459792750235263 18.897176846305193 18.179234832815432 17.753504504164052 18.223360725410785 17.776631261590083 17.25572643929915 17.536647794564832 18.356466586206558 17.865073350768576 17.771628963215583 17.726208303541146 18.13427323844339 17.65379015033561 17.37206893879917 17.969794803646867 18.673082266453637 18.27037699065874 17.915042842335 18.091330354108855 17.857160876618877 17.40553211977704 18.814639485036732 17.590685041967298 17.69651356928963 18.14180126432414 18.541159907982678 17.66075045823792 17.99435000058586 17.800256815353602 18.044794046131763 19.015130423410337 17.503112114484406 17.75122205239946 17.851448785609467 18.31901160897981 17.65642613250327 18.317612730550742 18.174983497354297 17.6367742572833 17.182568264659373 18.25100447349086 18.125860275988764 17.46139689650983 17.762801340173333 17.591786400899487 17.944120583751104 18.051602840622067 17.848697156467573 17.58596997768705 17.882100323748837 17.889920692738176 17.951415921417322 17.976149530704777 18.032118777508252 17.710362001893316 18.133039285422335 18.44124882726301 18.38991134824784 17.61850629120189 17.882316286687086 17.552491943717907 17.89276554668984 17.96098685925853 17.547131278357647 18.387367222669223 17.82792467119853 17.67112131005208 18.17767889086459 18.05414835708527 18.717791558543986 17.451099191272178 18.1351849851881 17.28062023107504 18.315976693408636 17.027934513498817 17.598423662462146 18.062560967752717 18.129923197520093 17.537200496771938 17.826054273704074 18.3022162436078 18.023384617662447 18.14625742941701 18.06383364272206 18.19343321673136 2.2524200003654133 2.2309124242382246 2.805363246834579 2.199433918412266 2.3242778454005912 2.3325237512211 2.501348186973845 2.4604389923149785 2.380546948506118 2.138099856846319 2.3970598483603 2.220580510300711 2.9573506152693363 2.608834032861327 2.9125097966719737 2.1361172722255386 2.8049505781178015 2.4138616081004596 2.3501933823486665 2.2875382140798144 2.3731308076381064 2.3478981532880705 2.4555617430525762 2.2879752324070766 2.846342344541907 2.6200889301836816 2.1624808900643626 2.391176869614447 2.6548923007856535 2.3012938777288254 2.257000658497068 2.9254881037863534 2.466035832159848 2.4169539248914984 2.5301517338454405 2.5012755061510568 2.170093783815461 2.4201877390204665 2.308093325859143 2.4262358393658365 2.392534200471598 2.7195313482990655 2.443330699708921 2.640496446704214 2.2748927041775837 2.5095485630930656 2.1135609426934585 2.3559989588424446 2.5387324479173676 2.263602214460976 2.2907738078188795 2.698220207995945 2.446429372940615 2.6353215836334503 2.654653301582958 2.0824399556597073 2.31850047639624 2.910999208376185 2.679675872891591 2.228109983494895 2.077906880705757 2.6594789082237793 2.5398996832762557 3.032845162771029 2.5389541334393075 2.432283986573931 3.1522143423390303 2.429291187770443 2.286366180860271 2.70471159275664 2.3815442162703775 2.641266281276271 2.069111933889829 2.028535708422611 2.390936422670462 2.4928279352554803 2.5811351952289767 10.165711480469719 10.20296551628594 92.65108098064337 91.74599137955444 0.6927619310960472 0.5990198084580195 0.6966514757719865 0.6892821200524637 0.7905434416221194 0.6180884761419114 0.5321506022166221 0.652580855872531 0.560131790923115 0.6696074287586393 0.558178236206358 0.6333519791932306 0.6249740975090602 0.7500291359206828 0.7855015161940215 0.5548878637156693 0.8004766812698273 0.5530967338236324 0.9042568269617299 
19.62092491606957 19.104246156585052 19.150676551365574 18.989624837387225 18.89842540539734 18.65959276201094 19.220162845995134 19.721984365576088 19.846542197666924 19.722658227902123 19.606672666085633 18.898740960388153 19.61345345241261 19.08551507817476 19.229240918400965 19.486264208624075 19.92810054339589 20.443720873732808 19.366938146028915 19.544892696074356 19.418409754762994 18.962300625193553 19.45554552109021 19.319339965125426 19.643148776839286 19.73889794386928 19.2683088641395 19.145397005257763 19.61072024275399 19.508011313775754 19.608460700540995 19.672636215566957 19.14572649095963 19.571758727109945 19.4413288957683 19.09916040209903 19.089717719259376 19.20526129341613 19.050964350703516 19.560368079232795 18.64442631421646 20.26374127421982 18.997293997394944 18.863162097090434 18.690715372661536 19.177493575328157 19.9342813876345 19.705478773545288 19.574643556124276 19.78977693865523 19.010473499920764 19.454663427785373 19.50662940927197 19.507289406073056 19.280179076985917 19.607616663134745 19.33453916750931 18.746472453845897 20.2226751765902 19.47407643985138 19.0273274332855 19.5358047874841 19.092722516805196 18.53946731933294 18.828062250180754 19.67705099043459 19.171734881134636 19.111559378985767 19.041948521250465 19.469785151419913 18.953873616480937 18.68840443017733 19.283073182175702 19.99895459799453 19.611885702794012 19.20628065064211 19.408744119970873 19.17864483119067 18.70063120923501 20.140159921462367 18.919051378140328 19.023185675819715 19.460014482753547 19.862096733269535 18.933664701023112 19.294398703163427 19.12118469040155 19.30302112281401 20.348753665856695 18.806339649765377 19.02726327317022 19.198076091858827 19.640284365394333 18.925566258227704 19.641298292874495 19.44529630491311 18.933637825435145 18.449625219037888 19.52755352063842 19.41152074096916 18.785668977249998 19.056051225286335 18.90291062114521 19.245361500549222 19.37969462618208 19.178666523978276 18.907967537021147 19.201815116724674 19.177065728778125 19.266926455894765 19.286504951501513 19.321523171539145 19.039571082362638 19.469238508422446 19.738645244295068 19.67775038485922 18.928568702797136 19.18839184969038 18.853794602088193 19.19447638414921 19.26734389094149 18.838200596682537 19.720093540928143 19.120307535800936 18.971083203198674 19.477152258169795 19.39170307853672 20.016733591058912 18.764346991550532 19.440574194042746 18.581894439483982 19.647272743516915 18.25375922435328 18.891399724800483 19.38303621539915 19.47103092636942 18.827417449612668 19.154778044085436 19.615665672430232 19.31966539511566 19.430669310672037 19.341589147694894 19.51880502566993 2.414641866449485 2.3910899908345757 2.9564861968173686 2.24701021474966 2.462920472719369 2.4384647088511464 2.541460099253041 2.5612088244774864 2.5065947676567 2.275559314980834 2.503000130109866 2.3724463343033366 2.9896570141901475 2.7197304987382 3.0509451626182695 2.280707244955236 2.8860245360534185 2.6367864015710394 2.4972303941180036 2.485715497097307 2.482864832614976 2.4908792200698504 2.6221112541596825 2.396806009213841 2.93522399322558 2.7544154395835427 2.2244749756074595 2.479701440650123 2.8044653738014853 2.4206083266829497 2.3988883606558833 2.967897755215204 2.6355393021164275 2.4883946589237467 2.6777389112432766 2.710834678080501 2.259848970420455 2.5625487595253738 2.459739348935095 2.543412409273717 2.5508962651012634 2.9063100790714773 2.524933752262272 2.7467569181025744 2.388215945565372 2.697122286996147 2.313769212191653 2.505715742576985 2.620902740338206 2.435789831950769 2.4529770125019312 2.780677465134124 2.593177500607175 2.788514770658487 2.8247960934011993 2.1947668026910123 2.510232219186097 3.00157534686254 2.743523169134462 2.3748259607311906 2.201301428634391 2.8083189441684056 2.6285126593630905 3.132302703385544 2.680107486194581 2.5920715288231975 3.283891150207443 2.5661027017321536 2.4605222536376825 2.7590544860479636 2.543088191675684 2.708576690190479 2.2308534015799744 2.1391574240622733 2.514990914748404 2.5508421226906974 2.716844953073289 11.323597986608977 11.373644374802282 91.82870896492292 90.92560497005744 0.8738197694166635 0.7635309969408187 0.8773908528813176 0.8908629636495817 0.9326697612569547 0.8531161540468751 0.6519767319173899 0.8773096777574819 0.7977781535058898 0.9085382707497771 0.7614705425811716 0.7682135248141483 0.8233671287944745 0.9282820996213954 0.9726702232944955 0.7355224024284358 1.0076012200929592 0.7319560577080455 1.0933097284472901 0.693713576047568 
18.7446437678014 18.230636191290063 18.288300793363085 18.074251114498637 18.05619514832224 17.798610366906967 18.33996066740606 18.833153349569248 18.936305130985044 18.859076520122024 18.72969063822748 18.023732845134493 18.707805260821146 18.200987902330564 18.351750539008503 18.60488295672511 19.03327699640587 19.567375028888403 18.525938590632247 18.68448978790664 18.541859799730712 18.090519861098876 18.565614749891537 18.44832419175761 18.76984101706673 18.815297248573007 18.417484946401085 18.257084174269906 18.70792348895383 18.62542101102286 18.711262983492784 18.775342636763018 18.250639955657796 18.68864390840298 18.564094898302116 18.25261376682888 18.182285599268912 18.312600061322552 18.146961561700422 18.723737738043813 17.789501570316872 19.347972199844975 18.114285145550635 18.01899187651135 17.858179652229452 18.296454483938653 19.02204151181718 18.806375211471735 18.698105800689007 18.878748246616496 18.13935371796447 18.595880290309136 18.610777904072336 18.610952653724482 18.387042447632965 18.730921779652736 18.42379087219778 17.887905058031144 19.31960800838785 18.61011974282963 18.15920383039616 18.665138357722846 18.227621621539434 17.687490266751677 17.977606790893528 18.79259317215365 18.29500631711248 18.19962730542159 18.135875353469423 18.562650738864598 18.091459162712678 17.812606867468524 18.396211975705594 19.111456331039264 18.697787333508924 18.34377464158828 18.518342606757027 18.29732924168683 17.85479503556987 19.2407753739823 18.025299927285033 18.14787907857316 18.574313395783783 18.96913181073489 18.085474379813725 18.422303662818685 18.21914391708624 18.440840214214557 19.42160637896771 17.935785847331775 18.16539282338408 18.288023731500743 18.741515757231934 18.069236085294758 18.745880536898298 18.59635258709209 18.050459393311172 17.592990255136588 18.680818778442735 18.56529297296705 17.88781880710256 18.19585150804492 18.037719587068985 18.364861930227388 18.488367281452145 18.30499267728714 18.02108087882993 18.297423908764383 18.312468419388342 18.386388614198882 18.419550643425755 18.474199841853675 18.14644003756236 18.55727831688324 18.867770001902752 18.79485348870325 18.063468797365203 18.310129955795784 17.977130042987756 18.312618435571025 18.397784184280688 17.982629620786206 18.81652772123797 18.272153785833336 18.115355660591703 18.588026068450407 18.487907881230335 19.134616856824618 17.87823452596561 18.563814363742683 17.703403030969977 18.740543825790407 17.46976750154818 18.030625414362397 18.499332235432906 18.576267535229935 17.975675495643326 18.26720522421036 18.75952193081283 18.448520183355793 18.572823958425445 18.470256272681844 18.634509957079665 2.4986088310089176 2.4652860270463695 3.0713075034669384 2.4114808154368563 2.5580360649727245 2.560980976226835 2.715296475198715 2.700837852761096 2.6262604901420925 2.3689121160447866 2.6159933876190644 2.4650399750627017 3.167892333905085 2.84995799356791 3.168292674703844 2.3651525027041975 3.026116116608195 2.6930238108149394 2.5823955746098632 2.5595221837681796 2.59826283031414 2.5989433891445897 2.718015210036012 2.5261396642278964 3.0761723594487687 2.8687997095358853 2.3853279094154143 2.6148155423822 2.896062569306767 2.540946934308297 2.4972503466498988 3.1322004392808345 2.7097641271007578 2.6315469769770283 2.757263952087865 2.762447103816966 2.406942348475308 2.648156716624968 2.56548203444491 2.6721941337774777 2.6295558497769296 2.974021353071248 2.6670528444613018 2.8753182647223516 2.497691202258446 2.7566041751527637 2.372192917656073 2.589532789275844 2.7388051893536147 2.5123203084205827 2.534502298908956 2.9247641081611975 2.6801259982863836 2.8848932148622413 2.9148936132334957 2.3105354622064715 2.5898091451822447 3.149450435915118 2.899978594249747 2.481029118342654 2.3296997209567 2.8926952607671934 2.7553332066115783 3.248621896521463 2.8019500171705602 2.6844639740658605 3.402709005338441 2.6640171930349075 2.5337143147714345 2.88927342831698 2.6252196844342714 2.8643780244737678 2.3153333548875628 2.2750263442694107 2.638013558025898 2.703515380745834 2.7928029352261077 10.769189539637892 10.802388370196423 92.50325568475984 91.58597060924822 0.8971235690278414 0.7930406523867284 0.9086311282918619 0.8840340141174353 0.98923400485944 0.8510196216543946 0.7257533829293826 0.8658815798823011 0.7924834463585589 0.9121877088697063 0.7758184827177893 0.8372969643206223 0.8479270965888878 0.9552511620446658 0.9922457118411699 0.7583668277801426 1.0228609408888762 0.7523150781916564 1.1148305728782295 0.734523641418185 0.886455169777565 
18.248168045886878 17.748962796801333 17.809034466291195 17.566010557833728 17.637211748207733 17.32856848124705 17.895918371402935 18.343665142861397 18.47750796885006 18.400958687708687 18.269532122650176 17.560761248529104 18.213302228348326 17.72198064553848 17.8806177086631 18.11792034268489 18.56371953301385 19.091178720829696 18.04686966342862 18.247429726647933 18.073007411554144 17.623695058094842 18.085305690865923 17.979685710452948 18.294814026013345 18.286782789806185 17.926005288312144 17.77966647721448 18.214415600850593 18.11928182793586 18.257924260177777 18.283844913513295 17.766035246690958 18.223619123976153 18.0773029667257 17.783021367352536 17.678200363206404 17.810619496807586 17.64344932536087 18.294235112970785 17.332739786728393 18.850589558320273 17.6192982775406 17.595317063879172 17.448354902446876 17.87034359042247 18.49434776682103 18.3100264059276 18.260870107170145 18.37969340086097 17.65489310931939 18.150433110844943 18.147142411274988 18.1188041431896 17.885340165638453 18.26369173825248 17.898519685584887 17.41842778494895 18.819986435101598 18.12965771721196 17.68442789450593 18.214502680221635 17.780555925767793 17.241298917327292 17.5291216864492 18.295565722082475 17.810693647688584 17.70826606702228 17.651904942076822 18.0600786680829 17.64349868561983 17.36090161043925 17.923902158932606 18.626677516428032 18.185748741805977 17.864189801972255 18.0290080234723 17.818101635886105 17.420653002361675 18.73307393095552 17.535301909906703 17.68574233911574 18.11646583777948 18.459012334639873 17.620811683340072 17.95236490540907 17.696805136012554 17.94411158604607 18.893324554560316 17.48008562389029 17.684160067022855 17.801718629215255 18.263967944025843 17.57728585690575 18.279882079049028 18.11375802729018 17.560495819382385 17.121257543879313 18.20192633864292 18.146721849748047 17.404782668067856 17.76353526249943 17.578993859393066 17.868421818260426 17.996203500438476 17.8832410025497 17.54746750433273 17.81232979207959 17.805590743350244 17.91513528706085 17.96255475187334 18.029132838897805 17.668270583486528 18.03604915500615 18.391221883503007 18.302072007452022 17.647476913608763 17.858505030341217 17.498057867144652 17.816464327585894 17.954833613577257 17.564643590410572 18.33094253928957 17.827163348047648 17.67969923759175 18.074966961957365 17.983758164825055 18.638911081732022 17.39611524852854 18.124898704754436 17.22323491948626 18.254060388278006 17.055569583241255 17.580929645112047 18.053367318913732 18.096443673370647 17.54549964388425 17.803039667714728 18.323627913648025 18.001756894912713 18.126474885114696 17.974712395530997 18.17583434789527 2.4582351384341266 2.414657952537713 3.014171289576819 2.3899709782636585 2.512816817148592 2.531823144532973 2.7048482567063226 2.6540653357540234 2.5915945738064057 2.348068142024105 2.5570579470878285 2.4173090700890096 3.167399592039787 2.8106554155827537 3.155859172363199 2.2913885431955783 2.9694741712822434 2.6240241876016612 2.522922294816117 2.509199270120355 2.532364472950053 2.5575905782224644 2.6869201506058915 2.5163259574452104 3.0445220828481645 2.833891882074566 2.3581834427029853 2.5718743818860443 2.836894176390464 2.497115235917973 2.45213691260732 3.104448203441382 2.6464253096950907 2.5776390006336243 2.6777357070030465 2.687732522480516 2.402088824822679 2.6051568611819613 2.5419705567113033 2.648017515117009 2.553247859393287 2.891252642825359 2.6261097136948526 2.833522897297971 2.4463898179348456 2.712971748713944 2.307509422013233 2.5113110176641262 2.6900226886057372 2.450333117829712 2.4603841296289772 2.8874147704256194 2.5945011049805116 2.813853442158003 2.8517766833595846 2.2858106499989868 2.5479688073620808 3.1369174921702134 2.878938159234238 2.428363287592599 2.3267460169668257 2.8342421532274917 2.7065298505162225 3.18001926839293 2.789878125492581 2.622949119893094 3.334336960299426 2.631827549806538 2.4859693910171594 2.8293040473336304 2.5775799063396323 2.883329401582838 2.2738160217926326 2.272238040259125 2.6187354929884052 2.6826061253424105 2.716471070373644 10.645054622152015 10.66420149104124 92.00305590987327 91.07985674118152 0.8855073177272779 0.774745050993422 0.8916600390396219 0.852971885461238 1.0176678911535106 0.8490023404840545 0.7421991852399418 0.8445905313048493 0.7776719035494083 0.8872641179141801 0.7394548606552382 0.8764988053836626 0.8535525938259357 0.9728241348910461 0.9895603341333724 0.7507004794619074 1.0100818340573847 0.7504146959575299 1.0909110516695937 0.7446688307779962 0.9097070074493923 0.9216114997931754 
20.26366802522453 19.74448820787722 19.793905778760646 19.58831623790443 19.552356491450965 19.319655426886914 19.85478019452021 20.352435634262697 20.440295459145613 20.37057479526703 20.240520128587196 19.52439475983796 20.261124240706003 19.71237528476993 19.864813222083146 20.118408078812166 20.539991993704323 21.09433437615377 20.030149102602497 20.154832776329016 20.074342725289828 19.60042848909449 20.086284838451864 19.950858146465464 20.286734583317706 20.323948851745385 19.931021244953886 19.76521587071743 20.235760115245004 20.139177468346364 20.227027019784895 20.299067888014893 19.784776048025325 20.180943027286265 20.080044517616322 19.763729958969975 19.723878291995156 19.82094905726714 19.676479244178974 20.20371166004111 19.280689995778335 20.884468552779563 19.617197261498053 19.502531189166934 19.343485731185453 19.803025128153656 20.54141138986364 20.334102635922704 20.21159954339614 20.39907761013666 19.630723072983955 20.093093625746672 20.126893153313514 20.13639643120938 19.91373231402709 20.24873505282229 19.96783442226826 19.395865301201376 20.861688179156914 20.115515690316336 19.662436614767387 20.159001103898273 19.722681339273272 19.149548735139124 19.475288216733713 20.340687897676606 19.806521768891308 19.706522632103574 19.606565257033772 20.068012781408385 19.566153786733345 19.315365959573647 19.911877712327502 20.620764045919568 20.24853985199713 19.822259444056108 20.027412719330183 19.80445221042705 19.354428392569424 20.790040751977354 19.5187198532154 19.633661474551072 20.071613753835425 20.485056326810057 19.57167355105248 19.919733719620922 19.72337690551662 19.957398407816108 20.963404054864025 19.429630910929944 19.684015345687506 19.824103201606196 20.25867597939681 19.589563373370673 20.250759012873104 20.090893717976364 19.543140116744283 19.07274964198805 20.184511178372862 20.061053929029875 19.42447455715036 19.690084930152093 19.539577379134865 19.87271195542521 19.994765053101002 19.806941485691098 19.528132382965662 19.814350129296677 19.81727746668916 19.909993363024306 19.919569573847106 19.98200574853716 19.662614902366627 20.08635290338793 20.384515578667415 20.317696053916208 19.552014524081855 19.815679493317845 19.484100316844383 19.818968386856394 19.88702516268358 19.47349424024192 20.336867146213297 19.76454708680482 19.598017212877476 20.11039845229132 20.020506997142927 20.625082322025367 19.39954883909623 20.07260814741908 19.228549777756516 20.270028720998546 18.937281431157526 19.54243298701956 20.009001163040228 20.08863965943362 19.460756585457787 19.775009074263124 20.248045874089176 19.94143952676475 20.061655478533126 19.990698166666245 20.146991102338003 2.4570372381871994 2.3677411509060065 2.9930745220955304 2.1839279803315206 2.4478182382156133 2.3886206653719277 2.5539414907174005 2.5612420750664993 2.566483693813766 2.2073598197139512 2.4443097330452743 2.3795976653086175 2.940952619456252 2.709277018979967 3.1229068396128823 2.262350545077557 2.892169226044161 2.7259381558031066 2.480070451864961 2.558310024770394 2.486079523058011 2.563954589761558 2.6819791704753797 2.389885617741227 2.9506019232201814 2.779917747955435 2.251300944257812 2.441920198697801 2.853906744204458 2.3979295038191877 2.3914088654008965 2.895968059294753 2.6787411909881165 2.441280967425283 2.6372023751561393 2.7861997933229903 2.232586984689733 2.55911038988105 2.5284177368071603 2.606348576357957 2.5312563500133805 2.9581307711282996 2.5191253529131536 2.7448382084689418 2.366527075538884 2.705614093137093 2.338263510227267 2.4906070629509 2.514706178535564 2.4310390325975257 2.4890386720859414 2.7456199479309844 2.6012595856573197 2.8303340557168646 2.8811648934614267 2.1799770237528664 2.622107816012242 3.021452659660698 2.6981670871843284 2.4008101395088435 2.255502033322599 2.7984142196754647 2.6189200510547685 3.118401314457304 2.7477332943665855 2.634423586163579 3.3561788659237384 2.5302508191247792 2.4785002882894247 2.601002090972603 2.5464753259739763 2.725732898916356 2.2663619909377557 2.1499226616996423 2.4776973336695614 2.52224545962989 2.659391524308013 12.213638424037557 12.2475853663617 89.38779911148404 88.45415847076102 0.813671227661752 0.6951344317470317 0.8571380174495642 0.83604420577741 0.8856548815927391 0.8285222310395949 0.6237882687449197 0.8343010892551594 0.8242740776880816 0.9642637665962135 0.757922968230342 0.7577889553672801 0.823659101237179 0.9336213540066223 0.9414623862792153 0.665585375621442 1.04727708125001 0.6883155492107739 1.0859786508129734 0.6777053181259265 0.7571432943786442 0.8437234639500035 0.8556813355327125 
17.420036826274266 16.899415797923783 16.949554963603546 16.694053752657357 16.77333467625246 16.49371308957911 17.031675067684905 17.494861041456815 17.623002435523617 17.565397705889236 17.449349304815776 16.704441842915866 17.352335151961512 16.864708744184682 17.042797440979456 17.29527324118097 17.726681126883967 18.261281499425937 17.26133727615267 17.414420523550202 17.255066892335236 16.771975674997496 17.240828003470128 17.14155923756391 17.463507901992042 17.446656033753964 17.143682579097412 16.91047874233392 17.367420038558958 17.278359883077634 17.400854960381576 17.447970783254203 16.9109116372176 17.351337290508518 17.252933795916174 16.970574603252675 16.846815793052794 16.920739099880144 16.74105649585178 17.49726846409442 16.502724667823024 17.994746640581383 16.79269262570904 16.760081125783778 16.615450371317525 17.008952027921893 17.64899102698212 17.480661364812086 17.400647274638374 17.515606745458918 16.82835406349217 17.330545435445877 17.270638143044053 17.270494268560075 17.042515634111584 17.456596199964817 17.03369002614846 16.584596141189124 17.979890592111605 17.299775065045065 16.900928170022397 17.379944884116654 16.932173975994218 16.42459539342642 16.69013457821777 17.454946063530823 16.975471957559908 16.83333555443529 16.815858392190087 17.20363891751045 16.793029712193476 16.48435161047474 17.086151652780615 17.799920716866154 17.312450113579775 17.028231372383367 17.18285376083638 16.96438652168911 16.583208584559035 17.91148652479532 16.675418500263962 16.82096603634612 17.27146515044005 17.61586966043676 16.81337290753059 17.11523305928962 16.838453490019667 17.15165496518322 18.059435174417224 16.626002697966673 16.875673713565575 16.927256886106157 17.42611525510764 16.776574652157873 17.44362950922553 17.29327929212012 16.72309972655434 16.30376618671753 17.40135078794789 17.353782227009166 16.542048413650477 16.935379808468117 16.722869086496257 17.026921898801923 17.148606183538764 17.02373855187357 16.667586064436016 16.96345187491275 16.957155470024638 17.074350421254636 17.135864911348293 17.223229522146752 16.79669945252381 17.14845746350963 17.583510123015724 17.494134344407367 16.773693632142955 17.011278747049904 16.65323006418853 16.981358285886433 17.1069431761469 16.72652494953541 17.487870495147696 16.998845728382413 16.856748482540937 17.236498549485788 17.109762182590497 17.812631818879545 16.528558777728694 17.305260045792153 16.36052073037185 17.40461853451382 16.267814738365555 16.75792228462248 17.200816428830496 17.21747434208316 16.698515920804233 16.942391938451255 17.49536877635489 17.181347289437582 17.319062520588297 17.16529940920201 17.317828954747984 2.412006530157836 2.409407774669032 2.971233366643172 2.485464334879248 2.5071520136775924 2.5454999494428345 2.7889402342714606 2.6537282098008808 2.584522955584962 2.3309886146207437 2.607631816713194 2.3707893097280626 3.291468208978552 2.8167046716966584 3.18403061900072 2.263399513353711 3.033518823123419 2.502600740791527 2.491712518787833 2.4186982602962632 2.558958016303945 2.5386483060059764 2.6271617550065427 2.5305478971745283 3.107056292746591 2.8566647899814694 2.3935707852504673 2.6422386672073856 2.857174260137581 2.4947252702953815 2.448338289536193 3.2159662861518084 2.610953279526178 2.6562363978328136 2.6879619665287953 2.6049691030106668 2.4339367056039136 2.6243665992497087 2.492748878903532 2.6453433547506484 2.4934654407412977 2.8225243342711273 2.6719751125461286 2.8667420851160483 2.4519648957463023 2.666833572937526 2.2337164305889767 2.4903003333218043 2.773482438273499 2.4153182204781283 2.420017491243763 2.9343161946204996 2.5925352547835687 2.775694630270076 2.8230942418905824 2.3113941085077667 2.4649313380636495 3.1881529602005525 2.9611996400013076 2.40254313440227 2.2969643456252102 2.851761575004932 2.7635759859790556 3.2183954725034285 2.758562659301887 2.5894972190832215 3.3187681804446236 2.6379371817760715 2.4580448155283894 2.955888046476631 2.522854948200541 2.948970938995119 2.2305205812351803 2.254418073063636 2.622549118269495 2.754577399627639 2.7787278829791915 9.214494226614983 9.238109006885866 92.76739978814875 91.86606609336506 0.6752370450518927 0.5790196119521791 0.680807808330656 0.627899201723014 0.8470684909357019 0.5808520776204334 0.5911395430421407 0.5647411471942074 0.4996264757063134 0.5817406308289412 0.499810830340063 0.7141556594077297 0.6047736370872936 0.7532364699336177 0.7701310227364702 0.5318754740932531 0.7443787320494615 0.5516822325554136 0.8687529460316574 0.5519272090498626 0.7759037778803447 0.7566427896389865 0.7011455629761285 0.7718997569020856 
19.20436777213656 18.68300246114384 18.742930388180604 18.48155922780893 18.554975165995867 18.264036093089597 18.81285457614047 19.27913643250619 19.377767041297314 19.339587536613664 19.19237598103575 18.481158044978397 19.15177082175925 18.649991663165704 18.812121877955796 19.052616832384004 19.486556316792427 20.041042494023618 19.00026752750802 19.152651920271527 19.01338106819887 18.54496793539994 19.01665449019289 18.90705481900087 19.23294503917289 19.210129529629114 18.87579457238894 18.704059151787483 19.144583015246557 19.06503135880383 19.170309206040127 19.21376695229661 18.701139993181226 19.145110767198382 19.020581179421516 18.72227791674913 18.607985231006772 18.754169949457427 18.578164891634323 19.21556576944348 18.251353117187115 19.791784424017045 18.54713035873473 18.50206775482094 18.361317695667996 18.77415393147124 19.433960775909068 19.241307548029077 19.184048626875526 19.29724385821378 18.583760054542115 19.07357144278626 19.068271540920055 19.04576003154622 18.825923630077916 19.189075862264218 18.847145367871825 18.349643120450803 19.77150967533617 19.06974452010505 18.6041989008807 19.133182423502767 18.68980862009658 18.138985748213877 18.45407481998958 19.2457098379312 18.740243562375387 18.615660504719443 18.53621555600362 18.976201107848553 18.555555265594094 18.273562579624812 18.84505273319007 19.55292474955688 19.128042743601853 18.790204461651562 18.953985283234335 18.740660562760823 18.339720961768165 19.68006219085063 18.441015683878735 18.595447171803453 19.029991764982704 19.399320678845708 18.55126784301826 18.876408899325824 18.62279352608239 18.89860461045683 19.838532632877314 18.39606038019275 18.626431272613445 18.718423783478876 19.18336233951793 18.52207818678797 19.190317789237472 19.066166692815834 18.4814965579913 18.034155473873366 19.149625804085844 19.057617144130614 18.327565645477886 18.67631302295783 18.495631107686403 18.806127900684686 18.914689336442866 18.779863912931464 18.46818996821587 18.72909089507631 18.764007824747207 18.84010070282866 18.879178674649378 18.955742581381564 18.589713026934024 18.97637775532931 19.32690026568609 19.24728103994652 18.550547885206797 18.77625234878941 18.4232002194938 18.750142856878036 18.86735278728148 18.464508912057234 19.25190059552566 18.750022956679338 18.582515989087785 19.02639650432847 18.918813606067467 19.577533465550996 18.323960056909485 19.03640196671589 18.15648104568477 19.1779697458443 17.98840525039265 18.496479649018877 18.966337250811605 19.019331756708684 18.461673416844075 18.715838473218447 19.23714960538421 18.916990637078523 19.04724514582862 18.92348257567392 19.096091536260925 2.611677338590409 2.513612948538761 3.173660053123898 2.4393757652978185 2.618548180071831 2.616623683591146 2.8223789328734257 2.7731637928189996 2.7535545882360846 2.4140882449211754 2.6445500269525803 2.5489639002210307 3.230403319793172 2.923479685656073 3.3197998812687715 2.4048465442082034 3.109327085825921 2.824307091792749 2.657731627506584 2.689574071383354 2.661935830324618 2.729030104844888 2.857372304631948 2.6142403641419363 3.178809491347478 2.9647662833644377 2.481751744867191 2.645693323224381 3.006037010508947 2.598149339146733 2.5567315307791967 3.1742290295096995 2.8209917374545146 2.6564929812946088 2.7987933255351423 2.885959070079028 2.4789185531065834 2.729787832464347 2.7144077250720318 2.794547626839495 2.6926965294068625 3.079627227434596 2.742221959300341 2.9411470143614165 2.5601912198446484 2.8604587111097293 2.4464271235017225 2.6363983944408798 2.7330433464521438 2.5664416432436714 2.625864242702871 2.9889657699751537 2.731632971746714 2.998835301306963 3.020368989734301 2.3811561475540195 2.74779391967874 3.264415759403906 2.9540015361236267 2.55989794034638 2.467054677387647 2.959146885197126 2.8177955899187035 3.3236684970264747 2.9567926632192667 2.7784785498868563 3.5348470177653497 2.7270712581294014 2.6266953811091427 2.845111521980069 2.7181388582629147 2.9996026455914455 2.4212788443326505 2.384436127997279 2.6925833496444533 2.769157188177983 2.8057929716100305 11.500628656754852 11.521322285759991 91.43554358093817 90.48894245433497 0.9254470159544974 0.8016190910054027 0.9558686679207374 0.9083886834820311 1.0401629588789882 0.9144654243098836 0.7844852739415924 0.9049575019262702 0.8845647068969977 1.0195751364032746 0.8255725514765786 0.9222193493836663 0.9238276619740082 1.0542692078281357 1.0357179068024447 0.7897342741565829 1.1232545157609604 0.8016475731980984 1.1642419875605567 0.7953162907559811 0.9347639094002356 0.9577228261490577 0.9249292540251309 0.8180477474824646 0.8032420071665983 
19.257759260378833 18.69144135375417 18.70882650441985 18.529303220712446 18.50627910631495 18.303003991439592 18.815962424281313 19.291142033894662 19.412549889765373 19.338338556112213 19.228194977300607 18.49214160262139 19.199571153734855 18.672791116436933 18.844255329331542 19.09767351540321 19.519240553170317 20.048593675684966 19.036172010081565 19.12702628874585 19.083574262405847 18.545547620635464 19.054595859694558 18.92049250041213 19.253089319061147 19.278978971212997 18.934091886921497 18.71485541836754 19.188150433512188 19.089179154665224 19.19865981562509 19.258013281512717 18.757995460327948 19.119354703132853 19.076453900281514 18.729674991101636 18.717229777367137 18.753281107187536 18.58205697086263 19.212573663005244 18.272207542237783 19.83701403353356 18.605910189327275 18.482381438407735 18.34717874565676 18.787087665139136 19.480024845233082 19.30609817747129 19.184611576590783 19.30717284881311 18.618262839774808 19.085690496056372 19.069883198607247 19.075984765630437 18.88567267806691 19.236705336608352 18.91050107735362 18.36673423602247 19.830745972043143 19.072529823440377 18.691048846333334 19.138910939342672 18.667463031130193 18.148563674539567 18.44815330927902 19.272781606845683 18.773234450383807 18.645135853403247 18.5887669614387 18.99896301082519 18.545920120974387 18.273352583715887 18.87970334668521 19.56588202853308 19.172448437124064 18.781129681186496 18.9829349153244 18.744796410169677 18.33706394497324 19.73288313808544 18.454449073681015 18.58148368145511 19.047692288043272 19.422095212365367 18.58187736411857 18.8935386567116 18.65070693207507 18.9762722812533 19.924463478041247 18.403786098652407 18.680587495894457 18.75733922192709 19.231377318896413 18.581801056338175 19.225873618376188 19.066885479012292 18.518759652387878 18.07188183917741 19.16175759764583 19.07788336739221 18.379803660726083 18.696466800165574 18.48840222272698 18.834235996272753 18.927678685173657 18.764075316465345 18.469469075167993 18.789818268926812 18.767309558290783 18.863284596407418 18.887099774760692 18.971366416328003 18.602722815223043 18.99738506361623 19.36338258261413 19.32138910448623 18.53010257978098 18.80087774728955 18.44966127818391 18.788955309254206 18.864999497300417 18.4642316050023 19.29150315377414 18.741768600842597 18.588974777211615 19.07325113960906 18.93701380838272 19.60089259157382 18.353221870042834 19.086002506618776 18.190143731104595 19.226788105773533 17.959576893575726 18.5239300108353 18.9831013512061 19.00566108962398 18.44969205206366 18.727903500700304 19.209433149687804 18.961322806456632 19.076658429706338 18.990620149082087 19.097893212418345 2.2934457060942557 2.218261654749667 2.7718464788631265 2.1239953870303268 2.2965687374204493 2.269750717215095 2.5055481641256825 2.4010806177956825 2.421417779084848 2.082701629696554 2.324744387386357 2.197424677399825 2.911723415620818 2.5596080246034107 2.9964052057793302 2.0736922453509075 2.7876674111632385 2.450473948018283 2.3144953552985066 2.325802744626562 2.3486089304689846 2.395780127275338 2.4881198760043937 2.2701309076637175 2.8575066377058502 2.63537400682058 2.15290950960522 2.339156237130183 2.6994102390027126 2.241514504981007 2.222701073357307 2.846466236544173 2.496427856744559 2.3467428504230723 2.4798792978228272 2.555864160666869 2.131094522320734 2.446642620258689 2.3619574029181294 2.4607781185758126 2.3317144061430626 2.7302651023879485 2.423133104711553 2.614943101865659 2.2337721722070603 2.528495951547024 2.1167160003222403 2.3048063217425807 2.4404802794966227 2.2388542259498627 2.2881559752862572 2.6324590453973675 2.4256380212088438 2.633694798613021 2.6742206963572106 2.077325854932319 2.4018517778552573 2.920542841905443 2.616304683367558 2.2162389423920765 2.1173474909816665 2.6558783071709726 2.5212240155898105 2.9935059080385362 2.5849953865006774 2.4395358912669356 3.1712991848228365 2.3990530482695083 2.308185551422537 2.562332149624797 2.3678527701994483 2.685735921078537 2.0950597894118768 2.0179056406830496 2.3451349631160756 2.4472537713468614 2.5386767262412113 11.007929005541135 11.036994753015852 91.33911484537589 90.41566304832973 0.6754588540205472 0.5704541067704241 0.7058844905727082 0.6951295390965145 0.8022693989892006 0.6404205997136626 0.549752012923636 0.6456285850175075 0.6245575294468563 0.728819505189528 0.569858382383517 0.6868902632664724 0.6602523466673418 0.8229255640160565 0.8057364579141821 0.5287222888329167 0.8651210675428841 0.5761633351429586 0.9331273182163583 0.5617590808487332 0.700516284718861 0.7516290098755531 0.7432090257288014 0.6124893294401035 0.574551043641903 0.7547345856666018 
18.02442948948274 17.45016305093842 17.487097088563946 17.250935585539533 17.308337004654998 17.03551389527205 17.59471637627634 18.054353779529695 18.188583719921976 18.13462221222091 18.02989745155512 17.27220843213158 17.890030815557466 17.43222160868023 17.629296855593573 17.870774174733253 18.326512476331754 18.83397161249581 17.846328179135583 17.97061712215611 17.83065565567103 17.314752194871986 17.811335992293618 17.70445796648642 18.032730584769475 18.0145553459524 17.710784678592265 17.46240409703577 17.931044259470763 17.8443670625031 17.964228888347684 18.00688277951726 17.480864390232263 17.93483532399213 17.84804298673243 17.505386365359893 17.403104672752296 17.513520791972603 17.288518447534997 18.070753708931072 17.07203927381992 18.588823278100232 17.371686953832356 17.303338478901463 17.168677335772145 17.564002191464613 18.23244610048653 18.041934426371828 17.968490355448164 18.050357035008933 17.403775874675787 17.884077124874867 17.838794477095085 17.805079892324137 17.619444032917805 18.01862081929185 17.608595841660883 17.141924622412063 18.553661433296543 17.874027731712324 17.460833680627363 17.938826481295795 17.472316599231597 16.972671422450297 17.24164252806758 17.996271602378684 17.516298816758205 17.3821326050466 17.386377578157905 17.757937192333053 17.360568844880753 17.031152727196414 17.650776149187266 18.353797993386024 17.860849876219014 17.606175368436134 17.740473531489847 17.504523116170635 17.11048059580632 18.46591709078827 17.205250735092665 17.344923216401007 17.8448099234007 18.176475820322754 17.372308441191986 17.684590992730705 17.39534281881661 17.752752205520277 18.644800311476303 17.19003878699124 17.44559472059798 17.449722515895278 17.996039450045053 17.329370770858812 18.011682281479178 17.895102266962606 17.30037968467649 16.87275787903592 17.967792058403116 17.911625473373142 17.077208096140314 17.503947898842583 17.252012611728674 17.59921437303876 17.68541914312479 17.561446208869214 17.22656596512018 17.531070386552635 17.540858146850923 17.62082152407977 17.67334317897586 17.76107017099853 17.34611231017317 17.714152233365002 18.148870370498923 18.089068911812614 17.348799439620358 17.589055066464024 17.21324818339816 17.54468979560595 17.683249420787764 17.299508363726964 18.044824153570932 17.547615087060127 17.390074024391605 17.82641844096038 17.657634871008234 18.41685139931109 17.07918519256363 17.869114853740346 16.91775170578925 17.9668780511421 16.82386156076468 17.301817349489358 17.767044358502197 17.767245213711224 17.275674269886256 17.482376149117563 18.039775750332115 17.752181929234823 17.896548988676873 17.747892391997542 17.880524851902837 2.657179579110938 2.6244043789572826 3.2046484430706954 2.696082842697846 2.7402215863914714 2.7958288165116443 3.0639143108672657 2.8823694421393453 2.832484232943912 2.570299067663528 2.852900410463438 2.6175430371478474 3.544629561263171 3.0520050780008625 3.4378799020979844 2.5002092166373173 3.3027678042520177 2.7333485820396364 2.776360676522574 2.6504778753363105 2.798167728844519 2.7830290525442325 2.8907146171560845 2.7714400700472486 3.369833860846665 3.0794478120194566 2.6360129178298823 2.8362631487321734 3.119142220711567 2.716854530110914 2.6693845803217457 3.4844002840791513 2.8869375983010546 2.869063179642331 2.948850137637878 2.8551308770429276 2.6515581226837863 2.8789612386239813 2.7542550936466244 2.875823209589607 2.7664724179935627 3.082070894717357 2.9113400959135394 3.080095175940057 2.7133137672273167 2.951607668941317 2.4320589699209942 2.7283111091694945 3.015319150649038 2.6139630746267515 2.675958667603057 3.196770684947149 2.8077104515969955 3.0563265772088775 3.0481263434437675 2.5393232013434694 2.7009265699742593 3.450316684596407 3.207163754645911 2.597985341576335 2.5369690279397252 3.0977153245748195 3.010064498090945 3.5263463322774284 3.019640797295866 2.8127407012716157 3.5929732654778657 2.8836846734064836 2.701793693489086 3.198194195102719 2.793012048929842 3.2415024061618123 2.4771884467087464 2.4976527218901845 2.810230720318855 3.0216402273790335 3.0186782573945385 9.454619950492546 9.492686001217129 92.69576332682873 91.79969633845896 0.8786069927272572 0.7662311155413805 0.8681955865533952 0.8451920063123696 1.0501265955101713 0.7728614907731903 0.7995091619070316 0.777357558902215 0.70423617701168 0.782514826015243 0.6876780119581373 0.9221220037239943 0.7977750529876073 0.9985075827250673 0.9569315964904725 0.7528330440466638 0.9622516064890556 0.7737909880188284 1.047274163187458 0.7393594028098787 0.9602561946878218 0.951165235981628 0.9091845742100296 0.9576026304185056 0.6440119061684996 0.9967935164695833 0.768337727522257 
18.130312987922608 17.54623569361281 17.56578709722167 17.37366219360739 17.356228633582102 17.14990177382331 17.666020290968333 18.148106998408586 18.271632466486736 18.205706730270897 18.113159194915625 17.35445350914288 18.017311550880063 17.52772247814609 17.717856166502095 17.9738958303506 18.40255116327786 18.91366716080203 17.940387909454003 18.0171306878753 17.942995306527507 17.402606866170398 17.91162549424295 17.78962169451153 18.121887204991545 18.14449543512393 17.828379412831076 17.55621981255925 18.040756747379046 17.95106600681505 18.047849392548827 18.11640322957544 17.597687458245957 17.98928503468761 17.95283739202382 17.600686621711965 17.558072585678996 17.60087779933005 17.39770036850943 18.122101337585683 17.156861000231963 18.68851441396857 17.485689998938263 17.359941066570112 17.22188075040152 17.63349831414463 18.34862289277615 18.164102538684872 18.03271770875732 18.15286448325563 17.501318928532125 17.959318313710508 17.91432917117837 17.918593408650292 17.7407994859987 18.11697624633764 17.745667333677083 17.23618242939893 18.67137025159265 17.95505880752065 17.584096500267698 18.00973611776181 17.537025299750297 17.047382576715602 17.316066201115913 18.112443791132332 17.627590166846517 17.489109444330502 17.485415159156346 17.86108804190722 17.422552724355555 17.113424183136015 17.7464725230482 18.44184218460486 17.99056443018865 17.67733103438108 17.843363340860535 17.598140130931352 17.189955801599627 18.58883958791271 17.309722016339713 17.426886511950627 17.91949846459071 18.283410447581026 17.46621383069506 17.76934240094573 17.512782692071706 17.871511912247694 18.779418405675358 17.268285098501558 17.557751635720972 17.57321197589348 18.096563360476104 17.456853311596785 18.09885717889063 17.967557302732473 17.400611161948877 16.970989252285538 18.05519482195715 17.975402993982755 17.204480428474056 17.57403570671914 17.33836589937976 17.701883971139306 17.787140187916926 17.619144570181263 17.313454814567528 17.644955632588214 17.635678777104225 17.71926300420177 17.75694492654021 17.846113741396675 17.442677373769257 17.82957916072743 18.24554886474024 18.20287243961439 17.39223727249957 17.667721614046595 17.313262346297375 17.654891325259246 17.742730679035226 17.35278362238075 18.14851980479132 17.61730567590063 17.46508243661879 17.94024974291725 17.769285374388584 18.498030818369894 17.18960279783202 17.956066888987795 17.02961086888995 18.07641781660358 16.873224590684103 17.39497539753086 17.84195436845976 17.84846569016783 17.32819708710393 17.57316481693313 18.091002234495022 17.837354685862543 17.97098045649119 17.867448838499264 17.95498880380208 2.4386786180086366 2.4177385436516827 2.9526593027752437 2.458858262415479 2.514042732319132 2.5383757385921797 2.8088239573222378 2.6385030541464505 2.6025158103377977 2.3210049490467197 2.61645159009845 2.380434069226871 3.277009669373364 2.801964020593144 3.1917979668202365 2.2838642887683935 3.064627148761465 2.515316313320025 2.527923353200576 2.4243527616905767 2.5839710558961317 2.558359679495375 2.6369301884763607 2.515727408621816 3.1234151988239693 2.848508951320852 2.404040384397451 2.6221674343319954 2.8969527575837892 2.4769761676231394 2.441384238762173 3.2158002962164827 2.6592002228416245 2.6504392073010683 2.7200240741858916 2.64783807150676 2.397675571399195 2.6598728258454356 2.508638075404048 2.648278431892125 2.524642254357212 2.8616510480262707 2.682051350894062 2.8567945017283636 2.4770264605129415 2.701823165749183 2.2342627358749425 2.5112241250660974 2.7811679481507428 2.408300329550012 2.455381586005546 2.9314334379204103 2.616777801809109 2.811037505977025 2.8291440013091447 2.3136919312949114 2.4838665780324725 3.1858451384839626 2.9454993932075517 2.3870884963169705 2.2909753890086644 2.876335932613803 2.789619868277145 3.2730165643950717 2.7559936040041846 2.5987741958409587 3.3527931413452086 2.6380161966258453 2.477524299805921 2.96258749305067 2.5466906843254877 2.967596479893275 2.2526648477083837 2.2346837428057347 2.5741268996155955 2.765694490080145 2.8136803876051726 9.428777828830292 9.46653085460382 92.59702315983357 91.70491257141757 0.721657355586242 0.627827093030764 0.7257113324733061 0.7121381450598565 0.8816117675908283 0.6111196204839345 0.6381000727592445 0.626088191728972 0.5595724859307609 0.6368474280991171 0.5553291384027768 0.7525220094732413 0.6434397340471332 0.833077663669405 0.8186140554892364 0.5815417270267467 0.8167197737943176 0.6184240365998391 0.9247949661806435 0.5924348609923309 0.8037422666864094 0.8157456011303632 0.80040095621253 0.8001916918407184 0.5270941853351216 0.8808807187858981 0.6118110149957926 0.7198049329856117 
18.700792364174685 18.166878611579595 18.199927584979935 18.00428034907769 17.99793022189428 17.769256389573226 18.287154533711167 18.76323545438245 18.885767842971532 18.805327752016378 18.6861592156987 17.965142190634033 18.663237214510506 18.141749704661805 18.30104915829751 18.55657187801783 18.975884493977897 19.509261556261063 18.487734808598557 18.618445244877414 18.52752821757927 18.026658402762408 18.5160331310448 18.392745277167933 18.716423173261074 18.74799002003264 18.38687970937169 18.194207485406906 18.65160215985444 18.557576124678164 18.66698078324084 18.72309875626109 18.212152788553645 18.59906930156122 18.523723089955414 18.205637480416904 18.165526579305908 18.222099105663542 18.062287122116178 18.683032525066007 17.741843934639856 19.287272639684943 18.065908844001992 17.96963276624892 17.82546906652008 18.261217637157085 18.942013686213404 18.764836246347432 18.65302038661732 18.794454107658055 18.08600684457657 18.559263655889772 18.542932917942643 18.553133759323945 18.339555740791475 18.696408559970585 18.363128948551516 17.836566732182042 19.280418787618096 18.54082422339741 18.147125343624936 18.61598921868304 18.15776475856184 17.638098412769214 17.926219606999826 18.73717459045341 18.248159400069685 18.12822420073379 18.07034115611822 18.48098580032163 18.02958519704849 17.756242691747712 18.34535008973029 19.042570570726674 18.636657827343605 18.260932111245697 18.456512351474693 18.22924005879645 17.821071466720632 19.188958336447616 17.94965801154606 18.08195630285292 18.519289350716537 18.894346532134573 18.05247746074887 18.36490256776795 18.131474989670078 18.413256332568086 19.370417057779154 17.88018422238914 18.133664696236792 18.2366283560831 18.693772314312746 18.039195739206548 18.69499961754466 18.5259482824146 17.988084272432538 17.543545937568418 18.627249225384855 18.54477905807565 17.84855896915744 18.16412988287001 17.977807221915953 18.3011014653481 18.414333973739577 18.25176722318121 17.949028385220018 18.252461437154412 18.233683330136344 18.33430501381671 18.36964749040548 18.444196999674062 18.08099404718452 18.468979694304217 18.823841767595994 18.762912906954103 18.007876286159572 18.264836019027708 17.92092535503777 18.257500225168688 18.33939347469916 17.93579982033118 18.76079267921743 18.222229816359942 18.076838854262498 18.526010948072525 18.41189181374832 19.062290745125228 17.824570811159376 18.54657454287124 17.65506420015068 18.68956633323544 17.436823456697024 17.99466303314159 18.452390714308127 18.491370144463946 17.923433434322124 18.21093095228839 18.6980055884329 18.4253975927819 18.54029616935115 18.437529838457632 18.571625207166583 2.3559111249703637 2.311440494948892 2.8662225926453027 2.2536068222695578 2.389516358549894 2.378800533698826 2.581415288922309 2.509505345585822 2.4847199212266746 2.194559713204932 2.4319389156642286 2.283101542238038 3.0201424559838665 2.6649105697467093 3.047390217411549 2.1691307923630823 2.8646733494790566 2.5100718832740925 2.3912256123401 2.390936038965724 2.4339822405486027 2.4540425161059556 2.549684328691931 2.366074534936244 2.9320384878993977 2.7195533709085895 2.238747669400439 2.45893286796848 2.7502690948904376 2.353986842547586 2.3209405794590228 2.958474401042982 2.546490404718014 2.4653860274029924 2.56824007219697 2.601645754375659 2.247686190245791 2.5141428307551914 2.4183344606693424 2.5322117103589994 2.4183027452474195 2.7892902038687786 2.51634930284225 2.7166001442366996 2.321899150228964 2.58653518467511 2.204276860963441 2.3975547725256896 2.5620073529844527 2.3398810224697697 2.354537111554259 2.7367008488505142 2.512825828611714 2.695780704646377 2.746881985203597 2.1701629495784838 2.4467343719970676 2.999491122440697 2.728249132235006 2.315179612843136 2.1910643664099596 2.7344173022380165 2.605945164372122 3.0617377142229776 2.648248788766543 2.517752383946955 3.227327685572273 2.495369379995117 2.3783652281676613 2.7033934818484497 2.4431039270911845 2.747101051606087 2.161785757248897 2.1124412605142546 2.4735089540244153 2.541036191444507 2.6292436668352943 10.685552922148897 10.710346963783318 92.48119024508334 91.56011210222077 0.7745131691917801 0.6767939392140494 0.7973311370011315 0.7738959067190115 0.8978185370962821 0.7303666937508947 0.6384717884260417 0.7319746629183878 0.6867670076495933 0.7908500790046629 0.6541169860039191 0.7668351492850799 0.7430533544761123 0.8750338746009029 0.8949849528768703 0.6269266772573553 0.920822275368697 0.6543903357219442 1.0175287632966796 0.6482386160911003 0.8052247169171821 0.8397065653654467 0.8221543740549538 0.749471203694295 0.6362715566247894 0.8606670120830268 0.6284514708528983 0.8428613693475387 0.6964852986005277 
18.581331657317122 17.957338117968618 17.965088389516595 17.748780992503537 17.804447795013864 17.579199412144064 18.106884981534133 18.553364046225003 18.68389365695364 18.651966468809192 18.555544544890985 17.784126737449522 18.415057499117157 17.947694885219338 18.16071968661447 18.397403652441767 18.841922771104702 19.350171129201527 18.395717037524644 18.444748201336626 18.39699635891598 17.81314738006967 18.335161347496232 18.215438629311105 18.553409391559704 18.509501575354268 18.261698046492487 17.96350564554136 18.444532390813063 18.35519180226698 18.47658246722039 18.519537452751692 18.02507193910468 18.415709327168212 18.398429052805906 18.02169070239906 17.961838368859617 18.019310982297604 17.783191475187543 18.5876955489933 17.59736654690667 19.111194147908577 17.901723143601487 17.802625005129396 17.693381115438935 18.079536021681445 18.733766979543823 18.569010818946065 18.48730598798758 18.51619556523998 17.923283092554854 18.40030619813496 18.33809803985616 18.303817837386035 18.15862542457006 18.54560867471156 18.14422300684574 17.66571624769587 19.094057818209908 18.383230297966954 18.009637402135976 18.441676279443037 17.951527768412777 17.465850335340946 17.755112430712433 18.516446138315054 18.030729375025533 17.866594314389342 17.866417011819802 18.233926448434786 17.85736957412333 17.536626857812944 18.166063845215366 18.83881488005361 18.3778751042999 18.095257913045465 18.243418549025673 17.99392123909032 17.62755135480169 18.986550477781766 17.675702532104815 17.818885826017237 18.348612186956466 18.673189629727336 17.903119495090042 18.195365554642706 17.87832877297331 18.325182887373167 19.174148058737828 17.699776439370318 17.996481939283 17.952087491654076 18.512392827210636 17.87971541040869 18.51538797217865 18.420637791710377 17.810882181662507 17.39422725564098 18.48998693181395 18.4385458451058 17.60411946009185 18.031594689531588 17.746296675697053 18.11480939754942 18.16352603465658 18.048703747162552 17.725195184773135 18.053471180134537 18.05933776406785 18.13233579245211 18.170189478098123 18.284447473459853 17.845353690142012 18.21170859987472 18.673377805568613 18.644771636695342 17.85622686305052 18.113589048111205 17.728536179996638 18.06162010724252 18.187435177581687 17.814799987687515 18.547368429361367 18.055012634056975 17.888993265852168 18.35906829000064 18.15442898904963 18.925219679805092 17.600224490009232 18.405361946289656 17.45298348036298 18.48229709978972 17.36139632550914 17.825587076236562 18.280399748414656 18.243837748578105 17.791647135556037 17.977617726077604 18.52011945836272 18.285507226716685 18.42556046262765 18.3045235515066 18.380963891856673 2.5956775800730467 2.5027751700158314 3.0766583278140516 2.5386234434282957 2.618732367741079 2.650197987058703 2.9919473588060166 2.748327017174372 2.774489210981838 2.420603115529264 2.696904218589251 2.507355346341392 3.4103394043701276 2.9162587015070485 3.387016419754601 2.3659111970289506 3.2069243905086933 2.66004066740214 2.663483660912743 2.5761087525737754 2.693492370969176 2.727240955252801 2.8179086022803497 2.655203606961256 3.2834422446220923 2.9768519428588176 2.557925646441327 2.687926286634587 3.051965540695278 2.570756678007058 2.5363475630555157 3.330186179842902 2.8199731631495384 2.7195117348214013 2.81047632245499 2.800477803349442 2.514525291976801 2.7969238205780105 2.7036626612089782 2.8113285935758587 2.638053965940782 3.0009432408755674 2.809409803930119 2.958724386671149 2.5985034478524764 2.8608178465571297 2.323501646090988 2.596763342872693 2.839375286055657 2.4827090598797406 2.586907932470787 3.053542281201296 2.69712671959482 2.970281788013823 2.9557472974127843 2.434453057680982 2.667496774576815 3.357067986290604 3.058223273759312 2.484383363265277 2.4748184328435334 2.9877588352652533 2.909496199800178 3.421551398896493 2.9546918149246495 2.719301880042188 3.527328956215188 2.7514056030039478 2.6101780106215102 2.98806165464439 2.6914855718793826 3.186694830244989 2.402272465957995 2.3941023100523893 2.6547475503345876 2.904121887071885 2.8771229761425623 10.016395566631513 10.045478601036606 91.61634955739405 90.70193736904167 0.8225148847918355 0.7081772657206388 0.8341589048563365 0.8165024771651276 1.0166033475135428 0.7295515947469248 0.7825423920350479 0.7357696705150856 0.7091034365604176 0.7924330091050943 0.6594135437495238 0.9223306927307373 0.7823754581306549 1.0262644573103896 0.9304531322971509 0.6931302943424585 0.9855604346635752 0.7521812106371037 1.032655840369424 0.7223747645723904 0.9312097709055378 0.927328963405451 0.8852493712243311 0.8665268565003634 0.6444556949670113 0.9297973700104283 0.692512049303755 0.8237641374961399 0.6987352020587435 0.797034410253054 
17.96234036838797 17.45386967000017 17.50740473917637 17.28769555002213 17.299613381063374 17.033197242820183 17.578507201134805 18.052750127474408 18.176356731609008 18.09234058349869 17.97834566074826 17.255564354432945 17.924504280044633 17.424498796233088 17.586183835042146 17.836982771266626 18.26945787010037 18.79285977203511 17.767587375371694 17.933563366724897 17.782656039939603 17.324293732335374 17.7931255153084 17.681437848842396 18.001169347025044 18.027105728923505 17.6593321731264 17.475040375206362 17.931219615978538 17.83684764176286 17.94956646114586 18.002759661929545 17.473707872446074 17.91000832521283 17.792986297807353 17.492544961427033 17.412098901540705 17.506833693785275 17.34266655490102 17.987167006572758 17.03623481331183 18.56144533598742 17.344845124875892 17.2767115952355 17.119333513792782 17.545337814190983 18.228536587051202 18.035322789674343 17.935234937251703 18.09652648911772 17.369710198741803 17.843671984853117 17.834277495144715 17.83406408021479 17.605737026739607 17.981413008881265 17.624716599778605 17.124503702353284 18.533074558252608 17.838638508719114 17.417912142694767 17.906119361267745 17.47222140005366 16.945204087098777 17.21898886846142 18.011912011694836 17.523346907814613 17.41904672775842 17.380483283438178 17.781485900672106 17.328733451451495 17.043229582742118 17.634462703903026 18.343587030662114 17.90152656279627 17.572348789845535 17.742726108324575 17.522689353222034 17.103030644881333 18.46536551786075 17.24994346357152 17.374131833494655 17.813044591137206 18.180661627166423 17.32778958016877 17.65681255011363 17.426991065979774 17.67593689360301 18.63160473296213 17.171586852350746 17.404554580531656 17.509259015508768 17.97774736327685 17.307438759374783 17.988254427940642 17.82155899850885 17.27952427030458 16.84135200811271 17.917597667524202 17.84187172361506 17.114346862608752 17.451764486060753 17.272177776934136 17.583554276232455 17.713378781873356 17.560016529628896 17.23989273045015 17.52813316154427 17.514838722753726 17.62336731762311 17.664960147978036 17.73008232989747 17.367300533858884 17.750376722704054 18.10973540642582 18.028015032882234 17.31088270406996 17.551601224513952 17.207351040140374 17.534773861173676 17.641221260033664 17.249195731647784 18.046333510590188 17.518147205612006 17.3733435536141 17.798710388902272 17.69505375715598 18.355181808827275 17.098663134380075 17.822569876954073 16.926121837470102 17.968582468367025 16.738781797828118 17.28680957186406 17.742359354994235 17.79128402777191 17.22256534164999 17.498916011488998 18.010677455517936 17.698821681296554 17.82700898408422 17.700450897320863 17.867924262737645 2.392600728593662 2.389254082347321 2.953177702895771 2.395430099911166 2.481211186960413 2.497920354614421 2.6771909828044214 2.6165277021797326 2.533005233349683 2.305207782835283 2.5558297257008977 2.3619322719442177 3.1647812359592526 2.7720140095525005 3.0960513499901796 2.2690131660903194 2.95378655586936 2.5347166370837257 2.4762145552114476 2.424459403951587 2.516056935244994 2.498049510429928 2.6032450792875204 2.470776530817948 3.0149127860647136 2.7963465776168923 2.323885358715279 2.5756642368555434 2.8028566854700596 2.463211421123806 2.4235053610637496 3.1081927907576454 2.59154844575683 2.5874251633319014 2.6625462091846073 2.6162169378773763 2.3639671242783287 2.5728151862790853 2.4563061855258783 2.593537972481288 2.504235649749921 2.830643795056665 2.6015635156699863 2.811674818538672 2.417049764145556 2.6492933945923003 2.2532499373281674 2.4869063305195693 2.7099137483161813 2.41426694173966 2.4143566599637416 2.864351476005376 2.578803676176743 2.754150877472344 2.8017188082354867 2.25484726672411 2.4580596010261475 3.0943400761943507 2.870256524461104 2.3843255488374324 2.2476385123753087 2.8106233956569113 2.6974173073762797 3.16089939397846 2.7044203664089554 2.5746108957578686 3.277034136052959 2.5958010925556274 2.4351527277953613 2.8756198439207648 2.5140288822096624 2.8311463720125807 2.2128398250289103 2.2038173966926107 2.5788156512916856 2.6699007981693645 2.7350583349461774 9.936900216419366 9.965019147755378 92.12638139962807 91.22558728253148 0.7881087082532989 0.6931152343802113 0.7911392137239723 0.7593401042637253 0.918547124572533 0.7157571266650062 0.6502564170228454 0.7233334305884404 0.6386084615111566 0.7356665899120263 0.6341812018820026 0.7659786557888836 0.7246612715516825 0.8437290045753767 0.8855015803372722 0.6461648379254997 0.8737774367759386 0.648708623608045 0.9888203562280661 0.6404132132428166 0.8242546370461331 0.8414634016395004 0.8123587062725901 0.8095940730500643 0.5911915873793132 0.8922861212480663 0.667661103200988 0.7998224807105446 0.6707770031283106 0.7409900949320865 0.7951731436132564 
18.774061906562203 18.32282392509158 18.400753724034146 18.177182905717547 18.130788086532807 17.89319310078085 18.39331032710682 18.91499083362833 18.978255666701024 18.905049072849426 18.75586348150436 18.081490828045368 18.828062717178643 18.2705904593106 18.387844480226825 18.656772049436423 19.042174007846274 19.618466613231856 18.555855107732317 18.719277796685578 18.58374246140823 18.182917806192673 18.62640026704821 18.50824459639611 18.826632367154918 18.898587969249146 18.476706042850108 18.34502168386391 18.78562778300449 18.709436175783935 18.760731485084424 18.85237209718407 18.323025854130638 18.72931770626545 18.595850371615953 18.346257081203767 18.274351576293643 18.379680567821282 18.277057601243403 18.72853198187327 17.836312369964947 19.391789392294914 18.169000454727474 18.07263671367213 17.89238828401472 18.340578768741914 19.09627058070381 18.882568576254315 18.736540652279636 18.997582737388058 18.18930101828869 18.64156652594387 18.67196915645754 18.723583657179923 18.457735453130717 18.77980624141125 18.523681132272742 17.96198338957509 19.386086816570504 18.66591169171665 18.207118111048143 18.709733389571156 18.30443645417047 17.736902356051075 18.043059936739265 18.907891439696748 18.39196020189278 18.298575442121397 18.181635044447333 18.656081912005387 18.131146426982294 17.89573668347775 18.456432417556517 19.18389424677738 18.821128002556502 18.39170653542574 18.59932472828593 18.397123587817873 17.93803039976314 19.33501484961583 18.14207878470206 18.252805888777857 18.609637960799873 19.06044668758002 18.13637054258881 18.47436741051426 18.328513888554646 18.46558625148224 19.487158593199105 17.990910303825327 18.223008143949773 18.42151289258716 18.79467379175367 18.155249316421422 18.789141503631566 18.619282224690632 18.105312936626166 17.64435722281525 18.73623665742311 18.58027702580467 18.004604224973246 18.21910063409108 18.141415817862736 18.435144748858217 18.59606191604761 18.368502327139332 18.10526497994487 18.363141319706685 18.384013641057088 18.472991708523427 18.49594580229465 18.54094007690686 18.24116136690746 18.669755638772823 18.921223819930653 18.823241008849084 18.084648235226624 18.34305051153462 18.053117453522404 18.389146413404276 18.42423543554993 17.99963930737206 18.89156513930922 18.331668448963796 18.17866196202931 18.649420814406735 18.605683248786377 19.15230641712343 17.977974500713373 18.590928335441497 17.796461174430636 18.81506328511008 17.497966213153337 18.101954955163297 18.542204716959198 18.67220944079661 17.99662205831624 18.35636697536431 18.81165255492699 18.47032639740768 18.585233386252554 18.520278528170532 18.693986619101846 2.3177796838977156 2.296735914436768 2.9177378268486946 2.188292906171667 2.3699663562864095 2.3262396314128506 2.4265553787270466 2.5258182692984654 2.428781899676683 2.147155369621622 2.3901945198754757 2.2838452769903905 2.8680409273975833 2.6532515303445248 2.930013957317578 2.205114528772495 2.779119217124501 2.5898824854698237 2.349689173380708 2.42562606039363 2.409778767934657 2.4179356975141557 2.518345862707044 2.2990375256450584 2.819655128184657 2.679728012138779 2.1738898727831644 2.4389526763292904 2.680556442200257 2.3644216031418375 2.325977556149485 2.8316659293034276 2.5022433782398394 2.4367369170234507 2.542567617220229 2.6181913209720578 2.193682803420746 2.4179521200846166 2.3605643712017135 2.4912662568109436 2.4353639093854516 2.816335503732631 2.4507723847385567 2.6973859490329866 2.2753980877065767 2.5180480559243685 2.2719140176407753 2.425196177467211 2.4879406058930935 2.3889412928774427 2.3633060715308383 2.6722924802956323 2.5445733185286747 2.6797535636579353 2.770352106352879 2.100957122249952 2.451252887142859 2.887129112253006 2.6408867091925816 2.3610468352608263 2.1295648097308493 2.684143491961796 2.5313099719588874 2.9687583426619666 2.5823421550272583 2.542004247011393 3.2028160459202515 2.4386646258429305 2.3442347973220894 2.616131540344189 2.415124777945147 2.5368876618124165 2.132021343537922 2.057844818587516 2.476625685862301 2.429406232181793 2.577089338074295 11.348853878817161 11.36636836321572 91.88475601036347 90.94979163165077 0.8037656142572417 0.719266524035957 0.8481455419584023 0.7923332166177433 0.8579654069117025 0.7905177235236805 0.5943152039124101 0.799594960124048 0.7420308142232522 0.8939534116406925 0.7433691227041258 0.6960500265114157 0.7844330705793284 0.8076695452909494 0.9233578915835146 0.642029768454236 0.9576420749830508 0.6262805889918321 1.0767156159440157 0.6485497819624806 0.7712991562049182 0.8241316922022551 0.8360908063136285 0.6889203476458561 0.7140803835320325 0.8445622478825356 0.6488446838662968 0.9325871923304854 0.7763471047614269 0.741603290770804 0.8952899078458546 0.7683381785730518 
18.823387431874107 18.272607414578097 18.294215527826974 18.112249269777728 18.08470742306142 17.891004521331453 18.384494535858988 18.86424331081792 18.97662184608293 18.90512413357685 18.794665756943463 18.067064518155455 18.779162489715546 18.248011807605668 18.412585792414134 18.670154329048366 19.075997544073562 19.610852998374664 18.610576085043814 18.69674836030361 18.653656752652328 18.12843898021771 18.62550715982729 18.495259077659437 18.824032885438694 18.855134582946086 18.517034260953707 18.292279720368544 18.760801483976262 18.66634102708466 18.764547237845193 18.83197106471286 18.332106135203105 18.682665002729486 18.645023173437334 18.31670836973865 18.301195833514495 18.322195325943888 18.164742558536876 18.78033596094579 17.85319710343528 19.393690691997353 18.184575294885594 18.06210456429071 17.923673125506706 18.355218721498265 19.051077580895548 18.881914298924258 18.7470377789549 18.887191247572755 18.195400018728918 18.658178417898963 18.635741173693383 18.658389352165173 18.461238043104295 18.809414470826297 18.488316968859586 17.949792522705682 19.395691019423538 18.645607112519567 18.27472339052354 18.70835027494009 18.246906768295787 17.733899157940474 18.02815843913321 18.85331517430026 18.358253359089364 18.225921573414606 18.167692417577072 18.577601022260705 18.11914249217681 17.85392671862785 18.4531923664544 19.138296300535725 18.751338362706303 18.356704213275627 18.56096490338356 18.32722210488664 17.922563681990873 19.307127837440177 18.04465300742317 18.166932311722537 18.613937209326625 18.998708254304777 18.163350117862677 18.46800241420654 18.236625443748064 18.549123932043205 19.48923649813493 17.979657783863942 18.26005928091944 18.343656794120648 18.801109335753274 18.171629897351952 18.79394298289477 18.63478510963964 18.0965851587366 17.659542867493684 18.73883379612292 18.648012016348318 17.96649977697282 18.266427380576243 18.075999080035018 18.41100743663631 18.51195879349372 18.33773208368888 18.047042807895977 18.364726275050252 18.343536965056376 18.442698788138685 18.467255085986643 18.552322787747446 18.18130488372311 18.57523380887945 18.936476066297878 18.8883329469894 18.09540636031376 18.36870921510462 18.03070617291913 18.368751503380487 18.431831764127814 18.03519634334243 18.863971474686426 18.320346994726094 18.171636419222974 18.64487353404023 18.516956650566836 19.162781748059658 17.936794024273503 18.654186226331767 17.773914279074642 18.7986723735291 17.54611021500704 18.107757746023 18.55039807373971 18.58032614787855 18.018489388010284 18.30707870669696 18.781321376595635 18.53028103294678 18.644872150481902 18.566236537676826 18.666860128910308 2.3519694121396686 2.29647663294615 2.8402551027503957 2.234324176674116 2.373361453321519 2.3482629060886784 2.5800053660590105 2.4898745845181485 2.484089894945192 2.159806615023226 2.406679291810591 2.26472265040907 2.999951700662143 2.6404522274064015 3.0422716050151726 2.1552519599321607 2.857228995900074 2.5001536414788985 2.3679195062201286 2.37931276272529 2.4291430826830784 2.455443507235459 2.5342092251077633 2.345625814131325 2.922498567821343 2.706602020178605 2.241692285739217 2.4447301626314446 2.748622903395433 2.3289487694762987 2.303489622295931 2.930433629409767 2.539816106064841 2.4511783397284552 2.5435665581558773 2.5991252361691752 2.2225230435133443 2.5055618756628872 2.410747514427349 2.5346139723475787 2.391958295376431 2.779547330771066 2.507452493135366 2.7047596034129144 2.3065533860220255 2.5634991003527836 2.191532868300909 2.3809259349922165 2.5344207751925456 2.3220295681625656 2.347109093375639 2.7090569632008417 2.5087728317829168 2.6802492215332325 2.73760462098616 2.1587266975424666 2.450536382199885 2.9840196869728115 2.7036071400728203 2.303927754019687 2.1843684310440614 2.719373244302915 2.602510987294866 3.0464692774251425 2.633803208505366 2.5102142961877516 3.222102368108595 2.468063275868815 2.36422712990849 2.666854046554443 2.421248054143703 2.7394393355452302 2.154442725062652 2.0913955299177838 2.4425045592890933 2.528588838321498 2.6147152613951317 10.78037292702643 10.800989744536627 91.84764224701469 90.92489302533527 0.7819998666544914 0.6918867987021168 0.8159364312662964 0.792374637924172 0.9133277881491519 0.7320887964737129 0.663130061536453 0.7405024296121044 0.7075752377654326 0.81399548161321 0.6755891103450639 0.79088269406711 0.7609326844740515 0.90206967362768 0.9155824691003751 0.628567660008792 0.9514919481816325 0.6706524440353703 1.0451035042204018 0.6711614992038918 0.8290709161870675 0.8663660364071387 0.8553521700468322 0.7545566277715531 0.6669145964020795 0.8828426999729126 0.6361570724921596 0.8724080760969198 0.7134042799353371 0.7418039117969274 0.8082061829618377 0.7693490852755163 0.7603913618676674 
18.31656798203754 17.838438072146744 17.903683467056048 17.6733923958492 17.687251991023142 17.410279387630183 17.956085576894218 18.43873704161285 18.55300382689006 18.466149921957967 18.338831179547782 17.627754846115504 18.32191041079575 17.800426395287765 17.94782200077793 18.203436394800924 18.62877024387128 19.171302008317127 18.118668386968736 18.30830237500591 18.142891870039463 17.7102466881988 18.16692234484142 18.05528747675259 18.37413473276041 18.407153264090148 18.017577107830775 17.86240056299738 18.31239161936332 18.21708090481457 18.32690277229715 18.383441829251254 17.84724125907694 18.28642551885478 18.14792588697295 17.874449511718097 17.783974571811733 17.884151125452544 17.744528113218514 18.341735254051994 17.395837353329533 18.935536472197466 17.70547316402701 17.65054442143214 17.483707025084886 17.92118934397869 18.605836369678602 18.41125501390212 18.310969351768936 18.50013571170782 17.73278651184595 18.215518812288902 18.21772836767559 18.22936449217074 17.97555380680161 18.348899716275845 18.00520400829073 17.496281477097305 18.911576053211732 18.209589278958866 17.77205373667404 18.280792257349578 17.858117407328056 17.310338443228357 17.5936611843328 18.40597405054235 17.90708232425448 17.809084716355134 17.744134927229947 18.170143493335395 17.69769441108711 17.427258394319775 18.007549861775626 18.728241688486996 18.299351637763397 17.939657718559815 18.123547454478175 17.913598245542204 17.485547783770873 18.8517601846201 17.644672536700437 17.77133352263814 18.18289239210082 18.566740860712713 17.690321491099528 18.02606351414603 17.81415667610545 18.019070323790668 19.006461388636538 17.5431718528609 17.765505350420117 17.912397987162336 18.349617928014776 17.67413165564165 18.35974153360364 18.17601501250663 17.64420137653369 17.196203720175593 18.28453405123408 18.20004509292578 17.504453331380954 17.812099794342426 17.662829861334842 17.95656848323231 18.106863509111204 17.945829922804933 17.624514795091375 17.900401052396795 17.887168239638537 18.00677069620708 18.047716010323423 18.104963416138627 17.756699051131044 18.14369905869422 18.47859038200905 18.38137593993792 17.677526128976666 17.915899247937563 17.58183744747435 17.90917315530685 18.007078451603505 17.606519580848158 18.429257090787754 17.89276902598699 17.74974011784999 18.166111874835078 18.092591649930228 18.713385713123248 17.482744300557236 18.184998625791547 17.304137233489936 18.34917049487425 17.0892067403695 17.659087072448628 18.11523865496551 18.187669051838057 17.58373021115288 17.88808292036161 18.39229655981171 18.05769101958808 18.181458120566997 18.057964817027273 18.248459655523142 2.361330709119952 2.355544220637832 2.935285174880117 2.3137629317044537 2.4375284143920464 2.43301199552363 2.578903856653908 2.5714884695646423 2.4897829740582655 2.2501117811801237 2.4911490210099214 2.3275679249162358 3.0592905159648027 2.7235610799918835 3.0479843242586027 2.233021732991262 2.880564226078687 2.550332859018095 2.424263145591252 2.4233195513346857 2.464841349825171 2.464776148002711 2.5741408761477333 2.4108180052444412 2.9428180536128368 2.757617181314957 2.253604796774685 2.520389471877465 2.7596437383648444 2.4209058849773473 2.3868624637064078 3.005173840800916 2.5557660149664647 2.5212522316479227 2.6144268330613656 2.612390433304276 2.302757931811903 2.517985937860721 2.4206736204161476 2.5512696165371 2.46717817505989 2.816500056820443 2.5359294342877368 2.764402127565582 2.3560598848024097 2.6092465683194117 2.2557379993622573 2.4536879713240967 2.625242695592434 2.4009263562483936 2.3863578356494206 2.790220809411387 2.5530688284832834 2.7189252802181745 2.7881041082068254 2.19716775245696 2.4537040220834445 3.0230112670795917 2.786503310412114 2.3679823236514834 2.203187102831536 2.7653464634529232 2.6278182200413838 3.081679392799689 2.664385422710212 2.555874228567351 3.2391379609705773 2.5423531418593615 2.404873074653797 2.7744092184154265 2.4745635394954486 2.730700331786033 2.180581223498407 2.1500039441293213 2.5427638132677073 2.5771701381832837 2.676907644546643 10.454236226912606 10.480441763137875 91.73331289157397 90.82326417672684 0.7615189626247453 0.6639513475743157 0.7763340358176455 0.734989286687943 0.8692922423030862 0.7196865742998872 0.5955841558167372 0.7165693518344214 0.6465383071654127 0.7568488232625318 0.6346296253989804 0.7147306770120773 0.7155829160707825 0.8021272203347004 0.8664882867487959 0.6132595834060637 0.867537332448775 0.6111520955166282 0.9813775876388197 0.6134187475478173 0.7691153088848818 0.8007771900146409 0.7760500010689815 0.7298887827747942 0.5895076808332842 0.8360221068092123 0.6236735194998622 0.8053365443440995 0.6720728702897723 0.7031401304169437 0.7917185376700939 0.6902113627236824 0.6979924562246724 0.730977074114235 
21.324409809294572 19.56384020500597 19.071513933695876 18.937777763465768 19.337123147919133 20.002454815161084 19.693564492260222 19.805875716788137 19.698463370121218 20.477671009644524 20.595965272463722 19.592772807551828 19.813794225426587 19.698118920575297 20.35737099589514 20.423658295426456 20.552101458797992 20.94168814934032 21.33530472761685 19.568600384780634 21.12266225879822 19.26438776955768 20.132447728704925 19.975826742077068 20.42607383017767 19.56815995775605 21.101599811495962 19.28644149000659 19.881712304761407 20.006931051072396 19.88185163578493 19.978014348376497 20.16805714663832 19.529356082121236 21.013928406799895 19.995243662805436 20.315762272639756 19.60375016458756 18.806811526412964 20.843881161970135 20.0066617981643 20.581475727723888 20.158545701898046 19.56360933045842 20.061549871839624 19.67824719096818 20.026423421870522 20.33318632796604 20.15400657471275 18.850360667202118 20.036917638716684 20.259297860376986 19.52312400043223 19.398727996605565 20.329801814208114 20.51718188772557 20.042652405874136 19.8554034834497 20.91295016283287 20.23325123367359 20.692849029826412 19.952918284712766 19.077253301637633 19.26347793130332 19.73652181390584 20.064113326686595 19.730422039435187 18.743861141185196 19.06860466132357 19.008351062053233 19.5289680834852 19.098399289483616 19.862451412157927 19.829487642042345 19.63578818622563 19.744005229420726 19.670990108280485 19.14811522989405 19.569184190148448 20.45724782392991 18.4585907392799 18.675240313545395 19.844900877123006 19.91255808915324 20.35057260702121 20.0251829346546 18.958217695475657 21.619832305265188 20.71665841279945 19.509185333129288 20.699922614402656 18.926717374276816 20.110547318168425 20.621496428275556 19.904036387866554 20.89893205105502 19.696462083869704 19.876033065369658 20.72608751869408 20.682236996322874 19.281530447291498 20.240409286301514 19.138202075351924 19.9695562247637 19.032667220344095 19.136142593063436 19.103032740862787 19.78023370898269 20.159760179099646 19.703109191778793 19.57316021138006 20.354024125807882 19.083460143381707 19.320414100989673 20.663361337845334 21.27297488977731 19.6365898377523 20.116316545086956 19.597333841244403 19.904174217244517 19.89512640572636 19.94814640321857 19.739797141733693 19.909850263199395 19.501687868018625 20.489961845747466 19.19163564381895 20.7376126009523 19.387429645509545 20.529082859445683 19.63216332134036 19.90678337803378 20.622682940812922 19.917771740078358 19.896162342524338 18.9743462123106 19.921408080479186 19.14607151478103 19.66581405177361 20.50095829776039 20.742503100486967 21.069773231083467 19.713193419016008 12.889913799762349 11.897151708780989 12.504985563951722 13.035626687401425 12.375883929502226 12.588677305828153 14.901348190365722 12.850268853324097 13.59506875996371 11.891475601431372 12.381382088695092 12.281800193253664 14.504779532099452 12.853426732637475 14.080472410794563 11.866206889448843 14.087719509948744 11.864193460196615 12.501409737510409 12.132004930138871 13.033316101292282 13.319539661340324 12.917970611761222 12.960439947840516 14.199913540369547 12.96172648496591 14.050323049844122 12.65020871875961 13.328519979504366 12.23534002000667 12.053114300352698 13.993644739925083 12.912746672370659 12.92856581907577 12.146966123760702 12.44794396015846 12.759740416292809 13.035153675122938 13.33403717119277 13.671854859416987 12.082730607246821 12.609786121009897 13.616247262636133 13.09573395471255 12.85482913056194 12.422748518364214 11.311930903745584 12.016222720904555 12.613225861629688 11.53385094733644 12.446685591219744 13.313958423446977 12.36167582447062 13.013938224788383 12.559834338398455 12.79789197571349 12.89735978486858 14.194673072162189 13.483664040350313 12.140169074814906 13.362378154373438 12.691707970667592 13.636551496937615 14.002689401409375 13.516913584012176 12.496129021072731 14.1212769256451 12.40057999776917 12.258224461354645 12.635092711446172 12.487675653407495 15.023733638415674 12.517037714891961 12.898358074582811 12.084914408994596 13.93101012171358 12.279087081958396 15.569834197748326 15.277871743564331 99.34978697365692 98.14935855193585 11.364402579194419 11.436770659357908 11.630007860859584 11.465301825977276 12.476422112079474 10.677177013880815 12.756625220009607 10.9330947669415 11.294049764711698 11.42391904743975 11.199460540588241 12.949249290695674 11.67227375643499 12.900120678341363 11.800024538724342 11.241548913056237 12.307951450149655 11.839617968105768 11.969810749699256 11.976338445665778 12.954856713913864 12.307080180188482 12.034071068292585 12.31793146596872 11.38495445339029 11.836931712204517 11.546431618284341 11.43706628672488 11.317185298939833 11.825246549707364 10.736286986115296 12.001726004818172 12.547071858631679 11.571395979423842 12.284720960850727 
20.732300852289445 19.003879617031053 18.53076287645787 18.382864269958272 18.80206660903198 19.41471227128595 19.146391788202727 19.253520667921684 19.16164558788668 19.920155039370954 20.027091992098022 19.038054882681465 19.242572863754994 19.138036648649603 19.785899755092686 19.847954690524155 19.997617780807175 20.381915435091745 20.73673388624403 19.043373396066094 20.52470370112418 18.711759349360864 19.565734755958825 19.41722763190358 19.859148327560717 19.0093574043299 20.49453539157724 18.739563666595966 19.318382091037034 19.44094686563142 19.33387363627265 19.413079025087058 19.587539990734722 19.003858385570858 20.42490039997627 19.42057912651866 19.71189342459788 19.056428249833175 18.26183699122757 20.283101339669894 19.434359376593182 20.021448282119756 19.577028845978898 19.018005416806538 19.503603091236098 19.133866490953015 19.464839406580936 19.755396457069843 19.60780303709697 18.317520299938792 19.46661447248494 19.70042315599625 18.98537420708661 18.8419489800002 19.74581889429049 19.940630225417635 19.459271149190116 19.281436069378724 20.33526563872661 19.67083947579201 20.091224896922917 19.406738033628606 18.542230991114845 18.712183374188328 19.17748797876407 19.48935489884403 19.161753126020255 18.203520812617718 18.524501746798542 18.46764977562654 18.98895745947773 18.55267518449275 19.298932137357358 19.282789583886426 19.069316192442045 19.19617161309688 19.113731196458293 18.601354228564272 19.009244661363173 19.87849491880347 17.92031850075394 18.146461806213054 19.299054811702316 19.355400699502614 19.771990523951764 19.466074643763605 18.405786928725796 21.0044811234812 20.137856034503628 18.957026366455896 20.10212604799533 18.372375185490448 19.54788339480795 20.01513749665926 19.35300073610375 20.32610260690456 19.131779194768544 19.297293747629507 20.14777619126187 20.113954141595563 18.708088444554253 19.678098066647614 18.590177759438152 19.40203064022858 18.48815457854055 18.60627322689549 18.55900589883269 19.212500284254453 19.590644775494386 19.139700556377463 19.021234153080872 19.781333068433042 18.53583979293902 18.76870995234504 20.08679147122328 20.67626659602848 19.1024276220577 19.55655702444759 19.031254619373843 19.33381143457468 19.351643965892443 19.394682625130784 19.1849860453545 19.354470618730204 18.951645081561914 19.908964012274414 18.63954848208866 20.179735201012477 18.821107587981572 19.958951213607786 19.0548076712512 19.344245596684974 20.03976645469655 19.343875801016157 19.34642975843089 18.444834433032263 19.371605166088262 18.60211337733613 19.133201306123322 19.933047553698348 20.173469842000678 20.4682780662688 19.16945071793999 12.398726365236252 11.425230243465885 12.047998854113843 12.556044289200054 11.904392626403576 12.133266090743476 14.386164608117907 12.38043978627981 13.091565649845197 11.448404367953742 11.916719272314074 11.816035286644931 14.017614991902702 12.389249720984552 13.57664447413559 11.398258703133477 13.586909840676045 11.39366312812358 12.039394795930559 11.658413390472909 12.538539209170603 12.815993737914123 12.443492966875349 12.488695416568138 13.700566754286191 12.477092930186602 13.538844687090291 12.167870247671564 12.825676266208331 11.775750026288614 11.585355374323617 13.520413865694284 12.424334025300869 12.44413359615762 11.684981413228416 11.959894712998665 12.293124088520653 12.54370493496188 12.844008562275041 13.16626478094122 11.630852962863415 12.131643263222468 13.12089761324615 12.611033442839641 12.37797133407756 11.960758621509763 10.84482328107911 11.548736454389319 12.150989739472287 11.070258334892717 11.963528287225806 12.848297165137675 11.872298701288706 12.536902697553442 12.077008329569763 12.312151244833023 12.397700814274723 13.705560551435344 13.011129243242754 11.662394436264785 12.870484156738597 12.212944994153359 13.135235090178776 13.517876869187168 13.034206031706626 12.012211836377558 13.62389920379644 11.941710675640394 11.78245822535196 12.181452457684152 12.025646211854044 14.517182489208718 12.032278158832703 12.42852183885182 11.632842643297236 13.441135659411474 11.800609730730148 15.081059370740034 14.795588081123757 99.44262346345617 98.24640699936279 10.889457100459163 10.951232626037719 11.137421734351944 10.976281065893396 11.982237931589824 10.215938675684257 12.244141020054348 10.466419167538438 10.803366114977816 10.932302552420321 10.707088837254698 12.436807298024958 11.18377002255247 12.389282043669755 11.306802864263975 10.77516227684459 11.799933267286427 11.347060187186186 11.465171215148866 11.473697961982083 12.44183318488267 11.79765230344705 11.518048938636316 11.830208964974442 10.883923612938752 11.335275464025308 11.067516745033211 10.936832557475194 10.83406309831395 11.332155620159158 10.26369361424448 11.49429028801948 12.042619899680444 11.093698331783655 11.7740420377167 0.3406907874097107 
19.336604139348577 17.696250935382867 17.25944827329882 17.09554349692238 17.476368033355506 18.078805635109113 17.796791658873946 17.948240495345924 17.83238516298269 18.56756864936638 18.661206906161855 17.69648011585631 17.941970116891827 17.804203217816383 18.41542937889682 18.502978645318255 18.62458044684048 19.03849710964592 19.358273137735335 17.726004203383184 19.13416076611661 17.411193140494202 18.22283463275437 18.084759128628438 18.516791817071727 17.725040697852826 19.14280577128996 17.430613041028295 18.00064878938535 18.12953193677784 17.989094268752694 18.0993876593482 18.231516187113165 17.671492313838115 19.03942564479498 18.114679963605532 18.37307431193516 17.71730997279765 16.9811836388141 18.909438427993 18.078522648009617 18.66552730989727 18.231938146660575 17.686741223437803 18.130713320425944 17.776552489209983 18.159425234076075 18.43114391689878 18.240573703246884 17.072945096873845 18.124962102586903 18.356524933578164 17.652861127221936 17.564981165083754 18.39856283183805 18.59761336820002 18.13293586875466 17.946984573456128 18.985253376570682 18.337105615446742 18.738437608964574 18.07132901634348 17.247000319457353 17.396573870952285 17.841762361087287 18.1917898834923 17.859634559853298 16.92343716487033 17.223789774605745 17.19694504616341 17.648148484405024 17.229700250504326 17.96583841388169 17.992611440256702 17.775780289796163 17.874538034495615 17.807652669326426 17.317516612897006 17.684831736150187 18.575164723181334 16.670958870108418 16.87757392368336 17.954246093593422 18.064434038812816 18.423655248301966 18.12860769650387 17.14021891009219 19.60285735515467 18.806651940094966 17.615897967801295 18.74023855938075 17.101291763430414 18.211214697910304 18.679455456790276 18.02065461070103 18.95103788841635 17.800866977409303 17.956510875388336 18.810239456850823 18.742647657344712 17.402468952273267 18.302291240696977 17.300388138793345 18.074768950368973 17.22676647916383 17.289527458700537 17.243946169304298 17.878254053107277 18.25430140551515 17.827972422064747 17.719586777423356 18.450068450485045 17.23340522107558 17.479267167438504 18.74784990384216 19.291086824614982 17.72495246772319 18.1869464898884 17.70679346719239 18.014299930160426 17.993962320024174 18.01895265593936 17.877809808885438 18.0238435283769 17.638171277756957 18.560636877719222 17.358361204126084 18.823619512105797 17.502658478717372 18.58549257490372 17.717325612229537 18.022042362685138 18.65799316370313 18.012085473516866 17.993886313211675 17.16104556915447 17.994531133609208 17.303021667442643 17.823069676631842 18.558069468672564 18.796314511573854 19.09699828173427 17.839618281428436 11.665343281618105 10.785050590297406 11.393563839074737 11.937764089768086 11.242596143764771 11.462704736091265 13.618169587043713 11.733992361820617 12.349860368969066 10.786517726807046 11.281706955215457 11.128989575648305 13.321511496493555 11.7316833851285 12.80774993461013 10.763646394048246 12.872477596436866 10.70036611860937 11.322121401893812 10.953537046843163 11.869711789124068 12.080758490487282 11.693140580177486 11.791383868352506 12.967678888448964 11.80110855549856 12.820625998924594 11.571318886697929 12.094147123526303 11.144299838435309 10.947097783363958 12.841218793386421 11.678504123973152 11.836182736191125 11.028237799839452 11.234955576115233 11.634438638214375 11.82188450625734 12.071638841791094 12.444558671494459 10.948886163273968 11.425754865440597 12.432089157977144 11.967901638010282 11.684732949595693 11.212421035317401 10.216137318621096 10.910714931682438 11.533468240490295 10.460699547082038 11.2659767150467 12.16924081937181 11.244878229267616 11.805427837363442 11.405993805844608 11.628285033751458 11.64914113926523 12.967037958215062 12.346916197600434 11.03501502793107 12.12004729899362 11.5343899184652 12.446229008751198 12.77830651096332 12.267455164400948 11.343794557720162 12.880761798554394 11.265623525120764 11.08149038107985 11.600231769129094 11.304788297381574 13.695012684846983 11.310729739357406 11.710789581194161 11.027728644767882 12.729806283084194 11.171982936515615 13.804087205505915 13.519948924605583 99.90883871239944 98.73004439249044 10.180605732285624 10.267702247333235 10.429572659843979 10.241897699100178 11.231796054181162 9.49681691020613 11.48194904624327 9.73979368871066 10.0384335740918 10.172300007346879 10.005207811641341 11.644263869627544 10.438197264669677 11.545514441091589 10.585038744740642 10.047631121197842 11.006365536893426 10.582955569406668 10.753963471183633 10.735173494477369 11.71100620929537 11.068975664581659 10.806136108915178 11.159238224614665 10.137026611814687 10.667063410466318 10.386542432436398 10.221240998853302 10.105682425437267 10.618488404979562 9.605777411953786 10.746486342196087 11.291805487864536 10.390937446202319 11.025709534700885 0.4803623202303879 0.4814870397841948 
19.834353955405962 18.16220173979207 17.719609466967736 17.554793320711095 17.93449388350623 18.540708258827124 18.266055421611217 18.418975766705927 18.300431468896733 19.04809681990021 19.147402515282124 18.169013157493392 18.39574328402348 18.275916608337987 18.901779132441966 18.985361774790828 19.117526240532378 19.522410212445067 19.8562749112537 18.19873541324404 19.61639754632109 17.87231731978503 18.698155697325273 18.558812846983468 18.99644906001802 18.195448873530804 19.629523035511045 17.89146712171042 18.471129149134306 18.604778792344888 18.457228932793488 18.56950747500084 18.703063585070446 18.152236238032103 19.53195777001371 18.580669671497333 18.837316296036622 18.19844219055532 17.434044108000286 19.39954161240729 18.556894390427736 19.151554946354004 18.713342360142867 18.152260808463033 18.60228931393168 18.239910299174284 18.641093927033523 18.902351548431128 18.713733062489844 17.525522865863074 18.606219885345027 18.82914959273949 18.12229290231885 18.019877183785024 18.87649012890752 19.075623470426773 18.60535699567933 18.41933213085619 19.46279662604458 18.821344224505662 19.216072581488003 18.543708353742133 17.708452592654115 17.8646777477169 18.311085435913025 18.65486871892277 18.32044505780881 17.378486586373754 17.6952241984791 17.6603335997075 18.122281490219034 17.686613429632878 18.43919912007224 18.46425083932556 18.23305476840126 18.358757701222558 18.275382376138683 17.775994200128828 18.14031816542685 19.047198837888136 17.119851063081622 17.32443260688333 18.4311169031811 18.53601403701454 18.900358394542152 18.60582317242471 17.604653415464522 20.104739338175666 19.28911458984354 18.086662634992248 19.222764333424553 17.54250170912017 18.686000219988937 19.153897621337006 18.494983887786173 19.453338828604686 18.28012960663343 18.43521040580694 19.296271474088254 19.22287282368644 17.85276711957866 18.780299483497355 17.75299246997217 18.55253708457071 17.683613766884218 17.74605814680953 17.70724673032857 18.34783215330212 18.740200775263702 18.292177543510775 18.181922885112684 18.917702782680156 17.692429210961382 17.944244754223654 19.229111151436946 19.785819950397975 18.199468700006683 18.66593474366701 18.17663439405792 18.48713187195343 18.473647185780194 18.498861286845624 18.34500557145869 18.493896912003553 18.097873134657085 19.048396926835085 17.81671601432328 19.322339908383217 17.96239845413248 19.060307451573344 18.182064170010268 18.49046987899698 19.143663101197266 18.477904374821193 18.46578852733098 17.620964956480584 18.476048395813685 17.758544830161263 18.291792866701094 19.036495299493687 19.28322524438448 19.585347801523532 18.31018540219289 12.085079135989943 11.19004142515058 11.814535936088022 12.35854482095896 11.66034540057813 11.893481252001456 14.07864652845298 12.155117776953286 12.78148276932908 11.201859473752231 11.715479267706101 11.550107731362464 13.773787341314476 12.156667904985687 13.250441666507603 11.180034448601727 13.327201059000185 11.105273925558985 11.76637696481273 11.362873661348782 12.298570772038111 12.509221359391056 12.126208687818172 12.219136001428039 13.418474445601015 12.222365846364028 13.25433998330625 11.979261721569003 12.538121461937653 11.558562666257929 11.359992780544156 13.299646271922654 12.11988034220168 12.256395923329013 11.464659567308464 11.654687539545424 12.050995630956045 12.254979386847891 12.50443375070939 12.866947604387112 11.382103445183562 11.85386542977755 12.863972165036877 12.38338075902293 12.120913012845815 11.6546935533407 10.603810930978405 11.329828075225974 11.966069972909041 10.854301449255523 11.695439361184349 12.616048669629267 11.654404775165654 12.25227906851579 11.822210650750568 12.047307283913433 12.063356145692055 13.416880044148169 12.788843554194411 11.431591413799582 12.54233412870231 11.964001304976197 12.882822583463824 13.24983619892626 12.705165087585018 11.756013218733234 13.330353314979702 11.692086984983343 11.503279601139944 12.03790003527879 11.737476004986544 14.161486208712594 11.73226162858653 12.135844036350417 11.421037504359866 13.18128414335498 11.60171825963051 14.010363250829938 13.734365729241995 100.11970129998159 98.9448524088053 10.525886166109688 10.60438928785837 10.768342748676277 10.589934283761416 11.583729958800268 9.82817368568222 11.842138141248862 10.078142687799039 10.377538755793804 10.508121124086633 10.340482939875663 12.00275600995365 10.774240867191562 11.91508617445867 10.918783838897669 10.40140708978439 11.355939663414718 10.940321060473181 11.084606962977166 11.07587738497849 12.05979463115665 11.415646892213328 11.158096123784809 11.509916048580246 10.480742950003513 11.01435297621608 10.732019824891408 10.548834815150068 10.437104895895125 10.96940745706454 9.93019027508871 11.093728928560276 11.657262493789633 10.740504003608159 11.381315825066135 0.6278744062709569 0.6324509825983836 0.6747147120722153 
20.56853369170162 18.835845020519077 18.358886462529817 18.244497492521795 18.597504908129416 19.235388973757615 18.965131517106585 19.093721271607553 19.000950570858873 19.737009562620024 19.852027682517516 18.86502947261638 19.086492841683324 18.973646784368196 19.614850319607065 19.685013377975064 19.83372840645453 20.208553486057728 20.55449906241481 18.858169998028384 20.348295519728893 18.538354639958364 19.4022517804013 19.244176020645796 19.68695538445765 18.882677767704134 20.320905287022267 18.57632502110112 19.165054593653743 19.285943514997225 19.163136709394504 19.257241847235665 19.425829340583526 18.83573631675497 20.25902870651807 19.23677180529847 19.563285238198507 18.90429523086039 18.113056388209976 20.08285343836799 19.252791288243372 19.87211279284897 19.420605325137636 18.819253807294867 19.293044920896914 18.946691296612784 19.33090198979932 19.60177198593332 19.42103414536231 18.172362915553787 19.302070911365206 19.512889979492286 18.818147652479 18.68620107229999 19.59169802728567 19.767430603278715 19.31961177086069 19.10351804296869 20.17997625040245 19.499243982846906 19.920649927996532 19.22688938916409 18.36047529590217 18.530245812468788 18.988629382353505 19.32635710568477 18.99650282618073 18.057768930055143 18.380493381926073 18.324679560881364 18.80823879421752 18.375234318690357 19.132696210320525 19.122591379305074 18.924457113654466 19.028621452400238 18.95683512467205 18.43705560724391 18.812107499064915 19.72606146149665 17.769234742650262 17.975621897946418 19.128475526329872 19.206462288843337 19.59001268654487 19.29512845222011 18.269284262721495 20.836465560848563 20.005701698948208 18.780257680162944 19.92802796565371 18.218792186184356 19.38821856752038 19.843570191828157 19.18924880405775 20.149932873526296 18.975220295273818 19.125476484662116 19.968306020507217 19.911398939395127 18.547889008018853 19.486849029542874 18.411902170382803 19.243560597248287 18.334157034456947 18.416294995739836 18.39446842118747 19.05867880169623 19.42923548658516 18.96934435106914 18.842800074705092 19.5881022807904 18.374374180226187 18.630490295374287 19.914763016022945 20.514065969635542 18.907520254647537 19.37906426761909 18.86505612574426 19.176159672665225 19.169606861769783 19.197863911484493 19.030159858048528 19.163907321510212 18.762806379394114 19.75800174756905 18.49055755823321 20.023360842041072 18.657577233152068 19.77491310400415 18.8866467922588 19.18960960896384 19.813804802916827 19.158996694674148 19.168279796984173 18.28511255202312 19.177267424270816 18.433946832829058 18.94287546265209 19.751872233120263 19.987478941354766 20.3030951469202 18.996385967546008 11.968264982508662 11.01660682517814 11.618636218592632 12.123543263746859 11.48684787853218 11.708367591370617 13.928691905618585 11.949775611323565 12.646918904910654 11.030890738254934 11.508740562426071 11.394457612101837 13.568617890071078 11.959158158200728 13.12019126822448 10.996573741016826 13.15694566672736 10.972262323083976 11.627499321913191 11.228321231521937 12.12055340215979 12.374648553045775 12.002066002931484 12.046471553291264 13.258088298477999 12.041764205273093 13.090046975861958 11.746179788927494 12.399539267619502 11.353081516168219 11.166507131820426 13.089388786624069 12.004475107666329 12.02620646927795 11.28802876705336 11.543768525039775 11.849170162440403 12.12286251714012 12.395073037977129 12.716471776262013 11.228236924861948 11.71977586427548 12.68725220082674 12.181929160679765 11.959658138590394 11.54267448832027 10.435930582204486 11.14702867227728 11.748317894386576 10.662155348327282 11.549276465018208 12.41840021331185 11.468636905413447 12.114316319238268 11.652470958589271 11.880920539299233 11.955151243568276 13.253068314875328 12.575248139651778 11.237319680517588 12.412416749492577 11.800663667798876 12.71030423868702 13.101455128663819 12.577034229954831 11.589700033284515 13.189122521114605 11.52090426219737 11.362556020680366 11.790373146274444 11.605672285547518 14.049607573883208 11.604067953313402 11.97748715041259 11.202583033701876 13.00290732673867 11.409057160323457 14.651830326992595 14.378631846944032 99.41350476014645 98.23025484840063 10.486542016003868 10.552628882244914 10.72727768414308 10.586878394248133 11.553349226900066 9.806908203931695 11.811983659657646 10.071909449695536 10.389881166619602 10.514998728825132 10.30541420437419 11.992396988294722 10.761521538158647 11.958722262987191 10.896289431500184 10.37184026062711 11.37852471825441 10.936698130695238 11.057685719185184 11.049684277434087 12.005579075928143 11.385568637248994 11.13357962845264 11.420126553111073 10.497303863407161 10.95472018543045 10.66345335600468 10.5429082082673 10.423772819114202 10.92927119667474 9.881359489774171 11.09034454675837 11.628015097506303 10.690542316877247 11.370046705922885 0.31726717284001654 0.3339111838496559 0.4346975580742991 0.5839246065495587 
21.03075074528685 19.350494294105197 18.902202420321156 18.7114007725943 19.1332533255474 19.755310440067962 19.45044369309431 19.597879029930855 19.45261298751107 20.242518703527523 20.324417845367872 19.344532454246853 19.60353800826386 19.455335838506247 20.083788701922614 20.166186487540475 20.277065441236477 20.719195062909233 21.058175410204434 19.352568846760928 20.828733774011607 19.054845539327744 19.88228171130109 19.73892824762707 20.186347159903054 19.340456534609327 20.83438156653238 19.069628707938723 19.64932094334608 19.787194087574957 19.632984411343845 19.748637735190115 19.90119033806188 19.30599981754328 20.72179968948883 19.786914960831904 20.036023671101628 19.368152953036358 18.6171562132317 20.579933207882654 19.735655826063727 20.3281691847582 19.88409568856813 19.333057387700432 19.800061174421963 19.42296803598433 19.798325682127142 20.086258026847062 19.905541205583432 18.683981041757615 19.776925359797065 20.0184515867681 19.29558792961789 19.20333598550602 20.065469765729585 20.261879667948545 19.796406242545192 19.61226448700006 20.66502081486103 20.002007111912814 20.401676488890878 19.719056100804103 18.878023240796583 19.019395072960005 19.503161998818268 19.866177759679285 19.510120962067113 18.53117662981873 18.809696708974187 18.80841412383163 19.284856327609546 18.868883923594893 19.615585443348113 19.630031068744184 19.42951329884089 19.513302821111676 19.446234579150417 18.951569585126194 19.345992866965727 20.243838352904344 18.271921925890506 18.493405043199015 19.59405782387277 19.70895435665927 20.09061513835509 19.778569644831656 18.756343720030607 21.305604718550594 20.464120062593313 19.260648995598153 20.426122403201205 18.73039148420633 19.856545429045866 20.363704632641635 19.655208341338145 20.63547538248632 19.438267423419628 19.5995050730284 20.49128795189641 20.412320622169744 19.051430171299817 19.96369544239539 18.938411706443592 19.729956300723778 18.84684615194639 18.92019801498623 18.880264360018117 19.518049955437288 19.927830089108667 19.481216395210126 19.36190388342593 20.122276515971215 18.86984642554426 19.116626111760624 20.418139989253078 20.977070160540002 19.371140241379727 19.8437568292705 19.355894832927696 19.66525316525546 19.63944802995002 19.669946321071496 19.51490485170483 19.682236359750778 19.2738705774966 20.232353177919936 18.998710027911997 20.477505084564037 19.153853267530717 20.247271446168178 19.382537518995626 19.667714282700178 20.35652932582087 19.670839528366972 19.643043364382088 18.788645509908605 19.65425496165427 18.934155134947062 19.464434784732273 20.216609592278484 20.46200270412762 20.78536349880647 19.48607538082217 12.392855874142741 11.423589443747433 12.093029145811858 12.521382450913281 11.89187599595213 12.08310365264268 14.321141872013587 12.390695054267503 13.093940195982471 11.38520049784819 11.89139525966693 11.808221627376748 13.943049796639803 12.384220872110353 13.571530032312172 11.403661435875298 13.568918498824416 11.461705770607027 11.998733062435345 11.700557446329585 12.545091393674067 12.834715076776268 12.440191534406203 12.45052829558228 13.67297938936289 12.493523360616496 13.517591013007648 12.176920266228898 12.836352321657845 11.77645444844756 11.59227744782959 13.44752977748095 12.420308199986438 12.441542021457979 11.671846239413545 12.00093476055107 12.261442418828718 12.51042480471756 12.832804644873029 13.17523656125445 11.614144519838465 12.165872514673497 13.102431725658764 12.622109537985663 12.342460336204805 11.92125835046241 10.895482211795413 11.561857519725281 12.090018723248681 11.107309060104196 11.98314435804794 12.809074396983789 11.916012465329343 12.545259754249702 12.131028264560035 12.281830826218775 12.441674904904843 13.67067232193226 12.964872039356704 11.710967449228262 12.849844591082867 12.205487311212655 13.112206707025768 13.469591512688863 13.023129166601478 12.052780609587275 13.649917609641015 11.903285253761135 11.780787426820039 12.105773455953967 11.996590904033026 14.416456878865146 12.026689641003609 12.390909756560045 11.633680023128749 13.375041392056916 11.78573687667833 15.488828176348674 15.19704705656132 98.76377518327993 97.55160107323724 10.776762557442654 10.845868726533588 11.060961748093884 10.858037577605856 11.839155898257241 10.128493388090561 12.114070012402541 10.357736018790543 10.733119934983554 10.891816839931675 10.65429490093711 12.297617731364918 11.092839663473782 12.238809484111824 11.205324737057953 10.641848728912835 11.718186112735353 11.212167061170875 11.399567745939938 11.37218597243362 12.3207537618994 11.682102791714556 11.41827345649165 11.664885944931905 10.805890252439815 11.202444936994532 10.944839058263389 10.876177657350699 10.757465348401595 11.21765968190583 10.187529861908095 11.401352346893667 11.876279718291519 10.97075034611401 11.657588841153629 0.3961126379522499 0.4249679158117014 0.5326450791920754 0.693732286590514 0.39967964920807275 
21.269241037178585 19.54644515367277 19.080048388793298 18.908735060554932 19.350292675038272 19.955849889977472 19.68316386410038 19.796449252388488 19.688451157613148 20.46651773992559 20.560194852839846 19.571416890578394 19.786743333182223 19.672990274764036 20.319368851235414 20.383601414349286 20.52735398518361 20.93277589730554 21.27994146437431 19.581150389036544 21.06166306767573 19.251854085850223 20.101852049621957 19.95569588052718 20.401391441195646 19.536317874301467 21.036121103788812 19.277479384030038 19.85454379190784 19.98331223231083 19.866782893450647 19.950602444521724 20.12164456449237 19.540146809173837 20.958313242275338 19.970577483437587 20.239432402063567 19.592752570681284 18.80239516828863 20.82306269742866 19.964789765493904 20.558043015361495 20.104352177522994 19.55665808153549 20.042792582222045 19.666826583523385 19.998440371710835 20.290095997491132 20.148439321724787 18.857129355865105 19.9987303374155 20.242276377963208 19.522309413210163 19.383477364221243 20.279472148946994 20.477529875905866 19.994280624735833 19.820299755323724 20.878636150343205 20.213430217465678 20.61885311231864 19.94587348698136 19.082280016629387 19.24029042411085 19.719102654827875 20.040516013659055 19.70185733471336 18.73130043701382 19.035781645107175 18.99981517405696 19.521916352585272 19.087476875411053 19.8325615554075 19.82486421651615 19.61135936029987 19.731324138173946 19.649042049958545 19.141991340525177 19.553727075302103 20.42453053069761 18.452277770236492 18.686729305475307 19.83078544982947 19.89731041412829 20.310028568053564 20.000827892892314 18.93759419208357 21.538463733327532 20.671854129039893 19.48982170135502 20.640215185751085 18.909683857353244 20.07881292718091 20.555411374720904 19.88284041139229 20.867896117851465 19.65881413317626 19.82129982140421 20.695096350629274 20.651556945440863 19.24326132179903 20.210866415368802 19.131356669233337 19.93890511287165 19.02648373262531 19.143056085099612 19.093850804000983 19.738880470472225 20.135121543372247 19.67966952472419 19.56245811844347 20.32713249258899 19.07271282778079 19.306336635742525 20.627891721591997 21.209968591299884 19.63312495383433 20.087600653849456 19.565460039866718 19.869689071530782 19.884223552880222 19.922607742956874 19.720042895049684 19.897365313776625 19.487901339390806 20.446063132388034 19.181172172542485 20.713678289919415 19.35692484439311 20.49043569859025 19.590775630573177 19.877908095304118 20.586872097439937 19.879941231780684 19.879933264684826 18.986138819705676 19.90613898497455 19.138827456279543 19.67823356666369 20.463690943353996 20.70720630464508 21.0047449678011 19.707706334770368 12.601298572649505 11.605503723217453 12.262034834655896 12.711831094791533 12.085584601001987 12.302913997830398 14.564890944654756 12.569842590025043 13.299119513357146 11.610745856492562 12.086212838132267 12.008793490697547 14.176645891294203 12.576335423682734 13.791000798835944 11.57927580301162 13.777300195429802 11.626364568113821 12.226230857284285 11.881416722889577 12.72691710706377 13.029510454259455 12.657577141093322 12.66871332263626 13.892747454067104 12.677011063085462 13.723626346267883 12.338690919569846 13.035257972188369 11.958057705118916 11.769971284599999 13.67864940372046 12.632950633272507 12.612049982063152 11.868328890911245 12.184944538642759 12.466409601485868 12.729898069142074 13.057335532900789 13.369359930499911 11.820829806407643 12.349719538502793 13.303760605740807 12.796763271185332 12.556031832374456 12.158563683038304 11.0490258781003 11.736503785237215 12.296570708558534 11.262978792186278 12.169657723133916 13.024784395868055 12.067846065812763 12.751233015199615 12.294289248277966 12.488584911100936 12.628585659671717 13.898016145424295 13.177552067877205 11.863609244568513 13.070963249206516 12.402088913753659 13.31321904424048 13.703406571827648 13.24857386480754 12.220564444426463 13.846563933122894 12.11853388764664 11.981675002366902 12.311470825594116 12.219437624339431 14.697054129223234 12.232582045748515 12.615588927837857 11.809965888379695 13.60619706744411 11.969538076991235 15.647680795822625 15.360456673031601 99.20840964376453 97.99876634071562 11.022326230442788 11.07649346314178 11.284555462375316 11.10985100237153 12.107772859473213 10.368962972016362 12.376089149649205 10.60706533814666 10.971684644896817 11.113859954348271 10.864037488777516 12.57397513670503 11.335499935448011 12.535823716060678 11.444139246336613 10.905377727270551 11.966192310387774 11.481691481995455 11.615532446679651 11.615027324273735 12.568941473743038 11.926518596545417 11.647493590386569 11.922996481898396 11.037811005921963 11.437720780296333 11.185527071472375 11.090726708785697 10.98870806928788 11.46024973541296 10.39899494138638 11.641099231628292 12.154325456351518 11.218596076982138 11.908248716624634 0.4228250086563464 0.4459264974311861 0.5851748536220056 0.7374916731615813 0.4267973384290159 0.49145454797248705 
20.204273625872347 18.503981384531272 18.037639718912338 17.907731069900336 18.241494552235118 18.921623195475178 18.58672409468449 18.744613594377526 18.60586834442122 19.368364531943765 19.476409761949153 18.503311835452365 18.76098591664512 18.619679734355127 19.245034796357086 19.332706308416086 19.430034726954666 19.839913526121993 20.21567105291204 18.475880516445113 19.992371615197467 18.2040021422047 19.04258731031285 18.88991716532039 19.331741296943196 18.537892835605458 20.00724262665084 18.226076064483138 18.81341363353271 18.951290254854005 18.778416190604755 18.910031087015962 19.075636524622066 18.44257264086109 19.896867534235913 18.927166522955034 19.24288138442585 18.535790203156928 17.783386244306698 19.704983453040775 18.905625690970876 19.482815845479536 19.07739069688066 18.462844831017446 18.92744869871029 18.55865492026895 18.980222183391415 19.2607009843332 19.02884432288115 17.836574629139214 18.953105021869085 19.151185574336363 18.435729200396615 18.36065286127791 19.24933588968797 19.41474488296994 18.989546974884796 18.773020416592303 19.82029923386594 19.148823288419614 19.59202292306192 18.853520531333924 18.009471847891216 18.183981772875963 18.643945048745696 19.01109192375742 18.674612991498417 17.710244763586832 18.013731643838906 17.979959779409754 18.433364082142354 18.022647165715743 18.77553125280352 18.77059325689717 18.597525094008972 18.672044052041223 18.613033174316335 18.10336887838578 18.47980207800506 19.397094606767602 17.44679659050978 17.638004090822726 18.743083497816464 18.8704506350146 19.253217274588735 18.93709097443523 17.94734654980272 20.49388363136693 19.64647931092943 18.41754273442848 19.597806745794156 17.896645944702392 19.021146276246892 19.54468551737399 18.81168494024292 19.78708425710802 18.624111255215816 18.793562629101938 19.635259008133378 19.53881299411717 18.227651609593014 19.108284245469534 18.08537261624253 18.900834887767736 18.006809935766068 18.042073386621716 18.040048313879794 18.70161399187308 19.09202416614462 18.632026325289967 18.50128415274937 19.254815401849527 18.027746936527837 18.29342586191249 19.568049117320513 20.153347580665383 18.50351095493391 18.998071661418116 18.526141367304884 18.840598760028623 18.781050055663016 18.8129776853977 18.673797173465065 18.815861630058315 18.415970370262492 19.410858292484 18.159787732151315 19.640082126098537 18.32625654322133 19.396623759795936 18.557803951191335 18.832530083526365 19.484496170726462 18.825722085269486 18.785581689026458 17.92953781057057 18.79192540468745 18.08479815740151 18.575363279805597 19.373490938548628 19.61078006494844 19.96601389050696 18.623626771162094 12.280542525901435 11.356867933638425 11.95911104393956 12.508753727644827 11.821203866163854 12.025122202500519 14.253643354513606 12.315494635150452 12.974610708575433 11.333672169525029 11.846149382922587 11.713446654579085 13.901835069286115 12.302009997020974 13.413377372933255 11.347703673129132 13.490063173372725 11.293658957330294 11.909718108371983 11.545717224084573 12.47969685232722 12.703816588681986 12.288525859547544 12.366692178201303 13.576494237531383 12.38185370973646 13.456677392072947 12.142065360762754 12.707968141461086 11.707704528707836 11.513988560645632 13.413607641825948 12.292783635864755 12.418056754815215 11.59923331369756 11.849667656747187 12.19718530850805 12.424561139313665 12.687999213671185 13.065680124073273 11.529651950776271 12.031519936526195 13.04182247218181 12.55293046305605 12.281701345232001 11.791001099654917 10.79065423889312 11.492003152261494 12.090073127439176 11.024706739920692 11.872949251410697 12.741433551970644 11.845440577046592 12.411077264341081 11.995714425601356 12.219535772659626 12.27348158553838 13.561075872054166 12.914389029640311 11.6175329126952 12.731965008774242 12.117330507376643 13.059900189108482 13.389732423916548 12.8669120721811 11.940545165049738 13.50764677125128 11.82619011755923 11.666698982905496 12.142565445808005 11.891158858559223 14.318598014975825 11.915833718730813 12.294033645428023 11.568541167338207 13.330418253012233 11.744732022200552 14.632111233770367 14.340392192910123 100.08409699409542 98.89389612941996 10.829191966671996 10.92785068935891 11.097018337249997 10.917139479146861 11.89558201784453 10.127598469299878 12.17160067762758 10.393690776067048 10.714285847927018 10.857039171769122 10.678520264676225 12.329932430563039 11.106171592750904 12.250220929407229 11.254109082029393 10.6919718144146 11.711161370181221 11.255092136243208 11.439372958867212 11.409428133074748 12.394431478211576 11.752243226142694 11.507983156138122 11.806004807943614 10.841895282679982 11.336191463675457 11.035354936186843 10.912518296169988 10.775590770781655 11.290089914128746 10.254905036684159 11.44545969348632 11.966446304218586 11.042501998257286 11.726573145415845 0.399984103339966 0.431805176800235 0.4956118671894049 0.6538033385661655 0.38471049124253126 0.47222930134585733 0.5270447182082859 
21.357418027545737 19.584153425464386 19.09520543246443 18.951384340588053 19.355702133979836 20.012102102240974 19.709160750563235 19.83068244147579 19.720742472676704 20.507649346340738 20.621937989073995 19.615345803655472 19.81528170254474 19.71895874126045 20.38242427522804 20.450995074839245 20.585991163169968 20.973318295889737 21.373513228056716 19.608496904569236 21.138494075010286 19.280468596337897 20.153221836365375 20.00284583175752 20.452445318706882 19.597268068062988 21.130281552312404 19.306443115225257 19.899695275046447 20.036700415910232 19.898746462717646 19.9983663161646 20.17845418789254 19.565239003926493 21.042432243492037 20.017398576225055 20.31774654659193 19.634667118532075 18.81608941292823 20.8844384376936 20.030493081899486 20.60698389521469 20.18478746468339 19.587134040785184 20.084354551080327 19.691829747442043 20.057559505253998 20.350504996975204 20.17521272742172 18.867203809623067 20.07031426165056 20.28822492462544 19.54306118709683 19.41236683896933 20.34848219652607 20.53900458852423 20.054369740677238 19.875196624033638 20.93444603641584 20.266572966606216 20.714185622739947 19.98404692721399 19.099186065537126 19.29592906987271 19.75960531666596 20.074810582737143 19.749147802979735 18.759043283588767 19.09879423886902 19.032823660498256 19.563332262228354 19.111187109686053 19.88155324145656 19.860137858274328 19.641368142840275 19.785500395706496 19.693976557999864 19.168299503306642 19.584453815196397 20.473256490398704 18.47736013966427 18.698440346381147 19.873761247655533 19.941458281909103 20.383573839684967 20.053943867183857 18.98309796482617 21.651509932653244 20.740858244175616 19.532803377702145 20.721531084348175 18.925205982296976 20.130949464518455 20.638932298283986 19.92885575078503 20.94431563274996 19.726302707186967 19.902730462063182 20.7623365761326 20.708374108623236 19.279825788697842 20.265083594369504 19.152982277451958 19.998056078537935 19.053916622796418 19.149198169313575 19.120785466022102 19.795423560833925 20.19709735448624 19.716117106101066 19.596351933692063 20.37469187376257 19.097800131621348 19.337835272711402 20.690149123133907 21.301691906440677 19.658797821598828 20.138399713235003 19.61730478500356 19.930788401787204 19.925369790591162 19.968136825267628 19.759327140468113 19.93729140672954 19.525191451359724 20.519215119437163 19.2043677448905 20.786381187810903 19.39681221596277 20.547983007718713 19.640162576872935 19.92106959489093 20.659237013123946 19.929198474891006 19.915060884931464 18.995297614971726 19.95129059919232 19.16158052926821 19.698205926575316 20.529408461022626 20.777266519008023 21.095664648326476 19.73430387524171 13.224361362891447 12.240714554936861 12.863013669555452 13.41893328478993 12.728163089861798 12.966336886648977 15.285515849329569 13.216453095906633 13.942492139581967 12.254270092926953 12.76598113697319 12.630886919784894 14.904498769991207 13.223005899963876 14.433005593764664 12.216175545663553 14.474118851689592 12.179309436813497 12.87134543328234 12.456472600575728 13.396441152641913 13.659008995251735 13.261922027734046 13.321793429612248 14.579459111096085 13.316047733978072 14.41123805809109 13.01641021257685 13.684610081399299 12.598612334278751 12.401997355121413 14.40619520833195 13.262571193239173 13.307757874105556 12.52435755396901 12.773628555123834 13.126720500063598 13.392749616141245 13.675545496104878 14.010368195396431 12.448234653887997 12.95309041978149 13.989394826042624 13.454976089030144 13.223593565307166 12.77750326325621 11.632326903662063 12.37263172268187 13.005755338999823 11.871196487936023 12.793956818583752 13.706301708846626 12.708927616584655 13.379525275004154 12.900641161904458 13.153535507108712 13.210579172345787 14.571560127554063 13.874632993467452 12.477818792512533 13.701416158046179 13.053660591863292 14.006097960354811 14.397638355829873 13.86750014420375 12.835300778877743 14.485890538817044 12.766755771060867 12.60271061976764 13.053061062364419 12.843004955775644 15.402003022533139 12.854448040058967 13.254571406101384 12.440738030253456 14.314669107139508 12.650678335964182 15.372416664315212 15.088609207371697 100.91917897192016 99.72333110067194 11.627870037334153 11.696310328397203 11.882224490413238 11.719467609958329 12.739123806896416 10.919744800002135 13.025575602543311 11.176502837121813 11.524357318286832 11.649044540817172 11.4433634683016 13.208700404566505 11.910235275905595 13.150936954113922 12.04247810731061 11.512266320942114 12.541077232901571 12.101293332276391 12.210166016313762 12.22440821214415 13.224777824242295 12.564150470868324 12.295442443495606 12.620632283275166 11.620476437092417 12.112327424178787 11.822856159910295 11.665846336940087 11.553670258058792 12.089614944464216 10.985109129651951 12.251449796062689 12.827694830667824 11.84351234606702 12.54774396767107 0.528903306358371 0.565766948137241 0.693336765417037 0.833743235474575 0.5379900109747471 0.6368383665075105 0.6568298419450178 0.6211302364130487 
20.495000514149897 18.73116256617732 18.25327451252848 18.11391878226509 18.503453708713486 19.130837062072253 18.86628336845896 18.98755968550966 18.892308483137516 19.65588024611699 19.780264617651643 18.772114331118193 18.945483693390177 18.87147547078323 19.536712435520155 19.600071556058513 19.75928980217068 20.122144585558093 20.50739543530232 18.782976946016973 20.26178943828584 18.434058513292772 19.302131202493275 19.15483394067231 19.600710639184346 18.76269587644491 20.25578155045462 18.457537863132572 19.053040063079987 19.184464130845086 19.05584732454757 19.148887948046188 19.314244313413784 18.748726470034555 20.184533542636853 19.14858123845725 19.439959909569644 18.800034399450478 17.968925508848223 20.039907697654638 19.181888698068402 19.767806369236375 19.335139426885327 18.741913690301615 19.225710964099523 18.843737301607234 19.225754004215553 19.493395016872718 19.3258300065928 18.038058299257575 19.221904718507883 19.430907708718486 18.70845350867482 18.55845334374058 19.489176765506386 19.685523592703525 19.19554111777348 19.017740994632874 20.066914633610153 19.424205753554546 19.845592710422746 19.13886104976595 18.26618697172318 18.457320204929097 18.90463173917794 19.207757956699567 18.885654060259196 17.926621450543017 18.288064723671795 18.20697479984131 18.7273274980812 18.26167799219299 19.03765723421977 19.025577351969 18.78101220484934 18.959230467236715 18.849530078151425 18.32308066577265 18.71371042147999 19.61546228196594 17.64252581356695 17.851732165124407 19.039936745427283 19.097763250723858 19.516073582863264 19.2109070401646 18.151033003503986 20.780970606255373 19.891299902618982 18.68903528626789 19.851308444990995 18.066441308219854 19.28905167415818 19.759208720955165 19.095251402888287 20.10152364058194 18.889062803106484 19.058016738087055 19.904260701793987 19.85528937747976 18.41193186186941 19.41425015516855 18.300277352743826 19.149502490909594 18.216120884938984 18.314054181545867 18.280807987390073 18.948575805384273 19.344594898607745 18.86425137320344 18.746645392253225 19.50686345201079 18.252752994776635 18.497955379906916 19.836066861791615 20.440816075910682 18.827115245826178 19.294733214862 18.76751813637769 19.0767152732454 19.093438654203734 19.136791391051872 18.917836900436978 19.084276451330638 18.67390990547205 19.66722000748634 18.357720575933712 19.957419652439086 18.5373952885434 19.69070767801385 18.775216962351173 19.075004764008803 19.787907015901947 19.071745668171843 19.073688291238174 18.1636907874352 19.110642841529536 18.315048466579796 18.86275007119238 19.672529356524915 19.926893880084926 20.22561780228463 18.8972458804047 12.713443700182165 11.766651887430154 12.383658019399443 12.97374682187313 12.262422521897026 12.52542220616548 14.804497568255679 12.748384072386157 13.427996912611093 11.8157927636062 12.329488187103447 12.157299269394093 14.465084266854946 12.76102966934852 13.918684355190983 11.760731110526645 13.997621405914062 11.658555529188236 12.417088241279837 11.940290912225208 12.914721340556389 13.14128801208771 12.764365680787998 12.858051585969134 14.095498957429943 12.824745483070156 13.916270026719998 12.551869487408636 13.18457352220741 12.139750842623313 11.93976374373942 13.982687642109031 12.767503799651736 12.850821552561651 12.075792822570161 12.251017096368646 12.665326775194535 12.906160335108734 13.160643927864783 13.498203808261321 11.995178314843413 12.453093918016064 13.505040645087714 12.97541619506621 12.764094141166684 12.309337649977419 11.130826522187295 11.909598389903811 12.591938600531106 11.388613056699745 12.304816123732493 13.265796369253783 12.21649003221944 12.891774228800369 12.395457041436286 12.67475559717247 12.668766936977857 14.095140137496957 13.438167417190463 11.977371239265516 13.191391301811073 12.580530074582649 13.53121130738641 13.948305457831054 13.362913355681728 12.332613954630453 13.977893001541966 12.31440958862514 12.113991842269193 12.662824300899036 12.372828469601984 14.921341639382021 12.355958790100795 12.778009694214296 11.973324513373395 13.869936209556117 12.206390088025186 14.319612250103873 14.048792167203857 100.36518268739187 99.19350703673997 11.122474107051536 11.187404413761502 11.348641575040643 11.201525324179336 12.226477210347776 10.393783608660682 12.498549153242323 10.664058032513386 10.96653977335546 11.07878734808785 10.901520745927288 12.670900898016399 11.368302413305312 12.60791266443553 11.510651870388754 11.017868356908224 11.978239989497512 11.582369589016292 11.657035562828455 11.685420717519673 12.694654110574202 12.037309142352777 11.77059530518245 12.140280745836138 11.074885251863769 11.622381146682619 11.330742317492819 11.111675181998969 11.010686987140037 11.582299753415034 10.470208804504425 11.706153515717642 12.327771367266697 11.347178401463827 12.016481216676 0.4145517990397273 0.43337542468994616 0.5321461499030705 0.6667186665273408 0.3932420454278528 0.5306927152567154 0.54309779169317 0.4858848443259029 0.6112516933320438 
18.469532521136088 16.805775964403274 16.36887701665852 16.20938462450654 16.568423323785158 17.188643984699027 16.894115578035446 17.048904713822356 16.92255768264414 17.670397916396116 17.78573245880922 16.815855407580248 17.01400240648581 16.918091868334653 17.54379789935968 17.62650382782308 17.74540167661698 18.131325257189005 18.508041193883418 16.835870049798096 18.2434058541734 16.521169064228854 17.329791159029526 17.199432640074168 17.628733685352604 16.83868555447251 18.286853413312734 16.525450652330427 17.101888915634213 17.244331017426614 17.07686406399483 17.20042309920185 17.336135895671575 16.786789011606796 18.173714594345917 17.227586973116523 17.482015709591796 16.83855085510877 16.07222292368863 18.041672336291978 17.224839824533426 17.760942958486943 17.374313036642967 16.80284925302771 17.247920739757358 16.862106423656332 17.28233874919086 17.53718763094149 17.325560999410534 16.159878908953008 17.261455014656548 17.457644841516498 16.744596594330616 16.652522924925172 17.51907134246921 17.71207225117939 17.246240414899674 17.076341050405105 18.067675314637953 17.466816965013646 17.877368614252855 17.17045456179933 16.355506583453067 16.53606518048714 16.958689615240147 17.28102338645499 16.963699159680093 16.025477914414243 16.370652798354346 16.307685670335903 16.769854488745956 16.330628549887905 17.080101680473128 17.0951662792978 16.856964002669752 17.021124128005933 16.918445798873353 16.41858846527548 16.780502893331168 17.670138613170455 15.779563156848095 15.963552142344389 17.063613038576857 17.172922448532763 17.551790484060543 17.253056045962378 16.26797611683033 18.759437461188938 17.906953503254453 16.734643783283502 17.87391964431209 16.1741179925255 17.32004271384916 17.816112514279812 17.12881847839766 18.1050102326897 16.942566029486898 17.122907524531886 17.94299715381016 17.859752689442292 16.49353267074968 17.419233482805932 16.402572672638424 17.200126327278884 16.33085292554102 16.378015161640654 16.3515890803653 16.990474218100818 17.38892595258072 16.932122699807472 16.821239643396925 17.555978244707592 16.330041457752028 16.584150847568853 17.866301457990307 18.422190074653784 16.83714741503258 17.303590890987845 16.830472308010528 17.13476118748164 17.113612025149244 17.156468655117408 16.974403504309855 17.137636834913955 16.7453140757936 17.69039862928161 16.450738905640442 17.9616850905175 16.60881065513297 17.687640380161376 16.832858651022498 17.119845348789784 17.81776684917702 17.13301034410068 17.094450994145987 16.251788096959746 17.120745911075918 16.39368958931692 16.92238399873579 17.668980015848227 17.923115972034026 18.23201571496851 16.93928037911164 12.21940564048603 11.379242990233807 11.97769520083161 12.667932391831876 11.864036830211258 12.131540436144443 14.316843813142505 12.387437405881467 12.93302324632653 11.427813085127235 11.959821313095118 11.727044519654312 14.061682137112696 12.376185851714105 13.36607328510504 11.397385021858808 13.53593587991199 11.182576434408066 11.940230896395992 11.461607262356248 12.5086736057593 12.645330708544689 12.244105256317566 12.435066188632076 13.610541732282586 12.393648049340403 13.493976755379432 12.24557296998524 12.666475600784361 11.787216856571519 11.568047818844322 13.586505079270873 12.237401718490284 12.535680290759398 11.652948338673788 11.73096255191498 12.298794357742214 12.416239738250985 12.623162707547646 13.042275561336691 11.56026474936141 11.964915122351885 13.090460876308299 12.607208829283426 12.337084339635489 11.770559473457759 10.74582238026715 11.52735785492865 12.260505611598079 11.034528024528358 11.842864604689227 12.859229095535179 11.841258350931605 12.38226527473284 11.953831005313512 12.261884491261613 12.142456472739887 13.610481428890095 13.060729776633778 11.616250420075419 12.707069825675976 12.134410873953524 13.111585540958393 13.448073693458783 12.832315124745053 11.908978505460542 13.460864839840875 11.892526810035212 11.640169564723491 12.37631638514984 11.892389721835332 14.357490611076223 11.87643232366517 12.33880363543959 11.653564348325824 13.448260430940255 11.820445172014415 12.882534597210313 12.59678487011486 101.15758094856774 100.00288863466604 10.764856265008666 10.873534064286307 10.99032650859633 10.801907072785278 11.845911897861061 10.000181445321799 12.107361104696682 10.277825656480822 10.515567828877431 10.637528478504317 10.538963787145825 12.238906277888681 10.970252954442811 12.094678601131104 11.143929582467509 10.63928718640516 11.513783495047937 11.156093605495133 11.293724640317865 11.301995064458533 12.352211673327023 11.669499360161618 11.405494398519604 11.86936967352993 10.655897626313912 11.323598901452916 11.028778696162906 10.733588574913624 10.627513118437054 11.232149078693555 10.163229441648998 11.298991853680853 11.941179839532884 11.008472386443495 11.620183426702653 0.5956433955363973 0.5968909541322999 0.5858291381805328 0.7381675598552812 0.5445228972378967 0.6893901053602616 0.7342703439868593 0.5783994948623237 0.7756844692319401 0.5681958246566191 
18.70926813882694 17.044696683335996 16.609625632061967 16.438484496244286 16.822419884654124 17.418828683872427 17.148719713104708 17.295951221025447 17.18011009570257 17.926171666025798 18.039000583449525 17.058867424330074 17.25333010290129 17.158450665689347 17.79003879548133 17.86919090453873 18.004226354924718 18.391067523178855 18.748858269997996 17.096290310795638 18.487121615989082 16.76262110822221 17.57487435364318 17.444739571504144 17.877184141277613 17.07291009111648 18.519223290206938 16.76652103522505 17.34590804073401 17.481400033636522 17.33249306264257 17.444834267655384 17.573645006070556 17.043367063809303 18.414029350606107 17.46688309678696 17.7068436083136 17.07707947989624 16.3043416589149 18.301122905942083 17.461654280719454 18.016068249983082 17.60574380155733 17.053726172159468 17.499413029935944 17.11918104512075 17.52107030796397 17.77667506811597 17.5864006685998 16.404782330765237 17.497810918304463 17.71085780376928 16.999039733686388 16.8924297183882 17.752632125828793 17.96160417155991 17.473974853620707 17.312550356015564 18.31524011061193 17.712826379493066 18.110036622489265 17.42560391544578 16.606593716015087 16.77583983841496 17.202831756926873 17.522022470578943 17.19843505589689 16.26215407489062 16.607436489248247 16.54785633173041 17.01762008367607 16.571369920778803 17.326163977803933 17.347884748728415 17.092537485407394 17.26361878853455 17.158116582772703 16.659462941305158 17.023746686782545 17.91569466480716 16.011794257802578 16.204935829596128 17.317787188870444 17.412923839404193 17.788677454590847 17.497019492480177 16.49528168140604 18.99238432084131 18.15002656441883 16.97811275208679 18.10897080407071 16.409603149003768 17.56796941543627 18.04160498463316 17.381697230371103 18.34998545958905 17.177314317369042 17.35019272800525 18.186773689186214 18.120322223646685 16.72462364914211 17.671891725049935 16.64136930072858 17.436641371805358 16.57015437089525 16.637536741580064 16.591720220667128 17.22911402917685 17.622364173731583 17.176116680205716 17.06933753914548 17.804083514476773 16.571110432846982 16.816830380176558 18.11420436246053 18.66450115784983 17.095369642755088 17.553812522906114 17.066390638583805 17.369064675258226 17.36865327432462 17.4112149728088 17.22207292314031 17.38580467903761 16.992553468363855 17.926296340285123 16.68845576291086 18.2110033334765 16.840818393773453 17.94192605584587 17.062838247569655 17.365351250519954 18.059377754656726 17.374586549172257 17.34956619266292 16.500083776607887 17.373778697210238 16.638369426801074 17.184257143725237 17.91879234613284 18.1754111980771 18.465904665391587 17.193481971188035 12.059443228862978 11.206619588374314 11.815977907233574 12.468236193533855 11.691099333346097 11.956300855624235 14.14279469364845 12.203139737002783 12.771661856271823 11.254376707847587 11.781785967395688 11.559933888050619 13.883500197708504 12.20115658711522 13.229877715125788 11.215214102912844 13.365509582781678 11.034317705881481 11.780908597207597 11.31107558459629 12.328266407894814 12.488085353519043 12.09975470174451 12.267344299657813 13.449108809428544 12.232989034974395 13.30538546177925 12.051798112223638 12.519629105320071 11.606111973330698 11.39560595427442 13.407392067984706 12.089857815345166 12.338095873189467 11.488029466481702 11.584662325206553 12.118395724878116 12.257551317876603 12.474229655922823 12.873861404826206 11.392826091050305 11.811388025177331 12.907390052862523 12.425620185453976 12.161683008585781 11.634135886546122 10.576164672089561 11.350911849469112 12.070852270874699 10.858376724756628 11.681260955180075 12.686401384248201 11.65940683487181 12.230979015770858 11.796888414081907 12.085551720993825 11.995910308153803 13.45425550294161 12.882592516693462 11.436392945363181 12.544004278323877 11.973951241531864 12.93131283779319 13.287794288411375 12.688308155722636 11.74193702346688 13.306778435413271 11.728576834998634 11.487019187154624 12.175289753928489 11.735538786159355 14.205799879521688 11.717111892837922 12.170614092547797 11.469539489197642 13.269711507701366 11.648297095489879 12.949671945787738 12.670501466394096 100.31800855735558 99.16339958344851 10.534791983647334 10.627984511067329 10.75828649857864 10.5737184323913 11.615579151026875 9.788801189632995 11.871794058073316 10.0540127348201 10.307452891812755 10.425954666051366 10.308636055490753 12.01582209152424 10.74773799899523 11.886000394784809 10.911446689275676 10.413586005750693 11.29840271664432 10.93538384625523 11.057283825521823 11.07302257964774 12.104975504204061 11.431814752195173 11.161707193015975 11.607182240009598 10.42699444624231 11.069710831273545 10.781543059262773 10.499804188390556 10.400030625565284 10.993234707481506 9.921560012748193 11.06676274896777 11.706151692588803 10.77090603386965 11.38175641622988 0.4915296993073639 0.48963730041999665 0.49528299442014173 0.6462164235939621 0.4408518710854918 0.5808790349775567 0.6202861580826255 0.4926972016451839 0.6773743072108186 0.47313892943688657 0.47467234409072323 
22.52349439046006 20.760645673691 20.27886155882618 20.136926024006765 20.529911724423787 21.164306140101825 20.894876439033037 21.023842050170117 20.910586560708133 21.686935140211272 21.780328731875482 20.783960750177382 21.021171030694518 20.89664697270662 21.54753542960285 21.61377009188705 21.76537455965991 22.169479957460272 22.502523717416206 20.771723085688066 22.297182932506317 20.451880928186213 21.333413545234507 21.16994911610571 21.626180862660707 20.781712870277232 22.256061440512497 20.496981739006678 21.08927566222601 21.217680575489396 21.08855489180897 21.181105492241915 21.35956783206365 20.761112944317677 22.200035253839673 21.167757976069083 21.478346599481906 20.838785533002905 20.03229833763598 22.01741643574493 21.163796067483133 21.81987881407902 21.33169265100866 20.732840278727313 21.222511565956314 20.871147702286827 21.250010658819637 21.52454157957946 21.3673815322412 20.074251848633615 21.219417586242912 21.446741542468313 20.7477162660935 20.602177704601058 21.521386790961817 21.694004702825058 21.24939795049543 21.02568302036796 22.137202384598123 21.43298107909776 21.8287279915689 21.155324249642806 20.268461021557496 20.417897661216667 20.914763759666876 21.268692801845408 20.91482108580947 19.949562414385387 20.24198703797264 20.22136611143695 20.72299193783769 20.288547707645048 21.051253759280097 21.04312641532406 20.85543945620922 20.94079031651269 20.870676892387678 20.349302708031544 20.73743949925928 21.66448829490424 19.651001460720806 19.879561150654766 21.048782612290015 21.13105180769341 21.515811671439334 21.2151162599052 20.16265604462358 22.781334253813103 21.941788047869444 20.696204336288098 21.862477972538677 20.125642890437213 21.306832122705735 21.769551590539255 21.102188274364334 22.097130560126562 20.879500835219147 21.01656037339205 21.909087938910424 21.839955030799363 20.460942537731114 21.413158104923514 20.321267399949456 21.168314178838887 20.234655949576545 20.327220277137492 20.30929798759007 20.96825086382638 21.37235488805339 20.889907463840625 20.758266041393515 21.519548142177676 20.289862071123796 20.550850644498514 21.848391463494146 22.457322723941775 20.830670959478365 21.305261921992063 20.77903460908777 21.095713109604684 21.091486690271218 21.10845812253687 20.94706137816581 21.090107563911833 20.667985612179027 21.696248493187518 20.411711033074667 21.956761828570713 20.5754874262935 21.70226494060295 20.810381712668388 21.11056070669729 21.75023735477872 21.071411380895725 21.093484664959156 20.2034179742 21.10603561430145 20.345235257008998 20.866719744547503 21.6787175282227 21.917545897376648 22.242878635123844 20.92315017532871 12.549660454991287 11.508612172252066 12.183001342094125 12.521460527870442 11.983910128802512 12.17636340889363 14.442776515966788 12.446197558062146 13.231874893767795 11.48660781459174 11.964692671353959 11.93089513308474 14.00378501435604 12.458216099616983 13.731505754485061 11.48541302716003 13.68783270620043 11.61312080217856 12.169173493353531 11.846464835339644 12.632891522601252 12.973122363102567 12.613111688130681 12.544283451083016 13.799053612539419 12.581095799574422 13.59918425414106 12.177866706696312 12.994283172280225 11.832464537979357 11.658434519359986 13.523250659369094 12.610093078118586 12.455908359906958 11.797721171629854 12.184212100350853 12.309480223389695 12.662597140338278 13.01114248867032 13.276742213303601 11.764539873124626 12.332404802606527 13.187888882380083 12.670516911130964 12.461399111041652 12.12890957913873 10.982227235967228 11.654710563219004 12.139930155271015 11.168724492640392 12.12528257960801 12.89973870911488 11.988116324617023 12.722032734887081 12.237885432331272 12.370019040585222 12.60687844418109 13.793082131965125 13.02068308048532 11.761213529570053 12.98009807395458 12.32874485971198 13.203306303821945 13.641456401462875 13.187194453015024 12.153062047763207 13.813177797554383 12.014573544179834 11.925682204745794 12.129754498438182 12.164219071544263 14.594423998444094 12.174384498592204 12.49887033572567 11.656433332261964 13.466549760410947 11.871549106534719 16.49079171565711 16.219833077214513 98.60725314875127 97.38940346677505 10.914272215930698 10.949432496220874 11.183721810762492 11.038121711230879 11.968690103814268 10.291983690603104 12.243044327852058 10.536045472124677 10.930827820807025 11.081540687085882 10.787620982149932 12.448401753107293 11.245242216593129 12.474054236482916 11.338635363524098 10.80282052329283 11.920648440974707 11.393385505992955 11.526113662056588 11.501114218269471 12.406026152754066 11.80600301828036 11.559916266840926 11.721364045467277 11.004650171835479 11.295652754150288 11.03634058878783 11.03157686980342 10.912486256030897 11.344033571819438 10.301850398866918 11.569798965105218 12.01557604487952 11.093250527573938 11.8168540723013 0.48038773938853774 0.511936591075503 0.6929515343117089 0.8384112946066137 0.4788150052930513 0.5381059862320969 0.562883597847922 0.6069595003562019 0.7281381459145682 0.6374513570023969 0.9085121352835612 0.7800366831793853 
20.721280049643973 18.97331301251652 18.495003747341656 18.362791922472162 18.717584296181155 19.391364274546753 19.07154100003125 19.218631020083414 19.089362192436923 19.866676288554757 19.976848592228478 18.98914443203892 19.21195752371736 19.10079105090943 19.745642999653874 19.824366016775283 19.94177052819801 20.337007445392146 20.72912912679747 18.968687632520925 20.492514126444075 18.666999243084252 19.52820814193416 19.3760669138276 19.82204703055499 19.00623819691159 20.500408647710366 18.69626117487227 19.286565258767016 19.43055292148575 19.2629373261194 19.383400245693736 19.55664694584037 18.93865649382163 20.405790433843872 19.396467715791207 19.707908978916286 19.02816503142162 18.23207408573062 20.2207437007924 19.396927484180498 19.980405633632294 19.566575613728435 18.945167472976124 19.425888040942834 19.04494117648091 19.45963119890721 19.735091890845684 19.526450825005394 18.279026141286995 19.447354407689687 19.644165403229902 18.917872004304826 18.812273501063913 19.73348056947396 19.901492690767526 19.45890667076681 19.252071153025348 20.310195987872117 19.64116899101989 20.07948043137629 19.345642857032058 18.47648715061688 18.666262523504574 19.127095852635627 19.468639675682095 19.13955995977533 18.164547917680395 18.489463195090735 18.439050904080357 18.929277712254873 18.49178169635183 19.25572172097531 19.244215749152488 19.049068836486686 19.16596682000828 19.08465782370294 18.563217072353318 18.950865556275218 19.862854793526854 17.890310188220546 18.093840210912344 19.23759464528086 19.341323883464412 19.74893056653646 19.426704862036466 18.402800187179196 21.01077070035814 20.131357923993946 18.903929861711404 20.08967369380886 18.332286380332658 19.504544439278927 20.020555243473623 19.29768580814844 20.30647996708356 19.111102662284388 19.27989395814498 20.130743537975423 20.041321965394655 18.676370095178754 19.610701430314073 18.542003902736546 19.38535566172818 18.45850558736844 18.511451707616036 18.5107669800337 19.178257171872275 19.587228302873385 19.097585418670512 18.971496408286242 19.734349508500646 18.490568691923784 18.753348718295875 20.057140765229445 20.662793830171243 19.005512595123463 19.496108145669066 19.001744535794348 19.319866768783847 19.281715349007044 19.311688703831244 19.14439767357938 19.301158699274247 18.890608666142285 19.905074077503297 18.61252459842645 20.156171119906777 18.7898089125327 19.893697799184615 19.02751801874101 19.304573098100903 19.995821477365496 19.29706177394152 19.274617304828315 18.39165900454551 19.299355217390247 18.547410981732476 19.058767497005096 19.87866529261554 20.12249881789807 20.465665041108675 19.10528571591777 12.695904010993978 11.740139707649504 12.361762446553366 12.910790290928626 12.220515166681253 12.448915801001558 14.721789310183507 12.71771814447697 13.403477958831733 11.741875892518243 12.261392025779715 12.121455798955292 14.353040125676763 12.713313733905736 13.861486571322962 11.733181784033915 13.93993134663728 11.67868514867981 12.349887168762399 11.942554178736074 12.889755539496447 13.124162026995393 12.72136091431382 12.78810162310803 14.029028741567148 12.789823458453885 13.882397719065477 12.52206520129642 13.143414237846898 12.102126480738853 11.900714818042976 13.869546659097308 12.729206896298162 12.81342442782331 12.02023030989002 12.257261968034257 12.60495211913175 12.855360311063961 13.12659027819229 13.477231850546202 11.950553990869635 12.445270698514534 13.46731699156894 12.94818216352702 12.707675356501097 12.234718820594821 11.150063364660376 11.885251237866795 12.503001528463033 11.389473668028549 12.285090210346976 13.181421751455066 12.225250156701795 12.854248706961954 12.391466759046827 12.629384623888996 12.678880925020332 14.014175048938965 13.345728109023392 11.988433693850526 13.156402047242805 12.534104514840205 13.483402109546097 13.859986665094825 13.31134725259198 12.332194156746558 13.953647525506055 12.244591033436397 12.078861717766602 12.56057883470838 12.320381166909229 14.807545574143132 12.329109036972877 12.719063344044912 11.944566211337829 13.774992457145983 12.147994845271098 14.861567930684215 14.578014244074456 100.93990368577293 99.74707978934912 11.163465168246196 11.245760369739648 11.420528053219416 11.255076163275556 12.245008335804023 10.451284540627498 12.530100881389194 10.719969730365094 11.046906485986904 11.182529526452463 10.99328570949725 12.694435060025919 11.434325713508814 12.632004289959813 11.574977723375556 11.040975778532754 12.056466773115242 11.611930038760336 11.753479155051556 11.741879632220755 12.738397986274249 12.087333860320934 11.840158105533147 12.151613811426431 11.169335337199147 11.660516090053877 11.366000415929692 11.219876798882305 11.09515417525125 11.625611409385384 10.554599964679287 11.783697749952495 12.33105308567184 11.380295583091666 12.075232361623241 0.39728478131620726 0.4298491287601571 0.5246316459174244 0.6700060202106408 0.3871883058465133 0.4891908987920949 0.5245331494382589 0.45467288894818336 0.6068878784525029 0.47068065722799496 0.5991320266139538 0.5096590835026417 0.595491029507169 
20.529558772111006 18.81604171090751 18.341381453756288 18.240425041811665 18.537879595217017 19.226613823267115 18.90560775017907 19.06511334327893 18.937078289752456 19.67975413027969 19.792376889248686 18.819852299138688 19.08754825576302 18.941090080184555 19.565099979498505 19.65096857215195 19.759956436092153 20.157542695726587 20.515142831373307 18.779964855662396 20.310699531642136 18.51237080515842 19.3662962690123 19.202321537770796 19.646273858262465 18.874149203058554 20.30675338247715 18.54774366766945 19.140906663465763 19.270619737855853 19.104795123255453 19.233093594451127 19.403646753235176 18.766583331378598 20.21887011641182 19.220425175865884 19.571004794500727 18.87003239806999 18.113860889194935 19.99956790074812 19.20994514714279 19.824720134252676 19.39684175010916 18.757341411043303 19.220486159496595 18.87677229453658 19.315042593050745 19.58486803635572 19.348623200828346 18.16099857305738 19.26704736239517 19.455493135106032 18.764003365122413 18.679269962018072 19.576108412247088 19.72585399274327 19.325939696733077 19.07773437855118 20.153205095131682 19.458874825229916 19.896890282553713 19.165124449815025 18.3127576486565 18.48013282188853 18.944777857797437 19.3260624427736 18.98538337562475 18.0398128472567 18.33835329611102 18.305952792965467 18.743676419455674 18.337574874454976 19.09424776428105 19.08581771034111 18.930845527702157 18.981329006055816 18.933216358570768 18.416254041119437 18.774598079081102 19.718821491143398 17.761943815582423 17.946858737381195 19.06432460514904 19.192498836821045 19.553117261196878 19.2506379040238 18.27196178570578 20.807511499520754 19.989632855694406 18.73113184212928 19.905556921667817 18.221617412600448 19.346715121525527 19.845370348585814 19.134562623727234 20.096156146843384 18.943380992978984 19.096058020898973 19.934059219283682 19.83380312106423 18.549182331561887 19.41625030250719 18.38902172625122 19.21993912234235 18.321675898441235 18.350439398285474 18.362267621423342 19.03060002431353 19.40836590170177 18.944516986864834 18.804590628282444 19.548570584576712 18.350132594380995 18.62939721950534 19.87768673863741 20.476332223192486 18.81855123574034 19.317611240982835 18.840425073440443 19.15810451055082 19.095557037051893 19.11743097781414 18.99927291101125 19.113964952477765 18.712943222278923 19.738040768705325 18.48691945398159 19.96486871071264 18.646226265553345 19.710757596741985 18.87550339792453 19.161556905353056 19.75163629949432 19.126455604373906 19.105454398522504 18.252730932519704 19.09927988554142 18.40164261382517 18.87483201967469 19.68744173669247 19.917743979231425 20.281599736986657 18.943114880183067 11.921634877389295 10.984901878866056 11.57963068835876 12.077593653551451 11.442862360189546 11.63390837362445 13.840856343930607 11.915417686305235 12.59578649525941 10.95636942125741 11.453035512552356 11.346052256676142 13.471735255129596 11.907042603306202 13.034101322316653 10.975667539849496 13.094316029899238 10.954606718201036 11.551888827967339 11.194706909110845 12.091828517649159 12.331054348514568 11.929471262572033 11.97218149750977 13.180167987971071 11.993058396220764 13.048200053002132 11.72594743066193 12.3411559651028 11.31418159411847 11.130133234098173 12.994052264936194 11.943496874718958 12.001158523548083 11.232767337333202 11.513537249318563 11.786375792655408 12.056963613969502 12.324718928163044 12.676231454705968 11.175027686013252 11.685819705496398 12.640299166458835 12.151454538617607 11.901972347539791 11.449259712027015 10.433575465921775 11.121869087580114 11.686249677802543 10.652384659601134 11.514309531823397 12.339601278146718 11.469474574563533 12.052964022737138 11.626627189970344 11.828438237444379 11.922577717070489 13.16165514300806 12.497172345106513 11.231707381908166 12.348786821127657 11.74670942995944 12.663819458905207 13.014516320639741 12.493043498744935 11.569591598658315 13.137178404787056 11.447828860117887 11.308040899603094 11.72574313746077 11.535842268759396 13.921522769910908 11.554930677872973 11.902790150520968 11.16596895668144 12.921484496557667 11.366504671135887 14.802347446995382 14.520422438958043 99.3950411126065 98.2064291432832 10.50069458057787 10.590103375369305 10.764224082870017 10.609130506260719 11.546938110583257 9.818536304273918 11.815841097935463 10.092419814419364 10.414512742967592 10.556915718683106 10.358113143181608 11.979292961800708 10.783304899429588 11.936260177953557 10.926679099228025 10.36811715225824 11.403481504451422 10.933088902427452 11.112340492989391 11.07032713038692 12.022880416670285 11.410553569715137 11.182306167104345 11.425374364282069 10.549171133464288 10.991260452752737 10.684286718802374 10.606881731388617 10.46166496444976 10.953455716552137 9.937357762982327 11.127058682826744 11.616181336795913 10.703969084448808 11.39716631725184 0.3593828532528998 0.38937463164194414 0.46790576245123616 0.6247740254106703 0.33115645716921877 0.4258299788492818 0.4782192014056526 0.3994514175037936 0.5889425923974325 0.4578579438830624 0.5845478065959868 0.49075165103187635 0.5220767955007569 0.4198985008507168 
20.401744090772397 18.717465984994867 18.267566672312885 18.114316859948126 18.497230849173302 19.103101256395636 18.837223451411372 18.971333421768687 18.855434200438303 19.604830600898886 19.700608525661146 18.731907197000822 18.965007422651 18.839793326357853 19.465768131205024 19.535874223091106 19.67542046912806 20.076004825376554 20.398030163807345 18.732859066086984 20.183967520222676 18.426267376961107 19.259875083121823 19.110804245661473 19.550874278696085 18.73441341713302 20.16745687139099 18.453238554398116 19.028745493697986 19.154967404263957 19.022596491746125 19.1200683230259 19.27899717361457 18.712462139283815 20.094921602406696 19.11999630007414 19.402612091069354 18.775107256688088 18.010336741270734 19.936483613783956 19.11167308213134 19.72111806480823 19.264850781764014 18.699976331911216 19.161370256086723 18.81002516398534 19.19008849927721 19.45496624714318 19.285852999324035 18.06910274518342 19.152886532337604 19.374314442436997 18.692730178502106 18.568827582366627 19.44191311396931 19.620136565191512 19.180043133475596 18.974829603119428 20.028254132764026 19.369701156549855 19.75253805275444 19.090716367755924 18.25386595971663 18.394244485575204 18.865650021586678 19.212430712115612 18.868191221614644 17.934596633069276 18.228159158589897 18.203302397954598 18.67421444629487 18.256417682158013 18.994457151605996 18.99853669708985 18.804371253117832 18.899210137093668 18.825710417986333 18.324434708881263 18.693911244290792 19.595193331333476 17.659300634774905 17.868803185498315 18.985380217938612 19.081232311314718 19.44097171070608 19.157194972367382 18.149026406469115 20.659468315615566 19.84492871855522 18.646928579962346 19.776383379143066 18.106718883717043 19.241229244760397 19.700235581914853 19.04409559663714 20.004687259368268 18.829013249289883 18.97839976366082 19.833339808262938 19.763138272349618 18.422564626732758 19.337517824079136 18.305426975071374 19.106178882575175 18.222462335198614 18.303663419615372 18.275645194149842 18.909293229382147 19.29850465125944 18.84704634551056 18.720809129194517 19.45899624370755 18.256089572832416 18.513800254276898 19.772262930015405 20.342292337974758 18.775241251939626 19.232117807114985 18.732836101643894 19.036218662137028 19.031407904900732 19.06030782110499 18.8954368365342 19.039872318557574 18.635065185871504 19.608944705152076 18.379726959868933 19.86662114554104 18.53258278476785 19.616316646419353 18.75711468001781 19.050957070637963 19.68306397688387 19.029467063992456 19.03034942528036 18.17954814157463 19.039253299539084 18.314213464438954 18.827776401079724 19.58876630089551 19.828546169319647 20.140947850416605 18.87145645348637 11.827864612647014 10.875906940523372 11.523983212583744 11.965549746051874 11.348793111375427 11.558187946679379 13.742742836320668 11.83239447106223 12.504964459752255 10.881102316302321 11.352847618809063 11.268896124065996 13.383259385175162 11.831073199110126 12.963977947873214 10.873834169074298 12.989190644060875 10.888629844982935 11.476427737357648 11.127250456565694 11.974605961145253 12.24222381272335 11.877342015800881 11.901865443243974 13.088171975373543 11.90640479697703 12.939276106223923 11.605159487166924 12.244897069012595 11.230681956564581 11.043179883442994 12.904586703101106 11.857906108709305 11.876053015397055 11.135108815162917 11.424370477180076 11.708827684660388 11.949639514800863 12.258483827861447 12.585094750464531 11.09810318030269 11.601483890839116 12.528750107679889 12.047297205141769 11.805807000838765 11.389592387074684 10.33535949763861 11.020360253164979 11.572138477558953 10.551172406181479 11.422508730591176 12.264875141874287 11.341502687980126 11.981208814143429 11.541272829057535 11.72437938537151 11.845999520842582 13.092675638936818 12.414543641348118 11.13206651892551 12.277315758163963 11.645951697892801 12.544379630876616 12.925577553954207 12.444288458269526 11.474607675285563 13.056552776572763 11.36965527500938 11.222248617304517 11.597554913286805 11.466938433812551 13.850051820015088 11.468085173058178 11.842539803541099 11.081700439536563 12.829993435149385 11.240269809972617 14.892451133669127 14.610415424058415 98.37905399825095 97.18381197920493 10.345079582047102 10.410510286149112 10.598350690992293 10.430270148431457 11.394059849292324 9.689995512169354 11.648136463746122 9.945744710467158 10.27050111596519 10.41903297940264 10.189859060356468 11.82688509524265 10.63845669933544 11.788392656360259 10.757549500846885 10.224953204169953 11.251148122213275 10.77239713189765 10.92832397342469 10.905735316152304 11.846245875108274 11.223974521237428 10.965780463050095 11.229940487570355 10.36511314079491 10.771094479670877 10.514070129362004 10.420809159552341 10.309909869929907 10.779246716704415 9.75761148180289 10.943080407330086 11.435432344247584 10.541999873174458 11.205409021871505 0.3782786317111661 0.388218302178651 0.48488253428290545 0.6424869650782323 0.348797818700389 0.42909669205069056 0.4684411982370305 0.4418522044364045 0.6118666193088065 0.4757073588790107 0.6203647110594434 0.512769953322165 0.5173226770971853 0.45661663167737154 0.3867660055462947 
19.843563623763192 18.161175795130156 17.711234036524072 17.561089636760187 17.90172116625878 18.547876911542303 18.244563073010163 18.41735697444476 18.282103986925446 19.035273435305044 19.14003346468156 18.15633529132691 18.406772442967604 18.271389093740314 18.896910320460194 18.990610680061295 19.10457283622951 19.517397690844543 19.866109801705765 18.168317259204684 19.623807667465442 17.864520907973944 18.69740228221288 18.55137416084125 18.994106127385784 18.21108172150771 19.65068958979525 17.883057701916453 18.4754827638006 18.61308830445974 18.440652526224955 18.574948263919204 18.708709955562636 18.125939761836026 19.53861210287239 18.58464674876259 18.863346958426725 18.19093267089621 17.433451266095265 19.378530721502454 18.549308425350425 19.15116035165409 18.722827393977422 18.126101281141185 18.573742787581537 18.212499451086753 18.654111436815917 18.91457347473067 18.68855240241679 17.52420379584784 18.607451349185954 18.815689376346207 18.10316869921122 18.02537960175015 18.889020986098142 19.0775191210872 18.62574448901616 18.418665463963087 19.47327615520321 18.817939141370974 19.231512698973006 18.52601225788143 17.687370149847542 17.849405331957236 18.297366084061856 18.66781481957007 18.326327211576945 17.374198560384176 17.68885875088335 17.660298575416356 18.098230879977425 17.66850349206463 18.435885780789288 18.461313079496204 18.246256448023434 18.348280104788557 18.276120601969176 17.770951643072213 18.125549867075748 19.065633001784995 17.117300574189812 17.30768504043132 18.413807148559332 18.54378350220757 18.900316773645418 18.598163766547977 17.61504605893558 20.125329911830438 19.310238863323246 18.07091325868163 19.235209002743243 17.54600915093822 18.683976259529178 19.176327877761814 18.4846960674108 19.449827193722225 18.28096317272778 18.436363612821374 19.300598698446876 19.20451039717966 17.86050718431905 18.760827347240067 17.741935461347868 18.556960120580165 17.683882899393073 17.71435310870323 17.694631033899785 18.350222318099167 18.745370489377752 18.290824338129234 18.172627650270844 18.91244675342002 17.68531623275397 17.95101818559283 19.233243506393837 19.799079364817352 18.159629470381134 18.650531610995664 18.176116558573476 18.49445459377653 18.448638770366053 18.469788770757297 18.34475226815818 18.478591543944606 18.080601220566 19.061669092919523 17.821130854604476 19.31876124281308 17.963435336520686 19.048517377235218 18.185512531492613 18.49241488744853 19.125979434234306 18.473625806854503 18.44643798973674 17.607044439074386 18.447796141892304 17.74707164393162 18.26592538712366 19.02479018308916 19.271007200374864 19.60251944244275 18.293213668520718 11.953019833337173 11.062844479567664 11.675588093696433 12.226597113204793 11.526959812457633 11.745094547189485 13.944502240130934 12.019837501211708 12.65233618700219 11.04724222723943 11.585121788458085 11.410285254313084 13.631810091557655 12.016566693110267 13.115520639506931 11.053837651517782 13.205051543181337 10.974043247983873 11.624514739997952 11.227219428620538 12.181160632273432 12.382990999257748 11.979990796777475 12.07160935368353 13.287969207925505 12.092791486795953 13.12719941200692 11.858493184843008 12.418836512889845 11.42046236761719 11.227225491771282 13.159132905353758 11.991231400037293 12.137195587383479 11.336890259867337 11.531921840262598 11.903564709265439 12.12700716391923 12.361832873336805 12.737821583123868 11.24240016384958 11.72863452306002 12.737572273744888 12.257653867839252 11.986890434549997 11.507886780705388 10.478309595341633 11.205093352456167 11.833986447952878 10.728163191866983 11.571078858019964 12.473550999756721 11.545335115412007 12.119458908277398 11.699165238235546 11.913867592203543 11.934292594586255 13.274848178896688 12.647958649639685 11.306921940370641 12.396923911481894 11.838026751603904 12.762352049014392 13.119211730111301 12.556245914276756 11.632605968032564 13.205641772055435 11.54782316058806 11.37021715858956 11.908465668764787 11.592328404053756 14.010781665563284 11.598241296627705 11.981876115762118 11.277193127438151 13.04318204332008 11.486837349835072 13.845938816791488 13.571359554552942 99.95363256585436 98.78111143252482 10.376340144054863 10.464538968353066 10.629420955616784 10.45099347001098 11.428658298985097 9.669195927086083 11.697578980411835 9.924486981722684 10.231709442202128 10.364216043294554 10.207104651407013 11.849826438839095 10.62274921838607 11.761430498731297 10.775438550963942 10.2437464710922 11.213578522466044 10.792068413639317 10.953817237163692 10.932171829531399 11.917052087344425 11.280303959497312 11.040769231065644 11.36484871135269 10.351646623643589 10.890505432388327 10.585743725987777 10.419996739783642 10.289764902086086 10.8295648024531 9.793614532840051 10.961229734686832 11.512963696999435 10.592199890372788 11.248995394920698 0.40591535949256374 0.4230838134702211 0.4586709355863485 0.6131390986672279 0.36546278114224506 0.47357008950081714 0.5281251184918101 0.42201089594646224 0.6132547066568603 0.45188657541164884 0.5200267498364731 0.43259668104757826 0.6200198477252263 0.4425927302949013 0.39074189974314677 0.4296790998518861 
20.353282182395116 18.677969459896715 18.23259501790304 18.033186190827745 18.47973654153009 19.08149489279979 18.788608924004173 18.923421178762208 18.794038041750504 19.578103153007994 19.66680108797622 18.682140540723946 18.91280789292036 18.784543360342873 19.41857296381021 19.497315524997806 19.617381798001066 20.04622501514345 20.395566219581482 18.710629659548772 20.155738645977554 18.389493542620173 19.209925381813978 19.075532937260473 19.51765917117341 18.66203964089864 20.165814971393033 18.39701944647346 18.972385490541203 19.10834785686552 18.969312388516162 19.074191965998324 19.220608118788945 18.646641859910275 20.05052767274951 19.120707837670775 19.350778459295874 18.687631295229544 17.927668556646985 19.93987838767127 19.081588839713675 19.646833050979897 19.216419165386647 18.68881523061961 19.156387848664878 18.767568693802634 19.11679452334311 19.409460388588812 19.24361712149496 18.008312424248548 19.113941651419523 19.36298809585961 18.626973544314858 18.525366041735495 19.38471490327174 19.600113289636628 19.101595098344596 18.947209711082394 19.977326959897532 19.33679034357531 19.74327216819772 19.063101165766412 18.22497273174286 18.379206628491183 18.845243364638023 19.179235932459218 18.837630966028673 17.859524803082458 18.161607593361012 18.137666965373526 18.634401811283183 18.20474465979255 18.95035053591634 18.96477575708836 18.734424454703447 18.857709841083285 18.77551151688429 18.282493639255343 18.68834380148585 19.558987553930127 17.605682782316926 17.83124874833666 18.937159039774865 19.030155469207312 19.432687731201682 19.117733338121088 18.078951407668587 20.63419696775769 19.77470866750233 18.602136922386208 19.75636205685529 18.047464359394148 19.1897113212885 19.690210532904675 18.99643482177983 19.972920173331325 18.77518439730772 18.94790171241735 19.827758607513154 19.771755172604326 18.369774089923084 19.31430134643053 18.274913289955123 19.05689051611353 18.177367553421586 18.27078510117028 18.210150370757038 18.847052985992438 19.248947164558075 18.81206112958703 18.70413066221621 19.465373822577124 18.19648842621512 18.42612292676386 19.752952607289625 20.304472659199412 18.724570160261298 19.184905375256474 18.68836403708738 18.992624533183733 18.988748590244224 19.03002833904126 18.843767623284844 19.02824316590438 18.627087479009504 19.55064539513242 18.313005351287337 19.8141154857798 18.476314553052458 19.592770870350357 18.704541396360923 18.992596597842915 19.71999675156708 19.0134435728963 18.98422486482538 18.11642004785926 19.00630954458395 18.268090480709645 18.81707187630382 19.562759978394958 19.81265934390865 20.11048178204457 18.8225142072518 12.482260642733094 11.54195352904411 12.19238446682538 12.705627851020763 12.016404308881445 12.23570747725034 14.478336686233074 12.521114444213698 13.194434523115333 11.534190052785766 12.042583399131829 11.915589770421263 14.1372003198151 12.51898716245942 13.679122588285008 11.51762359207434 13.701841613137619 11.507478739373141 12.112397663399337 11.76676833821053 12.664750124395962 12.924460313191691 12.529548754391602 12.594966036906447 13.808925734097302 12.612197421991436 13.653406764504952 12.332132428205503 12.932367246341228 11.910961590914273 11.717298629432895 13.636380477781449 12.50403687941751 12.60041274052912 11.792644512949057 12.053134485661953 12.420850333045308 12.627579771697524 12.92252923868275 13.283609079752921 11.717561471708443 12.23305661165065 13.240273835568539 12.755629833131502 12.472755135131615 12.020064922336356 10.974933262292318 11.671138252296062 12.27040564805479 11.210613832872047 12.069224219659153 12.965317854791111 12.014675089197837 12.632039068037404 12.21490939333791 12.419721004345238 12.49755396171676 13.812802204519052 13.140270593933796 11.813573668502269 12.961565237648971 12.322119223115624 13.250315885132249 13.599447034505394 13.125198386808187 12.142213518804189 13.734291441104844 12.041146148881037 11.879257020490668 12.311430012260168 12.100295030560208 14.572518104314563 12.121307843873439 12.525417472149025 11.77930725641127 13.542608878810562 11.92364249636863 14.8095461234469 14.51649746867171 99.49660606149484 98.29762174091005 10.871523988292351 10.94584297926634 11.139300558525074 10.9331788340373 11.95692416808675 10.194577702794893 12.227118898605562 10.423510172690738 10.77241031952017 10.914850321953095 10.711393706082621 12.406811336225788 11.162649884871227 12.315022838353741 11.288235044324082 10.740500832013005 11.761467709324954 11.303217650895242 11.46430558062213 11.462442551936457 12.445595994225135 11.783116794903178 11.501102265501977 11.832263040866557 10.842569900281532 11.327369580561275 11.066018582451889 10.919611444904753 10.814293330665848 11.317415088043711 10.261483655357674 11.466638864067189 12.008473175919534 11.07918181304451 11.743636107121004 0.4056173618444343 0.4262209024595374 0.5101554330154501 0.6693558734370934 0.4048054717837321 0.467407589566908 0.511506188413394 0.470561124242871 0.6292109875215898 0.49806274598520867 0.6122319296925163 0.5119601975857433 0.6044958701425962 0.48450223105861706 0.44559862177383386 0.44777341553132277 0.45566893132033814 
19.621007159283327 17.917661650908528 17.45709417390758 17.324399649608893 17.657292697408632 18.31478283265399 18.004805342458678 18.168090939912716 18.042977712307525 18.792887172607244 18.904031488861406 17.92450737677836 18.154600597800396 18.03682357659148 18.666003851303582 18.755141045003967 18.870828559725613 19.266075199631747 19.636585529282243 17.926687039024337 19.395041267747022 17.61878277312562 18.46001619631094 18.313992136586347 18.75248915494402 17.972109706115315 19.417948056989413 17.644090459936617 18.231111961521187 18.372110389898474 18.201531393974754 18.329745126903234 18.476819615895025 17.88596547886455 19.314221761084635 18.337045560936122 18.634099205755533 17.960198826776804 17.1872541044019 19.145086464758826 18.324387989725068 18.908952375473497 18.49797690953272 17.888296324908186 18.34542162930274 17.977810758291948 18.411581384326922 18.674347612938547 18.450328094218317 17.262989455171567 18.380961190940308 18.577568479927354 17.860353361259687 17.77317636826447 18.65789696406813 18.8356204959195 18.38928298855732 18.183470592726785 19.231745968505123 18.57659168053934 19.00642363694995 18.287114209435696 17.438038252584125 17.621425455468614 18.060781398490967 18.41044847340721 18.08593006174678 17.133382133704252 17.462573422825514 17.41279223415257 17.870188574596526 17.43428221412417 18.19598498572545 18.20681710835836 17.995723507209533 18.114074228144975 18.035636158186293 17.523528895917963 17.887115175415136 18.807693139878864 16.872213556370454 17.06398084959444 18.17855147446056 18.296006781652814 18.674822843965877 18.364401204772996 17.373027524656404 19.90619327678694 19.068128308685765 17.84063524848132 19.004693105779598 17.29528843305726 18.445350886882316 18.943131649737353 18.24547282006643 19.220569657244997 18.0534929020205 18.216306019980088 19.059542304515613 18.96716368356629 17.619511836274278 18.532966104428343 17.49774041441992 18.322306986777537 17.4322852964599 17.466549019511785 17.45748114553109 18.118222701359564 18.512937754580285 18.04326873853372 17.925968805147257 18.668472727549805 17.442271138544083 17.706597058463775 18.990104018389303 19.571590341374957 17.932071644108063 18.42092418860407 17.941635769712903 18.26032473513016 18.216486990621178 18.23986178171115 18.09808593765341 18.239409542875826 17.842724716634418 18.82880894894431 17.569650145948913 19.0883956587725 17.72784435543775 18.817192299887168 17.95366334112749 18.248855871427175 18.902331483179626 18.234146808066246 18.209197344173237 17.35528454507696 18.221283294103856 17.50344363858184 18.01485924706827 18.800893974782156 19.043952973806906 19.37578711883095 18.0487605696933 12.138044417300206 11.248214329012171 11.844050388954336 12.44745074803105 11.717988206332693 11.954816386052011 14.167478230738947 12.215385778740036 12.839308444378835 11.256601127687787 11.785994382176566 11.597684140687676 13.856762184049645 12.211369556513963 13.28976003561797 11.240931327408491 13.406571947702941 11.121520982872223 11.820010509145668 11.387629425404233 12.374845088899432 12.559369682173518 12.155089223865177 12.272323811969734 13.487657208532001 12.270681668359982 13.340389741013135 12.05763044753569 12.590301507082598 11.614634332993312 11.409070315186888 13.383973349953825 12.167203796802202 12.344860362968742 11.524863796784196 11.689708767936688 12.111654067776335 12.320970249471047 12.545655352284854 12.924224777826709 11.433234688530575 11.893996671356684 12.946726902478414 12.45006388835826 12.191214874629758 11.686730610511939 10.642731916034258 11.388757198819848 12.05277022773339 10.902313425849744 11.745637108108506 12.680781278166448 11.723531171562456 12.29704492450652 11.859707271225176 12.11741464441041 12.093021271198824 13.472801732184417 12.859621507357167 11.483496102186038 12.592393893695485 12.021820224811787 12.967084799837819 13.322147270573822 12.737647330756756 11.804010283769744 13.381953004168059 11.744275827391313 11.546768508935603 12.14156454849594 11.782045873707993 14.231778750064572 11.780980812270677 12.18533735863547 11.473893473148088 13.26177531055227 11.675608674761234 13.710801064824217 13.433011809902835 101.20877750140141 100.03718425434029 10.630117264752698 10.724617632241143 10.873337275375949 10.704234059966785 11.695586002452321 9.901398157680536 11.966967943913122 10.169392298901792 10.457531737557655 10.583071717354045 10.440245113994608 12.114868354593014 10.865161262674714 12.019725212511291 11.026115066979477 10.502666390325514 11.450018914867492 11.049688939480758 11.196879934035563 11.183600510110393 12.191907576543269 11.541203082403207 11.298420723769636 11.66377301580568 10.590932479173155 11.163591487728914 10.854938220488604 10.656344198273036 10.529830229073822 11.08931919271548 10.038591102774644 11.212315620687846 11.79180897186565 10.854945556963616 11.513156649875171 0.42467202125994385 0.4407945879429442 0.474242763290198 0.6255412797108816 0.38342348892423656 0.510384839971893 0.5556223234604148 0.43663080305649404 0.6199397197057476 0.4511274470850663 0.5055546487495578 0.42642369293600524 0.6640984550712625 0.4493447010100802 0.4139788961709861 0.4599269377823345 0.39773647137405266 0.4771909806369423 
19.154001192399427 17.466557154773575 17.018541550030942 16.85786675063992 17.218088821378466 17.857262318972708 17.54987252394037 17.71538519832823 17.584638851536344 18.344905432815036 18.457610254922894 17.47083400332203 17.683770791275386 17.577503833662057 18.21097687614309 18.30202204146718 18.416382650567435 18.815605965787903 19.19707711849227 17.496122642979017 18.93009142638767 17.173824559478994 17.999519686195164 17.865222392358383 18.302255856767747 17.50845511897397 18.97551698148195 17.182785406483248 17.770225187340912 17.91583161832372 17.740822924435605 17.872978202285 18.00444842610287 17.43717747290787 18.852781234962187 17.900828235944196 18.158091723187137 17.49059274826361 16.716163280619956 18.718186358472046 17.881175014234092 18.437825980583003 18.041719205656175 17.45640544972405 17.9075804330464 17.520379781430982 17.95088918051288 18.21324119754177 17.992003098075408 16.81283818865771 17.930152955048772 18.134109186562323 17.399851906191035 17.31757679858076 18.19026321572975 18.390825320755816 17.91169053448297 17.737427490957362 18.757550754575245 18.134506590970286 18.560045553203082 17.84086403491626 17.00439237380327 17.191311548271866 17.61857257816377 17.954717240843365 17.63235681131286 16.671983128301324 17.017463112885316 16.961256579539402 17.42483420901976 16.97664310519221 17.74430509422326 17.766239310296655 17.52132147682272 17.677283389390485 17.581105551300286 17.075035720601857 17.443336508978202 18.353047142223595 16.424654225484122 16.615517896603432 17.727144005071345 17.842070091268017 18.229840194644222 17.916330152587165 16.918627933353505 19.449860004134496 18.594050066649864 17.389146891069768 18.553174469594687 16.828145184461793 17.988385201282814 18.49482871644051 17.79467217478357 18.77843698314829 17.60178268019353 17.77696139305813 18.62402438850864 18.537393515487043 17.15131453843676 18.086419662215686 17.05285415562087 17.866644999165704 16.986873805797998 17.025832781310616 16.998045764190834 17.653257138652343 18.056715354785556 17.594356734232278 17.487237854194948 18.232499704097446 16.98262253703611 17.235857773830435 18.54650158218011 19.11084322147497 17.481758045170434 17.965512424277954 17.488998957598316 17.804164166387487 17.770829045573272 17.804263576072287 17.641995247850446 17.80224753948347 17.407365541290776 18.365119036518553 17.106587866005874 18.637971957242858 17.263147814532374 18.364290303694943 17.4886401899723 17.786427551064484 18.486497190620707 17.793741943543534 17.75511396305363 16.901509546549267 17.77705269388162 17.04927734480543 17.586450716316754 18.346635285883615 18.601142027670306 18.916839490458578 17.597530042118734 12.424841177671139 11.56683154598507 12.165701334047602 12.835531366158234 12.044938775005651 12.302478755880129 14.523818581067808 12.559665398307402 13.146640508328575 11.589079093270046 12.143762753802902 11.907389560845182 14.250364033639084 12.554979069807924 13.605078091366787 11.564848987737939 13.75155839918978 11.384466041808144 12.130808817196641 11.664286354272535 12.706872085636146 12.860703891744741 12.44849696435227 12.61498527678027 13.830043088858945 12.60187547050907 13.6819067858064 12.425173661617457 12.90061668450248 11.957070632830911 11.744291103294726 13.773783143988382 12.456456678200029 12.715987361662227 11.851960734487312 11.952648853561199 12.469572886991427 12.632664777150403 12.834750479864015 13.242267903717037 11.738628175405037 12.175363045305428 13.288657795858645 12.79541334483895 12.521294840124591 11.979242160523725 10.931558606737928 11.709241581657153 12.430162923189666 11.215528939506255 12.04474915667112 13.042961769678854 12.039500518431172 12.59630028660435 12.16470163875628 12.451162011150434 12.36014966654758 13.820093814757536 13.240389372584023 11.801364159594446 12.900596437417956 12.343598337882547 13.311129701333375 13.658259004293948 13.0432303379149 12.108767368404855 13.686326616854442 12.077600683196492 11.84702066022845 12.542825246592336 12.081643987567261 14.573138210578877 12.075813518135753 12.514838448882347 11.81992474907931 13.629650698321333 12.021194121824172 13.19110470018562 12.911941346995752 101.6085892500385 100.44896260031719 10.856377728509532 10.957655915417515 11.092828156685348 10.905823735281206 11.938907517894066 10.098569609581226 12.212366947035934 10.361990060068196 10.633347634128501 10.751543243041864 10.643888109505122 12.35069586893495 11.068039600398786 12.216215017199392 11.239298131027562 10.727801423040493 11.630331706189116 11.265715416696871 11.40143892660721 11.407208515667623 12.450183005667881 11.774117353279008 11.518546582717322 11.952632922886036 10.763603179445706 11.418226184441005 11.10850761322843 10.837886100811037 10.721629023193179 11.32396491591652 10.248441678262262 11.411882731209042 12.046170664479895 11.09485875174116 11.73029818876414 0.5561196482060615 0.5683938559272753 0.5733756908625798 0.7225124189112525 0.514917359454822 0.6519791556292689 0.697979136419451 0.552417083326462 0.7368247590715025 0.5458102151893418 0.5509046042483874 0.4802384723567046 0.850803844469928 0.5662575537591324 0.5525714059907316 0.5987068972904335 0.4971730726073353 0.5867190192170972 0.48681532213316486 
40.85651514134688 40.12361101896186 40.0491084225757 39.23906189557804 40.26454051383626 40.28400696574702 40.16993380958039 40.491576775639345 40.157504234978916 40.95301208612701 40.553991213617614 39.73681613085519 40.781072761341775 39.92000658487581 40.20302045888821 40.44138135296791 40.445429210707545 41.62341981589072 40.96004902002777 40.14794432860911 40.999265881705306 39.901967646132455 40.37774891920093 40.280062024145735 40.75226966920051 39.81604936354803 40.87083129667328 39.908087054837495 40.337257673937685 40.385227077665604 40.366928663608434 40.47256905950883 40.27178584298745 39.9134406388947 40.587761887159985 40.64665474269892 40.24981218705584 39.70383655910601 39.672706023690615 40.83796219648322 39.720743183525364 40.872490595949806 39.788455785101384 40.01721063509299 40.2334519055861 40.168234814468256 40.21353408377677 40.61163870922085 40.692059363126695 40.044625550773866 39.85506297164121 40.71378976136184 40.13042727573055 40.335782247921806 40.264992383215834 40.7355874371838 40.16933017429478 39.98972715570446 41.37831783242827 40.44770537122438 40.30371065414051 40.45580222043131 39.8628470423187 39.280801464756465 40.1015457958939 41.009169019347034 40.267542107220336 39.313935153960664 38.783745641161076 39.61781609527282 39.67220313709092 39.60141021567269 40.10978341902664 40.60923643298636 40.488838341598345 39.74639889358856 40.080737978996076 39.939659520960106 40.26332998573425 41.20256543924429 39.218054577626454 39.71502294298772 40.07532491211923 40.506697783142094 40.29847960344411 40.13536492791829 39.329104300933004 40.786998836104694 40.92025797536045 39.66126927641094 40.50831528381976 39.99932351322704 40.32141982658052 40.544716101872595 40.18021198933356 40.5462853684974 39.47361978355047 39.307386662207 40.906167725162476 40.8383138780014 39.88081367117027 40.2312419654256 39.931305119002445 40.07686369501646 39.88084188210445 40.01289875007008 39.558925095059834 39.8404406019389 40.19730645161326 40.30619537855867 40.29621848787141 40.910405249463764 39.74854443304194 39.8920548898323 40.909004937811616 40.85979185029437 39.76464910227426 40.10284243224268 39.75565628135237 40.06424366893394 40.00814033329633 39.792708801937906 40.324108001064715 40.36938372560554 40.034497682706004 40.36777850374655 40.061650487173964 40.50504621333978 39.7707616920227 40.6293080083887 39.794390673098334 40.35228120328218 40.363651455267664 40.18547829563969 40.24133479082881 39.94751660379478 39.88370445976498 39.9141884291183 40.54142567556709 40.42100909145783 40.57463737568896 40.7149407506706 40.2879352025778 16.664486293030794 15.475841537669448 16.73189812056408 14.924146316755637 15.595418137412473 15.09296566363307 16.552189320399478 15.94444613386704 17.090605573195504 14.651486844104765 14.928835187269316 15.794229559622433 15.928330876572426 15.960020874313722 17.867299642071835 15.105785184781418 16.557161446021123 17.206074514366655 15.487557068955013 16.97070031914763 16.013407762885272 17.171294517147007 16.934328046626263 15.790388044880975 16.861601033394976 16.69188918244553 16.35268547390374 15.470234243746578 17.02736717849861 15.436849148103244 15.531923759699174 15.401432795347235 16.664133223900315 15.319154606628508 15.307579770912863 17.23101151006148 15.465822661016368 16.154003612499185 17.133255686881764 17.124798977622778 15.388144993113862 16.946841899042344 16.169519306667993 16.26162763124707 15.454044792576639 16.101267815476724 16.032749098141768 15.475867461674438 14.366677340430805 15.717493844368228 16.263447896690607 15.635552033754086 16.125258836931877 16.74549318171549 17.048671785647215 15.632952392183524 17.73505996783569 16.925412625882036 15.514383379023307 16.26039475640248 16.74753813463866 16.092100337928372 16.064277776438217 16.2241561011871 17.293167140601238 16.649161423434172 17.844036201642318 15.431928559519445 16.170650040299417 13.762944784769365 15.914679877241708 16.8421652802499 16.249649219334515 15.879631621355955 15.549023838898234 15.589255229554631 15.12445494098006 37.755956542204146 37.44909924920183 86.32832966674785 84.797062608569 13.783534749555605 13.60454047027842 14.489852825936671 13.906537421412466 14.26849292183818 14.28354290451316 14.374984598238722 13.88660429294413 15.0751622565837 15.568041659268125 14.516039048523101 14.852542699473522 14.763970094142648 15.098138028284005 14.465345571573076 13.45167891184055 15.538211700124608 14.043819860062879 15.013773192774433 14.530185743022846 14.493651998376462 14.302475689740104 14.01764063783565 12.865515785449427 14.46781870824767 13.097609562400443 13.254320257314708 14.793397225091232 14.614461750192902 13.79276599500432 13.702188616156455 14.608479998432767 13.635507674171516 13.534694316241128 14.226441326336374 12.814095848472661 12.7584648963536 13.036666131903267 13.456971770637805 12.842595833803705 12.000970152082985 12.348237268284112 13.091150516325468 13.518472930778975 13.957352282322631 14.773879896134108 14.348850250655094 11.7048725354639 13.38210924642467 12.693739314998275 12.3222202145973 13.284664179936446 12.71320553566504 13.811591842436409 14.53496085534558 
40.589606495710015 39.85203331601449 39.77321321909296 38.971489418444776 39.98770182726479 40.020161576906446 39.89135592061875 40.2156954514513 39.8801934601362 40.67603298600104 40.274799110470106 39.46468774280339 40.51012208310988 39.649209565693646 39.92812059631827 40.16923047460707 40.1651120199397 41.34345706408465 40.68949088344682 39.86903339316613 40.73033322889665 39.62697934208676 40.10508751175598 40.007464572318646 40.4769085909705 39.54891070656296 40.603569457764976 39.63932350034224 40.063095596180204 40.11649956965469 40.09047348101508 40.19902628056971 40.00356712866013 39.63301517572061 40.31866200720777 40.375118109018665 39.988092899763586 39.43433172436954 39.40369007042295 40.55915681449729 39.45002838256574 40.59460453211501 39.52194487313216 39.74081448447788 39.96009121380275 39.89264473213198 39.940464137108094 40.34123040901107 40.4147700570642 39.7662903095194 39.58828816434727 40.440957117751594 39.85226002046329 40.06397929813449 39.99780430644359 40.45872929261645 39.90272326651163 39.71877295906785 41.10872955551262 40.1712798735006 40.03830342749457 40.18157025000582 39.58258740010254 39.01142310652683 39.82908101998267 40.734308685159846 40.00122338317282 39.043504952120124 38.512230086362145 39.343449719545326 39.40109934917729 39.331556238730954 39.83376828889764 40.32967394940939 40.218644467500276 39.472097829599754 39.80975087124476 39.66721596774565 39.99463965539574 40.92472352972605 38.949054773302784 39.44786803324476 39.799112156108706 40.234726140330665 40.03516706500923 39.86283914350995 39.06051795184786 40.521073720859896 40.6488892506809 39.390036527293546 40.23996154334169 39.72983260192996 40.046042019104824 40.28010005117644 39.9028653369377 40.2721403028977 39.20464385668724 39.04034749232513 40.63272128261322 40.5580069606556 39.613710496766046 39.95721410727653 39.6602380164417 39.80788928880188 39.6072956824141 39.73046443903425 39.287296218343656 39.57064317253875 39.930732540967725 40.02995457699945 40.02158131035518 40.6364577141017 39.47638648982276 39.621952620996574 40.63288253446911 40.589668957302045 39.48603096755984 39.82791966986665 39.485693646853434 39.79788703536351 39.73055744284653 39.510174655764445 40.04852620150326 40.09571881677951 39.76277104828137 40.098723999011064 39.78879018224532 40.23145708716377 39.503774192062814 40.35537866961232 39.52773241775877 40.077370203893786 40.09341821855371 39.91036837656765 39.96363325643434 39.67030141113874 39.608200748496714 39.641964865490685 40.25950090723087 40.152531715599274 40.30169482850346 40.448957134470966 40.00863006092952 16.559527875526385 15.372187132865156 16.620497981715083 14.83106807539018 15.489563605104685 14.990464916845983 16.451770114613428 15.843615012171512 16.985208188010187 14.549492288091109 14.825196424361497 15.686903356452435 15.825941990596775 15.856192603779759 17.750416814543993 14.999388380781786 16.454288499927223 17.090287562597222 15.378207471825638 16.858295375226632 15.912849139156691 17.061642963145015 16.818690089587356 15.682944444385996 16.756196260101976 16.583009757898257 16.25674278275773 15.374127871608856 16.912246500753557 15.335004303966013 15.421972145093347 15.300171277482946 16.550404983119286 15.225484421119049 15.20043998779835 17.117983325378624 15.366165379877295 16.04907762403555 17.02364557526438 17.01840953553015 15.281534335841439 16.83499250680819 16.075063800505546 16.161101784489546 15.351142003990045 15.982208983101806 15.927643439072893 15.370636627566654 14.26766413918753 15.61457731136761 16.152836080548077 15.530365509839145 16.025331597986444 16.63404426999803 16.936718363855586 15.533261606617879 17.621260358522527 16.815191005067174 15.409593264163153 16.15999649541182 16.64289209958359 15.983981502001887 15.963953920759351 16.114080932877823 17.179403982089028 16.54257932977475 17.73429752069699 15.324704870075678 16.05986978917977 13.671444393674662 15.805206397036823 16.733828543297218 16.14130673494133 15.775195070037563 15.453016271692826 15.483923557152357 15.01686191023269 37.57675956965804 37.26654496971319 87.17796513852545 85.64241651758147 13.716025334859063 13.54338235350934 14.423605233872399 13.840305521619534 14.20076291335764 14.209459626977601 14.311091264256554 13.815533003091788 15.000099943519407 15.49355615093659 14.448153802225397 14.784471230845405 14.693727790984564 15.024766489345792 14.399563263484533 13.38269319179173 15.465502993469647 13.974681716512176 14.951924962915005 14.463359584948828 14.436405763084093 14.23900176436188 13.957009142136805 12.818024166647778 14.400783906961534 13.039815597901676 13.19370825995112 14.729272240309948 14.54735407089615 13.72694408925038 13.640273098372974 14.545654848683288 13.571863357467358 13.469844583850625 14.16631981822403 12.659502731515392 12.604513470755908 12.87709906597194 13.298753071133628 12.687561882623628 11.848805738726327 12.196527561970376 12.928887099968222 13.35834355324583 13.800126048368789 14.607452221814034 14.188170991393006 11.557843974328662 13.218487648228306 12.535085936596476 12.17179058566903 13.124884047590191 12.557860817820272 13.64521856491428 14.367453232518852 0.11707590014942179 
40.8153899421328 40.092284646218125 40.01899113593925 39.21415239450913 40.235665939466614 40.25387552478795 40.13830629413864 40.458022804744715 40.12687905206728 40.91496209583025 40.51320084019068 39.705131857492894 40.75408169065703 39.88869984337161 40.16471614104644 40.40318232704495 40.40475226237203 41.58276475097439 40.913222231453716 40.11286455580246 40.96099279086478 39.871698761888254 40.34363057799302 40.24567300328442 40.714502848915814 39.78515776806315 40.827544449715546 39.881530881298886 40.30438287381786 40.351127870497365 40.33591197993651 40.43878970285323 40.24062193899404 39.87937062277468 40.54754783360106 40.610922406922576 40.22006777934223 39.673349428683295 39.650990004401635 40.79370712302264 39.68507472409557 40.83537964119288 39.75275249783136 39.984275433740265 40.19911990439359 40.13927881097319 40.1777970908763 40.57766277809673 40.659157091410705 40.01759429782972 39.81924813464024 40.67794338574348 40.100197797125595 40.30760937657673 40.231043888224015 40.69594316390336 40.13888748396248 39.95525948085514 41.343234084378814 40.40821355316444 40.26496031044277 40.42156545558359 39.83134972529931 39.24787503911198 40.0682564272486 40.975943643998605 40.237708371610324 39.29002984104041 38.75270656186484 39.58847933601468 39.64025598420835 39.576609761504976 40.07498478605726 40.57272959698278 40.46240579413331 39.70891253985952 40.04949559634924 39.91109016784843 40.23452272808306 41.16475876884721 39.194420811480356 39.692598150258846 40.04089654048611 40.47326532435239 40.26242049186579 40.10029455853823 39.30067261017246 40.741267182672956 40.88344809031401 39.63022891203581 40.468904871998554 39.978367232809326 40.28672473863649 40.50725846900064 40.145421342982864 40.50126998067242 39.439302875113924 39.271657928957026 40.86345574287075 40.79614955721367 39.85652607808561 40.195023989454604 39.904832579555986 40.042469730918526 39.85208995815342 39.98384108913474 39.532183277223226 39.80980935814402 40.161118233222375 40.27357589815592 40.26348044844685 40.87358605392043 39.721878105143766 39.865412252907426 40.86828561886608 40.81704076645737 39.73328310924074 40.06803010925407 39.723770147793864 40.03133717089881 39.97278406515099 39.755203483433945 40.29177846993546 40.334643969912385 40.00338392926272 40.3299689030638 40.034626262346265 40.46288753586102 39.74439141771135 40.593248060224134 39.76594934116649 40.32028392401852 40.32050403904056 40.15110304769732 40.20837799218379 39.920080474004415 39.84793399043349 39.88765827877864 40.50545612323593 40.38548885818816 40.534062932713326 40.67467411349762 40.255106364623764 16.636904206798313 15.451024379816836 16.70152596309596 14.889626403931155 15.566335961728768 15.060593149513812 16.50345162288442 15.91424886173538 17.055167764842665 14.62741612996703 14.891673469931442 15.76682669731352 15.879869596296157 15.927906703450365 17.82242040717476 15.078860642977409 16.510650053792666 17.18478342631537 15.452491204330478 16.946934008004618 15.978336356940966 17.136280909589694 16.901054957442017 15.756403629784828 16.815748384687044 16.656754497533722 16.316378474326072 15.439644983141951 16.98353727548383 15.40944118659328 15.50270293477115 15.353064003029125 16.626945175097926 15.28511862156789 15.271674094341387 17.203102382063243 15.435828904937473 16.118098709490084 17.100342158660453 17.09143004738047 15.35930237356417 16.91620720378315 16.133846924517275 16.230108909203047 15.419622919494604 16.065161067517575 16.016836148789853 15.44742293186672 14.329906617492385 15.69781716895437 16.230863976634325 15.594093004573413 16.09792480525576 16.707242425961603 17.017513283532352 15.602314029000713 17.707714311557343 16.879866682038667 15.471725164381422 16.23854146031548 16.717824922353408 16.056422773172713 16.02504464453124 16.174372702644646 17.256251387994844 16.621524592171255 17.802140419142166 15.399810168386455 16.14002300746703 13.724052036472067 15.884462308819192 16.791966199915745 16.2207151154923 15.849581439596149 15.529063645790357 15.544461246899171 15.086244840461907 37.870856206216516 37.560866312634865 86.57743329759994 85.04315635799428 13.806934805639646 13.630783968463538 14.51380588738698 13.930615892535327 14.286483954100552 14.313449162268164 14.388796636769069 13.917101857231973 15.101672745080732 15.596886315757587 14.542399681573787 14.866606788517439 14.791034026771197 15.112566607732019 14.492477473214237 13.473597890102063 15.560878859708993 14.062037816088555 15.041623599679612 14.55212870280179 14.510978678172611 14.321820190206687 14.036393237681926 12.88351067387367 14.495593621699506 13.116417220423852 13.27643963147138 14.82534711250174 14.645690881775668 13.81258399227371 13.735378426925227 14.631670002331635 13.64721112972363 13.556024997110725 14.245675365924862 12.929378050870053 12.870619575468794 13.144695154282212 13.569102261825611 12.954550688135374 12.110633901439705 12.459572370873099 13.201967829296596 13.635866381854019 14.077165435761271 14.889166594307545 14.464950404836703 11.815906909907053 13.496577543807136 12.803141856252164 12.43066280183555 13.398114125596614 12.825221501585487 13.925185801468587 14.652116560271303 0.14312127144098602 0.12145625531192844 
40.819944766636986 40.10937934756134 40.03812029358771 39.23097623437485 40.254384658410515 40.276073234871966 40.147890001212375 40.471462955038625 40.136481593260484 40.924734147001 40.515653703248226 39.71609051912073 40.77669815268688 39.901206987303674 40.168573505910786 40.41189629552091 40.40277774386861 41.591306748604474 40.91890059982305 40.123769426730135 40.97121166016119 39.88814844626046 40.354482818021935 40.25820377493731 40.72426561996669 39.79995596848743 40.839403534306165 39.90084799688088 40.316682901247425 40.36644143432604 40.34688231606474 40.452542483521206 40.253828836809674 39.8835393285607 40.55223754424326 40.63130845283943 40.23871284447872 39.681931207347404 39.67267386871055 40.79789326716374 39.69369014443598 40.83902992040973 39.762069826030285 39.99835460770617 40.21192497008517 40.15233907039949 40.18561776273221 40.59172632583993 40.66941238282186 40.03667002283714 39.83034102681262 40.69292242212518 40.110121120010135 40.32969635396976 40.242562557043165 40.70487550200999 40.15254350047761 39.96872287814603 41.3574326371827 40.415569936099075 40.27794885460743 40.43496287428827 39.84544403926973 39.262768302938504 40.083270548666206 40.9950579547947 40.25990621610846 39.30802689830773 38.75995140188429 39.603001341584246 39.65191005431982 39.595197691610004 40.08431342045896 40.58494171917849 40.48297845278348 39.71550600914854 40.06465664070812 39.93080710404178 40.25853351974469 41.17802405064417 39.21778612195699 39.72044349587195 40.04853208441698 40.48857523409954 40.27967346227972 40.1103977970646 39.317225966818015 40.744359232001486 40.89235418790788 39.64246994970303 40.47987136266624 40.00506639910155 40.29533367729837 40.524443638213924 40.153326264416926 40.50185123448559 39.44813842330605 39.28074331613962 40.8739800035173 40.80291977516829 39.87959333033376 40.20342126494416 39.927407094033754 40.0546366919064 39.871803011963614 39.99748269607552 39.5471493412237 39.82168763965239 40.17284344268486 40.28828618325298 40.281553263355505 40.89106661688649 39.739465346535354 39.88117132772023 40.87745152041436 40.82105879935292 39.738423764936066 40.07426789419458 39.73757032719814 40.0471426483619 39.97821260585183 39.75573457270023 40.30497183398097 40.34986210907859 40.022815202872856 40.337656104924285 40.053430575190156 40.46407624274717 39.76355067614585 40.60319328303534 39.78278143957786 40.33218363321418 40.33208780328729 40.16463998896994 40.21703784761045 39.93617528371482 39.85377119649156 39.90740007325772 40.51833624543021 40.39689527223299 40.54058736088969 40.68410789735174 40.26483393539617 16.69350935573638 15.511165755905616 16.758501892189205 14.94521874806398 15.61952237444309 15.10801423155407 16.54264194353396 15.970953260717783 17.109019733808037 14.678749302967782 14.939123588214638 15.819252200308599 15.918783012650097 15.981413939665437 17.869210292602112 15.131181955742454 16.554842597606612 17.247755887746386 15.493454189789826 17.008345966495483 16.032664633308176 17.190328306112143 16.949027364392407 15.804465468211383 16.860654743040975 16.71335212793702 16.36884223341162 15.502654834424199 17.029429842911355 15.467041946650127 15.556732803345879 15.390100722110285 16.672155291881598 15.343711489758938 15.318859923253177 17.2607426936536 15.492051794924746 16.16791551986135 17.151475812856592 17.146993408586862 15.406417839071711 16.96973634424143 16.189395391933672 16.289834818406145 15.465923522205095 16.10441218309726 16.087408513249372 15.502017778802117 14.37498703604393 15.765665871832255 16.28185314648075 15.636348813417364 16.162250461050235 16.753223400209905 17.07740500185184 15.657922958799253 17.76775703435841 16.92198991644132 15.514552816685825 16.308488650613075 16.772742764448545 16.107241221103358 16.074222228805937 16.205400053821926 17.304239644695404 16.683037920513723 17.850477231016182 15.448498965236064 16.193374219341717 13.769380118784124 15.931069249339368 16.824075651220507 16.274257694646348 15.900818770877866 15.598102460104307 15.581048325741046 15.133763182953748 38.01954804189805 37.70459848179892 87.23096945000255 85.69002425779969 13.886981144261359 13.7159805530854 14.600777237597145 14.00962523131457 14.361910523493771 14.399652497726953 14.464975965227346 13.99734559896643 15.186884464904788 15.68605235420589 14.631617494802779 14.942130933016683 14.876254298369272 15.180845557140815 14.57842217877881 13.548270949374443 15.641775251255828 14.136540813218936 15.13462810898397 14.636478325679866 14.595016292886804 14.403088889137873 14.117349433336186 12.966176788025694 14.578902363134674 13.195802472495236 13.357439877595185 14.9176763460701 14.734726109477451 13.889993466763888 13.827198423328781 14.716018094700178 13.717599335453375 13.634159479495876 14.325717600506081 13.039769165153592 12.980759369194281 13.24752364197552 13.677460927493618 13.06610538963804 12.21305065675512 12.567393912147345 13.305689695364569 13.747079134808773 14.196325436452236 15.000677480424486 14.578866235626279 11.925647257126593 13.604595729431976 12.908749699330766 12.539379657299644 13.50572386752585 12.929847712968071 14.03241821564499 14.761828475019971 0.11310322036892212 0.08781076584273734 0.1140515311671862 
40.71103381946914 39.96702696848611 39.88989825883022 39.06828699481857 40.12539569931759 40.13163139036543 40.02240950213135 40.33390861989873 40.007888521097165 40.81157993094663 40.40836699670955 39.58762528816696 40.61348973043515 39.765757842469604 40.05475035507564 40.28984371052935 40.30042436672398 41.47721019822738 40.820573263205716 40.01209804954137 40.85404917161137 39.745087324998245 40.22455197489003 40.13224887972412 40.603132337442545 39.648996741118715 40.722350501453775 39.75337942078456 40.17633749335385 40.2279874511908 40.21855718905948 40.31397806417434 40.114593674513124 39.76596735801702 40.440724483344795 40.49662051560634 40.084197054587115 39.54699437124852 39.50136799168022 40.710327966082254 39.57489863142684 40.71639909660848 39.63390666045658 39.87873696891904 40.10366779585233 40.0272903156447 40.04706024486882 40.45208843454904 40.552879587928906 39.87358757155961 39.70747699928446 40.57670392715151 39.977910384403 40.17160759970758 40.10611653537897 40.5864689342836 39.99814869139137 39.83806216031935 41.22467120518557 40.29804838791958 40.15610985423551 40.31614357816304 39.71216543082482 39.13993678100837 39.95784676868635 40.844096925584914 40.11187782604056 39.14779704383615 38.62583542928094 39.451495076156554 39.533492533499036 39.450078381586295 39.955364128129375 40.45391012140423 40.31646512285715 39.59844741315225 39.9228392707873 39.781364358429805 40.12209334864843 41.036655140072874 39.05242684402075 39.564147084851214 39.93063870506082 40.345060199171115 40.1603841764315 39.98752648555147 39.15776881787375 40.641563977395975 40.75560443505513 39.51504884737858 40.358793310105106 39.828919771569694 40.1669189069171 40.38947813123237 40.030012100131906 40.40538660863304 39.31943568546846 39.157332921983404 40.7616684661562 40.70691488281736 39.71444685173292 40.09579565202154 39.77698742113977 39.92177368293229 39.71680717628845 39.86669967303561 39.40182394229408 39.68189004161706 40.04509039828696 40.14812858365953 40.14792275240799 40.76844947079017 39.58853987398638 39.719690697067406 40.759695561528986 40.711905523250735 39.628682053851236 39.958627785885184 39.60025088111 39.90918963594437 39.868144569477444 39.65314974653218 40.165094209494704 40.22880989369987 39.89388779252278 40.21021303518296 39.891934752730684 40.36076260275324 39.61007693577826 40.4904139708568 39.635045567738764 40.19152332287406 40.241428667902895 40.03430347324396 40.09560497955432 39.787097478832735 39.74945864057227 39.75936140728922 40.402052976248896 40.286119325033646 40.44126974833852 40.56503604183816 40.13720845656038 16.700009386765384 15.501865448103661 16.763506155628875 14.972926036138274 15.62648409234122 15.139646738010601 16.61963588876017 15.981090984987523 17.13513439676523 14.692256508118826 14.968099582524777 15.825466857318448 15.9959648063873 16.001142600714566 17.923116747914776 15.122816317997888 16.609466377129955 17.22023312635521 15.526696919806474 16.995926305423012 16.04782241057085 17.209075818639214 16.975240224307875 15.837877650160912 16.91989725757312 16.7324403840654 16.400809525801353 15.505567851730106 17.06711834401095 15.471104982738709 15.557995474080721 15.465528829890777 16.699440447211845 15.358149386183491 15.341351913745166 17.25317425013782 15.515609763496993 16.198162716667117 17.179908836291403 17.164300733508924 15.417373885001933 16.971018799981465 16.219175616376557 16.298536850294084 15.493670996365818 16.14123098969011 16.045098882160413 15.497899138452523 14.408721140186548 15.735742950327351 16.289276142929577 15.687806358985513 16.144959484102554 16.785028781817573 17.07518999789331 15.676176453673715 17.76287812219582 16.98580083153015 15.56843695067042 16.284755124486225 16.795736454641876 16.12855704880585 16.10733403955441 16.274678331629765 17.345454223622237 16.67475041809455 17.887307509884888 15.474181037617582 16.204134699984778 13.811134528542432 15.951849685835423 16.9188234848128 16.282983368245887 15.929729976020283 15.58735396975742 15.64291607079614 15.153076311754354 37.597396050733515 37.28944469419449 87.05280230804496 85.51699059115896 13.786490384892543 13.602176953033203 14.489156773877905 13.903425941544107 14.28529204701934 14.282112008903818 14.394886397538814 13.877686010733704 15.070846496347231 15.558726394010902 14.505998050969772 14.877544989131632 14.76509893109339 15.116826364427283 14.464070008730213 13.459277272609178 15.537645940372187 14.0547925298023 15.008518800189933 14.537656779940674 14.514822356819684 14.308749057045564 14.012198450992242 12.892242363027242 14.45170908544977 13.096942608981786 13.261110531279503 14.776977464780757 14.608305328344844 13.794250275793187 13.687312911032711 14.60826501400106 13.656863480771996 13.540484286822844 14.232669391521268 12.622472100967627 12.564569224173974 12.850824824991848 13.26889072669752 12.656742081349469 11.817508821890128 12.155543866280768 12.909045952901273 13.318820708665964 13.758732922947514 14.580359964868853 14.155440842314182 11.522115694375529 13.190339020126137 12.518910245087524 12.141976576664769 13.101917158917038 12.520545577333344 13.621795290988572 14.339475531816184 0.10659197836044526 0.08304750805011156 0.11297439548253116 0.08183188580939003 
7.668287947019373 6.92963284363019 6.7446500664748115 7.3880012156996715 6.099585396994689 6.8841911104390885 6.652121894629282 7.227546162222542 7.234355630961559 6.943152591295292 7.224018736702163 6.787293731363468 7.362999411287763 7.021892452193876 7.091834165944701 7.37133276361741 7.3682409444809265 7.427600235786937 7.302939785058391 6.637396179871356 7.327168760218809 6.7483561571504245 7.219593728184732 7.014805392289304 7.203155552992123 7.884685287956605 7.492329512989764 6.904904359573894 7.3698823652604695 7.3821386297308225 7.0158916079746385 7.381042930299823 7.248191630362341 6.882030897753582 7.53011763638878 6.812499688690915 7.738612531437453 7.163124717205717 7.067460439909128 6.831406626887342 6.891832117519619 7.661379604326136 7.434342409612157 6.378266338609621 6.245045086135076 6.5510397405247 7.903977638607626 7.666292013982321 6.700136816729955 7.307978989202184 7.149001088566549 6.798832131619689 6.875602454138345 7.227867794108619 7.526064924927865 7.246885704026079 7.734019370515526 6.827784759045731 7.7327870220580985 7.1246741869540795 7.447805605994009 6.82158514575772 6.5165460293155935 6.580328979914352 6.541293223313947 7.293546414008567 7.146460913852667 7.1672576480231385 7.445982769836991 7.332042955261135 6.62796703080807 6.571985143254665 7.070868308156672 7.290106565435372 7.516696799316549 7.065256217598727 7.302479192635749 6.896403558096945 6.338586168319324 7.69624811582251 7.015644156291633 6.61430131355873 6.948903162266795 7.600751843383951 6.946266883605598 7.1201134763788305 7.4601268980146855 7.724209041808323 8.17326043806719 6.67471426389345 7.219217564236302 7.127707328047189 7.38635193578379 7.391303335814925 7.2042400430055675 7.231729196377943 7.218032286854964 7.134979060596896 7.190333987162456 6.697031438446898 7.01097808760429 6.670111320389031 6.710622561698381 7.280166669541284 7.158551947502895 6.371930227848115 6.807695815440744 7.343780145466564 7.206636096253754 6.993965260039888 6.775203381838024 6.823783526928734 6.844328337537904 7.543565695979731 7.356676602224281 7.694000518070535 6.372909980414717 6.914513712364384 6.97203361146096 7.293341184990653 6.759782138188169 6.551266047382929 7.331706887515256 6.643877475719948 6.580358960888324 7.5859340186105255 7.211793819276439 7.668499305780726 6.963523365889791 7.000258553692968 6.918029066885268 7.404655629715689 6.123592682584357 6.846006274621683 6.845757291866405 6.895494446797894 6.406584123443423 6.806532504604915 6.55574768135087 7.01526540805126 7.037881668564206 7.595455695716794 6.899109704868348 10.241003011262352 10.89436766584892 10.545305236657356 12.20637828822115 11.049502597985377 11.298922538764677 11.479413024057315 11.41203735378404 10.365530713006047 11.132805420928838 11.421244136982574 10.575133139382677 12.288842589139259 11.270779616661912 9.937756441140525 11.191139538368056 11.337860719532573 9.450872854915433 10.550710675498083 9.564412467298098 11.241826201170932 10.104505830970258 9.749859605273297 10.908108526899953 11.053151441645761 10.596318588129273 11.493484885075292 11.901939219153405 10.09354415404019 11.218514016851215 10.904955525858197 12.237819845195274 9.954523846214222 12.118775389842034 10.86408888889359 9.623401539641565 11.248714517745702 10.5948940257272 9.79065045011092 10.758478449327656 10.76295089961413 10.184613817627863 11.479742863502587 11.549370770123732 11.174565491539157 9.772049306795676 10.25262720727748 11.04791048970336 12.351389561156306 10.786674973056423 10.262369352364441 11.494936801826784 11.165704090922095 10.10409130029379 10.213293602149124 11.010444595338392 9.430714941560074 10.964659328045421 11.840147791062305 10.777191319256577 10.263495641197991 10.793350033138209 11.620586083479369 11.347474874937001 9.829364851397962 10.491173890874668 10.614258343409489 10.88648260406248 10.036254777254486 13.06152915122441 10.38253909445843 10.884598406723432 10.079503622391192 10.556272939975774 11.396538058760349 11.812903254111035 11.423778410778475 4.946250303131985 4.767204122337649 120.83028734398403 120.1589961252106 12.295297681437773 12.851383895500607 12.141402472863255 12.252813533343797 12.636273129032025 11.213258227536286 12.470037868107216 11.949885629004568 10.893731444565505 10.906683281353077 11.775882867485032 12.089354197311147 11.733070418448591 11.621334805484308 12.44665784834655 12.06716658483125 11.509367824982222 11.88709810288493 12.445675927303753 12.02591624753735 13.052480611303395 12.742333464376614 12.921192908520222 13.95467363996146 11.852740837222242 13.706921862446338 12.97998149395132 12.149289045738291 11.777207378246588 12.698278413530753 12.5957321432573 12.148959563341647 12.867492319631372 12.670316095151502 12.55408108079435 18.17654035724663 17.787344438638637 16.34411665206214 16.675577287420456 17.164280326832472 18.06164235556529 18.386816367835618 16.894205327948423 18.144641472168757 17.201975113324224 15.49617171728396 15.733165001779707 19.063753187356376 17.352314500043434 16.922322625572733 17.345539764522776 16.369877199743865 17.594251958795706 16.205116128147758 15.911085748704823 40.17737623848063 39.921066878371114 40.205873568531 40.28836063323127 40.188670332655775 
7.898577502899709 7.0368194252752225 6.781161171844148 7.509932636888016 6.183199017022939 7.062726131654258 6.785827932685482 7.3150292009398585 7.3548995545831275 7.069245122682794 7.392807301524595 6.935267703508566 7.478436678490202 7.167615591189268 7.2753118984532605 7.53448510998232 7.53118990003287 7.532996948088501 7.5037891402111905 6.7087947715816085 7.560128819172521 6.842392095024883 7.373679618018673 7.145869088385623 7.33961312716237 7.998604799315995 7.688074576740604 7.014185064842823 7.495730420887613 7.499486651139928 7.154600202608842 7.502104732574149 7.442580849945137 6.970357061754585 7.751984731668466 6.917477742016733 7.963235093465308 7.29936528992438 7.149225108578672 6.983320626522142 7.076267493364646 7.809073975463344 7.628052470182641 6.491271521141299 6.412592417329057 6.701190437412802 8.018328437064076 7.820189423439858 6.842138664127824 7.325820461181289 7.317864940895582 6.932801173309266 6.983600252164018 7.306598683526415 7.714875829003565 7.400038371661197 7.904796675086636 6.980457998159683 7.894959399036997 7.244584180480238 7.668807462097311 6.9376582315052815 6.5780260734216 6.710469553433824 6.672791817418131 7.387319431074521 7.269640612733591 7.260099239953601 7.581371045249491 7.398220367972661 6.759585389648097 6.700180677174594 7.21206819901809 7.3503493619473375 7.625200187617726 7.17451761032277 7.417531939966883 6.9710690920929625 6.464611350921498 7.7994464506508345 7.072230089217057 6.66735889270541 7.083804224030865 7.686280302512479 7.12443657818017 7.262242224097624 7.543612287173263 7.988164299532086 8.33065443635887 6.822003739892393 7.423170089719107 7.216289829133287 7.534778151962048 7.583324479649031 7.3346431854795044 7.40056070169158 7.378412754044343 7.32769737563007 7.323587099908629 6.859902420600216 7.157171026215773 6.852511509815761 6.796054332905805 7.423342461677831 7.211657139491321 6.453392148232055 6.92203404860152 7.514572748784872 7.348376108113999 7.106597707021989 6.864202339783448 6.953299727062838 6.94647274133128 7.639115307855271 7.498566667568812 7.919367440809998 6.529174572621949 7.091669080025145 7.11767111089008 7.43849831062282 6.9008333929967005 6.7219928280682595 7.438441696325872 6.7608168231935695 6.6921420245619885 7.759916097739199 7.289565628383115 7.818015706109011 7.1106656661248255 7.191095250120307 7.09399986007428 7.538199881224564 6.3094132085096675 6.99621671537402 6.9898041869370875 6.944969267421822 6.5723351160562995 6.901369234215657 6.612262857564126 7.21300467505012 7.223429897908801 7.816497487630842 7.005199204780799 10.532004053835802 11.117587105064079 10.693691885844661 12.462791734284101 11.284805466656119 11.54418106003438 11.854170083786663 11.62279091950576 10.66125402491312 11.37763843744886 11.636301102513563 10.808456159836481 12.59515029251365 11.483163379316467 10.222915586031952 11.399556571427242 11.624057463620936 9.623966155572912 10.806516991813426 9.769509279924577 11.497380787481152 10.379605664900678 10.000039823721263 11.172642108019096 11.34968768097648 10.817205337831107 11.826687862681288 12.11547462963442 10.353353252256875 11.416757924715098 11.103551772909746 12.514339671793453 10.222340031861469 12.349401812899194 11.069198477368053 9.854009612068225 11.49596968520602 10.892670416527267 10.087920277203226 11.047582177492608 10.978960014983487 10.396631079486996 11.770606557263037 11.778092355908292 11.44852677719997 10.025084913349206 10.4273910963473 11.246171388974972 12.593850003414236 10.957328899981645 10.492498956630115 11.735121198178671 11.372560242639434 10.337438658223013 10.398717283924213 11.296135366607006 9.688035751349377 11.249863912613806 12.090829447968435 10.967677612216555 10.574517641825592 11.027561333257564 11.916049212844047 11.635241816365735 10.10217841454461 10.70115822158806 10.865929059199157 11.122579507418513 10.273923530327616 13.29201424029162 10.635380636266357 11.28715176206466 10.3507605014879 10.834177549843135 11.58469824021151 12.127732281418428 11.642594856847625 5.1970096486822905 5.004041519523373 121.38668714914115 120.7085306879895 12.766869127717992 13.335095472220182 12.610173743263298 12.764729113410459 13.176249060192479 11.64361604072097 13.030901215049017 12.419501311569144 11.370102063512658 11.360977272840458 12.222740242075199 12.665158705065544 12.224299857234369 12.221192973428419 12.950174424394355 12.547734409579146 12.035470324130191 12.419731455844726 12.935073059408257 12.54231489999549 13.604473295018451 13.279160717754205 13.45044852658646 14.490389757296853 12.359361999472007 14.227926527561731 13.462312937024917 12.63358137898124 12.249168537588366 13.201834955188366 13.02943258693826 12.675534172764783 13.439673656055943 13.153992270549443 13.10513741568265 17.32447499314668 16.971356452271408 15.597540027380825 15.914347057857896 16.358592107995776 17.28028295777327 17.57659991555177 16.091793429556223 17.293353415711405 16.372587500263407 14.726914331822925 14.970892969741712 18.24520023746387 16.523583541343214 16.122177068561683 16.57343544716458 15.600519735322065 16.811398258736407 15.414926183015792 15.129132689962852 40.18680329928716 39.92320209029022 40.21997220717454 40.30686266584736 40.18807190818875 0.41629792127164 
7.464966156713064 6.6552073726142265 6.443560794369416 7.0728159654458045 5.8715113544497965 6.631340962468913 6.429357540252881 6.95348463593763 6.999496319323905 6.730572071154122 7.026729868267369 6.550824857873412 7.060583666327309 6.767860075019022 6.881457206465937 7.138003281353029 7.172451759125315 7.201981450645672 7.114752304044667 6.422356172338144 7.130841572326463 6.476274931383587 6.977520140327901 6.777067384484174 6.971650283323581 7.577643015332074 7.2704239831083 6.627825809633736 7.099758837346763 7.104143548491715 6.788621630504733 7.114063165580971 7.0003371224835975 6.645410939291652 7.325314177622455 6.5559170081258 7.4672542891476805 6.893018451721402 6.733700660233561 6.673613308205905 6.677904844808905 7.422188319257881 7.19201638078547 6.166475663450258 6.070695737370707 6.34475647550277 7.6130153497649165 7.403242403631413 6.4990844737097575 6.975508903885671 6.914507777942563 6.5914671711540835 6.627485282395846 6.922581713559199 7.270258809264328 7.0284881130167225 7.435595575545048 6.584974095929436 7.48483898553646 6.887966581015863 7.234882936438633 6.602980004324951 6.260685321902848 6.354322127556472 6.313265411499431 6.9997977378042595 6.868785852317141 6.85867440390657 7.184340685341514 7.023373203944231 6.409685854192268 6.313641271553328 6.829541847846423 7.02208155805321 7.1966338388654005 6.823467489766359 7.027602061011477 6.605974691313261 6.104224567739047 7.414309684955161 6.690197976019727 6.31928453910157 6.730358658614115 7.306345859532161 6.7317992602021 6.887294838859015 7.130881662422799 7.535559850773815 7.901336802147209 6.443471906183334 6.998958216099057 6.802383616162384 7.1465752498974755 7.141896114290422 6.9733376723273075 7.033478812470312 6.968294741496213 6.905955635694361 6.966624096739555 6.53800897423109 6.715164446934725 6.490468230765637 6.430763108231312 7.019585518899611 6.847973900140374 6.140643419970501 6.53339057720316 7.087994921496285 6.945725672976058 6.730710845466919 6.524154105894804 6.605254950140602 6.559149223002382 7.217658242553568 7.130921411904872 7.492436057357453 6.1893461403900405 6.711226812743042 6.713788409008411 7.027405011950215 6.559053662160894 6.3776097449058975 7.062520517970741 6.421689528168049 6.3517157407441145 7.332563802281245 6.892700022386192 7.452567438961577 6.682375034077386 6.815695181267008 6.651895995704032 7.140011029621049 5.9713845481131616 6.614846296860026 6.631042213266787 6.599449538968544 6.22539477643706 6.5325371265913175 6.332557898827828 6.830180219308442 6.864057365528594 7.375637420703905 6.659007825712478 10.205055708711331 10.807690231299329 10.455957024612395 12.175803876426485 10.986713722921428 11.275121305534231 11.562707479385692 11.340245797260998 10.358740202939481 11.090115371814559 11.371908484035712 10.511469190524714 12.354277143131592 11.219778656908957 9.987447508464212 11.080779337188664 11.349107672912513 9.329335721391878 10.524722667583024 9.479503041559243 11.18472024398198 10.081018048565282 9.736423450778698 10.90563830070745 11.090020840638973 10.560049565658712 11.492928783549631 11.822812532591485 10.087031380798942 11.138371432481849 10.82415770400832 12.2784999790663 9.932027105313392 12.05139488371802 10.801104601911113 9.543665490321542 11.226761558847622 10.591353179579745 9.796892601998216 10.738861584215085 10.68507358444151 10.101562136158995 11.463004486859196 11.487682684106982 11.144210805468735 9.769430083392324 10.105898320448071 10.943273732133315 12.313729413090561 10.652312528908109 10.19132945447815 11.492739307781147 11.045343692843444 10.07185997434772 10.128151011188734 10.986931922543592 9.37744053187505 11.01349353137905 11.849419337509026 10.660134851436876 10.269018151664028 10.751349050216897 11.605319445491912 11.372470787706373 9.852048522561022 10.400455304976726 10.595738905012805 10.858090801660682 9.98985934795997 13.020884302620674 10.347481116129543 11.021969031037754 10.038940282887054 10.554976493353927 11.307971902800718 11.848699505571288 11.359597556423202 4.429302151395474 4.251246060334185 120.35155128701322 119.67997798660485 12.145888645753475 12.678633571906802 11.976344115530422 12.100172767716344 12.555201538126578 11.045154028753863 12.396950342729587 11.771729321494831 10.7375902476539 10.7233817507637 11.57854754221472 12.044674969585438 11.588544437736012 11.579014689597571 12.293388973377825 11.937170945443299 11.378903059540923 11.788873263539744 12.26463345006932 11.905005393311106 12.963372662384847 12.621989475553084 12.760309544465056 13.856052665576382 11.660196412339985 13.554043842272245 12.832030023728432 11.939450245677342 11.595662972420465 12.556545513680373 12.367150088689527 11.999905672830968 12.806927253266771 12.52909651057549 12.429163747189701 17.168427592144678 16.787473821397672 15.403903271176343 15.718868396789643 16.1910161356247 17.10254610487312 17.390244697504976 15.948263255642624 17.12699821488604 16.18475701894047 14.534019324617384 14.761325059084552 18.083303349678825 16.373239545535885 15.989914159451342 16.39336044938583 15.426525228261369 16.61337815032263 15.249244778114342 14.941602853207534 39.74451091093588 39.49096870316251 39.78100433218863 39.87231129190616 39.7354430671942 0.4300898104429384 0.4197554658665953 
8.27354032175785 7.4844461251007495 7.266157912089157 7.964598211816203 6.616462743565788 7.4621733075909145 7.207630008232324 7.783767812305575 7.802571206717633 7.498508202074093 7.802947291967342 7.349202446433938 7.939838072717844 7.591218306319372 7.67359338426069 7.955566247302001 7.948747138615912 7.98759518229231 7.88938466583345 7.164920699892781 7.93451029746596 7.2940927432096725 7.798777757757648 7.575566539385232 7.770876512628484 8.473286771354738 8.08655615977307 7.460850532981365 7.94755301730218 7.95053443217781 7.5846864393725655 7.957144328934899 7.843502097994106 7.420527483259341 8.131893648419274 7.362998740898376 8.361470581121251 7.726497058625429 7.618872826332773 7.384647366937409 7.461866054808513 8.25008484772447 8.028869722501788 6.912247945096984 6.791210766173682 7.110342577424378 8.485895529602146 8.257684212611444 7.25707372885612 7.848440950066054 7.727009245321062 7.35639272365031 7.429271590287134 7.787414530079423 8.123430146327697 7.827141058443302 8.33322238231549 7.392459873753684 8.328446501956495 7.681794823771929 8.054474805013069 7.374351447123069 7.043484301453196 7.1300096658896654 7.089398908952544 7.857975860802004 7.7133852168637 7.728126772423221 8.021801337278463 7.887484518403802 7.174910546247201 7.121833623036237 7.643723607930174 7.840099321250129 8.093607137806002 7.612812244821798 7.868748181468176 7.441568434390353 6.882979311101132 8.276505839403882 7.559128272896937 7.142758338217325 7.512362758438714 8.162997484160172 7.520032471115341 7.684531978131588 8.022165883956976 8.343890406738778 8.783077695524408 7.233302421610736 7.812842812169763 7.690851244461456 7.9679548255727966 7.983550632969224 7.775079053176133 7.799427792187126 7.795973372336939 7.713110415604881 7.752650427586126 7.260043221511992 7.590632910686739 7.2389194478789385 7.248254146047812 7.853456469326138 7.704316167923354 6.90330520859394 7.360066329203163 7.934454522174554 7.771730172830612 7.555083599613606 7.321599150954512 7.380055263088748 7.399905690302292 8.108971821382056 7.931705108458837 8.305692980467695 6.918330439221672 7.48833359874972 7.540873463773769 7.870213738584455 7.313506579911712 7.1066198721109135 7.9021843564197205 7.18772007977758 7.125435913285773 8.178129921223777 7.769385333833988 8.244603994607973 7.534206443627097 7.584889603677061 7.496264915648669 7.985050862210466 6.664990525765936 7.410979554010039 7.4091545067590365 7.431039606787202 6.95869703091569 7.357306998556925 7.079844485779717 7.599335251823521 7.613705090017457 8.201284227650369 7.450680964695101 10.3954031940296 11.036123398249682 10.635542524746924 12.325204114350573 11.182107473757478 11.416817010875459 11.635301132973417 11.51507849852254 10.512626823454431 11.255927475178002 11.547836807429224 10.700386330888279 12.420138094271714 11.37845108972343 10.088765661144574 11.31820788851166 11.484516100829813 9.571120440535642 10.688956655979414 9.688934630805257 11.384626406070964 10.250459448182994 9.878533589305228 11.031135982101786 11.199801579518073 10.724926118389948 11.635941774666428 12.023782099710829 10.25272441745245 11.324571798567396 11.024437268149775 12.364558757809899 10.11091651379508 12.24401305415294 11.000918236355385 9.77511440479594 11.358835440510019 10.762131383179403 9.933521579644214 10.898071585425347 10.88687056499479 10.322093703646658 11.620143344298157 11.673705141056624 11.314374874524363 9.920210944946724 10.37803243133591 11.175514177473273 12.485635957675512 10.906368126871728 10.402030675554306 11.60999574297202 11.30575740442685 10.236510058306706 10.338324806244277 11.15466495819017 9.575250779169629 11.097175728104334 11.957551729012742 10.892086064142044 10.39904818002784 10.940574591525172 11.773682531103134 11.498004014125165 9.95687244180146 10.62041013654369 10.750211602556845 11.015635513109022 10.180826575013823 13.192018410656596 10.516799441165448 11.049913311922953 10.226191566496993 10.673222852961755 11.495926997861634 11.95258433083416 11.578848937168816 5.208399912144038 5.0346952845204616 120.87801560693772 120.21409990411934 12.48889865310073 13.05060160407493 12.33648316169049 12.477140512194033 12.839651004290618 11.395382776781327 12.6806560915127 12.147204742030986 11.099051496496699 11.097712621321314 11.970712076094642 12.30319173637525 11.927891150582854 11.855909985587296 12.654162413885649 12.258958272996074 11.72394162702109 12.10616199617052 12.654290041880001 12.23262465078869 13.254173895858564 12.963188160567325 13.159613711397427 14.155771438704155 12.07925134738413 13.938241579565082 13.169016507279762 12.365093947472031 11.969493487451684 12.90408861590986 12.789980480646372 12.371469664715253 13.094848787555739 12.863825614296273 12.781721236469915 18.15066944407582 17.780066400541248 16.3533946686058 16.679212161926188 17.14528268007322 18.05970283588864 18.382397582762103 16.8777662303024 18.122623665553757 17.187534940627923 15.509352104337138 15.747017560025707 19.037372025225988 17.33186504737592 16.89533288097736 17.34596695475227 16.359968862949646 17.601368297082214 16.194214155276484 15.910932111121186 40.34172135220558 40.084571514917066 40.372799846272734 40.4578059533481 40.35729970370165 0.46008608457224953 0.4702423835160399 0.5186488515968006 
7.453451403447853 6.691129417455659 6.476465420561019 7.168374016432664 5.907314453309031 6.663420841702671 6.478848030222598 6.9908757047975 7.078794204394798 6.733171993365229 7.0295252137810875 6.591728513776454 7.1381643366120455 6.813964891073603 6.891758054917555 7.1490447576905165 7.18900989060819 7.198732876268607 7.053504967954807 6.445723684807942 7.13946451749176 6.519946861018509 7.015103980288302 6.8012767282103415 6.979877723167732 7.649942589563405 7.230680111067384 6.699380453178201 7.151068845138261 7.129249601653961 6.854145317073833 7.157645968448076 7.052838990613832 6.682807901610943 7.322258428124533 6.552204649779745 7.532879843923452 6.942652948090313 6.831848531225492 6.635372511528463 6.685846680420848 7.463264887453002 7.214362368813806 6.186828628897352 6.07672714382925 6.4124658352136406 7.651835891650197 7.4459413470545535 6.540965608414305 7.0608603270385935 6.929226470733864 6.605030905403887 6.691962845066453 6.990436319411078 7.305100847006774 7.03459516328731 7.4940354389937065 6.5969553682922975 7.522685195291694 6.879679459114267 7.236947686900644 6.633197649146086 6.299741811366774 6.3786307835284894 6.329381641300157 7.030609941400973 6.914321016693366 6.960852902248761 7.255616634632575 7.094801058505691 6.444284691823214 6.388650172153908 6.8645833170716815 7.048459115115643 7.2795775449523425 6.825478464526395 7.077845570306041 6.663013968740758 6.140148674043114 7.435976772742608 6.779699891229838 6.4045468360356 6.770832562772048 7.3431830963519555 6.730625483396299 6.90951380352496 7.1963534043235535 7.492019257527201 7.946663168978939 6.485818800968321 6.987925874815403 6.915089536667016 7.191321521949647 7.132351770953652 7.018981507255052 6.986254878762269 6.999217596278985 6.913001684198923 6.92956964620139 6.51998998069604 6.802246495733025 6.506691471126862 6.488265511653044 7.044352211161006 6.9107672810459375 6.203985893013324 6.6035838301831635 7.153686634150449 6.944517246995049 6.769689236214945 6.556671837661273 6.6041195655484275 6.633997168615654 7.296605742906207 7.124362502756469 7.481631905629415 6.23509630082897 6.743542026444168 6.751221211212244 7.060679906048524 6.584958950647069 6.388116171821195 7.1202259220189825 6.431096013121636 6.388416392089808 7.343735532572429 6.967587081329385 7.445551883054005 6.750328901455116 6.845170217766784 6.703549621431791 7.200523359206487 5.895098684411685 6.635074030158662 6.678084693768869 6.672355046308105 6.2364575251497545 6.607925909198081 6.347184638140122 6.855845885454323 6.855870997867849 7.365003902014943 6.703740750964184 9.683409958443637 10.31372288144128 9.894031370937133 11.579430088613476 10.456523637209264 10.715305720454511 10.886855747683231 10.766640859931236 9.773519653458223 10.594760939797847 10.793484944623025 9.985855501069368 11.687715762791521 10.648344506032082 9.367628919334747 10.561503503924213 10.699425759508443 8.844885842778332 9.96962060681678 8.976871763814787 10.604375250607928 9.50411871344759 9.179419769626579 10.333971390335691 10.448141137310959 9.986458081657174 10.87707720384171 11.259784895716704 9.483125193967197 10.596473223228333 10.290795326531935 11.618227917271087 9.369156531710463 11.46400053263214 10.246519854844104 9.033708788285134 10.662896940697557 10.037260626115799 9.23438132269587 10.158907402012842 10.158536724456814 9.566905636567546 10.865494205038976 10.920359318290927 10.576602603604494 9.231793685268752 9.654254980867352 10.416095023729028 11.741932134120534 10.174110276803706 9.641779578402106 10.8717377664582 10.517295441712516 9.483808265230486 9.580077230826205 10.438775284048129 8.852116686667054 10.37166279241034 11.220153385685238 10.14717824469156 9.710467812632805 10.196660097747952 11.003494051502939 10.724877349048137 9.262335131252932 9.867864955456525 9.97126914438272 10.317366520192456 9.465239950960278 12.43326304095137 9.817033534536943 10.360224103151104 9.511646813597478 9.993941269194686 10.806034989529692 11.21016696117856 10.803155366691186 4.909385988932827 4.729041395244722 120.69508683307869 120.02448998063254 11.915055086527131 12.455566844376953 11.736290101404332 11.890374701447865 12.283110395420893 10.861394690901587 12.087168356592416 11.594287198257266 10.531672732673078 10.514051670355975 11.355472963226198 11.74343713248956 11.370058329336079 11.303495065415067 12.081694390431966 11.701217467453379 11.137943458883843 11.537559650607557 12.04646529036307 11.655179237176855 12.659198497462604 12.362325825985844 12.508323785287633 13.568017339370206 11.463675409765942 13.306859571649046 12.578091796044061 11.757976128000813 11.400171888087067 12.299360181121687 12.194781194163616 11.762781047087058 12.51021366055367 12.2798633508752 12.167095962033548 17.890464070173557 17.488682394593685 16.080395033510104 16.416817645564127 16.875905318142838 17.7968538432003 18.091033689411894 16.646784701246304 17.866351975929327 16.926571356174158 15.266015830456215 15.48963053690567 18.76335573406139 17.095313199797072 16.664156539587932 17.066650244419385 16.128753264300034 17.326755220506946 15.96003813688182 15.680466623784934 39.73023047857264 39.47523944299881 39.7546170563658 39.837130628810314 39.73241384319741 0.4117846857503007 0.43516784586721285 0.4391060425279127 0.5007434856369886 
7.14741328400982 6.388606816186184 6.184715048873678 6.8218847269866245 5.606367552244474 6.383405875006274 6.151351290534487 6.668245244436591 6.702896667753843 6.4243308543191935 6.723992057657773 6.271993216395369 6.815575454167406 6.491182021852737 6.584946472971472 6.841791513144542 6.846157211035767 6.885314942042485 6.799959020910953 6.110477084873401 6.840952668328622 6.220403132857295 6.690909929654287 6.488538597827749 6.676507214950509 7.288113545558643 6.981103655905069 6.357247027311861 6.821233285006004 6.8154370885713496 6.501602595277298 6.8322983929406105 6.732483312072268 6.335972644416417 7.0193501068925865 6.289659484845144 7.2205066984384345 6.598606991459622 6.493377779016461 6.349656805949591 6.403200442646902 7.10811892181941 6.907581185618801 5.892503392259768 5.789226185475921 6.066135668954497 7.315342282314697 7.125963293229352 6.200627357772766 6.717724485397445 6.61802854183938 6.291871445268083 6.341619519112257 6.66618449893942 6.992325183639896 6.7382328189368685 7.174828545649982 6.319345331711555 7.182855828673832 6.588925115804212 6.955879583074658 6.2990091079410275 5.993027580443108 6.073669669814869 6.039139518205084 6.742897889448112 6.6056591811163985 6.603399005872049 6.901290421489699 6.75082928213417 6.111332979173691 6.059995832564903 6.5504041444727195 6.725733293197402 6.94798430107302 6.5200491561860465 6.751383682981267 6.343226421528349 5.846988847614052 7.137174359038895 6.444144060408173 6.057662732306055 6.427156338350504 7.019849826226221 6.437328904116827 6.596236299788066 6.869389747966296 7.225750401067089 7.596595660236027 6.164147147831749 6.71783664832194 6.576198071782001 6.858600288793819 6.881780055909674 6.67747428260044 6.707161534304993 6.681430631791102 6.6366259214888155 6.663448709457013 6.235912848829825 6.486563413916286 6.194424336429837 6.18390688488973 6.732384534707781 6.587061331728883 5.876084251136862 6.27001049995442 6.815955798625488 6.646610178078916 6.470362087306533 6.2486188583938365 6.329168984673073 6.300108564210905 6.956309497677797 6.834930470670423 7.180209741563361 5.8995438644967635 6.4191814929055555 6.44627982720954 6.745449732739618 6.256549924595944 6.096344617491589 6.781602035858751 6.137748979385234 6.078367836965384 7.03436811556711 6.638976086647336 7.112139240162611 6.435458580887443 6.521438372110124 6.40595908442053 6.86552115617736 5.680960373398491 6.360677208934334 6.344016833937518 6.32882767447485 5.92556207621598 6.270670098885464 6.03387686567561 6.523227972075818 6.547644314627393 7.081223467169579 6.37423908031174 10.236062127794948 10.85756954075416 10.479371571464627 12.214105709162427 11.024814082334052 11.280876023960237 11.536464959279995 11.38010481002545 10.373686564481693 11.117625177447195 11.368905708879335 10.543879658480554 12.329452137957198 11.240679901199142 9.962030865550778 11.136232113968582 11.315620650165467 9.386161493713045 10.504149815084876 9.524615408740011 11.206951490278673 10.104186278831843 9.739991552504105 10.926865147900804 11.05725643198728 10.578905603452965 11.529444250489336 11.878349927812588 10.065362414638637 11.180495299329873 10.875501167525963 12.232430695087674 9.918004731040854 12.0865590398108 10.78137003808474 9.566596361118302 11.263984138093706 10.582688632305196 9.803064498568597 10.785778051109562 10.687234631329543 10.111927775530889 11.473172117537068 11.530669945684794 11.151381927378415 9.739184841002874 10.190513892280672 10.97780645716373 12.316515702963105 10.724016139807532 10.209722818887792 11.471271215492585 11.09667169096245 10.043846761404739 10.159713686315063 11.01998185649068 9.425516648522034 10.985873340949993 11.843000642702107 10.736114694571775 10.30702796108135 10.748105244662636 11.615475027171929 11.307073847558483 9.845586951059548 10.446776277976696 10.570680851766781 10.86299276740517 10.003523733856136 13.00130545975717 10.348687487571391 10.970980206172907 10.06948065527375 10.583083591229013 11.373327483771746 11.842603988532124 11.360798295867156 4.857363074783173 4.654495790589722 119.08387564767317 118.40704366566715 12.373927582618714 12.934015129280183 12.222932350569181 12.324301005782296 12.784940332620744 11.283740568938736 12.617097370930829 12.017800843192521 10.976166516816189 10.976897398006468 11.833251455991086 12.262280436191997 11.844057174266958 11.774169471352357 12.553585939457768 12.146568313210746 11.617073371675136 11.994403769904546 12.52893147141578 12.152110047366108 13.204245517632181 12.861997990551156 12.990080710725236 14.070043721808478 11.907451536989251 13.7876498565526 13.068225827025884 12.212857440640178 11.858093327319821 12.791111399466546 12.633590890349694 12.234152072169119 13.00486476130049 12.754768348938226 12.650420280058972 17.419485496758774 17.045776978737234 15.644357419825637 15.97638224335298 16.456534232425998 17.337447106157832 17.645773230025362 16.1851688263601 17.402242716479897 16.471193755282545 14.784685418785928 15.01781438567351 18.355011474609697 16.63941752114957 16.232045785058553 16.636056720291343 15.681511957865588 16.854732797895974 15.5131516910872 15.20652066877246 39.65399341929642 39.403434843997665 39.68543880357604 39.7720759133802 39.656809977590285 0.46092260677942626 0.460200750630366 0.46604363609685495 0.5558489836793705 0.4769221321663969 
8.057359915645414 7.269580035302333 7.053987165129077 7.728649888791226 6.450621536407013 7.234368331700449 7.033172849691546 7.58060764560826 7.638840191016581 7.322330303028335 7.62391861554689 7.153235227585945 7.712013335292564 7.382720115840386 7.4770602318830175 7.749273429240552 7.779981974595157 7.808333796813543 7.682042646389452 7.018688121203048 7.730871905825223 7.0888208504131764 7.596621025902454 7.381688330268043 7.575296553785921 8.245788104990572 7.858483801713606 7.2561170669726724 7.7373943078509395 7.726846849587762 7.412934415299877 7.750028931819337 7.622519098792605 7.249565005529381 7.920824819053822 7.152079445432087 8.113074861279312 7.507067286278997 7.380097367178475 7.234376886228639 7.258603428322908 8.056907353596124 7.804337168751603 6.745825390682087 6.6298664175785476 6.951693665604081 8.258607085942687 8.040097712764647 7.0977970594068935 7.6389068078045055 7.517685781274384 7.18701957206918 7.249043612238088 7.570406501353039 7.892380832662427 7.63773085913432 8.07801444618902 7.177673280211181 8.12045591948107 7.481689690872481 7.840382440207738 7.208452825144241 6.865894467688001 6.947613149935754 6.898643211123871 7.6303676240372935 7.49421898139588 7.513286240772688 7.824113055976115 7.6746378779305475 7.001468343637308 6.924426262627349 7.446539299707655 7.652792947100096 7.8541314520710745 7.416149833699258 7.657727024931333 7.23436185883923 6.695855586395539 8.056081248083963 7.339514251904886 6.950779097541632 7.341797770320084 7.942922134478943 7.319565190953061 7.489736989132508 7.779408738210227 8.11594130631339 8.560097533515687 7.04303879257641 7.591377991921435 7.46512934028839 7.774309405834478 7.740407046418235 7.5981596095539965 7.599635934994223 7.581446297489191 7.493023280428073 7.549818437286495 7.111434151346552 7.357250125064184 7.073442749330345 7.043901082238841 7.6338088040863825 7.491353315639073 6.748315476061228 7.153012876846807 7.722967173974874 7.5413567803699255 7.349972901213638 7.137280100790871 7.195639921387283 7.191161360749808 7.8670842950285085 7.735477628146098 8.095546751886415 6.767047560372301 7.308587891055539 7.325241624562496 7.648771913245311 7.1492402838793 6.946218267251804 7.704337121632739 7.007678972387055 6.952942649109519 7.947873058842731 7.5403305324206995 8.055522263091026 7.306135196759736 7.418476538790485 7.262813468397891 7.779859888348379 6.485599439663667 7.211509364728623 7.238675729308291 7.234477275649336 6.7945481113637545 7.16329267940647 6.928537050410078 7.428595203616031 7.446003602007895 7.974471042837164 7.2718508244330655 10.091036679843407 10.72875931267136 10.32682583981521 12.018839866244216 10.87603887175061 11.132487954818528 11.353195002450216 11.191954399230488 10.210532347912022 10.977251625189393 11.250923926127205 10.392711100914237 12.158203000103311 11.077026210147448 9.835797015297711 10.981472158655468 11.186295503219428 9.24694773388818 10.399718564717533 9.379964025523883 11.058607906447817 9.944281604020537 9.59786003693663 10.751947402363463 10.923483471645303 10.43588345630444 11.310713288917672 11.703472154184803 9.966006090011168 11.01259966320547 10.7154866067639 12.096439518059258 9.817099768455664 11.91898450558906 10.704851676594489 9.460798493064882 11.072192862236053 10.480665557915371 9.648846537921758 10.586548064899368 10.574781033142624 10.003897680476364 11.310207780997878 11.35871658846405 11.008599237792904 9.661484618536553 10.045738248333022 10.847953132680832 12.192267385768556 10.580055572654446 10.082114747235346 11.327261428967093 10.961049776092846 9.938131617210253 10.025774438410778 10.858072365189043 9.2639538181354 10.83446495482451 11.679035709063674 10.558226902304968 10.107398237557522 10.650642872677064 11.46304672488538 11.212923837002782 9.688551610425536 10.296468202995928 10.442984160974932 10.739771214489199 9.892370225037457 12.89994853205575 10.226890200007247 10.811674453188491 9.92390598742994 10.389615248245025 11.195793395210336 11.66574363531455 11.278811229888904 4.759334080238643 4.594779961852478 120.57895110268639 119.92103439558151 12.090223631173478 12.627595696477707 11.91974001752898 12.067213772019054 12.459002476714023 11.011671186194441 12.285180184074282 11.738071393363798 10.697091026188948 10.674940188513666 11.538439313164153 11.930059073387476 11.524585136891336 11.483075306195145 12.243065996579162 11.872321521600123 11.309766658282516 11.72272534711673 12.221294911742925 11.832812002301663 12.849562893196364 12.55434130009139 12.722085429655056 13.762746125948953 11.634716371898785 13.516821749530775 12.759497743100685 11.919376959309005 11.547799040899458 12.489217377730556 12.354854801649598 11.946301173675 12.716530575101855 12.461373527473816 12.361325391911036 17.91258889365069 17.5265419754091 16.11220706183012 16.436108611141595 16.90301381215151 17.828669720769643 18.131445733924195 16.664617557373557 17.878847406583922 16.93334959814832 15.274655085193722 15.499483160115307 18.797844251137526 17.10716098852185 16.68499501756137 17.10915276061941 16.132708448574135 17.355406408794472 15.966336802704694 15.675320507093891 40.05875836661385 39.806002999238785 40.09134819640236 40.179434621603 40.063376814195784 0.47924670202627895 0.4982058492650278 0.5011453162634854 0.5522769635359254 0.48466494951319633 0.558014633967345 
6.699869610550241 6.046538586846766 5.888809187205328 6.47050353316669 5.318554026257993 5.996365380426755 5.815181375689352 6.341016757558862 6.392954688376698 6.080605797770977 6.341661634321796 5.912808918051223 6.475062018640662 6.126844357092566 6.1842234822534055 6.4544216466969235 6.4720192800582295 6.546838636134186 6.3670169993389125 5.833204165867612 6.4145688818616495 5.894355070154513 6.321202407066734 6.139515827465354 6.313074033058201 6.940746509783057 6.550377182047457 6.035200050511649 6.467382568131971 6.455803270325115 6.171818754907758 6.484646413457558 6.330862295304949 6.019485747074676 6.583299479270127 5.947684975217855 6.792852803969217 6.225742127503866 6.169217071270134 5.994401538496507 6.005718965505411 6.736954773744283 6.493291062985167 5.577560567738665 5.440038899851578 5.743939430309253 6.945941339043469 6.751186312546811 5.870789650399087 6.447989903945885 6.231916357192052 5.962039098321129 6.020675566569733 6.355153929854526 6.580132281865767 6.36837132274205 6.76233894923988 5.9389959766560425 6.80821805767466 6.2244278968535305 6.53514424155492 5.984297965034352 5.703538280499912 5.742101422807227 5.693965383163606 6.397873334384588 6.2627635719179295 6.289409643272714 6.5544872061854145 6.440937333230074 5.781228246011287 5.731820522804026 6.189278245265232 6.423370886679741 6.600850146827046 6.168477845347657 6.409344236851526 6.036657333262466 5.527519368749124 6.781041276266084 6.154660426416206 5.798089288147561 6.090594391845861 6.684584241042404 6.059153047667255 6.236071528968559 6.528265106686351 6.73951525854945 7.207330468348668 5.812894842758785 6.292185239730772 6.27024371888125 6.497579367328694 6.457043197966312 6.340120308063391 6.294179086459874 6.296467843210826 6.223597107239473 6.287528614471605 5.8834810272832 6.128266127382585 5.828867154854676 5.877896859933237 6.355833001931459 6.2907276510235395 5.596774272954956 5.935192315337546 6.438863754151948 6.2551245691374895 6.128602657440396 5.943219633994464 5.989463516545776 5.976152665446293 6.607791655028271 6.463606378103717 6.739677103902097 5.561571343574503 6.0451147166212165 6.0769351421871445 6.375016445201803 5.913951254450322 5.726393100595473 6.452414538171484 5.808789857858026 5.773574191093591 6.619643090092886 6.314333559025653 6.731530327479065 6.070527397686105 6.155448875087219 6.011412872390181 6.5124594452927695 5.2858263189718135 5.995436804354678 6.003754781786225 6.042343724654856 5.565340172929261 5.967030882193434 5.760387253452672 6.153095888866899 6.170490378339892 6.639316197935055 6.050564727344977 9.793957343958322 10.473006019181954 10.110725328566986 11.790723056011718 10.613935394156565 10.870109552185447 11.007499144793726 10.967210773205592 9.911646069207404 10.733216276045365 10.962860222143615 10.12924897138435 11.865674177978415 10.83937457962339 9.52281528290417 10.717761014167335 10.839105282026594 9.008776583129443 10.066700801800776 9.136860796185381 10.758775330452105 9.650847985465054 9.315159852675047 10.502481519482231 10.593598825722534 10.182200500263042 11.02506536785077 11.484726135063337 9.618079470315838 10.793962051382712 10.483772655950464 11.78123715128533 9.467779538269976 11.66774795181449 10.382213441125284 9.150206602150924 10.86356715801475 10.141611963877969 9.35163214564096 10.324654805714577 10.272077936817912 9.694428766207976 11.017899973753376 11.12043474813305 10.699409406901314 9.323262410937712 9.835180512630192 10.574194346326209 11.901064872035812 10.369912540794772 9.77554571507675 11.041564992242561 10.689254042848784 9.607075413191325 9.77130792807293 10.588763412944667 8.993707257093616 10.534140588027094 11.411947118287472 10.358405483928294 9.852927125646877 10.339758730440046 11.144655450107699 10.818062085985497 9.410566613479153 10.043375650635477 10.110077504130352 10.467564127021728 9.600997047109523 12.598156435152262 9.92495958182734 10.4488235886433 9.634723670330226 10.153255931769163 11.032891508579251 11.35241835325532 10.953309940302898 4.560623574621991 4.364846171965313 120.07460188059963 119.39818399399235 11.867846547033881 12.41434834503594 11.710127567455572 11.786580619395366 12.236273356031557 10.828251154071234 12.036477866389358 11.512392262753279 10.466569900184142 10.466763489544677 11.325669843681236 11.688501948084792 11.327071276664903 11.174894846428696 12.030170803594192 11.635043188650696 11.053260682264403 11.448255213602165 12.00486182399415 11.618130665284978 12.639109184119144 12.305011601165456 12.41639910022755 13.53764562477538 11.349100629892884 13.23835902594052 12.549317231111688 11.68630343145086 11.349457765198858 12.243692481745995 12.153916942526733 11.675733784589296 12.429590589683055 12.23397004257341 12.07245235374772 18.105072031137112 17.690606753584003 16.232374953658315 16.58553730655661 17.10093978752996 17.970375936579675 18.289647224706005 16.838366066407666 18.083355840885922 17.139873910908513 15.407158262985789 15.632175656605149 19.018863035875178 17.31111590693154 16.88700437938869 17.26163501786473 16.307820958553805 17.47816669150825 16.148493326823658 15.836132380403845 39.54951636448636 39.298327085575764 39.572438068580986 39.64805708277309 39.5486705280429 0.4308494911563488 0.5229489145234772 0.46851356224448804 0.5617473422688732 0.42647030855828794 0.4743179132818273 0.533013599115081 
7.652648603047468 6.87678807477138 6.6675796601829935 7.303995801160381 6.055068099286999 6.871539908761135 6.603172513040463 7.165497316936442 7.175179894243877 6.912342431762253 7.200031037066409 6.737040929705367 7.313502489695385 6.9688166019758855 7.05880349924751 7.3414852545553195 7.323257729957372 7.3927010929309915 7.31268064208143 6.586447736949357 7.335017525256134 6.691617199053619 7.178691871465938 6.974353779982355 7.169527992266125 7.811551578114671 7.502418462560225 6.840545054585746 7.315640101027662 7.32886979156034 6.9695778782013 7.334675125141371 7.214004649619398 6.798257247387958 7.514080865721897 6.793850600873311 7.7225030567838076 7.075928997325942 6.969304273740021 6.829443992588992 6.8655461158204485 7.604064151405907 7.400904226730429 6.34710123976928 6.238080294352223 6.51527913708852 7.828256757383053 7.631640742431082 6.663537704173023 7.2117393108114225 7.11498102884772 6.783835323274712 6.80482925298189 7.168543660326053 7.488786517962955 7.232384689366985 7.673298062437094 6.796740215182684 7.703537691792951 7.080403315362952 7.461020881785943 6.786256349426419 6.454632514316409 6.548196994598583 6.510003401676901 7.2497596497006285 7.1093516728592565 7.079697466152359 7.373553639002619 7.243896907952798 6.578592560414153 6.513429820736633 7.028354617434677 7.232192190728143 7.447155936525935 7.003574989528037 7.244980592419552 6.831132105777579 6.321289889187113 7.65668710875152 6.9305313112828 6.544753955092449 6.900857936984954 7.534442680159137 6.942957551070782 7.077851747976244 7.369307929597376 7.73707028449103 8.124919547546176 6.627899538394535 7.21672950380466 7.058727668743989 7.342903957735035 7.391626197031354 7.157209757165839 7.201253819871986 7.166539953087012 7.1071610814396955 7.175233884724709 6.707617476295357 6.964418622845089 6.657425999746033 6.655524999612226 7.2306330443923885 7.083643081102203 6.3177335147466955 6.732679780468009 7.296587795866502 7.152983376033612 6.949874822513241 6.738262080972411 6.821153221196162 6.774235032809276 7.446690630753565 7.337759637249992 7.688678023401427 6.3232742347511115 6.879796111156201 6.925715780341175 7.250690654963007 6.71409381045914 6.521343358058144 7.275673235748986 6.616728891169203 6.555503480934767 7.54169547675838 7.129660545159899 7.619595631133908 6.90961839294409 6.996761316514984 6.875607383106185 7.3520565618964175 6.149718278430075 6.826565504051593 6.803568683507829 6.804884325123518 6.374592984935446 6.7467435078110345 6.5124225836059795 7.009244430094413 7.033403267800725 7.5915672330555735 6.840925800754632 10.391436030666267 11.0213601668398 10.64630805610652 12.372269459970342 11.174298385091515 11.4222901671589 11.697939575715555 11.53375784046086 10.54211007746322 11.239578239136339 11.547765899915595 10.684795138037904 12.488168551131782 11.396866748153329 10.145512621825157 11.281611675102312 11.516630234007716 9.543704226113952 10.659281473287198 9.680316398189442 11.391977552756886 10.272853938649 9.884612442461021 11.058377101810164 11.247200842582583 10.759218456356447 11.678518687366969 12.05667390519969 10.2672050705949 11.331731761146601 11.021869064755624 12.40720450599657 10.094627216797013 12.272107010267659 10.975032633797815 9.747984627469586 11.400707229997506 10.764589848628535 9.952013070949578 10.934369364527681 10.841229365996305 10.293557171113045 11.65402052496867 11.702086793688414 11.306228585831338 9.89314624512761 10.350857641983547 11.146915724269563 12.482629524910859 10.890461687893803 10.381380819329268 11.634604847702182 11.293464459204515 10.229145707053425 10.346250857898363 11.174228756465435 9.581381703141572 11.151705187032762 11.999726407266998 10.90357343145047 10.43424347462222 10.93706894280241 11.79364619867301 11.494135211518048 9.993586820959202 10.620901715756403 10.76906495199756 11.01490465757915 10.17192783739086 13.191042292344042 10.492591168108552 11.112443327815058 10.219174696282629 10.702457265260893 11.521896323090925 11.983910773020309 11.559708428299334 4.773404927389249 4.584000141649558 121.18581873584047 120.50620681879718 12.364696512033488 12.926032133580696 12.227953925867606 12.325735037052157 12.754045942411553 11.267067147786022 12.608012506707182 11.985642552402417 10.970950067029177 10.970611892073832 11.844598946298154 12.241138120132407 11.81756401237494 11.749723538205098 12.53624504331377 12.12847417506134 11.603919698541072 11.988714344665036 12.540070615826918 12.14196766193436 13.198011127374963 12.862021898187102 13.021974831512004 14.081276404189836 11.910368039777314 13.808044665175665 13.059437064433062 12.216408285382085 11.83896747091613 12.783376084004937 12.636628721848968 12.245416021209362 13.002703748889145 12.744984190923702 12.662778827706159 17.468079048603503 17.10333815047657 15.684034745645564 16.013138756620044 16.497876003689747 17.38046525935551 17.7015409705122 16.21362317418508 17.43549060936839 16.515407377470346 14.829175328679916 15.067936744065253 18.393224362773097 16.662648301538624 16.258370649193868 16.695419702845 15.70172855114145 16.903826010178552 15.530399687420136 15.227554326991742 39.71695363174667 39.45632071209715 39.749616576615594 39.829234515870944 39.71681287756995 0.41454625463168526 0.41525887234261616 0.43595705987809324 0.4937357447555167 0.45326451229177284 0.4702440770908505 0.5065479219672235 0.46690480625314923 
7.65718386561854 6.847000281607336 6.619046302780704 7.292940027859842 6.014329916873147 6.858714719143461 6.5798649706489805 7.126911432768513 7.146138929777939 6.877404917485475 7.176911733797375 6.723257101481779 7.283242937102398 6.954749791853762 7.049151387714327 7.321258135792799 7.304586443529566 7.347029593903142 7.293542524467532 6.536488497846755 7.329520945528634 6.657363635250372 7.160004824536913 6.94761049518106 7.139860614299158 7.7876975596006215 7.481703322541448 6.817229133188934 7.2890199096244075 7.302232677010112 6.94505136780411 7.302551319584661 7.212101640801111 6.769506145572597 7.514374267619726 6.748742356868686 7.725669733272273 7.07418413829507 6.950581127859117 6.792245153913791 6.858269406207415 7.584248046004362 7.398277815948458 6.310753530631721 6.216521598449706 6.493961106046223 7.804860644737703 7.609103970875702 6.638139781333558 7.156838254046416 7.102923617692244 6.746679725902383 6.778976245707494 7.126652803708411 7.485410582845209 7.198798879824154 7.6727662682204 6.7779038714927085 7.681611138658066 7.049042030252133 7.448754141309461 6.749310058531597 6.406835762722094 6.520106700791188 6.482634986694578 7.207023412046769 7.080221331400311 7.057064079446939 7.359272350386072 7.2072467401207225 6.558371912572493 6.497956353765375 7.0037733802874005 7.17687330126624 7.422893879268117 6.9768996998331305 7.218177000912115 6.792061655901602 6.287845700377559 7.610950358268745 6.893537628926685 6.502034704825984 6.875748023844496 7.497587635751557 6.924182170310533 7.056447735530386 7.344876142690325 7.7434070089335245 8.105270630289457 6.61305492446122 7.205365078302172 7.0274087738007225 7.320226638354859 7.376366704420343 7.127673491032875 7.185969901579147 7.1573817911609305 7.104850900338572 7.137762529688473 6.668098983277081 6.949438328554077 6.640106365678613 6.619899200613507 7.213717026118542 7.037599394708244 6.273845741623128 6.716396904318369 7.288080099578095 7.140364110864764 6.915318895576794 6.69126937284772 6.777471664974696 6.749031351000865 7.430105796198063 7.302209695459015 7.683140068696691 6.312199370531878 6.868867620157952 6.909468440044677 7.232164114058931 6.692357229831616 6.505245465951764 7.240637802802638 6.579975008550102 6.515361859525904 7.533832623797906 7.098067102845318 7.600106951706931 6.899628492993863 6.976248396572774 6.873662024595413 7.3274960173107635 6.125402044276122 6.799158969313942 6.780459002511366 6.764113815333291 6.360486815087699 6.713614342506115 6.452066406384367 6.995392848356907 7.012361394493724 7.587469087539003 6.8084427553631945 10.505394552412657 11.11430432323789 10.72235811791887 12.471392127029645 11.274920388070989 11.53050400000641 11.820434310077424 11.632852450079707 10.647629958535884 11.35431751244039 11.637132618399045 10.792846646678921 12.587390572382647 11.491111154700166 10.223519525432602 11.38673417361574 11.614574263776316 9.630646278884344 10.772788871243105 9.771885425908732 11.491902617676937 10.371002094017921 9.985180413727914 11.16199735139117 11.341832105256282 10.834952032940173 11.803879994712533 12.139430812372916 10.347797436833934 11.426604373195413 11.109409953303283 12.505871833471652 10.19605994494309 12.363651633838888 11.063197254557206 9.842029204477493 11.501146789376158 10.867378609539832 10.063898622900366 11.039105479452095 10.954308044908599 10.388038013449664 11.762539905550806 11.791434870318232 11.421617933154405 9.99291513449543 10.438870176435625 11.242898757794658 12.582449366811824 10.974598081617186 10.479979177539532 11.731808774924652 11.381959257074847 10.326093186197317 10.419523167281813 11.281864766948615 9.67935886774656 11.24453621430492 12.09255400230314 10.990431539989517 10.5528325639517 11.023175363512962 11.899600087025988 11.60178876219165 10.092489582848781 10.709611833971623 10.862627451126382 11.112082093050786 10.26408109035145 13.287706730824478 10.605957155185134 11.237294685814895 10.328050285417183 10.818035272453884 11.610128820053278 12.099083722873743 11.639279123173225 5.0028396340068575 4.807364262834309 121.6892841221933 121.00538686040457 12.61866453468511 13.186370908612043 12.475093299527787 12.592751820743839 13.017326076364895 11.508308350965237 12.87326961733878 12.25308804057008 11.221017957270634 11.22087854571649 12.08959245924369 12.504804316249176 12.07551930175115 12.029395886641248 12.796708727829046 12.38921440595591 11.870388041706308 12.25163492856129 12.794354501537011 12.39610147166754 13.46069689826358 13.122409754594612 13.28521006448916 14.345001759993632 12.184082127041146 14.06747467081648 13.317701670764233 12.478983601130738 12.100391526759156 13.044840673263714 12.889293026476357 12.512630394894002 13.268862510217303 13.00327440532274 12.935364162476546 17.411573157010533 17.05123034705568 15.650347703486377 15.975637101533165 16.44532014359469 17.3413108709822 17.65207790044563 16.16388001424347 17.378163432926332 16.460434772426744 14.785964301993022 15.029840124656344 18.33827236756521 16.605380824126808 16.20560147754565 16.648423835012 15.66434613513054 16.866832581824735 15.483949904389705 15.187790757696918 39.95390580290606 39.68940210589902 39.98561690481241 40.066289733347496 39.95245459579878 0.42007808614132003 0.3880748213277159 0.4348743294950924 0.49195154879185365 0.4514264119798955 0.4697044382586874 0.5138165596532955 0.49396280620982724 0.41607581522171005 
7.259408471676751 6.520750373928627 6.328406299670362 6.985866391286204 5.742524172214596 6.47824466866921 6.295356588417525 6.816608938736384 6.879023100556166 6.554099668250042 6.843460534788165 6.412978418148087 6.946768366072076 6.63254046605763 6.70763245885924 6.96348403869361 6.997785419305872 7.0182405832318695 6.877251824167214 6.274120609710066 6.933732718938969 6.353429110203264 6.825857443465804 6.6228736052528685 6.800452556742691 7.45866272819638 7.051327664170487 6.516994151159992 6.964100894577873 6.953974727286054 6.656764028205577 6.97054068125639 6.855671520027175 6.515083288778713 7.129469157933844 6.386331185170329 7.323514522482681 6.769852602338412 6.661474633834585 6.459289435022948 6.512074656463529 7.266403006993242 7.028377147605755 6.017974546096588 5.898162323802778 6.214918417024811 7.473624168220971 7.252198455854147 6.348395246733755 6.8929130472579985 6.747423562862728 6.417749091075395 6.509103362962651 6.810402803399265 7.114412289549059 6.8468110304154655 7.306923213470518 6.426373040705111 7.317965612899572 6.714304074888963 7.039329104707606 6.447043362141756 6.138596099345497 6.205767339712219 6.158420446808189 6.85675210916787 6.732215052721484 6.779273339797083 7.0721219962674615 6.922829006030006 6.26706504788388 6.209186860962035 6.681388125740353 6.875989814694692 7.0935665201740745 6.666286997112913 6.898008546274309 6.492734319436941 5.960886932460504 7.254116433056198 6.611347500324383 6.229748678858708 6.5829461733510275 7.170210462488712 6.544909819251359 6.731576828990188 7.0311025764234785 7.300007009848804 7.743277413378796 6.306150564195511 6.80309173984381 6.727505438099271 6.999279215397141 6.9534938598803135 6.828748459562966 6.821643616660954 6.82075216385011 6.742027617119646 6.762513441574626 6.333149194398595 6.611833837960029 6.3156405294932965 6.320646825773144 6.867331416104035 6.742978106896924 6.0274768800970655 6.429275498565848 6.957650196000391 6.77894200581075 6.593688595316361 6.380980935048658 6.425420068977913 6.45565331867118 7.1243416829487805 6.943578736089424 7.282969664438109 6.053571892514717 6.554007142439198 6.574600540337008 6.878344651161059 6.405228332646431 6.214427047811656 6.932635621150851 6.259528250240358 6.2081876706374555 7.1613166896654 6.79461940029202 7.265140413620005 6.568612400035249 6.640294950909658 6.522322104809416 7.009188410390182 5.739145816231887 6.458968260492466 6.488687136600134 6.504342525685853 6.058868635308613 6.425802658961415 6.17959978793837 6.651463312087856 6.664695564460731 7.173501950593133 6.525502563917833 10.02334014015141 10.667235695877032 10.288468647953781 11.976432029520652 10.825858070298677 11.096675779884471 11.258565104369127 11.166808610194291 10.128575623146812 10.959511866939712 11.177852433525969 10.356307000151666 12.076373534091989 11.038133925646322 9.708173166772616 10.94733590893434 11.074286242841337 9.201467454845766 10.334486713505665 9.330150176544949 10.978518380105902 9.859477323299407 9.536629814997285 10.709023730117194 10.811853253740537 10.351030691118138 11.258348329396155 11.646827789574608 9.831281839592206 10.986687818543068 10.671814019857424 12.012065619778449 9.715032792394288 11.856729785550804 10.613752954042667 9.370953853244643 11.04641976815471 10.372487165229161 9.580661760737918 10.524894424953997 10.534463205054523 9.924866990442885 11.23680512217258 11.300372325869974 10.949644565869459 9.572198088361144 10.010072932269734 10.794453778972278 12.12715259154116 10.541334423112996 10.007342709680675 11.265578418357762 10.885451898163288 9.850350641296957 9.94571077140329 10.79728156503368 9.193549632112322 10.742726534118386 11.616122318874742 10.522467992582081 10.06715487036518 10.550334863808246 11.373258235370036 11.099895595273097 9.620045171553516 10.23382225840128 10.340868790489111 10.681413982309804 9.810676970208451 12.826895803320962 10.175889497854333 10.707748399901025 9.860868496112396 10.36818266027822 11.184573374828506 11.598080770316992 11.165537889851239 4.891937219824927 4.707526641219868 120.51823639186193 119.84914104070663 12.222444031754348 12.76736921159415 12.043466049649368 12.175503146362646 12.587930087162597 11.153783418045016 12.39553615423792 11.891823609209291 10.813271780205413 10.8089878660964 11.662284245948568 12.037563719307336 11.667829486309994 11.577656249889337 12.376426016474369 12.008963897986453 11.426135853608569 11.824710453910585 12.341628651442447 11.951743838032316 12.974065431556808 12.659243196793303 12.802031759196948 13.886067696193438 11.750411244787369 13.608878612076548 12.901382162218054 12.046331376607736 11.699865728284907 12.612220662481201 12.499904493596643 12.052304701662468 12.806460903381936 12.59544579960592 12.4610549240396 18.157202696923918 17.750614260169304 16.32628297806898 16.660859375224327 17.14172654604255 18.05628469446731 18.356047080134797 16.899547844416904 18.127970064141493 17.174842696348826 15.481054513777611 15.71034145983195 19.04987890617745 17.35143130356156 16.928748751543587 17.32208404166563 16.375884500615633 17.5750106299401 16.205298616368168 15.909154149030789 40.216451552750186 39.96316133705575 40.24227113654021 40.32741589943541 40.21959257444764 0.44083201586586757 0.4820391151789317 0.4727761796845079 0.5458931202345824 0.43657890295656465 0.5022311079026559 0.5354214820157649 0.45331846625507255 0.49210256896743015 0.49188281493416464 
7.431251148287716 6.685647733517395 6.490690821082122 7.139440669901421 5.877959482109243 6.656418827706927 6.430366533658183 6.9772748292842595 7.0052704444239104 6.708867054913373 6.999269019888124 6.557465376654684 7.119448838509463 6.785110415998892 6.863425333235659 7.1326523020818815 7.137148268283393 7.182494024108433 7.068143212794852 6.404265049719992 7.107299578947913 6.511082518271974 6.98376428977797 6.77865199132513 6.9650810176177425 7.622899665980189 7.254426581344197 6.6630383552929535 7.126072223169505 7.126511117316077 6.791288362612242 7.136643391414726 7.0180919710233995 6.640349724558657 7.2985435492707476 6.571936349559271 7.507783109150023 6.911464577203541 6.813100966605904 6.61183704031707 6.669921694302936 7.416919077029741 7.197362927531399 6.159884587151795 6.038847733824917 6.339673536687121 7.641410365754124 7.425208978573003 6.47960192023011 7.0480302257971 6.910072959024002 6.5717215053003555 6.640903993563359 6.978216129592069 7.286149405655131 7.017534139408367 7.483202716992896 6.595847123779214 7.4878217676960634 6.880436676068462 7.2248278162183155 6.589924116543824 6.2825536573810865 6.354006633310527 6.313795812325074 7.043226749547013 6.903889960215069 6.921433726179529 7.2092230424270545 7.075788093787656 6.39886673556156 6.3457892595260486 6.838484690069426 7.038050556831036 7.263955028930945 6.818824480189697 7.057221161520167 6.649802999626921 6.117215116462832 7.443431931727066 6.763950934550618 6.369919090284445 6.719087205487863 7.340327667264627 6.715269367655495 6.8851881443262215 7.196897699073298 7.49317171688481 7.917815443200611 6.447495422706065 6.988855928950123 6.885891571113388 7.152866165849098 7.1553073950508495 6.972547717317184 6.9893947241166 6.97805358875817 6.908325807529636 6.946773554601604 6.488359309096677 6.778238760183493 6.457774941192303 6.4748801887324285 7.0334109651878975 6.904509409594674 6.154176815588863 6.569590101059192 7.1113006493906825 6.950575482740401 6.758665029424179 6.539603178535909 6.598316287119145 6.6036499573617204 7.282634106249765 7.119571970231962 7.460915326302975 6.164694530285787 6.694417043005165 6.735819212474707 7.047426865359774 6.53640561689531 6.346981681477976 7.088863744467961 6.414911785536311 6.3569781520140705 7.336132315250915 6.956867391654336 7.4189056397628095 6.727801835477026 6.788453148483757 6.687198301592484 7.16638226041018 5.912848289158976 6.625885838218999 6.624474691599121 6.645252052693593 6.190876495627025 6.570642315710914 6.3223784230024 6.797596635514105 6.817460407689425 7.3601134024617645 6.6662527320356 10.179285058299675 10.82315104088474 10.450518942324345 12.146211574419416 10.979699175319778 11.232184042290086 11.434330442485551 11.331898039040444 10.303012553025507 11.074415001065665 11.337744149648966 10.501526688726516 12.24053874810298 11.194139258636367 9.882923282290005 11.106485242510075 11.259303300525533 9.361159098236033 10.471277584036267 9.48611538859829 11.161338107684854 10.038012319338257 9.68294331995498 10.854936104992122 10.98807262475982 10.525359232508652 11.439541621971715 11.82895806413476 10.015959596811777 11.14054859784557 10.83151449094195 12.170570992373243 9.876541395999912 12.040203949786287 10.769395530811359 9.53788542042894 11.194376967134783 10.531752502738847 9.73289243566866 10.70326666166596 10.670918063834465 10.090139227469109 11.41172386181 11.47720063503267 11.102938785541694 9.701916671612391 10.169198681460212 10.956746455171094 12.278702147785769 10.702202766169586 10.175827269538885 11.419808524165699 11.073047661633023 10.012302585698418 10.125448304211183 10.955251055189688 9.364399273496186 10.907198426094526 11.776552211027886 10.696835737727904 10.219135333895903 10.714438871896254 11.55341499013891 11.263466646282248 9.77154126619294 10.408514988039963 10.524579773003467 10.819645469231586 9.964149580946899 12.978791611280124 10.309576004144066 10.857375356370675 10.015153604695755 10.506163166860636 11.329755773224697 11.75973211060232 11.338521753672081 4.8918170001478245 4.704031684600286 120.21134557162394 119.53982918161253 12.293412308888481 12.850431476381825 12.136743900926923 12.249999351253537 12.662390562766202 11.211117253298399 12.49051257886423 11.946580627706687 10.892178756291184 10.895867337026491 11.760218904120029 12.122992917816187 11.74323312296128 11.648964270560128 12.456946729254915 12.066585405481195 11.514530448622638 11.897632733616495 12.442395659616817 12.04145541158969 13.074711200122659 12.755271517913856 12.911837819524232 13.96818395749242 11.838820813070532 13.706765511585012 12.980301549445475 12.139770585349796 11.774924774978555 12.699206375125737 12.578463153258362 12.146591140850932 12.889522296723538 12.669646518515313 12.556083023068627 17.924078810916413 17.538195867474172 16.110171897921152 16.44320798016158 16.927558338412172 17.82352786865089 18.1396850579552 16.660876697026936 17.898184469667953 16.95812652584357 15.259768911236211 15.494397125910375 18.830279890441332 17.118012371959036 16.695090628863476 17.10984767087222 16.143369537097477 17.34852461460805 15.976567569937043 15.67813975022728 40.01079156626564 39.75666632601982 40.039709940770514 40.12362113413947 40.01836487604032 0.37894544923353496 0.4090587263295797 0.4185635522262496 0.4722960806902757 0.404532108450276 0.44005128997881154 0.4809637728482664 0.4169711611115943 0.4126921757588551 0.41583333844557746 0.43481189794612696 
7.359622949107449 6.540924086626255 6.318833473094365 6.968163631317421 5.748053652847636 6.541565832073802 6.306914919505244 6.823432465642944 6.859928209341948 6.598163707927713 6.896956571657679 6.437392979973549 6.954366672973728 6.656791887641539 6.7655593313617945 7.017934110330161 7.032868021346648 7.059446294637727 6.998086976363265 6.268724912051234 7.0275300747019624 6.358923935717959 6.860118719531142 6.654514394802335 6.846400861660357 7.452050511015015 7.162990053754872 6.513074065333963 6.978324231366281 6.986220492247704 6.660667035720374 6.989150748494899 6.903298609916136 6.5049911374580365 7.217861761733072 6.437945840103199 7.383303708928483 6.783849686199919 6.633199844975698 6.530952543269565 6.572666347362872 7.290504936387005 7.0872960162341965 6.03985127045067 5.954895003811333 6.2221726055253574 7.4863873806191386 7.2879803790801425 6.370436669789327 6.837932157352817 6.800444128342334 6.459714055660157 6.4992591367334125 6.801635300641175 7.169864392507797 6.899897575768252 7.343460537182337 6.47923190772417 7.365683651039777 6.7600161791641105 7.1289694663211955 6.465859535568324 6.1255363860298715 6.229810979397752 6.197613733574599 6.884260984625889 6.758238380389312 6.742378144970245 7.056368634881147 6.89248416387589 6.283962668838552 6.2081355376458385 6.707711264088368 6.874099988953106 7.091878773326889 6.692888750729442 6.907716523731617 6.483375672643766 5.993405661858342 7.285837931991416 6.57074533721116 6.19454842493769 6.59641777706503 7.179072703622684 6.620060196547862 6.765780047408949 7.016628946267447 7.436770757179358 7.7769647708118645 6.3290567658563175 6.8966045589255085 6.696935253588877 7.021301027066 7.0484819881379845 6.837822067543726 6.9096917977959285 6.854936166932394 6.805544582694797 6.839498600157671 6.399731131200997 6.622893606622213 6.36859872020621 6.317495664832358 6.906149430724814 6.719170757859888 6.005045922883636 6.422846608725504 6.978626803986588 6.837023616641894 6.6118890218405255 6.391988804321295 6.480950486855832 6.444985711632728 7.110177977583569 7.00185355348526 7.379281985753755 6.066844699752007 6.592970955967027 6.605619156158753 6.915643876580679 6.427732507938891 6.254558007796648 6.932161975297545 6.295955897216217 6.223810877237223 7.223006496400838 6.77851695593545 7.314169867425667 6.587245423150443 6.69187645052497 6.564485855327905 7.019389811419643 5.861568949870809 6.50356614896864 6.504586680483578 6.4683494561741055 6.103489937303601 6.411479633084322 6.1796937038976445 6.708675556314536 6.734768008051183 7.2740804966359 6.528064101360946 10.240235222546843 10.822604745248007 10.46341831273151 12.189320988103248 11.003200778403254 11.28075388454337 11.581757762941843 11.364753861220056 10.388152196359973 11.101186445509953 11.362404050789225 10.535048137197451 12.344540175874245 11.230608577904238 9.981755209551459 11.105643651393192 11.350846237241262 9.361283186183247 10.529247195032392 9.508350378059449 11.205352014969606 10.108749934438983 9.752183660215861 10.918197679157561 11.088813438522948 10.562952336528562 11.539797184915622 11.836180410519487 10.08238480293467 11.15461964540018 10.835949840411226 12.259253791346692 9.941678437439647 12.0642682190812 10.788215619878367 9.568191669582928 11.243254495755128 10.597612434268733 9.825773558717476 10.776863528817174 10.698701200207278 10.119127489547965 11.486350744787554 11.5061348317473 11.161336976393823 9.76039167111773 10.13908669073396 10.958379057193644 12.30380448736939 10.674455881637124 10.210565794010227 11.486130557767515 11.070219259164094 10.077361295526234 10.139709255826714 11.009294984435142 9.418047443920043 11.009600629833107 11.841667535025216 10.69391064845424 10.310678055119054 10.746942395682709 11.62206797795946 11.36120160967766 9.86617982315174 10.425969478657388 10.60833035547319 10.85636395723043 9.99779112425491 12.996894049266022 10.362292055974878 11.028337947295745 10.067236566863105 10.582662801370317 11.326626320503873 11.857177101137045 11.34287971105967 4.785837215054288 4.591307257093237 120.38479082251659 119.69907874415196 12.321937399467508 12.869489362744813 12.164222178187037 12.285013444571712 12.73788335261062 11.219593968824475 12.585796573161007 11.962546451505897 10.928454990147305 10.92694002462011 11.771172083512251 12.231408744298145 11.785891370590681 11.768775912781264 12.489695051492689 12.108263162535986 11.583995429905508 11.964999084527276 12.468033252492491 12.095944604624995 13.1592156937609 12.81127705392667 12.949826047018478 14.028259814813518 11.86816696110796 13.72929272805276 13.011816096555673 12.150446150524887 11.799634613500107 12.741378302839628 12.55815993172909 12.199694418354664 12.977138742505 12.705757605111438 12.624406644365592 16.985427567035174 16.6154659880355 15.245915804486529 15.5648173552543 16.025003019947437 16.92146536860866 17.212639713880446 15.76886777140334 16.95368078100823 16.029342692507694 14.38376090146555 14.616957930943522 17.90072075582864 16.19755778280868 15.810404941394093 16.220021697475598 15.269485893703093 16.443549717159243 15.090310222669348 14.793339626163126 39.50563339302476 39.248496746653906 39.53921909017276 39.62680375750104 39.49863011645112 0.47338387587921577 0.43873732358473855 0.45575212396236875 0.5586393117785261 0.4847879546686421 0.49681982542421094 0.5595258225836076 0.5229142880519194 0.4743216811764388 0.4608419223487908 0.518482573928495 0.45847423051244646 
7.846922617529066 7.08776426304122 6.869458699479145 7.5766353241577145 6.236407104589925 7.083746798174809 6.812201253964391 7.3731986048823615 7.40303648777108 7.083972477152343 7.387102000143684 6.953052285963535 7.552458561220982 7.192269098103092 7.259871564567817 7.541690038095513 7.5201030583978605 7.559166707773222 7.463153250153313 6.760251775767534 7.530385581075387 6.904787833189591 7.392838297286834 7.172590445310792 7.357442548426835 8.063296792293002 7.673449617453884 7.071407890483004 7.541287783247378 7.538403996898607 7.18815803644006 7.551078232453667 7.448047912573642 7.002482013656817 7.713075009775341 6.967884307210471 7.978114765604582 7.311447753684737 7.233120167073862 6.968382468851087 7.0672354231555445 7.820934678616622 7.623795327920029 6.527401812138645 6.407633999900559 6.727449204280476 8.059873651358226 7.854480000478238 6.8563268291128745 7.451420610687586 7.320393858022664 6.95714454827917 7.026377463930991 7.397041071921409 7.717726715406244 7.418432450456637 7.928387461919718 6.997404826541485 7.912672924360773 7.261858276770673 7.660030058697635 6.972055436812827 6.651802613021576 6.744966764012819 6.697891013055204 7.455611729637811 7.325596097272732 7.343250904442633 7.6260141062439875 7.485098707205604 6.778277838831944 6.746286111831297 7.240705795742622 7.424406298924348 7.699359518641604 7.196017251569241 7.469033713662921 7.050746696999623 6.51092081530917 7.859389175173145 7.180717422735552 6.769116532336044 7.105726381051717 7.749548015545808 7.124008401308908 7.279762547115123 7.621626036736827 7.9185118566330654 8.356355868837719 6.841190711666186 7.407228045480443 7.321301601843851 7.561765941224785 7.587782372501057 7.368975756498905 7.36356863156165 7.390710141900053 7.320527295407854 7.332581746124253 6.85773965076751 7.218876770221937 6.8426201755857035 6.871984501912376 7.444340221553567 7.310799952116104 6.521684040346903 6.970190211883373 7.5396788016475345 7.351703091241808 7.16051773436388 6.9296002179850635 6.987653611061078 7.0113545978698575 7.705419095185797 7.516347261251837 7.881310111746719 6.526535033362159 7.0864617893134225 7.1463121162105 7.468222574834626 6.908092034035051 6.710356931603936 7.498572321822694 6.792865102210628 6.7458854946756786 7.7553879300157265 7.373013896671808 7.806359629040809 7.15228951708868 7.1896360017630325 7.112454925129443 7.58310480713334 6.270070840127251 7.025450046262412 7.011129556546837 7.032493588355975 6.557930264998713 6.974227812826543 6.676383862155553 7.201733210351515 7.203673259600212 7.78740638092345 7.047402028715318 10.476589397168189 11.13533899853885 10.699521007916303 12.437046662627836 11.269861019222066 11.499561980822547 11.697330909819577 11.602899402405479 10.582474454625466 11.358376095292433 11.617009792980623 10.779242489358108 12.493932572901503 11.459320670518181 10.135902677690117 11.402232372995872 11.529132377034946 9.64053829169512 10.737095877620005 9.764126224872092 11.4586931460496 10.316680593532512 9.93418689652057 11.117766209217473 11.25142701889828 10.800763234049507 11.727203104352837 12.134429951969862 10.289394492495283 11.419042206592218 11.113597686471874 12.422606632259912 10.151304698259777 12.342062891874592 11.051238799926098 9.83045409138368 11.466696792738013 10.829393022422378 9.998127711080542 10.9847869072983 10.943947364839929 10.369821333097322 11.703867893261354 11.768709314924184 11.385172433327966 9.959776346890596 10.4840304042982 11.25060588390463 12.570985776710188 11.011590880750852 10.457989790795564 11.669486912974051 11.391548845008673 10.268177880456154 10.404348422861103 11.253551814127672 9.64736906187076 11.151563325593438 12.031742028874902 10.99922118450881 10.492086146404246 11.002840115805704 11.848288145964208 11.515684070517894 10.014459096046915 10.700487599208293 10.781045899693831 11.09360369239949 10.24979918130307 13.27681626881865 10.578698952348969 11.103134318440809 10.30327532525762 10.76597554186912 11.622863744551026 12.02113529146038 11.643177175064189 5.321816733443096 5.130339866509107 121.63689089207304 120.96741576403652 12.726817443764487 13.306647609682736 12.578594296751941 12.707956525802384 13.087612925175424 11.63528504751813 12.91957944660511 12.385444181887703 11.32550937389505 11.323606873937653 12.20700097259612 12.54383673074699 12.175425477214544 12.07050521082729 12.910122627298357 12.487592198326062 11.947381379628121 12.332213228409053 12.906972508419706 12.48280416426275 13.514612277981453 13.210734144296257 13.390188712035044 14.423783523933569 12.304829481630245 14.188062393336807 13.420332090625115 12.613519326003402 12.217468928797866 13.141497771260013 13.045677681834588 12.60530324056082 13.329809383392263 13.103449119233321 13.014642747341492 18.36919269973853 17.99602682094616 16.550437177409226 16.889435118021165 17.369148662078295 18.275513855535213 18.603293633858 17.083967949991386 18.345087696875225 17.414417086335625 15.70126404763897 15.946679089627818 19.285959527087062 17.551117259581584 17.113398625608074 17.56528158489918 16.57388290557534 17.80643461475413 16.40244170778742 16.11184319504318 40.57136879236835 40.30888991713897 40.59748119583828 40.675186737075876 40.58446572162018 0.40586322387292423 0.4163776967073967 0.47148520370331687 0.4771084690847723 0.43606757719585987 0.4854921112981972 0.5074502165606417 0.4736199992586194 0.43245840761658016 0.4295859803711349 0.48016539221384147 0.4097511551789642 0.5026127358696679 
7.451142687009022 6.706342400700337 6.511983066840385 7.173027469195134 5.896309718867253 6.668758035664006 6.453259861351682 7.001336487193854 7.037523511275782 6.72687409422818 7.014718579094895 6.58204996152059 7.140310784479204 6.810462015113746 6.882631005638646 7.151116438954484 7.163043235781313 7.200218405909608 7.07340313232431 6.429568073646239 7.11893596383749 6.530410224740123 7.006314396422214 6.799774345354951 6.9824649833477705 7.657490632759071 7.25807210917003 6.693317031432418 7.150099450595827 7.15067741693639 6.817917425485936 7.1586379091088155 7.039964814653885 6.673557062325066 7.3165307078108945 6.579683941734347 7.525356190610928 6.948506268552764 6.84723867649232 6.6220228051519285 6.685354545770964 7.446125480138164 7.218615768468005 6.175264859209288 6.051262223921247 6.364234927616671 7.671515612656837 7.445267162322082 6.503640283585619 7.077915585319389 6.932670941658475 6.588438951513511 6.671288390581157 7.001254437917477 7.308045174509259 7.02897908158674 7.509285488959483 6.609836104751214 7.511347473464645 6.897983540269442 7.232987067451671 6.613297488753163 6.3026214518444315 6.373780725204131 6.329832042521246 7.0567728556202125 6.92380293205935 6.95638804874349 7.242612014505893 7.107501241359019 6.426974412554879 6.372865955536756 6.858150877644608 7.059738952088427 7.290502834337124 6.843435539481512 7.082770452320962 6.674370416074621 6.131222723247173 7.457087537721348 6.794711726146927 6.4014768486031945 6.745917249710476 7.366343953961291 6.730614412887716 6.90719492373545 7.22844027474719 7.501640586541334 7.945189005339509 6.472209120609453 6.99779775568139 6.912571346469544 7.175916845257944 7.160515869488304 6.997323008703491 7.006073599212097 7.003626990854391 6.924016370691444 6.9560546682576865 6.493793031408225 6.799221574268359 6.474716716690548 6.495694403016628 7.057214011702925 6.930167402497969 6.175463561364714 6.599905102042223 7.137438863316812 6.975110994674863 6.774858721315198 6.556959097959318 6.604960172505754 6.631766297158997 7.317153054509685 7.131308591810985 7.475859767238769 6.191332111616824 6.7166418612316034 6.75694357156571 7.070783228763693 6.560904237613761 6.3610715419612935 7.1138425537149645 6.430271139134822 6.374202253783735 7.359052051966695 6.984889964771464 7.447059180457708 6.751893234792049 6.804392019852457 6.707153215155155 7.190524869076782 5.910130380603974 6.634751060938062 6.647661368883001 6.676889942443251 6.211736108197584 6.597248156585326 6.340550499623173 6.818386025624449 6.833198108661045 7.3728698229871075 6.69048478521975 10.11295380256514 10.760437880913678 10.38572223868234 12.069535650845362 10.914829210037052 11.172520159338864 11.347846265682321 11.263580761588253 10.225533850150583 11.02326581713503 11.274011827601434 10.441487065297517 12.157207056334395 11.127754209910526 9.797014126709735 11.045869957996915 11.182162029940086 9.3001618830026 10.417200258117681 9.422388743452027 11.088959369014287 9.959404139678975 9.61622852659916 10.783425777091352 10.90831064342398 10.448381887954838 11.356933052796393 11.75274919362605 9.937707645628548 11.077173564172316 10.762902862392293 12.098108887490772 9.810942230356055 11.966207165373241 10.713336620819028 9.474732204987824 11.12340657252414 10.464094284762306 9.662579700556948 10.620145815009105 10.6229985490945 10.029742232309912 11.338199190718978 11.402149018638063 11.039642174911531 9.645399203726116 10.110064855986032 10.897285520201617 12.216311759929592 10.64163597723122 10.110665762746915 11.352085251170552 11.005417386907498 9.949844592843132 10.053385839087495 10.884297116896917 9.289831271442228 10.826621416036835 11.700904824516225 10.627598990425726 10.1440179222243 10.648380570669012 11.476724387308806 11.197036187727953 9.697610976418929 10.339253981434135 10.451023982377503 10.75898658597034 9.900164371251472 12.921447525338392 10.25452198677987 10.77380392302564 9.948766610347793 10.437781680681567 11.267254493262472 11.68139738650675 11.271975868749042 4.923684208458839 4.740532020669526 120.86015861000187 120.18929091881972 12.266825348875079 12.820852830171306 12.101577990570481 12.226711150267242 12.621587077151561 11.189131072611234 12.443585001067786 11.929652026223867 10.861998027631344 10.865066888789285 11.72803810449514 12.073890352562248 11.70948672948737 11.610785718541507 12.423547787297366 12.044722869440601 11.478047466540739 11.866191981604164 12.40681046568719 11.999736014293441 13.025498450375318 12.71396368815163 12.877116522248924 13.933791986557129 11.81521498663095 13.673226479957316 12.949900268702487 12.111925813769552 11.748368305253562 12.665308339124397 12.559001139016182 12.114205120331755 12.84915344778978 12.641254899234545 12.521846871287204 18.121766677043436 17.72672659122056 16.293490569246142 16.626978426204047 17.109392823913343 18.01713566927329 18.329934437142548 16.85085339986331 18.091417955904063 17.146136473328088 15.446767064375022 15.681674254055956 19.014071090502497 17.306073619619028 16.879105955347566 17.29305065859678 16.32951700096935 17.543631599270427 16.160248870204004 15.866758965333872 40.19293080701094 39.93649121131896 40.21971905161681 40.30259206367441 40.200208217642036 0.34581387176147216 0.3838151562147278 0.39445296753631276 0.44087734462796285 0.36525965977035413 0.42393128014314524 0.4483458693602946 0.3888551386254406 0.3922710413412755 0.3927031499195058 0.39833254675516816 0.3488045399591147 0.4365099261278219 0.37936579457228514 
7.952053553663628 7.138488905547216 6.90427807490369 7.656457308042901 6.266455282899859 7.134949023638902 6.87341564024176 7.418277078081475 7.454138622014713 7.130637251010206 7.452355098676595 7.030680340489841 7.5842347128690815 7.268053520781066 7.347296395297123 7.6074723764366405 7.604182889381779 7.593925062983352 7.530644287279501 6.790352294105047 7.59722425159822 6.94906619537731 7.4584221016975425 7.228652518595825 7.411175502212399 8.126479306038902 7.726987096491549 7.128137700037521 7.596816542727847 7.598729914161413 7.241205909798453 7.595167293168003 7.528883757956613 7.082856827892634 7.8092811616561 6.984674209534143 8.047999356958032 7.427135152545251 7.304745972459392 7.0117362957888885 7.1515725935334125 7.89847064076983 7.714453982444887 6.564178407680738 6.458816009978909 6.7779631459633904 8.138708208945875 7.906311439531739 6.910320405948429 7.472769526674645 7.39888820847891 6.985548909944299 7.091672953297018 7.420395340089108 7.80392539883446 7.4564709878969575 8.022775002785796 7.061585202884684 7.964713185676389 7.324996280807895 7.713066798461151 7.008926082635458 6.682259164723469 6.793410466195261 6.748213668819112 7.480201010068304 7.362568990255911 7.405620810743505 7.709694829168667 7.537261364372639 6.848532010925468 6.811119253577451 7.299644917580299 7.446063154493567 7.7511834365813295 7.274416403353414 7.524778590713455 7.086958015753226 6.532689900717234 7.883920647019691 7.2193666413932505 6.790249735916891 7.1684943388905396 7.798205684879029 7.175794606924567 7.347221387865067 7.693167544380538 8.019370187183743 8.423345041875864 6.914379926513831 7.474904197401537 7.349954421481641 7.622385556812207 7.64217614033805 7.422177684850462 7.459631430656165 7.479901658203221 7.412713915769715 7.3758877723238285 6.882501503327954 7.269208913338412 6.903711894771323 6.9055747647266585 7.51975853910931 7.3397968199613395 6.54813095232695 7.046451281402993 7.615471440880134 7.44350666466772 7.199559196522198 6.946656370649367 7.000028846381903 7.067880592023165 7.789062927344859 7.557108593207679 7.9651628808752974 6.612300071804552 7.165953045724298 7.215984159330377 7.532546232792786 6.9803465228508434 6.788995572766095 7.540405140879629 6.828825130513752 6.765346581878262 7.8480925537125295 7.424569226443704 7.895859783666884 7.223042235564746 7.235822318107626 7.194786291010193 7.638647675860559 6.321447457586031 7.067650680056218 7.0705937434907 7.07874907927186 6.6380659068038845 7.011974680060383 6.686451864367483 7.260284503188098 7.262872110582707 7.868189323759192 7.100914271241937 10.767713340575646 11.397270076472621 10.970987121541349 12.719247706514292 11.55956738370069 11.81597586220484 12.020082299667823 11.901350642964328 10.865686392287813 11.673603257675776 11.907377318957014 11.0880273053441 12.790466471432858 11.75059318825287 10.375695923853412 11.713934136359782 11.825432678543198 9.90576299854551 11.072578218088514 10.030790223324296 11.74594096691332 10.590001132364417 10.229956235658321 11.4140412108285 11.532124990579652 11.041370426540452 12.044815314473766 12.382295023180873 10.54716341555913 11.706904807284365 11.387214473608644 12.735140315333679 10.448761179005054 12.61436197352401 11.34219688691338 10.100651484517408 11.74964864212799 11.108073635824349 10.295859705203654 11.263310493451261 11.282632655735155 10.659426158127543 11.996222870586514 12.031215421089128 11.709559149783516 10.264075063513895 10.73385048519195 11.545178218072301 12.875012152383645 11.262363014674227 10.753886176402931 11.980575091215913 11.651346828812 10.574137654214807 10.647120716480629 11.536413477673323 9.910880513149795 11.435394811297709 12.326654968243565 11.249303014580999 10.790617795262193 11.269403271315806 12.142200194259216 11.853935239994762 10.301008646169324 10.963036910382101 11.073062096774898 11.384025808031168 10.519544638941602 13.582645486504083 10.901965300696693 11.426892182046563 10.596123129913263 11.077730338666724 11.875664000271478 12.349962835171878 11.90637112079839 5.609122678321437 5.418857933340374 121.90231194811331 121.23519135639917 13.177023691138746 13.756888854601133 13.005295703281794 13.170616516397974 13.539902552502632 12.057491868302215 13.373201458674888 12.859145783493323 11.75361601698073 11.756544477981894 12.633201328068504 12.985941350692517 12.615061061119903 12.548024629792428 13.348347713414531 12.958641313765114 12.402952817812416 12.788221917696065 13.329285846019305 12.908653243146423 13.953012450914498 13.648957903783224 13.84069689766595 14.873326205261307 12.777489002655921 14.63338403400704 13.877217143397445 13.05321835690524 12.66568474217886 13.60252931302126 13.483954480132907 13.058218035409626 13.788059732757294 13.563818027172152 13.479449220810007 18.50133820755998 18.126028631042566 16.707079828089128 17.031610116805336 17.492297488949973 18.432685827267 18.74020147266763 17.222253572614502 18.469566578955657 17.52313420662776 15.825346763050861 16.07686077194572 19.411331962396282 17.672289482764178 17.24349851947756 17.6940806655047 16.719495868181877 17.96411909255069 16.534832006806788 16.24945887675748 41.330256025040086 41.06665610324544 41.35760359615624 41.44426000932065 41.344312376615854 0.4316847759047875 0.4069650488954093 0.488487858935259 0.49812884655655865 0.4625740019896151 0.5132365013077067 0.5415694266066622 0.5487532619349768 0.47990293896532243 0.45047624240099854 0.49708919694454423 0.4375372136009742 0.5081252996037179 0.4392972804054355 0.4001737188929092 
7.389908146791401 6.660552409074523 6.458285710922473 7.12943955295694 5.855996166745832 6.6409879137713705 6.409151016925752 6.951822222912216 7.000149451374944 6.676117378659915 6.96485547455297 6.531391140311988 7.116552872469635 6.7613684289922 6.826602421979969 7.1022336148164715 7.101811439843879 7.1481283319211215 7.015996543246075 6.379372989421816 7.0856903707846985 6.487793623578219 6.961535297495824 6.752129134472004 6.932909800718154 7.612056298406541 7.214233359388933 6.651678103849142 7.1076169122230874 7.097582057989781 6.781701860356759 7.119347504348754 7.00150781664423 6.602942600625248 7.261238325517656 6.543649727460071 7.505338630637884 6.874452471933511 6.799456009861076 6.569731566148382 6.63398033647609 7.390401957111839 7.167863920554731 6.134810646866523 6.012121153044978 6.333589274080707 7.609539808395464 7.410004282092138 6.461359490349994 7.037569128983258 6.8797444949831705 6.552859428203445 6.621035020860256 6.970837130640838 7.261024778963029 6.992050002967477 7.4599791336209895 6.563109215870297 7.473456433762274 6.83600437293712 7.2054921665947615 6.571863957123104 6.25758247940384 6.3322373563817465 6.285391413075334 7.020960279735016 6.891796333205719 6.916082711630682 7.192790803461714 7.05816202412247 6.373456817969727 6.334050987745896 6.81436640889799 7.013090139349208 7.2551793761092505 6.773166776953269 7.0382254096969215 6.633550726235006 6.106672421575278 7.419452003520547 6.757459953427262 6.369958426655284 6.69721842625792 7.314518181463555 6.691293430112155 6.85557210978503 7.173169155974724 7.445426486967115 7.899692305937866 6.424171699192162 6.954806177700773 6.893951365096098 7.133897714074757 7.124703849942304 6.954509595300606 6.927318065054858 6.947375030288238 6.8714878601473455 6.901707494951789 6.460282661817736 6.777247392797417 6.434127902996269 6.460822224450766 7.002434973091657 6.889648447111002 6.142190277313945 6.549536521630446 7.098871438991372 6.904572274057078 6.737663231755689 6.523460272665256 6.576444430688047 6.59032695122002 7.2600436370135135 7.087041800231548 7.425618680440469 6.137827379816499 6.668416773167721 6.7106529728922535 7.024889353685381 6.505789366668951 6.308819886233042 7.075351280448478 6.387692295146113 6.34638932967875 7.297969022584317 6.940609668557287 7.373997275471474 6.713532827362534 6.776390602204136 6.666144229479637 7.152122752359619 5.858168403382786 6.602054053497845 6.605647556801233 6.626644784473835 6.155596386453795 6.564107837127553 6.296730910801889 6.783685994324239 6.787354809715557 7.325498951234955 6.642355966039879 9.956159329441771 10.613264908247189 10.197502990953328 11.901698914050554 10.74716905947896 10.98498819257759 11.160127768317928 11.077638528191239 10.059905465429592 10.851508544789715 11.088834430190154 10.262307068795252 11.97159540377048 10.944231240226614 9.639711001148374 10.864198646403116 10.991310737042491 9.13705627622001 10.217446755002257 9.262189292420036 10.915699794802322 9.796003627799829 9.43624210317207 10.609345539494548 10.729463449804054 10.29170303838822 11.180819626943803 11.600189829409972 9.76871651993122 10.900785289516081 10.595884748308897 11.896012002954475 9.631261177294487 11.797919685203592 10.526560912239496 9.314032699027383 10.95717799188736 10.306197707984165 9.49201890500122 10.460510747624712 10.420435162971943 9.849088882903919 11.166743057003416 11.241316828021983 10.852065473349603 9.462176727748624 9.968204953573908 10.718167761988582 12.034314845713368 10.49307545088078 9.929979062521182 11.150854380856948 10.848344907609222 9.751312345530607 9.891917536723035 10.728746510013998 9.138370184960857 10.643842130308265 11.51180713209566 10.477444624349626 9.982133555388476 10.48259621148619 11.30443499966441 10.980516423570204 9.520655360048872 10.178522999673287 10.257061430629225 10.585714119769209 9.740015778001483 12.732193255781311 10.067235327843624 10.590987138990362 9.785388067567705 10.260957790418802 11.118623661870945 11.486877058222902 11.106273645537652 4.95518577374171 4.764744102842491 120.91237399630367 120.23893945564326 12.151574629277953 12.714012634683527 11.997554773411979 12.117216448526452 12.513877711274645 11.087456655338316 12.331433449857508 11.812404425124681 10.761866576951455 10.757379148965855 11.622376943330853 11.971905718779887 11.608053583488738 11.496085060850108 12.328935017019619 11.917383624268641 11.368158692625805 11.75487772789834 12.315938153003225 11.905673831191699 12.923971271226586 12.616425080437619 12.771435011905275 13.826256931919245 11.702382565024392 13.572411010129239 12.831970500564722 12.01787743021001 11.64302324703931 12.547729388694725 12.457040463327264 12.008488849854714 12.738611104742146 12.520471350498003 12.410419601532858 18.05540282958765 17.66617816182149 16.2257465545692 16.56969934735394 17.05214260500919 17.94774974137741 18.268013294377816 16.784743636139122 18.03409675961886 17.102631827778314 15.399500832231647 15.633718929302255 18.95676237971948 17.25084782032394 16.81491499918578 17.23693424345672 16.269099204989544 17.475965230069583 16.103413997000104 15.812930342086666 39.86022940728822 39.602116448164104 39.884492075015864 39.9612368719376 39.86770576916574 0.3261947655337821 0.36239203727261493 0.3789000167583926 0.4157138385251293 0.332943628157151 0.3948459589575886 0.42062321093667876 0.34514974258789 0.35685143831516625 0.36352380348729685 0.3776676198650933 0.3234552889388488 0.41879162996352626 0.3408911678664502 0.29172547231078017 0.3889804047927927 
7.389362684702381 6.639896517742139 6.440403379300025 7.080534959875558 5.866372059526497 6.608537225542425 6.413944988582927 6.93937290013952 7.001736737722434 6.691977484213675 6.979806795961527 6.525913505344341 7.070390083041231 6.745529472057853 6.831010018107992 7.095929170921097 7.124625000920434 7.162899522979059 7.029587324261089 6.407857153984238 7.079141193055946 6.470338995416593 6.9506214823237205 6.749779911883583 6.9340962072397545 7.573684148153615 7.203521549749716 6.628463443195482 7.08617308727279 7.07606674912874 6.781643022906798 7.100126525154027 6.9739825588154085 6.6204262829561324 7.259690289220915 6.53056626207741 7.44999429345128 6.859494642773456 6.74889535360045 6.61328757585213 6.63231823449378 7.388867970755194 7.148233437514837 6.148781079752172 6.034631372438352 6.340532043654469 7.585538252638537 7.383566605403039 6.477806672728516 7.003783777440604 6.871924616634197 6.565071102156473 6.619711973587238 6.934588478531027 7.2331459613169855 6.993582136675645 7.410830110227443 6.549945274429497 7.456317079987868 6.841612086167765 7.189556276336013 6.5841923110756495 6.259522027705755 6.334506552380284 6.286041444531447 6.988915556294626 6.861152831410772 6.877736855019698 7.177173707550351 7.0301063849322825 6.384711556341629 6.315070807906256 6.806458399692772 7.01130730501462 7.203850659628786 6.781005615803401 7.01646333692871 6.610072658714159 6.097770762377273 7.395001992394943 6.715756403117839 6.345952687042556 6.707628147759176 7.291072223500958 6.6882498332030265 6.854848507605699 7.12884028929074 7.443097294169514 7.872853366107781 6.421146071812855 6.942635645039956 6.838166604793368 7.125726139868471 7.094113825494532 6.956954106217095 6.949866892605037 6.933358603941284 6.8587577332558025 6.909254064070284 6.494124525210644 6.725531404008862 6.452400104932585 6.437587936911098 6.985406412422748 6.859712274567981 6.150897606425121 6.528749992679809 7.073434191970447 6.891981845141439 6.720126242994409 6.518683726599421 6.579038517429712 6.563491673410102 7.215325402314756 7.089028456084673 7.424513249807142 6.163601094454108 6.6762400372367265 6.690644234013007 7.001305855481019 6.526559775043864 6.336096467759912 7.058442000550188 6.395651726617712 6.347311845468685 7.280440233195673 6.900123393526232 7.391490398922538 6.675764544617965 6.786654170105157 6.630621386778468 7.130874695704492 5.891758570643801 6.592221923191152 6.612998589216043 6.609780616161257 6.181280987137034 6.543588968889906 6.321131267756302 6.7942370543223065 6.811178261989088 7.311754306639735 6.6453613345300795 10.014839005659283 10.655448518386075 10.267724878810844 11.973398298298779 10.806540597608869 11.072409217110039 11.280185629958584 11.140631835661786 10.1373325633035 10.922837505016851 11.168968913060048 10.324860789603491 12.097975196380204 11.020561612888743 9.754883329647882 10.90460389717824 11.09236073536563 9.173811968765294 10.307094154201257 9.312674561981204 10.975109292779273 9.867708208638252 9.526661364883571 10.699672894843182 10.840003585174088 10.368007589360332 11.25299503741488 11.648556590159998 9.86029762488995 10.959990767823054 10.652442977191662 12.021389751767652 9.713951640209839 11.854609729054882 10.603343981542457 9.363774619592833 11.036082061213234 10.386518324480141 9.579197256987445 10.527825611571583 10.487834711004686 9.907519351308386 11.241012146058889 11.299391745391917 10.928507356640862 9.563651499352586 9.982027390512927 10.76513113381062 12.113808051630556 10.517901682819208 9.990495256416718 11.257577599356958 10.875944847841147 9.841875840713962 9.948345018430222 10.795467791625333 9.191916072772502 10.76503752851945 11.618396761770578 10.506514712953017 10.060231320904391 10.557521152670503 11.379679427504163 11.099982833992199 9.62615795210376 10.224130730241043 10.348836190196849 10.669620778012254 9.808689333345601 12.816337602733116 10.146977758651035 10.737914046208719 9.84828125588715 10.348203542000386 11.165769852616693 11.595058919117994 11.172426426348123 4.663284604188151 4.4815005704099375 120.62427809243552 119.95465382524901 12.073186437394364 12.614077927580695 11.905289700809803 12.026431604215512 12.456575897240754 11.00393641913588 12.27476563163555 11.717319203495354 10.673326287249893 10.658183930968633 11.516291729615439 11.926122409400884 11.521295364484642 11.452016863529822 12.23216425899139 11.853207907632394 11.28468024683402 11.692747523862522 12.204025449253622 11.825243156583774 12.85478284215436 12.533120932671864 12.66939046324589 13.759893043350818 11.587853061749678 13.47610017294897 12.751267806056248 11.891027149198939 11.539491499162216 12.465953482373024 12.3345659688905 11.913085068091943 12.689227421542197 12.445406531183641 12.325822884694903 17.802250664711412 17.406678506564337 15.987593218615695 16.32110945074425 16.803646625313966 17.708628558218454 18.010011856503418 16.55723986421821 17.77113587462274 16.828976009218177 15.147820419752684 15.373912674882517 18.707242831929133 17.00526365870672 16.593207141217302 16.994455239109595 16.031365564310455 17.223415391151853 15.86214875001246 15.56082016420988 39.833264625371676 39.57927936101883 39.86228939254333 39.94560865824707 39.830689322644844 0.47132145667840736 0.5019854604924088 0.48383287283926124 0.5681816725457136 0.465547298803289 0.5227402941551886 0.5480044733185399 0.4733903654221473 0.4940862769169299 0.5034042442445419 0.5064147153200887 0.4616481344893667 0.5364207955058229 0.5033738394395512 0.4317456139646398 0.5466055014359833 0.39914955876016667 
7.102234206574404 6.337109025954993 6.1317155790489295 6.762584098792072 5.576735246754197 6.32549512841078 6.114065226540143 6.623460419187759 6.6820522405724425 6.393745554469569 6.68470457069581 6.230776810479412 6.7533554014926445 6.444498090308768 6.539099945041613 6.796451531816365 6.8180721429306015 6.8523232777919585 6.754179162516817 6.102404419423276 6.794345222045022 6.168303517667535 6.64659464440467 6.450977203814309 6.633937149321965 7.24413944557969 6.923696928416213 6.318622456400031 6.771090348831816 6.767326280159183 6.472245157304191 6.78589264469198 6.6764082513349186 6.308821645042862 6.972411813079927 6.2389566642221155 7.152031460127681 6.55204717872524 6.429808322022893 6.332554259183281 6.354531653447562 7.068327314833037 6.855506575511672 5.863080738196743 5.7637498973565515 6.042754059850886 7.261997906298065 7.074457045219666 6.178096483587462 6.667232838132031 6.579019965361939 6.270553137622311 6.306324102677668 6.614949437243938 6.934211583433542 6.695032339410974 7.1014520339910625 6.263805371060813 7.142726097385055 6.543547076029925 6.907789340033315 6.280959804037932 5.9547230527971 6.046960112169722 5.999378990318925 6.677143321154081 6.558469711789504 6.555982055745891 6.865410632387351 6.703648334310641 6.0910418976742005 6.018305352914113 6.503267789113599 6.689719530886857 6.881682835102682 6.482773485134347 6.705993115344339 6.298001630590877 5.812502311015435 7.075437115316696 6.396462556656589 6.032522580430682 6.402139660820717 6.971757225876449 6.406833498462384 6.557983823059558 6.808854352893418 7.169454904317259 7.547015502454489 6.128014129563047 6.661048116714965 6.5171450153683335 6.8167649780543265 6.81398483373893 6.646141217241197 6.665991477068237 6.635224449403113 6.582196312794589 6.6197575226819065 6.2124544545893485 6.421134177454962 6.168796707136849 6.13753353495305 6.683851724337051 6.538773004163232 5.846486920938122 6.223181630263006 6.767419114336308 6.596530891719875 6.4159132875077995 6.214645216680155 6.291151638961779 6.251839445538395 6.892643588871249 6.790326125348551 7.1334334375079385 5.876624183417251 6.383774111651368 6.394253920635613 6.699102085039545 6.231477682708203 6.057625883812276 6.739310314681734 6.105984733150302 6.053854765988409 6.978773797382909 6.578208305566687 7.085851047861659 6.376556104208176 6.4952523060131755 6.340799465658962 6.816055848251638 5.646318787774618 6.3060007403873835 6.3120504050024 6.286952772797152 5.900009676556054 6.232624163454268 6.015489750648753 6.505230462075094 6.526223076097667 7.026805906585328 6.337174126970417 10.301778984072362 10.928414073750757 10.544268389774503 12.299517568506676 11.092774098003977 11.373267715716993 11.624607924692677 11.444738044032853 10.440730535037687 11.212033925611143 11.456807624245615 10.608940644818778 12.434524263693113 11.318430123437368 10.049847769256662 11.18343620241946 11.400538068982792 9.426387211990091 10.587093638634865 9.579261913717856 11.271061913002333 10.161958411847209 9.81073629044316 11.008001017322373 11.150415918271745 10.655628651098013 11.589110693863814 11.950972231830509 10.138248046693269 11.252763840005684 10.935101420140352 12.343573116823077 9.987277175513745 12.16264959647243 10.869142908133954 9.62007661285908 11.351449050218369 10.67169868868112 9.875925511505091 10.839003968940448 10.75957604538067 10.168941995439376 11.55578541641954 11.599561145696642 11.226618847202694 9.827926392153007 10.239711094438386 11.037698996176943 12.4120705990295 10.783632830987681 10.264441360683767 11.564669665494879 11.149761280311232 10.118669516586465 10.217217731816687 11.099794759081327 9.46984573147719 11.079065786869412 11.93569564400535 10.790204217098106 10.375607834289056 10.831240629687223 11.688497079240024 11.396144072943661 9.9258066430394 10.501199140406335 10.638666712276935 10.954692234618715 10.079072676571792 13.116660430797374 10.426412443977531 11.076776702086637 10.13291869117979 10.66285961436105 11.459347714042428 11.923130454757832 11.44097060352735 4.635136820135209 4.439932243680994 121.01028063215031 120.3335134204563 12.392809435174842 12.941641605673253 12.227555762528329 12.336757832726926 12.806622072319325 11.302661686270605 12.634523900610724 12.021727241203648 10.976578424984849 10.962690182880113 11.82593050735235 12.285725549707113 11.84635132237449 11.792728378129539 12.557686993611672 12.173725147967934 11.608040845995625 12.019007795834446 12.525372176787377 12.161656839503506 13.223123501285796 12.872044413029913 12.991115215671792 14.122593237775822 11.89157914609569 13.805006938705588 13.088751827963524 12.197370736687553 11.854936095906522 12.797934178487465 12.63589166664379 12.236997134682024 13.039692904754599 12.774894579759899 12.661315582176954 17.555545393985792 17.16775565859083 15.760209990753081 16.09119671424136 16.57948047128613 17.479233868185162 17.774159939414186 16.320893789215223 17.520301388842896 16.581658128158022 14.892903953962412 15.125724831272853 18.495132733294405 16.762549605759347 16.37320017545653 16.77281066518376 15.8045514584629 16.980453174012588 15.624884470752724 15.310738647864548 39.98708109884023 39.729639261901156 40.01764744453295 40.10095078412272 39.97662957131998 0.4909184515826064 0.4934192538779967 0.47865423393885725 0.5919428912424146 0.48705480572401716 0.5127445527924905 0.5723337096249033 0.48512810781489035 0.4942929993931959 0.4959575936700846 0.5195854673279519 0.47126997085153066 0.5220997448580507 0.518405384070073 0.44753206986602523 0.5533338226813068 0.4168112012178888 0.5322774219176865 
7.766584140354267 6.983862554374474 6.773371050700663 7.456850868915306 6.1492693181598455 6.954556022487488 6.727872709407429 7.2803344299137365 7.314261076925654 7.0083998702717745 7.3090748133486345 6.863924954762919 7.419665999032925 7.095928890122146 7.180254157630744 7.448372787874386 7.46020386742036 7.485461588082995 7.381733414316849 6.692517839433894 7.424475640608961 6.800658196587637 7.296670651215199 7.081807524611241 7.2705451736516045 7.951042581568421 7.565125341546036 6.966529735002989 7.437767403867331 7.439616411674568 7.096109908566145 7.44520818887608 7.336442222158222 6.948001044712409 7.627107110304204 6.855663812635761 7.831288604536877 7.238302396422622 7.117938883816082 6.906118299338308 6.975405507691455 7.744555229062524 7.521667233756836 6.439453777516664 6.323160474346159 6.63473512124487 7.969413142172097 7.7395989988712754 6.778990374638836 7.340664546319808 7.22755559130422 6.865449949204406 6.94556121785663 7.273730260158478 7.610443407245573 7.3202130939155 7.811712348638905 6.895425190123366 7.809242250167078 7.185653583635824 7.537502695337675 6.887663498767709 6.562679086179162 6.647494468701165 6.604374512144441 7.3374164664027886 7.203293025481866 7.229125669040168 7.529261181472173 7.38297190423957 6.701508466331755 6.6410027194763614 7.144622564757372 7.335055825150639 7.573266406042054 7.127261299910841 7.3649172277315245 6.94270621100396 6.395650822248022 7.747913694481389 7.058255185890929 6.654636867097487 7.027467152207857 7.65014636325794 7.020414900931143 7.192697398224244 7.510942345361236 7.827088357676807 8.25302892277504 6.7511600783521555 7.301079022064024 7.17914584293762 7.465787816544913 7.461368568722081 7.280852942671253 7.308720469077171 7.297897686920978 7.219638929897543 7.247385208395091 6.775425818284377 7.078771084552686 6.758953518509299 6.757759991063448 7.349225968586322 7.198377421528822 6.4312348858827 6.8737518366912145 7.429833269328764 7.27030814632369 7.0525183777428895 6.825523784722325 6.880806222941189 6.904310047063905 7.600613254218245 7.423366681252052 7.791242976564541 6.462805048622475 7.004765906115169 7.042329793727446 7.361404883197031 6.840082292485172 6.6412720810842485 7.395306753697668 6.702292619885338 6.639578250628829 7.665228910234942 7.260019687903045 7.74864130117439 7.033202890846383 7.09242753926172 6.995185026986827 7.477358117615988 6.192014298841098 6.914796420431843 6.926288914216725 6.94072128811125 6.491748263738208 6.864160824068828 6.600491580643005 7.10890697449365 7.125643838367259 7.684587232036359 6.964815219404319 10.260851251421911 10.89588462226429 10.511389562328308 12.208885663853588 11.054802456777287 11.312870285660024 11.520943447178691 11.397467452598136 10.378311824527891 11.155111619476855 11.42091265582447 10.580332740782794 12.314543613551452 11.262706106225679 9.951403332812648 11.18668643314749 11.349131868498343 9.427343732432375 10.572204146563429 9.552599489414286 11.242159538169195 10.109994142164355 9.759360713256918 10.92324329215716 11.070110500972515 10.586668233725096 11.5140893460611 11.886166409831194 10.099754777767407 11.20641945461048 10.895563887699385 12.257708468749257 9.970715808737843 12.10901764128256 10.864076275197279 9.621333484387439 11.253300293682788 10.622446300982888 9.811574426516573 10.766400859367982 10.768672156167861 10.177127891116706 11.49095727802596 11.539552393073361 11.193585282004571 9.798075245910743 10.231011574752111 11.038383760044335 12.365900904662448 10.764082588417997 10.26077314654627 11.501107091040181 11.147510535175734 10.104732304901082 10.189108556506516 11.028785322625025 9.430715489148337 10.98105960939309 11.848191019705103 10.751466543917623 10.28602293707919 10.7982081777557 11.63710195636234 11.37328262062479 9.842136878549471 10.475936408231679 10.610362982093791 10.89908590226793 10.04349234696318 13.073192232435733 10.40091981712152 10.947832816447546 10.094755750959447 10.57406164682888 11.380184129405102 11.84375539934431 11.426768217817843 4.973328003495728 4.795455764450086 120.84602848518988 120.17975337629639 12.397524381416929 12.952131384018285 12.231057453369008 12.371138582776108 12.758847938165895 11.303932665600353 12.590565762573913 12.057739294118143 10.991877259673323 10.990066727647026 11.856558587975444 12.217916202983224 11.835180418583867 11.767587985742423 12.554015567311833 12.178253519188711 11.619821581938206 12.011515679399274 12.538198554285996 12.133059880068105 13.16411396592794 12.857681347868686 13.03345713658452 14.072677305479319 11.961310693208567 13.823348977664628 13.08165311494035 12.24488348384605 11.872187209370704 12.80658241965969 12.68136804213735 12.259598546893715 13.003471910801176 12.775603462348755 12.674336317948342 18.01632167803613 17.63234722310574 16.21230234207354 16.537360862345725 17.00856483985616 17.928622659151035 18.23767251819585 16.75184551234345 17.983438609095526 17.038220619050488 15.35555732782073 15.591959969227112 18.90993500566392 17.199352939058354 16.776025296557542 17.20407869928647 16.232319302124992 17.458016028093233 16.06030919736077 15.769272951325512 40.35514183836748 40.09852009190082 40.38527268143398 40.472076569398006 40.363786086331956 0.3523973567916617 0.36538650242812953 0.39329814251249007 0.4318946644325319 0.3781646189654513 0.4325987489456813 0.4467626236670834 0.4279615091437736 0.39242090520811523 0.38663591811604253 0.4147706155254205 0.35737420013616406 0.4341599240202792 0.3807232258540959 0.32373348672435087 0.3892967723659662 0.30624678626346863 0.44559339507598195 0.4604908159602342 
7.409799747213551 6.658454805273547 6.4547041592236045 7.114956715931759 5.866905061752275 6.634835579198326 6.417162492039112 6.9516993104392295 7.005392768733064 6.692471347954868 6.97717577810776 6.540166164060029 7.096111277505486 6.765074024607541 6.8396068832123404 7.1084463511327 7.122283152878112 7.161159336029691 7.035673551505238 6.399571305234863 7.0924595302129205 6.483032269012535 6.965102718089623 6.760425226303826 6.9411121252244685 7.6033739645711265 7.2184473927319965 6.651630639314388 7.102471062351901 7.0995943432141875 6.787007333250453 7.114552204287547 6.999094458765836 6.623131032658671 7.276081242544278 6.541019257127812 7.4863015923665035 6.888480006905464 6.785591712816713 6.598388823275068 6.644488475029069 7.3990257925968885 7.171943193820624 6.146260411838637 6.032414854008583 6.3428555355744844 7.608217116498475 7.402882492884023 6.477961268810056 7.019355570873358 6.8911385509344605 6.56611177619848 6.628045120838845 6.955171221970921 7.260311625041935 6.994247172185572 7.448749454312665 6.565449504785881 7.475791086673662 6.847979024948797 7.204579211677554 6.586064848993077 6.2592472616463395 6.342102767428877 6.2944399136243065 7.00613438230367 6.88478804073822 6.904372396565684 7.193103759618175 7.049420648811801 6.393489237212714 6.334962201193891 6.8150117031202955 7.013122436323968 7.235771815613143 6.790189026737696 7.035760375643467 6.6274157976679575 6.1087664099199825 7.405881264549768 6.742137673455493 6.366982855306995 6.7108626278825785 7.3115526901672325 6.70462243675251 6.865753771025654 7.1614935984075805 7.461196343765532 7.895293951752229 6.434448761909239 6.958941529612636 6.867613545402761 7.13509292712692 7.1183120084567 6.959993355928988 6.956054469655525 6.95387619246458 6.87767310763253 6.914136179142212 6.476881292897426 6.756337902467141 6.451938014878988 6.454602420414822 7.00741020388879 6.877480768057081 6.144540497184637 6.550548439835617 7.094981477429097 6.919020086602689 6.730263419067037 6.523222959603919 6.579390227521582 6.5844570758769105 7.250279865851985 7.09194460869498 7.437701270841072 6.161426049980823 6.682186203537411 6.710549353964004 7.025875647889995 6.525841970894351 6.325993238059342 7.070025533887358 6.398773910133217 6.35079653067455 7.304786532402263 6.926427208833564 7.399591387257262 6.7054469805146075 6.786423357849844 6.660337426441683 7.145649794900116 5.887494463496942 6.597977488256234 6.614986712697007 6.623957335153623 6.181029362990165 6.559176784278723 6.309491351957155 6.801037946729757 6.809687350754118 7.332804745290458 6.648715114323219 10.07549759893728 10.715149207551244 10.321405686700295 12.025532493318815 10.861972851309327 11.122556066961558 11.317072141382836 11.202112405139216 10.189083375280884 10.978396498923324 11.217139256281122 10.384368419007112 12.123837278499892 11.073466064669919 9.77745599982377 10.970866076892628 11.136447188539897 9.239422937424575 10.358848957619914 9.373047342229551 11.035210784376641 9.918023790877289 9.570989893783663 10.74149910485883 10.87578743080031 10.410374470089547 11.312537501172558 11.705929276209519 9.896490510481271 11.01967813773035 10.70371804387353 12.053478129228198 9.762037144564022 11.91433740381699 10.65494798394756 9.425048249935807 11.085242807530127 10.433727432449478 9.628475079956159 10.579390109345859 10.552775622734472 9.968792015572792 11.299465517839156 11.355279252654244 10.984623807709891 9.6005092991594 10.055867423227674 10.829725169691505 12.162028366649452 10.586947663601071 10.048886829543099 11.298447661652299 10.947241456093007 9.892961696136654 10.001300654929787 10.849370236959471 9.248693488646758 10.79320445992905 11.653084265328818 10.576229738151204 10.11251282415449 10.604288813042505 11.431340475490499 11.138448211761933 9.663705484390855 10.286221531577583 10.398725809719279 10.714951815338306 9.858338566844612 12.867153192374444 10.201629910659543 10.758751617013846 9.904576592640412 10.397815422650629 11.228207801900862 11.631882510032485 11.21777927576944 4.887790809950449 4.701154784696656 121.64332955284188 120.9661454443549 12.223156448680982 12.774526278629116 12.059831941640251 12.18408763119964 12.593431520098893 11.152106267921717 12.415269330836749 11.877135035366635 10.825061133302485 10.818353961988423 11.677675226743556 12.057895662164297 11.672998765396581 11.587949905323978 12.387516236643568 11.999981287253565 11.4382761168444 11.835076744995636 12.369029570118068 11.97137646666559 13.001561006231409 12.681919396771226 12.831106121661794 13.910416443471075 11.759800414396665 13.63102385972521 12.904446197160217 12.06433289050707 11.703510894041267 12.617312988768917 12.505759363521095 12.075207520717525 12.824291326042427 12.595545136723514 12.484450030057541 17.942935027204346 17.54875408184608 16.123343055914905 16.460063293183943 16.939833744775658 17.844487498820328 18.151115941401333 16.683962337242914 17.91064823431152 16.975641671728138 15.28679920684325 15.519933969104487 18.841282883036197 17.134570719857518 16.716943720883755 17.130147232775883 16.165932945634733 17.366396359645087 15.992671254341666 15.699395590301377 39.967463573840284 39.707053779877455 39.99318243033107 40.071609748767635 39.966264340403846 0.435337308702228 0.46122307739872875 0.4667809269805113 0.5294792016934072 0.4356864534407292 0.5026338419721267 0.5244040728929361 0.4560664390824229 0.4631677889567122 0.4650272648214597 0.479008432599626 0.4322934227673276 0.509629218158432 0.4600448437046898 0.39771081993857127 0.49593862936877525 0.36480306499111614 0.5004873262833596 0.5119193434839806 0.41075484569949067 
7.365124037938093 6.61048398217131 6.412036655730385 7.019924617114398 5.839389479160846 6.588239331956617 6.373413770124173 6.9091925919567965 6.9529860962441585 6.674817036917752 6.9572076004701495 6.484549015105381 7.037034637991033 6.704391090642432 6.799378149185035 7.072918003018925 7.087835799924862 7.151751755772159 7.035150603618291 6.382048466213605 7.063214943678883 6.438205461876485 6.917307520063792 6.722405161798235 6.91415208676644 7.527807307284149 7.208845390194769 6.583584887441668 7.050373781040005 7.048646860156248 6.739583959204632 7.071466184784575 6.934245540625712 6.571439165168379 7.234417646158085 6.529508537309654 7.415399565250562 6.800431828701448 6.68849971789022 6.6110198215240485 6.602929915410939 7.348108348599507 7.114388295978155 6.1262038142357085 6.0158122481062115 6.298579131282719 7.544475749051371 7.355777329909297 6.443437886060978 6.960563210309373 6.842945151900038 6.552055933337866 6.570674893875092 6.903580171799098 7.197650058233061 6.981514478800993 7.364056714336808 6.526667542121331 7.4316016197670205 6.82192403936999 7.180689492424212 6.559559755184205 6.229203059443544 6.308221621942706 6.263581864669292 6.972993470244653 6.836560360871754 6.8179034404542085 7.119811664870913 6.982909680913002 6.345564258469211 6.2657624639194305 6.774499882080071 6.990939722178459 7.160226817190398 6.749298243024436 6.980021691533873 6.575741168666053 6.080481926455394 7.382230313580953 6.667787846973025 6.3055959861159385 6.6695178538165525 7.261096234559531 6.677211209918022 6.823977258138909 7.079649474875362 7.435370771327403 7.838981219322354 6.380669833454621 6.931661666212523 6.790508835104353 7.090169351826424 7.089261303143874 6.921007909658408 6.934261894679913 6.8929734540248075 6.828039393247574 6.910272503069064 6.493246811027723 6.683235625893837 6.427343544947366 6.404749362218183 6.9529693020727645 6.824706154368267 6.113488647939778 6.475722529851387 7.027529551553432 6.863154217818114 6.693688479242746 6.500492077327817 6.578644323958447 6.51661989501438 7.157892218462822 7.080177177483944 7.407654628057596 6.113235502532956 6.638182370307766 6.65548013411011 6.971205918081205 6.489122080792879 6.302110630471623 7.023372542831253 6.379653831745864 6.327406056600667 7.249254047636314 6.855248044277466 7.3620756584955025 6.631044627078753 6.764468503099851 6.589575081970382 7.0918584728574885 5.905105235185208 6.573296312271989 6.574664206856128 6.562229712063788 6.148000981154216 6.502768748294184 6.306260597816883 6.769601600088387 6.7963634514357345 7.297409398480822 6.607817085790348 10.060331577694946 10.695483581180621 10.322774901537668 12.040383543769765 10.847772124673273 11.110648280586567 11.36878148238175 11.192867088313063 10.208720587671534 10.938173979592644 11.223272284107518 10.357372125432812 12.184235103658434 11.073435979261701 9.852334310465102 10.93222148859031 11.177970035577866 9.210286773096382 10.338882121156717 9.35584235833481 11.039569507233987 9.939136133251353 9.576927117367523 10.752434485159315 10.928821119782834 10.444609139167497 11.322997846112738 11.717511079534338 9.944735061075859 11.00316618065121 10.69821093000754 12.096764196124374 9.768440488594202 11.923488142061805 10.650027159247001 9.411604870678374 11.090518201611616 10.446251359400259 9.635673186479373 10.598341494372926 10.506816143155028 9.953315859486422 11.311081566327772 11.365898803315638 10.971449526060598 9.600932816712884 10.012276992253327 10.802437583316115 12.15991506591031 10.55496562522991 10.039053243389123 11.319229019198511 10.932002443272824 9.899234369964628 10.01544271983355 10.849815545710655 9.249997450451268 10.849630936812922 11.68912920683568 10.559066055906712 10.11516181416412 10.617316155501012 11.45010800649178 11.165229553163519 9.692895426770615 10.27985342753652 10.42801157299438 10.711676659556838 9.857625800873656 12.865180159234686 10.175789063413475 10.820209674149014 9.892324892083435 10.393062925638821 11.208166943188282 11.660803527073348 11.231561082338178 4.406948513261972 4.223453682817771 120.47455881257505 119.8008018754689 11.96788726036121 12.508529747614899 11.815885632544212 11.913880929171341 12.368301733630616 10.891153243460511 12.203114953341691 11.584688002091688 10.57305603308203 10.557717711792149 11.421430389762705 11.856371629359948 11.419874141274056 11.361624264601753 12.129716314969459 11.740331898947723 11.189979037850517 11.59695373969917 12.11292490642906 11.741882346226129 12.7873384392558 12.449578236139372 12.580364449486492 13.677355599288315 11.47059405569266 13.382741365109908 12.651528556731966 11.780664660466089 11.426782890249957 12.368769967858404 12.21428811251665 11.818133688732656 12.609211403468278 12.342739953285554 12.235153381221687 17.36266027769486 16.980206461738188 15.565183685210398 15.896413382561056 16.386019468836814 17.27251621205153 17.579660303644978 16.12652040913885 17.329614101666905 16.39850135591347 14.721107525024427 14.947173719107317 18.2847924337252 16.57176520321502 16.173603945932012 16.580622267742626 15.601411487208939 16.78350342435394 15.433487851926968 15.123428272739867 39.41982610061708 39.16543747748637 39.45262195767977 39.53471675269936 39.412685911545935 0.4421090857793443 0.46431962605283644 0.4385870806156833 0.5362508708973714 0.4494400702349881 0.48079090075226555 0.5143221718091756 0.4400646621379557 0.43879135847973094 0.45600351806129963 0.4899490448083178 0.4298767031993369 0.4932869565317999 0.472696923082884 0.4087879254022046 0.5353990208243884 0.3699612279927516 0.48697643566080207 0.48975410939260833 0.4201273583531608 0.47097748972610026 
7.376856744301015 6.608758413146283 6.419900838091177 7.024272427850518 5.8344052851686685 6.562116651178171 6.377384202478605 6.9128044258690755 6.948415314705957 6.676058596090484 6.957059589321776 6.491888886767939 7.016002683363703 6.710182655070729 6.8096563671776265 7.0700097078075705 7.105708495616483 7.15361995824 7.029621854193907 6.381454969087263 7.042662411797183 6.434461597012712 6.916015568651381 6.720724203870809 6.913629744442418 7.525555330582473 7.187269114436243 6.5826816076430585 7.047641320177593 7.052342185098919 6.733617759137001 7.06159331037949 6.929105781918464 6.6057084011409275 7.239526571016146 6.50540810477507 7.383954793837955 6.841519045501688 6.703143055268644 6.604078159807015 6.603944382967847 7.364370887794272 7.114369417535619 6.115298830933783 6.002742268674467 6.286913353393107 7.562459811720174 7.340062358397136 6.443566489919253 6.95855610318059 6.843602072745362 6.531623868889219 6.584446040372732 6.885344452792858 7.1980106808188395 6.96242784358549 7.372921138469754 6.522436557618687 7.4209515175753324 6.83392131942947 7.143664622431467 6.55007862985932 6.2275630511378175 6.292991659641197 6.257395878345342 6.958754251398136 6.8151605114815 6.819182223110881 7.123537724331847 6.989040152450536 6.352915211529109 6.264277353663674 6.7711446716377335 6.9859740216371815 7.155174551050745 6.771358093128167 6.977408976389046 6.569592148177101 6.050471619738975 7.367239982331322 6.659111493370887 6.289566027890608 6.673200661641735 7.264715123460617 6.655554235091264 6.826974424147186 7.091227547027257 7.432467821945756 7.8373630128005605 6.384053961275804 6.91747459282273 6.767002059027419 7.085666781689225 7.063361206748434 6.916913742902411 6.961855131358108 6.90163156565592 6.8266739026255125 6.904424868669877 6.466373683848762 6.660699244851007 6.417058884937496 6.391827123267846 6.959762186739398 6.817071115500505 6.103884276649685 6.488412918792723 7.021712441885986 6.8866950122654345 6.682542761811877 6.479510460580332 6.546367732289234 6.517426092932992 7.180071528520436 7.068060588041565 7.403615733908028 6.130163270272059 6.642464719622026 6.654391979428375 6.9660152379612805 6.500280430941979 6.309785393192723 7.0152651255415055 6.368331382081152 6.298723133452521 7.2634092264418655 6.85958724371204 7.386428670036902 6.626855047321529 6.739397963746318 6.587329174925859 7.08618420654187 5.890570971415431 6.552581986523127 6.573652134083482 6.574397032457462 6.159021676695725 6.491163763751595 6.297372430323752 6.750154720478979 6.785794067275957 7.288487821641173 6.614051841695285 9.896903494809555 10.510690718235718 10.188305334202028 11.84623837299392 10.685265956684672 10.963118282375085 11.20251828905124 11.043696727142276 10.042633104313587 10.783489083042788 11.063477851484645 10.217822237339123 12.00505426800054 10.921487103262209 9.670695337511793 10.790960327699853 11.019525819986244 9.073054397503318 10.219516260747083 9.206847837611088 10.871928513754522 9.774754211024337 9.443000857453729 10.591246967588035 10.758609117932378 10.2607664254637 11.154873866691245 11.513615640509494 9.77834988293447 10.845597960242893 10.53447164283349 11.938282891205999 9.629121916746167 11.73395247081659 10.504037655765943 9.262932300944458 10.912791192942889 10.267879056225775 9.487657109355645 10.424758044870023 10.396250176732272 9.821401582761185 11.134364034749307 11.181816124552167 10.82714892074559 9.470982614427935 9.838081081174508 10.65529963608116 11.988807741564454 10.376883813952835 9.900053141277777 11.17688064848445 10.753756692583462 9.77780746980493 9.850410215445507 10.66457948086739 9.090623160339065 10.687549559075727 11.524626677701878 10.37794801028037 9.951322380290703 10.447104847391326 11.274556455323149 11.045259414859013 9.546806886694693 10.11484735954597 10.293917005369263 10.552600561836732 9.69410208603532 12.6882357317046 10.048739871026045 10.657457058387884 9.735976260840678 10.241869366783204 11.016878955100266 11.507227920308704 11.050853563566799 4.433531545200052 4.258343754379435 119.56014109802068 118.88631141375207 11.804596472130614 12.330958623474377 11.638713979983022 11.750430214245936 12.187214412410551 10.729103117104057 12.019704717056815 11.444276462743737 10.412640256041543 10.41062537551916 11.253734666336966 11.666446177164685 11.251815763156971 11.204348371320556 11.946759253029297 11.5932872627695 11.036720171990797 11.428492879912046 11.923933480633536 11.550558716433194 12.584998104469129 12.255233027761959 12.396274994996691 13.467328157520148 11.323697075707665 13.181012200350855 12.478006384944099 11.608407338948409 11.268350800750797 12.201816681035767 12.043113102786082 11.646733582642828 12.419058062093391 12.179078909306059 12.060797728262452 17.289915448992744 16.897608009738253 15.501913058505352 15.823153769624875 16.299326525907173 17.19521574597949 17.49254365029851 16.060516597498204 17.255789449054067 16.313298497721032 14.657926690866018 14.879211436000917 18.17597241207705 16.49551852847429 16.09470330462993 16.4837017777143 15.534516767058436 16.717355690726798 15.369126544622283 15.069098166512271 39.339982076013364 39.090973437846365 39.37368372594469 39.463429536218065 39.33697897192342 0.4308688989310444 0.46033973979418213 0.4302100186404012 0.5321615128267404 0.4438279194557404 0.48177521255067907 0.5138821768411179 0.45551709834209536 0.45756670655992615 0.4654749828286204 0.4740648361224022 0.42511210115182246 0.48351121181927736 0.4863460724803036 0.398057836131417 0.5124163615178584 0.3829550996979216 0.4924419164811807 0.4994841039154036 0.406038249571098 0.4759862294347567 0.45349724832999105 
7.422706911338711 6.607941016700367 6.390742275893034 7.026715805744954 5.825503893774343 6.59205199640893 6.379582533481044 6.903528910434198 6.955230876425265 6.683604264613927 6.975839647418734 6.505029771857876 7.013814490103352 6.722098893075628 6.831997624744904 7.091903149643346 7.121713852163248 7.151697552470296 7.069899789213474 6.378465536194406 7.089783364186831 6.426009598653857 6.931446148390895 6.732291643017137 6.923271188765174 7.535716497386328 7.227064988215726 6.586334927228704 7.0509246360481255 7.059527592910179 6.7435210356230995 7.067150022554545 6.956194077293438 6.592960234075399 7.281209214874381 6.510560929755869 7.428092613147742 6.845245881451691 6.684721659437389 6.6285055805077 6.631879801544179 7.371292985694505 7.1489085536768995 6.121051592024645 6.029595016584124 6.302580615450357 7.561927686101837 7.358534455571753 6.454526394889933 6.922148815391492 6.8740685761378035 6.552162859556374 6.5775186772246 6.8766548428421155 7.2255666033080015 6.9802586538317035 7.387100818358421 6.5375711725049515 7.443661560804129 6.8364083734140335 7.197010410330459 6.562195128646994 6.208645187469519 6.315484152340804 6.268536151201356 6.947590989370082 6.8289249683064766 6.813143564823339 7.1397149334440275 6.973500507795212 6.369467363005528 6.270761546295782 6.779801014838114 6.9712918250873415 7.147950440707074 6.774364428033482 6.982331270836718 6.559646632406379 6.066426053144002 7.360347638792748 6.64612780753611 6.2832471570637995 6.685121426839156 7.258715466286865 6.698492041785535 6.841930032644572 7.082222547125212 7.49250786256689 7.855078782876128 6.3999947570592886 6.954624636694581 6.757621139408919 7.098867215194558 7.098971481040321 6.926198870366067 6.983532847981617 6.923426673569573 6.861530513534115 6.919499717661561 6.49223539097155 6.671097675921027 6.448537832566784 6.386127322514832 6.974489812880703 6.799729502822668 6.0901699929546895 6.486225590973546 7.043852059273154 6.900747131839073 6.6796691070099365 6.479896810139069 6.561904838518128 6.5122262790646674 7.166792413150686 7.0821923262281565 7.448245340886529 6.141883621342194 6.664971755320831 6.667835246366963 6.986182110648517 6.511930467833398 6.323326050997827 7.014642192966093 6.37809001980345 6.313025196200236 7.285277464573408 6.841702474603135 7.4068996382964265 6.638122373429877 6.7752690400457585 6.606409200637786 7.091117199296866 5.930125087915534 6.565600661585591 6.583654378277376 6.548281259645495 6.180157775768281 6.489031833411322 6.284407179090566 6.795777240843178 6.823748125032759 7.333551852074421 6.608040283140254 10.314214281638876 10.919200386767105 10.554778445777318 12.29793741504709 11.093386495994398 11.388248910285927 11.678743922872322 11.448485246846174 10.467378668826624 11.205457715186022 11.483235348710016 10.614903629696302 12.471925293958723 11.32889128924544 10.092587250406563 11.179828056462693 11.461298874259276 9.421461779046778 10.628556030952213 9.578643261926509 11.295156137504168 10.18385978671624 9.834775259873004 11.013811643452408 11.203557108245322 10.668301880769654 11.60662619007972 11.940878546596549 10.188224919031715 11.24829944972518 10.925070012135185 12.396320938862862 10.031898623890257 12.170755574646945 10.909273965484092 9.642321313707539 11.343894532885223 10.706133114183011 9.902606245395642 10.843724389318874 10.78786728279675 10.199495336615506 11.583790363490488 11.600433671677363 11.2533041510277 9.86839407724283 10.211306794146237 11.046968830606334 12.430961156413002 10.761264478818907 10.289725085697587 11.60268712618917 11.155055722077917 10.172775812757006 10.228351922040762 11.10383304567533 9.474692486497203 11.122188547817755 11.960939157313831 10.770317394435894 10.378794956502334 10.860487843880133 11.718499208792236 11.476089049508413 9.95516444179855 10.504520064632421 10.697662624548862 10.968698729951816 10.095495642924908 13.148351893781747 10.451389591288262 11.136163346169985 10.143583140309639 10.665243947452913 11.429301697820126 11.95661525275614 11.46794352865837 4.426636482963652 4.246548961987252 121.76656108069017 121.09059305255057 12.278660139813153 12.81508722778887 12.1085062570249 12.23344494954963 12.690025976294645 11.173652539546346 12.534168167307783 11.89719819872866 10.861807905536153 10.843699899523152 11.706089183482266 12.181140945591054 11.717018885004538 11.708329616156139 12.426798817609905 12.069216638794751 11.502227435267 11.92283439076519 12.40035757041536 12.03939660482348 13.107825981840575 12.758987125731553 12.896566776625717 14.015558872072848 11.785722334434617 13.696633527926155 12.970787075532375 12.069633165299278 11.724808754311532 12.687885419565019 12.50173297267279 12.134884561493655 12.94841769630687 12.663849108175167 12.567864431740201 17.24167185926837 16.859107104007116 15.469349521800336 15.786275121401522 16.26264569350103 17.179358010994243 17.464945858773607 16.01559454355436 17.19216336509793 16.252913216143828 14.594358791753224 14.826453718913447 18.165079945861834 16.437229855595334 16.061987097274496 16.472670780767594 15.49404869721375 16.683991252191767 15.30867716747727 14.998797434767999 39.951385453254446 39.690810062298866 39.98622880398939 40.072827758873686 39.93607553998448 0.4185527378838163 0.4013299615445853 0.39212591156132764 0.5068626058020783 0.42244218512016757 0.46050251094616174 0.4876744919140899 0.45439054334884155 0.41651360428486756 0.4131891361851636 0.4609434030224116 0.40843556718842094 0.4415701664879042 0.4529044620288918 0.3810394087729912 0.47393160404713475 0.361230813843167 0.4676755791314133 0.45931739758942025 0.38105738838609454 0.4449270267505574 0.42076363806751643 0.42215129286129754 
7.2683839754800275 6.5201103887259615 6.325050633616096 6.966478934502813 5.7300185091862925 6.496094626875756 6.268627493104152 6.8066603349941435 6.8399603032840774 6.548759340213775 6.827999047751686 6.397723431225203 6.944687091507782 6.621490389595142 6.69606985050989 6.962382379207677 6.967765341334024 7.014135545289536 6.9026440582096775 6.250690155576041 6.941597780961322 6.343945859667099 6.816043899712373 6.616891296505435 6.797589198782452 7.446636469134722 7.083059299227982 6.504866674895404 6.951240458754792 6.959545763241278 6.6280386170649 6.962790057112963 6.850630073618767 6.480057573532456 7.132446921682582 6.406587588844849 7.331868326426689 6.752359832104593 6.646593168830277 6.45561175751754 6.508721977126268 7.242480196551775 7.028793240951706 6.005912609948872 5.892804776936555 6.185545161216811 7.461585416529008 7.250271145984562 6.3252299162307555 6.868999397181412 6.749313687075675 6.416522576174307 6.477511659068846 6.805737239011505 7.115676839185711 6.843392437413602 7.306205764600668 6.430981979082383 7.319677981563858 6.712433251780433 7.054904282273945 6.434298573541917 6.1179381477850034 6.19916240209769 6.157474726069211 6.8650496037892 6.740194402592139 6.75258110818031 7.037752157637039 6.900739951467097 6.249912647731847 6.1915446667837255 6.666539229494456 6.863489134938806 7.087587166916135 6.656316573252975 6.8891234913042485 6.484263940063104 5.967083083707292 7.256646507966551 6.596745719318135 6.219735016086627 6.557579780283054 7.168067043409033 6.563294228094801 6.722719831805111 7.021981323000109 7.323448267759772 7.735786886708417 6.29121137684746 6.820071858610441 6.714357139327852 6.9803504250952075 6.984096181166105 6.8031258067269516 6.827311581391422 6.811533479545362 6.743699446096221 6.780367763317317 6.326122659938387 6.6078738271162685 6.302577119207493 6.3154221273359905 6.867417172056623 6.732138067766503 5.992956487891359 6.408847579803871 6.9410147522325 6.790899692371013 6.585663185485607 6.376085924131192 6.435985682580346 6.438435724168887 7.109753242440683 6.946518820159647 7.28928966669611 6.015354042305889 6.533328229771315 6.570035506036506 6.882504575687483 6.379199303007402 6.1838873792814395 6.914860722384346 6.259055555282081 6.202238598163166 7.164722161378339 6.782896502199832 7.254630364449025 6.563898294067174 6.627256917558604 6.52275377401303 6.991171758303641 5.768653315025764 6.456294864960232 6.462126851212307 6.478946175094338 6.040317199316691 6.408825587835066 6.162925257512849 6.644675133682667 6.6604919929995035 7.191527787793631 6.500616400446459 10.243697571086718 10.876241994147533 10.513283471572738 12.213884990285674 11.035775478147963 11.302778986639577 11.507189160253088 11.399679939071131 10.368834751583218 11.145347436639387 11.393963729113324 10.563763870481433 12.30888505807292 11.261477663733922 9.941940101889815 11.154320646977133 11.321806307549158 9.414683251231361 10.533648239446988 9.546415147471771 11.218010362273317 10.096507625901253 9.747445074314692 10.92121446152414 11.053909947690155 10.582756225804577 11.51019517246911 11.886708258519263 10.062999912378238 11.205718762377874 10.881213550341215 12.23930094310861 9.930360156882708 12.100986395462565 10.82306582180681 9.59009003437487 11.268635412109075 10.59112670096567 9.804116361736714 10.764392170413412 10.733963330746663 10.144251259165642 11.483858616804977 11.537767005123717 11.165483650553178 9.757856589153743 10.22296180676835 11.008690261928185 12.335165590006964 10.757194570336841 10.227496281106784 11.487198846699421 11.123422312824177 10.074896163927654 10.177031220791674 11.020617217709228 9.421756653376233 10.97416247962443 11.840019157878526 10.758148824558933 10.294106619618251 10.767321331281202 11.611217193951056 11.321176135295968 9.84279278443408 10.464348309309969 10.5876221422827 10.882402101099343 10.020046255067099 13.040529618196057 10.374841857087846 10.932849337957272 10.075133535659722 10.58324538596968 11.40423622165958 11.820811611680414 11.377042441478558 4.942272263704595 4.749024266911922 121.60089471515809 120.9172127060778 12.38668041344704 12.941939431938376 12.228094276311321 12.337708350590644 12.759355220892925 11.306208956989881 12.589089781773517 12.03752589935846 10.982280608085945 10.988404930135925 11.846929246659505 12.223783870300286 11.838825299659637 11.745964699045032 12.548229513452117 12.16381616215316 11.606229641194812 11.990885005013292 12.534140252915696 12.134835157577943 13.178940633221334 12.844133919462934 12.99158829465004 14.077873094751585 11.922722876421988 13.786506791265106 13.076694280039634 12.226109104365273 11.871470518148916 12.786952182661521 12.66702204852741 12.239286609254528 12.982773650214668 12.763968519139231 12.650131750825183 17.88293722815042 17.490759433284715 16.067585845831722 16.40233509411342 16.887834460835254 17.782079981670996 18.090932067967827 16.622249596565734 17.84921105851314 16.915159484452882 15.217682442059177 15.45499238297555 18.78830657728091 17.071656504344464 16.6618625035009 17.070595182029216 16.109295591492675 17.302774129045936 15.933880389979818 15.635989776828334 40.01357930563179 39.75255754696088 40.03982615688112 40.118677021167805 40.011671961091245 0.4660095775124203 0.490316158656547 0.49694810435745074 0.5681139186358406 0.48135777185193074 0.5271205191296493 0.5711122613828425 0.49240641675595026 0.49494882053275835 0.49300390836957636 0.5132420303411522 0.46313522142672814 0.5328788221938388 0.4980734635211904 0.43093932033491633 0.5234030451411191 0.4056828942473315 0.5403815092400596 0.5428152281389469 0.4444232141879579 0.5051415996242969 0.5093222010617404 0.5064003958635123 0.4769422254435696 
6.951026555090151 6.207282849911883 6.038900027892605 6.590382605894622 5.439900735399589 6.170212269372471 5.941195844488928 6.493590626410842 6.479597158133852 6.259241645119515 6.518142659631238 6.068853268629983 6.594955400144479 6.286747769862314 6.37772399965791 6.645051215883138 6.643963085057306 6.731168436450198 6.636484970045516 5.957059505430245 6.612108351249997 6.030475943083943 6.483436716589125 6.30460691546136 6.495950640392739 7.081095176322085 6.798940204910317 6.162072043649247 6.612481684356871 6.645587524782369 6.280069631640949 6.6312869407999075 6.496552559248712 6.168950471538276 6.8105043272340176 6.129401233576071 6.9512150708313625 6.416451185800945 6.29169919020828 6.190137664848969 6.195736004088187 6.903110734598014 6.690987309995494 5.7112942894996 5.598457273473751 5.839690968062761 7.127109105176618 6.908541961678104 6.002874666319615 6.533867561785044 6.427917292710568 6.115039744436085 6.141166799901377 6.470772838971693 6.772452161813975 6.534888670816899 6.948081352751649 6.1255800344375375 6.982288386710642 6.428116438167657 6.7260391443184915 6.1222809451416325 5.818575707438044 5.885455781980386 5.859202306952362 6.5598744380447 6.412286031492135 6.38219972231932 6.66862468420636 6.559033484376866 5.9313255769796935 5.846934423389469 6.339266091652812 6.562960123035371 6.7322432112485515 6.363793432582628 6.555545413563857 6.162209779142413 5.6592252766824345 6.947102615593801 6.248513784939129 5.8849115827566605 6.227972083930255 6.851324441587115 6.257962753260748 6.40693713544091 6.679325130115301 7.019468638692541 7.381772588162137 5.962289956624457 6.513452329353249 6.343962992771176 6.639605196738675 6.679966368979293 6.466924569349074 6.559535270782243 6.477011751915263 6.422971146059641 6.51594630713246 6.0422629008459126 6.242581549086264 5.985601925805967 5.996620608613017 6.54648932641947 6.40635962773074 5.671897197733384 6.067027617366743 6.5766906377009615 6.494777495361637 6.267932555863135 6.070647795626553 6.150459989463149 6.094866681375537 6.758652322655095 6.651861034107032 6.96882783976497 5.6883469562747 6.202038531542617 6.241876884577836 6.553304981233912 6.064319530320919 5.87709242710945 6.575681591121224 5.9690911634701775 5.889352738818761 6.842526551239352 6.443500638333111 6.95027987778383 6.214591686414476 6.293330658427719 6.179832292327177 6.643145344260089 5.53743098515653 6.14569975999154 6.129785906782564 6.151903072968436 5.7357526371262955 6.06759644425356 5.884344354991566 6.31032324651233 6.3568667661898735 6.875633743935673 6.180861919418358 10.263283850675517 10.874507309905399 10.606303600603676 12.27496358769481 11.06256576113178 11.345914642517036 11.611534834096268 11.475152620866407 10.43890745123467 11.137200089080942 11.449081688154347 10.596681325076531 12.411165540565522 11.33159175446195 10.040936714460242 11.177998319777272 11.424714689640062 9.452242580218611 10.573499359744122 9.585830159469511 11.277129642553813 10.167739372922512 9.813087405094798 10.978195713936891 11.152629130443291 10.65494487525782 11.586769323192474 11.937000467377871 10.145423828165162 11.254539611602043 10.922481749701188 12.338370383076048 9.982560420782237 12.161916964848416 10.865200412984835 9.621417826006525 11.32228585207001 10.61624042805527 9.862926950433748 10.834183224548836 10.764622144232552 10.194787681365849 11.548374805109585 11.597571813338314 11.208008818821314 9.790023447461584 10.217906801311589 11.041199043526857 12.365507900900884 10.76575278421819 10.279717097183706 11.578664031439931 11.15614717642409 10.159131291488467 10.246412811595278 11.04772566254669 9.470803840058341 11.08105613183048 11.931215307342313 10.797017572815678 10.345717374781879 10.808615896964094 11.671666860780167 11.416408541516637 9.93018593366664 10.513252622005904 10.700326095144074 10.913643829611798 10.04820379046518 13.072216428897441 10.404759614751153 11.022072857936383 10.102692350202338 10.637733565990324 11.425985270722533 11.903512671560485 11.405798789311953 4.457343984720071 4.262464539622787 120.46472832987561 119.77044293606912 12.129011203690583 12.671482532081647 11.986520512269069 12.048915504404667 12.518473818394389 11.037052936334181 12.373001012071219 11.746083013845267 10.725242020939843 10.74974457436964 11.601404283176862 12.00336895362244 11.584260420246423 11.501047858186757 12.27358711386731 11.90695684834799 11.364647547825127 11.732911874741324 12.272010740816205 11.889040180281725 12.960606532864482 12.5892561680378 12.723009098461016 13.824895412731928 11.63718520899443 13.501989648346324 12.826909234285017 11.937723587744207 11.603969888783178 12.537925219321313 12.372700352887916 11.977770692640258 12.736047131262731 12.513036855670334 12.39356028866089 17.122025977205272 16.73731248757952 15.329974857037003 15.654685860912519 16.155207101164102 17.014887165975153 17.32665269727356 15.879255787386194 17.082538628031617 16.153491268763272 14.462928795345778 14.697119089826913 18.037130787184946 16.317618665685195 15.936561857916178 16.325773424230572 15.364888759409467 16.530335521033937 15.193315809448602 14.879043104853949 39.285850647875655 39.029597014177 39.31886458598949 39.401604965536784 39.27698244644646 0.43986591307339307 0.4709803162930895 0.44310668949819376 0.5593199177102992 0.48718937159294634 0.4798320440766436 0.5579583289292647 0.46016108825492996 0.45221040673111906 0.4592237086296787 0.4983699446129276 0.43506795047620656 0.48170000751319425 0.5005623340965967 0.41476997471835836 0.5300699564516542 0.4019256045538535 0.5156709236806428 0.501570444568848 0.4286180430060565 0.491978297816493 0.46294261672408465 0.4522886957379588 0.429693411813814 0.5048730630545654 
7.65155408249297 6.862928938042916 6.637524124900923 7.3228284424168955 6.064918710557349 6.851000542481275 6.639610045945257 7.160511771478353 7.2365479972074604 6.9142085139129685 7.220399322964509 6.758910717743484 7.304945090733078 6.9820926144295905 7.075877265059589 7.34022067711931 7.367319691806363 7.383629865726372 7.275317904587743 6.613644273306436 7.340973693732951 6.687201378427703 7.191749895530854 6.9787707798052345 7.164963909715068 7.821186111171977 7.453777510592901 6.855253337306707 7.323777573709664 7.308082284961472 7.0163750229700605 7.336038284238719 7.2284873821978515 6.834394154697164 7.519478566566378 6.74770448553516 7.723955177827309 7.093694952383699 6.970761047657002 6.837016383182594 6.872792953326055 7.633557970611564 7.404482529957864 6.360870065178559 6.258050152020929 6.571426402608559 7.826038098018802 7.631468088687077 6.704318646779725 7.211596852245955 7.116398892383316 6.791104280903381 6.843102353583726 7.157839599537977 7.4886275066224774 7.232515036238504 7.665979110172672 6.782415248402016 7.705423695118881 7.065382145785435 7.4528993007012945 6.807348167001867 6.462663287342924 6.561146666710768 6.507300473902408 7.211639426109101 7.0935493354310335 7.108332254924627 7.423001194845853 7.253057952447384 6.609405273691306 6.5406520374032935 7.042687141047798 7.22578543361203 7.439322997665261 7.002342952894827 7.248568529522585 6.825993320546156 6.316519771565208 7.6271233638696305 6.933090235941433 6.553660263730424 6.939775757602889 7.516607899402356 6.929803584857681 7.087802414957296 7.358342575119797 7.715300591620386 8.131193501888252 6.652768215465283 7.194579823489165 7.066223509598731 7.368250757930796 7.3442536934491285 7.192367448222117 7.184151559409791 7.17819693065354 7.1067595262813255 7.13535306997314 6.723356035550899 6.967657769699211 6.690614971693376 6.650431550577544 7.223562295480659 7.074449173703409 6.358407899313371 6.754347753065774 7.325561352968654 7.124690105011464 6.945731859978131 6.734853894228481 6.801545389216557 6.788632294172342 7.446066526112849 7.3234831694094575 7.688882476226204 6.388234260131429 6.917434422279798 6.926878240625459 7.2422735442128126 6.7535431930159735 6.565334409046811 7.29067554904082 6.612676918154683 6.566842859607638 7.530779718567225 7.1227110886767 7.631722108904788 6.913747678211379 7.033775022263224 6.8746109238921855 7.37099496784073 6.111490091234073 6.823590320141612 6.844653526250292 6.818040919160678 6.409287749816416 6.765406199212855 6.520334525177708 7.0439052298783915 7.053106051505459 7.572889449852923 6.866152914288148 10.175105622914222 10.809769927820211 10.378491584763736 12.126742600292529 10.956405529170626 11.220278104862128 11.453892316441825 11.272253708417537 10.291656545004262 11.076254782149968 11.31776572095827 10.468074358324603 12.258061227382907 11.154647819003996 9.904327101601607 11.04983218567378 11.250861581950277 9.296303112526616 10.460644820981358 9.443225988982197 11.13058851447018 10.016823660694412 9.66455929693686 10.846442966794053 10.997895610263553 10.507333837070188 11.416280631085682 11.794847855395803 10.014312531845027 11.094096079745016 10.790018964451958 12.178339090273195 9.86946580173899 12.005879502823904 10.752767776548534 9.509697517806055 11.178571715357632 10.55791212293871 9.729770705116364 10.678050659789927 10.631254803719486 10.047152825132567 11.401271644133196 11.443448526007462 11.087339876058136 9.716142591088689 10.117576449483014 10.90830858855725 12.276512422920291 10.653605958452733 10.135766868204671 11.400191912390708 11.024447485588258 9.981749180009603 10.07800863458585 10.957739458404836 9.333549445462953 10.913393512846703 11.764885170911407 10.639029481000073 10.212424456573299 10.71175708521813 11.54617978548207 11.261368598661814 9.765013707626848 10.362204215262114 10.48909799313471 10.819030720978624 9.9588147130655 12.982647861511207 10.296235643301914 10.916757795168017 10.00264001627429 10.492440190222322 11.298368337433468 11.75853916937859 11.334620335978526 4.771204692923241 4.590994904215136 121.19176461531116 120.52773751371204 12.30215351696832 12.850264535251211 12.13032487531386 12.275044942903726 12.696777394508194 11.216877111815945 12.519133337372615 11.94623317996064 10.896942135747503 10.869321890986832 11.736636879414792 12.170666085383722 11.746147015243817 11.7067186362673 12.46944060453513 12.082975559372436 11.51794938750023 11.938542970364777 12.437945636302572 12.06095504489689 13.096515434061052 12.782005488118566 12.927884848653274 14.013021000225965 11.831657233822067 13.738133451408988 12.98415325786771 12.127572922910888 11.762269508414605 12.704851934570804 12.56209434476544 12.158467078642083 12.949106720587165 12.67801425182655 12.579783399248994 17.817586360985196 17.432713390268034 16.021608363425404 16.350954967937565 16.821834008492168 17.746642387201717 18.04266505441018 16.57546897301309 17.78420869163878 16.84304014031942 15.171487211603328 15.40184387089146 18.733786233803375 17.01866195661533 16.608205206615 17.030065178735914 16.053512911103113 17.26033608605531 15.877377703027777 15.578636999050417 40.184942671251186 39.92753353702949 40.215303721826935 40.29988282847739 40.18247336939317 0.4387830087193662 0.4364361438015246 0.4446167337386459 0.5161845291174311 0.4276281519780053 0.4899905243071882 0.5023146013305264 0.46602091725173395 0.4510014600360561 0.45162104883803145 0.47807699870793885 0.4282110793240355 0.4940910938471375 0.453119484831428 0.3980065516678167 0.4876448758032751 0.36288261864934834 0.4894807462157498 0.4986754632977695 0.4012692016098045 0.46455480640987706 0.45466111554069877 0.466090096027704 0.4247812857375671 0.5089414762338627 0.49896642662892915 
7.625329279775153 6.952822334307176 6.787085704099467 7.424073808521779 6.144454924130751 6.886625321942683 6.681548975626494 7.2599435501833645 7.289099904606362 6.956164549648054 7.224717932810307 6.801377964857656 7.403529242150846 7.0357130421115155 7.080649191455473 7.369980482066143 7.372932237927257 7.444227284701637 7.25938362661026 6.688634886778371 7.3075710895338934 6.783135684926453 7.231978285993281 7.031933017486845 7.210815581375253 7.920270553597834 7.459784896410952 6.944492128579887 7.39611767231944 7.393282108534186 7.055656208883428 7.4094986318234035 7.248390270356295 6.9119721082972285 7.498226687855162 6.829810648230068 7.7374794867629415 7.163963161436127 7.1104423885748815 6.8313838696742035 6.881156194931654 7.673482928121883 7.4215128701644115 6.411207458786349 6.25507760894203 6.59309390729665 7.917093749710941 7.682696570663729 6.728859857284099 7.384812104655708 7.144991104939411 6.824694724829862 6.9145349593271845 7.28013040209456 7.516611399724859 7.258405054013817 7.729544400776112 6.827195123570331 7.743520880354137 7.1253267167270495 7.435422040802438 6.857426223818037 6.568175059998885 6.608163574746884 6.5567108825946026 7.319739430155591 7.174926585352107 7.2230216811287855 7.4822447441639435 7.383545646178927 6.651736659253531 6.60864584916746 7.08960349833785 7.336416654380075 7.552458765529959 7.071818984153159 7.331638023380945 6.94367236900515 6.373365801968985 7.719625834770523 7.080956513936658 6.688023103049996 6.977031667990567 7.629102108059119 6.942845376012904 7.131151858303155 7.492273741668198 7.6601649913949785 8.183115735288245 6.692813714782415 7.194260015946737 7.193929014286545 7.408519323220167 7.369084983452107 7.237949877536219 7.193894738990922 7.219658759404004 7.118488202319753 7.180640510043491 6.710011439987112 7.044583248949106 6.678478228081065 6.757170645551935 7.282885709864635 7.2153962006834265 6.436110755272191 6.8392851570485185 7.362163701902285 7.188249939347923 7.023779501945041 6.820426720364011 6.8451644771442295 6.886187960655892 7.571413301486652 7.361678476317824 7.6621651452511665 6.394982794208501 6.921525423743521 6.983345616125487 7.303142486197268 6.7783775935503945 6.556597803418185 7.373143295872469 6.6668988295799325 6.626188862549033 7.566790147411799 7.254458046637 7.659504759425526 6.9832119148844916 7.017115903263095 6.918771165697871 7.434809997372293 6.088938909728826 6.861171594728997 6.874563923764788 6.953468850387716 6.409982854812809 6.860406313486902 6.609420274383652 7.024675672495994 7.035336119666368 7.561475672852944 6.9342992119037445 10.070305413693813 10.77083892746797 10.394225621114925 12.039321207244514 10.898636306593557 11.135123437277013 11.231385733123604 11.240393624963145 10.16927627946672 10.99992762009332 11.263146264656902 10.41450539150384 12.083667202421287 11.107547171134822 9.75182197075398 11.036700893025097 11.122032648638621 9.314362817220351 10.36966322474288 9.420366091293731 11.059470557278921 9.915989222421937 9.57271370992207 10.737828665826045 10.847274553501464 10.443882051173173 11.269926006421894 11.76041684569555 9.908340859640603 11.071773414418054 10.764910725452236 12.03594148184549 9.769171037073837 11.955222796439864 10.711221370735934 9.466198115768108 11.09289595313113 10.425841155621178 9.599108525146917 10.567478447894084 10.596012284657238 10.017815733554844 11.287042572225133 11.391437483369177 10.988854816157223 9.61023396042013 10.146139710023776 10.89791809760058 12.196279167396483 10.676913038966779 10.087977622114542 11.306642180029794 11.018482289326561 9.911213348905765 10.065712758478526 10.847305603541459 9.261455335987014 10.763146239009592 11.657000827988806 10.643897873187253 10.074821161079564 10.640438593769543 11.425468012609446 11.121611052044955 9.63972430632681 10.33894322065334 10.401634869639139 10.739557375304793 9.889196914677926 12.910381031116483 10.213291621414145 10.643432457178985 9.911912098139567 10.378101355203352 11.286360183483447 11.59692132167437 11.2814860213349 4.986802689963093 4.8120381375633805 121.26264048584909 120.59911215765575 12.155984620722963 12.710764775734805 11.997034373659853 12.104516957799941 12.470204014581151 11.106603079440946 12.277423821430867 11.81810037637738 10.753545899121027 10.75866605683377 11.635802655814937 11.902781027393416 11.588046188929628 11.42182025850844 12.30669549734083 11.920102022215463 11.331757505259635 11.724690410101585 12.301837612005635 11.8724860877892 12.870647638736505 12.579203277528844 12.751881196718912 13.798195530483962 11.690735768893028 13.559315180084088 12.831456828393577 12.010547723250497 11.638103516050538 12.535245309476437 12.484621631090253 11.980744714957206 12.688169190759991 12.520102661180282 12.3725856065531 18.90315373290414 18.492063497921738 17.006913697893065 17.354864913467047 17.862056094192063 18.759537707157108 19.09485896878717 17.59600438171559 18.8747774280541 17.92298341121991 16.18391371313245 16.416349541199107 19.782036653778594 18.073475258427766 17.620773433415014 18.03545943182988 17.0553547792459 18.28780916905722 16.89846272554961 16.603339568232933 40.39904979491522 40.143623650791966 40.42158026435172 40.49755879747181 40.413459392592 0.43198139422677634 0.5354640549621501 0.5239951141846433 0.5379233348526514 0.45876849142760023 0.5455433164233439 0.5414653413453936 0.44784991456764145 0.49692567393870724 0.5198537211973824 0.49439183003188475 0.446541598861116 0.5816261337986308 0.4695832073557136 0.40649860142131056 0.5289530524682834 0.3710002928375247 0.5243168930233371 0.562586105431795 0.43011766769272386 0.48999839705914694 0.503418610574903 0.5075955137267004 0.5089266951305473 0.5334901648852379 0.5322282779052097 0.5018446166160768 
8.099341655974404 7.281219148894849 7.040003154205139 7.803569634502346 6.403814122573257 7.286727359336276 7.0116073759396915 7.559581195212267 7.593682217752551 7.269374817022627 7.581452512083242 7.1693319795782555 7.7426397295341856 7.411644799153722 7.482697757455781 7.746397512238599 7.734862651467068 7.734255833003768 7.66315470283137 6.916915287748167 7.746463160195777 7.085629136878781 7.6025940590374885 7.367471467221737 7.549777862934839 8.273614758301862 7.864517058995709 7.278379305780928 7.741067601177549 7.745135987687863 7.384403779965998 7.7388868836901725 7.681444620777943 7.213433309225885 7.951405825131133 7.12345804939018 8.205891142123093 7.574368005883472 7.459894250925221 7.133833424479341 7.2820609803672065 8.044270249216046 7.853959198615913 6.692630978557279 6.591982886081115 6.920771834973494 8.279384083401995 8.052976339932895 7.054061984016027 7.61269789250803 7.5381659912441075 7.125468475344907 7.233389490999671 7.5686926795157925 7.952786391107848 7.590197523656924 8.177694059720377 7.198415687938713 8.123434000888368 7.456357476821813 7.85098233649114 7.148153864909021 6.8098795807442105 6.920703758692027 6.884882313279251 7.628246490805326 7.5114933629707545 7.550679259310252 7.8353063861386705 7.674890733457744 6.984092309720637 6.956805399711362 7.4355847802430075 7.579137663497897 7.909329052635371 7.400371207612219 7.6673105608496215 7.228926062105907 6.677926234705746 8.026856059242066 7.360463619277345 6.939128897922617 7.304109011730729 7.941963330826541 7.319020216938006 7.4830746985190535 7.833931650689322 8.158899686483998 8.57513488662192 7.052888384609483 7.615549538922236 7.506110671226473 7.761225324214278 7.785232143350646 7.556603873664982 7.588254367045125 7.615297942895734 7.539922995511984 7.508385738556685 7.006739891876854 7.424065013098988 7.038278278788944 7.047140510135153 7.662244530216011 7.478712986017785 6.679055111505651 7.190156483148177 7.7604697938626135 7.588422940873186 7.337819151375856 7.083108143547693 7.136626418945284 7.213995711358388 7.940085031818991 7.691390065058702 8.107091374660275 6.743796159205111 7.302703613568685 7.355983154986381 7.678292647120395 7.1106561252778535 6.906680718642376 7.682105289078516 6.963472006214366 6.9005753354050645 7.993007566404005 7.573682648103841 8.029034540311002 7.373770444602197 7.375583001944021 7.34429937816012 7.782760261489868 6.443675295802473 7.199605825261001 7.207922213952713 7.220229959177968 6.76881408583682 7.156987827995342 6.813563378886893 7.403421397397781 7.3956893140101405 8.013135446677472 7.237190088878603 10.424571785791004 11.030680284254853 10.606268822093645 12.304676691391471 11.182866044092897 11.422289397740897 11.622402299411307 11.518572397396191 10.510563446815237 11.289035028696997 11.507891737233445 10.7233387527294 12.364440056312915 11.366421045847234 10.013928482272735 11.335667181063945 11.439637134903407 9.58278034411648 10.700435873981343 9.6983687067983 11.37110050962589 10.238432594362418 9.877984065838344 11.025278811708468 11.149144789350958 10.670802613997504 11.662856172777033 11.98723418129742 10.185419442921207 11.324040943025302 11.004858860517762 12.310306920021128 10.097792027123251 12.214687810749753 10.964440236630889 9.775990428731316 11.356518365343724 10.744442725156537 9.950610619360308 10.899544902688218 10.916880652423393 10.319061419221379 11.61778343144674 11.650510880480464 11.327676882125314 9.904063630128404 10.39492964577003 11.17415835136445 12.457198016951786 10.905265117409494 10.398097378027991 11.577202002405327 11.292969376558153 10.219324119513745 10.296327053326403 11.15921952163717 9.585781164768532 11.045948164019023 11.909959114451706 10.893489110900553 10.432737408477667 10.898970902247976 11.75558064652834 11.462357803917358 9.943641671493198 10.611496145415542 10.719666406075849 11.001328409008012 10.164664758927959 13.14965160653848 10.541156098516128 11.034357602793841 10.244245984429385 10.70083419979473 11.498326912414752 11.936423445839868 11.513956489073129 5.862321366709205 5.669553836316808 122.10928508810022 121.42628098261916 12.864765237988907 13.44207956641813 12.704977910238195 12.87363796520498 13.213687659850219 11.770001822786208 13.049444555078907 12.566492621625537 11.482334713421357 11.49397977405149 12.344919696633452 12.668878959061594 12.323423296035438 12.251554457150723 13.04852173043857 12.64315013024698 12.126012211323191 12.480961614769543 13.043319143478804 12.603653383151567 13.626229761187862 13.334357528149397 13.534221236401395 14.522268874918455 12.503456791597468 14.299083069742013 13.546503770714308 12.779730072052864 12.383560896434405 13.28233110744437 13.188602759672316 12.769901642654542 13.451756283955104 13.240691623139368 13.176075205089003 18.21961021359473 17.847732259908483 16.44561997928602 16.775043328503006 17.21406801852734 18.137820553979566 18.448443440168088 16.948659187374048 18.196804673837534 17.27460524222246 15.608993457030882 15.85622996414707 19.08958347785584 17.39865474316316 16.956695050982734 17.40949153293515 16.46059817791023 17.69337003193421 16.281987075350923 16.02166888022459 40.5240414014436 40.25753315555385 40.54734478615289 40.6276974862298 40.539218365242405 0.5251507177965885 0.49636394777267207 0.5946603877640738 0.5863666061260154 0.5468910253295374 0.6189683498193206 0.6364115270060418 0.6499739141931424 0.5734827448998693 0.5407047059257506 0.5956737979383645 0.5356548965841244 0.6043268028784659 0.5278875145905808 0.49431608361480756 0.5048564709822745 0.47621169462180835 0.6446792777628345 0.6591138087035417 0.48450030316146 0.5844887256645278 0.6359116675951378 0.6131202204267976 0.5765050647955475 0.6151421690563322 0.6325942690666061 0.5850665817643113 0.6199601100422776 
7.706742921708118 6.971481301586455 6.774811356375916 7.449560751899088 6.130010157753223 6.9423976672307175 6.692652501481932 7.2638582135420195 7.2793694669515085 6.969582067161269 7.25849086857308 6.828652719204282 7.426353518939231 7.067234177601675 7.129795900277606 7.411583374551002 7.397336974268446 7.4510897542134 7.328886422665095 6.655679822536781 7.379835957252232 6.790714899814805 7.264820414697957 7.05136397206905 7.237305005763724 7.937022533035318 7.532399529104806 6.952349154100241 7.41813996179897 7.420799654547559 7.062202011896228 7.427536185339759 7.307330769793578 6.902891700508327 7.571794457148173 6.84919235724512 7.81742725743544 7.199101477465107 7.123107214332116 6.846843410966584 6.932601422968799 7.7005966349097985 7.483173086130687 6.409832222331939 6.278164387676936 6.598063278189212 7.944004796164166 7.720034841681756 6.735922140632202 7.352670906992399 7.188227064984609 6.832297091466324 6.914515701518711 7.280022389498046 7.579622162909874 7.287533703265963 7.795051610209052 6.870051769342539 7.781339650672976 7.149901081329645 7.503067205363265 6.853376905873321 6.547865773675861 6.616757181282142 6.576950711650064 7.34081581216577 7.197546359495565 7.223549886403356 7.494319997826841 7.375678643977776 6.6587456532040665 6.622609413384995 7.114851774747807 7.319610658699473 7.578096714951654 7.086753557865021 7.347780969649779 6.939317289234316 6.383846249512719 7.741319806237258 7.0673526519890375 6.658613732663086 6.984145963977147 7.638804018539673 6.9855663689540215 7.1563554310374995 7.507951257573487 7.765743757575739 8.224598441653345 6.71572875230703 7.265137131422229 7.196912258081368 7.432699973000094 7.443723103798745 7.244778719889524 7.246648111677775 7.260616871245827 7.179815567812921 7.214157667333393 6.726325034770363 7.081743990084157 6.707741588578312 6.7565305101198465 7.320589745698917 7.202316270608352 6.410510308787803 6.853657407101451 7.401502351697358 7.236166288969669 7.04014305827984 6.812956396866814 6.8612937692527245 6.89411709169008 7.594131616168328 7.3914671553329745 7.736734477241701 6.4057997701180565 6.955373437421644 7.018756330937307 7.33922382510177 6.78903421161348 6.5837645063365935 7.378166683763648 6.67481906958257 6.620555607974809 7.6269786648636915 7.262574523240438 7.688811221441224 7.0219506192785035 7.047090003837554 6.976760520302498 7.456581419013944 6.140454391980709 6.893605289737811 6.8867526510675825 6.93309673679107 6.4345695009759885 6.855470610899985 6.5752712970981975 7.058425189008459 7.0687303453049175 7.641930082433026 6.934959511579427 10.162248399548574 10.820322304144849 10.431377044051347 12.10672579578228 10.96128100080427 11.19170674288954 11.362211191348814 11.306992055777103 10.270400999640307 11.04395808822083 11.31153715805265 10.482150680514996 12.16422620887922 11.162712469896784 9.828408137881707 11.104139713703507 11.21772703841016 9.369027570105727 10.441378298031157 9.47987055851671 11.146361557000745 10.011526951936025 9.645688842788191 10.806222297452486 10.935961683313028 10.497535005910866 11.397894165027777 11.813569095896002 9.987722702129078 11.120379849663413 10.814282788853818 12.104737126579696 9.854214772872417 12.021266212351325 10.756141964585861 9.54098038754619 11.150138873071429 10.50544992936437 9.693999252306648 10.66999582241059 10.658279875623323 10.08795254088578 11.380144645503039 11.45663054191646 11.073764004189357 9.666917142736795 10.188340118347728 10.955595264929709 12.247542956045075 10.712794251115449 10.166377673625705 11.3690503545347 11.085859636925425 9.98665052777246 10.118593615201883 10.92577788978886 9.351859420345917 10.842736014867913 11.719297727217418 10.698701831480804 10.175019471151172 10.696236188578748 11.522884760044795 11.215654018962086 9.719020139485613 10.404781997362118 10.494956566828943 10.786574840288411 9.947371963147436 12.948641856816877 10.282805330820716 10.766140305151339 9.995432598223896 10.456258063856813 11.312869841089302 11.69757654302039 11.329158680380695 5.161868354514397 4.976115364636978 120.7419112766194 120.07004075345475 12.331713724832047 12.899653757002959 12.183702620746928 12.302383033445558 12.672274556173916 11.256197745674129 12.501082783435528 11.99850099935353 10.941692865204555 10.952288006201401 11.8217666280223 12.123200238507192 11.780652378080761 11.657347889266411 12.501903255769344 12.095752638516528 11.554685764460277 11.924277670629213 12.502737313118013 12.072575313744403 13.08925963028533 12.790252349474347 12.972164120517277 13.986924473003242 11.910101887088304 13.757848327634322 13.014352048209096 12.214977579935212 11.828673065413458 12.736514886450744 12.65242082781098 12.198322663485252 12.900123183243801 12.703137796365706 12.598028044790858 18.256168951789626 17.873061342904183 16.426442414428774 16.76504309907963 17.246538657840766 18.141429004438997 18.47259691001004 16.969706563896853 18.234285410505137 17.300507962706853 15.592464183798128 15.831442922849138 19.144798910460526 17.43795501456568 16.993301648001875 17.427842298068114 16.454357530105995 17.68113684323913 16.291859966970673 16.006082858604582 40.11273039701617 39.855225969431146 40.13845954723203 40.217686117270325 40.12900894107129 0.3409461049359496 0.3820258253336626 0.41728631444356834 0.4249135981346341 0.37867530339239847 0.43241083985264395 0.4526162537534195 0.40461789275153204 0.38601605191970095 0.38914824653890473 0.41588852397600223 0.35056702402710943 0.4528187461467801 0.36215912446785814 0.3179432485306095 0.39417124905572415 0.287512428302131 0.4464551370281559 0.4692091732307049 0.3245318360780119 0.40572754927629007 0.42005919316766954 0.4183995422361905 0.40511224044910055 0.4406739237782579 0.43253825327605816 0.408358901362795 0.39949814950526397 0.48077709230729065 
7.877832623546254 7.059447700687614 6.818555572192938 7.508664277266755 6.222652835046894 7.078571001725573 6.80340813419394 7.345770597327577 7.3835745121933005 7.099088969490488 7.411883957288506 6.938026751655874 7.5121594208750775 7.170635901945981 7.273000648531411 7.548714287786763 7.537195630293737 7.574244541383484 7.516911703398022 6.756692217767978 7.568632589098335 6.872056998241693 7.386242194094992 7.166767671888803 7.363583533491138 8.014172713055832 7.709622002632221 7.030070263373088 7.517247893315263 7.514742297120768 7.17871246373015 7.532931310685924 7.438247276928453 6.9773645955874 7.739979549132002 6.967402448807477 7.964840904162954 7.269881874939098 7.150512729694058 7.021010075445146 7.074460910180893 7.815734946180533 7.620197000540711 6.529027429462296 6.435993540260236 6.725501701117128 8.023860871101968 7.843073845371149 6.8645267766095035 7.376770411247868 7.319931378257795 6.975797032619702 6.998244988860269 7.350892354919275 7.707886945966249 7.438793172806404 7.889176370896401 6.992815904429873 7.915219670730694 7.263084687368041 7.690845044028051 6.975262348319673 6.623064734267789 6.739135980409918 6.696602766617468 7.430409968242177 7.300690896074146 7.274206958910437 7.586248896875383 7.424741490816017 6.769523313121205 6.709001096153376 7.232721001468154 7.404365216876659 7.643331620484203 7.182139671344133 7.437891178245516 7.006283160603202 6.506855840874075 7.847294493898067 7.105090988130364 6.711080462510103 7.1027497030887945 7.713153313385044 7.1446985998179855 7.275041297066016 7.551301993132847 7.972082867125454 8.343416506131108 6.827985145852506 7.432337331191464 7.252145283519109 7.554403700783803 7.600362546392422 7.362358284406927 7.393292541998145 7.373636982621116 7.319924326217695 7.356631201553261 6.911640321522055 7.174611366958239 6.870478444334595 6.831047860133127 7.427290655224184 7.254722017159593 6.501163579091383 6.923962108515489 7.518173108250053 7.337291929575563 7.141169005947051 6.9171093952353 7.008527206344389 6.964098620565763 7.634184721512725 7.534769301705464 7.918637104621587 6.528336247945902 7.0950258763821425 7.125717810037258 7.449818096457975 6.912711668833255 6.731295721391002 7.472464660592759 6.797761811967248 6.741972155524127 7.750291375222534 7.310942331271515 7.817817715720872 7.1130067272397115 7.220667511905325 7.086605071812703 7.559852836658328 6.333170543370414 7.028308855350312 7.009855665507611 6.974217870394596 6.5757408461875375 6.9345257197669765 6.675771092394678 7.230840353531142 7.244650354638977 7.814661672531134 7.030699281048204 10.41003111642284 11.027139495538874 10.594582008822345 12.364890669592281 11.17455976883983 11.417312091597914 11.721629738037034 11.503348041189295 10.548492978717746 11.249115746037802 11.534540802334048 10.679055960108286 12.493820941301417 11.372405825805751 10.152573384473122 11.271649065317295 11.512621700437617 9.518300308227774 10.66205714024651 9.664835573044412 11.387467030774777 10.274735176866756 9.879691538117097 11.059831210691119 11.250228934878157 10.745494407848891 11.689195291592949 12.040625242719125 10.269850886602539 11.307419067721696 11.008034523092151 12.401732081054815 10.10293136209265 12.256485740363363 10.963492690985335 9.747056800777536 11.392110480859039 10.790560306716023 9.961839385225993 10.939084882682886 10.82827976458325 10.278659386912844 11.65551739693176 11.688112121076168 11.31210534693493 9.905905403610458 10.336411004149587 11.13106034485342 12.485783020878806 10.871079427135795 10.3730157809236 11.616688957768034 11.279677597718727 10.211302394208577 10.319866996369639 11.189534807605655 9.583055260499858 11.149819753506257 11.988386046271383 10.878729419496267 10.447650567507763 10.938054958745187 11.804616561008338 11.496170952342782 9.989700963312787 10.60437082627713 10.74875638756738 11.015848726232479 10.17640518981025 13.18721930136431 10.495778219020107 11.155872616430296 10.230905280841402 10.703048601166122 11.499547534322994 11.996686021963638 11.563919163746752 4.9020356528577445 4.712328130411691 120.99057924283223 120.31808451446975 12.48911635267628 13.055133054979697 12.345727179108499 12.473815937374402 12.899020136919221 11.382277700623764 12.750643799131652 12.117478475514742 11.098812828199296 11.081014222896819 11.955557010851942 12.393038350120351 11.946534639930253 11.91814612858394 12.675907540106385 12.2553517758217 11.74179397303493 12.1373827617722 12.668220121481696 12.279456528743662 13.334182333764412 13.009702601483458 13.170524703929269 14.219979993189364 12.051912546673709 13.960377660652755 13.181937484676126 12.350128193299584 11.961108572288586 12.916579422933383 12.754424130789037 12.386754281176753 13.162921377121027 12.870422084888782 12.81120909316645 17.357676076221367 17.004442971229352 15.6046145356414 15.930426523823895 16.395076282564553 17.29751522964926 17.608414984497955 16.11862882319782 17.32994521681733 16.412334513079447 14.748335433893514 14.986908856781607 18.29194892085034 16.563504039265087 16.157231845767452 16.608509059341667 15.614281425515008 16.821703248756247 15.438906844713317 15.142085259528494 39.85692984834598 39.5963929556566 39.8909047309735 39.97368566749806 39.857913361150295 0.4094789002106232 0.3706324015854612 0.41591617657377294 0.46733457407098233 0.42961178006348993 0.4508048937220664 0.48082349134334773 0.47591993601522425 0.39291854066480375 0.38943943131583847 0.4810096172033174 0.40005801665428353 0.4500514329964425 0.4067573968525979 0.38120750340908544 0.44538991254134164 0.3405991177562502 0.47946796316908863 0.47807973961967615 0.37137691941176626 0.44901158286860526 0.4259240704441989 0.45002220313639657 0.39652885323975234 0.487251739654975 0.4622898764786316 0.4207807814584131 0.5011214523940574 0.5383342790863909 0.372841563859519 
7.607884771053831 6.805559343704473 6.5904802842756265 7.2247335011444624 5.976155451257483 6.809886173064822 6.522981964965594 7.08795545628817 7.083085925692737 6.8433200141938 7.128324864241304 6.66748031796801 7.231098249874086 6.899663422485031 6.995503085493075 7.276078752346972 7.250306546982152 7.320427213221569 7.2675935545217705 6.502709432944472 7.275683158980438 6.6128006379083475 7.10758341428121 6.904324577476703 7.101065938314536 7.7332961485843255 7.452337778797741 6.764425471689548 7.237374952858448 7.264660892506807 6.884660685160593 7.2563401419184945 7.147985872696951 6.721637181961503 7.461821971883044 6.7258116869550575 7.655533759344431 7.016861210244719 6.891821282163294 6.763760718939145 6.805079888395275 7.529675167357746 7.341738636520662 6.269647101188133 6.1712426499318145 6.430670401937508 7.7573385785396995 7.557857859359604 6.586146797126332 7.113929163625139 7.055733340638748 6.7107503378847015 6.722377367750606 7.083268892465168 7.4280691710729725 7.1572899509710695 7.61059993714866 6.733481889203978 7.635281295531568 7.016142433642461 7.398980083030836 6.708855485643232 6.3676119988922295 6.475214036225865 6.441975399932539 7.173594789809149 7.037426163837648 6.9924783945322595 7.289986974672604 7.157660878174575 6.508973187791014 6.436791293853586 6.951648683820689 7.146702591542747 7.3679533588766875 6.9394768021160385 7.1695581297897935 6.749962924405371 6.247660853193648 7.5771370347539 6.842803815855624 6.459122495126897 6.822709359866533 7.461091830048241 6.8868853552017955 7.009565379722315 7.294695673362944 7.698126571723105 8.052590400524025 6.557666947390743 7.161967867837075 6.9667048215257505 7.2641639088301595 7.3379319248476955 7.073761550915068 7.155179736098301 7.102087148990324 7.049687945996136 7.117265768445725 6.631497553560733 6.885225121051966 6.587507391767716 6.575712029855932 7.168029171675142 6.997035263193633 6.22196119032579 6.657466859965999 7.221326299829746 7.104882035212222 6.869792619628132 6.655879635440706 6.747937176614433 6.693560030940766 7.373529974988512 7.268038615892161 7.634155062446364 6.2474749146468325 6.809188942838431 6.85742202945914 7.186011052131821 6.640321246986943 6.446186246351443 7.190661803180185 6.545664141434083 6.4741841643125255 7.486338674815158 7.048560171951819 7.560518210162625 6.839312200895911 6.920382582482529 6.812281642821856 7.270375173686177 6.10611295908163 6.751341247390173 6.7230283129700315 6.717919614267702 6.309136786999855 6.661310915260752 6.425689276784729 6.941534576693027 6.969203111437082 7.5416045006855725 6.759081359681163 10.5136270470935 11.121479077674564 10.767402116541252 12.49813614894068 11.286591441161043 11.545111114323031 11.85387507095453 11.664762902685618 10.67682558606044 11.3468324028889 11.666097167370546 10.804129067265569 12.624259179629775 11.521712163127955 10.26810191096011 11.395722661959047 11.661593157472295 9.652377355747264 10.786176326269512 9.792755058936693 11.522177778158586 10.401576638243482 10.008391450804144 11.179079144310386 11.385582316548206 10.873325807667973 11.827887331924396 12.17046883057187 10.389758469422837 11.449631055185735 11.127802739803982 12.545624431948815 10.219513734394262 12.397773585787556 11.09084101116302 9.863187338178427 11.52127419024623 10.88304453439722 10.08400130038474 11.064213089155416 10.966513610289727 10.415856425997003 11.793242900969986 11.822508668598354 11.436203666041324 10.00435873447727 10.447832488738182 11.26222815720655 12.59773038758118 10.98995748307835 10.504665081543402 11.768298102749117 11.409626039257937 10.364897889810887 10.459484729782455 11.293619250725458 9.700793481481469 11.286110430415194 12.12772404842128 11.016491089259498 10.565625021318313 11.049560554005016 11.92624971673947 11.639061985935752 10.124176251391072 10.737773408940653 10.914501551175187 11.126040778089926 10.281196016213059 13.309879297908045 10.61477700474678 11.25904498394646 10.338161986632056 10.831078991914445 11.627207480203872 12.121951167940471 11.663129345811614 4.78169473366223 4.58838817961409 121.87266101743039 121.18315475507379 12.478665132890713 13.041861011761709 12.345709169775404 12.440696396807382 12.874994448638706 11.366609362287914 12.743622604757045 12.094423102321906 11.082833828080382 11.090225066251373 11.960992515000191 12.370900170726626 11.9327975790025 11.881729075259676 12.64819530671296 12.245823618588496 11.731717973697238 12.108421772909239 12.658696637717826 12.2595333002539 13.333397778248436 12.982648664159836 13.146495957238587 14.210186981790631 12.032989937071124 13.921453946933394 13.180248246268963 12.330971874289054 11.955527609467927 12.905419143714449 12.742060432141141 12.373015125141874 13.128299906772522 12.864413273369305 12.795776343061044 17.180812164241893 16.822829043408674 15.418203233246324 15.741408341979788 16.221316493543604 17.101613911666995 17.418620003628195 15.93168764807877 17.14162478344205 16.22883884689075 14.55206226776111 14.795899399714699 18.107689593764505 16.37009253025132 15.980313583744444 16.42201993786127 15.428334834956683 16.626223271587808 15.24955390391557 14.94772673784483 39.657968730684054 39.39244364714461 39.691636306332775 39.77058774985114 39.652910314465124 0.39310748709222426 0.37167347434184017 0.40507789233539426 0.47084428490597685 0.44127817885712095 0.4477971920355025 0.4920784002808563 0.46694923316859294 0.3806872092419706 0.37731337718308366 0.47729760955782874 0.3932849617456438 0.4349691590346078 0.4125008914625634 0.3729734910475269 0.4449405054039368 0.34487979125008766 0.4801388946289114 0.47027506334791136 0.3678167114404474 0.44324605925277755 0.4213685110977613 0.4345934541167625 0.3815092144983117 0.4678083760342926 0.4142851824346065 0.43366673995635685 0.49605515856970533 0.535350311058769 0.3686492067197698 0.36401326369591924 
7.646282511502461 6.877306462939773 6.669177723833975 7.341048030551631 6.060744136576506 6.8518943880401375 6.626840258893336 7.172586070094506 7.21434635772735 6.906774923633395 7.201258566002177 6.75667630621244 7.315116091624861 6.985843732853681 7.066961911009287 7.336753293655117 7.347854249916423 7.381184595139161 7.269352390882512 6.600113108518362 7.317440349832319 6.697590393622658 7.187625818164043 6.977197697147206 7.163364521646816 7.834560435759482 7.453452707411856 6.862909353759155 7.327407841456939 7.326681525175965 6.996361194769095 7.337684272488065 7.224430052051953 6.838612792120575 7.509868190158582 6.756944559410223 7.718102777886963 7.116435302725395 7.004993163728507 6.8096871308032405 6.866389147424873 7.628700821818556 7.404633071331892 6.34750054015568 6.2321789196834505 6.542161017076924 7.846666092203582 7.629850728762715 6.682389124184165 7.235861465678713 7.1160908875000874 6.772125082574067 6.840494076620804 7.171307690805241 7.493080927685784 7.216714768194777 7.68770479681911 6.7875374958834644 7.700413451276109 7.074272582076291 7.431699432667391 6.792027206586368 6.46586490137006 6.550236589564667 6.5048609919188785 7.230676649514498 7.1009092912042355 7.120802216862701 7.416757261841215 7.271998428519828 6.600643622925448 6.540724413518562 7.0370147143790565 7.231840936392169 7.461136619984807 7.014414976585679 7.256605632572025 6.8404262257267 6.307162281187954 7.637658271084471 6.95474924280712 6.563274517031797 6.924198114857099 7.538051598210062 6.919676541180126 7.085295098455096 7.392337630659217 7.705293373299109 8.13358538395055 6.647019520878316 7.18969221525157 7.078618043554772 7.357635803096251 7.3504949574500635 7.176846059888239 7.190051670902178 7.182315513024129 7.106014726402078 7.1401739913456375 6.684563799035679 6.973822047847459 6.661117710339484 6.6607165271879225 7.235053520513552 7.094157018750672 6.341574551518961 6.765464000330607 7.318853721435993 7.150792334497445 6.948744597601315 6.73094371846978 6.788425501969561 6.798807478712885 7.480288629932381 7.317186039385276 7.6744583632814996 6.363833152497873 6.898808774344842 6.932717698615238 7.250620656575963 6.737249103239659 6.538999670288084 7.28965925271585 6.606355368751784 6.550626225822634 7.543098845010841 7.1489116260546535 7.631027845686471 6.924432913099002 6.996463502661124 6.883552205931245 7.36857478473859 6.0971672071212835 6.8143000337668145 6.825569369129575 6.8360515763891465 6.390248412795594 6.766051154824189 6.510446412598215 7.011008490699712 7.024861006666744 7.568501491341697 6.861770709027651 10.212846878117741 10.851489231675988 10.460407691062478 12.165036703718735 11.003969408291333 11.261446657316288 11.46836473119715 11.344459194802731 10.330598489410967 11.108289528827079 11.366437068791948 10.525729375807511 12.268809595064893 11.21286491759963 9.914090456530445 11.124072206946538 11.292506018033839 9.376341634327739 10.509399965421771 9.506111465859249 11.18691932720293 10.061437216020325 9.70906433374097 10.877590195956406 11.022232524670452 10.54659010173908 11.460672096192534 11.844664820186573 10.04859599746443 11.15725850969056 10.845915029705484 12.204173110296844 9.913024288531787 12.060346791060303 10.806098723247096 9.568569924391275 11.213816954359139 10.575696139065904 9.764223968888754 10.720208646366505 10.702928277952516 10.118038675544764 11.442367274417157 11.494861699093887 11.134634105031052 9.74378387595827 10.187054280092111 10.979605065523236 12.311640867668094 10.72007420529112 10.20102611192744 11.446073227271672 11.095140599261622 10.044191504008118 10.142335891132818 10.985376143649084 9.384993141526342 10.93529881283695 11.798663715474492 10.708941123643015 10.243226978385962 10.74908480695468 11.583493900993997 11.30427376800275 9.797632775346877 10.427132484334154 10.551943372331259 10.851817852710594 9.996666959133155 13.018265929614453 10.344009359238948 10.901366187293474 10.044573088791722 10.52873105818098 11.347075146757192 11.786272579751868 11.37280206208017 4.931354185477473 4.749719196416826 121.14772698928044 120.47759750497967 12.340351080890896 12.89416950120693 12.176884237877733 12.30831581716306 12.70780554692511 11.255615034255714 12.536293798327387 11.994637515533233 10.938029913045833 10.932799233116679 11.798231851867447 12.170768171937546 11.78335910380036 11.709062483336004 12.501405487780897 12.117912912041508 11.559504853518154 11.954701628677688 12.485128343272198 12.084338922407818 13.116063461967698 12.803437028719827 12.967180935170648 14.024080644656307 11.890708013417497 13.762412897545484 13.023970262793993 12.184839660467484 11.81587559639479 12.744099374036216 12.622737758984226 12.198939552978661 12.948108596179509 12.71616705031148 12.611908733560572 17.98408765697438 17.597496960266284 16.174185669938513 16.504391210130393 16.980462420303084 17.89263521445669 18.20177881811783 16.722369903421793 17.95179654653349 17.011612233729608 15.32547178800692 15.56041217778192 18.88322961326272 17.17191809903249 16.7514997792498 17.174763997322486 16.2029941362799 17.41791020475193 16.030937135966695 15.737502649518069 40.192455732267405 39.93445484562296 40.22116844482616 40.30435288640063 40.19687357858844 0.40455497061224227 0.4224199236116518 0.44011396565627603 0.4891502919612426 0.4203580342733196 0.4773666316329778 0.49504733151668256 0.4552519990384526 0.4361007010718237 0.4350984803136427 0.46029361120479245 0.40543620671160724 0.48263517138884254 0.4298813931030722 0.3726582662192897 0.45374227146743273 0.34685520855719076 0.4845099736231313 0.49761107654746783 0.37685207871226584 0.45131074352076433 0.4550268531337102 0.4521224549941237 0.42381389202630637 0.48749722278959795 0.4717122975540131 0.44329123639153617 0.4720587844123196 0.5469606307878984 0.3755381698585641 0.41739542443986205 0.41422136718251973 
7.1940824877760186 6.432511513049579 6.241513902706321 6.855639636933574 5.636107983179759 6.410135133595828 6.167151682862632 6.7169381928802006 6.7242725977123605 6.467713426784418 6.745351047621453 6.302402920016293 6.842015401962675 6.526119615518516 6.611973100476697 6.880915980507878 6.8766048965891295 6.936902149827903 6.850574115685406 6.158277383384265 6.85835438363289 6.252414097824132 6.723058797169115 6.529410701236453 6.7169380128261995 7.344256609950611 7.026308813822493 6.399974504932181 6.855140803611441 6.876807006071927 6.519075333490074 6.869961525084892 6.7528183280298 6.383501997870998 7.054556051714472 6.336501530408344 7.232602729824908 6.655922052279913 6.53700030476125 6.386750522956378 6.427370666761153 7.14569673697387 6.9438862604278775 5.917296871584976 5.806961933368776 6.07343083986002 7.372851604094436 7.158214151178769 6.2239875520418 6.763569250895582 6.66620053839859 6.3301323432144105 6.371111251154398 6.706828640908121 7.026872623115162 6.762665718821197 7.211940236036666 6.351678101780624 7.227206621690662 6.639837252974642 6.977335212063296 6.340468685499405 6.025240467684255 6.110330005472443 6.073498117488174 6.783141848668753 6.649091513693092 6.636961226018016 6.929878784348702 6.798840051636859 6.154033880180347 6.083511852127994 6.57470607838495 6.7773638071279025 6.984041315260216 6.578599549561396 6.794088768568421 6.38805785465442 5.87547974752005 7.176673422310095 6.489599850117456 6.110230736885324 6.45866213621142 7.081239944637267 6.486115588677119 6.635453783003349 6.926535186631963 7.263942804647193 7.642170412416359 6.194510073387785 6.749397999902838 6.597804763831219 6.883243986522631 6.917619437329625 6.703630075644079 6.76800414043039 6.722516009338135 6.665068899695319 6.7205948325480485 6.248997411384995 6.500808124855246 6.211812718965799 6.218663352661643 6.7828541688186785 6.635418161629789 5.885660819796757 6.304333365484486 6.836926233496793 6.7184851593019514 6.495483560111858 6.286496493252811 6.359549144526928 6.333312557258343 7.007536522667681 6.872506438864875 7.214659208863962 5.909968519934098 6.43765696016628 6.479967600935042 6.794970769059191 6.285058813246639 6.095037278230062 6.815076498735826 6.17695053854689 6.108153491877372 7.08579224747565 6.682143269719385 7.17685385782971 6.463116632845061 6.531115464429483 6.428489933905133 6.890143620498996 5.720246818346956 6.372017002059408 6.360531783485433 6.374592625843076 5.95149579407803 6.30186828561604 6.076516591970632 6.549955399109644 6.580018894883831 7.120202249336709 6.402936000720362 10.406864947987609 11.031872295958081 10.69999694791946 12.411540377133887 11.20522933210291 11.479612426337596 11.72792169550441 11.591240166747378 10.558661947510839 11.294144406108535 11.582458672900419 10.730809244593312 12.525767284450085 11.448297302006836 10.139375031740764 11.324736242798071 11.537587249103238 9.570521361926724 10.707498327273196 9.706212358947962 11.411186301543358 10.284607021055248 9.922605669757296 11.102558707798652 11.262917511825556 10.769584275277268 11.715233748991919 12.075159171184467 10.259476617519963 11.382685639636732 11.054610489984206 12.454531563766613 10.109030775402509 12.298846177093518 11.000989546571963 9.752278339475339 11.449312617579011 10.763786475633898 9.980620928112096 10.954670870549197 10.901091600857907 10.31751650191417 11.680176602275079 11.725826878414432 11.347815339641373 9.919987075111834 10.367243052470565 11.181363244308107 12.519110181675426 10.911813798707808 10.406871093677202 11.68974219050094 11.300350637909165 10.26577869817166 10.358079314015756 11.194594166139689 9.589933269711652 11.18140383341908 12.045977975838493 10.928338328985381 10.470394339283546 10.944369851820369 11.809278580847325 11.53182015535471 10.02927875704798 10.639509798251005 10.795407515383815 11.05068147612905 10.184062874893185 13.230996122476897 10.53917697667391 11.138777281317125 10.24104862895209 10.759935771326287 11.56415035633027 12.028765566577608 11.557315965200152 4.706777779824758 4.512874670282055 121.35508542327605 120.67009958745544 12.433872009051381 12.989993370948419 12.283365757339537 12.375695629505111 12.818972845522305 11.333209608282782 12.666263272479565 12.06316823172749 11.019824030686209 11.031735192438529 11.898333335041041 12.293398469504151 11.881649809277308 11.801879679510492 12.589167338273546 12.209872519699884 11.65821212280542 12.041480621740444 12.58241970583087 12.189942940893706 13.25651898373549 12.903697977208973 13.052078892549405 14.146410292131003 11.960916216095177 13.843036006918615 13.135292346480387 12.260484551309162 11.907950412235763 12.846795878158062 12.697575264934645 12.291462787315533 13.050538885593667 12.818936830887973 12.710783948596942 17.551754483692267 17.169939915686648 15.751574552257003 16.07878577245623 16.572233851688015 17.458069195405493 17.769469388022348 16.294775031670063 17.51222939272777 16.578676532244906 14.878593641459274 15.119316834316225 18.475128616009187 16.738088622357875 16.344743186075934 16.7572210763572 15.78149649851534 16.97303867892634 15.603791014185122 15.294543315168918 39.95090875764919 39.690143962963646 39.98179031787836 40.063382935050925 39.94652030042582 0.3748595465935079 0.38882467131828335 0.39257572412642977 0.47689851883988266 0.41296794475542653 0.4272562079224128 0.4852371421882975 0.41549236669854084 0.3906630683502047 0.38955646565737323 0.435041510194654 0.37221900260902263 0.42816419037934256 0.4132112452773941 0.3468536035793522 0.43569109015565166 0.3281360368212039 0.4558654190597905 0.4478219386398441 0.3546146955400506 0.42401644048523457 0.41235942460536495 0.40877163107959175 0.37443595247281203 0.4447636618578389 0.3908540045272813 0.4244408364774139 0.4618397010411525 0.5358176755484699 0.35661552871903524 0.3861080863184665 0.3554865598046793 0.4004257225879809 
7.139816915762323 6.394944144670078 6.210025339579472 6.841841855825531 5.610572271811516 6.352575669458995 6.148967017204934 6.686625788721289 6.717494845927732 6.426939114979414 6.700719146136546 6.275793969033432 6.810024026910325 6.498060287106901 6.572047268056364 6.831927305371505 6.851338366179206 6.893799585839039 6.766143302133454 6.1337551042212475 6.798489878075933 6.219518097538798 6.688820632196244 6.491317316546873 6.671897470513829 7.318682304153023 6.937196198877791 6.382116014624798 6.824689832394862 6.83502370223196 6.503329253033973 6.832908322336324 6.717709228736825 6.378253216003676 7.0013459818818635 6.269473544845595 7.180346029042185 6.6470415542460906 6.531762669669029 6.327713777853568 6.378629139319939 7.12581835311893 6.895550973464112 5.879356654643746 5.762000496404102 6.058796949009687 7.343540056321996 7.1139523716523865 6.204845095009789 6.751179425368435 6.619729073762146 6.283541686438518 6.3644991423973405 6.674745141209746 6.9838614616703145 6.706800311649044 7.178734254978575 6.30024669358169 7.187568371091235 6.592929269491947 6.900993912697143 6.3087677865982625 5.999040012708286 6.066204641309643 6.03003837147182 6.733860899739069 6.603520331277191 6.63079189300314 6.912426052853132 6.782223013695375 6.130812615606315 6.068008522916029 6.538989882084826 6.741401201252899 6.960330279488945 6.542348349648022 6.762977017805831 6.360153212587013 5.8294210496243615 7.123917341860847 6.471327110197092 6.094640852836288 6.436733772340866 7.046152077561459 6.4226457317323815 6.598185259292916 6.901897814976004 7.182106079895416 7.605924549609938 6.167842854803218 6.679243980005281 6.580874623450609 6.8521843027147575 6.836035171111152 6.677773302719713 6.711101175779784 6.686092488230746 6.609089824258778 6.649810793889671 6.188122236656811 6.4692961242644 6.171367918210922 6.18768987780423 6.74264920587962 6.607746249284198 5.871905775380045 6.292161918929413 6.809454231251779 6.673681903666421 6.456071132802512 6.244668510004356 6.29547460385591 6.316596482178583 6.996228864353325 6.81347041112558 7.152928081625929 5.902496611594524 6.409046494092959 6.441756975497678 6.751470026565299 6.262013159871803 6.0622672980418235 6.78798956695096 6.130686722695331 6.066249303255442 7.040270854462298 6.662855494173507 7.139599751671653 6.43448360030933 6.488209304450047 6.391417264619972 6.863271195075126 5.631281497249316 6.3187269484261215 6.339026668920595 6.367771107654388 5.921311093510126 6.282455693067245 6.042708015514625 6.507351330956671 6.5275490833038985 7.051634472930489 6.383148461477099 9.93528707129613 10.558021978718385 10.227160881047876 11.88008102111869 10.726964322687122 11.000111080228333 11.183336329326325 11.09655425913225 10.05655920979238 10.841731489766495 11.084189915899076 10.268919280459306 11.981544512813649 10.958746423671581 9.626442975663311 10.85543766205925 11.008282122929446 9.131070773821536 10.247378813763566 9.254022541750043 10.90184162853096 9.787210120882822 9.45912038251407 10.612016173906026 10.736667517415277 10.266083528338626 11.187362154978045 11.552789693322705 9.753328049815394 10.90053744293002 10.57391696173148 11.92383228072006 9.635581413440205 11.771357860973596 10.524411456943664 9.295714070823204 10.950384009874556 10.272538810161198 9.505045484385478 10.447292095514236 10.454101537037127 9.85685611394533 11.160948858790377 11.21600336102662 10.861581072956852 9.471970610995756 9.916369547047985 10.708829486001859 12.014940425068275 10.446235452933168 9.93263754242277 11.185571650207999 10.806284163626037 9.790472299219124 9.873711129842116 10.696504982885795 9.120944210406575 10.66331311378851 11.524763026537151 10.44336098496156 9.983626310271896 10.456053843114903 11.28757950918528 11.02821889263991 9.546553719123143 10.1579343540347 10.294154019739802 10.57715874943412 9.715419195803085 12.714698556504471 10.087094585136938 10.614699256396978 9.77108239000216 10.279763127386495 11.084553520841451 11.506176185141603 11.056790554935729 4.829287627290046 4.641579298509486 120.85525138226821 120.17042603417268 12.063004399853218 12.606887533485478 11.897291283030919 12.011656237248268 12.42133768686843 10.992609462978558 12.246226187206222 11.728777467612371 10.666368272978346 10.680469736150185 11.523063955972782 11.88029756437459 11.51482614869192 11.420870982191941 12.213027995631283 11.848644175945036 11.287963518932632 11.661896782786835 12.195994524116086 11.794416115925092 12.825344666706721 12.497553402335875 12.64814132561775 13.717637195770939 11.605926665232655 13.432008191762403 12.742493070378412 11.898059631759168 11.553254215393109 12.455850498612154 12.340934063865644 11.907452641206582 12.63490657237156 12.436852434748968 12.312618606904937 17.735626075378224 17.33429316707535 15.920164632569008 16.251672499370176 16.73017060788478 17.62531117423018 17.92968202682513 16.479195873006695 17.703074928697077 16.763902500332552 15.080363886681665 15.312223215282707 18.613259476617753 16.92470248826715 16.510068780310082 16.90361798002647 15.964298217008562 17.15426940078275 15.793288752213044 15.503091748995494 39.69445765753501 39.43740021826025 39.72031806333738 39.802415107448276 39.69489854356875 0.3722922692966554 0.4105578037196945 0.40735173869303337 0.48187924499569257 0.3868977771898591 0.44213431065695435 0.48279369405067063 0.4037977055981686 0.42049723392189514 0.41682266643005395 0.41442698926458943 0.3732212558844668 0.44462852530497404 0.4209721461421939 0.3369010583927342 0.4320979929572101 0.3227494876390301 0.452888217275394 0.4609283742791062 0.35188597351669226 0.41845723670756363 0.430916309649297 0.40802112156993553 0.39300951544662605 0.44413129077372393 0.4117846724270205 0.428198138697681 0.4413351099067791 0.521641839193966 0.35224178600663864 0.4185741358766641 0.393157494890662 0.3991718991813176 0.3577650316978395 
7.206267941257517 6.474117294964515 6.29590889665266 6.917884357842614 5.687842126961927 6.426984956149495 6.221837520684809 6.766937012711972 6.79111393049028 6.502679286695931 6.776292121878475 6.348469680574793 6.888088998763845 6.571267841827238 6.643864692878952 6.907852434918879 6.923075342182868 6.972516908219525 6.842708077577022 6.213838368797353 6.8674204533174485 6.30070791000176 6.762513497780317 6.567628381010139 6.749019859504531 7.397269263136877 7.016774719482537 6.456321929824606 6.902112213615104 6.91299569080309 6.575465292735215 6.911907879484782 6.78702616884529 6.452879198244989 7.07031678894879 6.354186461834691 7.251928726504527 6.7154456183363 6.6075935569959725 6.405159920821918 6.452580820941885 7.197296475849543 6.968749331315981 5.958100444909141 5.834134731771594 6.128580185693611 7.422294470087851 7.190986654146899 6.274629854550561 6.8386810695024804 6.693502899114483 6.3598943635915175 6.43767886513286 6.75746644298351 7.055577788269353 6.786509626086505 7.2511692994059365 6.377641475662804 7.259171378236173 6.672461965301363 6.9774792619961215 6.384538347628427 6.082823534072409 6.145436110491957 6.106805173756583 6.817521513352941 6.682400486110687 6.7081627424594865 6.990108464861878 6.864895448964662 6.203086856317246 6.140297071590736 6.616212392401596 6.8271029888639 7.037668819182425 6.621357696859284 6.841095117860336 6.441799429637673 5.906417945674659 7.208855287337765 6.555062494889459 6.174184803904174 6.510266491969606 7.127610864295531 6.496806977146535 6.673677560951923 6.983881132892115 7.252135127589346 7.68070926246645 6.2403014624411295 6.754329421110607 6.6603637506518 6.927717755985082 6.9151864873825035 6.754303976235626 6.785273515314485 6.760769783726186 6.685036126397789 6.731574347857558 6.266651580327145 6.544941857672236 6.242456183357572 6.268370104566693 6.8181962385557355 6.693333997597813 5.951162955355647 6.365861896892667 6.881914474857722 6.74751022693166 6.537081400434501 6.327380109456938 6.377134022058546 6.393090232160177 7.072409526266955 6.894006357678631 7.223850236022494 5.969839269384906 6.4791575009874816 6.517860656660794 6.827509857290969 6.334631031355042 6.136287665609038 6.867301629450178 6.209463091928837 6.1461143458693845 7.113313254050336 6.7430020251901865 7.2130299155282955 6.507953860164005 6.5597533942590225 6.463247660596356 6.939721158950207 5.708702498361487 6.3988564966634165 6.411752144511009 6.447940780820325 5.99128883987131 6.360169266866926 6.12661514127739 6.576248019218515 6.600188927530781 7.123819136519431 6.4597271230806115 10.129390730401036 10.767288812500677 10.43741388621865 12.100527006004258 10.935098980514471 11.206877313503163 11.385674835188423 11.30800078484675 10.255457428479327 11.044498794013123 11.300286142301921 10.470456059648598 12.197200910560149 11.169168658815334 9.828662527887863 11.066153938369569 11.216644862768382 9.329170493997944 10.445502229648357 9.45174245896085 11.111848918499588 9.987810498257929 9.654411665197943 10.818329851964416 10.942777020606412 10.47761180831263 11.391300694491914 11.775186737066624 9.959058193824797 11.112642526499517 10.787971298663138 12.13931168253167 9.832341638153439 11.992126589360343 10.733972258244622 9.490992088207866 11.160979941854473 10.47306418969148 9.69616647662802 10.650742540097427 10.653720056642134 10.056043680502047 11.367446985166287 11.43035092679009 11.065389623326531 9.66698085774818 10.122482724268416 10.918968491021621 12.23363513914515 10.65785930461543 10.135551077959425 11.396955044155142 11.018756585793394 9.989091143079447 10.082837353902812 10.90222288841662 9.31498097572744 10.869551015537857 11.741746813375633 10.654409122385843 10.178369788683794 10.664301663214367 11.49719513534853 11.231758739264158 9.742263079100246 10.364618699353045 10.494569591790441 10.78355318744613 9.917177509418117 12.938789333792148 10.282736368593758 10.808686404297863 9.968546661125057 10.479334344483576 11.297659054976952 11.716075531784416 11.275442224285108 4.8381507458736115 4.651260329629112 120.83015202585867 120.15049640651834 12.224887743627027 12.771908559201602 12.060642446150505 12.167063690413467 12.58225029108393 11.149436181921207 12.407388857627899 11.882051278881876 10.817802589973077 10.831441807925733 11.685436812743216 12.037222217447766 11.670391997685858 11.5657049200009 12.372263438035178 12.006945227099186 11.437017107862685 11.817393700168838 12.356179140152053 11.955230882432785 12.990502397798664 12.660667824483438 12.811670259000365 13.888908887526009 11.75673074552414 13.60369798655629 12.910296314981725 12.053642744091993 11.70748224160378 12.619883422584955 12.504655530525962 12.06226492303043 12.797733161753687 12.600965302458238 12.469428158775791 17.96923892792196 17.567841417508003 16.140097082596483 16.472386644096524 16.962151497821825 17.856509401639077 18.166353678925972 16.704087474187197 17.935319146608037 16.99025073631136 15.28958268208948 15.523220851877358 18.85964996117493 17.154310431317313 16.739643279003534 17.135446148911168 16.183218449125956 17.37945400750357 16.013120634878682 15.714519577615192 39.99372367650434 39.737725412806064 40.020601280173935 40.10329278666113 39.99570490927476 0.4224762387060509 0.470574397383309 0.4615813769813527 0.534038092742762 0.44601865568872073 0.49282166311973896 0.5355550138317811 0.4503666939471116 0.47052447033097844 0.47196857898490524 0.46886233476360517 0.42398160415695985 0.5029147450375144 0.47200741254999784 0.3898114067895814 0.48951247711169815 0.3748112910570663 0.5052904643793185 0.5134397086650301 0.4056801674033848 0.47354484002245506 0.4802729055046426 0.46143242251745814 0.4486200456438952 0.49890842457815276 0.46274243731651404 0.48218718246847475 0.4877517856518952 0.5857765518255348 0.40318653882445693 0.47120244953939106 0.44628591319831273 0.45277287770808433 0.40969404677810456 0.39937665824463053 
7.965079199013088 7.247217580129385 7.060139345294251 7.7286631998901285 6.428978227262781 7.186772244646252 6.994231763237162 7.5598951706508775 7.6082784289014285 7.266230042992814 7.548859459783593 7.112659977732576 7.702237898989078 7.347228787055236 7.407142680843692 7.687813844008874 7.709097968894989 7.755207976241475 7.578491882576166 6.984770674894073 7.639809700856164 7.072567686303949 7.549355346498334 7.338043885402719 7.521613135366327 8.231142782323223 7.770032187675462 7.244745074055663 7.707231735734684 7.696294229648553 7.374036051587258 7.717064187289444 7.5719254153749125 7.223648318262252 7.833310761426404 7.112344685473982 8.059759187660084 7.483261823300068 7.402217219774571 7.14411905745265 7.193178576918895 8.007319203734008 7.74260616678004 6.703556544992814 6.56042028481277 6.908578818971381 8.232041514722143 7.996227744929348 7.047436853464055 7.665372461542633 7.459640705618752 7.129512828918747 7.227009743055056 7.568448431549288 7.838993723802717 7.571213728432758 8.048377126769306 7.128739805081936 8.067956451013442 7.430979766788135 7.753055520738751 7.163836475049601 6.852708007306425 6.902991064978142 6.85406268217975 7.61055626582106 7.468633253619218 7.521583595546286 7.795870536596983 7.678306133437394 6.95959911906124 6.908243518371998 7.401648407506242 7.630761638657002 7.853474557680882 7.375096114601299 7.634228600268681 7.230368197177573 6.660505690820535 8.02183404613394 7.359499446893999 6.964859616134646 7.294840198121961 7.926895856088414 7.249569856053106 7.4413911069933265 7.7847292810444575 7.999229255850875 8.513149831220217 7.002166454095331 7.510996895975526 7.48148464642241 7.727524873382932 7.671928800891007 7.554188193634821 7.515639268654338 7.534744966821842 7.428269551709087 7.481758317924321 7.0220753678172425 7.3438517831067625 6.998540668256945 7.0381463160842985 7.592775831823916 7.497638854127273 6.72995502360545 7.141859291266274 7.6825491000914905 7.496979868675754 7.321141591291264 7.1093344625762995 7.138223829340115 7.1845733409911015 7.873954768292324 7.671213234785063 7.999816538365934 6.715430765776362 7.246171461463723 7.288417159746717 7.609986804524995 7.095283900020514 6.874612004175385 7.679898473018071 6.961614476832363 6.916261772017922 7.890416071610379 7.5474928108790325 7.987730169011917 7.28598161459005 7.34162504767616 7.227067226422147 7.748621636771166 6.383599878154444 7.16020642624878 7.191641311560289 7.244259183933594 6.727778023516521 7.154738549104534 6.8975234644548005 7.3504706019127894 7.358385379327464 7.887879237883333 7.241596319713509 9.926497083000825 10.59902625626296 10.208142414919772 11.841859106982735 10.730473742350625 10.968818305410872 11.089458999303556 11.05099325218136 10.018632849991999 10.837434913380955 11.088955790049583 10.253770720068268 11.91726899470664 10.927058888993725 9.612088864258304 10.861743829641458 10.968178081886911 9.150852599814657 10.231764998487423 9.259660533361222 10.88983766533141 9.763574341282755 9.430187624447264 10.573524971743296 10.697378908400601 10.270223179425727 11.104471063331548 11.556833743442642 9.766492416996622 10.883394130323897 10.583830363582852 11.871343643438326 9.637693699912194 11.758332981977626 10.553302390450773 9.323567478165602 10.908320076422338 10.287059720956739 9.462145457255202 10.40390426461965 10.443685206665384 9.867759531807508 11.118905215150203 11.204215021701625 10.834495089150206 9.487132536993752 9.96293921655386 10.724317031715287 12.020917887860442 10.486312231129215 9.933756962905528 11.139170290419527 10.835938988077968 9.76785667353242 9.891734824743525 10.682716671829574 9.113195501296502 10.61120766897013 11.4809098787861 10.448217292716238 9.92248598095598 10.484317939368845 11.264389612274233 10.99055804667656 9.495887711807558 10.164971677812833 10.253537603356904 10.579809832863889 9.738700079817775 12.725786787876379 10.071700942818564 10.527331286054293 9.764234125826599 10.216255084540649 11.083342259630214 11.441771990714047 11.116301297560131 5.06896940804544 4.902632502569389 120.76845529575188 120.10786706825306 12.021646189834764 12.565347672425052 11.853709515447076 11.990779018748272 12.342669648351043 10.973548534420614 12.149946104298266 11.696621981751946 10.635925791129099 10.631346858206996 11.492117356943792 11.784902695241502 11.457029747881679 11.337005249314029 12.173033126797188 11.795855917157079 11.221160873414744 11.614325847076035 12.160227017824672 11.73855245979377 12.724744813314297 12.44860559686528 12.627218135943144 13.645139453033904 11.578267165910251 13.42159746203806 12.682753387066848 11.878561917510007 11.503686980581316 12.401893993494955 12.335083134320303 11.860037175517638 12.571686211824646 12.3827277074054 12.253775878266582 18.641160773611745 18.23521155006687 16.781849594724207 17.121286152247023 17.6012482010431 18.51476872085404 18.836071074572175 17.35723829856038 18.61525225605969 17.66605726229103 15.97161238922319 16.197196356932945 19.497466243694596 17.822181743427084 17.368257943252466 17.784418549734873 16.82082918083951 18.05339291576804 16.66451088105162 16.38342642640083 40.1774153440467 39.9246991630596 40.20203260047671 40.283227336940314 40.19226916377568 0.5120486487513508 0.5887685705191784 0.5880046852422629 0.6025085622117059 0.5229112183047441 0.6241315065630104 0.6023599704516157 0.5501422646573775 0.576147424917968 0.5908606953230048 0.5697122599212253 0.5252128192717878 0.6455410831895879 0.5476318810619751 0.4832848003799273 0.5911944381763404 0.45239188312726725 0.5998637100506944 0.6422989125642615 0.4969968404351036 0.5670955521441584 0.583200425827888 0.576952614641939 0.5758665502693916 0.6151816540473181 0.6217395271981605 0.568138442425589 0.5409156418432369 0.6764952249387912 0.47915202447439575 0.566914556999313 0.5729597411802791 0.5438676813921031 0.5459030694768119 0.5184485978385467 0.570036836857891 
6.972648714240987 6.231617243430235 6.052112053933877 6.624832444985775 5.4761383883919 6.204742886665086 5.982920565943862 6.518275170886955 6.534003443039804 6.287506760842314 6.552886498482387 6.102446269393761 6.632905921709785 6.318049017581167 6.407065161028214 6.673186083579352 6.679113009024722 6.7546012832521045 6.650276394267962 5.994522173556261 6.653127902034952 6.059375921564869 6.517758467477431 6.335121912150786 6.522271247680502 7.1131988992168305 6.816630889904849 6.198097625761843 6.645576846350512 6.663826410632171 6.330426131589396 6.664799767796785 6.534653113946767 6.194230833489498 6.837588189058621 6.15101671617136 6.996655703416289 6.432864344114562 6.31661927615661 6.221968010651973 6.225379980833993 6.935245099472274 6.719500271876009 5.749856683232627 5.641070266441604 5.897097904724313 7.144656951496769 6.944348526794943 6.048365482760174 6.563529191728241 6.4551685658428655 6.1556044934422545 6.178946394431506 6.504753974307128 6.800941034855717 6.571112620524892 6.970794666149727 6.150219771945524 7.017643669456188 6.443361904707889 6.767109403111534 6.162977096691886 5.850465469509861 5.924114289314542 5.889610797159925 6.5814776639934145 6.445392990093306 6.422035434760161 6.711695432732543 6.5873937891671295 5.967583642146144 5.888628887236146 6.374385027794477 6.589702464586569 6.762570594193027 6.37867430817849 6.586469598483026 6.192048527450201 5.701596782336812 6.970864532728063 6.282296633106602 5.925846561278899 6.269037489925546 6.87052832963449 6.290604056924182 6.436885068452593 6.697293026694146 7.038594360975824 7.412921481232232 5.99891605075971 6.539193167414115 6.389571242505073 6.679523958782208 6.701684320032768 6.509958456403722 6.565402570434311 6.504312479422796 6.449675591197212 6.529484190440037 6.087708755450884 6.285722284288697 6.031321440094291 6.030399703856364 6.568337284763438 6.434602387441567 5.721523136284645 6.099096218816808 6.61946727137144 6.500380621752385 6.300409183155349 6.1073347574882115 6.186246248006723 6.12993554073276 6.7776585245390715 6.678952158136644 6.997732910164857 5.734565639598414 6.2429371994868434 6.271224930369555 6.580541855984027 6.101872892389321 5.917648560233674 6.613698433469139 6.00085068495016 5.935445259857763 6.859182969602543 6.46871290067495 6.968855497103471 6.2485573605658695 6.347938979853061 6.210795510348341 6.682108150206137 5.555722955223652 6.182609365976217 6.175027879611375 6.180588951615923 5.771854176750749 6.110037247896562 5.918845265939176 6.360991548403588 6.396114189012229 6.900064273457323 6.216361590476667 10.21097603305793 10.830091055606175 10.517236964165075 12.213398656700624 11.003939484840597 11.283070844118871 11.53957296185595 11.392205559682683 10.37231151317625 11.09492929980483 11.379018138835175 10.529952474407448 12.34629757419328 11.257000441101951 9.984131743490641 11.103950869295453 11.341459776149057 9.38019706010654 10.501658314822262 9.521435133160264 11.202806243009942 10.099199872201579 9.744794108959672 10.919865562049 11.082420457909747 10.593692106377953 11.512290911383671 11.876894468556653 10.075926765181174 11.184858250083973 10.858814492741873 12.26334501934853 9.91334550441487 12.091750521276008 10.794636841008746 9.556398030486053 11.266774002265004 10.569806181573343 9.801058426297233 10.768645167490076 10.685479046737322 10.115792863217655 11.48072610291715 11.53206816929037 11.13857581088577 9.734215320259576 10.165592234789383 10.96747642062892 12.306931333013983 10.710353571517592 10.202111211680815 11.498491394346399 11.086657975206872 10.071753222473824 10.17341007596561 10.999744996392929 9.40856249578094 11.011427259582497 11.859598859980707 10.732643870489628 10.290254944670181 10.750163123520407 11.604472132037127 11.326882901613386 9.86325720491594 10.443896368274759 10.606305413673688 10.860453209576516 9.995001027362575 13.011343769817229 10.340113926072844 10.968753986525384 10.045906199328934 10.577715710644057 11.378821154556682 11.831209670848686 11.348233667651066 4.5149777692378965 4.318625795094357 120.79927480272228 120.10850802839086 12.1452262908948 12.688783328096898 11.997678659756165 12.07155426109774 12.543654198569978 11.062612310330707 12.386458432594127 11.764694001800606 10.743207687792264 10.752667418604828 11.606091686741651 12.028852623969627 11.604065185517094 11.524922671259898 12.300163622554845 11.921554761793272 11.37368301789697 11.756773213848291 12.289121668501153 11.913066900912959 12.977532306468479 12.612635344993233 12.735820295705913 13.852337001922844 11.645334742994224 13.528005194056652 12.83960518777273 11.954434489438825 11.61832804660981 12.548229076864713 12.390513407371865 11.991446777419599 12.763374951983732 12.525671685959427 12.40716368840265 17.262536828579638 16.87503710891594 15.465219522542942 15.795894416291894 16.293731559242985 17.16135162243129 17.46854347368852 16.023760504196172 17.22599154988984 16.29802007535463 14.608120076483516 14.840083436904356 18.18474376345639 16.465421561479193 16.0803929639693 16.470804531279185 15.508775233051864 16.671897380754185 15.335886758339711 15.022524048521952 39.36895877630481 39.11168264232977 39.39995517934075 39.48027250561601 39.35781943049887 0.5006516926364903 0.5272902029006037 0.49823562759977535 0.6160479787989598 0.5238462805831617 0.5327664793753079 0.603269591628206 0.4974439435753002 0.5058779283488848 0.5148397630925413 0.5460155142802883 0.4892457838534554 0.5398412656326673 0.5478904299330792 0.4678129995973755 0.5905270952952398 0.44273154765241385 0.5574071165143163 0.5457820475397265 0.48520550635248155 0.5354536339835299 0.5061222496935344 0.5096049615366411 0.4804596865405219 0.5571674306891816 0.4882104495483909 0.5368706175868263 0.5776418552293154 0.6910533295582734 0.48682940579842043 0.5083858055235196 0.47535027078153297 0.5220074867811028 0.4526256262824945 0.47022812748714743 0.5217984199313895 0.6663149027905164 
7.386581593502558 6.675665718678735 6.495789330747725 7.126803962440036 5.881893081766793 6.630699851274104 6.418598463368901 6.973729203130915 7.004987667048307 6.6977310604526235 6.972320272045372 6.538757940494737 7.113128725062977 6.766612620949898 6.83079588426979 7.107392641358251 7.1140998062866965 7.175726368755815 7.026559959972864 6.4134677331233645 7.068454756868893 6.504264156780261 6.96442061464549 6.765333814143081 6.947607427388379 7.615637315055801 7.2148375488419765 6.660640779568618 7.1132530476514075 7.113508889593904 6.783893026887964 7.126411520740424 6.98789092744778 6.6363902657601965 7.256102739262868 6.562071313411549 7.470486693578728 6.891441181876705 6.810752107308705 6.5928977182592865 6.6358793144902855 7.399131462426872 7.161966563354932 6.153480094974191 6.020050563882604 6.332529163206033 7.6251645777222965 7.405927289569633 6.471604482505552 7.06454789546913 6.884694676997791 6.565128591777904 6.636583163560641 6.9812425256701705 7.253320107174353 6.996856607433557 7.451882632654856 6.570207352696731 7.4718092781236685 6.861722750523148 7.186841780957856 6.588585426713657 6.286501844958969 6.343260818052435 6.299635357743942 7.03489162541215 6.895273663491601 6.920998587703065 7.194089711950551 7.077707960228022 6.389809321022052 6.337477717847457 6.820119351486707 7.0429066890243135 7.2559456108432485 6.80321626324174 7.047900731183593 6.652172261658277 6.112712782092705 7.4320422517664415 6.772047781113062 6.388960808303553 6.708898376628648 7.3359526515523585 6.692955058703518 6.867258482702776 7.188871436776797 7.433878880477112 7.897211681806792 6.431181341806662 6.949614046440057 6.889795076520742 7.135636846727527 7.117361890050453 6.962554784394441 6.953559450642234 6.951897380343779 6.869032747832049 6.9253710143237415 6.469604732148354 6.762851293397867 6.435318775242875 6.475289079816669 7.012446458981031 6.91111898828168 6.16007157308876 6.560259302683788 7.088737097483964 6.925641492413981 6.7473740935722075 6.541201154711056 6.58750323354988 6.599433703181416 7.272958753204591 7.099419021761069 7.418128339160193 6.14855874421574 6.669789365833654 6.7149616855082686 7.02933205089131 6.521770426960073 6.317737617662235 7.084213675579742 6.40682101417522 6.356786658107071 7.303345530069844 6.954873501477267 7.396674173256103 6.709411628724763 6.767628427278708 6.657734422469188 7.15302913175536 5.877598545134272 6.603499595855944 6.611756509547159 6.654299634866379 6.16889206557188 6.573133263887622 6.333184531829842 6.776620385633905 6.792851284840912 7.317037136439527 6.660276136720977 10.008126873730918 10.669377930616166 10.304113898180349 11.969538014921287 10.814257907479975 11.06331523768758 11.224001314176146 11.16489000679594 10.123945611469987 10.914290865916461 11.173415797540962 10.336285273476877 12.048563289060414 11.031352891020493 9.712440421457067 10.938668128023545 11.073893086497456 9.217571526410492 10.29899389880444 9.33656239270441 10.985975004042471 9.86299495320455 9.516633079976563 10.680785664754833 10.806168589015622 10.368070763853485 11.238958480424321 11.667860503231644 9.845316426406862 10.982595415446095 10.671906892518416 11.985469989843164 9.704734672308659 11.870469814290615 10.612951276182324 9.382247727252128 11.027516330365216 10.360204605233463 9.557763145444493 10.52117245747478 10.507553172488945 9.932138554917378 11.231903418753713 11.312363496846254 10.922949642013206 9.53919940264834 10.029917551657984 10.797241300462689 12.106627030222343 10.560945564444514 10.008416086609682 11.24510049948209 10.915665029583671 9.845618737824507 9.97556280979466 10.781780385207991 9.200122053784952 10.726511741539534 11.598097879895645 10.546978554180795 10.038223638641739 10.554638988605353 11.367308342633256 11.073104244642652 9.600389122319097 10.251752629841183 10.350338979109104 10.658983492015125 9.806967822818526 12.810538069855877 10.142427591357135 10.648664487390985 9.845169537464878 10.33055111912879 11.187213059084115 11.559787536268395 11.176861716327144 4.848947797625552 4.665217696970351 120.73093873547869 120.0574983388055 12.08694412322694 12.638301586381182 11.9305572847292 12.035959261844411 12.43585688133468 11.025784635668968 12.254821895087046 11.74210131157161 10.691436610360682 10.696356915999907 11.55882289179181 11.889427563452323 11.534109834363633 11.410635623419825 12.244820015808552 11.857301175394944 11.29299167671756 11.67800333559852 12.234512104215836 11.825099674918727 12.843299439049986 12.530320166272176 12.685936019723009 13.745899525357574 11.621695408074407 13.483602802605882 12.76585838801902 11.933032375200275 11.571136319356901 12.477010366296815 12.384918328838618 11.926816174158327 12.654648768044144 12.456119742737247 12.327002792140192 18.162218507411243 17.763120526410773 16.31635545677222 16.656924850122852 17.1502952212808 18.040344257700603 18.361953716437228 16.887116535360086 18.134967768831252 17.19453035978301 15.485676246803532 15.716921250860542 19.052237626336744 17.350254318974628 16.918962775968822 17.3263346950203 16.36121023025051 17.566812978465062 16.198765110620464 15.902861985863318 39.88619506074175 39.630978944356436 39.91174470002176 39.990634313554374 39.892909249125715 0.4087558636440193 0.47187136206842545 0.4637694537428793 0.5123929838254064 0.4282861276476843 0.48786982500959536 0.51230329548023 0.42452222903154224 0.45195650387788155 0.4649607640695168 0.46225873900257236 0.4116805861865557 0.5115103352658903 0.4454678073293803 0.37852377275844074 0.4916439268849586 0.34711223509328637 0.48777325587315556 0.5078167643293611 0.3969159097499888 0.45724591835085315 0.4586871571672846 0.45941575077548097 0.4495135304604605 0.49340501234719825 0.47261447217253283 0.46236697570847646 0.4521866491680824 0.5836810549210424 0.38033943531064535 0.4494526372576207 0.43962879604477795 0.4389521827083516 0.41145747312516817 0.40214012395340965 0.45237706561450947 0.5378745758591305 0.5214897813238156 
7.003031566121953 6.240167742966807 6.050951172103181 6.6508038878594755 5.482489999845683 6.209044663937321 6.012081354319148 6.530766200265068 6.564529197964082 6.301301082227754 6.578668692429184 6.127709928177761 6.643863046350629 6.3419940937374655 6.43815575461499 6.690874785875635 6.718245152300194 6.766028150552325 6.655900470039545 6.0024261204783596 6.675127173482669 6.068692677475441 6.540924476466006 6.348950086163764 6.536944843759015 7.130513650725008 6.814456099312288 6.2145318435718675 6.666060366451669 6.673102830376989 6.359247095013066 6.6784272181822 6.5638469786288685 6.2270908023931675 6.866722707238627 6.138125234103422 7.016813553651158 6.47125966745835 6.3386692252699985 6.230481731937012 6.245940873138497 6.9731950508429446 6.7422974833495655 5.756848836926036 5.653637334984182 5.925048299636596 7.1687388557427605 6.959496072376974 6.075810006050041 6.570366841436504 6.471262633554289 6.159783123489297 6.21058823733769 6.507279598811293 6.826251710519137 6.582211698981215 7.000155243950465 6.161406057799055 7.036552062085325 6.4566087591166 6.77284638069886 6.174081518061945 5.857920117305141 5.927832581790027 5.8979938891602535 6.5825014426799155 6.445922396006312 6.444614474597066 6.740683547162944 6.602805984387754 5.987515381399138 5.910087703511163 6.395804830761476 6.593511700741518 6.780035296133621 6.39485024856021 6.600633262523709 6.197148767317995 5.698078805283375 6.976102721450414 6.286063676524113 5.923268460451872 6.2954736525799415 6.87854322324775 6.290736563080158 6.4551023610152365 6.7109496561576405 7.060372054594981 7.439103401075004 6.02171368101095 6.550561749934281 6.399608664747048 6.704843702130005 6.6999426487060685 6.533965120874909 6.5865053388041375 6.528010369139876 6.466885607398542 6.527336618619648 6.09536841827699 6.3008299944245465 6.053446494393985 6.03246754788817 6.58529754025159 6.43653945719428 5.738737648522663 6.124930150411851 6.64834048644397 6.515748636514026 6.3112943735171925 6.105763062453293 6.179482624907104 6.149023296706447 6.804030518901596 6.686667397677977 7.023101313505377 5.7747733973694375 6.275403034571562 6.288216260851569 6.591829465118815 6.130474346957251 5.951232994796164 6.6305548079814765 6.003573651296181 5.933814980565246 6.884137349605225 6.483930054603579 6.995376148065526 6.2681205594693115 6.368899269388278 6.233328036845921 6.706101033025673 5.547122201241263 6.191523032464262 6.203609465086634 6.197625495547573 5.799856720562593 6.122190040366694 5.919166663773176 6.380385888144055 6.4127140945338414 6.91659914281265 6.239924934044528 9.849138724596724 10.447612881150146 10.130361262722205 11.797213969328405 10.627648547331347 10.906851477311745 11.15476535435796 10.998748003356331 9.994813019524964 10.730746481972458 10.987062919867643 10.166409745856493 11.94404283228485 10.86780547207709 9.602565683675065 10.733054636831678 10.949053409493526 9.020762526677462 10.150736971785358 9.156948680324009 10.8111994527415 9.723518537040832 9.38968090053855 10.542735615297644 10.691781977916774 10.196926275219683 11.123536347384816 11.456798639420434 9.69757574462925 10.794199979449617 10.475546042847146 11.865396397019545 9.558055714971504 11.67465499936982 10.41761852871571 9.198586630863302 10.871013663606606 10.197381589683188 9.442982561374091 10.386344157390806 10.332119736858946 9.754184276789003 11.08340801805744 11.128556804744806 10.768877261305553 9.393190695612123 9.786216069817145 10.58961871093154 11.91341565287567 10.319953470656252 9.83596504377287 11.111603501029256 10.689903823769221 9.707957362424455 9.785503461010727 10.614499059906473 9.046935930980107 10.62624512654321 11.461705814559192 10.333145889017866 9.922092259529032 10.368911469434211 11.21387296505349 10.962571771652604 9.498020465331537 10.059528299361336 10.229290369544472 10.486918922467405 9.626962190764205 12.602221167551857 9.990043022902565 10.605895874179465 9.684572031780567 10.207306079450577 10.973643421276336 11.451660899682485 10.957713475828593 4.5404167673885505 4.34924106779294 119.50862703333743 118.82156815240172 11.852671339439702 12.386404310043975 11.69287964795405 11.793333938603572 12.248503496293901 10.779076966765343 12.0817846258955 11.498557069908204 10.466305139140596 10.47359806558555 11.305870712137445 11.731502512055151 11.317844074273054 11.26196123607521 12.007384574606258 11.639955366054865 11.100069411663751 11.474336039589355 11.983994462223485 11.61129285261994 12.655390065086497 12.30908645564259 12.435120900760463 13.519665654022429 11.3757067904441 13.215892874742197 12.531293842238126 11.667166421863508 11.33424325451182 12.252499320900242 12.09256142361434 11.701297895426421 12.463691342226626 12.228435340997976 12.113187786944762 17.040683689254838 16.6506117897935 15.266191966759452 15.591964761536849 16.06588960198454 16.945859212609303 17.241500416655864 15.819164194903662 17.012333052807513 16.08102289030445 14.42446683578937 14.648704544717592 17.934544389415965 16.25557897625178 15.859925860761837 16.240474775895223 15.30860018932462 16.468766280939604 15.1402183088351 14.841785936877827 39.046036229712925 38.794866334199604 39.07716282454262 39.163750287915484 39.03997274675986 0.43404995033818283 0.4510280320322588 0.42761680220817383 0.5436062975156131 0.4417380355380934 0.46354892356572935 0.529027300881737 0.44348887941488674 0.45496314805510196 0.45565841557104697 0.46762450854401794 0.42056852932759603 0.46685991194348503 0.485992176978872 0.396051004335297 0.5066013114301074 0.3793974370074033 0.49092354786793224 0.48562665287635826 0.4090901129398052 0.47104773446450515 0.45251523689299655 0.4356359957016827 0.41841734933051933 0.4941319641873658 0.4342501753688382 0.468394685981495 0.5180200757910343 0.6036091411741261 0.4194397371543179 0.4491153580616023 0.4262443271591266 0.4524742376443157 0.3959119775015425 0.3959268026560257 0.4520802278832627 0.5917570568549363 0.4923246568643775 0.4584054679817112 
7.237099454752487 6.427739857743526 6.220128164394602 6.831525338844482 5.656640804368133 6.408546457734491 6.198964061835145 6.719656328887082 6.759102747789712 6.506125201999038 6.795195367551297 6.324024963498076 6.819620408409687 6.537304886687182 6.651467908575125 6.906485595944191 6.9360809775433845 6.971285840369662 6.897083292752824 6.2011107551796965 6.900470262500277 6.248626129316912 6.7435750816378714 6.550880707315013 6.742853733323138 7.333122987031878 7.048489003779337 6.397558120393185 6.860236854017521 6.874171517439482 6.552443448099821 6.876466851401564 6.764801103454904 6.416064963358251 7.096088662683925 6.336437030786034 7.226122906169259 6.662350760091279 6.497319529986223 6.458311976023622 6.457235646668193 7.178079409379707 6.961443136821277 5.949819009003612 5.859045469591973 6.115398309209907 7.37090002268222 7.164853110241053 6.271139510459704 6.73311583753832 6.689563467833877 6.369648289194619 6.392436055489158 6.68595874267902 7.035470864149592 6.796293250647571 7.194256818730171 6.362186971963214 7.246211230092988 6.6628018070163915 7.0074032205416374 6.377658471720372 6.035328748310468 6.136539534983939 6.094610323484222 6.764902484532651 6.640798090470897 6.618965743920878 6.94636709295009 6.783853911371689 6.18972228726616 6.087804986421941 6.595397830646713 6.787459709461189 6.953561047344646 6.601243849446816 6.7943955371183415 6.376174182259881 5.887958664893882 7.172387927875173 6.45721589672865 6.095395056807755 6.499051737022704 7.071766072538592 6.515581161036719 6.660844010008952 6.8942330845675635 7.310445290224353 7.65265205216581 6.218884316481756 6.773782948237875 6.561444847986288 6.908458093505738 6.918481968890673 6.736916171229203 6.814930721105649 6.738436889458921 6.68498103793044 6.747075592085344 6.317089353549754 6.478271756638848 6.267950880327451 6.207239441029874 6.790412503671533 6.613752978934691 5.912014081298496 6.303098850470719 6.849289725121384 6.723922227660879 6.498201951118059 6.298335935968031 6.385075723123204 6.3254379769299875 6.977555095447309 6.901323305276595 7.2596908902734 5.966795938860241 6.482064789419084 6.485419685492994 6.798050117900587 6.333828738059349 6.1545003933653035 6.822773087744496 6.203678913204389 6.131466745283034 7.099292869421783 6.653923899138688 7.223211967882882 6.45141364506908 6.585850173811324 6.423062549375715 6.898790815458873 5.776470446877243 6.389057664320765 6.3994049451003185 6.365070915448022 6.007294748307199 6.300971064763692 6.110515468392979 6.6051140508335875 6.64226582895052 7.147877943578641 6.42689892899127 10.387216510033223 10.986263315684722 10.64990741096756 12.390403244060797 11.173124916592807 11.47538755880258 11.77798651603967 11.545415878170402 10.552817603787723 11.280647003266354 11.566249597432677 10.698119911491698 12.571582588907473 11.421135830552531 10.176490354045917 11.263181627706702 11.55178750197869 9.499029800563873 10.709485011494554 9.65669704603841 11.378422167470697 10.268976243462685 9.921724065038756 11.104851789074951 11.292295167597956 10.751083133164965 11.704302257038707 12.024448167984072 10.266858026431628 11.336575048753748 11.009967815689317 12.492878399253595 10.10837948347021 12.257375065991608 10.98291256347408 9.71134553180324 11.435037386920703 10.773635056256582 9.986697930073428 10.934861440640194 10.869055149326908 10.276738825699613 11.669262587914016 11.686395854744344 11.337689418732376 9.941314455526264 10.278630815066458 11.126144102721753 12.51115839012938 10.83252060471484 10.371056819362906 11.69925814082152 11.228255471972453 10.25884588971723 10.309543966569878 11.181880657125843 9.554011617914002 11.21774258079024 12.058951126855426 10.851130623959492 10.467921615180414 10.93258701731793 11.80280523720756 11.566601274432871 10.04694369876466 10.584526364659911 10.789507402626985 11.046905266332079 10.166797094025862 13.226035786874878 10.530934013137522 11.229617475631924 10.220500786051304 10.758703083811337 11.50900917673975 12.055798702530533 11.53649188223084 4.3616144519252105 4.176952337878516 121.174309613775 120.49572614040399 12.320221784800905 12.855626637421908 12.15191090542038 12.262845708481608 12.739962527499218 11.20933931012482 12.58792675662844 11.933466874923779 10.898015872880817 10.887477046650035 11.747353313809215 12.232760872758465 11.761388482290135 11.751451377424226 12.464718008502624 12.112469107596985 11.546640049912043 11.960636572399094 12.436819290869524 12.083003350172282 13.162190575874344 12.799449549825844 12.928237559696868 14.058502876872078 11.817267552110083 13.72726615044295 13.01804463156226 12.100275690352941 11.76559345954198 12.733591428994917 12.532603527995745 12.171007765953153 12.990698300500906 12.709176939068557 12.60623976088723 17.10116095991534 16.71918200402143 15.33467637685644 15.649203173947523 16.131309796176115 17.038418788578998 17.323365142928505 15.880446948637784 17.05208198695848 16.110727743032633 14.448045897957503 14.68034643197148 18.03336434391116 16.30065113549201 15.93376008248672 16.333829932857174 15.360644258975324 16.539085996904383 15.175530151501581 14.858549685515824 39.883410325717314 39.62545243725745 39.91983960463431 40.008901910342665 39.86708282026986 0.4377651578082028 0.4216450181183753 0.4026555742176096 0.5349583432693458 0.4502226097426736 0.46552282437801146 0.515689833688255 0.46757749959945594 0.4351215191872924 0.4315704177768757 0.4776226836880607 0.4239808562561248 0.44973650552933797 0.4814851690478125 0.40077016622156736 0.49648346458838055 0.3873389650079985 0.48733096929379444 0.47064893607564595 0.4023037811262788 0.4686673948624279 0.4375893491356276 0.43203959177122303 0.3835016394722851 0.49300856876117566 0.4278072972119358 0.45055217273406417 0.5377312303074617 0.6058579680219022 0.429632533583861 0.4204522322584226 0.39704653870539985 0.4462541476308808 0.38309772770817985 0.40594553720826665 0.4602599516168508 0.6081352910971545 0.48498261338260473 0.4700761018788049 0.4225118646518292 
7.595128413807742 6.793481353891259 6.578665305588829 7.23262302695822 5.989643780039653 6.773414366624084 6.555459472609709 7.089250760866895 7.132444385973825 6.848767276393242 7.147554531527037 6.683236078023702 7.213222964767274 6.906270708940867 7.008476568178948 7.270624546484108 7.292988027693881 7.321177083447681 7.23204252940282 6.536010717490959 7.261601308785924 6.612385713896308 7.11322057309192 6.90662354889832 7.098541121679719 7.733601607320641 7.400480872851424 6.770465210896501 7.241835649011409 7.244882681567007 6.919652932131821 7.254208509862012 7.144832770394975 6.767908831183319 7.455787840198703 6.685432750793581 7.627020540908246 7.033955688819599 6.8913792877261715 6.77560134597499 6.806088946170405 7.5561910238907695 7.333299887874838 6.284057237667897 6.182660935083059 6.470330720988321 7.759345678374109 7.547355537899442 6.618904877952238 7.124418421115033 7.0486416310137905 6.711424431192017 6.759283696539918 7.070551627367412 7.41546292454536 7.154899479944271 7.59326848792151 6.717835516875899 7.624221197422653 7.012257155639699 7.370801784232213 6.725144273234253 6.386351801211258 6.481294038219509 6.438256579317125 7.142080380229179 7.01265151109382 7.012510469845175 7.328754987088861 7.170979715394795 6.533585253231301 6.452550672543632 6.963069673100838 7.152075298400264 7.354050643052078 6.94890760124269 7.169515031817948 6.746863548983642 6.232568710165011 7.5547714536813455 6.843335169984644 6.461060222541102 6.8560442742950745 7.448948854086579 6.859857489274135 7.016846549045842 7.286910257184974 7.664351657124041 8.049543867077766 6.574378348469832 7.131340502200041 6.961656107714871 7.282083518542011 7.28239224064076 7.103546848139388 7.148903246002572 7.107357640457105 7.041166505781888 7.087074119741622 6.644367421561667 6.871141475101164 6.60843017389008 6.569318920993059 7.158445850284715 6.993408228823262 6.263345219341549 6.674918264678939 7.233788977565189 7.080986514914657 6.8669617912808585 6.653183675630887 6.726846822722507 6.703427574391627 7.373979847491184 7.25654280890464 7.622641295492298 6.305093215013371 6.836903232508027 6.853193398874081 7.169707155578081 6.677759507518944 6.490251301378835 7.202479857983423 6.542596405830273 6.4775406253810806 7.4724939231333005 7.044220161344649 7.57585470375962 6.831353219808337 6.938727239324149 6.79858699485414 7.282343913173086 6.0718496949315375 6.744977947512604 6.756763163857214 6.738774497064091 6.339519167738895 6.672823830037388 6.445512296002123 6.954201917769138 6.979394680877897 7.510765001091804 6.786642098616915 10.278205685467672 10.89353820672407 10.520527547280064 12.24304794712318 11.062276071040486 11.3378100527579 11.600554603481509 11.40999815665477 10.418058766841156 11.16445511240633 11.438904459699607 10.584760859716864 12.391794948219005 11.283972979601884 10.025206248669564 11.167596277171596 11.399253532950953 9.411470056070499 10.587555927423228 9.554581348257583 11.257745937880765 10.142698574835604 9.791059848669676 10.962232106359549 11.133986198582805 10.621262236189818 11.554986662219306 11.901421193622292 10.14108483903248 11.212781217762288 10.89954424063397 12.320124993831366 9.993739809023293 12.126777283797043 10.871415007131144 9.620949964087803 11.289122044404476 10.656300567075839 9.85211824526778 10.801800283688044 10.760167025157473 10.175479184293282 11.527502876808137 11.559781301922916 11.211780379594616 9.825156264416945 10.203764331882603 11.026446560911891 12.384324072134502 10.745292594602239 10.264149115980311 11.542717755866347 11.135711671119216 10.128542399249417 10.199328443467182 11.057158859261108 9.447458426763864 11.050896926416899 11.89840080533493 10.746525141963987 10.327926953559269 10.8191009706144 11.670350228138036 11.417592860313382 9.89622802003938 10.478641820375506 10.647517364029639 10.922593301957864 10.059666939812724 13.092367329844002 10.413708751605053 11.046989334630418 10.110199044557758 10.61208696376622 11.38849046867362 11.896818761711472 11.435461233952234 4.670309990673374 4.490380320468698 120.80516248574204 120.13458380616156 12.305748068311914 12.849596198372028 12.139176342038223 12.268865216670855 12.700446808850522 11.206202290862073 12.539533829621275 11.942176104098618 10.898023324262246 10.886711073082214 11.748586559476006 12.18029318353396 11.747760864671346 11.717100380997916 12.460332763991858 12.091185464461642 11.534984669553271 11.939685187877915 12.437382280846382 12.060487583038276 13.11142369707489 12.781435057491628 12.932940422246183 14.011283227902004 11.838712543082421 13.726949403895716 12.993130650648006 12.122339550412754 11.765233254439938 12.717109366971878 12.551815387602987 12.166123362249396 12.951415158980724 12.687501043500708 12.590862881498124 17.49957851627364 17.119618281430995 15.721450466019052 16.041341485433886 16.51346446447117 17.42784403029482 17.72408410028174 16.262323891874356 17.461145116760974 16.52040988652939 14.85591299790822 15.088058892608464 18.4116649055491 16.696270664152564 16.299078701737642 16.71556679999011 15.743099049292011 16.94444843338747 15.566267147283542 15.264343261449397 40.015735400326186 39.75946289178679 40.04953529398919 40.13781535129465 40.01231361267802 0.4186819673637488 0.41222505097330936 0.41786626014038475 0.50186511436266 0.43256977399728797 0.4694280734104968 0.49717014077107846 0.46983386580685377 0.43244408836691867 0.4291325426450651 0.46938573993195276 0.41242481705029377 0.46314726849393323 0.450353274184748 0.38521812586059573 0.46718548947015776 0.3658552759558438 0.48534263302368724 0.486205812415128 0.3836076315105863 0.46047522181823797 0.44580691083629587 0.4402610661345711 0.40259160989118437 0.49276013681317127 0.45532539821393253 0.4422539807161774 0.5061423742686528 0.5682978958705555 0.39851130452406797 0.4103535804966021 0.4033701885630204 0.432168902841538 0.39399881751291355 0.40508503913783367 0.45921875768216586 0.5719908203130302 0.5090922564969876 0.4555152672107657 0.4390319510142629 0.41839689812178765 
7.3434405830437 6.595989574272546 6.419245374208202 7.02753658186057 5.841314279073293 6.5257087552176785 6.380527276320208 6.905367027263742 6.96646618407653 6.6636656841311455 6.943121493105296 6.492798560296597 6.987431408253155 6.704207067569048 6.795059711911933 7.0484457462371735 7.108468251430845 7.133906547724918 6.984557991405151 6.404769923055418 6.999943754156055 6.429219355867074 6.901799704964432 6.713232268311203 6.894906963588856 7.523727332884174 7.133405654977439 6.585795757065487 7.034471121163346 7.035101820943526 6.737646953395495 7.045694040464418 6.904167447523962 6.631415578915497 7.210142123476106 6.47280229140657 7.340271726083085 6.849644535933149 6.705149290779453 6.594921130169001 6.592098566213157 7.355149864036867 7.0954039008347 6.119549532731076 5.997525612343076 6.295276125904494 7.554318899550303 7.314762767207874 6.4455385615251535 6.967578659139009 6.832206431566672 6.520755821016589 6.59590766837139 6.872532172859279 7.170949434525436 6.93660409810553 7.344380653000432 6.501019803565968 7.390311519454187 6.820375122646811 7.103806175219035 6.552882893959785 6.238060448972899 6.300873416988601 6.247909439783975 6.922340583865091 6.795501647469085 6.833672498747012 7.1485769777907775 6.999385148729076 6.36923636443848 6.271525329598928 6.760647538848308 6.982614457618748 7.133623434933309 6.77858944670964 6.971939778281904 6.568954615758955 6.036668591473923 7.329656521220153 6.6720729358272015 6.306657275979591 6.681980148243884 7.254014747495283 6.632390199153102 6.822424972327924 7.092945447223106 7.379540344194105 7.811321307397205 6.387990505353343 6.874833916735222 6.758560951945112 7.077593743420908 7.010418795543574 6.920303912170591 6.943460821312296 6.898417932947596 6.814055782213029 6.872784470158523 6.448970763270477 6.638436380915952 6.4113120359318065 6.390365927740015 6.946096591566808 6.818689255238914 6.120461727290216 6.497160697734351 7.01323050182509 6.869064269355321 6.66608910992863 6.473229791444496 6.518262047078632 6.519276502859137 7.178381504224176 7.040065018386552 7.3654429738971166 6.1531909414168595 6.640107046269859 6.643168478994686 6.949800418188897 6.5122385471263655 6.315492527782491 7.009816331157578 6.360639728212937 6.299221234932132 7.237656406847511 6.852350928120811 7.385639390706585 6.613672254879832 6.724934388836747 6.564896909034155 7.0750730681243255 5.859900670905501 6.530538455021945 6.576722305471404 6.588929270372381 6.165675441652965 6.495795416392537 6.306479292239796 6.740941398139212 6.7736826868300914 7.244533231112109 6.618563318377278 10.289438431405907 10.934059029423793 10.604746378133285 12.28903681742669 11.111671734685908 11.418213533123337 11.599547628825109 11.47017734042744 10.422062172993092 11.253051594248765 11.507245044080312 10.64266016488308 12.440589073595659 11.353942623522597 10.041077142061038 11.220920063016267 11.417465756685425 9.457572999491939 10.654626384012495 9.597559952149691 11.2735253054554 10.147460103745214 9.843363949383047 11.021320910271763 11.155339045042837 10.659352273648226 11.548831630371005 11.937750658144886 10.152534078887236 11.284598922225394 10.95993278857056 12.38852338502345 10.019456230511953 12.161341568541289 10.93830785648579 9.63769197891963 11.353598883608141 10.672013880806043 9.875606872955926 10.804503353080483 10.838315487975116 10.21337405662097 11.542982483668688 11.59347716509887 11.25542912400963 9.893246673996083 10.246013131458113 11.080511942653105 12.453665000524015 10.798197100655804 10.296986299875217 11.618649918550656 11.15083232826092 10.177713969535255 10.23603543032193 11.083009266965577 9.450887955440272 11.093585785511362 11.96627377084467 10.782030560289243 10.348084902888502 10.859419583925728 11.678938200601312 11.462866884655465 9.940892864337014 10.507802409719112 10.669289405103184 10.995134092950112 10.100840257064604 13.175013139038594 10.477328637487215 11.060364932641416 10.135748175496538 10.670737994000188 11.464898194619568 11.935422208861574 11.476651230174262 4.507453932705131 4.33871652362828 121.05917048341858 120.39735709031939 12.27022759753028 12.792531441325545 12.076033197424978 12.201404609291993 12.642130712052873 11.188633884379891 12.454788373699953 11.910580325164123 10.833406406619478 10.821713991389167 11.682603238848609 12.096292298668706 11.689489851617912 11.628595913218824 12.390229058480628 12.070691155866607 11.446144512450623 11.876826477511395 12.34684156404154 11.983011329439115 13.023595718925193 12.691427973592205 12.825459571168956 13.957040229885111 11.747936347557124 13.643627800373157 12.953519092726435 12.031539443016907 11.70913656626 12.655072563389401 12.506378242230296 12.072064116469816 12.875656035755016 12.649832554396763 12.494533716323652 18.20129354382116 17.782554134459776 16.359076164172734 16.681268624500245 17.17795387939994 18.106558198124414 18.392746413536585 16.951219224716553 18.151133326727326 17.17771901706825 15.485193248765434 15.71006727117133 19.100868453236753 17.384397501144313 16.99004757786869 17.366561894329696 16.405241365189056 17.605325902065605 16.22868983584833 15.913129250328472 40.60929871797497 40.35771936564824 40.640699265714346 40.73176665961882 40.601383798911904 0.5730344650624791 0.6276201913229129 0.5746396206137897 0.6906452324220869 0.5726519332169553 0.63783507421303 0.6565444188672351 0.5771414061826696 0.6227650452416482 0.6302582986941128 0.594900010679293 0.5690802701166713 0.6409976933530409 0.6385745821450801 0.5314965681512602 0.6529558599631093 0.5251108854726009 0.6262147745078611 0.635458740901602 0.5477331560806783 0.6103764913182066 0.602635864459565 0.5785882586662398 0.5611857620803201 0.6425760320066802 0.6017501398716177 0.6044780691715371 0.6305628515149173 0.7670142903278669 0.5677154567120708 0.622213429600571 0.6047987558312752 0.592479109095718 0.5538509677085406 0.5388784085939016 0.5906743909079183 0.7060943462781489 0.6546305723397046 0.5941068486316478 0.5807318501966339 0.572072558540634 0.5850072054305376 
