
29.36129889355601 
31.001610696854836 29.34959739724695 
28.77364772574526 28.592918288327873 29.623153048316706 
31.313205470334722 29.084793222559828 30.4306994275161 29.71436796342179 
32.181725573960335 29.733204840722458 31.895415123675555 31.26063230904926 31.76540178298249 
31.540013695997466 32.660369274266436 34.86447105974731 32.389965212250694 34.37128839638967 35.136150266678506 
29.73634629740123 26.068226584274154 29.95162306711353 29.844124529749042 29.82188679223131 30.22037929146833 33.328423645133554 
29.333743619414673 32.340664637154426 33.594260903938896 30.16082118895887 34.24006399444021 36.31341074274019 32.806418051554566 33.128821023845525 
25.186234968316196 28.548156441016378 31.50529270519503 27.94738396194874 30.862332891541598 32.04468599560971 27.972201862964777 28.976462459844655 25.471803263126837 
26.044674899499622 27.07147163499983 28.930142322744835 26.86568691834879 29.535174341723575 29.579583070838442 29.531434776304224 27.06685974991132 27.571151210582357 23.485673385454735 
27.11149207808421 27.154520251215903 30.30654029265471 28.381517287693214 30.634321916579257 29.700847468910858 30.442676073766005 26.74146136191299 29.014489340240377 23.862136529087426 25.04417366050539 
30.23872670714781 29.761153671754293 31.237099850973816 30.0009399170062 29.690448208162543 33.49614219845154 33.35749038104443 29.86549944622484 32.14401242653698 28.592069828041268 28.14654900166299 30.339654602986254 
28.930262672261318 30.67546086535337 31.922852637716527 29.21272925694638 31.30033617816514 33.82966594054599 32.27145383594349 31.62694594914877 29.584568848713825 25.878534676914796 27.21400991833062 28.816518865449073 30.43214032811432 
29.46100721127002 27.64191334109684 29.388053097328108 28.199728292866997 29.370223036233348 30.140753472923578 33.169248070969466 29.173760957515338 32.11461607334291 28.784550183614577 27.19520667558564 28.52969414972261 30.375074398413407 30.317306505521294 
29.06991992935823 28.27845823599089 30.566799056296205 29.325973724898024 30.732142315484342 31.21572032633364 32.7306461890157 28.27739953500986 32.08043651764113 27.537228632081117 26.79034832558774 27.978366647761973 30.23471555276288 30.413100987703665 28.95343906293166 
30.088033535607696 28.972384026147875 31.22854481032482 29.660929441128882 31.308541040250162 31.34949783950094 33.76583991639779 29.83113459714742 32.65427495184423 28.5047059753079 27.582231416025344 28.609996318887944 31.729445473685 31.194531663852676 28.56500345861838 29.859896703185363 
29.414172185681295 27.956527069863856 28.921654050334034 27.992655378496632 30.17411230736558 31.732935396994872 33.98738156785109 28.078866852818102 31.15939728803882 30.3389584232834 27.295668507780608 29.008364787885007 30.00791436581794 30.45378897394031 28.492132298249523 29.12268185172174 30.168940856958084 
28.986004761785367 27.193126658223218 29.267033352646564 28.43044004305125 29.761260016586924 31.1497036093079 33.46707367001383 27.66983876927567 31.169162133689778 28.20743549865199 27.196164764881974 27.53219838526545 30.210184979611313 30.206368955746026 27.367022604052263 28.730278721192025 29.054726077446404 27.45812424344268 
24.89055439693796 24.965875846875107 27.09397682889581 25.01534388463776 26.71236593183968 27.96405664691028 27.90459134458195 24.725213054017058 26.30556381719345 22.768074540029005 22.662552664637396 23.56659629327805 26.060358167242743 25.669675773952864 26.32606916809142 25.545101207879604 26.79879612397224 25.409930359922516 25.95024228891761 
26.021999950095363 27.468937390590952 29.363206160316484 27.062930942658856 28.243878360065825 32.88415837841864 29.799883203093067 27.2479229456689 26.35035871034101 22.38772928950455 24.281595665628046 26.340835118596846 26.169233619229686 26.061574279267255 28.2102373829671 27.166520880590568 28.924957841177637 27.096953861777905 26.81100426683 22.597411396217066 
28.52207525430287 26.054060380388616 28.236235365334228 28.00897601998342 27.384777464388222 28.162097013450364 31.591855649408092 26.320626528498014 32.436908564041346 27.93436776642713 26.31349320867614 26.881388158807145 28.494021199891836 29.815154919284737 26.699711715257124 27.43682123552361 28.276839832430674 27.91466368264214 26.954261341842912 24.59246517111188 27.197939448725304 
26.993002663254394 26.755582629317075 28.994149537001785 27.116863251507226 26.945413982922542 31.148765805313054 29.595698357635776 26.127547121625504 28.07039087145247 24.444482593346308 25.107917274175968 26.374545495843925 26.101328366962118 27.02042598015261 28.91092726354795 27.558328092784084 29.59457443704819 27.35785798872501 28.07980516327964 21.816147579310336 22.373541290375673 26.301088739417903 
32.69789483227928 29.60577891521552 30.75733944617303 30.50590632203472 31.588908409256575 32.607647906990685 36.66913515002746 29.837269435661383 35.289560505390746 34.624741029649186 30.423466062820925 31.68497029548427 32.56136993874273 33.86474131546188 30.456700856311702 31.70871497464046 32.5043045235354 28.728947640110956 29.98904172105594 28.042258553556078 31.250595981275545 29.20686318035873 30.06330777348033 
29.054372775637454 28.4292123988116 31.254751769244074 29.381659126773087 29.459885253606615 32.82139811457938 31.90348187686836 27.337189237422177 30.683166610387598 26.490119121103263 26.823072368866367 28.01780453273229 28.46897089114535 29.413769175037217 30.97009202087477 29.151742896087548 31.257198929604378 29.402801627142154 30.143106953099462 23.726320055268292 24.621934871089977 28.330382226761465 23.506783726947095 32.21195345300351 
30.12336975643471 26.868454969039885 29.140217028254856 29.145514217787362 28.384845720192256 30.851866210571544 34.013267585417935 26.237378714015097 33.49670214167321 30.447453566926132 27.99253424518134 28.82955986556223 29.071037778357667 31.21661197752436 28.584537264381694 28.702294686290234 30.188237531629188 27.52978952291741 27.57910194056177 25.50374183352588 26.984289883087957 26.269822826194563 26.231147007419242 29.280206601415873 28.074669450682215 
29.089037055151927 28.475488112208925 29.238214363840875 27.596347370091316 29.47512396284487 31.18824752060421 33.11318960453161 29.496045746214943 30.421225392276696 28.920940129831553 27.069674315526722 28.51094909917292 30.103327904847408 29.60605894837332 27.99764300550905 29.558162812527982 29.62233040319484 27.488415405348757 27.910228796352023 25.300432111427668 27.326784581441224 27.910709836189476 27.47159550794408 29.87373520364563 29.78931283613948 28.717361505353267 
25.569750621996217 26.45103107604391 27.60257631979223 25.369920502810494 26.821880326661837 30.301310035945153 28.806588930247386 27.095415626746327 25.590433956641537 23.107563209978203 23.253777021031 25.753377189315607 25.72920298288326 25.47956526540362 26.163631643832414 26.823066346380475 27.338323011012832 25.899409938067308 26.08427324083668 21.793918920425803 21.661056467113298 25.809596177305092 22.53210466867858 29.067288644570574 25.10008977622136 26.583072404940346 25.324388611942187 
29.622493655209702 27.477860190214518 29.04251026816302 28.462288412825856 28.275346688363754 30.58339594223468 33.937430658236295 27.14177425062867 32.64772453670469 29.91797986739972 27.631126864647 28.3030872719694 29.45607672851439 30.516273057904126 28.486651433574124 28.8823991536737 29.850648901987157 27.46703827311819 27.654191025888295 25.16839631923881 27.100773214776808 26.75611000527762 26.47350523662449 29.50681815802209 28.283915509053866 26.73054686536498 27.94603785451499 26.378087364496693 
29.819063706808162 31.59061614051608 32.838040006167965 30.16807113501448 33.14282378873337 33.41076806663241 32.85334856489837 32.45872610572325 30.765678329337977 27.169695614807395 27.876333296854597 28.823015976193663 32.507887224133086 30.600789194803127 31.413284760729912 31.427285636032984 32.02786279997451 31.563164395950633 31.589259220999953 26.402984190220767 28.867801512077396 30.590791813007186 28.93143981426661 34.45576421638534 31.218152357742657 32.823767995801525 30.582162022149255 27.367587560949055 31.880497640247086 
26.694320928084753 25.6897222764834 26.800713437380924 25.803544908633846 25.65067510953494 27.23973245234633 29.989280150420306 26.984640265115672 30.565813759743676 26.05271257438852 24.97927980464465 26.35506917903492 26.881704748077865 27.402749728329795 25.115504603193124 26.026993888302847 26.884525994704074 26.612118285171572 26.03699276058059 23.2908879959245 25.367186506168398 23.481619113592973 24.996622223098385 28.398220192978922 27.186266774390155 25.664314453410935 26.08839522378059 24.20386193648838 25.467159899525733 28.54956950167581 
28.721876376409146 27.761632508144853 30.36797077843392 29.054994419530086 29.96067551608933 31.039749337521215 32.848577646097894 28.431323126710378 31.940659351890616 26.44824585283746 27.011954441709843 27.321503546634702 30.30908542102661 29.92645485528893 27.680933293325985 28.30956921925971 28.8818493185456 29.34813585739249 27.23067766073593 26.113255732228126 26.696071885036577 26.891773024466346 28.238759158996437 32.16292388147283 29.916557004895022 28.48149110171019 29.172859336975737 26.837322728535465 28.4029638773528 31.49370984110749 25.16743129139006 
25.642182125484897 25.82181160637493 26.886208124468425 24.604252888562044 26.802601902752013 27.92251557602439 28.642859802313254 27.565041226251374 26.916585373595108 24.203667634658082 23.849870030595348 25.103474189809607 27.211537832044584 26.040747128312987 25.123669251886135 26.540960627303726 26.648778251186638 25.822423026845236 25.80864915596307 22.09170092552321 24.542694254337356 24.848095162781377 24.37104888132646 28.091742175881564 26.91414255215586 26.90632560919966 24.85670238871456 22.404062702223328 26.265478272446973 26.659765014062387 22.599573391083666 26.174017760516797 
29.296502539837988 31.353261085365567 32.74624947506417 29.876459382661537 31.489439468656947 33.29415667264423 31.932079932974887 32.49090284538482 30.674794703133983 25.69866800519939 27.754849505018377 28.744477461770266 31.136182403232105 29.544202877098474 31.099735309244195 30.845091433225278 31.74184465685104 32.14934156442821 31.60659294401101 25.910777325664558 27.41474576399341 29.800185772717636 27.428666712347653 35.129577736278165 29.83452883664767 32.25695437417273 30.652284189503437 26.698261996926888 31.353095011439454 30.492898905138055 27.074596008873463 30.401688568769778 26.22046748213898 
25.5120043367382 26.126541000095948 28.009263354125995 25.76072561585919 26.699436292898476 29.492829712524944 28.299680481043964 26.59807871886395 26.65785640644961 22.53007248539245 23.575453014604136 25.017609729819444 26.00656247026845 25.713590015315475 26.634277325357157 26.411660593396046 27.493221222966003 26.828974375965082 26.603580748527577 21.553889061042906 22.254423420251634 25.237131850045827 22.282326793004277 29.703795488909826 24.607099301112353 26.511526925412202 26.180602188261517 21.69495534285236 26.360897533691535 27.261011617819445 23.42120062101284 26.28914933093717 22.574056806404716 25.970631761525464 
28.52290029292432 29.083394218233067 32.068725543739546 29.44944749884333 33.3324326622732 32.49529001876605 31.366407723713028 29.275707159620254 28.836930166380093 25.085544885088073 25.8675358778554 26.623260941424448 31.510924365993223 29.826293789003355 29.930955949558154 29.7664974150879 30.22190428190155 30.02704071509592 29.57217939657327 24.940654135818093 27.078906726780133 29.48635751508536 27.70758063491569 33.07857025049122 29.56022532611851 31.257748636318112 29.79560242123441 25.717289841510198 31.299673101420495 30.02069661643237 28.98402528971672 30.06673297615894 26.056928252684372 30.526384341897636 26.12272824080383 
26.680658044716488 25.418120065622436 27.587134204767395 26.200225091839023 27.285687995106752 28.561560641702776 30.088708997236203 25.983811140627505 29.17186480979619 25.351001982697884 24.64807151260342 25.640263112982563 27.431664264646685 27.586777919599793 25.902446899135708 26.384980940651296 27.212493801711883 26.280616635819765 25.83138360213898 22.922023750093043 24.622582606321284 24.74132225789439 24.653023440306725 28.56881206845672 26.605323151765717 25.950087292027092 26.34191541022692 23.760572113577556 26.06246561463609 28.736169975842902 23.257223720015457 25.86847078654586 23.27175056932349 28.083937256661887 23.562253787652505 27.26413635840753 
25.184060457437067 26.338345809110308 27.552063575018945 25.408309491630973 28.413454094206898 27.351945194146836 28.662507279304275 27.199314247243386 26.98223969437299 23.250671901991044 23.053111369845986 23.579656331810003 28.44847679500761 26.49073184360057 25.782234914461277 26.352022078922765 26.483444017658474 26.51990688675547 26.06321965174396 22.114905784024973 25.397569633165933 25.09516459801902 25.597014160533224 29.07289330717906 27.65182859424965 27.76531403695769 25.527780601289322 23.428447855889967 26.637665328593915 26.235411101204615 23.31656996417352 26.02441839099069 21.930420749050523 26.34545910147945 23.300097273736228 25.45548570952242 23.816471691433946 
28.641917611853746 30.226683257686748 30.91979996226492 28.47271425376775 32.72364039591669 33.4235195025331 32.709380421955466 30.488498962484986 28.175492071914935 27.327164036624772 26.54503943873621 27.88658541260214 31.376849506462737 29.530070071280495 30.389148186907697 30.554451967939542 31.1817844200248 28.076297634510773 29.25418753815105 25.027985475945798 26.929510770518075 30.37177551940817 27.62030318623995 31.440567610168074 29.998839669871128 30.900960060418107 28.21500494416338 25.2915118953325 29.966111583132594 29.880137325313356 29.008231983656913 31.147971966240927 25.661391470507965 30.870198250078513 26.53259097336876 28.137132043007703 27.721303436335383 25.343092526190024 
29.52307119548849 26.285075363412513 28.610538098709394 27.616642672596953 28.486616343350626 28.950452766195344 33.16001357044737 26.836506956724016 32.438898260313955 29.872157062906155 26.798170693142193 27.855861155196408 29.81928482419963 30.505303912003544 26.761911327361613 28.3812472886907 28.275004959159922 27.2102667646552 27.280889253719867 24.91487067258748 28.212652631896173 26.137520971631123 27.328715458332717 28.69432324035171 28.88483182510429 26.99209224397117 27.28083941273313 25.996945417806597 26.86234002200932 31.26624243381238 25.161811343139252 28.098102645370787 25.052117941840198 31.34528761702445 26.277765808099407 29.4416861476267 25.338430691431032 25.715584792104288 29.633452392459155 
26.158038556694244 26.594041685423175 28.573454481282972 26.254016444301154 28.393109101152753 29.253872570238467 28.886145200500223 26.64358462002576 26.631272048017674 23.697475546123513 23.92158446551047 24.349410387626715 27.941508796332457 26.877719929892276 27.66040308775391 27.579717957919183 28.161980631640084 27.04726792037301 27.295158531819844 21.6819617332196 24.443364495612816 26.28757480377706 23.53481738252937 29.517260050082463 25.80873082916858 27.69357181197004 26.335949987839903 22.73385632943763 27.10028798785179 27.142700545320583 25.389351071545185 28.091294721548252 22.951375624609923 27.111577894933202 22.919754800667647 25.448958473730976 24.612938958887934 22.781679120988187 25.41649215618929 26.477524874910152 
32.2850827352713 33.590571088823424 34.93697098301051 32.65805798103955 32.690394664337134 37.173497672680654 34.84022285188808 34.339106800622986 33.2070410342322 28.83097922806248 30.463307198066236 32.80719014553599 31.734358931401378 31.912154593669833 33.55957660753374 33.37946013572971 34.659645633471705 34.11431279187176 33.83093703440018 28.517864685511917 27.87507892932672 32.05680029841915 28.27786212172102 37.20229363507743 30.969466318370678 33.388476937199016 33.17893448961486 27.558625075525963 33.4067980050121 34.207939037779326 29.768924843701697 33.17336649922089 29.36976259824248 32.18045927285616 27.751274305129638 33.592871142932275 30.43986990870641 30.722707678118358 33.908829489804866 33.807132150745375 30.05205407233174 
28.957060035978994 27.614482531260307 28.983758771982746 28.23374733741195 28.240041655903017 28.608296799367398 31.511076629451328 28.245422994632627 32.32764555105661 28.473088924486216 26.880552502604285 27.52116113985 29.423700110123345 30.04708238211 28.031269124026764 28.64727308272945 29.50311281437697 28.862031721932453 28.76781522173106 24.737379247491475 28.527424066855044 25.522605642474907 26.708771234732243 29.971173150666665 29.074164667550246 27.99774180901872 28.334995436327976 26.359027088410958 27.959707822225617 30.122633323896416 24.165484710726968 28.814634906934966 24.695477908711673 29.449260417576166 25.639380048085638 29.926461134814552 25.774942161886962 24.886210204519443 30.09770252240245 27.329550089062725 25.988903612635706 32.488707563084205 
31.59348006707017 29.82181957304613 32.44731334298485 31.783194335628853 31.16780124122955 32.985848522807686 34.91498426217758 29.53770792048364 34.91920782184615 29.931886544422557 29.896906866937552 29.699126071011275 31.849489224948442 32.742558885621655 31.27817741931094 31.052608038655688 32.41009500456481 31.674049888784534 30.461385552356667 27.623670904249966 29.214805093250483 28.6658174018136 28.65736887127286 33.65508632140285 30.642404383748918 29.820539523804527 31.79267589246343 29.15204898524513 30.11636837593604 33.97931197901964 27.723476249072608 30.18777340321537 28.84380689389111 32.79343338847531 28.24418238098171 32.88468208212572 28.41408977938466 28.962422552202156 33.53223903961274 30.5921961165549 29.436216306087616 35.03077485232294 29.963225862878385 
29.029860988298783 29.52565192981535 31.707552072079565 29.480145358693118 32.17358054420115 33.21535876486405 32.520642758340706 30.164819861805967 30.14432587098654 26.28335575917876 26.955485845223436 28.266557848712882 30.942610390469437 29.908959552427003 29.65117245658266 29.78948270764964 30.55467350186807 29.863299950369193 29.2504972500484 25.929631212119304 26.639528866219564 29.27317146302423 27.93178516139286 33.101044712156565 29.958807034189345 30.59838226284433 29.784536799955013 26.0834403921178 30.58498672904737 31.110465950439362 27.741280118274016 29.294127443279386 26.405030666279977 30.743819275425054 26.372257404683733 28.88264202218014 27.21122918544527 26.546477605047233 29.591319686561537 29.741965545775834 27.21887602510932 33.16644559932099 30.19279092162498 32.54653546671645 
32.12234084358393 28.5683141432062 31.2945223229047 31.150715645927566 32.63460660036564 32.16691904341849 35.7773029910392 28.2166647675533 35.19659548784064 32.772906892671806 29.481934893205576 30.24517653700157 32.643708543112254 33.997228335551796 30.22925475632775 30.685990077474933 31.780475819889837 29.227375924984564 29.520128356991577 27.758858520146987 30.794098196595613 28.611112307457386 30.110848564208677 30.746751872631126 31.76483206882582 29.071578900371602 30.807742397982306 29.334684699228784 30.10330762838551 34.41540994337548 28.685670140157953 31.059739600029435 28.588587564181207 35.19546698210958 29.51778852612764 31.37651912963062 28.086628960319178 28.898442361108042 31.880941223592394 28.65137247799416 29.418712727583454 37.33735033481143 30.10058238292751 32.97526443907974 32.1408824742521 
29.079473400120435 27.974256591750276 30.99220188124863 29.271978233110627 30.5161565997745 32.612938863707235 31.718105900558488 26.651229035697902 29.800779259237235 27.070765069793346 26.975766349286637 27.103117324617575 29.393408629402494 29.928587014744757 31.346867639320944 29.641392055424575 31.714882782539977 28.57654367666236 29.69647877370311 23.44557844937559 25.62394051085592 28.588725825329263 23.812624273770123 30.99645048290702 25.85279093153382 28.185374300236017 29.432737780590898 25.395345762602766 28.625282653010828 30.759208357272104 28.47945228571814 30.952321242990237 26.583928126485397 30.572871819703742 25.13736653944205 28.212908668679315 26.805440930908972 27.098464326200016 28.240491752227967 28.889713749316165 24.64413513369623 32.33039958276837 28.828153297022887 30.917883442593823 29.85693323413634 30.418297610751722 
29.914885013686572 28.251803417519614 30.933861771271697 29.862005303266145 29.00946684258892 32.798511339459836 33.20077308476393 26.93187184181917 31.89045262108769 28.22794815257059 27.711689506659493 28.5469527125563 28.761710541161605 30.391902167682442 30.798846500045496 29.61976434480979 31.463223507553455 29.16570120385478 29.53888682354816 24.582186384079996 25.35300288056106 28.038304201673128 24.248697627943983 31.61571456919201 26.081011514277154 27.43077192320894 29.748170184789043 25.62751247449498 27.732603221306395 32.35087064742509 27.40786947737255 29.96489601782803 27.598844535797415 31.178798059190225 25.472599271870227 30.703103164341243 26.902428451244095 28.351072306671064 30.605733750719214 28.667670455852598 26.546967078916804 31.896269039245954 29.236750137687412 30.487354769863682 30.75208504291976 31.438989245721448 26.51124249313852 
29.14478775280808 26.598007771356706 27.9225342319475 27.44768232738037 28.82635334140602 29.693304358032528 33.51577309094844 26.343903607668196 31.532263474682964 30.60864686777162 27.11385620701883 27.516285060395077 29.806695625451123 30.482539312122586 27.877521994311504 28.586001485065292 29.47652519018527 25.638580274969517 26.678048172478565 24.531559179264956 27.757543061535383 26.491549060854243 26.709283343951814 27.375055860172473 28.696941342183834 26.281577046826857 26.736551212029333 26.14982080050975 26.0290161979366 30.94853392763132 25.743965739405166 28.78696679363079 25.191722718811253 31.68345234151672 26.534667622113766 29.720853808364954 25.579915215991036 25.50224223834453 27.702522958528043 25.903075049044116 25.903304435064985 34.36402626185299 27.210140364046563 30.2452221797918 29.89912203861653 28.046825745039317 27.287816155161046 28.072965445602847 
27.67049081881789 28.724042995750334 29.848946884333603 27.71678920643397 28.84973924255614 34.36792711166522 31.784049507515274 28.375003514268414 26.875692722600657 25.261396505975423 26.0615243040901 27.789449017127627 27.471771162931166 27.405936283401992 29.62015179076009 29.336421597047334 30.653027583143114 27.099404834519763 27.58650797701698 23.611349615320634 22.00342636073437 28.8834290902446 23.210791808182588 30.978685801051704 25.89593924137181 27.781266526841293 27.339790546618644 22.270847932607985 27.44471410499432 30.066396422768488 27.467815139087 29.12557895935709 25.43516671752552 29.32854072432754 23.7035226334177 28.535513198644537 26.17765678237235 26.619371746537826 26.53204217099082 28.946384010979095 24.724064713118754 29.571427815336126 29.767475499168267 30.784388232899172 28.36766717846598 31.749635512723692 25.771297694838808 25.994102963715886 27.214877366741668 
25.13709012935048 24.489784227129487 27.82584234711435 25.708211242312178 27.43482782383182 30.06939309034174 28.744880222596247 23.72088841938147 25.5698132024573 22.02032232288346 22.799844393903548 23.676526067560026 25.8791640477517 25.79200284187057 26.40282301838562 25.68190830562186 26.820314643023128 25.196180885000445 24.850107615034382 20.825690808387094 20.70270529382584 25.482752371755108 21.53433420111857 28.653266161891214 23.22704937219256 25.03703871623169 25.718738353480152 21.050807613577057 25.32785288831416 27.723958827756995 25.012205358511526 25.50394788363049 23.314443607866703 27.32018444872414 21.612411753124956 24.35056842624357 23.028881685990164 23.728071335969194 25.122079253675263 25.106012017056106 22.251695590615334 28.45838854843481 27.050579160484435 27.75770537496011 25.30979603792269 27.47817529314226 23.006194993445998 23.71386962184946 24.98655109187925 21.651295842074514 
29.771900799998644 29.7761447746044 31.56796446321316 29.705394983613118 31.02214983968399 31.881812898493614 32.03553326995968 29.75221199354379 31.463123336658427 27.97253964606411 27.27222606057922 28.69548460825231 30.433416353929644 30.516606784732993 30.978155915187763 30.299096522733258 31.618713757343432 30.445050181337944 31.420709736363964 24.94048497848065 28.02602858383555 28.722922068099503 26.372550296746773 32.48220759022424 28.512651688732692 30.351734194755853 30.12739222721368 26.37993519051291 30.287023234387494 30.834315306879652 27.474005638802467 31.5494669972549 26.39689037493035 30.312547959460492 26.079481413090964 29.61722139462951 27.629034109338217 26.617860989926033 30.01907788267821 29.572943182878856 26.129850101844134 32.80324799523789 28.34074698862147 32.43425666193884 30.892449101369024 32.2848558843629 28.132547903888803 29.537686865246286 29.487605589619548 29.18477906617153 26.397053418620267 
30.63043056765574 29.53708556633293 29.869825320138972 29.16946561717203 30.092377148079045 31.183532350293937 34.64784506262757 30.386412875180397 33.16935839303186 31.354130932232078 28.774398456881155 29.704667670819525 31.485277281414568 31.597053212537645 29.069710476317884 30.658446183255002 30.95987541166687 28.7812325633911 28.97598659128111 26.973656150270553 29.845488872186763 27.989288416814656 29.360010817559534 30.488715061546234 31.838365077399054 29.372202567578498 28.610403466312743 27.587792240110343 28.70832780397791 32.085456421491905 26.359863840733198 30.224092323821964 26.243867492346343 32.150601866778786 27.99159035346602 32.07624305916313 27.558774003535934 26.48310038532839 30.219113616159568 28.537163838397966 28.037914278897617 35.06303880169623 28.288199461178955 32.272721608277365 31.736863128445922 31.565725072327343 31.299857910273825 31.339930603906424 27.402699591079983 29.8703894839394 28.43059383263046 31.417188721780782 
26.473119933361527 29.674460728664126 30.781051846708287 27.37572549858814 29.743619622498542 32.361724396925396 28.97929385850244 30.5791708987824 26.197246053779583 22.23973483310106 25.02589286191106 26.166497070499386 28.4885060143443 26.406425976063407 29.707570894422883 29.081018841542853 30.14332123154381 29.581151324800427 29.589687682812183 22.909514003900988 23.78427789770067 28.582568801839837 23.95772169231156 33.0734347944618 26.73722155736544 30.519810648110617 28.096301335485553 23.10493281446525 29.526050757251443 27.44151851070317 26.07165187308287 29.14313096625853 23.690985745241097 26.157830867246 22.972043230116824 27.1064312888486 26.136453994526278 23.947676293147744 26.800504834416422 29.90709095196872 23.55292178973199 29.0140694585983 27.768537585505378 31.0372905393546 27.95176383533967 33.39666658417413 26.699125435172064 28.286180203400065 29.391258196820807 24.892721519259723 23.832809298115006 27.38233282931717 30.160273523342763 
24.538857688528466 25.222528758585728 26.821113053730524 24.474497750347776 26.518767787576124 29.101909681791764 27.98080909642343 25.781157748029738 25.221543008241902 22.14841319508698 22.34642395957972 24.524878939721937 25.30776706502211 24.80409608861521 25.297238337975926 25.391779284592943 26.271715958870843 24.87094339691232 25.113526452155252 20.85160664295609 21.106129576010307 24.87953515174048 22.014060525602343 28.165522895501212 24.178624609436973 25.579475092414373 24.704734285932098 20.431228652532447 25.393825347142393 26.509718824434437 23.013564386747703 25.357413398581354 21.650542154325766 25.829848563122507 21.11196879074269 24.814661879576313 22.619763879414275 22.426074415922137 24.720428355347817 24.925760184469976 22.282754750081917 27.394974559443774 25.570944454683524 28.07041418432575 25.059069750306453 28.011160343522914 24.58662461261892 24.988782660456746 25.093981976097236 22.336513735188927 20.260623762813516 25.67869553865052 26.964626141712664 22.69388421221968 
27.533537535365763 25.050800616177952 27.18462522940055 26.94570917208382 25.93129300424862 27.79535000994171 30.922531065654578 25.080346455847963 31.347659114201864 27.03235776949027 25.829707885908004 25.92350652535768 27.24759875586672 28.642648983373437 26.181534465360937 26.541345598882813 27.7739836620691 26.580100263595813 25.720566302387926 23.43506205935592 25.518597413942206 23.58455620527965 24.55295433973561 28.084867247398254 26.653827054316725 24.751322219350588 26.807289172016944 24.901410102236817 25.08722467660511 29.802836398390237 22.48791763280789 25.752040583999293 24.049722532304067 28.712941221971526 24.092942480330663 29.175370796079633 23.726169722891893 24.546667273616645 29.306747116217245 25.394640695459092 25.347811737191805 30.87493677066267 24.815174325210464 27.21604237743407 28.44344890586701 27.891635173933587 26.93973440322117 26.222946071579315 24.993982525144457 26.838666186143442 24.081471706182842 27.993818575055755 26.90845372242899 27.329594763360042 23.852388038051807 
30.597604156909018 26.89501273332733 27.855934241280313 28.222758155581698 27.653064594666024 29.719013820811888 34.44151376611523 26.33552326358653 34.08037092235812 33.24402749772203 28.05097836791151 29.891054592519307 28.847931061004722 31.60095139561495 28.418564794316488 28.8891707511552 30.376062201724043 26.060465037823445 28.10686302805106 25.071740030662742 28.31851658393485 25.97418490141221 26.111163536261756 27.070476122361658 28.090194124576026 25.48088706353038 27.54358065572785 26.428292505682585 25.890618182441862 32.53572574955604 25.187440148239904 30.02160008124412 26.164145076393982 32.67566817759854 26.814543123302467 31.79260762547896 25.937472953781505 27.373524436012552 29.853173288843582 25.805893129191116 27.18192795149721 33.88438314681149 26.77272157095545 30.427600521823468 31.294404725228695 28.09871698383792 27.69051370601967 27.354544673728274 24.486624606097728 28.07171197272979 26.090144643064182 29.18444614373385 27.834296736022033 30.87980242482366 25.62046754601763 24.637541944041242 
31.7983629205366 31.07712356000133 33.156719049827444 31.495960588156997 33.684729057207335 34.16450417384088 35.46103927927066 30.805630581019308 33.41756239157696 30.693914538267663 29.548820434074905 30.09254085723953 33.41310928261522 32.9749530132879 32.35080668261183 32.12907727358572 33.06566834164485 31.08311261952788 31.567114413797675 27.45981782928602 30.110794939738252 31.071153530824766 29.61799410776579 33.58081624488872 31.40527723988638 31.66870596139211 31.410344099976893 29.035492425924886 31.285694895649396 33.45865126950263 30.106698927693582 32.42690415991469 28.816426449594122 33.66855906399877 29.088987297090803 31.669436055166337 29.47534963184393 28.595242031329807 31.251730113701644 30.82015817135223 28.689785941409596 36.615912369718444 31.539319435605698 34.327212241180845 32.65945897551301 33.32673640292993 30.54924950135836 31.781667183463213 29.97296606892557 30.66193424070699 27.665190201680584 32.367209391405176 32.878527691903294 30.900657630167213 27.941806857564046 29.903698541468557 31.01267242144716 
27.19476391988316 25.028827823079528 27.952918600332314 27.05165790246055 28.607892837324002 29.48373745830204 30.88724896730211 23.974876678639717 28.87905651676581 26.35445720611136 24.929223630492018 24.968266303638842 28.063371067603068 28.683137820869536 27.498618703565747 26.95610039956274 28.35906093663992 25.454698637161705 25.730877014606342 22.515346981048655 24.65153410854044 25.606893936965456 24.04758113479322 27.751615452296477 25.823312580297472 25.34490544991553 26.71989287619529 24.125395507748145 25.85487675166197 29.43862704167414 25.75511685014158 27.32339777241357 24.613081662187163 29.91813040034035 24.292642689151233 26.47774091864856 24.28864486133346 24.639734602121468 26.437856948007408 25.61711777967779 23.82479507380318 31.965812003727034 26.78793819435081 28.619411194944526 27.62249408504918 26.854873098449822 24.271398302855385 25.712441178556364 24.179931557303775 24.942687776533347 21.572200816882383 27.60969668083123 28.099779908750932 26.976238669119024 23.08089068209446 24.244411419864626 25.057176520505053 28.55715900464468 
27.18704613854805 27.312803496323717 30.525673781477675 28.78401187008238 29.121663827643534 29.742648135900115 29.344946854745867 26.055679724545012 29.901056020377798 23.69057376989835 24.972867008469926 24.869730378320913 28.277703752653505 28.445216219144015 30.014618721256593 27.517850438903587 29.743969876290535 29.72727350548466 29.556245967917324 22.321000796465782 25.061239150520528 26.225480658038794 23.276017816536918 32.05914165787846 24.898651128058408 27.89157001333962 29.531587431961327 25.265264555902114 27.980877204032804 28.85312059943381 25.3863273088896 28.325518561170064 25.51376734043735 27.511672495251442 23.58916958892956 27.49682230253124 25.468516814434498 24.690996009083126 29.224454556765185 28.423761289847484 24.03185164385953 30.444025016115283 26.337230360192386 28.801993857844536 28.7805144465747 30.714408987881676 25.046852262497353 26.09555432093233 28.271623798504375 27.275181902185412 23.433655784868783 26.5422668102787 30.54724245893994 24.89134671635001 24.019610559285447 25.034442883688687 28.313228395271715 30.184410134918398 25.044521290959636 
26.25526075649872 28.346749699994646 30.806837167482733 28.127623899476426 28.857013650646127 31.1096756607139 27.91098416169192 27.93489021617214 26.98740024912452 21.296430128291878 24.411344195354687 24.804871943237426 27.426374546000815 26.64641197416437 30.088049389177563 28.15620289838779 29.97426389434193 30.164791430184835 29.75578551197974 21.856768906145295 23.239199472484817 27.039619628530264 22.170521011283324 33.06874712440385 24.636272575948702 29.11885151160171 28.9799696210388 23.108272133837026 28.940144645568278 27.488564257351058 25.735600605166336 28.768523440828666 24.329079760894672 25.814818344289375 22.160773624015306 26.394977899645557 25.599253015988424 24.109753760864002 27.733790332738455 29.57506877177465 22.732665771282736 28.18706291332698 26.528356048968234 29.30092578090078 27.85750549303748 32.28632760841124 24.61885480945807 26.15068478875773 29.353829244462634 24.964716578779253 22.705190856481966 25.92169456962414 30.589387213470474 22.010222809744846 22.699540148265495 25.878175927792885 29.944631711427185 30.337619620203025 25.612298076574106 21.7855926554786 
29.77632518278916 31.028944033382945 31.98760792464245 30.13527054036912 30.849282839977615 33.40960257557172 32.88978022793728 31.648877892949855 31.487819649181986 27.345599689469157 28.23640109475399 29.405504049206495 30.64574459277795 30.184472125167833 30.99771844032817 30.847635347660823 32.061317866803755 31.199099532746867 30.850909372893017 26.342507748787565 27.315941966696627 29.234730376371736 27.388645761947352 33.95405611726253 29.976395574028707 30.992585360954095 30.425296040336494 26.69357357841921 30.492812329501557 31.427270876914946 27.02660737873262 30.4643750787817 26.806693448497843 30.08849743892924 26.41018559576785 31.445510098034102 28.08425520305442 27.080179240935227 30.96156165449776 31.173434244004692 27.6609482050332 32.46810634601906 29.315545870632878 32.3514410760218 31.171314419211722 34.275465104422885 30.47945174494253 30.585232759564505 30.626032053260378 28.65637421684547 27.370780889024765 30.765075011378723 31.40615121728018 27.344465056020205 26.109000756687045 27.960486703943943 31.064101066873246 33.71751361489522 29.25167613711337 28.210712776515784 26.831967385858462 
30.981814483138148 29.20295574696268 31.54646984019217 30.587531532415774 30.722739204981398 31.1146553599776 34.1908405032725 28.905049978522378 34.16509940580456 30.031184117313355 28.905724713509308 28.46336419841693 31.979609459618093 32.26516207460314 30.653918547987047 30.66906955188065 31.487275243227888 30.76776414659985 30.35039422406629 26.388623701732126 30.016880306689114 28.2045520599852 28.373281226774672 32.32357125591026 30.168594088941436 29.65575808377919 30.48002120421332 28.75705963666391 29.23135783835996 32.520651792282635 27.3288682245304 30.447477746459622 27.607475938621363 32.000806699196104 27.87824228436291 31.72136039415604 27.93875536189118 27.194046679471203 31.85935111565534 29.078087569943033 27.742315764352032 35.32821018890254 28.691679145080432 31.687635766605393 32.25311001395153 32.17312153554817 29.866189479704484 30.14346124755214 28.708102147153955 30.88405535348056 27.59945103212625 30.952636815393827 30.934220942140698 30.172185574103004 27.675036293072026 26.98043940756223 29.117056516955135 32.89936895686591 27.785240116294148 27.860145053726644 28.658691323166238 31.957061427692352 
26.28800617414322 28.53726472325582 30.161389603964704 27.337020512529957 28.47631519383895 30.508577211764813 28.67569869282655 29.763826102979433 27.80642018867142 21.977112836146677 25.04244135972787 25.554471858622986 28.187544358974097 26.542396349044335 28.31934398104278 27.981748313342973 28.978877865134784 29.973038070557042 28.703635078996054 23.199035565977976 24.332629060948562 26.674063297597204 24.474463379326078 32.9450681171043 27.056314374163495 29.54389073905272 28.230545635010714 23.96281704155189 28.792285155642375 27.586888442054285 23.97167596206771 27.11991712856337 23.409948746743485 25.608147965150682 22.896727072645625 27.73255232651054 25.206071256302863 23.489840133813196 28.548483475340767 29.077879796186277 24.335999467733952 28.906153112989617 26.40275259734588 29.464278906876835 27.8140235548633 32.74382087224216 27.86993313602193 28.390291198435452 29.442619105453474 26.576120546561604 24.585011895557447 27.585703732516695 29.502888568663217 22.909680912619 23.13529140095405 25.52326402332257 30.6211928068093 31.15356005074924 27.315961318038557 24.222852163616874 22.24366788425429 26.827953271507607 29.08796900630964 
32.59928839473362 31.960869678800957 33.03642685669911 31.84426948317598 33.76312562329546 34.31130346354769 35.53181828233662 31.65597596683207 33.5865040318683 32.495729869488 30.18034969255953 31.15127097220848 33.50295739694861 33.67643612481948 33.32123995694582 33.340329232359515 34.40847214394395 31.185399839865045 32.76269709484192 27.656692760423162 31.343765048403604 31.328008270992736 29.54790586959014 32.93255213766919 32.04702866382594 32.19845196532973 31.520078651389305 28.889243395341758 32.06611588181359 33.50451298768468 30.88871208303105 34.83507626028862 28.77887873033298 34.26777110111649 29.475536724268665 31.992253996965818 30.341855469748655 28.871969478027577 30.69835801372326 31.58143417464715 28.147405348109366 36.7984431572619 30.799365608898935 35.21667368200335 33.66009746919244 33.38778562611995 29.985075969516004 32.254022560498285 29.75231713386193 30.803616476798684 28.93255982287878 31.56882936963143 32.43559039793166 30.75107666481167 28.560695231285184 30.44119135392772 30.08172521674178 34.12829312854325 28.712306192036994 30.542651833315016 29.94180704357442 33.80422393763589 33.2525610951867 31.84458186737649 
31.104580362662404 28.376329324898 30.252965885388672 30.02825598232055 28.741027841501428 31.02816985028847 33.98868856393769 27.792321742198663 35.0161254924278 31.475384734050703 28.840121554467505 30.191334772642993 29.507315143165165 31.963796505681355 30.332953425101465 29.65905364464038 31.70203861382206 29.314432515236962 30.391360010270155 25.717692925911404 28.486609556234516 26.94346898757448 26.119375998182242 30.55692844762455 28.018112715175 27.40456880345764 30.10915186557355 27.66834448780029 27.990358174881678 33.091230145566406 25.76556471184805 30.528023487476986 27.443740878565123 31.959214732980676 26.847311908496582 32.61130980081445 26.995613457809256 28.46764849647499 32.424418122508314 28.231495628019008 28.144632970093415 33.40735216342576 27.62923205205873 30.798426967641618 32.103910101677556 30.73630013912345 28.552222317286034 28.056972658747544 27.84307424285115 29.711694797655973 27.030917152664614 29.638696662715144 30.458666594340755 30.331381005611675 26.600475910260688 25.577991563074423 25.854344115271203 32.708051649598374 27.09156125183813 27.024993674269794 28.25993386089796 31.192347862355213 30.069381062618 29.265270285410388 32.4400358733395 
31.355069235651545 28.35552514834788 31.653453693448153 31.01491443204173 29.78121333527628 31.445406672291327 34.256785004806815 26.816495571719162 34.90045853692193 30.434579480927052 29.075466829373106 28.60747048328613 30.760826267287996 32.49725952292022 31.63686939840002 30.29071544920083 32.0953425536879 30.5245920754145 30.814113684787667 25.440073019153274 28.78669598188219 27.915176235081866 26.01898927309503 31.942671943359517 27.44356427039778 28.06085699044957 31.008857623545225 28.53689635476858 28.213233650970754 33.3100618032976 27.590367412201005 30.8164794258741 28.552043112507942 32.30431720926342 27.229473780388766 32.06122208903889 27.692607671620866 28.619856367618734 32.55946707593704 28.681298841714753 27.48683771669768 34.53149210812087 28.76522793698409 30.764324759195002 32.54754224950468 31.539876060738585 27.493233137005916 27.457026610672088 28.237744565201677 29.662940533067328 26.014220520073795 30.069705699555534 31.74708244606429 30.34619146034168 27.3229583972554 26.21103697402825 27.452019917833088 32.3841650853758 26.48094318582304 25.94061668636627 27.4442566133115 31.995807062879862 29.513565972156336 29.510672197232882 32.86053674816253 27.927693737524308 
32.351487528126604 29.401318208353718 32.603463428334585 32.15926110540694 31.876876125173773 32.67895514474727 35.9822404935184 29.36766489629378 36.266568339704136 31.109284799232302 30.092070592325097 30.304703444829816 32.68696071459137 33.78411642001575 30.396294383599514 30.966323483884374 31.69108649642316 31.743858793052958 30.09753556155802 28.639855802941966 30.33784462698943 28.638119028508868 30.416013095262382 33.59497026058116 31.92919742106347 29.90227086594196 32.054779763399864 29.89147399543936 30.465943799473244 35.0773601336427 27.95797898724178 29.747669923956117 29.403420353743634 34.260615596249366 29.30784404940349 33.02248371901215 28.457710390741365 29.491176612311644 34.581730333028716 29.72396854339993 30.68149383643872 36.40583753125387 30.719288030101897 32.4200615089882 32.708104695742655 32.28538715196386 32.56242961667856 31.596527540955265 30.566400658543316 32.42908831535187 28.113093242642798 33.58553355015112 32.75238436523897 33.23486154432566 28.571384768815523 27.679299846755878 30.661027093197976 34.85854358412668 29.033331086140794 30.418449893913206 31.71647445486764 33.83628389495574 32.36851172778084 31.168283792756153 36.514148724916396 31.5587613641076 31.746603948759155 
26.637745314551573 27.104306822816945 30.002162779081537 27.863913074035974 30.239252511705576 29.53523147655508 29.298966691038306 27.00252245743031 28.357804379708444 23.311471738761607 24.835857939792625 24.048264571653316 29.614197841385955 28.151812834173207 28.665350570742493 27.713102868637808 28.885874208379583 28.825767627731672 27.93587336114723 22.89278331341245 25.903881155765905 26.559814522549168 25.306352193208678 31.346711158490805 27.28835237956695 28.762158880263996 28.378459186874085 25.285792833422594 28.515454693402916 28.008817414856196 25.68858088782964 27.62879540405872 24.26139407365431 27.681827958553026 24.21112595715419 26.180124009343853 25.25984732557031 23.272620826818105 27.446851396375674 28.098096017625544 23.710022780198027 31.74342257566639 26.58676213123045 29.428569821365972 27.86642414585196 30.03774457996745 26.103681566942374 28.271391449313846 27.463579663889657 27.530172220399248 23.732637816314217 27.513887783971498 29.48389406016069 24.8471313015854 24.011736779635164 25.586279101415744 29.455451722993132 29.84034191466919 24.809158316792853 23.86381635529213 23.3782285606486 28.528362801744667 28.278492298617397 24.37699232299872 30.212028028087072 29.272183654431224 28.295243006298595 30.59767973426073 
27.382777622925325 28.004704164253294 30.747022554714995 28.498567064496307 29.37881171404925 30.420851673463925 29.60590489845442 28.357232012551986 29.122736016160633 23.28403861784949 25.14108725473481 25.757271983807648 28.802755404842614 28.092259367273645 28.599662181209506 28.279630036127976 29.00282137729272 30.34761489405647 29.012651113313055 23.662633290520755 25.305142134852808 26.778284967279635 25.13121427250323 32.91013931327759 27.21447451216187 29.347350259993366 29.088007414476525 24.4506663252658 29.243580363039396 28.946861064229843 25.503058672100547 27.927383570800412 24.800650763335405 27.640641048017166 23.846777377721086 27.319808380815402 25.710638049484597 24.55259600379732 29.3603930618258 28.524250689220022 24.70430913315681 30.246137707332043 27.1816961196726 30.023588527112576 28.382456096115167 31.74567569412921 27.692446945988593 28.24174350853425 29.648890522024043 27.527885671679226 24.08701308236687 27.92404403232411 30.573757999019488 25.032006010293788 23.79247188006943 26.157551586709594 30.34603639378087 31.345868101466646 26.70708924271761 24.563101688055 23.336602067566137 28.573605711573798 29.43041812255981 24.23853600133934 31.914187864132806 29.48763750938589 29.181803607814885 30.828807218065236 25.111752239525686 
89.60426791650724 93.8164213969172 97.59727292212659 92.69316219538473 100.74765228614966 94.14414994479982 91.6814811828275 92.14271951979231 91.32709588100096 84.3030431059365 82.17124116857306 89.76372754332823 93.61197376468206 91.61076546067208 94.00000608844623 89.54741113853665 90.82493584904758 94.72249865052306 98.38307446950243 84.87863532893432 88.87884034351273 94.20731966818626 89.94592314485496 99.49561830292697 88.40582552752615 97.18999082313438 94.78801900054007 86.94970232904404 96.86994820960108 90.84907572528546 92.58216968448527 94.67963176442947 90.13631511153643 91.7114211999941 87.56744029978462 85.03799166177492 90.3227323584176 86.77470246351257 91.12503206847033 91.00960687037777 87.7444802353531 94.86533398115401 94.1235299862183 99.60239175772828 90.11493816409855 94.99261338964273 91.55089192413003 93.34236187237913 97.32626670155304 95.22736335080782 85.63776471204812 87.90232853639004 99.80062471719643 89.19950029473907 84.68407314270942 96.9116271093717 95.74303923355481 93.752590942971 91.57759679285628 85.5533903677648 86.7328563474577 95.64881121114614 96.191752295457 90.95842097538507 95.87357096547926 94.37690137107792 94.55807844082712 96.94690186284248 89.4981437574661 86.99435513805805 
83.5249561832526 87.53289200018736 90.31259086826637 86.45680633996982 94.22276275550443 87.9367642062922 85.46754572770568 88.80686323905499 86.45310114658197 78.48017679396533 77.4090983048691 85.65064939346937 87.38919508451367 85.64069576680811 84.78433394289948 82.88529720540868 83.926484074113 88.75948482506199 89.91299011648687 81.919839798491 83.57095162682812 86.04086254675795 87.27830828527073 93.19119446531379 87.08488744796779 91.21232030168575 88.85819168220777 81.58717654537108 92.46340049297673 85.59248509045361 83.34840822856427 85.76089607909381 82.70516371851235 85.76365824962072 82.22282794090806 80.25001310537723 83.25530087148061 80.87905738564723 87.31259884405945 85.95845753401568 84.94907203123566 88.40632263428553 86.90950066905224 92.92562076985189 83.0901317488616 88.02416186201503 90.44354789248608 91.51484198248954 92.6758961819055 91.77310983502916 82.75344779877894 84.35344125321456 92.4522638867747 84.63483348937342 79.25102661968243 89.35291957535952 91.26572244644792 90.28773255605556 87.80217954439674 83.46308701589402 83.72819166561743 88.9399412565218 92.23748121278349 83.84282438620573 92.42376041631387 89.66936131483041 93.64105486547753 89.3299300561324 84.53405564433055 81.53062932012452 98.01378937251043 
63.37912193899786 64.52313676595848 67.38170975759841 65.09611264348383 71.08464022966879 67.65456816754764 66.58487917763811 62.88514067381815 64.76938760691351 61.35567611615966 59.16288833066645 62.54998089216118 66.39360172769909 65.77943636517566 66.52957877733583 63.40246885876716 65.80309455227902 63.813126967255386 66.45605898511897 59.087746179286015 62.121750509916005 65.18953826810908 62.51898295268101 67.4121506711897 63.11617560399986 66.00288276759163 65.88792739536954 61.351941359511045 66.78317584822592 65.31303333664562 64.8721286742767 66.653893057874 62.582045335003706 66.86221679919171 61.77222674466583 60.60255274923941 62.527438896387316 60.923339348119896 62.559615794273654 64.4416080956456 61.05195173485658 69.6547574214212 65.52038633668174 69.24474949580716 63.81003135380052 64.55269761437273 62.097923756769674 65.34779692070539 64.51290139416079 64.93482584258184 59.0749032670628 63.13317097634373 68.48070236893987 63.561000494368976 59.43682617873754 65.56085827366635 64.79860201301557 65.94181076158212 60.65537827513123 61.00758488019125 61.94067266585969 67.70689758417085 67.56906312211287 65.08909741420187 66.06122706703769 65.96419609712078 66.46237337596747 68.71188092479242 61.66407264518921 63.285482134371236 102.36000176966927 100.90435799831651 
66.75353798336455 63.78627370318512 68.19580007485712 67.94150665610331 70.76349347350802 66.0768275508685 70.07183733974091 62.13264861854571 72.80390263741981 66.00398069133867 60.7837681070602 66.1612331751291 67.1333393446577 69.80899311889429 64.86141791251373 62.76491115157725 64.6609527613663 66.20549492494207 67.29342715123873 62.72857390652382 65.52633313481539 63.262382244543346 66.4859866351366 68.595902317378 65.5985269951825 65.04169239090196 68.75837679827727 64.63800368627103 67.32184149597391 70.29502204552412 63.26468610986951 65.19826749094392 65.89668115651257 70.84064046962251 64.63908387995414 64.57372377643328 62.841273084991 64.39440420089774 70.19944366039202 62.846776454586276 66.79676181382852 72.01226977451469 66.23920988533614 69.56051894171023 66.13644661142627 63.83799689822831 68.15531610555901 67.18722080705632 67.40302225051839 71.5613275529933 62.110605469890565 66.18620355126772 70.60625880542574 71.0902321750737 62.06084374785364 64.97860845524642 64.33857374257936 69.38678914708544 63.85650165431415 63.619750519776304 67.85625069244438 71.18301518479308 69.05004849083652 69.18657216723248 71.76508542474666 64.99567824322781 67.21737947667748 65.61932158519551 66.48111482233087 64.97965072504138 94.74244453500681 89.57715765674219 86.46984392364551 
79.21144840060333 86.9923084582326 89.91673754198645 83.43585481197672 94.19729984520251 86.2632065874055 81.64819019658435 86.29041109855493 79.24318914381863 72.05692398120122 73.20715453394195 78.64444108222482 87.06479132590495 81.37618596466201 86.22952789551053 81.78535650316948 82.57963058342102 87.00681218124016 89.66190094098302 76.01585055091441 80.49921328989136 87.32637604578208 82.58464683890388 92.78247707737839 81.67976847081269 91.58716367913318 85.77007305380724 78.78215426675821 89.63668234905707 79.51734996536905 84.68943539222113 85.80267372990981 80.07717623311486 80.69384251965829 78.84490144316148 75.01971868741543 82.3617052435753 75.32797406835063 79.84535578764356 84.71729600891676 77.57766018492384 86.80833705100585 85.8359223493239 91.57265878899705 80.71044777948796 88.81939323953603 83.38973326130824 87.15678943436222 89.24401808503558 86.25995451231131 77.8566590036623 79.74325898238801 90.68573431743366 77.1859356898803 76.30810539453333 89.5566165549767 91.16261739524232 84.73340733300392 83.74867351374417 76.86271541768735 76.35946981348697 85.71003305655012 87.52905909648587 79.38036851713242 86.98874270792786 89.23823436427875 88.20422199382102 90.37466397812135 78.13638357684864 77.72387246677769 89.20732739870331 94.49859780229873 95.76153601057334 95.8910306468987 
64.96493774721897 66.43781036214217 70.4545237329207 67.71674960039485 74.63835977847312 68.1200883052736 67.40433769521597 66.20782103265692 66.68543211310585 60.481103502876024 58.7715643353825 64.0475039535497 69.09761088357472 67.69212432885078 65.50690849751211 64.63864689774383 64.59840874989598 68.36375451747567 68.35060595682516 62.47183747555236 65.04411960805275 66.43129243151952 67.97194889855211 72.0287918536586 67.97429798080691 70.40264016770192 68.69513772979039 62.268265445648645 71.67597316487182 67.05395941707572 66.67966143345068 66.9248565277608 64.24206301529885 68.83200211513716 63.85761071366357 59.81499938262104 64.30876384678444 61.593998049206874 66.24209282313642 65.51597963405216 63.827508666805706 71.30960892052056 67.93104579385395 72.66893159823738 64.27897185815267 66.77633253196369 68.58671923383723 70.61939423402141 70.47944915614171 70.40735248906601 61.423421134122236 65.75366529193577 71.9963804586675 66.678225445221 60.89332126864982 69.32639895408214 70.78034265844525 69.53137917403204 65.14867199387739 64.60480121147343 64.93796837877028 70.79498875407968 71.27206802431515 66.90255094594362 70.70118376284758 71.14079030354209 72.40000945654016 69.22839647070674 64.2410067534242 62.827655542127324 89.04859262347293 83.7108563710188 84.25434243065031 76.71492089546365 84.57284181552147 
83.76430334225412 91.08264899844716 93.4847047650248 87.88212878641795 95.37550606157725 92.05794384857153 86.15341077306292 89.25056293268152 83.2232747152863 76.8496301333164 78.55412625700319 83.67491840973221 88.67927835433441 85.00125651557327 91.74471203001876 86.53147061808897 88.46032460604346 90.58264348428787 93.61026258395202 79.4918772164785 81.90195828929075 91.05119623734602 83.04046139085314 96.2669750416773 82.94660162796615 93.45634367779732 89.74335076069019 81.43201365641457 91.88076595669011 84.58529841446021 88.7988112467133 90.61890455333126 84.96676084844312 84.66824282163789 81.6634760256641 81.13280359909282 86.55897140976575 81.45570282099249 84.18449003368045 89.69811916431848 81.2049081059263 88.45573243084921 89.71171314813874 94.00872764839174 85.63301419232596 93.577967367121 84.81401978711533 87.54604939670637 92.40373344321566 86.16627673180022 80.52810777371742 83.39666428989669 94.33434655031755 80.16597479988206 79.91694459077999 91.98115734951891 93.04445283366586 88.80953103415838 86.69643253507552 79.7264475894684 78.31816913294317 88.31975035690287 90.97357274543482 82.99981146959922 90.03647546912255 90.98034375622774 89.69274070504356 94.55380395561625 82.89732722914512 81.86609026861164 103.6464014526512 110.50735849380608 104.03807624820304 106.88381629716113 94.75628113677105 98.38854569087412 
80.34589713550919 83.25292812937235 84.5439896098539 80.90339631284368 86.32304108157376 83.13163841734765 83.55863430682899 82.66165066636812 83.3313378833831 78.50281237944326 73.90143776519342 82.31587099247768 81.76625946206939 81.40363651410917 81.9687593342382 79.35238419021601 80.52865298981546 82.15384326149503 86.55054933397118 75.6176093393608 78.87766297555798 82.30060197730768 79.56822355524339 86.18007932096126 78.78248917495918 84.28367988735845 82.31757287376901 76.60162992627961 83.44666666346404 81.79253841892073 79.10768749917474 83.56389427186062 78.93504299112065 81.83528910733672 77.5683325301734 79.13951134650337 79.29476286962688 77.36016551654706 81.7975171290288 79.18336210257046 79.21799063337095 84.01354875656291 82.32464467784007 88.18261879680352 81.14785732899792 84.4798958636258 83.1124025159422 82.3951253520165 84.45098515366422 83.91540650764676 77.4143654161715 78.70189563818619 86.1647957151253 80.31840564981886 74.6616385724265 84.03873365519624 81.24872702001808 83.9536951641148 82.11013649874747 77.91703683921395 79.49603958535843 84.32601073506798 85.1894386185671 81.25050080044612 85.75397525345973 81.4897345588797 83.73945186449897 85.82841768020376 82.10248247593182 78.98859355066088 94.93200227245788 98.04413814231097 98.98776252014447 89.97781143160898 93.44647486391877 89.92337706315706 104.99437401209846 
83.88031068780911 88.2795055520926 91.38589659827758 86.99024523373485 93.86057027999087 89.46012676628291 86.53220922013864 86.78081510146795 86.06870475695678 78.9622036622833 77.98274567181798 84.60821576749879 87.34286106082017 85.67322012947035 88.70774489859922 83.8986639785969 86.18756743110961 88.53804745419633 91.75031464198551 79.72446842237265 82.24399835176173 88.14182790210229 83.63320320331943 93.52373706263326 82.7193593711048 90.432111090456 89.08722132253423 81.93971721329821 90.19253436037249 85.69920742871292 85.72525234514441 88.00721660595897 84.54768154948053 85.66170371993996 81.8249979848234 81.48698034740885 84.41967678716759 81.86701747648908 86.05559856512565 86.50411598254415 83.09362071968904 88.68094130972315 88.23570971110324 92.55606213415558 84.76948946565224 89.78526998044744 85.9344676225505 87.18103731878124 90.96440813298095 88.37455529138691 80.55018325384069 83.29453519644342 93.31268250295119 83.25016207515127 79.41970242365895 89.66146138744804 89.64150192077874 88.51057295613319 85.91492122571225 80.13518055779298 81.18108064268371 88.86896305801197 90.34607256657316 84.33038410898747 90.91701608615844 87.97690903480157 88.61844283863475 90.99553053276158 83.9249843645898 82.18775139858319 98.340331489044 101.38579788428441 101.10940702205755 95.57078893338308 94.06892647213449 92.59386219268896 105.93079758669664 98.23082628240604 
70.58431063195032 69.9200952513219 73.00846242675965 72.11848564733609 74.73513317984043 71.50322627288742 73.47846893101847 66.30518188174355 74.43774386331381 69.97714210220957 65.69367659663652 68.65251329556222 71.51042518966139 73.25629431256341 73.74158569728755 69.11947754603946 72.3717560416635 70.38631941985335 73.95875587540785 64.29635262142233 69.34246719302973 69.55438956968568 66.80279303771593 72.70589829671437 66.7169818314668 69.92308070470439 72.64224024278599 68.62876258022581 70.53850668792892 72.44984176678109 69.88764441653008 73.49508347016733 70.13795041379181 73.31752672375454 67.93367679103744 69.05187573157905 68.70373220497397 67.75961988484717 70.82552099896202 69.40572669519669 67.08785450433076 75.83865148977387 69.73154389000871 73.64866674719202 72.01405822823648 70.36827239689401 66.78167758307546 68.4440392753874 69.51202162301924 71.97653861552863 65.80866924026759 67.76238373155309 74.05749905804628 70.94308905499824 66.71873175287044 69.59588320127024 67.3887789220841 71.61849044564232 66.25505270255904 63.961842186164226 66.9083231448426 73.5838648819007 71.0595877298859 71.74620885223425 71.3014119794808 68.04257116517658 67.64640496863817 73.65617702430231 68.03068854860925 69.11211045637953 106.6766564571789 110.71833236683774 92.16908284387053 90.06927572063474 103.17301545966237 93.52275165433026 109.108579454471 101.82231617571225 105.71854916458724 
80.71912399899321 85.97410533735155 89.37686310493567 84.60155147644048 92.2647069971424 88.35833108977694 82.62172478160142 85.7966084943254 81.70196983506698 73.98963081233306 75.19520044370861 82.36336968696037 84.44029764704601 82.27569764257584 85.3421266701487 81.41472345336777 83.49905418348794 86.76417865457013 88.55013758847194 78.0265764154193 78.43257276643463 85.71881946333376 81.64909870970968 92.20156406877629 81.54494728157233 89.04826438880545 87.08577003295572 78.21875942067821 89.93736126683679 82.85851440424658 83.35283494714514 84.77411865615866 81.29114945572533 82.60905424683469 78.64985009742928 77.35931945577215 81.6605716578842 79.50848868930223 83.50511478823601 85.38581423298861 80.87964484115231 84.71881412200419 86.21250322956725 90.41394224912618 80.72748861174405 87.35340235166896 84.34240474544379 86.31985950639404 90.45998150507002 85.51157419943212 77.6816050424703 81.3048162588578 91.68913631230775 79.70007971685071 76.08746930381824 87.81219635954119 89.7978663542234 87.09040625142298 84.03297822357892 78.82801845845476 78.05772359375268 85.94493320651742 89.77439451265889 80.60213639891985 89.23611968513983 87.4374613176903 89.3213558631603 88.57147088221483 81.05843510044296 78.6771450879604 97.48493863612704 94.3159755346126 98.56361351225614 93.19381975649627 92.46981138602108 86.48920707422518 105.09577806214504 98.8869781378319 99.87181492815763 107.51927267484602 
84.65552054535065 91.73362111901102 92.92205475581102 87.60303903234707 96.2887588700906 91.75690321938912 87.47086583507524 90.08902056488286 85.29744201527222 80.31204157138481 78.49260183674375 86.42345291400365 88.84968273041832 86.09278406119931 91.64172807191754 86.10332040263509 88.62273683145848 89.3513765908503 94.91857746297525 80.06770368640231 83.42330289770466 91.38890389283783 84.34488186609757 94.9143645671399 83.65607490928365 93.41452191421818 89.69387354791982 82.2495482268979 92.0384134989273 85.450714574455 88.16813356323053 91.84928824714322 85.28012337730044 86.08955809510817 82.8468326367666 82.36345549652307 86.72735507072744 82.14830670942911 84.70284022344212 88.81501446643196 82.97352525192075 89.65664885655859 89.8175148937962 95.76374947580454 86.34323922606784 92.59970916965923 86.40073398165842 88.79662911788824 92.05825096129259 88.42085453537136 82.31923151064774 83.24604561064666 94.32713780715927 82.41209028454028 80.08112661425736 92.92661041213074 90.76566288725435 89.19755199452385 87.73335259708837 81.26101751867814 81.32369594465118 89.6303494327769 92.18609970042127 85.39771866311985 90.22403729254972 89.79202830356043 90.70525413806088 95.28837305902638 85.25702607147949 83.9343308546196 94.26701348830869 101.092497701897 99.76636405379146 98.67412158712928 88.47063913863896 93.25156026141404 100.29570251955124 94.38667650631326 97.88828233775641 104.05061028538952 98.17138575924801 
84.23840547817764 87.3854660953362 89.53779907433906 85.17201464045863 95.55471945627342 86.69978877847467 89.209425121557 86.96175280894238 86.45972155459354 82.65791428826047 78.08942090133786 83.2908879894222 91.33133510278152 87.14333375624392 85.93367513061897 84.2311328174539 83.85576055756897 85.68498455040545 88.8937749897362 80.95101236596587 86.92208799877251 88.51857427002226 89.11226169125686 90.26880668485298 87.61005652047403 90.96602881827273 86.06655068727092 84.02102720045221 88.7781403341788 85.24628267474547 86.1949082411214 87.19398392326107 83.23040620480245 88.06492040016067 85.01046961319014 81.00021589173566 84.38649962381962 78.9330355268966 83.1997009388494 83.22599607283553 83.18442953279524 94.4556719925488 88.52347472702593 94.11611417268038 85.01770738850338 87.62591845327297 88.9013427750915 90.9515967879001 86.96230740532482 90.99031475197101 82.37649579923175 85.63970943490415 89.98982480519749 86.52491761649415 80.92810697226031 90.39619862199358 88.62796833065661 86.98490541995425 85.23606230742078 84.9336489787244 87.66565092496434 91.281706960532 89.42091831808207 87.80550648335165 90.092545249335 90.87463348380854 90.72513194925143 90.74307564264936 84.39094120866277 85.37474322711707 101.90552202020025 105.52450365788867 102.06258189629428 97.56783898649957 94.39450117642227 92.71412840167447 110.95260246659899 100.34290950925251 105.89581075717768 108.74999680465511 107.05168791504774 102.01728677668143 
73.96086060770548 77.78609944723921 80.1954703018716 76.36469302727623 83.45492416719647 80.56623847529907 74.90671507534424 79.04179619737091 73.22436721869174 68.53401790911147 68.38777796247399 76.15143827876602 76.22327312030853 75.0217170344823 75.94964051254678 75.07641141571719 75.88842704072506 78.06644263005501 79.56763732790105 71.44978068684807 71.714140887467 77.1427859395393 74.72365512630547 82.23759835737489 76.23817424619207 81.11148599595407 78.08018322498623 68.76044425724123 83.11931122165754 75.4873230518587 76.05055909868751 78.48474030087478 72.18395166156455 76.27498851308074 71.15036041026327 68.9853720292177 73.98364531148917 72.12383032516072 74.67211976644269 77.21087531739052 72.57572666890599 76.66008500435211 77.39416008752025 83.3847957651125 72.95676902544238 78.03690846321862 76.89769523077445 79.9329661536381 81.85858431507165 76.9646991475364 70.70188580460416 73.59960699037201 82.21947454682942 72.43475522944864 68.32740428007284 80.02249784034193 80.88002467408836 79.9917414563442 75.9033396580431 74.28469088983073 71.49373181848041 78.4074057349201 83.08070941284691 74.11177156687326 79.14994346488 80.42973150004927 84.12820755032826 81.40364748167077 74.35191832170305 71.5105736306616 98.96799817307414 90.43538857611675 93.5226777568934 89.71872602780424 94.60028751132185 79.38925690522449 106.24250897205164 99.13358204043853 101.60495161927528 105.4673052268936 92.11620498390343 100.4525407837121 108.10613747073718 
64.35232420690352 68.7829509121704 71.73887114324282 68.31537539704753 72.71475523181486 71.9598092753701 66.54328501248922 66.90661768127521 65.179036119028 58.423800871435525 60.33414759637466 64.54301414150345 66.65009929970083 65.74394930569929 70.50650400770182 65.64454014138332 68.81662196597993 69.30049275341216 70.92807372847503 60.47381176866965 60.75286935298613 68.15710700665498 61.9440107784973 74.08734428017156 62.76236695204342 69.8459704120528 69.93547681916924 61.699217889513164 70.44185137180298 66.55344207295109 66.8172288260007 68.64527292471954 65.29470440715495 65.82004683524801 61.47890073141924 62.80790940207107 65.21493847806879 63.520033199175295 66.18823387138697 69.5940069467515 62.790222300301856 67.49901591604265 68.2678992900433 71.01404013856303 65.49564861006127 70.84581326466731 64.12070775691414 66.05256869655396 70.96629903261434 65.22072269925934 60.29470752116184 64.3023572881494 73.12569897236185 61.90386093447172 60.31153318284343 68.39087516158291 70.54799839163881 69.43360093096912 65.0352918644362 60.06796313123941 59.00785796824043 67.5692027054515 70.53280371720884 63.203941303889124 70.17455554873382 68.43134664320661 68.58529429428954 71.76550100611118 63.18875886090821 62.33113416504538 99.19441496276986 98.72477698836545 88.29459688167476 89.2726841017089 92.21337205348797 85.32680552989261 98.47757823936806 97.4234205043018 97.69132567250294 93.97504593945325 94.10324557389254 95.92084881063508 106.38158988714001 91.56849620141392 
78.28854879985921 82.25994685132592 84.3655936609623 80.13190514181844 89.14901950851801 81.52827703167827 82.2797215925488 80.03177054469927 79.48084048569986 75.89559717250441 71.2153000990465 77.15986721754454 83.83750527795671 80.8530624086571 82.2586887264162 78.91343155381318 79.25794701370145 80.58718946750291 85.06633504591835 73.41025920066022 79.42174696460316 83.06902074777108 80.05315506014217 85.07888661223029 78.65580832030057 84.98335542000248 80.85651512487395 76.25263502763825 82.96776018696586 78.9272311451943 81.91258995034255 83.79207858431849 78.2506764238976 81.65508301308355 77.74244839457015 74.29379670394556 79.2906311453266 73.57549311940761 76.49642798994692 78.24491317882821 75.20881522849348 86.50318444581038 82.35925373573082 88.2811059361435 79.60850019721195 82.578369917957 79.83049180025932 82.1779276532388 81.6419640873429 82.67528747609717 74.88334464085926 77.31794455237387 85.03307203854283 78.69897081642979 74.26019187860781 85.06982417128938 81.84569624934191 80.5613654256117 78.47382577439765 76.03182606936849 77.85331767310107 84.59156392111963 83.05129074591628 81.54113510136051 81.86284212037332 83.52614745001272 82.53392150658978 86.1268046708458 77.99728041562969 77.95007366807243 89.76330039978907 99.06871939601 93.49881901911888 90.85105363143103 83.99393341145085 84.84603472431338 97.77958593747391 90.13837485650356 95.3633425931839 97.04611767112821 97.7712523548723 89.36371150441376 90.84103434847461 98.61274157112726 94.89493542261965 
64.88938674920803 64.09208196559598 67.02761859955837 64.88873562807788 64.83567890715383 65.50933528783806 68.04846597294986 64.09149398041684 69.93160017314251 62.37385399050354 60.19998482073407 65.4193454041935 63.87741732332506 65.33329291878788 63.34540390797592 62.55235662461526 63.18880223015772 66.61621168709658 66.96029367699255 60.46628516974052 61.69505975983804 62.53612299487557 62.22405054721399 69.50167339065052 62.01601447249351 64.45380317388184 65.90236679739401 61.048447977728145 64.25977769423278 67.5715215686994 59.65156015010731 63.099894897510616 62.73409750690645 65.2621500162685 60.6320427610838 66.00550129372937 61.39343121840015 62.67814964640462 69.66375929295927 61.64280002997447 64.46493453316094 66.35533860832257 64.55088270497745 67.43490661545972 65.36172097297478 67.90696416302163 67.60997742452277 63.78118824943821 67.52365471787456 66.85284855594304 60.76670614359005 64.52559918339912 68.49542269777253 65.37999201501485 59.322828237016346 62.94479814598232 64.22633514864597 68.63578283035162 65.48233711447024 61.528568358570844 63.49536421894602 66.76577975585847 66.62313724331712 63.24449350553093 72.18897680723002 63.20232553223497 64.54904375955647 65.1329826260924 65.95476272218283 61.81706132424998 100.16680377471297 98.26936150403193 94.2581311928202 81.92949611384059 99.17617807247768 87.11973162514879 106.61275056047377 90.8670991002693 99.19185227832345 95.82016865433644 99.1019605264488 101.08618581498445 103.21895161038562 98.35957420006073 91.77187494191857 95.74549955647986 
92.33206429034155 96.21201442513352 98.09885216443764 93.37496230095901 101.23501053546863 95.22887144551683 95.49421652496446 95.94491689436383 94.71525574915906 89.4381910736675 85.22827274789553 93.52882021413615 96.0656644506061 93.84027832119546 94.34829721199719 91.9327995993171 92.16102345248932 95.47864670033756 99.61906276169977 88.0173539236201 92.54062944312423 95.9442875989178 93.82503046769988 99.90337886855309 92.47561731235771 98.92519463153468 95.01876264321879 89.46012264940137 97.48047996743391 93.24042873188591 92.82852550963408 96.24648274147967 91.13689459412606 94.12907740720725 90.56293074315498 89.54135091272961 92.19094443569222 88.3879649579742 93.33885261958973 91.58073431047194 91.06748228234807 97.84848212574563 95.65562211734814 102.15434494767331 93.02996550995609 97.37923462627802 96.43588545358973 96.78994540631959 97.948465244915 98.06882053072223 89.9109740165846 91.20641313099976 99.57789872607893 92.55678843570647 87.18944848382525 98.45537598855728 96.11865591869349 96.16678572972744 95.10519126259837 90.63890104280222 92.21534310578167 97.78035144698256 98.14240246135336 93.81894414603354 98.55658252802785 96.31044175014591 97.72966905270695 99.02003716800881 93.69528372709908 90.96704540713174 99.14188544520529 103.73757424526246 108.35450009173974 99.49951655831656 96.19767150029061 95.7739365110973 111.14345446511004 97.65253402264187 104.75539615550018 112.60409801904011 105.2903470984057 100.19290615368163 103.95361951959346 106.5023237332231 107.27578684604207 94.23720586814042 101.73019698618236 
70.68042678092485 75.27443904650626 77.31498915557708 73.77969471561289 77.58509573934933 76.9333439434887 72.08565688802103 74.38815399366592 72.24920333499666 65.39900209822142 66.19524519564592 72.19519794359779 71.86246754864827 71.53788749109614 75.78519862426717 71.50015761633573 74.48507411564883 75.7849583755573 78.24833412096045 66.56891514769339 67.53463874047776 73.49544150744666 67.97814318237425 79.99097114361196 68.90699734613993 76.20070107218629 75.78676022778899 67.31940532061343 76.79673154515709 72.32251763592946 71.13026258734781 75.16987293164009 70.42585467716802 70.99606438560099 67.06993310884478 69.65154193516157 71.0077021913776 69.4270249467667 73.31494649476299 75.01713197524752 69.26293980951526 72.37012607633949 72.99765396773961 77.55278186412218 71.8644453685088 77.34210740482628 71.48701277014007 72.69182044955504 77.87018633723723 72.74306084712381 67.93647895547706 69.29734560789375 78.81160086292091 67.73770050292876 66.06972612206737 74.36346627758303 75.7029170563813 76.1637698596302 72.79686814359741 66.1720646467048 65.01888927035084 73.12235847074147 76.78109519331363 68.57165567766026 76.3388028193245 73.2033886305641 75.01065060965061 78.01639738916465 70.24589283588175 67.92876092068009 100.20788182513535 98.64567577225733 93.85806044496313 91.84713059325966 95.04655221604611 88.78868637697589 102.19375222562738 97.25598775098906 99.65073891178841 98.66013487011715 96.03829769395354 97.2269057581718 109.79536671837184 93.1593712934636 88.35017454625194 98.04480101778073 93.01610872364093 107.15640774700474 
91.27285248980743 97.82727610596369 100.86127886786616 94.74109176523156 103.86306573174572 98.11636338497756 92.6671880460981 97.71191297150895 90.96558298413935 84.06217607578479 84.11482618306074 92.50298791194005 95.96486557049005 92.4622929439445 96.21146136950553 92.90793584810812 93.33038498532042 98.40927957729313 101.3326729881411 87.64461836924833 90.26832312832282 97.8233949516841 92.67438007738077 103.81532821005773 92.0285000786584 102.05200467667791 97.11740851181249 87.59179242587774 101.52124585970022 91.98236543090381 95.50343002617842 97.5460328300644 91.30830818809874 92.57300043422435 89.0428207133779 86.18180504743943 93.19068216499595 88.51212301493791 92.58093844994303 95.04514912737861 89.51034836117412 95.47163152036693 97.13089431376174 103.36079006408194 91.57214746273678 99.50626583533875 95.1097292400865 97.51230785740992 102.02944631390412 96.69801828204523 88.22704292419088 90.33728913984115 102.80829922312981 89.09521175337015 86.12317160469391 101.01774790491035 101.30911493598389 97.1241013683499 95.69422204008816 89.12538895393266 87.73946227119808 97.18339907968883 100.35512020454053 91.43992601748239 98.65602018887382 99.37121289214112 100.2783420830928 101.04223100429803 91.76949199692936 88.26402582956513 94.17794063483288 97.42405208480139 105.72155408293679 100.50252073396531 89.39969616349056 89.45413683936648 104.39854603408784 98.22532337679584 100.97681201431983 113.40484771288695 97.12540033329552 96.25205206369438 105.70537510945958 95.93023471266294 100.54298334971875 93.57265152017396 104.31881225645955 101.69654302104509 101.00367267928345 
76.06031679607877 77.44840607696997 80.59508684977519 77.4015517643317 83.4194052823519 75.97385892911085 79.30414539193023 75.73503060550497 79.13238134327922 73.81096751712863 70.55397543265317 72.66934589163453 81.4178647901523 78.85437575389622 78.46262607878955 76.09749615559235 76.18058416747178 78.64728067375839 80.74103241144783 70.9783006388866 78.68392820065472 77.51518335261177 77.27914568719078 81.406749526072 76.45901378050439 80.50507537984014 78.04976017781402 75.67116199829742 78.562914932416 76.41288190997483 76.76360502402073 79.08149885438452 74.74960002422517 78.12583500463955 75.14280990235645 73.2630772556777 75.60799192654306 70.35041015618151 75.94183520360028 74.73035961874719 72.41498362630418 84.40220109682139 76.82634397347354 82.31523612639667 77.80373958580527 79.15825403854484 76.86971002665895 78.95798499100101 77.47796661011215 81.59924683110852 73.62114123678155 74.95457508196547 80.3881074176147 76.35370717848544 73.45464831546973 78.66957884008725 78.35773722201252 77.8170642954686 75.17578699383981 71.95845395876589 74.48938096224286 80.81875417132767 77.32580929529173 76.9172887614201 79.19809787110565 79.06573254392998 76.98336485768925 80.97514712688955 73.33975821182464 74.4591923196287 104.19975896739166 110.49696970112043 98.51753887340269 96.61524304460488 96.30626416107813 93.41772204011608 108.28425199029023 102.0686498422283 106.64745101288558 100.56226121183533 109.38165514594296 103.76959383940043 101.49443974037692 109.39118752681577 100.97532997240168 92.19636667458425 99.00674002369982 107.96909008137227 105.22712379994192 109.07485017238271 
84.47879989045833 90.35930197051236 92.87489788868062 87.07081486925463 96.78281961940345 89.01406478902736 87.723837871091 89.83364854501102 86.52711169853029 79.6694382207616 77.80448679857243 84.76865055616908 90.79128242590957 86.51958843680401 88.90390503319243 85.13126498947877 85.68102743338586 90.02026966234132 93.56317050878165 80.80640916747105 85.73977711690142 90.4576603045031 87.57631342406997 95.31679676266198 85.87629396905541 94.07843097118241 89.23699526935329 83.70324360011074 91.96904365386439 85.20329266769167 87.01170513368331 89.17542698885943 84.55824868833521 86.11197801614803 83.82245013799036 81.4839671533717 85.91030326137778 80.37261079985929 85.87950147137697 86.44831449240355 83.69554301393107 91.75656901690658 89.70491241423518 95.68333374726427 85.74430551765029 91.99516983784225 89.47261087359222 91.020080941069 92.38223390067651 92.00231817141612 83.01548218901321 84.53906576797438 94.04070044324015 84.24353696505908 80.71218118829795 92.79199505469299 92.43259535955539 89.13690042434244 88.62881517393464 82.40738856500411 83.87315453646157 90.82340860418982 91.37506405495773 85.50231804775622 92.47891506931472 91.4034797776694 91.44505785785924 93.09111107231695 84.8661440502239 83.38830959016161 89.7407299300896 95.57079404127502 100.10081898563641 94.11034058967365 83.39609596161371 88.0104701557364 99.80179337092173 90.95523757859036 95.18984345956235 105.25898503237944 95.80764468075127 90.0815884283227 93.81993395518623 99.88678906603532 97.92319827945173 84.64548421442862 96.36162916572457 94.09762856155173 98.96166078153657 92.01503786873407 98.05192773010168 
77.80745967645571 77.41367975656574 81.0615929236388 79.16171675921538 86.88924852538415 79.57327599495416 81.33464772930444 76.4929464196137 80.82747448956941 76.64819443795184 71.59082774049418 77.33004965078587 81.44622219196373 81.15533208510122 77.60184516349756 75.9121425634312 77.01601679494298 77.52550885600537 79.80054004596047 74.4680751446785 78.28068550053388 78.22970817179029 80.3349322506669 80.89046954346364 79.71179365403837 80.33314121104353 80.00601912541124 75.96183619005875 81.87867339892279 80.25190199363934 78.27798290972238 79.29423036053811 76.7594981639131 82.91385417683597 77.28180289723102 73.20845619802456 75.88508694224424 74.48155787342824 77.92743238595006 75.93209815807654 77.03621611564586 85.67715227401247 79.90107745099763 84.70524232696708 76.98524310944609 76.12057369025698 79.82614246178659 82.16536234614904 79.4175860143624 83.22773734369264 73.87960660428675 78.01436916500039 83.00475506416505 81.41382938027658 73.47057848954938 80.58897482082706 78.88781248164547 80.54550172639979 75.60654344971307 77.47188759064657 80.1867563509141 84.13320686336478 82.86363445109536 81.8370226440772 81.88670446296395 80.96655200778449 82.99126223498787 80.82329877848305 77.3685247825603 77.68116926352394 101.21683534096674 96.92282904545552 93.8726266740693 85.40409252022017 98.5484675126551 83.05025577803174 112.6841848436999 99.93030405462945 103.9551956756014 101.92623297593376 100.14588030844774 104.10961381186354 101.48575787662172 94.76314611087913 98.90724888004694 95.10502671275295 99.00665205898339 106.52794255543022 102.40497852545973 104.6995554523776 104.36822429494181 99.40991868862238 
63.54050812848737 67.59251253049032 69.18498480352295 64.59268695505561 71.35074219709223 67.70543803394115 67.06818534053734 68.30400991858342 65.03048795950096 59.89393715811511 58.69103237265083 64.0130608121892 67.87665778686312 64.64348323185813 65.58368652070816 64.42226443809722 64.35078821546529 67.03914788506503 68.9068552475103 60.33753579142644 63.414071850537226 67.18044857694717 65.34140090586268 71.49908513405458 65.318334699448 70.15887691799449 65.877003784644 61.28169032760259 68.37830877657667 64.56784088166394 63.84953843129435 66.27472168770828 61.82138314416121 64.80393995522594 61.92303629499478 62.186579795666894 63.5705653617392 59.71301332893865 64.49922065699965 64.49517817537546 62.45056461888963 69.09003810014417 66.95312900497007 72.00070758397932 64.49397516921981 69.9087172771967 68.01865705861194 68.6012722997891 68.6550537833617 67.60273699110226 61.70296120136568 64.51024922640963 69.62878902106848 62.729415370152594 59.37529951462509 68.35966159678928 69.09433879265012 68.01774681074255 66.34495315603384 63.25844042577147 63.32986111447377 67.88358283565569 69.10239529109457 63.38889002153318 70.44624030564566 69.16515567080181 69.87440849287873 70.31732332162403 64.09845066733988 62.706976292674064 91.59277708195185 91.76967662239801 88.3116768055143 85.10674908538351 83.9820284780794 80.29527284590579 95.99166961265668 87.3780053114233 92.89304108633621 94.95036503118047 91.735570075065 90.10495061786192 91.1348056229294 90.54423197199506 87.5789572738789 83.89525374224992 84.06022337813543 93.95887904764892 90.00533336026514 92.89208459394553 91.50535248450797 85.00060308893309 92.6739141932056 
80.81949838826579 87.4754669398366 89.10543945443473 83.92203282912433 94.38284920141459 86.78737291759697 84.50679305710132 85.29205792540438 81.31052260020073 77.04013878649242 74.34845822800558 80.58970902649345 87.43982723381984 83.34268465008819 87.6065296703671 82.54976335623263 84.11082513998859 84.9850619939224 90.0742828575086 76.47880573533003 81.78590550747823 88.00229468635797 82.87397096151116 90.43997231360409 81.71353196087684 90.19580048999325 85.40001428366948 79.79077272938858 88.0932076048354 81.31482140129964 85.88350313845127 88.00224257396664 81.72658454749741 83.61560747449538 80.63833857209447 77.28604948330448 83.34161916384447 76.81015898797357 79.31688228085152 84.26501634657839 78.4922375325648 89.05234740881924 86.44109816012735 92.4494034610187 82.65004644596985 87.73957900523003 82.82230719501483 86.33838092424655 86.73217028082887 85.8314586921337 78.63204723644635 80.28107767269458 89.80315861116011 79.91812259483304 77.38907617737642 89.75725891969084 87.45995162521098 84.3749475217977 82.7827578405348 78.2886159837618 79.21740768487271 87.18493964204382 87.59761110905606 83.21725685778173 85.57909396554534 87.84865227141081 87.1773892404571 91.43036301741175 80.41863286847408 80.96174369211622 90.90495828447429 99.68819710239235 95.07173373733696 95.6805995559424 82.92574921080526 88.12177055745629 96.77261961408992 92.64701184689714 95.57075546309366 99.8218802348465 97.03477305300572 88.19803263617503 93.76238179502907 99.41605453577583 94.36377811269595 81.987805420128 100.64974052038949 96.60920209697389 97.49729019760515 93.71396892732211 95.821373161639 85.26832888076504 98.54466192683559 85.98013842991492 
69.70508212870794 74.01679974514808 76.85954854144873 73.2522261016577 77.43921848652155 75.7230988615784 71.30638359448149 72.87720638722412 71.81783250949276 63.87595062943887 64.34619521862142 71.12444447842314 71.08825563656363 70.86419756395078 74.24781451789993 69.87957865191535 72.53035586634824 75.25991260364437 77.31015777612652 65.83819976186454 66.49614994247891 72.51338394204863 67.8133311407078 79.7683020036489 68.00119280659857 75.42254379417714 75.34419071017503 66.37708581524268 76.22315675766917 71.8190109553101 70.38894820372855 73.49353111389904 70.12204252266903 70.58582658994933 66.33564372565273 68.01685786593227 69.92907095683131 68.59392825563064 73.15205914076395 73.43239107017048 68.94811370302754 71.71581173080234 72.80617644742628 76.96711364176983 70.49750151724777 76.0728529325592 71.52169207524184 71.99487264063565 77.87778812272332 72.7854928456018 66.41404107284417 68.68575775357803 78.86770183542784 67.8975208633565 64.8782974865767 73.98742490299155 75.44305159418923 75.41601411904315 72.13840702689654 65.32832659365837 64.85566704367568 73.023973565038 76.293959367412 68.36775534496245 76.6440904814482 72.73441939463868 74.4223930797887 76.22297909745747 69.78744065530506 66.61639103052653 91.44564622492057 90.4095623865536 90.39702577783447 84.54999063224308 87.99271690507045 81.51311204912773 96.93062621606856 90.06986534774028 92.60789913009107 95.12961792410705 88.92032162759361 90.84421387469719 102.55142266418783 87.29092829378233 84.46554263803606 90.86938273801219 87.01688781875133 98.8056468508169 85.95224032794377 92.49272472440691 100.11681910605927 90.63022579094809 95.33820104233922 84.41504083923182 90.92688534809821 
78.72894006957122 85.16763584129838 85.67324724520186 80.29572733560543 88.79403765203702 85.79637580277634 82.24490670737603 83.25509819440552 78.33407128403029 76.00954167542339 74.03228016317512 79.48857444375953 83.1994737586828 79.82961189944326 86.42765534536474 81.03428836594905 83.697301160498 81.2890004244389 87.75055425206388 73.06463465296956 77.60662366078343 85.79215956311548 76.86036220331734 86.528660369388 76.75483741096679 86.0881782529183 81.81830389767181 76.62545433526093 83.60809920306221 78.85775833561992 82.48784618145883 86.50378631240602 78.39849600884554 79.91057896137973 76.88449088189229 77.36239246162545 80.65182665621082 75.72810843893298 76.35456158373438 82.27088278293968 75.34246467445787 84.59390874985674 83.29332911639986 88.77321627620482 81.06483757982839 86.31099706047908 77.59552398158618 81.13644897946996 82.38638643433941 79.77075970937125 75.82833290419065 77.15009458181315 86.11333769159972 75.31789667901828 74.45161692356604 85.68155381981771 82.49041033271536 81.46307977535832 79.64289648519237 75.16225924434839 75.15983409508804 82.95211530713604 84.2212517197536 79.35676339388579 81.81473245391219 82.87447762465939 82.30161211433045 90.01388228080727 78.23307676800083 79.35664727250958 102.3902251703073 112.30843665383267 98.1991595890331 104.52876109291718 93.33886006713256 100.34928317887044 102.08861957496424 99.5720513628203 103.22870093688928 101.71111436771349 106.07698491407224 94.9058253959283 104.0737342116341 108.35988188617434 97.00089385590128 91.83119282832803 103.71757865745933 106.82939938037059 100.54053766950348 105.7136333725237 102.37291086391104 96.19481073923541 109.32555914662501 91.78276422261456 90.75753572203517 97.0518118346249 
85.70699437826354 91.44772622778522 95.13836624758106 89.87103905144798 98.43203959727353 91.10494044614661 87.08512878370557 89.3578804637357 87.66587551757742 79.54969700666805 78.17791600384187 86.28434031299471 90.05826735492212 87.91339018037112 92.11828384064107 85.94511271442252 88.33045308353998 92.40182694146046 96.82196205464483 80.87907018380263 85.22470136161033 91.24760269594104 85.79327219409267 97.42362389660933 84.16611396723314 94.80712794970053 92.62037408002195 83.82698868147199 94.67459970450703 86.72292913248326 89.25688519084359 92.17162664794692 87.0148058047842 87.23003897647916 83.69606666497496 81.22774790461372 87.3063979583979 83.18489588771325 87.91069619785289 89.12710314409092 84.09035656553404 90.73618784433687 90.42601888646634 96.51159862949946 86.71029936312878 92.43146824229278 87.51442468475179 90.04813505681297 95.30152776311891 92.57950768858538 82.71540080561421 83.28912981038349 97.52616256323698 84.4913749809994 81.245682372705 94.13026705413081 93.21670184827897 90.56267688744617 88.77917101129471 80.14921622105517 81.22083890971676 91.674606232167 93.08481858411614 86.34168743481905 92.27534014028029 90.5547972281773 91.03209431356869 94.5512298354395 85.17107265510758 82.74479480405867 82.78765742611053 89.50905906429136 96.0453464242385 89.05697861626658 79.79761549811636 83.051674660041 94.57323325968824 87.45463215375321 89.43109999979758 99.69989795970871 88.46550937852994 84.26159174539708 96.03821727977649 91.50320915656212 90.95532214142123 82.62842791014663 95.3559544238741 91.43589356043744 91.20737060563172 84.9020631893679 98.1513187200844 81.01554445604565 95.25734271963383 85.52886605112607 81.9091842928535 82.4198805379689 93.6469568260967 
74.2695134581992 80.33730367894951 84.24800252031372 78.16518780814107 86.38455568502654 82.24773174874846 76.10284676196481 78.56694762843868 73.16532763260338 66.73022262708993 68.70246777887135 73.34503887889623 79.46524833206834 75.56815714980186 81.7736227067991 76.81281522407433 78.3000213794218 80.98090990458044 83.76644914767837 69.45426364870218 72.42289989015096 81.61225013119504 73.24816980874148 86.49229088503436 72.83866012823073 83.8672966557286 80.2063196713867 71.68497873857146 82.73867914324757 74.97866613303826 80.10304913578932 81.00707657054699 75.1756829185872 75.455348035059 71.93581505581966 69.8476330860404 76.61910894317221 72.00905311202341 74.35592193059739 79.13282645391268 70.92454642888572 79.28415866285086 80.5650871678595 84.58721149109192 75.405153966546 82.90969245595645 74.05654018994295 77.71363952914908 82.7583194707744 76.78196278814451 69.54542120766209 73.47608924007875 85.60154641840943 70.80715684003654 69.98063583776452 82.8131169418112 83.83358641720055 78.66235921434291 76.06664789330587 69.88542962268113 68.638023544944 79.63923813505912 81.32893709006785 73.92702366948329 80.22317541132111 81.74817523014414 79.66675527883751 84.47245435745684 72.63063105589016 71.78660117884786 90.97648083355648 98.7903647921756 92.67263408267426 95.24029413214637 82.70721390424028 85.64944490525875 93.49584314104514 94.45207625630233 94.55369905281088 98.65367762010762 93.15335857857771 89.68388511006765 99.08934152238908 93.86961250284392 88.03964767505049 86.07727199653478 96.49582552586863 99.5713689814298 92.15632961530645 91.67516233652924 96.86363961430419 88.07697100254627 100.00489112364812 85.22027851880834 85.58491083950716 86.2988609134991 91.88026969841415 82.22645278209929 
85.31290724093505 87.72121310887937 91.15911650929128 88.43266446825983 94.99173345301607 88.2295007038069 86.90255960154116 84.54639104904508 88.90872846575316 82.59580248863526 78.01298667441951 85.82850708425963 87.29298219689598 88.2376138313779 90.11158713743465 83.6790773281736 87.47086024720437 88.07592023121661 93.57482010084804 79.58241663466453 84.52283579937183 87.2236161565383 83.49417039998853 91.67421449891177 82.22703954195056 89.36280305380318 90.54612506521005 83.22532704391577 90.82710561355167 86.98459772501437 86.58658896480684 90.76314721580658 86.0603833734661 88.11610053641377 83.02481029814356 81.33427852473613 84.9184032787955 83.11223329703965 86.81560716570696 86.22964755018741 83.36572409251917 90.2754960764133 86.95813427051576 93.05702110724272 86.04081208213874 86.8855919753462 84.18117029760533 86.79317159810147 90.15164009067026 90.91788764190349 81.56983588146541 81.49532692028397 93.84386981803823 85.81850637831707 80.61880577684967 89.6486028104548 86.34658185865459 88.3808487123545 84.58705206829605 78.75298459969896 81.50888967804879 90.42541735868116 90.2839178687211 87.3003537732728 88.46291254841225 85.29309612193794 87.05788761722364 91.25405304605815 84.25301937900166 83.0956961942615 90.68098985302755 94.96224707462036 94.98857617912057 86.8607013400241 90.58566336164672 86.47564911700255 102.79140465654994 92.29983491845194 95.27818199212838 96.83747452570819 94.69229508093714 91.39347778047922 102.42860376784039 94.97143199027283 93.51232476847868 89.11077368490771 97.98469743578435 99.19152239032834 94.23438688561828 95.34520951013242 102.35665624874125 91.06951295034928 95.27344601684736 92.15152490312803 89.38846807078887 86.73461337751381 98.91809310285531 80.01561385487783 90.98558364099677 
62.58408771244234 66.17969397705238 67.40744384644854 63.48389531827914 72.08706703679773 67.41876191720102 65.20974787555188 66.94260653947698 61.83526271582228 59.95149492040481 57.649926107530135 63.081401613251664 67.07921040728142 64.19788270080312 64.85996274668119 64.26305226674793 64.48124784352089 64.29937344771977 67.20295821597527 59.292911152171186 62.95252496353077 66.3932411888445 64.45044864286378 68.1446141037464 65.64158301077023 69.27283061203946 64.3844067588875 59.197152465450365 69.0474846281394 63.061195012894146 65.00985473458407 67.67158016896613 60.04127495254356 65.35943239610668 61.27925646678685 58.44600906444379 62.84471232760184 58.599916821985715 60.36775479369196 64.1895536379898 59.82548801588798 68.8039696590614 65.45184370863973 72.01702250653526 62.72211168349833 66.0804437974498 64.56307826853084 68.6353961123282 66.09669060553257 65.5143816889399 60.24344620782571 62.476478190061236 67.90241119698956 61.44251877161953 58.18123620362843 68.20549104721674 67.1045627070032 66.34348000255281 62.9731578618504 63.46412126975415 62.09902344668153 67.40988733807666 69.18669778295381 63.97749545391438 65.44145624094268 68.96541625864145 70.79473970781997 70.80914580457411 62.0484811713217 62.38217236174752 94.63621683814239 91.54126011789698 84.11114358276896 85.98450805924638 86.3909529634036 76.71323266288397 98.16731402604107 92.44002888197883 96.3039963409121 94.28821967337007 91.68382371132422 92.74457009775638 94.32866503871749 83.38604603093768 86.7299909560477 86.09619203017503 92.57034212699594 99.17140559889431 90.20135466204833 94.16316296572134 94.49876577292088 91.1540792073148 88.9452673976191 80.96456595324722 87.66068146464342 86.08197591404128 93.75430819083972 88.48084012407554 86.42620304699993 91.46268389714155 
68.98402547093299 67.57723381263492 71.53882745947774 70.61086479725746 73.70522902359389 69.05158256563553 72.29194585893856 64.32110077618587 74.08707157641636 68.08155580568742 62.9807913864285 67.43517712383117 70.00510481796333 71.96019741850137 70.26324438641421 66.21554169858894 68.7540428905413 69.02309798552804 71.84002332090203 63.41321815481058 67.87161873556965 67.37015635386845 66.90807908430976 71.65172389463035 65.80911857273627 68.27214847712561 71.3261923359155 67.1302158439105 69.2165804435305 71.60525777332666 67.49901072552623 70.08809047889666 68.91815993200628 72.40771700042822 66.71498364620886 66.96677492314066 66.45468131371311 66.24594113088534 70.82256064116861 66.2856867029121 67.06627497913199 74.60358770180234 68.86273087994614 72.43971014173795 69.65425745864249 68.00139293382449 67.67747158908699 67.78340476801283 69.13798890627973 72.3935706135188 63.976641424676416 67.01095142521694 73.34294540903947 71.40414900348243 64.69414863862875 68.3592892934613 66.41466891078986 70.56105698494272 65.56620402631796 63.3840175130556 67.49027975905503 73.12663060458931 70.2240659399148 71.13567812621869 72.09162511096105 66.9166243098631 67.11103223690334 70.28502579585901 67.66237394497136 67.24582651052565 94.87293830967647 97.64682544088129 87.80223418437062 78.66446846239602 94.15321249676144 83.00674603157935 103.27146275833425 91.08644601122546 96.04418985031737 88.21253638232675 97.32420691259863 95.88130915449712 98.14923175592547 96.79377080661425 89.50179858545683 87.93224825404702 85.98141405523637 100.35217377334983 92.93560237525726 101.83068026237406 94.1051601894221 93.47813985707685 91.32288588079247 86.51354488935247 91.8112693652676 86.71940625114479 98.16774225447878 88.16759161700759 92.09647245649477 87.00520298860175 88.50652023354625 
70.09957402352457 70.61184314898286 74.22742377019749 71.58964563654045 78.8580666664556 71.06474055993014 73.40715130921556 69.32100442836531 73.07888537277505 68.26221754132742 64.55169724117586 67.83108369521203 75.12793819794332 73.35225449721264 71.56150078151565 69.32795320675096 70.09982063208369 71.3809750133648 73.4548200096079 65.95071825852264 72.02431033416352 71.25092274465483 72.1982759892762 74.42517093709287 71.54371998543826 73.85577743994456 72.44420808503253 69.5656977850827 73.69807040972705 71.41158026429007 70.95879991943497 72.44348298215976 68.9366480162179 73.70785003949405 69.62558418941776 66.26576351159032 69.02923274669604 65.50903240913665 69.99003376208299 68.90205752071034 67.84877014914854 78.73387211187939 71.5910042995695 76.66433862085573 70.60271538186161 70.76157468488073 71.26408924331146 74.10592936454967 71.54231723459529 75.92583581283114 67.10622806671101 69.80390492296088 75.00654207446195 71.98007836562675 66.99335872402649 72.8579079394254 72.23786663661886 72.30560881486625 68.37989609995596 67.77575085519138 70.43621798334526 75.76919609250304 73.23799142802785 72.44193036119034 73.65205896153459 73.51156248460958 73.24462373575179 74.28421225791486 67.98892258339183 69.40424529843384 97.7800463892984 98.39260419753273 89.5585871469999 85.62177228721752 91.53590061633332 82.58236348466559 104.71960812851815 96.4207191050209 99.89015880131855 95.07409015667297 99.14667487013642 98.65741032114717 95.76937460947694 96.50025874548814 93.7501387743662 88.42377697913564 94.21045404820792 102.61459494613761 98.1093779210036 102.00367699317894 94.36430482029473 93.5330463242834 92.2571851394435 86.5372259087924 91.54682318622677 92.42911046535579 99.78110858452679 91.65643672624975 92.52598735878095 93.49798517735499 85.54052566478272 87.18696604285269 
79.92714972386511 80.65817227460042 84.3441852788085 81.42600911413419 87.7507951327081 81.09935474526873 81.64125321240115 77.9580511064156 81.21340554518677 77.72009318690952 73.52391538115766 77.29748588563055 83.30751173106789 82.55288385578811 83.48024992830521 79.96528378840677 81.25329876270533 81.4105357315297 85.51531880475544 73.37821158207474 80.67671131209187 81.54478332227674 78.0982350834268 83.88259587800188 77.74946145725504 83.48620983205906 82.2278910703935 77.15802367332881 83.46732737948751 80.16907473321336 82.46992669956627 85.55286458910241 78.66325489435378 82.66394125315374 77.69691215810576 74.55733913910622 79.36840466997941 75.55756030283054 78.0655326656986 78.82461795131653 74.46648046958565 86.43900200002236 80.50934906964832 86.6999335335009 80.79217187803563 80.80060420945404 76.49331977962234 80.7216719976175 81.00851279761258 83.06197160359346 75.03693855250017 76.16511069487431 85.32491214592342 79.14381980165608 75.72484651427257 83.24182980332739 80.25916180865292 80.86720699471962 76.6221458871628 74.29464699866463 75.81774742623121 84.7633303643717 82.06827738097186 81.7605212845491 79.69835050316546 81.29327547828612 80.06247722301427 85.78528310070489 76.72337749401267 77.57981286773179 101.73648257845628 109.06730112360631 96.3106572385907 96.10791567623673 97.02380380862516 91.35035371595912 107.47586279144795 102.43885753175068 105.80213458619953 98.88697442837685 106.52768545505616 101.83461225646568 105.74115379876885 102.71482622324795 98.67796843980172 92.6275280217381 103.77031797444856 108.94572540441214 102.56358706720762 105.84695242428255 100.3676009088466 100.58055464170052 102.00855663096335 95.28919844633388 95.50739053940985 97.58049121859483 102.01284419667374 94.39148953616798 94.73503412823891 96.09022654390041 92.00173768385987 93.46173700126792 95.18494329332785 
80.51938945862912 91.04948156047882 92.98622288697602 85.20616263914485 98.15550787866933 93.48537490173032 84.22314321714485 92.5305733410935 77.1874164648632 71.30573401071372 76.4790905546405 81.77119815887276 89.85600702881688 81.70474231051136 88.00364680339551 85.42751213047435 85.54276508178377 88.96334745193474 89.56538422587059 80.24926244828075 79.66169012940641 92.23049340296475 86.2866698725503 96.90115386647395 86.82672672270526 95.93319921752742 87.41944248301003 79.40071451631401 93.88783176709738 81.68865013913792 88.38557576933833 86.69262689342757 81.55980495397733 82.68197913024004 80.96156021358969 76.88734423234398 85.09163986394678 78.18616894219356 80.24568298219744 89.97136767922426 80.94290015762898 88.03865995303453 91.50311213622919 95.14079860484962 81.17076860342426 93.32276572245672 87.85424334995365 92.05111190392951 93.08011987089354 84.82836414240171 79.20294994234555 85.57975855392299 93.49483428604393 77.66723597644284 77.41211057630773 93.67448147970255 98.20426359136496 88.46051981842594 87.14356878338253 83.90998674896865 80.09680307644157 87.48530586624679 93.43020460185456 80.60747893443971 91.69349920563978 96.79898328124598 96.59658394296939 94.31605239888589 81.29040053306827 81.19095695508173 105.30281112409254 102.95608086063227 103.2186315661245 109.012822207525 90.50110324128205 92.25240191049197 105.20571188418813 108.36756531193197 106.8762390294408 118.59373379285154 100.0140263723417 102.34368602846001 106.20709297067779 98.50677614716695 99.23728283786653 99.67362692168086 110.81483743310785 111.64641702198172 104.46493630726344 101.26598544471439 111.74967588795451 98.064874512191 108.50419517061603 92.3876095205398 97.12297420063159 98.72921827143068 105.65563153345522 97.66886475965033 93.40320830095804 109.92754302631414 91.84047105383935 110.8062936957888 103.67306043631831 113.56681022474034 
74.22060692477181 80.0309002628349 80.92188252249811 76.06790906912352 79.98782385212654 80.94074879064549 76.34220646289073 80.03202961354897 74.52109190158556 68.86781393839678 69.72230619446361 76.16009334031278 75.617856106748 73.86184978828828 78.91751846358838 76.11093456000177 77.464092635976 79.44081200862804 82.15537501898287 69.88785076044977 70.7483545504558 78.48651396143946 71.50347345545956 84.16484852935822 72.4079897101581 80.88985660500363 77.72455385507364 69.60937580804762 79.49099638492166 75.14601949858063 74.78596263242126 79.0262098743295 73.06259741146698 73.50116820870693 70.1837891707039 74.04229093910617 74.98776104595116 72.26757814150277 75.90679777293151 77.75868958488547 72.12819773858703 75.29110579680193 77.45674812695964 82.2318942015639 75.79420632545882 83.5067051773547 76.18207636114205 76.14349303573103 81.47462932191328 74.67181777981304 71.39852210868952 73.2693521252087 81.72407977977768 69.96636540811187 68.89311562076529 79.02475609761865 79.84638233767421 79.57846547549411 77.81813270073897 71.13387554556488 69.01434774629988 76.3363793002354 80.26621433141625 71.58068144835791 80.47637612580978 77.98598019366591 78.99690464841767 82.77475926411759 75.07701588744732 71.6685648669906 103.34265339888779 105.69955561350598 100.65455764883828 100.11765008942393 96.95816212387325 95.55010854986119 103.86575694655471 98.5012209229196 103.53690939374876 104.99086778673762 102.09933002178722 99.31147307513893 110.66142168654257 100.56238440194515 94.30064600744981 98.6650293807489 94.26602135222167 107.62510274066791 95.74948986550746 103.39511812719118 106.77224209103807 99.52974821323343 110.20993532278018 90.37416200177813 99.11769150659913 91.39157715402489 100.82497834930274 95.63932202995363 94.17957335095413 102.2714061411117 94.43782784762926 99.134128606673 103.33676591592136 107.26423854653875 105.9013771486659 
76.193632373707 80.21590883473712 81.17910128870558 77.15872696732441 84.00802535411422 81.44541907356421 79.73381327445351 81.59162204139433 78.61691423581671 73.2493373151756 70.28097979581764 80.16572343776025 78.099385526223 77.01983212733933 76.6516844998725 75.38503168264577 76.27759436635183 78.66934255094762 81.575888974781 73.91273648642066 73.9879273660987 79.04803204210583 78.05428434348003 83.73011737903549 77.81980800380332 81.81910238085754 78.97438898060506 72.33857133612776 81.91099684503529 78.56561019957951 74.8502369179858 78.10865460459384 74.73873538272429 78.27267365470108 74.04670453088065 75.1039870720986 75.29430669192492 74.22947338534757 78.7813948069327 76.79446482314091 77.75686617342022 79.58810538393342 80.1081129459268 85.43708068643235 75.9158899828988 81.09405278344339 82.78269401483028 81.69346968647984 82.9963458798549 80.64103936823919 74.24443795242912 77.20647896080564 83.30045362411431 77.028125516244 70.2683802100295 81.29503581331124 80.50376422977604 82.09199723136247 80.19383171667124 77.58379010117707 77.90425050730121 80.78815114104789 84.54611121031186 77.190661388983 84.87303539352993 80.52600258828414 85.02692355192056 81.98993753457394 79.68090558592145 75.70861338155292 92.93304047091029 87.48475446354853 95.87852780609367 84.66013638195635 90.98486694272817 82.4401134512353 104.45105999393346 88.09427337186096 95.26942056354511 104.18735132335267 91.04988348627096 93.36439598631532 98.08299497906057 88.7801385693355 93.91653663995902 91.48159510605761 87.72358086237087 95.3465693769807 93.32702317232432 93.41832902153098 104.6942838274565 88.91346739356119 93.53128782517614 83.65263720988641 93.0827741963951 85.43075090775697 101.99587997321957 85.7957617224137 93.85120571155743 91.24666408143453 86.99178613023949 91.21298391771246 94.49381547462099 105.01519112048297 98.9490052631243 96.29064498226096 
83.78617911232841 92.34511027053861 93.7158084278118 87.22401874832322 95.1859426511602 94.94997642440336 86.25236395722577 92.20301762545873 81.15309028745057 76.13368418994548 78.79004862898007 86.13055439362044 87.59937082793013 83.63562182677649 90.95664021516963 87.39537432501605 88.62683485670159 90.45946182813171 93.38010390281893 80.46500051608152 79.64896275422652 92.46553112836963 82.96087217962706 97.10269132756947 83.69083093176205 94.51899481861861 89.1281636381637 78.98243156783293 93.17485267040298 84.88918713982534 89.14948504527752 90.81041939232283 84.22247896929348 84.47923757938455 80.86853361927118 81.22247266810503 86.7335022938315 82.66259112216173 83.78975175624603 90.5175795677266 81.9868984745741 86.25789874292587 91.4790663492032 95.59627799304397 84.74933619955048 95.08753195902443 86.38644908168406 88.4458747454748 94.10946633975796 83.7956051651956 79.93629371532663 84.47329884605756 94.99344888227398 79.17774611455374 78.29186409602121 93.54236025838489 94.57581651644256 90.14243219300764 88.26746232245446 82.85237114155704 79.15767315351906 88.09885468135742 93.79051587640018 82.82014502950099 91.37642201838062 92.89962397844576 93.32159766758548 95.81102817678891 85.15018648940718 82.25965229080015 104.74055219430208 107.98450998213579 105.69432010249538 108.69062663839826 96.40146852151607 97.61687237176723 105.53752109128529 104.8482491168913 106.87974729685772 114.46846649549 102.98372164717465 101.1640471812892 113.50514449474498 101.13071897496218 98.75741038665721 100.98233959919719 106.38743491012941 111.42700805096791 101.60926439217732 102.50197414738301 114.0950419696235 101.52948198002196 113.45180219631843 95.64402446978919 99.77553872271528 96.18133620256289 104.55349270995136 96.4479921916936 94.54195220028932 106.03978299856765 96.66651871973978 107.73636961172336 108.46990245934053 111.93048087792299 101.30582666860603 102.04337682046753 100.17469946641518 
73.14172399045627 75.4996042963421 78.27054525045585 74.59065210042439 77.98059874887048 73.04898045986677 75.73219472587179 74.21143043382453 78.36262221344056 69.991257981973 68.1048801180174 71.48950749810574 76.50490256243809 74.89634801129621 76.1810271301703 72.36775021332264 73.68018808493834 77.7185457725193 80.08232815383415 67.72297012513171 74.40788018587304 73.87802306544108 72.23982714646404 80.62759624053797 71.1127580987876 77.32033119111016 76.34835954369849 73.08506585747178 75.07588179662118 73.73717991710448 70.6640395177248 75.20639132745114 71.97886357308178 72.58080915630435 70.710019846755 73.46420525550276 72.26251034238437 68.53046528621528 76.69763744735042 72.51696309662981 71.09314191945793 78.4374129455146 72.98923060143828 78.26744114138886 75.66069347115572 79.02751105781104 75.14219184882288 74.61784376731833 77.00551043739071 79.54727879853476 71.99016016498625 71.2783897545657 78.52009872943225 72.16790086484954 70.20676647128754 74.4809414338636 75.44783361705709 76.28176358368123 75.09242512142073 66.59147811302479 69.56746304713921 76.10059848125603 74.08297976457763 71.00620567202033 79.12699603385691 73.32712763440793 72.24575495691053 77.56575360418655 71.37982859527038 70.27616211287119 97.75039804703847 104.16509523839174 97.72258011155695 91.60681353613015 91.71528953100515 93.69971628587575 102.36495394331494 93.0287920447111 98.75129877327366 96.42882148544106 102.92866508145278 96.09080323921907 99.69564621441987 107.90626463794777 95.21827697204981 90.16808093190805 87.52178954938894 100.545267962725 96.65974328082447 103.33280164744082 93.83925241616707 90.64383388775586 104.57864902636123 85.67531451995163 92.36928359546596 91.22084422068907 96.38049772782425 89.89446716648993 92.37414684620873 95.56546304012558 95.41825242327754 88.78619482190057 93.6120853668063 100.05187033406197 110.23001734314427 97.08229344549402 96.02766658906086 108.10823938375961 
71.04872060105183 78.48164462503432 80.72962018124878 74.79770560908005 82.63607753428145 77.99074511824598 73.29767383548814 79.98911833381894 71.40440838404645 62.95995693919515 66.06120814059128 71.6020798730845 77.25984765074095 72.11059032267356 75.13095640746675 73.6498659738345 73.1409002534784 79.75555044305695 79.34966683018799 69.62618098007883 71.1440835194888 77.14265944228104 75.01898253644138 85.2233467690169 75.33538348705746 82.79095503133601 76.90016343143958 69.24302323603527 81.19352020616269 71.94346047395892 73.6584403487011 74.82684738890111 70.6540337344622 71.40876267831877 69.74155641612315 68.64865586552173 73.26154585397806 67.52594693012477 73.96727875524212 76.56103013368683 70.91039634407858 76.00552995465071 76.69467509639222 81.86352451278691 72.0593532538952 81.82550376173803 78.62559996363774 79.78220007942667 82.52461195067312 77.4022490316278 70.69651299282702 73.32051569502005 81.1590308511421 68.75328753774969 67.78333251718124 79.38840011455557 84.18626743173658 78.55579531053598 77.68414021144144 71.04341263256973 68.78460846807 75.85119215598426 79.8681403986995 69.00240437267256 81.26386270858296 81.60011691520477 82.17041352165128 80.326524170283 71.32992280637247 68.52868039322527 93.58257332653612 90.71654377864243 95.84154778452029 92.85075243241664 83.53890687831851 81.28228031024408 97.53147471337962 94.03158376483228 96.1987201201432 105.42934941273712 91.12205016383646 93.80576550570746 98.23892504375044 89.33762602323006 90.31713692862749 90.26017445385492 91.82999027486493 98.70638034402758 92.35432412257435 91.1139673512409 99.0747775184271 87.75524645464469 98.77831741120883 81.80665338538327 90.41484617605552 85.72970850365436 100.03775472185094 85.97041285007765 86.50699029318086 96.9094236960718 85.13699010945695 95.78120077598633 93.37724304109126 102.33051292784089 89.1099861393395 93.67581479507983 87.01574480146775 95.51831940820529 92.94249673587562 
67.14902904573853 70.43142692933458 71.71722215335417 68.31045347422437 73.39122363450497 72.19312753644823 71.32559844649954 69.87372065575876 68.30079837156384 64.46683498863881 63.72213620307703 66.90652174875497 70.59111321445646 68.35124459305422 70.37438514289589 68.350221275636 69.54475864548196 68.9800242653718 70.86573162457758 63.468383470522475 65.66517789723828 70.2154346725028 66.83072422564022 73.29538405672892 67.57745586808797 71.34410149017522 68.93732215689965 65.01416598637809 69.8195163341807 68.67984658257443 67.72395557211696 69.85297166861905 65.95200248364588 68.89342470026999 65.35041217213745 67.05837205605697 67.04850523073539 64.13437188985188 67.00741637512957 68.87366072717312 65.38738981537846 72.60791352191978 70.08037018145417 73.4928498426928 68.60295674557271 72.60838395842298 68.67487440085189 69.67326355777666 69.4846121795421 67.92312699498271 64.25949395022246 68.36516716576018 71.7219086416166 65.9075642497899 63.38741897559701 69.81366372709412 70.48063156861839 70.67916881985757 67.416075650633 66.01849400343092 65.99325178257668 70.4178073824068 71.30723021739294 67.03118536775543 72.20204212096604 71.20932431044355 71.06429703662145 73.61173971600977 66.81992077329053 67.26024769693429 110.8591621154552 111.25775736051631 95.87403644921166 97.98720047275975 101.6337124255558 95.58394486440116 108.9287035731312 104.14586590307908 108.44058232417255 101.55643336547077 108.04419756129242 106.01477069422714 107.5073379753276 105.81390154034723 96.15520014809728 99.70211834971376 96.54626224550609 113.62158288571644 101.2757751342828 113.49633861383947 103.48088937434318 104.73978549916545 106.8628165240104 91.37008911422862 101.52918004597633 98.2841461017555 102.31659302827109 105.51777210745348 99.15946135660548 108.22582030173915 93.1945852549821 97.49732246657507 98.94208906216666 107.00128239851004 107.59026797114129 102.78433615763822 102.16249873822385 109.80598170485838 99.2345915515125 99.10072709474173 
67.2968987109297 74.6826615620689 76.83817319002179 72.03952924773601 78.12344445371619 77.32696665718537 69.12650558263 72.36799306165365 67.25143283675503 60.646805346484285 64.21788090832513 67.91256078098417 70.98728992092367 68.54300766999758 77.57470855686633 70.0859346892027 74.94087341745549 73.72767580154229 77.31505398568787 62.84351074347387 64.06255942156321 74.09189454605574 64.01331194435608 79.28814175751793 64.98081212958837 75.45400775543203 74.50573215711297 66.19799816020749 75.15042688432766 68.61917144707233 71.43404499613423 74.46158133489172 68.9134844731621 67.54196620348277 64.66734489054556 66.61180770030134 69.93182049629024 66.72548412529693 68.44318885105136 75.9514359972649 65.35599217404561 70.88445015507646 72.27954566972905 75.56086403984342 69.65508294444642 76.84935821219509 65.71000456355392 69.66030013193355 75.21729596262186 68.37609315153802 64.58563960738346 66.62805695133719 77.86719294787933 62.49465919442231 64.1060031436889 73.43194981411322 75.46486632519245 72.66410110798398 69.1711531002843 61.32318874163632 59.72342765525334 70.24731259973933 74.3049223558884 64.93357122942699 72.89213506957559 72.12547753376035 71.70447726642328 78.50859637996837 65.1938279426496 66.07186136270238 101.62429051177726 104.59737703606744 90.27698547725967 97.95428854725782 91.16415894907237 93.41969367959304 96.61211037491194 100.73384549543839 98.73037799823655 95.34524136492873 96.65936083555273 93.84934814360022 109.40649804126056 97.57543061118764 84.05135211066194 96.75932937195618 98.60929905104942 110.57737883124531 88.92435006437992 103.14096878361241 102.98066430356164 98.6659719361457 105.79816952274268 90.37272405362323 92.82848994185741 86.74225886538348 91.88695365451909 91.0236074360057 86.88104087697191 94.49640881926443 89.80964735980135 94.00615524914654 97.4852425381817 100.39029463978153 98.86966710008922 94.74167997166614 99.52405949995827 98.52767140089802 95.06526870637744 93.34276476447111 97.27032656892551 
76.50315668258803 79.19201923290942 82.09057446725271 78.22278068740809 86.46261197115484 81.06070038027042 77.79432025409879 79.8986476623379 76.67932211458904 72.50159420506597 70.51227729326963 77.55443152190193 79.8377812934836 78.27654180769032 78.25904650750866 76.90678541352472 77.68067416449517 79.41809409469309 81.99915203429273 73.10350631025241 76.06637030946014 79.35890208757498 77.76054819343591 83.12097013287872 78.41553576345355 83.00435540678457 79.93798428675159 72.65412293421191 84.47571462182817 77.57257519382033 78.44278752958338 81.0495789942543 74.46214486308955 79.25368136824555 74.41887974432723 70.98389242885817 76.091570776156 73.58311594087574 76.43048410942149 77.842036037381 74.49335310966248 81.30965581763515 79.25898240820769 85.81994055410527 75.70303705068089 78.91099563082517 78.49027268690652 82.28711136116894 82.33071842379144 81.07676447101264 73.30477906759158 75.40794399146635 83.99985225197877 75.99670984951551 71.33888062550382 82.239935561396 81.61864452884308 81.01289149947932 77.18425872670862 75.97232352383908 75.03951717229575 81.79612198257428 84.03254500981808 77.72702279023521 80.56283655201815 81.902833255884 84.71530895249968 83.37579444762656 76.01496652675583 74.62687950571905 97.18854573912071 92.121519220104 93.35693327851392 89.29143153032055 92.83914546573071 80.66407626669617 106.32507128990524 97.8991617679323 100.83914259880393 103.7166101835604 94.00902341391013 98.96700159877668 103.67137402765462 85.75547499339008 94.0611168341463 94.77797066311943 99.35060779128642 104.07484905614047 95.78979305682213 96.3268900498476 105.53361612393205 96.72239459589993 93.5129363719357 90.03462042577887 96.06526124777614 89.60103822334102 105.54729271313684 89.66375368564212 93.33810437276955 92.9048339075453 83.9528968049643 94.6844755224697 93.72880417622963 99.88315358019987 100.49528283249101 102.76085457221748 90.14669592877654 103.86774018549028 104.5205268053293 91.41451666238501 105.9400934064013 98.93359346612431 
78.88405052320708 83.48846046131905 84.27857082523683 79.63374955454222 85.99568177627776 82.50731485757309 82.63756864374383 83.52198112423572 81.78990784510165 76.28001452595299 72.76348394819333 81.0650514589486 81.70563292036925 79.72653447463857 81.13487290073526 78.59286222894795 79.31086711787597 82.00404534422243 86.07831541620675 74.84288518743544 78.04103523399814 82.37365842093828 79.54377180542403 86.74099817706247 78.53282952522075 84.85592777714695 81.28690711108553 76.05557327859587 82.8248096691195 80.09709991142687 77.89601128365877 82.07193025483869 77.66139125736895 79.75134361060057 76.68968717093544 78.59581661534209 78.67099568310756 75.49812434963074 80.78514649320174 78.79382146511912 78.53757405044672 83.21172473858232 82.06288996605912 87.8720952331646 80.17701167356103 85.51866645363673 83.7626183494365 82.59403600534979 84.46711297335366 83.45900128719433 77.19264983234196 78.4357081340463 85.4390426222114 78.47967379732317 73.7437380302625 83.93989355787312 82.22459439409559 83.29026699299936 82.70445966162586 77.3412597307889 78.70727851190715 83.08702522723007 84.49096451569304 79.17260440339234 86.25049883051761 81.97993936530136 83.84129898857296 85.5916052007829 81.13983798819623 77.98832493514016 92.55336488172492 96.35348960144476 99.11771388081918 90.77152313017028 88.95384504613439 89.76127519706881 101.6679872676063 87.63961502106423 95.69620032849085 102.39175123227962 97.10887630531141 91.12347229007993 96.16449618933387 99.81418261391299 96.54685044817971 87.10679041605759 88.56177837441327 94.07056736618975 96.227471423711 95.40425607602458 99.20031986291649 86.04475413703707 100.22894946260631 83.47934433194376 88.99815677814819 88.85113433589889 95.98365750278388 85.00219817610463 91.60154979377991 92.51842239518263 91.49786138090806 91.15920782066271 95.13837220629117 102.6048751991184 103.036144218284 95.38736835991553 85.37676246219472 101.49163488047503 88.63156794010716 89.43004481664083 101.32497771103324 98.70198009401093 98.12504406544974 
64.80480068183901 68.97301451276165 70.83576037074634 67.47804236442965 72.70640076973183 70.56151848374822 69.00456509768719 68.60498125255234 67.48920815671924 60.80922132392709 62.20585904767161 64.54972203189614 69.40630026864547 66.65762972517196 68.94992434926512 65.73551274132736 67.95360068299078 68.6165069451684 69.13401902026514 62.46384785757783 63.92963441132035 68.0162885516186 66.07508317358518 73.37832919124517 66.65346763846948 70.15319471532983 68.83287316342215 65.10890872455492 69.03380559405102 67.00762067787356 64.79900807607092 66.30096993009111 64.73842058404433 66.3068375652479 63.87122253005161 65.87264922723769 65.11276661446146 62.282828563461926 67.12039994032395 68.81736102299371 65.2088193728702 71.05319729524663 68.28211037293833 70.83163307873149 66.55022016818268 71.46264770275995 68.42963351897912 69.24054939784891 69.38305524280412 68.25802882801939 63.66416733065881 67.57323289206539 70.92633980829828 64.24662555912278 62.45371123642042 67.43311715776173 70.98010513530093 69.90341298493279 66.73449828994566 63.353844344919544 63.914305388373236 68.2059410283235 69.85684237644415 63.661022202173726 72.77138358114907 69.90837380237359 70.07095745980165 71.05978139271384 64.04229919585941 65.04150015796671 110.76075010689901 107.11940083175433 94.5506269012422 95.2956571817959 99.97874673735882 94.15220119423479 108.29126582217069 104.5741661924752 106.47581836246323 101.09070951600091 104.72978970814468 105.7422900121229 107.3326293026379 104.78507096872508 93.44233021545325 101.8167411468374 94.9497091971115 114.23473018216627 98.80062306632003 113.49369554139153 103.67738405612879 103.62231922774725 105.48351087037508 90.49806288313053 101.92395742246458 95.72491776921693 103.27757989278591 104.2819677619269 99.10304669405008 107.03368105020259 93.71096023777388 96.46538967038157 97.83628426935879 109.1610316007972 104.48554273138235 102.62876003101799 100.28053276121385 110.00800279655064 97.17847082316396 96.2105053581901 98.01409478445478 93.4823882047308 105.35359893302757 101.06164404639696 
70.12234383042302 75.49804518347786 76.65181921245814 73.59327689543444 79.10682932411986 76.16437967324642 69.86990455511074 76.20728657391655 70.30764430871534 64.73456880100231 65.60864181586444 72.03448322229592 72.30830777477993 71.51070405148437 74.62742515193406 72.02199351671825 74.49872813630668 75.88224339919817 77.84573444484596 67.3373226937295 69.1821678284049 72.60160666485767 69.84386072778364 79.15134320761415 72.35300265390272 77.88854251180965 75.64497647898406 66.40576425654623 79.90482126214194 70.78862754063101 71.3429070103724 76.38624120170412 68.4675517997044 70.85775700606425 67.17098761285328 66.78342816938734 71.04233160748058 67.7591910123037 71.47742249581331 76.24738346367221 68.14028142442558 72.26583412610303 71.03922555424816 78.520361077137 70.70562675987512 75.66902645864302 72.04207772700138 76.19832817197538 78.44550039968824 74.25289032805958 69.71774319887133 68.25109204192037 77.70504820875104 66.65769307288382 66.1821053704615 75.01696062018536 76.91383393718343 76.74013614296788 72.8521646036634 67.55786134071613 64.24561410510884 72.6376611246295 78.07838231012228 67.84846418216874 73.58985767102021 74.96356376468061 79.04516867601541 79.11191984734755 68.68108187717687 67.01889936618902 102.97733497893188 93.4573751421514 92.00376562816767 92.58687012381085 95.99901444549103 82.89272094516627 105.08445680577238 102.23133927105236 103.10493498386965 101.51203268444081 94.015149269878 100.69150826485573 113.422689904323 83.00411738361217 88.22892301459243 102.06572491101608 100.64164275520973 111.50373348920635 89.5363307382843 100.02420251056436 108.98487667233596 103.90400490340114 98.83572882354413 92.78379050127347 100.61231315481487 86.25444850750361 106.3118505077426 93.33494233944634 94.68922584635293 94.48694420026717 83.92133279898121 97.12855941966464 97.6702761350026 101.83264778933112 101.79881805769303 99.21363751603907 94.10296739443332 102.65868122721821 105.72414654428195 90.89177210851132 104.54892570170679 90.20134456914607 87.9123682435136 103.38093989272757 101.70693707845518 
71.05111599383831 74.54338338480393 76.91854529731013 73.04659655783952 78.72590724192852 75.93706369163237 73.13495408409004 73.10316233453146 71.90952010743707 67.25405939507847 65.8691008390824 71.16267551322093 73.55124742493655 72.3615395905065 75.710110532918 71.88171675862472 73.92475731029141 74.22956104240461 77.87826049787517 65.89781945781749 69.32075055289347 74.41556853909093 68.88091219551166 78.19323310212671 69.13956464858464 76.20911485882434 74.51016274310426 67.8247423343984 75.92598037626452 72.01657872577962 72.8463272423018 76.252872106125 70.27669442006504 72.41580470950153 68.1743294908435 68.42443395524175 71.24149341815058 68.50683976852117 71.12629040866913 73.03286414339883 67.98364137361774 75.0723452858699 73.5708041960092 78.61927415292203 72.13117244723723 75.94363527699575 70.28686897159159 72.72273821531724 75.46617024582723 72.93089597367013 67.19704150287698 69.1236308741229 78.1209215433039 68.83806135630856 66.35230926958837 75.35430110812895 74.34416701882928 74.46011661072743 71.13496285623197 66.90417130492986 66.77714533235559 74.77911462546881 75.88932655642085 70.94309985320274 74.56642921464021 73.78111854028626 74.09033430351279 78.49037607446942 70.00247305533283 69.18545531953748 96.83596338699579 100.39194817382406 91.56222344138963 91.42271639158282 91.23857928315158 87.44428370434628 99.96918720849318 94.9255189362403 98.22501957429387 95.85832705531739 97.18738954173725 94.34740023755302 102.61848335428058 94.91660994415304 89.69067080552274 90.73202728180571 93.85612300628172 103.03997406527164 92.61431031555755 99.05546599745533 99.0321271835026 94.49802003892655 99.21781122698727 87.42837909536149 91.54664831067558 88.02317035175554 95.36431299358809 88.86560348534621 88.77230422638851 92.3031518008395 87.1640902237184 90.21759890996874 93.3316986033188 96.61819595032061 102.90163477400579 96.25734066786077 93.97875019065022 101.05509216761381 93.82665418322779 92.62350799018213 99.04189096044226 90.07461863611462 94.7258649280065 93.63613703714762 99.0506870985077 93.61289512877562 
79.53523262166507 85.86496929666252 88.38249547279466 82.91554398146228 91.1059606530238 86.66430932684742 82.78081858138032 83.86848169640189 80.32036104004018 74.08796627573479 73.6756669940794 79.88327041003812 84.38542473296539 81.11534545356527 86.36269813733493 80.9503061871077 82.9660699788057 84.84910790560544 88.82181341346772 75.07800311086797 78.03053468931219 86.29628112072223 79.42545410917242 90.64292378869285 78.3470469559919 88.04251959381267 84.84377969950503 77.73746005974834 86.36060553995985 80.77477866862093 83.52108113796422 85.35776393397627 80.7763941447901 81.14415948414016 77.89703105301898 77.17990675442977 81.509104148437 77.14151480727945 80.23033513357805 83.42384841269136 77.91498279040115 85.17536788604606 85.54585803349832 89.79026205954283 81.14519844783614 87.79595300731842 81.25750390665893 83.10907441919127 87.00686069242934 83.0380738927567 76.12642338773867 79.25647568908971 89.72003469542742 77.736230350401 75.33633523535607 87.39023838764585 86.90481067784951 83.9209654794536 82.12364417814115 75.89528679831393 76.34164791576622 84.89743322853194 86.40189283479836 80.17156527143705 86.41806760643763 85.52917756951346 84.7071676297728 89.05376489313667 79.5785409069913 78.49498963203777 92.44870079730913 100.40069874834232 96.8764844110182 95.64895355214638 85.74072478540239 90.38177893975302 97.33478612544289 93.12753463483325 95.65679822539605 101.03663366059143 96.46276505359143 90.07134970906404 98.57641239396841 100.22520251335418 92.87857470747218 86.72594764464318 96.53616052755524 98.62849808964638 95.74937055669452 95.01408685083399 99.21890486246858 87.64546455345283 102.0211516456062 86.71965632719645 86.36294544026607 89.0927529960335 93.1281405834984 83.46623676111136 86.18692595073578 91.62052537872077 91.36765830475353 92.64799676993482 95.17623908190788 99.49679890189577 98.66352869040345 96.969854497995 92.65255683613105 98.97276760768884 91.93989857726825 90.39129899515446 101.77464864146171 91.59843592809949 98.49126320193693 89.2697907610574 101.08370900875123 101.73122293896724 92.28413624052813 
60.16921511426639 66.02370263470506 68.46276232701842 64.1477710561605 69.94709765285431 66.20107298465675 60.932235844223364 64.60297997648637 61.2589875595671 54.09680915649427 55.291344846206066 60.332361252698036 63.610548312611265 61.741408026985816 67.28522528397585 61.899695780370905 64.90004659136052 66.8390394557323 69.89751230494379 55.64639372147034 59.18422082591929 64.52700140214112 58.50507210144102 70.96982665025344 59.11478219386986 68.2166790450983 66.47382022072397 58.24217391374548 68.22719410382881 60.760649426244754 62.636781242969676 66.71246851302024 60.32642036932897 60.335920878446856 57.40789377734574 57.69821553266345 61.79496276062716 57.75359096135709 61.91452552272085 65.79550110690847 57.58921918415851 63.737370782860815 62.757464623465395 68.5378056336601 61.957433279825345 67.7762261207001 60.35220619893275 63.725869342055006 68.26381566199206 64.33858311954805 58.371122158664015 57.98935225465268 69.51228182497579 56.509967827952224 56.69376197894713 65.83718268621574 67.21648418891986 65.37912701598859 62.58581911246008 54.34059357376241 53.253232619443736 63.46059810998561 66.23881406584242 58.05180796411405 64.86972221108552 64.26977021773628 64.80671468723368 69.52276755947803 58.06608092637888 57.15253200948746 83.84329961763846 85.6454393075589 80.2914607400379 81.44353967192541 76.35309344304423 75.17972506502855 85.46329132662882 84.39024757332321 84.93270506708683 84.73308163571576 82.23909483244691 80.68841742695783 93.68480228160517 80.58251845807487 75.0262868192699 80.69603876007899 84.36020786422594 92.23603117209719 77.30035687250745 84.62160966094423 88.3764933685325 81.97881673718722 89.10834277482955 76.45806661571702 79.06641076354161 73.04149272608794 83.59614164376498 73.53491564982119 74.84629634295128 78.09297117760094 75.54734427808545 79.90949367833147 82.61104609778913 85.15028045907485 88.3869904267889 83.01998622224471 82.74167553918763 87.26378924793362 81.3250099265258 77.53275567452737 88.60303256392041 73.11637923362092 81.5290002163993 82.93098771811282 86.24705952388867 75.3536575004989 77.78777324052842 79.41583297329018 
67.3748683958501 70.9085952989525 71.62855309980516 68.11581719474802 72.30366630841134 71.5225770113641 72.59079528511324 72.01945960085705 70.74872019915419 64.58646663898205 64.0152270539539 68.513257381637 70.70285628353385 68.20489838315554 67.98084240948587 67.46838449317482 67.67847641968822 70.05161031546419 70.24909744132897 65.4586323103089 66.09328457843552 69.41281686179897 69.4996617399205 74.81383814631988 69.6916739279171 71.69771716352845 68.99834619131197 65.93454750089198 69.51404824919642 69.7300848389532 64.762991374791 66.7861301167095 65.92053706784691 68.46863987488463 65.92517715280061 69.72316604253388 66.50852054240313 64.24581582202983 70.36456621130047 68.14244468779602 68.69638142112058 72.41130511156528 70.49442149869247 73.43820194569706 68.7334515708528 74.26988797269084 74.23536585122004 71.73885844287 71.49660134967958 70.52294091100823 66.39425324683815 70.81800043811063 71.64332626883672 67.7862128573511 63.679931894422346 69.29113723694618 71.92994299380479 72.64280889721304 70.91236695925856 68.44014560702692 69.24416419450351 70.46458300205434 72.17946717337377 66.44305895636619 76.95099469575108 71.93548084888099 73.20612290952211 71.8842293013926 69.3232591682167 67.62265355838011 109.34656495305754 105.42272950576027 99.4554394620389 93.9961848906403 101.20221616170373 94.4482747177735 110.76023609862729 99.59942410412052 106.48680542446404 105.44575650877105 105.91748687294304 106.0803878159279 104.26596598348473 106.37940321853957 98.30176766101464 100.21506219156505 88.67165315708877 108.85708318720604 101.44060860787545 111.80497928502895 103.94599903364593 100.42887062956818 106.11780783321488 87.36121425905391 102.92047919984064 96.63936761931316 105.76176659743973 104.79315638415356 102.0435065692397 109.91128190794981 95.53895078629147 97.14097461458414 99.49413687420453 112.9641952010832 106.15417358560636 100.9255064627438 94.28842133389097 110.00325355366394 95.02152538210704 94.19097226013419 98.63332978497573 102.17399726653223 107.03349150158235 94.58566845320799 95.47101589535366 108.0616121658287 101.22259562021236 101.15325844063817 91.44968666985245 
71.27018850006823 74.58128409818788 78.25657871339048 74.04581830070335 79.011379169281 75.98583279536301 73.6253263281661 74.9373121556656 73.08439494678537 64.78105444025636 65.78633110445443 71.34817673145793 74.42769479694418 72.40352839531033 72.93160900255366 71.58876454818373 71.49910085797654 77.11063355707593 76.62490514175856 68.54285500742859 69.43603444556184 73.90959817681897 72.41070332093823 81.61434811101425 72.29183424032718 77.81433951112362 75.63687091488849 68.09119689770115 77.65584340868092 73.30979201881422 71.8627145809007 72.76894865482205 70.73431691714778 72.552644869002 68.71438534042561 68.7113883557507 71.05819038836032 68.77875452760213 74.77792839004437 72.99931100097272 70.75460064314649 74.88743030852818 75.1555804716415 78.82187034054998 71.38433368607693 77.70422785944835 76.02108595284672 75.6200156741662 79.46673169106434 75.52023653756227 67.89079547180802 72.38881725915705 79.70958928580708 70.71285186548265 66.67743696838093 75.86084177582103 79.15388323808766 77.0696975672521 74.3711286302485 69.75859381896906 69.22384140513009 75.66184775417354 77.6903454726807 70.32619134455281 80.10093826727359 77.28824002191307 77.84684259542612 76.31103108712365 71.62359165534554 68.07633282045394 95.32529104753061 92.8648247683082 95.38950862788866 87.45948529286157 90.32260718330419 81.51753276779783 102.13253622998816 94.0938799023718 97.72741016387076 102.53527619657501 93.45926192535194 97.9113813191582 101.3599417055454 90.95596738853864 91.32445442977183 92.86882079763639 88.07132022292157 100.72241599809398 93.59435772566036 95.33787883890429 100.74892433047351 92.30409975614947 97.23656329483308 84.68108377242856 95.39667778049167 86.33437492285094 104.3838809115788 88.96003884764488 90.40383032665954 96.28740427206013 88.28018636732678 91.83275038733949 93.82425279709652 102.39287458715793 98.22596568546174 96.22787940052355 87.87595268916117 100.42569306049414 94.3660320504214 85.07258865793634 100.67450841828916 97.45637608374258 92.94973198464744 91.47476189463922 98.71616472093879 94.4072007955632 93.88054639033707 93.88912061249432 81.18669628905255 95.71113076462422 
71.46930583920862 76.90632526899556 80.03950680710714 75.94400242108554 85.29624297642573 78.87325581397793 73.26584461726272 74.19141838583495 70.63656841265993 66.18361294902472 65.68860738816885 70.6261874072406 76.81542158633133 74.29623894058528 79.2197719622725 73.55642159172702 76.4369978609127 76.02801175706833 79.97095871227168 67.06406652138023 70.8951833880081 77.64602621937995 71.4684210880677 80.8263345791245 71.68760826447831 79.90299563589966 77.54319300957584 69.5130609196682 80.52073440962828 72.40373432379835 77.94380934607996 79.43651966554268 72.70415708551083 74.82584514494862 70.38282582450468 65.87132105222908 73.82872441233839 68.98951185513447 69.79103776241134 77.00851059154408 68.09213006093691 78.22197565824514 76.39346127731567 81.70800150114758 72.40254032078951 76.33811958051756 70.0111658220271 75.97176328479195 77.7980785226424 74.74054565140125 67.648848906312 70.04932055428704 81.4093952517524 69.59909810617226 67.96506710045082 79.43918560706739 78.58634027783906 75.33477059407653 70.99315198775699 67.53475036779008 66.7755794917343 77.28246925450928 78.86930627696981 73.28575809274099 74.13775060951204 78.1530247385641 77.84090772724754 81.80702118647875 69.02242699740646 70.31651666606753 91.04533133729092 94.55509580749727 85.5668839007467 89.6740938047043 83.17317952072439 79.71476651329662 94.09189326906237 95.35057887565303 94.09284844554611 92.89350292354293 90.56342951267625 88.97593230188147 98.40894788922101 86.67659772968071 84.54153714919411 85.08394196287881 100.67219843633357 101.30316147565566 89.41983345888302 92.09244292925752 96.35581489528188 90.58483446934609 92.06388510481837 86.8229817027277 83.86816796442702 84.51666729595148 91.60899920712741 81.45098089029581 81.88491698682634 84.7244609811996 80.18008773322833 87.99006663730158 87.74417176474088 89.60922545346233 93.47465744042438 96.93920962274761 93.27385122567435 96.0849858021452 96.78891445935554 88.54826525158433 98.39231743530871 83.59934711582962 86.4653999480402 95.33000289906742 97.78805502089625 84.3318891958881 86.45897880248911 87.77719914819092 71.3127817804811 105.6884303402446 92.01792110222716 
72.91525477423632 82.99556573647094 84.35158276985528 77.18882565480914 86.57407685794279 85.974492104844 75.01438221572728 82.8090499673904 69.56232262272748 64.4310144359905 68.80541745457863 75.31543593944718 77.96919607349443 72.95702644498255 82.47773196459487 77.47462936178661 79.84832348677095 80.59047447995889 84.01029173361802 69.76938344715091 69.08400768638568 83.35947447725728 72.1594416156268 87.71823865040541 73.22392889977806 85.41646683226293 79.67544995023842 69.40995167063132 84.14230182602267 73.73144357663779 79.654825930667 81.35630732698185 73.84818161470443 73.3062547332202 70.45204582458248 70.34954060277506 76.90841113772869 72.17907478605427 72.58620119769154 82.28983984260141 71.21100489756932 76.06956762009229 81.5079722468293 85.61342745985439 74.25018856637725 85.50383082643913 74.79769632154128 78.74567492415488 84.27785318510956 73.37289576421261 69.85565498624653 73.81151999210861 85.53032294027972 67.21354260478856 68.20705795104114 83.95516314840383 85.758996714177 79.74457544739653 77.81472468179092 71.4791480584339 67.23699228534714 77.35726726058564 83.95928831916258 71.33732841111592 80.60808750212864 83.27147048958759 83.51272693397722 87.05931947936276 73.3037746397643 71.99005507987548 96.56623555729414 99.28981861686246 94.41583075388692 101.98254282680554 85.4967428310754 89.69145385273558 94.41844030319022 97.90471575757739 97.28467895905612 104.5008547441233 92.62642778721697 90.70902645588404 105.27811451528947 91.48043222738382 87.08737620389435 93.0235509462613 100.71191131568195 104.54705045324948 90.76398610941735 93.887270243328 105.40501625397539 92.87314402684936 105.05261297093473 87.06229866015335 89.4646783752971 86.59026287718264 92.43953434975172 86.9511743753536 83.48304388933067 96.31623261145818 86.30212159956734 99.89741820002968 99.1535809275959 102.37485776061395 88.72032240195128 92.72567854343863 92.96603698197406 91.1493607312634 99.51048146311703 86.20715262411744 99.5541826455428 83.41232648991644 94.13964027223231 94.40597132823203 98.22396137405413 90.35884836386086 90.74621862745623 88.88993971695281 75.07412343723327 102.03956752726808 92.97426493024317 83.41523250518674 
71.43494127326993 74.94872238994267 77.55232019109496 73.62524591365819 81.04498675766446 77.67579639049315 74.9973609454792 73.64225634157926 71.95666883764258 67.71614263686881 65.88895319446982 72.00229456474443 74.87107175922141 73.12927104817373 75.14973925966144 71.96406436379183 73.47107716167196 73.71207335106592 76.77082201562982 67.55062724021246 69.20713638645529 75.80443293684827 71.47378974206833 78.75671302430862 71.21314820413872 76.87776596918668 74.7680285114444 68.27121724275936 76.72030266302082 73.43500830601197 74.30200616900737 75.46222636992867 71.47917319609286 74.6150719748847 69.7028103210403 68.33527971216273 71.7132857123609 69.37041014924615 71.17364618540792 73.17927203938955 69.93856200774754 76.89913167525262 76.331232665264 80.10882571408426 71.72556546234622 75.70818596083855 72.67615119117026 74.52911483996405 76.05323329796333 73.24606589062095 66.80363337626787 71.78331728587051 79.16396116791461 71.26384674460702 66.46761460714744 76.99599274651727 75.92201860369192 75.19724472832213 71.54428344302781 70.17848625590456 70.45280878196715 76.72713008923932 78.04928472943563 73.46701384582747 76.83383535178505 76.50704543398646 77.06869200620224 78.45234389737281 71.86115091858919 71.0338470916712 94.6591438503117 96.4749559451626 90.48967039607773 88.09777495283613 89.50740450926003 83.4112983883336 100.15930981581339 93.27304834963897 96.6310050005007 97.44192376688362 94.49693026693271 93.64442425911054 98.06955680839407 92.38573494372584 90.08098848456731 88.28765992562495 93.07360300164419 100.33629892832454 93.89470356797402 96.70991432984857 99.17351243816064 91.81007874468912 94.51945986931443 85.46840325971417 89.74908542742286 87.8185414890801 96.38152295004328 87.81497338122585 88.49764368131244 91.93994707394353 85.29726655142628 89.2379734513545 91.25827394101941 97.54922388792332 98.04621207421748 97.43231007038703 89.41979905149597 99.63542039297715 95.99609072256312 90.4520927496231 98.40617616088258 92.83349982543521 92.27781586216516 91.63420862134357 98.2070647994893 95.28365470678976 91.10973176907679 90.97453965690073 80.17945039900218 98.49335361442992 91.27457455728306 85.95345964107194 90.28598396967693 
74.61915791582956 78.18945705009845 82.52011658850402 77.26251723239088 85.13196147753663 79.49713795548757 78.00894521515781 77.35481731807921 76.64022987660145 68.89260442853474 68.13397037215051 74.2930057137423 79.44520162811331 76.3923845851706 77.59306410388255 74.44316612915716 74.74750853204155 79.5628179466942 81.27261850298873 70.91981615211243 73.56592810916919 79.31343754673331 76.30928106060217 84.92049215324475 74.53267824192528 81.83818093670452 79.13893700581139 72.74156267541282 80.76159941348584 76.57457052742137 76.91075194355408 77.04717271663296 75.0894697865747 76.87528004033109 73.09632749950903 71.21736761415305 74.84908597845495 71.8963573836024 76.99097649996577 75.31750564982326 74.0635805074044 80.71542471624969 80.40296629860957 83.87599394920551 74.86928396534056 80.65236273194861 78.53254540015654 78.86162147080827 82.04560878856111 79.95583118511317 70.32208107798718 75.51396525633515 84.46168608853255 75.19848641830727 69.95706523945003 81.23735338897568 82.10088273739557 79.05109375115006 77.02288033888206 72.54294375745235 74.08916879339958 80.98068603201791 81.09055963815199 75.8686266610197 83.63162084503864 80.89276348797027 80.16564080981901 80.53740476766409 75.12033957539589 72.78361879537991 84.86028411238202 89.3066160104408 92.34886968425727 83.93509535068772 80.4913228513551 79.38089399926879 95.15035015865648 85.88122729322997 89.5563423955261 98.10866605886007 88.86341224681371 87.59638123465957 89.78519046843353 91.94819427021504 89.90535598353496 81.17747545195758 86.00262111715024 90.12698609186366 92.31843678659831 87.38413889264275 93.12010709835926 80.11917369262406 91.62498163331202 79.14514835054 83.32938613973768 83.45658943906102 93.95974098371303 77.7364975654506 82.42938551905765 86.92047556563456 85.6301918229582 85.46865895364975 87.27956298928243 95.34546759342182 92.68822271827082 93.43378524121447 82.41908093024556 95.59796873254838 86.29559906840586 82.02832753490897 97.58938455432906 93.70944569576601 90.14817611706768 81.94213286061829 96.41974189502928 98.54173189521556 88.73271133538822 83.37948600095085 77.71450589887854 92.62140861533022 83.43575107788438 86.06733748835865 88.05741243827553 84.75196540154671 
79.75424646930118 83.11846320042058 87.00642814312249 82.74437060493632 88.29447691396642 85.76325896761844 81.85476020623352 80.77718972721021 81.21489367329826 74.42347530820685 73.0744201484205 80.70385162704984 81.12053632049505 80.96959016038556 84.5087905798741 79.3892831384617 81.81983970219166 83.88210492819475 87.59260428185532 74.41146893892221 75.8551641415957 83.599830531045 76.78213146929647 88.82420576738438 75.75452362664397 84.7896644680977 84.69805332478353 75.60533251845787 85.28099878328239 81.90629332362568 82.09606584979468 84.26798497142653 80.66528851920482 81.61908069911104 76.2418537051947 76.41061085685469 79.77457717955461 78.85525768534657 81.71426036409002 81.35279387316372 77.89732334432331 82.46979179143759 84.2263912503847 87.88644329102145 80.08600495877711 84.8264636881296 79.40454249036185 80.13598075305481 86.65871673047371 81.68266333653357 73.77927537555234 77.79840951928108 89.77892241822458 78.58990174210231 73.75601035353415 85.20853978536864 83.93009322425877 83.75371150326768 80.36366586108173 74.7196010928365 75.40388039569098 84.50269146614681 85.99182836096253 80.52231813262449 85.77703968569023 82.21755762550062 82.57138628676041 86.16348711826403 80.1433592304949 76.95098668580016 89.61028483359446 95.37529995376099 95.09101223701411 88.18799604329804 88.58794784029223 85.71255307534886 98.64049153892574 90.32279397764876 93.62979308160469 98.46332648157107 92.49584804305057 90.5335725467031 101.75619080661689 93.45247913269034 90.3295348128826 88.45101467140904 91.52624688569934 97.4305166682994 92.0172363517378 92.34268809657837 101.70395677806262 89.33694083314552 97.64926930906373 87.63516028476171 89.49608925628584 84.28092778364854 97.04260490481974 80.80801436739101 86.47654871614404 86.41686310395612 90.6834442792906 88.2756388844575 94.81650276174057 97.77842193944097 102.89860191182778 95.70016190182702 88.30023682494502 98.5157806299163 93.60227236113798 91.11881451044411 103.51854281700138 92.61640449761441 93.42283017963062 89.01514681791011 103.46353268718696 96.56097251776876 90.57794237600174 88.42056516943988 78.08391115625126 102.86296370194901 90.38033886442076 86.75057271478587 90.09012829798642 89.11142702292315 82.1148993820576 
73.15116332093487 74.28327962118331 77.67281204734967 74.56158279821946 81.8097849535636 73.72968387540911 76.61979896418794 72.10101864445964 77.33498810706895 71.73744873596314 66.10806319815408 72.12278061379381 77.10962091853366 76.17506184722312 75.17835529431814 71.32170305118821 72.6902723546142 74.5661984992721 78.736279525624 67.95080127263024 74.39302269983635 74.69041196087913 74.10981398411097 78.0648328934369 72.14887819155273 76.77025838766487 75.8793962346132 72.1685202103211 76.16121116630265 74.57819109764426 73.39186095182572 76.09242584814051 72.76498688198409 76.34144638044961 72.12017367734545 69.87521127984223 72.04712492281128 68.97202374515689 73.99632822435896 70.8961233153996 71.37960305700929 80.83267316102399 74.98128579221179 80.55574596491832 73.96589501040684 74.455479138067 74.47629634818357 75.72568352440688 75.51466741984191 79.64820503672249 69.81383340442761 71.42296763012284 79.26593138983277 75.33884476284145 69.0657667992627 76.73914865108233 73.85427422765511 75.1597612793731 72.43958766392795 69.17880781054618 73.23207681400011 79.08464651310167 76.34431396053903 76.00012743512785 77.48106858737846 74.55442138899478 74.69967283560099 77.4242793160113 72.48699555054344 72.12515704437573 83.63471914512736 89.57838450742243 87.30737685324107 78.2645384131764 81.28643224865853 78.38890779471568 95.69478135549859 82.75184113876684 88.32931065765989 89.2832617812157 90.58599701072404 85.20605427201228 86.16949426920525 92.84047907293244 89.34003452577925 76.67323900204742 85.36112537653675 88.06912034092194 91.17526621557734 89.52276412519267 87.5568858422492 79.39175312439987 86.42819875808628 79.01590821044117 79.6633578176646 83.2712770637925 89.67757929917639 75.97445334852227 83.70882041339107 79.80940006928348 82.87599808887471 78.1866683133145 81.70098684113695 88.15850329250944 99.76373831261914 94.65064208888661 82.92622999024785 99.97111809565313 82.1108381569781 86.7077170206713 95.60947644634359 92.2678341661052 88.40970483693494 80.53603302581597 95.34812211507077 96.1541720232119 85.68533082301043 82.78222589143206 75.33264834835978 93.54514885776037 86.47508866764791 82.17218242677946 92.25970164341098 83.43103235410523 74.80429389449858 81.54342579307843 
85.02649519446337 89.86658988998653 91.87594461579035 87.65792821896625 95.95671090384057 88.26426360523156 87.49109825188303 87.57703261646422 86.89564254630596 81.89690997637976 77.99308611526718 84.58882572475521 89.80229917724019 87.54576837558807 90.43181412077206 85.6020237673742 87.26565739109209 88.95400841133309 94.09973674746546 79.77286959908986 86.26213446473804 89.45010493435049 85.570100753241 93.02852557825543 84.47745550318042 92.41844251258206 89.21404074235316 83.32053309692496 91.1579319582993 85.2870793083743 87.94403055174028 91.72318764714552 85.08939244176261 87.13212321251946 83.76060345541372 81.29468492046634 86.29839301305304 80.71157025726974 84.58153866146917 86.6376567758454 81.96432731206608 91.78259571761396 87.84283067793831 94.91549334514355 86.7492350799448 90.0989131189794 85.95222838058126 88.9186894291301 90.1897514945515 90.75916208009775 82.85736247315268 82.40979230761093 92.84520463593311 84.15942971154877 81.23845435939205 91.73606674197555 88.94841501356804 88.11744202184919 86.25066059313255 80.45807926677301 81.95247450733982 90.42133454429009 90.02576966164784 86.61005502513989 88.31640916860935 88.83594164755728 88.86070393427141 93.68652875973221 84.00675695335543 83.50829123245272 93.09590708916308 101.27385129466393 98.59103387705525 95.70176711739656 87.97341528148512 90.2518292599167 101.33302046815324 94.40388846699058 98.49454980929056 101.0223367990325 100.0389840481049 92.00971012954155 99.1664634455411 101.07054382612897 97.54714778912705 86.11610720336158 101.30640909094852 99.18182942601307 99.0851580343063 96.4654288955003 98.8617734329174 89.38041043850323 100.93917483099345 90.13264477547754 86.90548467644713 92.30048560256863 96.19982954621298 83.68060401608118 90.05448785114687 89.54033124189746 91.51556304191014 92.57567189593738 94.56050534320117 97.0260112688995 105.97180556717369 101.95543559217111 95.74725252926034 105.04059459445665 94.00547276524087 94.67636274353279 106.48206309907339 97.33122692820285 97.89953080421718 92.00326754781794 107.1924143411256 100.99176388621846 94.11283026445845 90.97707393837561 80.95784622535886 107.89007431376085 97.91385519636032 87.55984772078136 95.7092846286824 93.9185533801804 87.30618080638762 91.39200904782109 81.76528879831167 
85.8976591431892 93.11110420926997 95.84039687343291 89.84272478680286 99.73213355390268 94.74070627814235 89.35345840118634 91.55281931227374 85.73978477059534 79.50844213036848 79.62552225383513 86.92373422592145 91.51292315566955 87.55197198376767 92.73681623039546 87.63779783305623 89.31708339551135 91.7220308173713 95.34675200639963 82.40319045195787 84.00745461452027 94.0566811560489 87.27486384472311 98.35269782488893 86.10411130584227 95.97987735232158 91.89876520298527 83.7602814153996 94.67861009401518 87.52381311692629 91.320985787692 91.90247562797992 87.6465008672267 88.34213237994405 84.78026182524889 82.48139285403262 88.44023356283716 83.97696839375742 86.4283484844212 90.73694984939027 85.12411266627865 91.91196328947225 93.82217771243951 97.81455850676664 86.8412541106521 94.5843300190301 89.05731955162574 91.23572464291205 95.08619267791364 89.70540970883654 82.2008865925946 86.7500101337214 97.61711155421916 84.61352802130308 81.38154637893265 95.74980131175113 95.58107662298615 91.14748627195392 89.29286586336453 84.08050569848666 83.88239720683444 92.34754214140592 94.98418791899869 87.44973376723797 94.10638623414424 94.36152790802652 94.06305515548951 96.22062409764627 86.78346129014551 85.26266645381102 94.12950890741638 100.21069682327285 101.13052397564994 99.02088472335153 87.54162183542743 91.06225169744224 100.91209462827547 96.69141072837928 98.45635723756405 108.07623736026797 97.14092404238266 93.05592645740063 101.17482650052389 100.00545875558633 96.9654106438305 89.98158865858082 102.22869509070782 101.00715448052554 99.8733645067658 95.2574782866823 105.2075435985853 89.84993950548616 103.41989838896589 90.276187000007 89.28114734429276 92.10836380788707 98.64743305595111 85.15302438130071 89.11955593569448 94.60266210803252 93.61479868494412 97.92692663290723 99.00797526527813 104.37009741995921 97.96125606585584 101.62641022489218 93.38774395822561 100.62385897886345 99.37735044112715 91.80622090494329 107.286406914776 96.95140995868552 99.0584645217431 92.85685577348124 106.40774442122378 103.93938976721493 96.66304214382556 90.53927369614043 83.71456754626439 105.98715407925421 95.89610612950435 89.97776366048134 90.71688829712467 93.30140482738726 85.1176274371361 90.92384191886784 86.51666860915742 94.63649748718134 
61.82652841753079 68.07555027758075 70.29536861370266 65.44332233901908 70.9811540322972 69.56860300657738 64.46081980227962 66.78938508492581 62.42811688039947 55.457876531579565 57.58404648945517 62.18515390347565 65.49478827935576 62.76220383116734 68.53773834286493 63.882186620465035 66.12759597783234 67.99983324622777 70.09245069119208 57.966570246734534 59.22044157240544 67.38950865333318 60.52181158403592 73.35695524994641 60.81776608094136 69.5974842623193 67.27243766862073 59.64322653381845 68.36950354722498 63.255860428601224 64.54965821614192 66.721719574153 62.56121122966733 62.28448519239561 59.28522156422953 60.961071691869094 63.56349761601812 60.040553911421625 63.61434834672899 67.22333820725149 60.29300820283639 65.53158533686118 66.69197658953601 70.13521032343105 63.64700842892746 71.12047681853608 63.433047939659886 64.79088962535451 69.65852789685347 63.73858358734172 58.91954272203073 62.11780080736172 71.120512986088 58.603349681657804 57.98709419463455 67.65798336448248 69.8140238753969 67.19406685455917 64.72977996552612 58.016363135646685 56.88280210419182 65.30539293334185 68.26828044571634 60.11688696911575 68.98611267684922 67.44798323786762 66.89786077165019 70.83327812515279 61.304318777285395 59.999404741903604 90.83226604201118 94.06406197833239 86.26614878568552 87.63157332439019 82.27025989158969 82.48833688637481 90.24340064367854 88.97424194910283 90.55244871644034 91.15885226440435 89.23295562905763 86.83695544392826 96.66004641638098 90.06811348770671 80.61196101942319 85.32814276840877 85.52246731132325 97.12358358046038 84.32389850591314 92.00847373081723 92.78454506199071 86.58350475985569 96.40407911362776 79.068554681267 84.62844827159044 79.84354943642292 87.63218554700238 82.45427878664583 80.11756146926048 88.90816954453594 82.4697726923346 85.74594568143222 88.71450306340826 93.72611963559133 90.84376081014207 86.48935143899986 87.10696305190733 90.85433123376608 84.9320808348889 81.71341424424354 90.1174736483987 79.4739805122057 91.14985979257885 85.71324478264489 88.04784379698506 87.96286584186834 84.07652692674114 83.38953981780537 69.8363124722971 89.94510827118181 84.99444229705853 81.11474580377929 79.77895660982544 84.5143204961991 80.4911399728122 83.91651623143729 81.28938315733191 88.83966425538557 87.80210988843811 
74.74273651776701 83.43104525614028 84.20494140904341 78.51724302684121 85.97222417150088 82.770752882693 77.78664394890232 82.4681139823305 75.91985144158006 68.78765270704825 69.78420763144851 76.49373322757306 79.56291200991643 75.79248630637483 82.40601520093739 76.9670905912429 79.37486650791158 81.79500437818596 85.49915070828933 71.3109687698612 73.46453410766314 81.91188727984607 75.21313280174834 87.81064605049092 74.8927130159027 84.91123855333619 80.83100118436342 73.44319999128679 82.67588691567792 75.69459372074812 77.44011521369538 80.87457767139453 75.782991138473 74.83273097642495 73.03572269670073 74.63247366642874 77.51004143830205 72.30157004200706 76.74829086080409 81.04998290774508 74.2982226299911 79.22745579118816 80.31656213173285 85.38160999240377 77.22275601453246 85.98134687075114 78.88539786927355 79.96551688376451 84.27616481400239 79.08340746319149 74.09318572795442 75.00921832495565 84.89096319042316 71.6196493198111 71.21601036397581 82.79726748367277 83.8674877693763 80.90383988212936 80.29022882090571 71.5115695416074 70.83332952314234 78.74457028837881 82.53434849320807 73.27985025562111 83.0697887233188 81.31708610014579 81.82675664783353 85.75901795618661 75.4450575089339 73.71042942393353 92.22471434673305 96.98610101158991 95.76251924572792 95.47987665715772 83.5835149982927 90.07666029935771 94.36336236737418 90.72338241741961 93.53178484954742 100.05124424482374 93.59974021592878 87.27700753071241 98.65167862780227 97.59886918327965 89.17288411697662 87.30487574275297 92.92110868530362 97.26457455048227 90.79647075626313 93.39462247843124 98.54856571715442 85.90281832934959 102.96324600585065 83.49646734543076 85.35413316831409 85.16905430042317 90.43906494817266 82.2758204994663 85.0924742355846 91.12071424938374 89.4879804506412 92.67909912901128 95.2964888875459 100.67377987477506 94.91289031630632 91.64822241319906 88.98354726228742 95.20469735606154 88.09389309015653 85.5087889407997 98.22658606410106 86.25588918496645 97.37095852422507 85.80844505357393 95.80721924007105 95.85306448921298 90.08809753035742 85.32460439563815 75.0220431871483 95.60146478200863 91.1660472178516 87.19140584091488 84.262083245441 90.12012019599938 83.11016745303105 87.77455018471798 83.30167517501191 89.88617439222044 89.18714822478113 79.04910196734038 
72.77920192843274 79.51152143255368 80.44120324349961 74.50700883043542 81.99542358839598 80.73095316385515 78.14620909195361 79.0382225863282 72.98155497576914 68.1401537237899 68.2805704869535 73.79886729684004 77.78568107181465 73.20622409252705 77.74488938258024 74.88932658111419 75.27166538030872 76.83724680707189 79.56588628160243 69.4555090636596 70.42798956953231 80.05020890321705 73.74407888401677 83.3921850081156 73.0733255199167 80.81875583391765 75.63392845531277 70.47296714096794 77.21147936065368 74.33035756678812 75.44734284172856 76.41159138839073 73.02336458403929 74.02378567553785 71.36073142141055 73.14796724280927 74.469002021341 70.12030667533728 73.07076810107213 75.73282035550942 72.20285088388857 78.38356144039277 79.89666117457834 82.69575608908562 74.60457412240669 83.00350360375829 77.25682925945259 76.65554467500868 78.88685121864334 73.871362470007 69.68045491665734 75.3840391068157 80.74501135304524 71.01875212557549 68.32039063007542 79.88234282374962 80.30660637729036 77.42206595378725 76.5828361899795 72.81743249570296 72.59837048806217 77.4610763611301 79.51987639472375 73.06950929732857 81.7664839349921 80.29638401431912 79.17930059012411 81.92493563858223 74.83950823719918 73.40665001641622 99.10819896435154 105.97895515900215 98.69501313305416 98.87635554734493 89.81394178604111 94.57136327305267 99.89510305489053 94.26307227941422 99.65586409245876 104.09263539789977 101.7160115681995 94.52709247564542 97.51265752416529 106.0932849430222 95.44771848731287 89.0007257484809 92.02591673186913 100.7384887550841 99.33765360285561 101.28221590707996 99.13422235523188 90.15815440038358 106.41939929723982 83.85077437802126 90.1415737150867 93.63052056420717 93.56752599533834 93.13943995656196 90.04430333645745 102.89891981015569 92.84371672038425 96.16980132814616 97.5166241362677 105.68755695607418 97.18321565821901 95.54565706613201 92.95048011575557 99.46977576739624 91.14654504085533 90.06459964394949 96.95346905936492 95.32962880023393 104.91709131392298 88.03236743361612 96.83631867268282 109.96023597124415 95.32055919465019 89.65006033225873 85.8504766984808 92.10292870689061 93.99101466321116 96.66432331902799 90.74183652231844 92.49105889984641 84.480851016386 93.94534056938166 86.96502478393856 97.27327855217948 93.72326999698734 83.53452744327443 86.31541829273473 
80.68993808932022 85.67687788216493 87.32385815462179 82.64482606500783 89.7588057734936 87.6181447417422 83.65737218133147 84.35541088276771 81.25665019961114 76.92394969101021 74.5593849837562 83.07313235841734 82.74921267958875 81.53815231629677 85.54755376344434 81.21028772153524 83.44952941116888 83.60493949215176 88.65252929175986 75.94021897204792 77.45103908218289 85.83332915690062 78.92887602128428 88.9534557619181 78.45847469881163 86.77966540248966 84.39847006044722 76.5005925392512 86.3143293068498 82.29391223096057 82.97968552206906 86.22885618315817 80.68974418366157 82.55134129357121 77.8541855969436 78.40387407725234 81.27795148118243 79.20287062907107 80.9539296029977 82.86315456750847 79.17985714185549 84.05931264627985 85.51178617818658 90.35027285148922 81.38780670062762 86.67984751693076 81.6940767814992 82.84836192715998 86.75103040122775 82.19157440959424 76.38214525109584 79.39232708235342 89.39814496827903 79.08892277204288 74.7256782165054 87.17766146854895 84.55529467714985 84.84193124672301 82.35445774474938 78.11343013314847 78.10539152651164 85.27371221744615 87.92469018497448 81.85047099926487 86.19539015343354 84.23242861351827 85.8097506479948 89.12408466656086 82.21448239409507 79.76886262130427 94.12651380785664 98.7987448516355 97.23590297881529 93.5268955532679 91.05197316817267 90.14055088168655 101.34219743736267 92.37769999003908 97.1751836779616 102.15219300083173 96.31450476560617 91.97244964037247 102.36861154531167 96.4641518798806 93.9621114381872 90.33081834949921 95.71140306825616 99.60137294831023 95.28653045937925 96.10440573597562 104.4815806095129 91.57951823060534 100.82696387056274 88.7441232150172 90.65955443532711 88.65705462367514 96.51998592807054 85.56893636845948 90.2503522129352 91.12854958109554 90.97472512723479 93.1399068965101 97.69680502073406 101.56866989072721 102.98559043986005 97.52766111797058 89.65658085502407 100.08329297990416 96.94665401099004 93.64093747629538 104.06420387226832 94.73961728449231 96.2354230178542 90.1926865645171 104.52806714080494 99.03982759194172 93.21839923631119 90.94825744231696 81.44277199115913 103.15896181453934 94.89960609970872 89.83055355876407 90.9690823731484 91.45942975082903 86.3356374465934 88.3378782217055 84.97980714845858 93.91122972343047 93.48914298634665 86.50610614071745 88.98659607930347 93.99909917034901 
67.5832896854048 71.85298674440118 73.95946178129977 70.70186421378094 79.74677642794222 71.74651221616308 69.23712254034054 72.0798164804537 68.52855196048591 63.68739760501719 62.50477451987032 67.22412346062148 73.52246049917312 70.63827468585085 71.13747407575168 68.91464565377683 70.24306169412135 71.77536135379398 73.66144031086482 65.21862612116061 69.9326220594236 70.84330753177431 71.32559121366998 75.27762787492216 72.34832495424666 75.81865594371291 72.26920700085809 66.68410460699741 76.66616453120558 68.21248021369837 70.17579831116385 72.7862619489567 66.33475075152623 70.535370440318 67.3566951820929 62.906069886964886 68.54590162240963 63.30096317285514 67.34539387058139 71.54089568222639 65.89428404183118 75.12641587402983 69.77379134402776 76.96501229962408 68.07476554233584 71.0282378673393 70.74901001861615 75.9423914878408 73.46781382425004 74.65941529457083 67.38258702958339 67.4870975464844 74.51929027069195 67.26387432914044 65.03832816139803 73.48070350732583 74.5895807677716 72.59815987881493 68.95558459860943 66.79289328401025 66.11976509222144 72.84116270855247 74.68271927641895 68.39606381655878 71.33988184415098 74.67074103712808 76.86983016918651 75.80116468727897 65.44968308168919 66.57234081949413 96.2139799764394 89.63712664694755 86.39296222772255 86.53957737686474 87.19556724958132 76.50260576485336 101.03959777434125 97.26638748823211 98.00573815851573 96.66713158826137 91.5274930627505 95.56307605135976 98.45654197155265 83.59226349075435 88.05032550852296 90.41296100678554 98.50495839757701 103.31000275494584 91.33337449868685 95.67686523303828 97.78283741977177 93.6836582161935 89.50166265804678 85.83484392659676 90.3270633724857 86.76033424807991 99.70307365239006 87.92929056723209 89.46679450421121 90.09448469252179 78.216423564135 90.38264763701801 86.96046160500602 94.38041154197326 94.31294543057474 99.9671103801034 90.48412956839552 101.735371050284 98.61187937480885 86.46917605239415 98.89564232097722 90.51577872412174 84.36212316321907 96.97605653293665 96.15375175834349 80.7963625367239 90.38965412531624 94.87453294519675 74.90162226677184 101.71086546077396 90.764715000054 79.28766256464985 89.84194635223578 89.15619230686687 89.27601478252409 93.7693032858595 85.12053873853657 93.00971291978819 96.60449258811222 85.59534992396814 92.04058492071356 101.48026502720259 95.55627317134892 
60.148499483796165 65.3164848613404 66.09759694994392 62.22180825821084 67.65760459536051 67.07209423513834 64.15601691605784 66.35157391809386 61.88240389285606 55.87660570439693 56.91463928797457 62.19038559771954 63.53299578768143 60.99703698497691 63.0061326766274 61.25677679007101 62.67719450569332 64.07502292361625 64.82695952842754 58.5169439706832 58.00719855583727 63.82082077272636 61.72747314171496 69.31090362233805 62.679037096267116 66.39614621842873 63.67160229941066 58.22979514624682 65.5104067282246 62.434182472878014 59.683050271323324 61.825190453055356 59.33565235126432 61.36815126546079 58.494021250348 61.12963557160499 60.41695095904155 58.15007997190715 62.64304687098241 64.0989664784243 61.3078376754392 64.35050015144459 64.31093891680835 67.68787073338083 61.18926444433608 67.74946878198536 65.88366900284154 65.57393792335431 66.53967366619672 62.88861137009176 59.11260052756969 63.08094758144178 66.64947380631443 59.19161649728597 56.32635624949805 64.06182602566324 66.98607601368055 66.45425841596432 63.97392025764983 60.92782237315154 60.030698159972395 63.37777166801247 67.36237461508239 58.95001142858687 69.13840449107724 66.15092022160252 68.34906454141823 67.04129808035299 61.5971799172537 60.16848229433896 100.48950773936764 94.1323083452565 89.29477553696172 87.11495606623707 91.77360899315187 84.11584784618472 100.87753602465811 93.64342654302169 97.58704589054214 97.83966821366721 93.65690289128074 96.466782677215 99.9832586886769 91.46058188548976 86.6549424716105 94.35363885618895 85.7291813961035 103.0696254168769 89.88969360951292 100.8561524352987 99.84068579285469 94.2073875785889 96.85086097980141 81.56429497670926 94.70957660814504 85.68505915418821 97.6778619413874 94.1758711242417 91.75619618159368 98.52931418178457 84.59300762592058 90.89248813540405 92.42094618711337 103.95016173076212 94.3586628048282 92.64786470650797 86.10578196568628 98.64561938830477 92.3614450286169 85.30713082713926 92.37331505684203 88.96524709454607 93.93917308732863 90.12137287424808 88.47710187965069 91.04322588132479 91.58069664363698 93.20116105170617 79.05187822101331 87.26790166664976 87.97190509516952 91.26989229046619 88.43678791797291 89.38143103231957 86.78630828672463 93.30141399332292 88.15044549706285 99.49795312105145 96.63981253468883 80.89789610999351 87.2178373495996 88.69741052230877 93.79332711682761 88.13391939204081 
72.76716485700977 76.54347034138435 78.67661299369614 75.31607540135717 84.17267423500302 77.5669336738578 77.84241646709849 74.2148406312057 73.9591609963385 70.54261435138176 68.29408017450517 70.53018992617295 79.7060052260993 76.01595175747948 77.76989093643148 74.07096639735425 75.54087132280844 74.39296943182461 77.14398497191561 69.19427533042014 74.00910512022458 77.61564224687761 75.39946835885752 79.14161519798853 74.97861313466046 78.686282734307 75.72553006739766 73.14706330345693 76.91167906937255 74.17152733266269 76.68879600849509 76.93043479078584 73.32532902030493 76.88747498712412 73.49688268823537 70.40224524469606 73.99598478607764 68.5639885953601 70.72511330535312 75.08678609850342 70.70010567064679 82.90684389351107 77.28118141832242 80.99088019120087 74.47240935548969 76.8033175232826 73.92056233695803 77.40942177771385 74.4235137615772 76.22635211284276 70.07882616730662 74.46880428153789 78.50643225200201 73.58002529432902 70.590229220414 77.85783748676805 77.34003990792405 75.24731081041834 71.64069742001801 71.56157430713151 73.29394214450349 78.67109816637014 77.23978763359153 75.68203195388172 76.8158568304566 79.23135606141301 77.49490628676 80.43679262079233 71.07564035361239 74.34269527707579 107.22996221961137 111.444600898458 94.54665475431992 98.32951747471816 96.3378139153637 93.50234193743732 107.35009962051598 105.26259922423608 107.18014950807624 100.51103373474928 108.23194475221794 103.26609463965863 101.12088651781625 108.04609282000354 98.13218757625935 93.12251852337043 104.25282549328637 111.71668013871539 105.15236822733296 111.55726853959891 99.45409837857662 100.43301985608781 102.78595710107385 92.38529286761359 94.50823150064473 101.07910688388411 99.767159902905 101.1166150440181 96.64485553750964 103.95236770583688 91.955831010291 95.84103151759948 94.39647382128558 102.31116227357994 105.00409636978208 108.32493874991947 105.1049643471611 111.75471813474049 99.98815631052823 100.25575045167248 100.8693922667596 98.04539224472585 105.08332959127715 102.42919749316701 99.84155724299306 107.50828149760702 99.157652699437 98.88335126976364 88.69740611217522 103.46858643500912 103.29675175728542 92.32065991354773 100.51726539982664 96.88599196381142 95.37431723102699 103.42633607591817 90.42642653925863 100.91628853205295 103.44939781202675 91.67462130444606 98.09889627728529 97.61906881411774 104.05753832399274 95.16650141022953 96.76235205334919 
65.58051123517461 68.6527854985115 71.27216977512171 67.13770961312467 71.79477920542809 71.13368866237481 69.22346708754039 69.28810705383692 67.97748860451311 60.827689423095734 60.68755052830848 67.50464605857832 67.4300885674597 66.11778375403603 66.6342845925315 65.11202625923319 65.79293590686868 69.22538009879463 69.98925413276336 62.85979487115759 62.175055951014926 68.18102556213108 65.83162506125925 74.34009883213955 65.54763582228541 70.28277279834661 68.7463570979364 62.13181781629729 69.89311664527948 68.35933869355692 64.5472979994712 66.02630729744297 64.83506923624488 66.96372627409443 62.794390237339435 65.16070796401952 64.55588200203778 64.13291692301837 69.19502213491688 66.38703170974843 66.48778220604649 68.53191358429433 69.92768046578502 72.68840631539136 65.62202937100247 71.66782614853423 70.66068107736551 68.76103226282024 72.26503220590058 68.22975838314967 61.913023181709946 67.41177365240186 73.10137307670165 65.64572009018438 60.10266530846814 69.19012765117678 71.04396455390983 71.16230824063425 68.63680481638946 65.25501786103383 65.50308552818824 69.56957377419734 72.21407993838072 65.16626393193526 75.33640307788771 69.89886138095656 71.64146533347798 70.07764797313808 67.77544228568364 64.06470428593514 92.16102231103928 89.16881165289 90.76522687966923 81.62214098647955 88.47164027577608 80.39237959419496 99.07808108230519 87.02795515428419 92.60114081747656 97.61948440562153 89.57750225733027 92.61623374557017 96.12089898418266 89.18447171449044 87.26845056514787 89.36243367767904 80.0132326906 95.24325421763645 89.05822951080944 93.47705152936531 98.04326371911642 87.72346620852902 93.1383856296188 79.15088894191189 91.68616627160296 82.01827400448799 97.79379407582285 86.22454588819527 88.24402030400508 92.40891781620272 85.37958827563652 86.44568162634059 90.61491875070357 101.14571423707864 95.18892636290053 90.59430844168044 80.01269103690016 96.1775513978067 88.76620182761351 82.93371973525295 94.30381930401668 92.63305483341163 90.8546747249345 83.72169247526828 91.97481357907238 93.93013026329086 89.72299628163829 88.85104476687512 78.97228114560781 86.8072189898929 82.75210022945463 91.37417267422488 88.8346012956218 86.1607796548675 78.55440527412958 85.44554133687255 81.41704988623884 95.07607813471128 91.26160911489283 80.28083349011985 85.43977157304047 85.78458211380998 88.39868806493928 90.33578351559729 80.64566184019766 98.95358099969319 
70.98903592844668 76.07040764799459 78.3610297553458 73.95413611416583 81.68320770268191 77.0808436314076 73.37056959926225 75.17660205574815 70.53696439356763 65.99030684901602 66.59542742985846 69.8373715568757 76.49561749677926 72.8934647224746 76.67416766593212 73.5039481387541 74.77412310926174 75.60368252008759 77.76840977410774 67.21889916177554 71.06940269398949 76.17506273560318 71.72234043301229 79.98295267747244 72.51345631800548 79.05703636270978 75.21928361417908 69.26452188154721 78.1416556709624 71.49676921454763 74.9877903408336 76.80354150097617 70.47696176870937 72.82786653607616 69.6810996613665 67.6104909361488 72.6602679246401 67.43965481838467 70.02104933917633 75.34722416259176 67.86568412675723 77.4001883734789 74.83906292303925 79.91434100970662 72.34540052836255 77.42933614340626 71.71641024532452 75.94993129021309 76.41354618979945 74.0070510145361 68.52292023379064 70.96470260397426 78.53910048497033 68.50294274106713 67.89028012476108 77.12684687651516 78.27863445896487 75.11914523385356 71.87951185203137 68.62241970019288 67.37022154198283 75.50994200087581 76.91276264338622 70.85294317191196 74.99859831901776 77.94766401107415 77.23130695892347 80.29569279135859 68.85112699190626 69.8646251628845 103.90917309219678 105.46584552880961 93.84908922425207 98.77752919624653 93.28011425986996 89.66806729766408 103.25137477938108 103.72715035164849 104.60198045912476 101.30148045020856 101.97360779288049 100.64845246836978 105.4260871951511 98.0931951220729 93.10403820972493 95.09256974468839 102.4293371359692 110.5315547983968 98.12319628030532 104.47156866797006 101.44039965934218 99.90768284380471 103.18059344328569 90.97648760875732 95.18763935498473 94.5476244765333 99.7850337889654 96.44438822241196 91.98568121434464 101.00829054002034 88.11281275122094 97.43820300432185 95.73846399368155 100.53966059351248 100.63411934112324 102.02627938594892 101.681993477481 104.74049886029364 100.2638123278704 94.00342799434759 101.10417362599395 92.85093798090283 98.2121676702241 101.79253216451514 100.23861052595981 95.55440108802176 95.37998691307315 97.64067177200236 81.66539852347987 104.91302687897903 98.20356004339735 88.03307498283993 92.87844798841758 95.49893914526072 94.62648672024694 99.19222500455061 92.7086917512396 99.64223431439964 101.50767748742815 87.75145223714148 95.07791395816285 99.47021166137549 100.91201942897962 90.06941056800528 94.35155125137197 98.97716504515188 96.24868302697473 
71.85910092178705 76.91049040804394 78.8664903950688 74.09507498933336 82.56957660327507 75.80328325782995 73.99663772495998 75.31991571597656 72.4406502546642 68.34606576159992 66.65213314072045 70.35939453540718 77.73999265616017 74.06325731389225 78.27559388887008 73.85537584139712 75.50203338790408 75.96511124651416 80.50296848822379 66.51465513530188 73.69534440597958 77.00574872733313 71.98168957095623 79.77233614608582 71.90139894081679 79.88073128815331 75.6670249526082 71.00942515558222 78.0614586059393 71.3351654476869 75.32586811958562 79.05829495472179 70.96302094294373 73.08589088459371 70.6301961273973 68.45477481808997 73.48127070186787 67.13519652734752 70.28719351817674 74.7345690822148 67.66482078489342 79.19103813519499 74.38719270952166 81.2090721924311 73.9887523036582 77.87067725339497 71.32816572859642 76.1217712012667 76.00491097052983 76.57784495875455 70.15588405205315 69.65700389213416 78.91118023468682 69.19889767374109 68.94330171195202 78.1316058398652 76.84371504285674 74.62534238856027 72.51183752248085 67.31696526935124 67.67207024171651 76.5399398462478 76.12191998911294 71.96663941030623 74.17266718318078 76.63245707507886 75.5046500415211 81.72964909821594 69.10360102899244 70.7375881392236 94.86560657143127 102.1967582576774 90.68966052874927 95.26633651850439 85.0603501014557 88.22360733176926 96.49078776792221 95.09721383863341 97.3485370678559 94.62457505181571 98.54952868687867 90.8718385287699 96.71551475273446 98.21668792815937 90.75571469600871 84.96736950879267 98.46249501323096 100.78267909851013 94.29952317698901 97.56727124134196 92.7681114141057 89.60746359552199 99.29851294700228 85.48262163735355 84.82559665130452 90.37900192917311 89.42978935448512 86.06854346692171 85.21664087284957 91.19231349862557 84.87800919825847 90.55491320147931 89.59416608632982 92.12708903991314 99.18573287893265 96.95061789983424 97.25567801393126 100.88185084560628 89.57514361662184 90.90564063059439 97.4379651003801 87.76270093499882 95.16353777329395 92.41163603000338 97.60634587213643 94.90749950859654 89.04646965896139 88.7858169851592 75.46456357246967 101.82590827002906 95.73374592177393 82.50201718838407 88.98156401390384 90.75763251240392 87.44881670432216 92.0645320750874 82.12536347522334 88.58477700541104 94.02697027129906 82.71509938153 86.75100941325461 92.52964906089655 93.3472048580675 87.07273399888894 92.9132184302473 92.86002913768345 93.28556877319109 91.20012861839905 
72.49326091105681 80.8813741784369 82.71055825566253 76.56148337134597 84.00480821735492 82.71589174682553 74.54861891032795 81.90020116305719 71.34264523861874 63.835120316541904 67.42156988074316 75.1336350194124 76.54010331265371 72.64225700261466 77.98691543570177 75.38917356241903 76.12835227346152 80.77752599570667 81.67143325446735 70.69464264427567 69.17773484883723 79.84461370949737 73.80834406869572 87.202412130829 74.53009617280105 83.8636160290532 78.85346875092432 68.45408186765738 83.20714172476254 74.07872696014796 76.18823034118216 77.56832489607004 72.85025202322119 72.95889404649692 69.9116271260667 70.17925371659636 75.01470628093352 71.21550983328842 75.04201410318758 79.46874820936466 72.52898380411193 74.79324466319967 79.67203052754574 83.96359850063207 73.0450743230652 83.92407978179611 78.41134984866332 79.35936293023715 85.03571839869066 75.41954752992139 70.23537686343622 74.27994470674719 84.15992652226731 69.02753443703592 67.55097089410567 81.77756267052692 85.28834242829316 80.49781758189255 78.90954817537195 72.4336039688387 68.85546288886948 76.85136345788014 83.28440466328075 70.6633220885221 82.62683762564188 82.47055813025804 84.11485923426301 83.01892439481077 74.19426812819617 70.10464622015003 92.48711860984474 89.83888353180306 95.43333913581276 93.25473693208102 84.74559264195669 81.98007425702677 96.0826763146307 92.8859062607365 94.7354608072577 105.67349988934414 88.25283527034155 91.49203432477462 102.25667017925153 85.60644863868374 87.49042161549241 91.97655271859944 92.19130014977554 99.06598769474935 89.1576624570115 89.09394472710522 104.19419504799615 89.31974677140867 99.45252359785093 83.35069160689847 90.95751241605697 82.5486139309261 98.86983602107658 84.0941064621819 85.17172025730775 94.34040682847849 85.17094124596002 96.31735833669909 96.66041730337403 103.4041658219264 88.50436906616014 91.16552177955961 84.52169104775336 91.23551835604613 96.8992845847447 80.09582906639517 100.04111149556533 89.92180815329407 89.66416198973748 89.37834595489701 97.89379160734205 87.66846882919756 91.16622079801726 89.31058507496499 75.88910869259887 96.44349741815631 85.09097637163919 86.48883996560149 81.5331309940902 88.74056425858241 82.59905278523235 87.24831619610055 88.63910991738332 95.20282399940575 89.7664000912156 80.30423558132227 84.32559802839336 90.39000537946471 89.81567092721558 87.56087982498813 84.82036082765714 103.29047387915487 81.56451980381959 94.6783269558579 92.75837169868498 
78.18628540736535 81.80660499193401 84.33872039101315 79.69035892857838 85.88257231828185 82.01213565342464 81.09600450985369 81.72931280122853 79.94847877648674 73.79648672425812 72.22044084589055 78.57438072301169 81.60209808456977 79.25843816831318 80.38702405521111 78.4740618456202 78.51505816681514 82.31642468738471 84.49715789420321 74.19913105806762 77.27870105001399 81.55202357646493 78.7998498572319 86.73376740552105 78.16717899634708 84.50825137228011 81.1724761570842 75.08457138118105 83.18580646397436 79.37770088730076 78.80436027592654 81.2072423000607 77.07085159691992 79.3988042840687 75.83716928465404 75.89256928317555 78.05892568091085 74.81598241673468 79.83681799193141 78.49733560814327 76.67732735618299 82.72661447518617 81.66254184377132 86.6534842449042 78.89199152091905 84.27537071663497 81.77122402966825 81.86029982669919 84.25468095162884 82.26853766179326 75.07606877530058 77.96156983664423 85.50933256953196 77.4104517364238 73.30287832748955 83.29965790471131 83.43240555123607 82.5028688265985 80.7473102534847 76.2781495932937 76.70740817714842 82.78069619970336 83.64565221468914 78.21826533443435 85.09130380954133 82.82285857424046 83.23585854136134 84.39521775052738 78.82277021595104 76.099201634508 96.48467741119417 99.34821352305713 99.57301860198439 93.22160475459634 91.69340643643243 88.73840270714152 104.06362664428205 94.28024516124505 99.9341615979495 104.5696540368963 99.21799260119623 97.11177402119975 100.67894596073079 99.06850651351492 97.21814597626653 91.26144052453047 92.7494052172225 100.25268022978192 98.71704610275523 98.15510085348477 101.21569561301399 91.77466975345848 101.65646181902974 87.04519138581094 93.76165951227883 91.6365389627054 101.5658965587309 89.72593904039067 92.58931976947167 97.2728291233492 91.99680055128881 94.33330634384295 96.42486700139331 103.17466855350496 103.48774119199678 99.16287770563241 91.49886908779405 103.83415277739559 94.21996510342585 90.8690601616608 103.63880307815889 100.88329636679987 98.40827698243376 90.85796192785023 103.56880289417816 102.71635764128725 96.05571292168756 93.96157122802286 84.850462375174 99.53440641858772 92.56033573200123 95.21122638860551 96.39508010743751 94.10884373746119 85.57497782552335 92.711261947215 85.76666156494312 96.71626931210723 97.02569055425631 88.36199579203434 91.86004799497196 93.7459215862533 95.55701191353474 96.55417299756704 93.53584216929197 104.28901994615705 87.72739072648055 101.76560229512366 95.06973759763858 91.3273907222937 
80.99384113278192 89.53115665447532 90.01227957230556 84.43602985667407 92.81560235151585 89.81616246099529 82.73332092990033 90.19043361429279 79.87754192382411 74.69613424842714 76.85340261783924 82.85905642434038 86.11098634118534 81.8590690316764 87.95420782683672 84.51167635931357 86.3210606372987 87.8030341958283 90.65217319440055 78.35261136913634 80.22213749709951 88.08354245060134 82.14581133709532 93.14721914234656 83.5918743829156 92.13793939370403 86.61877161608305 78.61668967319842 91.1282756415324 81.26071827285227 84.63642439733468 88.18638065907714 80.36170693768189 81.29982846303503 79.19917225105651 78.94431078516821 83.84056892524299 78.27275368986366 81.2566649455803 88.48402108522674 79.46878977219988 85.18999246270363 85.86741124265808 92.18439518024147 82.59197292760244 91.14938448961405 84.56259893713279 88.32774960153029 90.46368821813141 84.6612715224105 80.76792526178839 81.24090061324777 90.37215945987111 76.68862689173973 77.4498426346581 89.43427091324118 91.31475826166881 87.62350525777588 85.90571641216566 79.79783761582283 76.6089870791093 84.72743945399 90.06811311393557 79.08599717996374 87.21944306768941 89.50550989505105 91.2243807760608 93.14046403385761 80.64803675789464 79.82304104307116 109.26409548033678 107.31282835871257 103.92395294486535 108.59654797938262 98.27877058912026 97.68447225322095 108.70849225137808 108.52881530996213 109.66434436902324 113.21845183122204 104.73755037901677 104.16776501678453 114.93792624420763 100.88352910334474 99.2603443777098 104.49039378317624 109.8042522740813 115.52345646624154 101.67727442606495 107.02682208174714 113.6820238653253 104.88029864395794 112.6321857843027 97.28535666722915 102.0887717412417 97.99928603646666 106.46110807384716 99.93631852183948 98.63340839898056 106.714014648845 95.07913000229537 108.56757805751774 106.94765484011377 112.04620000101127 103.5022268777008 105.35006906028768 103.16345019635096 107.01987627021197 108.52546086033819 96.9423747404994 110.01648458191504 97.39669653057842 103.1469387428374 105.64828634027572 107.82131315422765 97.22394722373926 102.24128854433717 103.2878912015527 85.92048449092313 111.32590536029103 103.70594142041773 95.38146256662108 94.36741995609027 102.6982662250865 101.37075208905567 104.46273812632566 101.91096956027633 106.42585467841701 105.96159440561517 93.00497302683362 97.46234589225278 105.79560351690915 104.84385360462058 96.14489085984756 98.45233432448025 110.89004708202543 100.68472437450268 103.53949983089215 99.52059116046345 95.1708833078336 107.73842117802893 
80.17131311224645 90.46450113341261 90.29008485117834 82.61858176691224 90.50094111606687 86.95298420987774 84.13737991155993 93.3428852397737 81.82005555340578 72.6487241321356 75.53126407481847 82.36637821669751 87.24044355620708 80.01678281193335 84.15704211271283 83.15903683666113 81.62851345132543 89.96598702734202 90.35856645716775 79.21196262268022 81.04234203510163 87.91981658189111 85.54932397613062 96.47984724101877 85.01857093169905 93.87255116756916 85.02015686082679 79.35900026629972 88.89216093992208 80.47474561336277 80.37972616164733 83.12891134279333 79.24633599148217 78.28307031319979 79.14073376556215 81.87734956294352 83.00246979754202 75.57357568139408 84.50048296702998 85.32242230925793 81.78373380100628 85.0143599788714 86.63172001171145 92.31635211483221 82.7092647431462 95.9495364435274 92.36199766940402 90.13915163426434 92.88719728852759 87.81439727064401 82.69095197589628 83.79673085094838 89.68885740224205 77.18374721802137 77.10162863272107 89.45258354529761 94.35470038296273 88.59424590376186 91.41145619031678 81.46437957190372 79.84810199509901 84.23497989515671 88.85088398004942 76.5292345053164 94.10083360259873 91.2727387591456 91.86646027902056 90.77559596000934 83.0134321379097 78.7231607838502 98.30855286638574 99.59325761265369 109.36898865858964 104.30064350669556 86.56848929468637 95.72100744822295 101.87994611687985 94.07522522506493 100.55250409335738 116.1818479179086 100.42321709813773 95.61062739182375 98.91278831259407 106.1753352310438 101.37785892725655 92.84861346953993 92.06048141082567 97.91240785206611 101.00813434686175 96.67820939289003 102.64170809628537 85.88859115201011 112.35778389079385 82.64798587559268 92.86430004699871 93.71553397210077 100.72448831754411 90.83885453808666 93.07340400627523 107.21457734974634 96.84945905389527 104.54819037974615 102.74955751178467 114.36164144810934 94.31220384970696 95.05775196947768 89.16389615471964 99.98098726565908 89.02736692475368 81.76403427692823 103.11823240832429 101.98986230467051 106.28176359280259 84.62135055285985 100.05220181789063 109.30511545124766 100.3497920577808 91.4623785804658 86.74703250264389 90.527043706933 90.68681740222405 104.43652039331644 92.29291423771069 98.2056409812284 83.0718988835761 97.44927732273841 89.86229634481799 98.79167393923969 94.4939518551924 85.40499680123308 83.51003307050381 83.57633077396954 97.26491116934292 102.39087727442596 88.21003709930162 106.72147362984737 84.18522824077776 103.97087107222735 96.4548666706576 85.08725092603112 91.96803789887556 104.1624170387153 
74.84499168995082 79.06442703543357 80.18995852765349 76.29385133522233 79.26824453165987 79.43299493362039 77.29844496007009 77.83013666179247 78.19696983281152 71.59926971966058 69.5782546321654 77.53555008672967 74.636317712639 75.05899864045018 79.14648611253386 74.27657373025987 77.34372843915087 78.42547823895941 83.11119518926029 69.40829492677801 71.2647908614015 77.15685752603167 70.75563490880275 82.75974609838323 70.39340171053159 78.60557701282632 78.4039882459528 71.21591415384239 77.77458203645485 76.46227415583479 72.88582041321304 78.6578261987207 74.26536177565703 74.32811088642866 70.60799489819703 75.94144597259336 74.24051929402657 73.43770924701063 78.11030221960701 76.21898314748911 73.88973280871359 75.82527957143895 76.59629859828247 81.41518002724452 76.6131624316207 81.74270960543302 75.97438518935886 74.55197933977996 80.5410015132531 76.80206403230638 71.98769400994689 72.40985916378789 81.95166705613747 72.43771365218258 69.19171448691021 77.63087719257891 76.2075424029764 79.27491997923248 77.55083462453636 69.38906189166481 70.30908156337601 76.92526536578836 79.3848649734939 73.04262423584998 81.10975694391217 74.03496648951676 76.03614183648573 81.22173961431217 76.23329619458018 72.57920417538904 94.3211517710435 98.73166360060382 96.55230617316063 89.86622718945209 92.38136663734025 92.82463073056415 99.85728462416517 88.18891073932878 94.79390982726008 96.82020050181941 96.28273637359253 90.60472262469575 103.75105246753628 99.34284858137909 90.53084387966577 91.63419274626105 85.7823163751391 98.08226745619842 90.12507072333159 97.99085001839286 101.4168929759707 90.71776487264495 103.31543425351867 85.86780128301953 91.9898699886079 84.4535159073216 93.99901216398008 85.16846549953117 90.62154034237221 89.71127844201298 93.50782879909765 88.63927762355429 97.60350588042755 101.83715952015689 107.82844692120102 91.52605325560006 87.61845045900584 100.23710126579603 87.10622500868887 92.4108885265343 99.83544767376976 90.07130574271788 99.30988393087807 85.23079343185302 98.63707480093224 98.18638265915585 90.69999790861327 89.30866442480341 77.87196079083274 95.76539331547659 92.47630007808796 93.53439212214218 91.50088641796316 92.02587917440111 85.6090657571493 86.44766158066479 83.24832460781278 93.29346808798442 94.83922416120924 82.14151895511938 84.33799345634797 90.33702706957213 88.96848475362725 98.15344260054998 88.99021461120253 104.60329542962991 83.96221097392879 101.01276949437026 92.07249430913998 89.29402136608685 92.87207300497067 103.84116768529373 90.4014398550254 
62.692783038504025 64.80557032587456 66.94130381429184 63.919868736280485 73.23419253005385 66.72805169299666 69.60119056884878 64.31241796699508 65.24701413736088 61.70276797610128 58.68676156203171 61.33724384695241 69.9773671597185 65.99320859283145 63.73579235697052 62.579037392437755 62.79906422665139 62.44000171898929 63.41390775150371 61.085106485400225 64.08465073290263 66.27971978723701 68.42403576211335 67.59676664372788 67.61991477712678 67.18025976930204 64.07077289256186 63.70571972752643 65.41247811938116 65.36170109407342 64.16822546514439 62.76754727300769 62.461348362096565 67.95299747746826 64.47236919816416 61.53864693417032 62.337583043681704 58.50446679811562 61.89180646422242 62.619360666094224 63.534076565306776 74.05661224172863 67.93660557325157 70.32542181936753 63.31056520674905 65.12014583143912 68.0169273538775 69.25551876476082 63.36020742119432 67.30899762873983 60.434919447350644 67.60020439241896 66.97320470591552 66.59119033855977 60.30535650549165 66.49855118288575 67.03517809728389 65.73784792657781 62.23769491466324 65.74224451687918 68.6773909432989 69.43682373871195 67.83268744304897 66.80853471338229 70.0874424883346 70.16016974281466 69.76662633305813 67.43776737748367 63.0542036003244 65.9239678211869 102.1307841222379 99.8807164044184 87.58877866288269 85.58650461633188 91.90430777849579 83.45021366393242 105.43538134450401 96.81518923819947 100.82660931132999 96.70832479936541 100.50601127913158 100.12566832551177 89.82176097607113 100.36948932099551 93.99207028904777 87.8656900054452 91.58621791490434 103.17646565369809 101.006950564448 106.64402894648738 93.43226593989547 92.80753917852573 91.26789335186622 82.30906173939007 91.00150133063681 95.67410428997019 97.87489853873072 98.47669799096457 94.6761341712163 101.29709034211783 84.54642321967106 88.39203448314254 85.78217623679994 100.78775825974064 95.89376456888769 103.45273312998421 91.71905754394444 107.55521795434802 93.7684722415048 91.455371301348 92.32336002386911 97.99098229530566 97.53884116400363 92.86601042948865 89.63665114502672 104.78015717386225 95.46251508173395 94.51346192623188 87.93683604918085 88.52612524456613 93.16706582471032 91.98378794212442 98.11044513159437 89.21043556902235 85.45164884282596 98.77970720817574 82.69013902470691 98.6478638847004 97.63934815972961 87.3354570346222 93.79512817728401 87.99669391540671 98.49326784537347 89.15894633269734 84.83049582974863 87.47885652165988 85.83820490921633 95.20306541509261 91.65450444345038 95.96336731500485 95.66870564652194 107.20181557012519 94.69023758185588 99.17427651894177 
73.47877187572183 71.79835415566365 75.019443945471 74.1556055267503 77.53282654071248 71.46829592865552 77.03706977304878 68.62976951360312 79.40673767047929 74.12520429562639 66.98902655687344 71.77030857009244 74.80865319512876 76.62032287795726 74.00747334617627 70.31983450303208 72.3841360642772 72.69647770455963 76.53058984823575 67.39366039817352 73.95025643593415 71.2498969373703 71.95611730559445 74.77218046681332 70.46781763057616 72.46527268137827 74.71956217810856 72.01784264040275 72.57541094560142 75.43689353828155 70.95877021749565 74.761825086701 72.64598733167436 76.68587880909959 71.52072372903021 71.7716929062393 70.65113056706242 69.4583545266632 74.80268576822189 69.11740453927406 71.12216797814553 79.9415415593084 72.11474175855773 77.05913481578361 74.58351126057141 71.94272217192328 72.56747682698798 72.44442939597351 72.24778054528821 78.1193716012719 69.48943583476657 70.67800666542333 76.38720146317503 76.29857427429225 69.37612049747398 72.4877881365853 69.07116100596082 74.25491488764214 70.1624319631509 67.71976734928903 72.79730552901584 77.62298681934074 73.47625977360585 75.9648813410023 75.59123689010119 70.31593494307178 70.60920458449726 74.6051266414675 72.22423661716189 72.0079368113263 95.70503703982602 100.68452307005259 91.35815419065659 81.19045662791802 95.29027852885005 86.62733320005756 105.67582701342074 90.93919993398137 97.90574930001948 89.99626891153873 101.4538115537286 96.49951379977668 97.13439122633619 102.08545196847588 94.43268097314146 86.9697457198871 87.75283427389878 99.50048776099645 96.83326881375979 103.73276549028441 93.53038563958495 92.81760001737632 93.67728757458865 87.58575240775883 91.54521302719863 90.39199891776589 98.36884399206339 89.0188135322846 94.81955523788243 88.15160928817485 91.13834839843858 81.01877219521617 88.29043325589333 94.30229918055593 115.30788620602982 101.56215973273552 93.07838115750218 111.50650073005335 87.62743625794667 98.61087683795608 99.8646098654372 98.57745769114048 98.19510679607687 90.33187115380504 99.75440872621394 102.50657075133061 92.41800165890162 93.70258932252872 82.93019615837352 98.69514712635885 95.08817082597831 91.55657421828194 104.45264242060522 91.88773963965907 86.63143278768389 90.72039586504482 77.24585999919043 91.94144207882886 99.77354079558269 88.81443461483342 93.81319131537376 96.7886313202928 94.7721749460796 93.69553129265138 94.44592563330083 97.11582634539248 89.32356711248885 100.38579235353527 90.78948726589499 100.70747761977582 95.20113770956745 111.96725674578393 103.82633643011 89.422669803468 89.73760258577497 
21.75374489889233 20.557692940421294 23.042094576500727 21.802773755799972 23.758107703714813 24.606906831675285 25.1664628245915 20.853369333634372 23.349429028013162 20.101332791235347 19.716148737884655 20.42518500918122 23.014348744564344 23.00845838277947 21.419775904924503 21.84409136350234 22.77556323986327 21.18735036574208 20.521383499829177 18.307963467754714 19.548017350295797 20.398251698216313 20.159492694667875 23.68630815334299 22.348887379067932 21.411072494176913 21.776089161199558 18.72306720984241 22.072058212229184 23.992160086183233 19.793453352819274 21.457929277044453 18.75755034478754 24.060622792085983 19.036790494371093 21.25816524111435 19.07935368778134 19.141088382460236 21.930085286414396 21.206715548643526 19.483999525767103 26.125759993598834 21.617294394106025 23.962641286324736 21.937147314823815 22.561029039541445 21.327416149060443 22.50397899743737 20.68678562323943 20.767285410837736 17.528078199734516 23.10321725275271 23.11770917133338 21.416065797904515 17.790057449797917 19.523682306342014 21.790886316805405 24.553701555186066 18.57784321023381 21.153838482043177 20.80734685327289 23.72938679658454 23.815235752990656 21.08378350955613 24.881379261226535 23.287493906104533 23.863594991079832 24.01957607476775 19.992711642882227 21.11353807929194 86.74069158255729 78.64566358373126 56.53184368329941 58.5421886671934 78.19378208994921 58.021689703398465 82.41796768746133 77.16345949417877 80.91364010651208 64.37527732219242 76.71239212652969 83.40624078003383 80.71799929868168 67.19849590933859 60.02113874226215 75.46594599460751 60.0233125687354 89.84597482678595 66.8943353332755 88.98824731060824 72.2232054529272 83.38755291697808 69.91981660530438 60.44409654058184 79.29264429331143 65.9863392738403 77.34352888871807 83.8467155617844 72.00656571973987 80.71081784250353 56.730967964225364 62.68575038097076 64.10162083022114 74.2299189435926 79.00114265532166 72.28309181786157 72.16852451814981 82.18740798938173 71.62473506872674 69.33445304676724 63.062748506107376 65.1344789037065 69.85010211832258 77.38158307019097 61.21516678985627 64.33606087393503 66.99352747112107 78.2517785265472 57.354001171121055 64.49269985347837 67.20743096288152 66.80045467675141 71.74518987327737 66.78739060963763 71.79964535991908 76.13102291407864 69.05039775876668 82.70871322886929 84.34758364149408 59.895434194888495 75.03719014469769 72.39338770852453 77.75361804725623 61.656808876594674 56.67273638574281 68.69314116307659 61.754769669439185 67.03964770871825 69.3021981468948 70.56853842757528 75.24465817018314 78.8425372785733 83.08622023003657 73.16411808298787 57.480672865328756 67.86125581497174 
22.700480597006635 21.813588931796257 24.9758671666892 23.63929001616044 24.885405053112574 24.004086621445328 25.202348381683873 21.310714658955046 25.06833633664292 20.131341162919444 21.046927601223626 19.182571547281224 25.241946250151386 24.49907718085699 24.123949062153205 23.339972652801443 24.544417009746248 24.163882947159237 23.018596189377625 18.47148775516813 22.435274151888404 21.107351335857718 20.76302805120436 25.8816801644014 22.862781890598203 23.27996834220785 23.854591887985038 21.543997615412035 23.229649609679818 23.987889555227216 20.956504279956057 23.19637937293987 19.983701128422496 23.795218005971236 20.135352925840124 22.2872416800963 20.684590835194353 18.911849190005135 23.419916288966075 23.10884459681865 19.091605211532706 27.98576039199385 21.15723606627258 24.04203032569064 24.059406028678847 24.683410948439374 21.028231798006196 23.251684764197044 21.88464819067256 23.491136081892932 19.642004705145695 22.963263869407736 24.216051152587852 21.190051755073192 20.377587311585394 19.94955044871778 23.71733724783658 25.129354731653855 19.55827373664674 18.985827103061915 19.04744189194506 24.14447068647957 22.70667132247671 20.351583070497135 24.96843270080074 23.808453664774852 22.4403677631055 25.433613849039094 18.455785071621122 20.84589159321074 89.93754392304027 85.09456946730322 58.82844960382756 63.8055146132767 78.74438078179242 62.88052640953304 82.56190020315589 81.80534511719898 83.80017614652554 63.93475087322225 81.58854171103985 85.79279919628293 83.77387276301084 74.08603876523179 61.43645239848364 77.20007480096339 63.72767249725196 94.11756381727639 68.97248518945028 93.1263417600383 70.32049629498258 85.68067589277551 75.7025781032301 63.31391280174049 80.38200630565427 69.14665945835921 77.38685206778145 86.02945819113462 72.36508979185471 83.41175341345252 60.63062424840455 64.61772770036222 65.47011427460683 73.82141633613196 83.03514617148448 74.41021019855788 80.70022278188114 86.13651007957246 69.08865223623437 71.76735054091593 64.43260213175402 63.798793518258236 75.4257597414623 81.49323571320265 61.832608808373294 67.12000118931486 68.44729513337131 79.77497069887603 56.76099179741814 67.99064087113877 71.09355857641884 67.8242738978223 74.36841047905952 71.19638903083171 75.57173893158547 80.15003990275972 71.28420471969702 83.28750550505148 88.00112638769859 60.41863566306203 75.91232375950088 75.07519520485683 82.61327743443152 63.791796859986405 60.76058700402198 68.69604507650793 67.74933587396497 66.99776896459696 67.28329755919594 75.53016657258443 78.46968598397503 80.49831198937828 84.87984664013254 75.73818212036913 61.24556221137793 69.05767940073287 15.332247810752587 
22.3382940705546 21.83598805365526 23.677988408885735 21.880487617971596 25.033184314931294 24.39211951735369 25.30851181120358 22.67237078782767 23.34346355598662 21.103855436401705 20.377053551542616 20.54814759271734 24.836513466230972 23.64276724758954 22.404761499998347 23.24625908553181 23.66743475967574 21.99941767467897 22.020866273980428 18.60212524509156 22.005534934928857 21.58086514149929 21.493740985501308 24.050256494524646 23.947345898835557 23.41322524478451 21.906238142631093 19.796218758734582 23.317478542968363 23.379894421412082 20.766950787520607 23.424404217614352 18.36659036213754 24.091733219917412 19.996004681183937 21.31629316146578 20.169607241019882 18.38161644929386 21.276635974978365 21.89255021163831 18.952122316186344 27.679451584504754 21.473209195740516 25.492580597864897 22.953328296017254 23.632695392817325 21.798113233607385 24.41720539942304 20.873672110581325 22.42659177396597 19.419245084005027 22.94665648563916 23.041947835505436 21.08003252970842 18.930740826698116 20.911794369682625 22.689075471846582 24.75430427052583 19.541947317391518 21.77280516790668 21.04002400691323 24.32598732595818 24.001646259133327 21.29351791354077 24.043871895967946 24.55233501726614 24.904355531879684 26.077528724510522 19.716965357340033 21.80190629614767 87.41760232262037 80.48747019266946 57.02913019715353 62.16403917070433 76.73852192000788 59.38425629855291 82.02350255800074 78.27965012417374 82.17353482083671 65.06671593906329 78.60960665414905 83.04937922604361 79.64719515289555 68.44301178933856 61.65533809910593 74.30327692021137 63.312924146841546 89.98879553957426 68.26233935209481 89.16600048265047 70.49155060420627 82.81935933118187 71.3257769550804 60.33136855794954 77.76472702493044 68.18741601649053 75.43783974849407 84.23832944523681 71.53925588366636 81.77674569364089 55.43149040814817 64.75203463643363 63.63564330472091 72.71916274552396 78.42345588250458 72.8760786661572 74.68039996612113 82.71569949405274 71.06722092789107 69.33168919197041 63.166051134896335 65.1486427115432 70.05542726382603 78.05313337335197 62.031759687623484 64.13078935700807 66.94342643941275 78.4098195411841 56.841211301136724 66.14931541803735 69.21011265753248 65.9438661090816 71.48593476545291 67.93868493057828 73.28975835407844 78.4475149432494 69.28691690336039 81.34268338263816 85.06318586282123 60.47345956121415 74.91268308302628 72.84679905246395 78.95143977181186 60.29257758228858 58.26960622059768 67.55086202250591 64.83917083963138 65.61008126966158 66.34673916464544 72.03208343924005 75.83676019665776 77.60136670266215 82.45266951839638 74.90426633984792 57.99043333118196 68.90054281889446 14.370760130571576 14.83425860240501 
24.8277240208515 22.40666646022998 25.92207554744521 25.013137956697282 27.44069794479357 27.059741942369442 28.308537243490278 21.43759941097713 26.273205723364406 23.618314470386615 22.331451451177756 22.149068289860598 26.411259344283188 26.722585011857333 24.933716637649976 24.60002574995007 25.76984019993217 23.292566795328955 23.142066108879384 20.4520996169928 22.853030091339445 23.35378506710835 22.599023118953493 25.543825249976383 24.3273225382325 23.50571668778797 24.715300462775613 22.02365755561495 24.43455270109408 27.082452340864002 24.112379878020654 24.981289555295405 22.328071427274278 28.11437183783588 22.351617502836017 22.980314003379416 22.00556954842865 22.091269491967296 23.871238683280676 23.344609418807366 21.423950140962997 30.37515072474831 24.713569422344396 26.656594563015425 24.877382123277282 23.81113263583208 22.05912448737772 24.29079912792982 22.1355744566261 23.397484527775433 19.099981782247266 25.4648357847451 26.19673298126373 25.093070926466964 20.923791548427815 22.424810440710516 23.568132380762975 26.246872059988046 19.389914815256965 23.073508964775893 23.619518681144438 27.562861956227277 25.869216268827262 25.457206757434978 26.30382091805448 25.715036006035916 25.030822451016956 26.610007354064752 22.005088505785793 24.265468189995136 87.8045458786871 82.9144813676944 56.90591631695243 59.94023958587717 79.76635995272046 59.6292731497249 83.96337526069732 79.97271957960572 82.85777050721758 63.80694053117486 79.81495405915555 85.19251910387399 81.47917343558612 70.61002890047912 62.092071535006085 75.14394157581661 64.14427734987149 92.1656499566436 70.21254961321256 91.46567482910898 72.1392171258758 85.41767484389165 70.42573670295833 63.62105619433044 79.50820286873976 69.17893712317891 78.04548982425 85.03548152604677 72.63832027907767 80.84513094738591 58.530199136439506 62.62188380560067 64.10882957428514 72.70542408188741 82.54666991898257 76.34121275600009 77.07160946450271 85.48230612218188 73.85574146506467 73.90044694351408 65.31988763309927 66.99594128080975 71.89625615926273 81.0054887203361 64.43884784901417 68.1702027971221 68.29405063036484 79.58009083152771 59.462244628567476 69.4707454137191 70.75392227395773 66.17791171657602 74.86475062120655 68.04408322714396 73.57167606418759 77.41699138103857 69.11699923276412 82.99869676878292 85.91660618996511 62.54745998858533 78.50863480571883 75.38889123556125 79.83311414665255 63.417349804514615 61.58587205720466 68.22399694640235 66.15051949024556 68.12376169981903 69.41427762666726 75.44903119019908 77.9347974609043 82.56495095441201 90.19924791025612 76.88789480089406 58.58221593763321 67.62020170931255 15.543694544394683 16.79378908098773 16.39863122697363 
21.39813160401465 21.66118566776965 23.990262956135414 22.11261959819572 25.035251929629855 25.902248543042248 25.085848881223566 21.59116414102592 21.82939904178349 18.868163205251033 19.60507224434381 19.70841572866655 23.78154889302414 22.640486162376337 22.74620879709231 22.621361473631495 23.567880633578195 21.661693140105726 21.042750836802256 18.077234622360212 19.105306848965352 21.899782342884066 20.07172031573961 24.822445379730215 22.345895284239354 22.662258357079455 22.018841220762305 18.622656082176086 22.702876071364116 23.42956679212578 21.327130545030705 22.245162476660916 19.087255283210883 23.768234985309643 19.07833159217189 20.721658246377515 19.89255016394112 18.80999651415618 20.71619809722929 22.509999387795645 18.748099587278308 26.380885042057702 22.693231072341774 24.660604693120643 21.963107570577968 23.879328356481782 20.742987114459243 22.67789743151962 21.087382183780054 19.71363277357559 17.081500423527824 23.317730287780847 23.71956272566792 20.23949285378236 17.815733750329493 20.72164008813521 23.365933852412546 24.372569681130706 18.563499389169547 20.967967297609228 19.89628429526411 23.690525673038554 24.180130318603577 20.766985929700564 24.658970490608088 24.81319190356026 24.399574804337437 25.422709350621545 19.387687092136918 21.16286150201768 87.25375019156509 81.16405289870103 56.521263273180395 62.09322243896411 76.55899862721297 59.30985230975873 80.38588990183415 78.77514671392582 81.31437362131008 64.89691406811475 77.43105385926063 82.66528754210675 80.5668719682736 68.57458961842111 59.40870260009031 74.5714983887889 62.7178877612951 90.93050547012069 67.3926378306929 89.01595043823812 71.70392626206993 83.27124637027076 71.88006515662306 60.53963378370183 77.65000294866717 66.94384649919981 75.1872494921393 84.21748566566869 70.0586521215465 82.29518227854257 56.54842150269 64.43724688722804 64.61513435314048 73.94025113338688 76.13396531131512 71.94771801036161 74.60990090306673 80.39892692527415 72.19105435369279 68.82788382478802 62.20309102620345 63.024092801220654 71.18681481078661 78.43194764142359 60.64059892772475 65.22688293257714 66.75919009972856 77.04528232747485 56.81663480651969 65.10016851552865 68.13157322561473 65.23430019444625 69.11694094647545 66.63491814352213 72.15596079624791 76.78115365584658 70.24905346978399 82.33239973353602 83.15125805481325 58.61935557932508 73.83594528196551 70.57985105484437 77.95547005924153 61.89460805074827 56.937414391596356 66.6981702250047 63.21706742880517 65.38046196252301 67.65512984495477 70.06502575138484 75.76902367268036 77.53029528911614 82.28202996197096 74.39170245286881 56.903398934408166 69.82556108752506 13.69479329546898 14.870976323580436 14.257055691926872 15.57023035519882 
25.013775685633764 24.836733122667514 28.167559975218 26.148720762649887 28.981446692823322 26.02601301181646 27.080867002402677 25.53006584348803 27.244317051693475 21.59460214845142 23.095723296213247 21.459592835230207 29.10129007592981 27.03056332179884 25.834077217852904 25.987514938717126 26.27987613564867 27.814017977722013 25.90213863245214 21.718968942130147 26.372946403004352 23.979849397323978 25.453780626993854 29.548437339363332 27.524324478594462 27.79910018488759 26.721025482992175 24.507974547017646 27.65355541680824 25.852737339220827 23.516400642864834 25.496930438266922 21.812117857239233 25.976121949349317 23.138461476708983 23.637407941218402 23.381769532707906 20.378909600886754 26.117776719081267 25.855341371039554 21.885632455056463 31.225150095366335 23.80209261259507 27.735267728724494 26.083287117224604 27.64638037806601 25.59698664918386 28.45985589414782 25.95679028055852 28.352924539398796 23.339395581860284 25.86650280719151 27.266628110463444 23.718174750624733 23.174015107476315 23.711759148320137 28.60511218742052 28.324489195633227 23.491996746590775 22.557607048889235 22.224581480879547 27.209628192293337 26.148962295859853 22.435334878225913 28.40232372420249 28.372316587625576 27.44012990984008 28.337077736394058 20.65308651152661 22.898729919832643 88.38228572899912 81.07206257119199 60.314806990092116 64.23093147758634 76.06300313429733 60.2280962429964 82.975604020951 81.98832114350726 83.56324433926807 67.62930806354109 79.67438322001259 85.81942398586207 81.92082593184892 71.36449480844702 63.169113413726805 76.84786898877144 65.4591700913322 92.4986486135084 69.96214847146766 90.04312315984808 70.54441364734272 83.36468876401462 74.23825834145325 62.43721980173388 79.80688300187991 69.36693245543175 79.62375930950436 84.28043693037192 72.18032987353571 83.57839778992467 59.166200952418315 66.78943539771674 64.77767856057862 74.58720418097309 79.46733307312375 75.61015941709134 78.81804621423518 85.90158604643574 70.09830682491706 68.35259500598816 66.34634403643287 66.35393253080343 72.71385932908117 81.11187130635301 63.03901398049942 65.36665945552687 69.50013520069874 80.06748719998065 56.87681575368377 68.57527635900077 69.41975969789813 67.5427820489874 74.16716665421387 71.4710938502186 74.00295689778281 80.89652556312937 70.93710310578662 82.76421196787878 87.02229064615054 61.5587581464029 75.99153475056205 76.20049883568612 83.27562674670229 60.86667693601688 60.8052548379333 69.70461858893603 67.42009154835353 66.82047861809326 67.38585461422066 73.35376568882238 77.55498534983661 79.18620235984469 81.607914990614 78.00976328298277 60.9921977777017 71.07491748799556 17.806541475397907 15.454581506638098 16.651986988705218 19.87676871778518 17.580869601142293 
23.281312593968494 22.48158479732713 25.261501231328 23.63477875854804 26.447907075277836 26.628040165362624 26.94342367796937 22.647823060380695 24.413426312134824 21.155602715348174 21.325582279969957 21.351801811487 25.597846036380396 24.729532177204728 23.498997172587657 23.822206270462036 24.518688490631128 23.09434020199192 22.170720507692547 19.983565269334417 21.460858163677138 22.830428184649687 22.35644063110437 25.897441775681557 24.401461625216285 23.804649675290918 23.56548081692295 20.75775957363109 24.099193319804144 25.42692228792348 22.37565492051168 23.21505536490638 20.610360421742147 25.83761232138313 21.04765958012042 22.3821692989286 21.09586643111271 20.451656603204835 23.0216918459216 23.209587751219537 20.860221628889185 28.59317844654862 23.991269693108972 26.021360989295943 23.540187905721783 24.600027507301636 22.926522006214277 24.626891817444506 22.429932651083806 22.458561944077434 18.94607435311993 25.183560842019883 25.149986172173964 22.939141109423677 19.6865532351466 21.867596218088767 24.53694915165837 26.016016346643323 20.09942190122361 22.95107618511371 22.5501105879109 25.787972087868916 25.563709820005457 22.880511242779484 26.682612971760296 26.113817974717914 25.879636946309343 26.115256523005264 21.17584725518136 22.916127844096746 88.42067705826783 81.3500478629831 58.05250454647414 61.54667314616361 78.54238855963779 59.72516344564371 83.29881539589017 79.81350476894288 82.7683676737837 66.45872083770686 78.78654445770083 85.04467667756934 81.15267173644841 69.85856093392188 61.88459709416112 76.15044494905666 63.10110953627039 91.76042338151139 69.59368749514998 90.61622054767182 72.8400621988714 84.41395250775959 71.81500648094108 61.83165260508067 79.85414279392133 68.69233752258573 78.23671711071097 85.70414346009647 72.59249991935195 83.41449520883553 58.135039625946625 65.01367338123474 65.16463557046688 75.47619422088582 78.70816286476908 74.54752073690216 75.17015833653802 83.51423991359266 73.31969322824237 70.48013037350204 64.25597041197588 66.54930700868633 72.05500997712319 79.60176057261631 62.42436180081464 67.38010248146355 68.80942957319674 79.27825757198319 59.30695318775305 66.21186065114635 69.0751089767428 67.76118711356874 72.72355506510874 68.25342434369894 72.903262339449 78.38913752163691 70.66893559684684 84.11572505328556 85.24648187793429 61.26939362907228 76.52503638716196 72.94727432879867 79.93344690057032 63.19116915604273 58.62058046363718 68.64699010964492 64.0680405829111 67.76323741253756 69.98492160812077 72.37457169723898 76.92804381828795 80.36828463251842 84.07573503583086 76.30857403844618 57.51690069367702 70.18499552677493 15.025775932474149 16.552977230570985 15.776463368922295 16.87816573952518 14.85964710711562 18.840846125760287 
23.141713297847584 23.50451546189508 25.81335295423759 23.979298811455884 25.85833071928608 25.485348357950958 25.843987695582626 24.672462100037908 25.30025301863833 19.934208187086778 21.26967037381912 21.47842817613557 25.659525601110047 24.40296184808568 23.201227975084702 23.900274735248868 24.249455715319023 25.42372126957548 23.51338290781951 20.494327002754197 22.545134796197797 22.06391396780321 23.15065818543775 27.786153867845968 25.465318839167402 25.28023893619752 24.411812263515763 21.22942698873798 25.281621158805443 24.745162227647306 20.702506348837204 22.873694998838445 20.031273467778195 24.094319124513095 20.706785631617095 23.127207999439044 21.266606666413928 19.57931398444969 24.884082464538633 24.110071949170393 21.302097004301594 27.57713126004707 22.60311568265966 25.916641037978792 23.949719269127215 26.49065979425894 25.159946865186026 26.140432353108924 24.712225990542592 24.826500722708193 21.23443252996788 24.81112497880667 25.25494437345333 21.98026273287415 20.290426175433478 21.666619464588177 26.310191811238017 27.338126007229654 22.640019666205674 22.197216326707373 21.25995720330652 24.754864105643392 25.48185740725986 20.57463136498961 27.88681253351886 26.264069386761662 26.751165565417487 26.215418244567136 20.866491647308386 21.435738586527734 87.13897815232347 77.69138059968985 59.89363199350132 61.44349435516789 76.53305374157497 58.78056660401184 82.24863254350385 78.38935250912299 81.60453214456271 67.73044827230792 76.88813655505672 84.13456436793011 81.75735490364107 68.15480855704 61.27219017095528 76.92390717439524 60.713650898091025 90.09652966450409 67.18952647703071 88.09562854369894 72.28278992228687 82.39849939570672 73.0254037571366 60.25584687092446 80.07388876762278 66.15871593642387 79.41974285304588 83.47487813631605 72.34590654646584 82.8074581666826 58.31275418088812 65.69219307578025 65.63990605986767 76.5389078628764 77.7971902868438 72.01260551776186 73.04895621101403 82.54387714307127 69.95245389633442 66.11468771349341 64.6077257250811 65.90628341308972 71.19707789514446 77.37285221371738 61.35921247455471 63.591177709203244 68.4933045329552 78.83439884324885 56.60311986521201 64.19056886928286 66.32049046816877 68.69522084330856 71.9402383665834 69.31982762221178 72.0548133986941 78.14395356305165 70.65238159006132 83.09343813053866 85.10082074336987 59.736971224700504 73.7128921358211 72.98246290304725 79.97742514056876 61.42949466195212 56.65660264955621 70.81628922473121 62.36493764124459 67.42766289693533 69.45938911254285 69.11354799458984 75.14367875255454 77.66487910437442 77.49686283417996 73.83160223506383 59.95844783229476 70.4885365655176 16.101327252679763 16.388520811957722 16.424219107343664 19.59288199768813 16.453511655605052 17.42819112423048 17.784520163873882 
22.764119980767415 21.972481075349396 25.33767139319483 23.731738128358277 25.915517542522213 24.876870041029697 25.82781267534283 21.983868014261564 24.857962108343994 19.89371356971869 21.1612568942348 19.54211262991919 25.918432263249702 24.60659463919999 23.574714012530016 23.386737306679535 24.179147089033453 24.120356512316743 22.356165673548258 19.35816118800275 22.321780871270008 21.757975937153557 22.113162712877653 26.38450023239793 24.08203917459655 23.83967716948625 23.93598178240183 21.724492485380356 23.845933909345465 24.489554658427124 21.390317258198586 22.491086483786784 20.197478351058532 24.47451711428362 20.708079332706646 22.145079230305274 20.765339283513327 19.21321599526609 23.569639126434147 23.240093955000106 20.07086245400366 28.63810294981106 22.449624001719542 24.71295929084925 23.643647460593176 24.777228278290828 22.446861462650222 24.45350008298425 22.458601001259183 23.76014413029493 19.536823375626714 24.365747526180556 24.758435301532135 22.038608191445036 20.34308522842262 20.709611243009984 25.009689695397768 25.634975544931507 20.02551393064887 20.72879951869553 20.730409856660177 24.920377127235863 23.856886560569677 21.052208591093464 26.39677772405663 25.409388106614742 24.248670656545773 25.35397443531088 19.188270910203627 21.52042855320736 89.91319990165871 83.25330005841589 58.976909586657875 63.01768918749914 78.46434309961127 61.344751743712756 83.44229397294697 81.98357664290376 83.80711328019457 66.04820755818798 80.51385716938171 86.55654109361036 82.4099818082154 72.88243071005553 62.14023932752394 77.47656402774423 63.6792695164375 93.72953074533888 70.03978992886788 92.56952198918357 71.34607256388301 85.1471771651607 74.18264947865823 62.64989191956763 80.81673401944215 69.60356666230169 78.98451187913022 86.61993093099713 72.89861084249428 84.7028478131291 60.06618527551044 65.4737655235277 65.22854681753762 75.56347110768282 80.34284353387088 75.38753511100073 78.80204352132894 85.83759183982505 70.8784720846766 70.54386980247276 64.56461421329242 65.64608945288688 74.50190104502272 81.31922190929635 61.50203245796567 68.00284833128008 69.52847571106157 80.1262310650518 58.51148749175597 66.70142954221663 69.9596338263048 68.63154545661243 74.33557784625536 70.54927236223318 74.24103056394767 80.49173548390394 71.48826856258464 84.59769919695073 87.24239301568112 61.13083215741655 76.62196031959051 74.31258586366913 82.75307379784873 63.48635576874031 59.612899225925524 68.60588060253899 66.14651588444252 67.53749220010842 69.02935028857692 74.32486860401916 78.08578495497835 80.84706560612703 83.5788746230971 77.26318786371384 58.705129088712326 70.35149522826778 15.101181165125789 13.90519700841013 15.13404029931983 16.875491521850563 14.73049283990385 16.002690890356252 16.135064225231396 16.353364981319075 
24.333639527323733 24.004698786034698 27.388660751896143 25.43295768242786 28.17281602064043 28.19524471269375 27.211741657286137 23.549191324083775 25.08705749834194 21.14288343559789 22.260938725850178 21.92086336588308 26.702732768965657 25.80266461018156 26.05245681070417 25.266902573615866 26.47471942242597 25.30398266330983 24.608635805918578 20.42814756250182 22.304334852303494 24.466709493221394 22.358223595809108 28.102510586974166 24.37524790386391 25.57050580440928 25.670211349703646 21.85993336626465 26.03580626484315 26.204729577976188 24.428179739074306 25.375598718239708 22.17574111049684 26.437009766171546 21.707824265255546 22.81177392084217 22.67716332768791 21.761590968009212 24.173432416630494 25.297844043391855 21.138644072838584 29.228639385551364 25.17036927074735 27.230639706438104 24.81666742221198 26.363612033467067 22.574127084388206 25.084237589753876 24.439780669127753 23.447707560163817 19.585305041170276 25.33702116810964 27.42872810087447 22.985978422768476 20.85160234546232 23.508270558299905 26.453065295964976 27.064983645500504 21.026609994369544 22.275705232153957 21.55250007658812 26.76351061012528 26.58258505413733 23.336822035097633 27.281444453775556 27.103280921196966 26.151845171241323 27.975415004584708 21.32564069655882 23.14886488537458 86.89053249635303 81.84775968603148 57.818914975765054 62.80201734212242 76.80728925254981 60.064366226428895 81.02809494444932 80.15984312036709 81.70187055231855 65.42871045784477 77.8384144743965 83.43527043078547 82.39321160989859 69.49923285845829 60.255667896268946 75.62116918260907 64.46253012609642 91.92225363174164 68.09813749038256 88.99968856177132 72.43167025719387 83.88610768088124 72.85245090064403 62.56604333513745 78.53203675656982 67.34768709358279 76.66469787236942 83.18999786163627 69.97752909802577 81.34024028122042 58.37518585791062 64.8087666689919 65.34908380226234 73.58411364651559 78.38337471174549 73.61940752861621 76.80674330058388 82.03578386876012 72.58950247228978 70.20628051973237 64.8063075249342 63.51502321166896 71.66993956804555 80.24597896460241 62.99959963602049 65.71548807890537 67.4164209505971 77.75196849502325 56.631611451539264 68.65509786191284 69.15231216694211 65.08415570870203 70.45563822882276 68.04887919252069 72.7078840564211 76.67606762110468 70.48077108751747 82.4205215684004 83.99038450644497 59.76832851246465 75.15518045691135 73.5546753291025 79.07452375864915 62.57142720880552 59.87307514060464 68.67952743710892 65.24672667199935 66.4300634919813 67.98058903237376 71.57086604906465 76.9463891958596 78.96297389883966 85.14131319588982 75.42523196490895 60.29227096227993 70.28203055445687 16.44170607295249 16.64642459002779 16.897226474658655 17.745545087073612 15.840974818281419 19.159535881249234 17.610825109397755 18.940466783741144 16.88060212493048 
22.515487505885243 21.56781280964839 24.369122081543626 23.122555434064914 24.808500975302337 24.204338770214402 25.05118096622084 21.46718841505024 24.633680156918665 20.377338249056702 20.335752278544582 20.189420196523447 24.333483334636483 24.135636041713116 23.09609986850424 22.795005708233564 23.91733801422196 23.256288879050306 22.60178275622072 18.56455096540355 21.628977402730612 20.852198015222786 20.77870895255977 25.151866740585863 22.91126741494761 22.900778375449423 23.34525140097994 20.341767496561566 23.41024746636333 24.079174150990642 20.596940599603112 23.02971994068658 19.57221713457846 24.100897312263882 19.795877343879628 21.688743979463375 20.211018136166416 19.14213028601518 23.071394876582744 22.467052724667713 19.416105941990182 27.18862207400665 21.257964202074216 24.516920621423605 23.28306454537386 23.759280849865554 21.46577858444718 23.403301787274827 21.951941265217467 23.061012782237256 19.183188823224746 22.73735911180049 24.11129187471335 21.50476179708518 19.36363523192163 20.214846142405587 22.991140163425385 25.217108147104863 19.554390056708467 19.962738349865166 19.803270141139542 24.225612433557156 23.617719382379654 20.925091992784147 24.859756896536485 23.601929362280185 23.534035607522426 25.159366286657935 19.378159624717547 20.895442829381114 85.64761874082063 79.09619880883025 56.657066142095104 59.47746280397612 76.3140094385083 58.331263057939054 80.86126594643544 77.47067952845687 80.37504400822434 62.910085543443856 76.9211216055536 82.35175668173055 80.93618343285296 68.04310608319273 59.46710609403341 74.45989164538449 61.08741696676513 89.68735300857927 66.04691767201243 88.16219403965769 70.02149686125175 82.37919128841752 70.88933449063911 60.75258207449062 77.82645532437475 65.42768753236278 76.19355643951599 81.74295975947398 70.47075797281227 78.88707911843447 56.99562250904089 62.07984298417417 63.28538650979145 71.88826800740694 80.0027100070177 71.97409520496127 74.43125534637197 82.63222069108174 68.9948269091184 68.78454153420985 63.51436740782626 63.252817857892104 70.03108845837119 77.69788403006395 61.36328464728607 62.78508577814637 66.00702840319462 77.34970769057824 54.72998090755949 66.25020456101218 67.5471864008058 64.94770252547352 71.5867100956453 67.58534979388376 72.06988417366259 75.9448942007959 68.05775627421718 80.37302340203657 84.31950186232739 59.00092407452331 73.7752621335345 73.56758525664246 78.21983638191978 60.245684393383684 58.11509140522302 68.14907984651414 63.74004070640496 65.64374585592458 66.44773909860514 71.15778044327544 75.19979052685481 77.74848918847556 82.88525112764866 72.68538806692851 59.58308343467552 66.71480448869413 14.592526789075642 14.23577106815616 14.717376787502843 16.468772548480196 14.81230032744561 16.487913334431575 16.265982822742462 16.25360773357186 14.944190515079812 16.773162984210188 
23.44734945343921 22.569732030422852 25.55013177850324 24.09262233800079 26.667099808334616 26.18231131209352 26.44704703080588 22.0800344082865 24.486817952024534 21.278682513332633 21.267859427128805 20.80080287343494 25.746476870536128 25.124131109617796 24.515019245536912 24.180061408744272 25.178184166086258 23.570633382855988 23.114463854058705 19.406153178987882 22.11233149828047 22.79652192601017 21.70228225145539 25.891393858428007 23.815831959979654 23.98807926332779 24.02629396059127 20.970748387125322 24.386563215135393 25.111811185114576 23.040780124337047 24.4549036758399 20.839189965642866 25.78814602904181 21.003802107606383 21.923362880732693 21.49164304828212 20.275367080673465 22.738520193817475 23.559709509617374 19.891908216761227 28.769284820781944 23.340638925683017 25.99062773871909 24.02273868543072 24.497115296228742 21.548542590224695 24.13835103418525 22.302292280722583 22.719382207218057 19.048362808542993 24.108793521959697 25.306088704280018 22.474335724083904 20.10851819243395 21.941036927252416 24.18633515395312 25.679910639886806 19.573497362642698 21.541376811460857 21.125861397164552 25.747947825181175 24.94610983632841 22.81592743076659 25.309768699647226 25.549583258328752 24.790190990073437 26.680207229224358 20.29780317577919 22.460433453219334 87.45374553553373 82.3070557016716 57.03709148976807 62.020392644821754 77.47098504556224 59.61953461052735 81.71806755974598 79.9875692510811 82.32908205851103 64.17589252049694 78.93816047381937 83.88078828816515 81.58319104681226 69.67205424642178 60.747490479309214 74.85051396071843 64.38987322891046 91.88236411491178 68.54131822424988 89.94562121658188 71.16094652608227 84.3177991195499 71.93947463021354 62.40662777144788 78.3458938474896 68.06522127401428 76.53255856359841 84.08729521923664 70.88083053929614 81.265297106691 57.46817111097294 63.92108997286648 64.25847253077389 72.39765724598445 79.78622503385921 74.11720170727489 77.231984443119 83.26303358755548 72.2538148758079 70.98282806044749 64.2429375954219 64.43292396913787 71.46690852363842 80.36722950150906 62.9524378722251 65.43336809879673 67.28589645513512 78.44416132848853 56.949117062592244 68.50878083061264 69.73561390193547 64.96918872544234 71.98626123529274 68.11695107312325 73.55575226321976 77.58936329979922 69.85794339511914 81.92342442169027 85.05337887827349 60.46401155159496 75.97617168916486 74.14544805316923 79.60390904965443 61.711595318011476 60.14175919494202 67.66408453706187 66.04531047396976 66.07082804589669 67.31428701548714 73.01730426727607 77.11706813755795 79.34494262105704 86.28834065036654 75.99144253055705 59.330819208387275 68.88494511679619 15.197211848837224 15.179388715888617 15.235138537573834 16.265409958128345 14.72847892980494 17.770984224101685 16.41372908936288 17.83699260996592 15.624416900568553 16.89127133254852 15.372551201502898 
23.67824992799544 23.84731576531622 25.7858214553172 23.759000570276 27.611594678354205 26.554126300584134 26.621760020286956 24.26204483713604 24.174228403952448 21.99064885445988 21.476545376896354 21.825258322767617 26.605808740477173 25.135243462108257 24.694969123171802 24.941766627435346 25.570833576944402 23.75039957972514 24.076673622954065 19.905794169687525 23.24444629500863 23.826470688549772 22.906404210391305 26.135382705043 25.259152432639386 25.552565744588154 23.82948495989581 21.15004878645863 25.473667497408574 24.696408133694884 23.27723688928666 25.590422255063586 20.272748228150967 25.709214557331464 21.528880533649684 22.126681973252783 22.10062445414676 19.876095283879465 22.212994469084514 24.047996679698308 20.117239933060205 29.295616061888698 23.576359826070814 27.567207604528992 24.3466001100258 25.401049625740658 22.817485685622632 25.982374275507627 22.816375859371565 23.668516964474943 20.520776925249464 24.247408323173655 25.23973119366489 22.23133333366268 20.322770438927147 23.278651102986025 24.85790024526871 26.16898009579285 20.897607518700426 22.93978479494644 21.997537411877985 26.058394794095683 25.943600656982532 22.995707492028618 25.27738487854964 26.658066623539703 26.728406616232107 28.284841384710916 20.96066126256301 23.220172762281948 85.95611391009426 80.1644595404713 56.78806413462329 62.86230953788782 75.03887452323112 58.89043452489226 80.53280895320691 78.16886445399751 81.29790211097118 65.02282653522195 77.65833649027897 81.51044297634337 79.15407449851396 67.74697218548584 61.04014020127918 72.95371511666409 64.97806061988334 89.38571348576465 67.9257116005264 87.51839642244892 70.36245363195464 81.75821392076463 71.01179877050843 60.51141296415587 75.94485242555416 67.65114147947895 74.27073117386259 82.32785293892714 69.88061467087776 80.31174665430233 54.93399488961324 64.77849074035686 63.40336579052805 71.64837759640439 76.90324239508496 72.7782642586378 74.8208395395483 81.33829987248873 71.60141176433994 68.86105304592988 63.55689572721433 63.984334928314524 69.29424134871529 78.02554258017024 62.62730759019794 63.45726516597854 66.27727778151348 77.04304627009235 55.78027612583618 67.55254945745325 69.2109113967718 63.75459655592106 69.77471295253052 67.1260406763067 72.586676097036 77.27281188017307 68.66825864640442 79.81886911356345 83.30501092996494 59.82876965680726 73.9172546374887 72.58372863807784 77.89830449479352 59.41952987019117 58.89021071575765 66.7759254726757 65.37159533884744 64.70978790884288 65.18737521952929 71.10183814219539 75.6198911297898 76.61075544982495 82.7887158188736 74.96161532737736 58.331567374814306 69.06153022113692 15.94163787803055 16.319163471914198 15.013292053430025 17.551584228151793 15.422208099628708 18.08131543404109 17.16726288287017 18.132270323149097 16.67039286345713 17.888576468639513 16.111317040779195 16.33243834803548 
24.524674793544726 23.07325615606639 25.646420744785466 24.505119857296997 26.895281017619464 25.667502141727805 27.556030578260117 23.109913030678545 26.402058287955203 23.346319586969198 22.42882955298548 21.816010239677293 26.924691457277543 26.344106708388153 24.49637025544501 24.845765165827395 25.529616146353632 24.121108209883822 23.659799530793656 20.579752883128773 24.34597171285116 22.818869948971816 23.47490237987013 25.867119908034276 25.620971525574582 24.56566636903643 24.3891085991513 22.53596747771976 24.77297857470679 25.907742923976805 22.75074198983593 24.93981878868432 21.113147922462307 26.659909802875347 22.310301142808502 23.43377649046199 22.040348699300758 20.561747520267037 23.98364341323847 23.60972585175545 21.10197646184499 30.29960403633101 23.1636658128136 26.610124444460805 25.2141425092399 24.851323282926234 23.373879801672793 25.755429562729187 22.476955230821154 24.962439383722124 21.190772843291274 25.028605564165527 25.082578139388936 24.0191787160922 21.504582916456854 22.09376004471171 24.190759586684315 26.558091063828297 20.80286546089641 22.898500528675715 23.01563851525408 26.59066445637283 25.213647908351223 23.728484794799463 26.074637975655993 25.88161504296989 25.61601412491613 27.06012988516041 21.283750175639423 23.660800018285357 90.06319927501058 83.69758668152024 58.93052754857649 62.87979406178401 79.97985229171374 61.45581067991998 84.97746559784285 81.34413249533809 84.73701342972198 65.73210407942926 81.75178898793654 86.50573334241206 82.3469527569855 72.2147040212305 63.81323018115109 76.74114621574077 65.17851766061756 93.2665829747671 71.00607655979829 92.91154893101906 71.90311875387111 85.99171024100981 73.17740991836057 63.58863251674771 80.68453082351822 70.71339854710085 78.90175656210626 86.93729865523103 74.42705755481056 83.56833895313059 59.02521069793432 65.31800361489907 65.20578245587872 74.35064362119925 83.07297296142691 76.49255706377745 78.62039963861204 87.05612435129993 72.69486924302258 72.96062756300562 65.73637656729915 67.82206081692475 73.45734394230212 81.52009498342355 64.20318833043956 67.51928970428841 69.59775445283374 81.2830548948962 59.47085249491017 69.00404027577643 71.82138172377756 68.33305171410967 76.04698455699412 70.69405782905538 75.85776690272195 80.9058896196575 70.99441382776386 83.83578920847626 88.35926379767626 63.240185406108225 78.35489609413793 76.38989965664685 82.40901317709255 63.060110999878404 61.569212676683236 69.33383921005257 67.89869596537295 68.33199190991793 69.02996932079733 76.2506450525359 78.83140832640171 81.73679091860524 87.13260947994249 77.87604291775725 59.99692488422861 69.52294073886657 16.166638371755795 15.854958404796166 15.734149549355369 17.56877927120451 16.17488469397069 18.080623344985867 17.525321339655065 18.336893901141373 16.356894458804412 18.48295257873885 16.154642146510575 16.70480355390522 17.20723812603349 
22.74737912157632 20.911035610397423 23.91828136325455 23.098147032656186 24.649565163833515 22.89644033087673 25.55303902084689 20.360213723677134 25.526373537467528 21.479203627640842 20.855849830704265 19.088544171341134 25.290241738294768 24.905660804125194 23.218519597653007 22.84360189632994 23.91453253254196 22.852123400464823 22.124681102798274 18.408035076392835 23.159207263535357 20.3511338845731 21.266137857089646 24.179737929438005 23.247760166753338 22.33653449263985 23.053227650989356 21.707162898823267 22.43132480806486 24.025980614334014 20.526384514385363 22.944593995507436 19.622465704361723 24.495758477240376 20.54452679600691 22.060535093201818 20.194824717422733 18.496271034312837 22.840632171389803 21.864628718742765 19.042002008187477 28.831787177765936 20.512026815048262 23.82330369994453 23.92861942460835 23.03739544596275 20.91847207894851 23.312666421746197 20.375975314244876 23.891058304325238 19.735126443041032 22.81430379985672 23.12879705191756 22.18315934162086 20.42126506093973 19.3614309254442 22.070603050872915 24.49591432808307 18.683615327812163 19.489696212802308 20.265485190220993 24.471995907918274 22.173243589422782 21.335340940771577 24.059562286834907 23.126638210197864 22.100467839702926 24.743743786901938 18.508322980658114 21.40671047415132 89.93481421457467 84.72939052057917 57.84642225396443 62.02267512780447 79.38145990662622 61.93044684589016 83.84521384172099 81.28389775907992 84.07083486133011 62.892216200253664 82.22077364025257 86.1297428659089 82.10642268624541 74.01118833922335 62.44566007626144 76.13354575564568 63.84215791665729 93.51041723780543 69.96434200730565 93.8206727287425 69.35741200310667 85.61129375412517 73.5291965580974 63.23011432301979 79.98004678334017 70.05663102827017 77.54302272944784 86.43171813806269 73.53484961829827 82.58644628209501 59.64818590803159 63.289071925633486 63.8892868435157 72.68773199382227 84.3781051220055 75.83495835716383 80.27596532357961 87.85242656389175 69.32029484072936 73.0178483425329 64.3667671492614 65.51846956747261 74.62424064479784 81.3763444336149 62.173898881106595 67.52850680666069 68.56220132399986 80.40483708343282 57.760162091892525 68.10611307514147 71.75459466890155 67.6635829850032 76.4316207356627 70.84771612810846 75.72562225797626 80.67224467936272 69.81438726035522 82.71031760505106 88.61768991455928 61.79537440367372 77.22406976933448 75.90268758759848 82.78424843943571 62.832714987917136 61.27357202232868 67.61524277926597 68.22992890689865 67.16681721142815 67.04757590055564 77.33180986564565 78.58540752885258 81.56468853221375 86.81603094781818 76.58161119252534 59.41411946723061 67.2109231965023 14.675031356791525 12.433512996064973 13.988179828876588 15.702325782308948 14.56173929619617 15.160165372130521 15.938373036116857 16.326908136849845 13.579728512343056 16.455941050489255 13.746774650479345 14.576799450047412 15.55427775412163 14.884420494555286 
23.059877262873517 22.75665452537691 25.372539269023942 23.363496157892293 26.473858528957372 25.324846837540584 25.62796003340168 23.061789810714757 24.094787106540522 20.819841871467066 21.070558991554307 20.520708619027367 25.985228765341 24.57502698417016 24.141417570514992 24.145548743650487 24.848868606580677 23.816268782687487 23.5271252210382 19.071113667713654 22.807467596704416 22.666081229946585 21.891975365518597 25.914891033471683 24.15043225087504 24.701338406984032 23.608876150005912 21.037455056865483 24.65738645366954 24.048842117058282 22.223848319846425 24.474772331581125 19.701334130920905 24.60103101405392 20.685831220163035 21.633905381749212 21.273617223451392 19.209906182606225 22.417393611434065 23.36118717167224 19.359182548870745 28.548932293788955 22.459618402479805 26.140355624794754 23.86008787999126 24.904309075328115 21.850726871922323 24.906369353465156 22.407187322125946 23.555015403804035 19.880995936570173 23.435336446779083 24.80309948018994 21.43402173990909 20.02930167878591 21.961615448212555 24.500823076096054 25.530961260510622 20.20940757988653 21.22375140073504 20.552447630400533 25.190756931506066 24.559162117646032 21.60955699837048 24.973139463849513 25.539374289524538 25.01337448209637 27.028375290394777 19.61547274672058 21.924296189482618 86.68107383812314 81.14317561274808 57.17233844304353 62.94082785702662 75.53575106583232 59.66502500836576 80.77224147633417 79.13239417901802 81.6765132957376 64.61652359515998 78.31683525577384 82.64529994298098 80.27041523542474 69.19194270530912 60.86457189052132 74.13572169463042 64.20839414854677 90.49563500173711 67.9062522500852 88.61868121926345 69.8888886154337 82.45337949423269 72.18485838627753 60.94092854312486 77.15369597883677 67.7562856539909 75.06114108529356 82.93945647251344 69.97257710466317 81.03923192828132 56.31876319796807 64.61199889960372 63.60153715875445 71.8771916797274 78.17225728214612 72.94726244201782 76.43620723822775 82.46243010633513 70.25697693819757 69.07701695605532 63.63957711375118 63.55373072296091 70.58982009811088 78.88534956931387 62.086251554071495 64.16567995595214 66.57760581507658 77.56395193673146 55.57712902432843 67.51351489774345 69.19037339742611 64.70224471246236 70.71740520010535 68.16515056202198 72.89365027371291 77.79107739845541 69.16871050954107 80.65522088974089 84.42876755439245 59.64138662182299 74.29807011115419 73.185570960151 79.18687289018604 60.30886406897565 59.24710865036383 67.29460214738286 65.70570018136496 64.96205952988988 65.34572704445121 71.97737192397183 76.0242046242806 77.38443744515152 82.85383198011854 75.01449996693633 59.15938461027088 68.9955178735261 15.396702698733394 14.621948397699253 14.484854654960941 16.956930819552163 14.92688712043608 16.490574086622736 16.57317895110546 17.053110232350686 15.231417497013691 16.994045770039488 15.0536554638548 15.547196625335001 15.71013987405409 16.34186714088927 14.094756837879114 
22.2499441491816 21.68944010201514 24.808711108895118 23.01376938274597 25.884953375348612 24.29189406373943 25.397435015658914 21.874544789703698 23.990823776334455 19.606015163791344 20.47245403865325 19.022995165148114 25.84786809575415 24.128647289900215 22.96934753543373 23.09655150689396 23.556741625867385 23.433448002241295 21.92894222552389 18.881735672946583 22.27721927024304 21.610245546989958 22.127976028119367 25.71516849118429 24.093316540424667 23.810376975583438 23.134287643276227 21.14512805512313 23.58381894851463 23.716085777650463 21.241807298982962 22.369788642662968 19.45434219454618 24.115688933503723 20.439214577095743 21.264157554512792 20.42997738287355 18.313713939240806 22.44424806780093 22.57941164635148 19.327252982218262 28.57405735021858 22.073426465641514 24.79376850131055 23.10994972107126 24.258508130828968 22.158543061644043 24.513391173415222 21.799042504472983 23.43852085358408 19.21555102029348 23.843336144694714 24.08585869287306 21.533204064027185 19.83171637790831 20.752046465624698 24.620429160206953 24.990873147606845 19.59662175733261 20.74167214446673 20.625179671412955 24.678848577868408 23.527407665628047 20.879554438349455 25.54259695516482 25.451325565286236 24.310479256523266 25.299488277184114 18.741860860263266 21.2430275903078 88.17012586413995 81.89030238090722 57.88494004862836 62.45086558022847 76.35972048638364 59.75459765521138 82.01199185729496 80.52339889108887 82.62997647104194 65.38271016146412 79.41348721132657 84.82343792735344 79.96695378665758 71.40533068140047 61.66143008744624 75.07914732019519 63.45670303962398 91.71165278997984 69.49724779344643 90.57609940634187 69.58094497545159 83.07572713055146 72.54832904315705 61.04121049912525 78.52930205177441 68.99030736554468 77.21485063281314 84.99333690208937 71.33789534479627 83.47170980903665 57.97588566870889 64.72553523448008 63.547718069211555 73.74113866428281 78.23206760250747 74.42816197859521 77.41854736111107 84.31028876765366 69.95706379707931 68.94727039714208 63.46230553324786 65.19762905189091 72.7112358179749 79.72613045437788 60.91249135795751 66.9517119959487 68.27658197927398 78.58068273747674 57.525608791784705 65.8431237204667 68.88699935496771 66.8972636909416 72.90264844512355 69.06212815071501 72.68317323385592 79.46487317083117 69.75279891139245 82.54317721101332 85.46221856090797 60.25070420016711 75.32845119600859 72.73858677748177 81.30548846187409 61.64587191089452 58.810545826924326 66.79049099427492 65.34019352000975 65.92066593367394 67.06868026344576 73.02445329537892 76.52486000006374 79.3038866895613 81.80075708713962 76.69643411967816 56.929981809558505 69.25571141719178 14.656482162624085 13.580947527813544 14.240823958925956 16.297036904369687 14.134264056177397 15.33002757071768 15.546106782563015 15.897280742068718 13.728184772160072 16.382129532005397 14.494479104054214 14.991935372844198 15.671803992670977 15.65030067541936 13.086535192747144 14.447682923326637 
88.92190474168561 93.6187198350887 93.9218961163241 95.46040916515852 97.9347250176484 91.0168555545953 96.88795270853575 89.53770324723286 96.67140336915753 86.6448046477259 84.13672225097464 86.38070046707605 95.04695364087422 94.27669336782678 91.44604625221201 88.07780370329684 89.59978331552325 93.35723990413173 90.28308985976406 89.9352206856973 90.7426061881579 88.5953601194382 96.68814539848125 98.13249989197048 95.94533295518441 92.65868412426383 94.26714393430719 91.8512169762335 91.08080254626327 93.63067023422951 88.24649804556385 86.95192437376612 93.55991400276028 94.56239590424829 91.89291587632569 92.4114780303916 90.38604646651764 84.40172713210023 93.5804083042872 93.27802695070972 92.76291789373234 99.39036914055995 91.71067862072006 93.09791489486676 92.37737274477284 94.38166752532038 99.49239630431225 95.22353773984369 93.20814685835201 96.11117118489456 90.88472132524346 95.456606018316 92.42170695874678 95.05515590410427 90.05873436926306 89.52646759644394 94.68753148684637 95.33530698093455 91.65182413386191 88.80371674716774 92.60836561865618 93.18371521317005 92.61620562894912 91.51717848184401 98.93164701981442 95.36805997341122 95.24479757461772 91.22517173063247 89.85578551462952 90.04048826782712 132.7304264092463 127.21678496765881 118.84893563429313 108.61264031452941 123.63041150035818 109.45980971426472 133.2748353960667 125.94177034258966 129.76356979812962 120.30458616012001 130.37884422083945 131.04976114559597 124.86629597092924 131.59121146574142 117.9464690379909 118.1750974693061 114.70403105371732 135.17958626670378 124.9637757219491 138.49882151683698 120.79465347867888 125.10944047259703 122.8482164339333 113.49622302616187 122.09486157695919 118.54505667831447 134.51067320034656 127.56937639574117 128.29545644063077 128.31966419616484 120.00336153044374 111.34482901170276 116.45332734291497 132.4709334912352 132.49635152630933 130.30469062740136 122.33220123482526 139.61652637489965 117.8563864974077 117.13602593690328 121.11303089530692 125.96754327544222 132.86241500843673 122.39336291974305 114.70914302571195 127.90728403584082 125.95368208210887 124.95743606488037 113.13271402546528 113.18402933006301 118.26528841492394 121.99668973934276 133.24443876383353 121.08778484743769 117.89217016728848 128.3857757230438 112.89153931686678 126.62148969050425 129.7907729621836 113.1766859352664 119.16512798788025 119.70680147771428 131.21418074498368 117.30468655265796 110.80935760974273 116.71927925394385 114.5325525929483 125.30905889272718 124.59380499334735 123.25122915250779 125.61701475246444 136.68595799147135 120.08942878254588 125.10177188511487 103.5733492289483 113.09499754297775 86.05945434536177 86.24871550198979 89.44175926026281 88.9386965046535 85.77303137472026 87.52760048677483 87.21391724825236 84.27460198226566 85.50681183729105 89.8311200879483 85.75283974898467 87.95579859754508 89.7475944254325 88.42150630965378 85.27472012172034 89.79725263574791 84.89919262732238 
68.316549675808 70.24603181310418 74.03169447459668 72.19611026546151 77.73494470622053 70.77193632182528 74.0335943563914 67.06166291743271 72.56614960671155 64.93513936196823 63.33227514193716 64.5010881017161 74.63826558567379 72.29554484529473 71.19406674647848 67.88270799692991 68.67983144735007 71.42768327546432 70.7246686830229 65.70636275778513 69.35280629561589 70.20990131569921 71.99309472095949 75.85722110249033 70.6509261032757 72.26169968032171 72.18999134526217 69.59014208920318 70.79548458695979 71.25238000526087 70.1466547824294 68.47942415126975 70.3832521142117 72.79739429199722 69.20205818925511 67.11176895379761 68.56960790487304 64.18192348278255 70.02326534850316 69.31006458428269 67.99696910417207 78.34312350568646 72.1653171627016 73.72308958398658 70.04107564358782 71.91657657190656 72.0214946810658 71.9309549486582 70.9418707757343 73.43607132900769 65.34760896647418 71.577812648614 73.97727317966607 71.65446811535367 66.93391006207982 70.74552696697974 73.36184484086775 71.5861299623964 67.59075089515514 66.124241865949 69.56144838991683 74.09112747765484 71.17171541981517 70.86446836495674 75.55269010879155 73.99191357918336 71.26256003996872 71.64383619557948 66.83357021282215 68.27811413450631 103.10438147214559 105.72468498038171 93.07669149437358 88.39464961863227 94.52134419249954 86.88466354930767 105.69774224027178 100.79687975725227 103.12544868037395 96.41426492995006 104.62454146138288 103.2813778515317 97.5497853184608 106.62960674626241 94.74342988213024 90.37984007737637 93.2706139678423 107.53889215280327 102.07893382321349 108.90500538070795 94.22907887037267 96.61356049964355 98.23155472308672 88.16076829072512 94.1708568424246 95.87942235519583 103.10720567174282 98.1337282742348 95.49725534238554 101.49736708381405 92.92837264416733 88.34184941962056 90.12681754712001 101.2397210126242 105.00836389056663 105.37414042555037 100.18993706468996 111.4799106287643 92.68661331030488 94.49200846945372 97.67009576333494 99.38660083952716 104.44617508579137 97.59017834542459 94.79541217199427 107.70605618689282 97.85491050454742 96.4427555178695 87.57273030235555 95.17840540324781 94.88710240087104 93.80297713107427 103.27340071789894 94.2438206255785 88.54259272728703 99.11437515935891 85.3168759853901 99.3253188492658 101.16127199885081 88.35853494945763 95.68490609645443 93.51351259909602 102.87514565995859 94.67485173191004 91.85522846785945 92.39110388322429 91.18268247171136 98.53432979207064 94.20958634415182 99.5510202608669 98.81233269961484 112.19572768251305 99.15615755216932 100.4599987993914 81.93783948800889 89.85999521798824 64.16064211397305 63.85759814934859 65.47525509535703 64.2633801837174 63.24409119531367 64.80482467667551 64.3284145096792 64.80343881790628 63.20453008066778 65.10735387328182 63.6804233890878 64.21173396062552 65.32903004282277 65.61682168509745 63.02561457798241 64.88876388085876 62.0484067530369 97.19995056556802 
110.7559613820672 117.44713810944688 118.90041644103609 119.86796483314518 125.5682814142634 115.75106973774345 118.86686251527208 109.53042605160475 116.85210663941716 107.40437032284458 103.61346835271246 107.45082406901825 118.1268101470689 117.36068613082769 118.20193021355854 110.4639428894353 113.69371435626127 115.7982327315556 115.79098461045751 110.16482811458098 111.6662170272515 114.24871865628153 117.38895134374717 122.03807736369393 115.12585560506805 116.50966923103232 118.72543417491805 113.52320183633776 115.2655824479636 115.65062120668567 116.07105426439868 113.17599013183437 118.99177424299003 118.61707046471778 114.48425050718954 111.01863942361014 114.60602863738222 107.23083279078608 112.9908155368011 117.27998705238643 113.07470922178952 122.89774682127533 117.0035350644111 118.02435068930251 114.47253922863332 116.30159602344641 117.52573385467637 115.68333796294439 116.350089944588 117.03954037775614 109.8770261200009 115.62213406273509 118.49395842111514 117.01360264858796 111.58033943683469 115.88200050280531 117.59562121106221 116.03075298775813 111.58872887997447 107.85381351718195 112.3861175155029 117.51552343197824 116.15590442319504 116.73716856011293 118.83983507209138 118.50003191862723 116.37227390571513 116.27891795529331 111.17304879790099 112.22667131436353 131.61727529562177 136.74463884598276 128.04178847256787 119.96158742297298 124.54525661435328 117.89742538491144 135.21623956508256 132.46599001252892 133.2743620969269 127.36648767949231 136.15670141473382 130.53418417152886 130.481951949818 140.98329872549047 126.00276228624867 117.4762448075992 132.843037554157 139.0152749123792 134.18927208857704 138.9719304274397 128.55420924389014 127.21585648432925 129.98459290894212 125.39360958588396 119.82886586886647 125.61962079648735 136.5358081796888 123.76384632741946 128.94628653388222 125.76563942758087 129.6513208487598 117.59822535850023 124.24891039372875 134.0290416139087 139.46853126342882 140.85166020157317 133.00011465017596 143.95494218904213 128.49021735423707 128.14461324117087 134.81997093071132 131.25213365503302 140.05745630951503 129.9625603244539 130.74989859792788 138.70199631190147 131.6911949020319 125.5276850433375 118.12756754669796 132.86140775283607 129.56062487900232 119.98034689712404 136.88675836104406 125.95353655017865 122.03845401861903 128.791912569669 114.9847652317812 125.0817961297328 128.78622541548225 120.64066582829591 123.65927500065617 128.04484700553505 133.26567895950063 125.52706096055347 127.55274708773734 122.34113478369841 127.92556285468137 132.4661835602803 127.62581132270572 131.36400057023977 133.57225834564022 144.94899695735836 134.64868980295432 132.81302262037778 116.24861785685194 118.8731510235074 108.91513096675429 108.69514295688694 112.23795913900327 108.1049663099572 106.89551752808192 110.80514635248744 109.29539454796739 109.27183521987428 108.77918352847222 109.45442005475267 107.46176742961826 107.98738352636715 110.12706213845026 110.61672845942498 107.63617275103347 111.12964396851537 107.61175634723745 99.89117266149765 105.5264963828005 
93.87833890432107 97.70741821607287 101.39141023166871 102.43690160756289 107.73707093712797 96.90333375707115 101.40893177369327 91.53909956314759 100.62475536382664 89.5802840373652 88.12654351256612 88.46623655234028 102.5051061710631 100.8149043011664 98.60699029711382 93.11617439723467 95.0917944090999 99.24820577697105 95.83550181621816 94.2078059057115 96.3280049514596 95.36225718763163 102.18647768543164 104.49177843121416 100.3025106134858 98.87086877374699 101.47088255924388 98.24500087401296 98.26180902808872 98.86057872008074 97.71645548088752 93.05990416446393 100.63234520121283 101.54617916894415 97.96261030417106 93.34338538767123 96.22862665417193 89.65622913120889 97.45151258382467 98.99878916387145 96.48010918497386 107.32313270654447 99.04728540391014 99.03104569483219 96.64674469881913 97.62605566128293 101.41998472490609 100.24541835787451 98.76343892806754 102.12644292596205 93.09834528580203 100.3215821508769 100.73696151255082 101.0554589738558 95.69429348428865 96.77500228380137 102.24469594150095 99.17018653568832 93.86657689976343 91.9062857528502 96.69855602654867 100.8774850050439 98.00350121694704 98.66193726333994 103.28081231067262 102.61428532815493 99.60062408133015 96.50717848725552 92.30544092159191 94.63563674228963 128.38778506554462 127.22378687981912 116.64345814017543 108.30038866547436 118.80959814009658 105.75917310955721 130.83827130897515 129.11504550422268 128.0863985884446 119.18834505764752 128.26232818504317 129.91013280587546 122.37863777294673 130.74796429930413 117.24423011212141 114.34587596362583 121.82429252750418 135.56095563115448 127.10920196878602 135.151068815488 118.67494946393344 123.02528088136901 118.92396790534583 116.02403805302548 117.84019481723423 119.34077251604499 134.1542121692405 122.50265982494545 122.99871618550452 123.82083450020023 119.22031565836126 109.71102439596496 112.74896479534296 126.93488755566295 129.22260352842474 135.3283521465689 126.81893994991042 139.78212861997932 120.72058036150742 118.06077003757886 124.02709111875755 124.7455001220536 130.10847680729978 126.7301283972892 117.62505381002269 128.95372424096394 125.19956083477273 122.51441952567501 111.87180181032495 120.99887490285928 118.87612838920145 114.27959628383033 132.02411573017545 119.05413020465261 114.88301981278491 125.72417101971119 109.76756871338277 123.26272726508707 125.86018230739137 113.81046017444308 121.05274752116175 122.71066385287718 131.2619497475583 113.97017820410463 116.32899244167112 112.93049694910303 118.43699908687859 122.6633576172799 121.42640107813654 124.58874061741191 126.60331473850417 137.78110764003134 128.1265778794913 130.73609286922914 102.49567477302067 112.48445950603559 89.80993875170736 88.65141478168078 93.0070119481932 89.26239069725248 88.3776010132338 89.24050086961694 89.66141834669506 89.21234279769574 87.57160006897983 90.62545420597998 88.55524646935869 89.13852561170697 91.9640188628801 90.90288638379744 87.43471760068365 91.77801241817264 86.69290161931212 91.1104141491871 94.12165456454147 94.70365667156926 
101.19058401941528 106.01746990651752 109.44770731988491 108.96796802571593 117.0378842343069 104.2683572945609 108.76722045846898 99.58433558313392 106.64573431561291 97.54296629127361 95.3448092338024 94.96164028968899 111.85069984110287 108.1698831685725 107.81995112496895 101.48442389640678 103.33018366639226 106.14462921180026 105.00425065900225 100.17338030262431 105.34538649791811 105.0678797897039 109.45743407716212 111.54235722697271 107.11733197743568 107.97627332397899 108.20878241136357 106.43574503311254 105.85530932130413 104.71125539915505 106.97107171932933 102.88902724468593 107.41963913743214 108.52488609189449 105.83900149917216 99.67345142496687 104.4726716694021 95.7578587097504 102.21502368353953 106.14514054673887 101.9365410968223 116.63028759889778 106.99861445599217 108.22207997680447 104.58265624975165 105.6974489013641 106.8282596237559 107.98176221941084 104.86257437228277 109.76357375711154 100.53320863456395 106.50142374778395 108.2791247541143 107.13089274635107 103.30072368125049 106.15859504258023 109.57603390839951 104.9626454281888 100.67969431265199 98.53503313877683 103.6372384757986 109.04780760842256 104.76034053464922 106.51323287425231 108.69184467529159 110.6792431313381 106.1171392300386 106.45781674239795 98.52864112614176 102.87658197208796 130.75931625330827 136.24925432193575 121.21170142099942 118.42580493112337 118.60405344136275 114.15047291496333 132.0097502745543 132.98678765362865 131.74109419220696 123.07009399909796 135.03380120769975 130.18127936351902 122.20061258036333 140.1182125182712 123.66967440989826 113.41184816977332 130.91489066739237 137.51895692603534 133.95102229134736 138.41619009903715 118.90337779435424 123.13737976696275 125.36147686976041 119.40510064590033 116.02091144873029 126.90480766730417 130.8664549383035 124.26062640649472 123.41763075152063 127.33427778471312 122.8106242540215 115.32458470677298 115.63915655623678 127.37957565992299 131.6792954515814 139.87435082468323 134.6677234037648 143.08101052735157 121.99789653174483 123.68394515844587 127.61098181342616 126.98451604816958 136.26559084934095 129.3733094794259 122.92772924750996 138.11451584041745 128.0070393649574 122.89935189471277 115.41293050063149 127.56866267331063 126.84427207000695 116.12028760458175 133.8292051726403 122.99610657461344 117.9546489248407 130.12023923897974 111.1083084735603 122.90675989431683 127.2145602779478 117.32174638771181 122.63140209364674 123.24175021326424 134.09719324587462 119.27356653656214 123.77368386604705 113.0241352958874 126.38560579102756 124.71460803070403 119.21411741110326 131.54755743671976 130.26384442714988 141.16312997905663 130.5060600932383 134.8981629627631 105.49488707195285 116.1183330057301 98.48603115831007 95.04091843025792 99.13239154313334 96.36457439483908 95.60247579063234 95.76719952323703 97.33576794993397 98.18346347225925 94.69783306171678 97.49411437711701 96.1602974595171 95.8335476943531 97.53644851723976 97.5345108308672 93.60163025889236 97.42934767457797 93.13416853118217 103.76985713494385 98.96594987754632 103.17331943450728 95.15781428114464 
101.02000367324308 105.47723973017185 110.88491853596385 109.98261017852974 114.70350257151163 108.4587580929762 107.12467526218606 98.85723509952008 104.88087800930352 93.6005631447925 96.0270747208587 96.1947561329966 107.88222816679561 106.24428482014636 108.8274349483584 101.46441658630712 104.66434543789723 107.73214055376214 105.0073403359055 99.62770614156331 99.12887036164099 105.14424607765113 104.23290357774052 114.05801127142433 102.69527530881285 106.53643967235949 109.91674200249696 103.24861848186872 106.50241364794164 106.08530243757683 107.30182933980011 101.99142719670951 108.32620880488952 107.19282332572803 102.60907421048547 99.6336770998521 103.84054702676005 99.63870111633076 104.45687076842894 108.16737634198421 102.10927714615089 110.96977577436003 108.61595289777742 106.4244653441496 103.26523939852717 107.13261715438776 103.95022872841686 103.84816248125694 107.95264936352399 104.62056692367277 96.35634176471711 106.2893585013826 111.48353240652051 104.61219564009677 100.92538258598266 105.32086136197945 111.24236964832086 106.29558631696918 100.20440770829619 96.6068826837315 99.31928393340694 107.44069760371472 106.37375403546865 104.06299360890908 110.72195196696781 109.57949503125674 105.04825242783889 105.55436681309604 98.93270155605336 100.46619569309544 135.45991234596983 138.57298039708866 123.91269079763052 120.71572373909429 126.21262088480152 117.31867372338972 134.29340402795083 138.20362792425334 134.34273093808343 126.98849513313075 133.68774229408857 135.70318247367177 136.16261156904312 137.39523679586748 120.36151307656007 125.18206044745209 129.92112052883905 145.8188009171405 131.11747590341875 141.11218490978803 130.29244335781786 132.70772751387187 131.64568881470916 125.25078631586557 126.7392823306951 124.2609213363265 137.99372568591843 128.67256600452103 124.87303640586069 131.56939685379177 128.4027387776169 119.75051017709075 124.68786142045029 134.59284320282023 134.42789863327152 138.66301827462283 136.79173595528812 141.09674224760923 130.0157468764137 126.59230666021992 131.40151320819058 124.53138436414368 138.1667854240031 136.28269189117808 125.82316958282597 135.90764867081413 130.14521072813264 127.6312796714328 116.23391568183176 131.90542287791192 126.58317217383731 119.66560352222429 131.33485969781054 125.6623839298087 122.29762231542291 128.88012281046286 121.34751256904423 132.79234950972253 131.1121815249706 117.39096056650445 126.88450768379036 128.69087075090792 135.812528588992 125.6840817314902 124.51253868940822 123.61598792268377 125.33740478668639 129.17376768894738 128.6531437601828 128.69944116737915 134.7045808583783 143.13767809316735 138.45610622300265 135.05325660185272 116.92593497536102 124.90910682026916 97.21431663008134 95.98654040760339 101.23900511291225 96.20054470554032 94.69996576068998 98.39701378151116 96.97106474373625 98.11825082521533 95.41663949914218 95.95630746003951 96.29467930674724 96.00563399502641 99.70645706559719 99.76006852419667 96.43876642837625 98.98605440111538 95.11315059242233 116.02246273526437 108.39575876537192 117.02838786250867 107.73048885262449 116.56219949432138 
123.59864094136643 133.76788145058964 136.49027307409781 137.23010126573857 141.37449391310832 131.3109528467099 130.44894066216978 125.42642696437635 130.0810319611403 114.41914271570923 116.39215155498437 119.64006647961858 132.11353569349018 130.57507903874915 133.72512826386236 124.60904298876746 128.0499641812444 135.68893071566512 131.56516470164803 125.29493080032061 123.86606425304697 128.3340866649231 131.96082197136766 142.95516527949943 129.92415091938537 133.77847315058375 136.77037961024436 127.38092283977878 133.14494234244336 129.32876700096745 130.67030139935613 125.80110933682948 134.89779591282513 130.41519607219914 127.46086427143447 124.04682934506522 129.85206415494966 121.05763943616772 130.19224702635063 136.03511218359708 127.77683241154067 134.27894861346653 131.79142824050925 131.46114022421008 127.92510302302479 134.49606348492716 134.09699301585522 131.07559994462605 137.05346267049185 132.34246088501442 124.28692066219052 130.36102491305587 136.0490840886437 128.79864627006705 126.12705269292984 130.87239260643358 138.97964787656113 132.89838608342168 128.7333894532834 119.18472021318516 121.68931831263899 130.058110479006 131.67156109892198 126.71990089557636 136.54995696161419 135.6806078500435 132.80431457460492 130.2061744089839 123.48843664254652 122.19337273581539 141.51814165517249 142.85548727972895 143.09034461648213 132.58339809919195 132.66192017045717 125.4634344560197 143.42977661082637 147.1296019644987 143.46430826241746 143.12401390301494 142.3758486793598 142.88587729938683 148.00420504098415 147.836540587519 133.2504725311092 133.01282250489325 144.72850685743495 152.98221785072337 141.60397859425578 145.69034509990004 143.4323328985877 138.98946128601486 144.58811856589122 138.32835689779463 133.57094072581617 131.62751424173823 154.87042497785865 131.74907624082093 137.99332011436866 137.6288456558183 144.04757956016456 131.94443668332897 139.19877351593308 149.55911542620686 145.6002430907625 150.38676430583368 144.6707884771722 151.67221994308377 141.25356431948006 131.63760869191097 149.4649999084551 139.8424642815703 150.96866000547314 144.1503743269596 141.70221725768718 142.94510772032962 144.3943337614051 136.83380000544295 125.10652632807323 145.40073533432832 135.23595609918442 129.66075856804883 144.48382110710054 138.95435830844625 132.52712423420598 138.80720699019608 130.97724644803452 138.03763741568542 138.55351388711748 128.7966042067163 132.2193097666533 142.18201813361898 146.6737733765588 134.39404598199357 137.29695658761477 138.20096529316788 137.82963154230512 143.2173216709464 142.29565656489103 134.48208254472038 144.9806614315125 152.57495690243638 140.70354543109764 145.28012252773152 133.97711346530127 135.92871740281007 123.53645320981575 121.65270534903907 128.4954866457555 124.49613213724969 121.02392066230662 122.04483255197033 123.94445377543396 119.83742353463349 121.58613476706756 122.72704620650157 120.65790794789945 122.38742686599528 125.81891287207233 126.1256729534809 122.57880376394205 125.90619477430104 121.10556109148139 99.7471096866832 115.05548945956602 94.14577228676595 93.47438687706544 107.46184773189876 115.81181694260124 
108.74133966944324 117.47248670508782 119.60372583056136 121.52390887177636 123.96207012648408 115.0124955322038 116.15046763659505 110.44450033959357 115.64590788868021 100.38847313041276 102.46803441866199 104.44787130082474 116.8785791461281 115.6145018461169 115.90191948649485 109.60416881466992 111.72841786042524 119.83971871378125 113.36365413383227 111.75972056015455 109.43080174259381 111.2113714180947 118.52872965849093 126.3660543973686 117.43538031253959 117.35414556024963 120.25221129390563 112.23125369622542 116.82187345473753 114.81179771555107 113.78467110054471 108.46336405169062 118.77850344105406 115.79491358199564 112.82339724731602 110.17247761179814 113.95881491031423 105.52232721564123 115.65565829626163 120.00761812340335 113.50055545061521 119.40626261786372 115.50059839169231 114.82889075964046 112.74792589643492 118.541365224602 121.22213484010445 116.98042136754464 120.67586169585867 117.07372739997761 110.25004576186382 117.1389006745051 118.35952103242903 114.86447841279832 111.66079087879943 113.58957381327653 123.405735984842 118.39743727945348 113.72558609232148 106.75894039727824 108.73244582349837 114.34805838786473 115.97161361773915 111.4366850805061 121.94336887318711 121.11582552079952 118.8990872376351 113.2057800004025 108.92411121294361 107.51969156808103 141.54925105972413 136.76450929599284 134.92466072086285 123.67711597703568 131.5220731007989 116.54226843909285 141.3225781273864 143.70278740698413 141.34349010979687 136.71748798730036 138.4219332562743 143.3631180459218 143.0918326526384 139.7692938952141 126.88956390827941 130.92483066111186 134.81892203755882 150.93615379945487 136.05592519730737 144.76308945809976 137.0559718855867 138.2852834786057 137.0729488547185 131.07193972178862 133.35657356661363 127.09468861053547 153.99854238803428 134.19070143039548 136.60936983988498 138.34466464222848 135.70112077282192 126.18472058740112 132.12628276986626 145.83422321326847 139.8753419708311 144.79250332847647 138.77110637736064 148.29166825019135 136.9401270045003 124.59050689118052 140.01247819326517 137.00827145543195 144.69474663219464 141.03623493380312 131.8046399130779 134.68304400014955 140.121955254109 136.29199863110318 121.95497918723666 134.09176021328398 127.42463780546862 127.37489079906844 142.17758451262117 133.98281277384413 129.77359104900114 138.04468076061812 128.9152550616158 137.78383194501635 138.2559123043748 124.13650118740985 130.63421878233183 137.4085727124717 145.30213326673012 126.58485359076552 127.231551150174 131.49435652620696 130.22296080441825 136.7043434034045 139.7591139187972 129.15485983060557 140.06578351036148 147.29892753676364 135.16297329743327 143.16909181833364 123.42359918714347 131.00794236712235 107.1654481680078 106.0015784782781 112.4862765473259 109.29267929190442 105.18858461442947 106.10189530052787 107.70440722546434 103.03301190762701 105.19125132782166 108.08194177259963 105.25139168264324 107.07652006052423 110.83652597822714 109.95423353386336 106.57483771394054 110.79184678316966 104.84758554801083 84.87055710376715 105.69664698174014 87.4227001074002 81.84508268391747 99.32519661308196 107.40341231986126 70.56005655819399 
94.83261370569657 101.7908029782214 103.14304139811456 102.45961229923104 106.55218664715703 101.99283705487431 102.27452642847486 98.84350297222511 99.72813387651789 88.68538562352876 90.42401953675689 93.61339802086773 101.41117489068543 98.98563426270954 98.92726023660249 95.55282837508776 96.81559749582073 101.88462970359792 97.69339305152036 96.82907418859837 93.87389932562188 98.10936374356824 102.44185638453007 108.55544455407089 101.99542089261828 101.95632398161393 102.07642085982494 96.40280740980545 100.72109011176323 100.01498735762341 96.97131223893663 93.51864613533564 100.24116881417595 99.99191780183837 97.10518949351453 97.19443137949803 97.56352977070098 92.3642810173665 100.05422149366409 102.30865249308421 99.48961756640412 103.54469435698456 101.75197482062097 101.4359272810167 97.29583874677364 103.81942751282567 106.31203075536112 102.47861183248389 103.76028947639337 100.30222223020208 95.1162228192088 103.07723792475757 102.5724430314889 99.15324172527379 94.813939743354 99.02818820005118 106.47529970922749 103.2468302984411 99.65668987286425 96.37248925391258 97.56273468891342 99.85594218488173 102.49262591619032 96.54811548493306 108.23197989619925 105.57071706052774 105.24153481243691 99.48525464080032 96.78154219828572 95.49968161470477 135.52760554371383 128.448164963009 125.00596115587336 116.57535317747315 125.3642558252793 112.58992930191789 135.26495058890615 131.679499007431 132.89350367602725 131.11161828085963 129.72123272838667 134.65807935879292 131.83056345031957 130.70932963833548 120.42544735628425 125.3806986954265 120.6865114062445 139.96554370322036 127.86115624059545 137.8677568062485 130.75636241947282 128.88159895750303 128.89965486202192 117.63289166799177 127.61882966824577 120.66775623649535 140.29371712526498 130.1388544848396 128.9196390720574 134.8929196887401 123.90406812419687 121.02934322245547 124.48493819498803 140.78246212350172 128.01200798701763 132.53746567380898 123.93935955977533 137.26892875227603 127.34453967957239 116.8737157743925 127.01709979712338 128.35807808674207 134.4905802941994 127.49726525490398 120.04224058213245 130.19711603186272 130.6093426007822 127.97354564009461 116.88192706406059 118.43692786369316 119.29422212233715 125.39100999491026 130.04579392382584 124.05394269550686 119.58459102153182 130.16015081416722 121.36367116738349 133.82912394212732 130.21628143770073 115.5857442444892 122.16552998597562 122.34121901236962 133.6009056765964 122.09927637714722 113.3671850954661 124.73365064145936 115.59984728154392 129.41501098862506 131.7779450568358 119.95824274235937 129.08961402219458 137.77131524231717 120.9441432344306 130.18774621871836 110.6603612280252 125.34105821549315 92.43502274192713 95.06968414691407 96.98113684177896 96.39303874458179 91.4473337870193 95.21148988200686 93.28029375721026 90.53952757644191 92.88437570693564 95.4286596493351 93.52288032061826 95.10018895820299 96.8154419363448 97.0911703644319 95.4540379877571 97.07955426389165 92.37954275292547 101.49488595929364 106.38624068714383 113.41233699413245 103.63690629807343 117.39505365574138 122.74229543917414 109.54333303834855 95.55379584262569 
80.8705096791594 85.74931358113012 88.81028863751213 88.23761625403475 91.6153128950917 87.50002176289881 87.17464943205502 80.9270364442316 85.8123851916144 75.20263388776686 76.08480596700277 78.8687917958402 85.732648899265 85.07378651499668 86.5068994426911 80.65405051350938 83.67168562717252 86.58995358401589 84.57812851113137 80.14062101253194 78.5847970421895 83.53970684767278 84.15972545871436 92.6423404771572 83.17803087623156 85.48167601314663 88.28433447909325 81.97067462714104 85.26550024659701 85.9262738555088 83.54540521396767 80.87233484002266 86.55778643950809 85.9106219692373 81.74154188299563 81.95072009085271 82.73274303888988 79.48033721237354 85.41129256508786 87.0062783923279 83.4945542379487 88.65958723408437 86.84391650719736 86.08950856256575 83.16072417523053 87.41246167587337 86.59764069520689 84.24509116948158 87.77010525174136 84.64439892526921 78.27984406755566 86.04717906847554 89.3253756162475 84.41333890425061 79.89678729037004 83.88458506232028 88.95482091638695 87.15083114221211 82.28687074666821 78.24040879540048 80.63267741572065 85.79064189567382 86.64787915351914 82.89964349919012 91.39449220905611 87.56958089165254 86.11172438257728 84.89999588674651 81.14256169398168 80.70011034990435 116.49716390096495 115.17404211489502 106.29096128377157 99.19422926292333 109.15365563265777 98.67304840490239 117.0140780396138 114.36997452100586 114.35674025082811 109.26311093090717 113.25574513053162 115.48848859792253 117.17364345828673 116.0118801665275 101.97742639134708 107.69707394598731 105.1229991426528 123.52336275062699 109.6809862038494 121.34866035454588 113.45293592610552 112.62617394505094 112.40634422725739 103.66285336636243 109.42005455996899 102.87747410674984 119.46876895117141 109.79188784947347 109.28363951700614 112.21722135658744 108.87888822368569 100.6878409153802 107.32526106169752 119.15964926045464 116.82935462084056 116.03807133110614 110.54315100454251 121.2127040662679 109.1163766152489 105.77954395654668 111.52010105432139 107.19411125494301 118.0262248357659 111.86645108246866 105.641777444337 114.4639237674603 111.09041217763007 109.19586329218943 97.49218512844638 107.47784569907836 105.6641484751356 105.09725682556581 112.74212116909447 106.65239701525842 103.10125396203868 109.33344922282485 102.07174824027435 114.39344841252296 112.76575803707858 98.2436034899455 105.65172975639753 107.9020487771508 114.4214609980395 107.28441838755997 101.09447639143922 108.1777349085013 101.63038574905237 112.58181566927058 112.07616876829111 106.94389266503612 113.4595857700865 122.68636482397787 112.91858145365165 110.45530664188641 98.50291925263038 104.99532556875286 77.60703394073873 78.83082766366864 82.16659205694043 79.28558091824655 76.66072244306152 80.98106143366151 78.64117434154012 77.8739922852687 78.06833686038328 79.02965200780406 77.73687402253188 78.93833571576567 81.52443978155794 81.68146865733556 79.17824026677994 81.3129208569463 77.88422533931524 95.95678187591784 92.6591164689576 102.35685255727289 94.47770196782338 105.55910878933071 108.42826076327385 102.21775977918298 92.41049051537483 103.17142380041588 
130.55425361313902 137.84021422214335 139.42773642197213 142.87342611234044 144.66850160992922 137.53540498783988 139.26382560725358 128.71257012199274 137.43934669667982 124.87576626509852 124.03210768326353 126.93602782808661 136.61084614395472 137.73285438217292 138.14345897009832 130.40456473478645 134.17400102847668 137.7851211156488 133.53085992889768 132.46818096797304 128.97752792673887 132.39694448109515 137.8311640102096 144.52701904511204 136.56431082070787 135.3859372780006 140.81409635438993 132.9103023167682 135.6858603736586 137.70151674768366 136.0184193219459 130.65692512467547 141.56171596529242 139.5511126301224 134.44185822402088 132.40267613694638 135.07171098255176 128.73892737859873 135.56367375266777 140.59727863126543 135.03937823055855 141.07250829375113 137.43170083931554 135.50362016611857 134.39393695966655 137.20368122758455 139.64735782285717 135.19848625684926 138.7242831064741 135.16412021906618 129.60177738003503 138.2957129595991 138.83566361796187 137.92443586529293 132.41425192382758 133.9363324722345 140.11597823215817 138.4322868270342 132.005420831001 128.1931149715728 131.34791229448197 136.1586966755678 137.09999887792998 135.88485695192455 141.18909610237228 139.83746652932035 137.9907914733714 134.17303624535293 131.59592287193664 131.05987166023587 164.99819610535758 162.773663133398 153.812565779317 143.22125356084243 157.9909038171059 140.52605294498912 164.5907963858337 165.25696561016008 163.73783064036178 153.80201980245656 162.5441297593223 164.9662508325543 166.19553042391084 163.7485370364582 147.88507905645474 152.26528717259984 157.58697521633664 174.66633023354657 158.29403181183736 170.80908150808153 160.4308696247859 163.70621542088176 157.3858817850735 155.73239157951298 155.1425454016642 149.79374399663664 173.62855252482987 157.97170079187114 160.39262238219263 157.66116346419398 158.3681713643795 144.43950772256716 154.13261602788043 166.2102427087027 167.2429336061176 168.3432106384552 161.91603434236404 171.9338209069045 161.75037692616016 153.84217517682404 161.19938348617924 157.76094862040623 168.2070275815353 164.38732737601293 154.51827601259794 158.91510408222695 161.34594938025614 158.59103443522554 145.51968020389978 158.0913716391562 153.4964784576302 147.87212518214966 165.86240177801508 154.46164516150805 154.37668580829035 158.7869270302242 150.0478448896262 159.82493326737918 161.0323413213513 147.22615796545765 154.64629828969524 160.2603728833657 165.55890783175272 150.89473839838703 150.80142881712214 151.51334760089242 153.95533791912172 159.90532930940105 162.6232718829782 155.68464379780795 164.5744855147708 172.36408190389864 167.07786629869054 164.21091613569 144.31537197837162 149.4905879523446 127.58610982029865 128.15086485898584 134.16509632607398 128.06647063470302 125.60184309908222 131.11017487790755 128.47568863301396 127.16298715702041 127.72227663245067 129.01323740309815 126.84605788795004 127.60525444375901 132.20095217667625 131.11519737371245 127.92350657979988 132.9265748286835 127.56180832596179 105.57446169074386 127.18904066559419 103.91311772466007 101.82362766307043 119.23068296552619 126.39242559332277 91.71790646831411 79.03474929920749 118.19377799752628 111.89083212793177 
80.64759705413645 86.28106847151354 90.84902197093056 88.69545346920492 94.76643583637988 85.6936608357389 86.49718291551609 81.10707974674675 85.06175288563969 73.502363564608 76.03001581166394 74.75647091298472 90.16174293727804 85.90356714062877 88.31259546008103 81.96876644517569 83.78136480192397 88.79973543331275 86.0966807524443 79.28396955990293 82.60860435860215 85.31332650402186 86.22031081965206 94.47009087463819 84.54264515934297 88.77632145436628 88.9536494523739 84.94845542699252 86.59343625124788 83.87691530892933 85.97040215009915 82.10709190333782 86.34328135786348 85.09360987849107 83.13456696912931 79.83622260493503 84.02997524391722 76.55980519545899 83.93114775085355 87.40678757517856 81.06166063968708 92.57620873870972 86.94598569331717 87.05335666824298 83.98630069322836 88.84851604021985 85.68112493302236 86.29932886137809 87.70895278212537 87.83309746924017 79.24472550708305 85.70584382465171 89.99020091777412 83.28984483424375 82.07532700594918 85.65253919674277 92.40130711286596 85.8314884870367 82.07463051218366 76.29102199121493 79.27604983611639 86.97693232854245 84.67534548642163 82.10439241947105 90.46209703513645 90.46113528468953 85.11623580394397 86.53315033990721 77.44360170778029 80.03524221475993 115.0481580855401 120.03509850909471 105.97866839528666 104.9672557251332 101.73183332252934 99.77853005181089 112.74442280611227 117.29158904859324 114.49781728560374 108.30449888215787 116.24019624873009 114.17214164348543 111.05436532161677 122.15789467788011 103.41405467925001 101.84136363911952 110.06723433808183 122.85418578266427 113.17941695814268 120.58738832117501 104.46887109473063 107.80134376718092 114.33753540130292 101.70167230347609 103.21408164157157 107.00902952870229 114.2274395305375 108.10926193618677 103.65388775826402 114.08552296673132 107.844891445378 101.74558316298202 102.75862916164193 113.50970090869507 112.28103032702501 117.64944418141906 118.32187986248199 121.87282365978342 103.05634446441898 103.23852806516989 109.58963445139673 105.16186067006325 120.46834054274808 112.83263928699895 103.82574113550587 119.0809714716204 110.11496152936884 105.72157679679304 95.64980931178845 108.60321454345286 106.9079792763424 101.65069819177248 111.64528690783028 107.37233021822261 100.76493727536871 111.96079187238423 99.0856721660395 109.76068952119256 110.7407097625447 96.46981021491106 103.5402848022254 104.50991018461409 117.23943832496661 105.3589761516291 104.1213736807841 100.73055313504837 106.36592257611753 107.32010636519509 103.4384692926938 109.75206985101026 112.42967363451244 121.42876808420098 108.33305610511266 114.59382458896332 94.19638878273024 104.26366737497473 78.97325755112679 74.31925197983347 80.0716904802106 78.5184343766737 75.86996199856695 75.23109779488465 78.00980549658377 77.05588717700857 74.2903764240229 77.12660636182113 76.3597873348032 76.72858586903459 78.94308152917603 79.05967956800227 74.74522667805638 77.6322251560005 73.42477845154745 96.11540169612734 86.50836278543036 100.151315258114 89.45873523396453 94.14555554175107 104.16038666021461 100.78723086914233 92.4989862132094 105.22916505390424 92.59521230543083 115.72815181062157 
126.79827217304474 133.51373842502838 134.49398424576788 137.37328033981166 140.5049941541458 133.50827412454944 136.41541117470982 125.58506775370803 132.95315640870933 122.49862779212442 120.59455081918449 123.52953634039369 133.46029799425386 133.58123394127554 132.75886826552713 126.75793427025445 129.41748732567328 132.12169357708643 128.2553571756737 128.8886468445607 125.71584342738493 129.0477033251867 135.10788883549014 138.97891046998566 133.87282880828727 131.38226682058917 135.01160982217817 128.87635133331952 130.89102640509518 133.65041692717483 131.8980008177554 126.30305247924902 136.42118677021503 136.12770610416908 131.0913289347762 128.67634430782735 130.7636522271274 124.3421137136606 130.33501601409904 135.0602768582768 131.25571352903532 138.29857718157348 134.077941087194 132.35212031362644 130.21575568256438 132.77124018253446 136.62230805958936 132.23919843910298 133.11676238543382 130.84615096834423 125.75783087608139 135.39011767839077 133.60736673380305 134.61934356308737 128.17910776138925 130.33339129008542 135.45929943144944 133.95784056088667 127.97302022257134 126.95340925596439 130.17086955159868 132.881686785818 133.3440706898018 132.99144319492765 137.29386117864684 136.82205022481708 135.15589297177328 130.3839249325578 128.61519444448837 128.67113046890452 164.40851106515504 161.8537824864295 151.50917010923507 141.9392613033846 156.4565428788307 139.04056185271776 164.13984528004775 162.7243810019331 162.9712054705495 153.30839641990025 162.26941495007955 163.89996164416726 160.64264728661985 162.91944257783058 148.41576231675887 149.18749191972088 154.9750205722145 171.59451977150658 159.0412577226505 170.1278735004655 157.38438935751608 160.9959029376956 154.51000213721997 151.6365193317703 152.98640297474665 150.8065790574053 170.53012476734187 158.98394801354343 159.54017891433793 159.15071827732456 154.5954730738372 143.70512980023187 151.100559949854 164.9730938621621 163.43118406367012 166.93419933882709 158.72252717514615 170.35031259410812 160.04579008017515 152.0232218738132 157.3198992965477 158.8004692087097 166.40840799435955 161.0096425041219 151.7212726296308 160.67596342401907 160.1542841070283 157.1405461864365 146.8941246637163 153.09588448436605 151.9787218337894 148.40839730373278 164.71237056431738 151.95287247748877 151.64707388172917 158.88501266825165 147.70957544207377 159.0279892924537 159.38570074123348 146.53092343439062 153.83816234876105 155.2346469878698 163.8598131113396 149.92916750216034 147.6352685234577 147.75130735049976 150.87267137798918 158.09447400255286 160.71135436911135 154.83648699754482 161.75961045804448 171.32970327902484 162.6562101956212 163.62791425657292 137.5292171804986 147.9676080742712 123.50378858991809 125.39204979059305 129.44882687845862 124.1296277148194 121.45761046090568 128.0042307503862 124.02258826333396 123.84388037938623 124.10948450951942 125.7637594210488 123.9551077447368 124.10722681815871 127.89911852359853 127.08604562050338 124.60839807306624 129.04587004071362 123.52534847638084 106.4777773688778 124.97564706253154 107.4710962665491 103.8677842060196 119.66189617054337 129.14225444983694 100.05226449137284 86.17624420786548 118.93987400293506 113.83887637604894 102.04499006498149 116.80560140802064 
46.71351961014444 42.034082179984125 42.193210867187496 43.042355505562945 38.83026793146917 48.221204466183835 50.87995904685831 43.197380364845976 51.38360337607548 49.757063696636145 45.99423074677497 50.18190231112406 40.23904412336217 45.74567237236279 42.60276007864422 43.422971064253154 46.623714509253965 40.63872160184226 42.33518263057107 41.97565867169409 39.40261277803474 40.227285430671785 38.943044240082244 42.317474915768365 41.77098944510282 37.91324004493707 43.07186453399419 40.697034429344654 39.843477769021774 50.648041651304155 36.6951805609186 42.77459380435173 41.566031317049756 47.464388840805995 40.628316093561175 51.98061784426837 39.837420889650424 47.05554106243586 49.33829099712563 41.81435768420476 46.678092569928864 44.941461426182215 42.76318512646172 43.98918771640905 46.479008737062486 44.37958984656445 44.865174340781444 40.8731782188252 41.10024961606043 40.846894453541644 41.41451501515861 46.5250179116129 43.597558555854846 46.782833800723424 39.54572704531944 37.41982263206602 36.38876732215984 48.86216410851344 42.32501644941425 45.71797627921513 46.82741769994035 44.81936433883996 46.57164296130398 44.724200758652515 49.72995333795729 38.3469654694095 43.43074189847695 44.33108942142056 48.691422720114296 46.90868858764382 123.0335798969306 110.1535552965911 86.84707372190717 81.51269251374379 122.2585818719101 96.00700955731796 119.81391038818916 101.48237382072102 111.73311690163054 90.67377865707093 109.15625621262117 116.12170646677563 118.49572153439458 100.32957206470238 89.52131531798898 114.88881209466248 76.37187143549123 121.32992077227567 92.85009510736604 128.21057816705527 109.99253705164658 120.50770576182659 102.63008378152401 91.29693808688235 119.59365428287911 93.283101380315 108.69719744153866 120.89648391372732 112.04996245301001 111.30451122233413 92.56053241578306 88.73531908929965 100.2871392803501 112.39605953142399 123.4397992705912 97.89400504136186 94.9190720635148 116.1623651020773 99.43035463078256 108.01464361257585 90.90800216403632 95.35056691471716 104.78137299766748 102.72155580646098 88.50551147598406 97.00872268687273 97.71106813452093 112.83284452611016 91.19825915502926 86.56160659865066 99.43005844761727 109.113039759579 107.35264092617837 98.66085565594751 106.46180947428962 105.16059543415537 101.57867209144226 120.4808039063996 121.5063854121041 91.06287463918713 106.48373341729851 102.08594712098751 105.24584740027534 102.13638668414063 81.21632865718955 107.37250746792512 84.91991620945068 106.03203680658345 108.56058478431453 104.36267050172572 106.57898401406167 114.18387058001254 115.66260291036757 91.16273494866611 91.17153047418184 93.88219487459067 37.03430928448101 43.770837158839846 41.75503252476695 42.44302102253444 40.88686178493007 50.45570342373496 41.70800070440412 42.966273284743494 44.02332521855513 45.17781418891237 41.400771627679276 44.09060399997875 45.44895930846838 44.09509544353027 42.95994871522975 44.98646133609708 45.039242381277575 121.00491334486009 102.12507236211142 153.56419403060835 136.51741779528555 149.88219017844534 140.97748490412388 175.36589238252114 157.29558967578745 129.0258770235608 111.8869793260032 172.1773338056919 127.08306792809951 167.06631140299584 
49.18325815222307 42.92341776521358 45.87713172894287 47.23882744498531 41.70950764286153 50.81225496361444 53.228563773409725 43.130092011750314 56.06799045587662 50.2357463497642 48.15448079772446 52.09865336269389 42.072013225198816 48.89120105351983 44.79930436488466 44.022739326516096 48.2541598594224 44.57457230185551 44.31683480021648 44.90438987482888 40.41607972933008 41.48126777011597 41.15588672054964 46.68219015398042 42.84408261349783 39.09412762494926 47.94485076646964 44.349478069561904 42.556355162055794 54.917749339330015 38.48535145952994 42.456537845491255 46.047093803299205 50.46992164578078 42.94493861774802 54.41844105015204 41.458706332086464 51.29271057492261 55.46633575125536 44.32665728723499 51.26885343690631 47.02139298998181 46.18429489216997 44.75030639200895 48.234835715743834 45.96303138522858 47.83299374426614 42.24955815721313 45.672697727383486 44.87573961710319 42.36896406095995 49.991451284779465 48.7121680380051 51.2472964793851 42.10552048776486 38.77405613290706 40.24080962179353 52.19284696722194 44.6090782073759 46.4125421649058 49.2413583452242 48.0221913247399 49.281356435009144 47.153302411797824 55.73435384648601 40.02231533965024 44.64573432452077 43.74468099790105 51.02067509072192 48.205871674242374 120.04891123560287 105.25972522729319 87.42296388890804 75.05435119736616 122.34650622064505 93.27953353708233 120.69404191987529 100.65676516339583 108.6739569436035 90.62581099724855 104.93440641764866 116.87236569978009 119.62297346854062 99.4814946129306 87.91119894803995 117.07493157557882 72.28363566749697 120.64084793570952 91.48687590774547 126.63519958275079 111.99245372246169 119.31127401313236 99.94473079932348 92.28683663126965 121.761886706831 89.69406887168464 113.5839287533465 117.293517899548 112.04578704124309 107.70600669045172 96.6250860486587 85.18679947172801 100.05202338015826 114.6933168827221 124.49947968967486 99.32217898502276 91.9436985792209 117.57028258712164 98.4711732781119 107.16119733851164 93.4060733098449 95.71109503011682 104.38209462269721 102.25466970522288 87.9020848961885 98.21199987479909 98.68316353464104 112.18388368921573 91.2531377592751 85.97289113021775 95.81434970345296 110.24146012480047 109.31172026525593 98.054077805012 102.25241398861344 101.16187016069351 99.49672764258017 121.81800047636341 119.85260054674764 90.82452487324412 106.71446923080661 103.60638306261725 104.68106105058078 103.55350942849685 80.58733078567475 110.11266299711328 80.82637023470288 108.99534247030628 112.80928984199629 102.81408749846524 105.70347719139104 117.17087164296845 116.19991719260956 89.37744330427205 91.37160927824841 91.83711482432004 38.84405731653142 46.48514511460331 46.441124451248875 44.27931597970428 43.91558328760492 52.976014985239765 43.84581795101884 44.71281845667173 45.85479540490149 47.120918487615775 43.61285080081693 47.06578176226323 50.219402369254375 47.6091635319525 46.10625071635215 48.94147399457221 47.717317265622576 117.39247728738414 99.66220188574846 149.2531595710727 130.45632325720615 147.37105897370645 133.82890949407644 166.39663196293176 149.1790538261144 123.4301620138124 105.31626438422342 164.31602659193956 123.14315408688324 161.11744015051843 30.53256605633901 
59.549918348477135 51.27027587956742 54.014652764218475 56.9622337747998 50.12390891253482 58.63963705787064 64.75242760631703 50.38803922318085 68.76244329106545 63.223530485104746 58.79197277239963 61.66111167785097 51.9610746225775 60.09518454756901 54.17724617090337 52.86958580334208 57.82757835793046 52.56668982909718 52.753286248371126 54.80358111984553 51.58450926950221 49.547074945095204 51.31097136981554 53.944015606604225 52.497264336665715 46.17627294783279 57.15046786251678 56.137201468112586 49.52324984303096 65.80068685880354 46.79574455409002 51.19151846505966 56.5560180099598 61.596229631356984 53.91483076560449 66.36321813429436 50.6364115218241 61.18988277211275 65.99604896617578 52.56820330023975 62.047709933349815 58.77780885081608 54.72969335554976 52.779097350909815 59.113163896330356 53.71970355420004 57.46239801885262 50.91691419649451 52.46327826432566 55.60457355375602 53.014579627407585 60.29858481713322 56.55945085611408 63.567129343049785 53.17803503779504 46.126183294353154 46.48660351461304 61.15092767684999 53.03409427157645 55.893826228602734 61.15904440029017 58.07487091316877 57.04397365943743 58.486056484045015 65.0967975703202 47.26322438015266 51.69762887628082 51.70462709425147 61.078290847156694 59.61587874852392 135.59508791891037 121.58111691118955 98.58803551507161 84.52336874106297 138.74677049698374 108.44738289968238 136.16740161172265 113.26931557049801 122.54927950810202 98.80586409932219 121.70573982657122 131.4667851180917 131.0122159825396 118.22031616627505 101.71039076682821 129.6001527698009 82.62330056302177 134.6208707613287 105.96054860756797 145.51390797207597 122.06022340453912 133.68298633361857 111.92970903614413 105.57708043147126 135.30684946065705 104.6630104052854 125.76008142645341 133.42194700755135 128.48688007429777 120.58413797501228 111.634305892538 93.88760961040227 110.91214007347371 127.06574748461291 143.61802574634902 114.35281347631367 106.76787816231938 135.943056510895 107.96054091602102 124.69853647472556 104.23357340290897 109.37800478283481 121.30192058520234 114.98649334935456 98.12116600895988 115.75672718361362 112.23544630729089 126.24015688024362 106.30664583001739 96.20470465852799 111.43645488392215 125.73073267932818 127.97952449690943 111.81412926372667 116.71854652539072 116.13057654028361 110.14297047400564 135.13715558753742 135.76310903863103 104.90563082091842 121.01149087856311 116.22121590120811 119.3385926677556 118.67491180235972 93.43267075140223 119.9378368917619 94.64510634640753 123.28043078065957 125.6857607510233 122.01254211749982 119.92992206798358 134.10725572967894 132.01815677595096 101.51110219372329 99.91083152265055 99.35982565174686 48.712906280056316 55.31870298565846 56.5771121267698 53.38793408188915 54.25651210629195 63.399359902459594 53.80801849394175 55.52588439994749 55.145470267169706 57.79729231809098 53.409123899966886 57.03771856319623 60.88978657462209 56.734873393710245 54.09796909309449 59.29345725463005 57.270359517731 122.46279209301623 107.8272787725012 155.61055736073007 136.54352445707218 153.13971194512865 142.75949448063938 176.16212203103325 158.0961238726731 132.96147939766905 114.02249723606649 170.7613249188853 131.44462856433725 167.15469879556377 36.226898665166516 28.11754630108508 
43.31903018049542 39.45096998557075 41.81328926324489 42.17319136398815 38.42552900359708 47.29087325125995 47.75349060592528 38.3629281070303 47.81227062105845 43.72333830748884 42.72411468249978 45.02579423111501 38.211103546084004 43.11031928767106 42.653153095097785 40.424880275297376 44.947894919458186 39.361039535250754 40.297062957996026 38.30222254347947 34.861671177885206 38.93307797893424 34.80063807045968 42.23721166595899 36.7189504394378 35.58953192937275 42.5409102527352 38.92809073087391 37.62191934249013 48.11401517123204 36.404493495521926 39.77666159972892 41.14562131639376 44.683843679358525 37.71336756902155 48.01508386837702 37.774717732165385 44.98924170942661 46.74412776985043 41.01983693347375 43.41811256139608 42.642197397919055 42.11125156808221 40.58850220860611 43.46720504505221 42.513214753423284 39.64943046294506 36.330233914301054 39.54928136505017 37.07047154823728 36.14596455258561 44.01587667307508 43.706665768827904 43.353675480900044 37.02885983942432 35.40067304175591 36.18765806231968 45.563330673181014 38.16272152879744 39.829697075554826 41.558827392990395 42.502112728582325 43.58728366986741 41.59557430055052 48.00982599770428 36.4717311641349 38.74465163946062 41.58518225308683 43.945970074086084 43.25794803736161 116.76809413720459 108.44723710782867 81.54296051113631 78.28014211913677 114.7358552468538 92.68155275196987 111.44815931216121 99.20270950975284 105.21477585134392 84.30484630929665 103.63344381336228 110.02665154157889 114.37826949174182 99.32298487628466 81.98623191137547 109.19459823610667 74.01826052354856 118.44703518477495 87.94541388124611 123.33298089148741 104.3496681701678 114.8877060700874 99.62821241505644 88.25783399564213 112.52982488166576 87.86731197211651 101.94288848171374 113.59000248208974 103.02167627045993 105.2098932914021 91.10476160808207 82.87428531999974 95.51813751502924 106.69745226504429 116.51515290246316 94.00201437546207 94.55097739854291 110.17967211620685 93.69580484651134 103.79061926773498 86.20789314385061 85.55278365619773 103.12452114345338 100.1119505799828 82.35031015438965 95.6990247132944 92.39993369388299 104.76500764047542 84.72335061178576 83.91377748087494 95.12097457554682 101.12105659168023 99.85777424446222 93.17820572925515 99.70388292448686 98.08658318022644 96.32221413349697 114.80269776764631 113.53438151959622 83.55246793771742 99.75844037326141 95.61480068071126 100.32393186988504 99.35435738247537 77.99709047648378 99.7831436944771 81.3769419133788 99.98089790203609 102.30274790737022 99.74247261405971 102.69347958654942 110.05216534269482 112.63179890935889 86.79909708016697 85.93095570919373 89.22002499750845 34.45058465414211 39.06671785208902 40.04939989996443 38.16616237220941 36.85051048510146 46.84530196877863 38.17938497123534 40.71321519215584 39.46423378975795 40.182729565466985 38.12670494498223 39.95710076619528 42.92197347351662 41.315545509081524 39.08197252635296 41.71472166459662 40.90125465336016 113.71291050700898 93.13773482445558 140.7880023991441 124.10546092791995 136.31524584634738 125.12299481881671 159.44557200734005 144.01039988822737 120.26640979089964 100.5018223468784 157.94229709661755 112.48927298317318 154.56919872586832 33.13711629412962 29.58434209779233 34.94741009785403 
45.23057785617703 38.87163082960873 41.453741006869116 43.12728192481576 38.250443589026524 46.463567862392956 49.782727867687925 36.43451974910471 50.73679737268705 48.07800292317559 44.52479352242062 45.564291863306586 39.27100237117802 45.63483732635034 44.03573402497796 41.3173419648838 46.38098982565846 38.69812950938934 40.81909705459348 38.602889706535784 37.49508374355265 38.7035828030585 35.01547198098117 40.32357418431895 36.731968511464956 34.2506841967395 42.92971442019257 41.1142037386509 36.452029777904535 49.79034566106466 37.396960270804506 41.647584950717274 42.59175896860005 47.16241479298943 39.495389622253036 49.80997917444544 38.53968111550166 46.230342609266046 47.39603158221704 40.39397549778231 43.7464076769739 45.389057290957666 41.660654065335066 40.41698441313921 45.67182756552592 41.13015398642461 38.30440559106666 35.524081800391514 37.314308952822834 38.25583586774314 37.186695359220536 44.171014497146174 43.14980116596138 45.99473448803914 39.08674039834007 34.69393809537442 33.27664859988106 45.181538492449626 36.83132389509723 39.77186680383894 43.18123796923277 44.04801671101685 42.42841819276838 44.45381798356691 46.55736980424967 34.8032628612853 36.329471648095044 41.79983902728749 44.54659828454056 45.38435488474998 122.16417423407371 116.96433630236243 82.579963020441 80.19081302999518 121.26721441973916 98.12863411405026 116.44450693490967 103.33993582885563 110.20348800003687 82.22124260173337 111.36808608171833 114.79478371097026 117.67225095596314 106.97515455526174 86.01272516280869 111.48712812314771 77.62639158628183 123.63470087140479 92.74470274467916 131.52377875269428 104.60480652030922 120.82150454901075 102.5045928867296 93.31973717909231 115.99870880725831 93.64370036273041 103.5606395876104 119.39062504553709 107.99421169309694 107.52928911998067 95.10088664645137 82.66024223303903 96.83605336543164 106.25234164111231 126.92582719395273 99.52237732169358 102.48120677036147 118.14300725636805 95.299603307751 113.01366125551178 88.54237543044904 88.98232837194539 108.836925794258 105.43175957810878 85.92719578171962 101.69149540142779 95.16010267260643 109.46824503400681 88.87487619899674 89.1226956105482 102.32952174467779 104.19740365838315 107.79053711903661 97.36136483395364 105.924716442224 102.89675854298329 98.0205572067096 117.39966305262368 120.21243021809653 88.46582263549466 105.88653871586071 101.06416066700095 105.25957139730426 103.83692346040081 84.35183428072739 100.5741330671577 88.45832510957784 103.29747533934406 103.69175251126772 109.98509399247897 108.06881261993867 116.79675654501037 123.3905573033738 90.77376321637254 88.53467037392684 87.95321091836641 35.24700529651447 38.11914102854565 40.192254004082706 37.14724229873535 37.74023935780812 47.60604141302381 38.9740808941805 42.987178238135535 39.66676245875299 40.74363603883455 38.16723780650689 39.65445839318555 43.19847309120865 40.57986890307199 37.281409880663894 41.72486709373646 41.129572093288274 116.49883959547887 94.64723530162738 142.41021749677657 125.94224168333149 136.415830857424 127.72692636826844 165.44980287573614 150.16754141718172 127.2135238264707 104.52569319641806 161.33434063703893 114.75720958797255 157.88712343554494 32.65926258215627 30.436188583026787 32.90603107549288 28.45206004520408 
55.70451142699701 47.720771788454314 51.790265569080766 54.585252328715384 47.13162756325682 56.03165718348433 59.26819857454355 44.49049703050542 63.06492809742517 57.64573722605876 54.26978992408465 56.29359120121197 47.39190869210383 56.28958987607015 53.750503750720696 50.06370623589929 56.08422542845807 49.9583491925544 51.202104050901895 48.83082460166713 46.38725162046688 46.784566767186014 43.79219459247449 51.12121473053951 45.12506383773718 42.658342811735935 54.7847929404309 51.00428850660054 46.657506000994296 61.37258553684122 46.279922764020306 50.62627172072118 53.974059438415836 57.558853023716374 48.816386673940116 60.21557858409867 47.89779062240161 58.08023792734645 60.71112739668065 50.31421307635168 55.09193475841597 53.70549160408097 51.05446953334367 48.963401142471234 55.59655498346492 50.159783323763584 48.29469099743105 43.95660643972101 49.10325328427962 49.2505027559189 46.559556503909484 53.68518789872206 54.70336968389952 57.358946684730746 48.96399111886884 43.30718251656237 42.72613588682405 56.2456221819764 46.920287622201414 47.94319352629111 52.15861888081007 54.03127665583636 52.552041294595575 54.389863768800055 58.02174285026426 42.59496590845774 44.90130179070655 49.58115298401434 55.087806203102545 53.95051794601247 127.15346076925489 119.91963625926407 91.01517928266563 81.96009161798362 130.79554273565768 103.13860866796216 125.2880964787531 109.27205480550553 115.708581785033 88.84854556817943 115.52996726176318 122.83082453155117 129.16859544919592 111.31555330916467 91.91975561048399 121.70877220007557 81.47852035890503 130.6913300723921 97.4079489354414 137.13547271681026 115.18259345347103 129.20832541780334 108.23921246311657 102.90736011724243 126.58871060794903 96.77980703709513 116.09526350000705 123.44953871087343 116.57929600786456 110.2210686321775 105.4996594619881 86.9269136354853 105.4890833600986 114.62614128275081 139.10659260222258 107.03733053917867 107.1391441890395 126.78711483517333 103.05018564567855 120.90037185427765 99.54834412867531 97.25625980850069 114.56967819966762 112.88781531268965 95.59888941919111 106.18332544550107 102.74751476395792 117.83120770504253 95.09357785725636 98.59830503798739 107.20519041403728 112.1594072483244 117.58473751694511 105.04023170498077 112.29732851147952 106.40169430036 104.66683860630636 125.45027939988654 128.07025269103087 96.49135206271745 114.38034305081014 113.08872417714699 111.73345931500101 111.79111992394917 92.64889332486712 113.39511830945573 93.66304954724289 113.85179778420812 115.1886001814187 116.0755655221978 115.32628651751054 126.25767994347358 134.25693493889224 95.47888470468122 101.34101709150582 93.34228356283319 44.76969319351189 48.66433265035204 51.98860485632972 47.01872459680063 48.900454159734736 58.29568553592085 49.57247385824167 52.461351271404666 50.34916864724052 50.85445166642421 47.58662229645036 50.2474553695014 55.072661370685765 51.54645925954392 48.11759188089641 53.16467197455526 52.531341680542816 122.94058692423069 103.69507598142368 148.04497289411438 132.05165402806566 146.65418391250492 133.12427679209483 166.66941816170035 151.99961873567875 132.97852723664045 108.9593258571672 162.8007762616752 123.91989669119747 162.06178775043333 38.109120580625806 31.000163483944327 33.78897689239702 33.306115853723014 29.39185532615238 
49.88595893313272 45.45947890823691 47.79957101874433 48.44417899184292 44.005659516494944 54.03142422552881 55.5909383250128 45.46366925447838 55.859142346153334 50.47734151132876 50.48376168484027 52.18650203345472 44.90949788661284 49.612962306504365 47.53100023510546 46.19564012357411 50.63558733849742 45.58021816925731 44.756074003566205 46.43514044256367 41.06576136078904 44.68286208071895 42.92852141816298 48.929574548730386 44.77348994482615 41.204131539616654 48.88399006357546 46.76713835642741 43.1343593183424 55.808387617190405 40.79820258384988 43.14302053779201 47.70587565917012 51.32895833752957 44.86504362969426 56.816159353632806 43.49624299327657 52.08573777435899 55.29627486628456 47.34751071662073 52.59024801622351 49.58427129367051 49.18151228077647 45.93997013971662 49.81341599450391 49.27795766212902 49.159402871163465 43.86986119428818 46.11801551766011 44.32817356610493 43.56946047349144 53.26124608913298 49.65963717861066 51.47049813282396 44.03109289488614 40.43182852139478 43.401226717838654 53.11151905515808 45.80374137341856 48.4310545390094 50.926309636550606 48.91464605107307 50.43010591880051 47.76500168300503 57.91270738819414 43.4420285647668 46.381108895011565 46.24052527895738 51.61314144457341 50.885659477545516 132.04806154086143 118.5917731976595 92.8813188097371 86.7315501369619 129.27188166729928 104.48520111744826 126.1869311631505 111.19473266949585 117.63513984808526 97.11910779345519 115.30642211578443 125.13959422775497 125.3796359528222 112.52377883844086 93.7179606838218 124.64057213145784 80.49226360476128 131.50663779994312 100.114111542226 139.03782110228858 117.13433138964467 127.81267550762227 110.6294982041135 98.08608222930638 128.21721406464232 100.00665953903537 116.66096687002695 130.10055726165797 118.5326617764012 121.42603714498563 104.20331593481944 94.40058881219039 107.23447612326484 123.93499967600039 127.03440126273605 105.99264355576464 103.33016723250829 123.96800823713183 104.30223049565024 114.3727057740897 95.25245251514626 98.56701361566903 116.9353472070797 110.88456484765017 88.67478760338136 110.12964096625983 106.36139043171839 118.51041367603699 99.61667903154613 88.14484688413734 105.0602376880615 118.46207380360826 113.85995356730253 105.38653953631085 110.83328675292985 112.38977819087184 109.43001912879961 131.5695751343957 127.24426530474577 95.30850064152791 112.09502443264074 104.7673844636119 114.06350278399275 112.86725463967751 84.35921867704702 111.24899454488674 88.56926371083725 113.63476748049526 118.2174423180074 111.33197402332432 114.31324785610164 123.34048410382341 119.90615888093464 98.22401377203158 91.56733154270452 101.35205773375368 40.86386239520505 46.84343957985592 47.9172027264018 46.214770972801404 43.992995373336164 54.52344351198207 44.685472165752344 46.8118175232939 45.887242214358366 48.3483394018861 46.07603391778138 48.42644570568602 51.8004177718192 49.10842381258958 46.893877566837574 50.24657671427627 47.810160591067955 118.52733009760426 101.57836581988599 152.47378428009003 132.00026289558008 146.73445948212046 134.5096144061375 170.94593253862337 152.40381291162834 124.49170607163094 107.65804377646874 167.0994910071844 121.74009228987174 162.29612501971482 33.818676139233396 27.7994169974176 31.47174078501118 30.416318830209363 30.816321633906206 35.497765260475745 
48.390932006248946 43.71397385194586 46.05246293344266 47.081721090363814 43.26158821160459 51.5218893758059 54.09809142918535 43.792793084172295 55.121965465188765 49.46660564607928 48.33924011990916 50.77726915073481 43.77521762686309 48.67641098416925 45.262561411870415 44.11164970685702 48.40191902269639 43.96515013043762 43.18324579905367 45.3311830053702 40.5844898983992 42.60050818843746 42.7677772245049 47.093945711042856 44.31532889671456 39.82705028039698 47.5442222679811 45.67070193680518 42.10670688499752 54.38530632154794 38.952933537203336 41.40042957100453 46.241717017418125 50.414690038430365 43.93808696105732 54.79552026141429 41.835608125495106 50.12202188952991 54.07675944429333 45.32340416457669 51.61800281284628 48.85378986526772 47.29387867259882 44.80013989008812 48.115178649358285 46.76141875733595 48.77666446904831 43.4889254885209 44.77918226221626 44.58614757547504 42.78325765445865 51.725650092422384 48.052050189783856 51.12239910097846 42.75530632142906 39.09531462145059 41.71050321069528 51.75939439243213 44.54022324538915 47.35429521583252 50.48862333558318 47.978208116991226 49.179869224782216 47.00846009102014 56.4881526574465 42.01875996015858 45.68487849486594 44.23522031665999 50.29728868978877 49.438612727863955 125.67889080543985 110.85753498795944 88.99211083590973 80.12089569063575 123.9200984367339 97.7474574129377 122.77648410125424 105.63288126382704 112.43872954566639 93.48079445727517 109.62041252854041 120.1739918600417 119.28365488571389 106.4489050578258 90.65838280868336 119.01830031632541 76.74178891114973 125.13951834520111 96.31163297871716 132.7563014193922 112.73569690297478 121.69554431810899 103.54449935001962 93.74637922245111 122.87618556339221 95.25251760725303 113.98730251714049 123.44403347073383 114.99676379487047 114.55136392385113 99.27503728769314 89.13279224109293 101.65423026858932 119.1544121525921 122.94105024875145 103.23912531107243 96.81486906738556 120.75941323590705 100.44105498429374 109.36598141978807 92.79018135229637 96.71712130681678 110.50830516748246 105.58822903329072 85.89440757327014 104.74308967721934 102.5120803865016 114.20921740527032 95.50954835559669 84.79870289766215 100.03115269983137 113.44500734158119 111.23305223732108 100.72011730697028 105.29804997787052 107.4292373225032 102.95001975058193 125.63740465033567 122.14247348744519 92.46071565663831 108.11788962837149 102.15880686467361 109.31177534216097 106.47158451009683 80.77615262418554 107.38537857566503 84.08275424134467 110.04725643403079 114.23947346115821 106.81327506617704 109.3809148234055 119.3966331767559 115.6698492094617 94.45189817124142 86.89412340939805 95.63804112637226 39.04995206965932 45.74425889800185 46.16100217280889 44.39914376001498 42.813285522649714 52.41986533735621 43.058862800180556 44.718574080407365 44.48533157854821 47.00000009737314 44.17422032168557 46.87719483898673 49.94005032198126 47.23895282191937 45.31543166063734 48.66710184697918 46.225568327030494 112.22926499615261 96.96576499414847 145.15454233019187 125.09114152538392 140.50067279141055 130.12271981346706 163.04370275912814 144.74227865494478 118.88613525320993 102.78072600875429 159.77690739087544 117.49475682517989 155.2549674649578 33.3396379656115 26.546339433967137 30.273013699442476 30.768302103043226 31.499827862204818 35.233809332515904 26.771719859869897 
37.71723518233454 34.21922710192294 35.964123819612944 35.872832603393945 34.452161561611625 41.17570832009855 42.574044814598295 34.405431631811915 41.84110293671748 38.854930845801995 36.73254807146693 39.80606654584551 34.17610599511489 37.776123488296776 35.67270977106944 34.987703686934154 38.338520852954616 33.24116700216283 34.25872439654874 33.642615545220565 31.043453901272184 33.91766326814125 32.05967311117522 36.20174704273776 33.90699230674743 31.44265768264366 36.16899471122195 33.65533400520429 33.10164556338815 42.09225094443393 30.97608302377124 34.15285420306244 34.64091650777535 39.744311597982175 33.23015215476216 41.54770577312746 32.28459681524531 38.2471316311339 40.21284550718786 34.73462206917118 38.310529105010595 38.717859985087394 36.93191787379054 36.70010090507411 37.43597335461111 36.46237943426162 36.39231882455326 33.67957946631654 33.947761805974515 33.33116893801184 31.800627955054114 39.26858931479187 37.588954060654125 38.72014329598093 31.587332542331325 31.19884412549955 31.483296220969294 40.16121586445159 33.47413830870878 36.90427127811044 38.603176330931944 37.978281434836525 39.070446271784746 37.061703981732656 42.6967051539134 32.95820989430481 36.103699950984016 36.541625485330634 38.968949596500885 38.607557991652314 107.92786451324167 97.41439651927712 74.57788141066618 70.533121851705 105.03192082476833 82.4108195482551 105.10400547260501 90.76990647795485 97.74495624086033 79.949286465949 95.18223907338029 102.1369983060189 102.53549460991415 89.51747440623447 77.35661510959675 99.53145515617895 68.32145592694934 108.19958280075323 82.72323571050288 113.45593265007706 96.29323855595112 104.59000153750553 89.02398938834891 79.0531207221406 103.26387926420306 81.94112806059941 95.33470706349297 105.31648083013614 96.23590498658204 98.04906847944743 80.7540925442908 76.89271950490927 86.2117744153385 99.38696746736069 105.45360429501267 88.28593839090668 84.06439006207873 102.83260641986034 87.75958728377947 94.02858302081194 79.54519974019432 82.17487391350488 92.6705335202674 91.10498139885179 75.98096838500679 88.08154951595726 85.93676061218025 97.44878511801925 79.00852132396247 75.88428317962307 86.82955661336216 93.55356121033768 92.99007375867394 84.96392354115493 90.49742024660422 91.81863793103051 87.21501133651051 106.21830044945101 104.80392930770007 78.08516017359021 92.82842141702982 87.82671672200698 92.75148865485014 88.94148503206937 70.2223641357585 91.4293021006355 73.37985136945753 92.34130731308787 94.57291518470346 91.28343254645145 93.96392029273593 101.90761527240504 102.2507728856266 81.88160174893723 75.104208439674 82.44112211367968 28.649639412732313 34.72760305074215 33.4065725003913 32.701815223804054 31.291907372342138 40.56529829263125 32.12508832971665 34.52844996870016 34.108885753083044 35.08586466139517 32.85585997187415 34.55510270260057 36.275436893290085 35.30863876894032 34.052452307435 35.7420707284749 34.90919146431454 106.62506988888539 85.71867950844474 134.33904614284927 116.8550031303788 128.44550492230726 121.00739414609924 154.473714168967 138.40567832538196 112.96693309766458 95.60241128778118 153.7759290360052 106.84832579793712 148.74063366565832 30.53104593772289 28.140142348326922 34.28647961872185 28.804741413863503 29.055009815116225 35.349393307436216 29.64979367333508 28.839954904394677 
59.61501632236039 59.59258764714902 62.46803806947502 62.76401957664387 63.20265164706299 65.05856155458433 67.33966858037532 55.31595090742837 64.90572994128743 58.04211294673646 56.347868625677336 58.84662349824436 60.238809592156464 62.226805388560294 61.610122029299774 57.36832547597423 60.74135258673087 58.82894411942134 58.26112105580788 57.00477543220086 53.80671652585879 59.292274264720554 58.1971148976753 64.23114943528283 57.47840675558937 56.85451667748917 62.1452824962547 58.46836053938864 56.893056144526014 65.61531111195163 58.32797449723598 56.45370850222171 62.8346555130234 64.70682410840296 58.44387376849722 63.029678153995846 57.76406185631299 59.81464929379719 62.97359460025652 60.08325171008973 61.880833287068505 65.21636300481735 63.913368306450074 60.86488444479224 60.86914004108304 61.73758950677548 61.43946312418831 57.0156268608485 59.48905732271933 57.4892169827955 53.35013247310676 64.38989239198685 63.685969544799 63.813204521494 55.99987069190106 57.299432623927295 59.15438102014838 62.98124551234059 56.68105897210201 57.87341175855355 61.68124394443754 62.9979597041127 62.30672377603122 62.356316795566016 68.34918143587794 60.179733911071054 59.30384220472752 59.59485405537721 61.3249621000744 61.161467203119194 111.46774420151428 110.31650783126976 90.51402365953271 83.14462654752805 107.53715113606587 92.25697246430629 110.39486328481517 100.98947235470615 105.15278180197129 92.28225077332101 106.58903132049312 108.18011881126503 106.5288368794086 109.15471690276448 90.26833508393834 99.95793148313919 84.06412740615426 114.4479172070814 98.68551115938693 119.4793705599611 102.33644004998244 106.99432691065549 100.73045991992116 90.72513537809243 104.09242211118257 93.8023804018416 105.52109971895587 108.02953973402848 102.50558350124442 105.61490614061984 98.1442123824113 85.31819181114035 95.90515206778792 109.31152985377032 112.79341942133505 102.79777360253847 97.98609693441047 112.8323241875079 95.9283450461946 102.19862082779964 93.58945676745678 96.16837991197886 110.40923149508836 99.15765194618183 89.53490447279471 110.45317386960258 99.04370904375997 100.73683049191676 91.60217196664965 88.43153620703956 96.5089816974628 101.35288255478943 105.22076422416045 94.33689224274818 93.73792021925782 99.00223489961046 91.53867531948755 109.54237485951464 106.65163958230018 87.50762559377033 98.41487711348213 92.246929655331 102.51981047646557 103.76090597304538 85.83471664902105 96.00156854202703 85.85990113241708 104.00994779081815 104.13502616729983 101.63871514085106 102.54206593914223 116.83764640631034 106.2818293634182 94.82308478000725 81.39183853292083 89.62842303797211 53.91311738238058 57.95115301867963 60.06983460442985 55.5490011106354 54.1557802403288 63.868484847540486 55.61857807474227 58.61206178048883 56.87590358599158 57.883249502199355 57.082137799103535 57.60338209865888 61.0680747177965 59.83517723260744 57.57948432546968 60.7560187112291 57.31884692114192 92.02357314388034 82.06235400256509 106.00945602498327 95.40024451707998 106.23214239974028 105.07285567656008 117.51984339056672 105.14491883577253 100.12192998873265 85.18767422205654 119.5181065895575 91.13319153962247 117.38063260145456 70.81094547681333 64.75432097106355 69.50583860007363 61.378533335161954 62.23543405054426 67.96825692028499 64.09870428165125 61.70141172537289 58.25418816426986 
57.73612200533447 56.271479676212536 58.156406511622116 57.89046644484021 58.503871921228665 60.376003238621124 65.76078963005116 53.75117001315848 64.09674208319156 58.854587366519226 55.10505716657205 57.56109897430645 58.1577607072887 59.67170052801022 57.398857075431266 54.68727726253458 57.35005360030803 54.66552431406654 55.47238681254152 54.339944327528826 53.54235842028313 56.15334228059373 56.2804428038338 59.17581393803213 55.418140192405566 53.52394582674593 57.4936233491364 57.122841523743205 52.35304352519488 62.74949119466659 53.14953006792826 53.49345790109879 58.235252995270855 61.55503876219098 56.3294182821859 62.60467292078753 54.267728998758116 56.59680387046384 60.70291655900862 54.799200534395936 59.841608013750914 63.72926025900069 59.92132787177626 58.328721484539884 59.11338172366793 58.787274791822874 59.969127151995394 55.09736398210013 54.61514938572093 56.627809708217804 52.79147678821353 61.77372755039228 58.92218391733683 61.951285189121265 53.77239506239406 53.62276330101585 53.85924588488574 59.82699953642901 54.92467231920715 56.73792319037575 61.78759764915188 60.50567422287834 58.4225772817799 59.854576654742324 65.83283584340882 55.84429620503195 55.72124189028426 56.7635407504472 59.75637895545206 60.18434503200381 112.56965208730699 111.76490380510099 90.97650853754742 83.07942958071739 108.37668913319145 96.03992795808674 112.41133867283904 97.7675179921521 105.37169454314426 91.8720292501807 109.44986980481734 107.80816288613326 102.3807427325905 113.66957238842065 93.69055141570324 99.00114454811467 79.89028428382979 111.39354293669994 100.45246777718177 121.95985815621073 99.34624569495337 104.50720214743278 101.35526640050718 87.43426646977149 103.8678638046858 96.40849329110189 102.0689609350781 109.99079045982792 104.62836965976014 107.49122774409041 98.0678151589959 84.9257462610049 94.59257916190053 109.8194931081726 115.24723655915032 101.7934712091124 96.00221198769881 115.3270307517256 90.19351506400616 103.37946226714871 91.03188959264062 98.22351781834126 112.42794167045525 94.41448387767782 87.40760472672075 115.63890674027417 99.03817973235259 100.55174160621013 93.8553814952399 83.21334688410235 97.85294202056721 106.72185736552515 107.91534271641079 95.18026901439006 92.79437296389806 100.93402270654849 88.86910922335657 109.37659772849004 108.17791200908599 88.2812052392966 97.57624591568654 88.2700262488696 102.22042726944716 106.60655271420303 84.17891619950584 95.21412743625848 84.09301919984954 105.35304510615798 102.43297932532217 104.96467662188996 100.64076333095434 118.23181372182165 100.5087293914745 91.47787167594797 77.71910876541057 86.81248191779426 52.4441519702009 56.22749767187863 57.20094091787538 54.86610990235717 53.511483012997196 62.130784825939216 54.30577710221039 57.05866919596401 55.23623790599829 57.74997635557855 55.88932413725747 57.073095372866305 59.28209053405739 57.71806362499989 55.22865043401677 58.75775534476185 55.46334353601407 98.15244482265443 83.31903322558455 117.58119049421053 105.47911476230523 113.2216864749607 116.08115930493524 136.6382377800539 124.05172087558874 108.47611021600252 93.25177042583168 139.35371416469133 97.48080129700472 134.0033270547887 62.9441713353447 59.00617756467665 61.66300346657298 56.49994404725386 56.099231481150895 64.46601861435988 57.0623441409797 55.13179249083168 52.24909532150013 61.62683696675826 
65.16838478676817 69.330591313603 71.69904721713652 69.3777228778988 74.9088330800007 72.78226727820702 74.32318671667532 63.86374098483225 68.24151974603885 62.3926607921559 60.62480058350431 63.07036906943079 70.55211346141346 68.3163442429789 70.97475417524983 65.27150894558419 67.49087991532112 66.32552666602267 67.54843080925203 62.295297635733995 61.60322364684053 70.6489489262918 66.63920134136634 73.60089458159275 64.45697494406834 68.03479570459788 68.63712167553943 65.4882163594281 64.9420574126841 69.85318482992109 69.21882817583523 65.62174836473562 70.13280127931193 70.86958151101352 66.14042207003325 67.08060362362515 66.64616883324815 63.62406913511133 65.56632987648632 67.58711547589515 66.22968411606509 74.7363356906436 73.69775501399606 71.33655953480634 67.66361978482632 71.5521892078703 67.99573361311387 65.29727802341651 66.83032054112083 64.25062990255014 59.327921775694534 70.77479436835772 71.96600491134556 68.63045540844693 62.5654562021455 68.97321464170447 69.37383128704573 68.0131551824569 64.00806635830179 64.08064243916654 67.91669479968627 71.16166218740186 69.36726446504106 69.82529596377529 74.4121119431149 71.20111855244754 67.13186298277166 70.15171712646635 66.88908643233042 68.20116169838558 100.60456173209974 110.90119634542714 90.90147266763051 88.91228838945281 92.3892076023906 91.77478516824452 99.16373192807764 94.99988048093337 98.44377988498725 92.110768416282 104.38290406373821 96.08171237228791 92.89276895952416 112.95734362709373 90.59362539194376 84.17296947752693 87.96645979907828 103.44941149103659 100.1736450094793 108.89000893226131 92.24507442958216 92.14537873987639 100.24129868743478 84.20878536915127 87.40691068076012 93.85612977968769 92.17088917714752 96.42760652852017 90.77553517160143 100.77006055922357 94.89882651504347 84.51998775395882 90.77826033918586 101.76923599508447 100.83730691564833 99.01137667742107 96.8414079248716 104.0662721735671 88.09318482596353 95.14783804683574 90.3382094684899 92.66603585212629 110.33934349195685 89.84804130442137 88.81405362995093 116.99684011162827 94.49178318005627 87.73976431389318 87.91360631032813 86.57723012450458 94.3769487100931 93.71542801718213 96.30857094305676 88.58434181786959 83.06947984046867 93.01060966139636 81.73087922634687 96.39743151470839 93.08448902407235 81.46151171024192 87.35260295364058 78.42642595659748 95.00711111998478 102.61057653258588 86.46817129186486 85.27412281455368 85.00910032735528 97.54379279478832 92.24140242009443 96.82273561222294 94.87081986181181 111.70089998166594 91.48947304619978 91.45274564443987 73.86308902390581 85.85628655322417 63.3402275140496 65.03626806749172 66.86783494994174 63.008893551757424 60.561097782595375 70.10917427732737 62.96736409849394 67.1932871487175 64.00051048216031 64.35890316383902 65.38093185411785 64.21786289864168 66.31870234220933 67.14001464844903 64.82729952680356 66.65166525293466 63.141309830598885 88.45699044826776 73.75137422376706 92.0124284660919 87.14918530414458 89.98335568628654 97.5222098335616 105.47009054974149 98.64227932938361 96.57889256438237 81.63993070295973 114.0888346092138 78.0676712415041 110.442400825174 93.7531972441185 91.27725860925977 96.91440089496048 80.78435398420538 81.81422568939415 93.0269749094456 87.28840424797528 84.88195569471252 75.76571867514006 63.30688266480731 63.96201899491131 
67.30696908540135 66.85314467184674 71.23395548631848 71.51031414746268 70.62993797812251 73.49724494966486 75.66790643576867 61.20878557589413 73.06030139403751 64.2352712047223 64.02521994437004 65.34625427143833 67.7834730980974 69.98288098980557 70.08790055663482 64.76959411537061 68.31109797033699 67.4595001747613 65.64626080772638 64.4321931219848 59.9614758415974 67.24325353384268 64.8786109139074 73.5097305732422 63.38345630082826 63.82154158098181 70.75540304693304 66.459821813128 63.59791318895656 74.2446523644921 66.7652156126291 62.899206058072494 72.22415693249776 72.57812523409461 65.90452365504132 71.18196114210005 65.56083595385341 68.43631800826797 71.9101455433916 67.90927826623907 69.84945014925687 72.75051672296705 73.02348830842821 67.44098187549874 68.72178709382321 70.32884073681583 68.48422765282484 62.63578352508239 67.77974030540327 64.0067248448842 59.130413893375504 72.97771374667776 72.75533812527911 71.89826144855044 63.752798592499865 64.58284075685792 67.82476126081185 70.57002256663313 63.82764347626903 64.14453997348885 68.65278462078308 70.92463984547386 69.34314502479246 70.02361620437557 77.83882074548433 67.91756256137997 64.95982372677581 66.08728533261757 68.89332555716254 68.28486962676456 118.89787412349673 121.2323933658309 99.41287078532103 90.75924815098759 115.45113720624204 101.59906854155312 116.92861753523476 109.18571128918562 112.32358572401826 99.29256612146695 115.33009039768184 116.60273811874896 114.77360755476234 121.36241891701307 97.25223723825671 107.4085598619086 89.26631111633141 122.79526878990676 107.17382517442799 128.29870178708896 109.1423202675715 114.52427318080576 110.74024153865932 98.72424661503106 112.1622373174994 101.4680371786929 113.54498687123386 115.95201625630975 108.8505228957221 114.78363457123076 109.93968502766874 91.66145590836328 104.48397788263038 117.99401879416095 121.3803345447721 110.1599750873977 107.80228903803442 120.4552112024626 101.42061156758992 110.3254678420757 100.7068360461694 103.56733527941884 122.46005901818624 106.72459076943949 96.31749860013613 124.06335089056624 107.32244976079465 106.92479016061014 100.5919491805582 94.59613201239935 103.19270263455702 111.03335106155234 113.61156956537863 102.08489305635214 99.18506416121166 105.20202829378192 98.99930281222481 118.24744260050652 113.32743561735424 93.7282971389509 105.53704211330307 96.82253261353864 110.55687819365913 116.51384055866097 93.94719179848265 103.14889463160281 92.17205538206643 112.8925633568281 113.26708160839073 109.81712864650805 109.66210818623979 127.58548510184906 112.46077860505416 101.59720049902324 88.30883396360454 96.43377293768589 62.20476131769654 65.41038716289795 69.7646580915247 63.20408398398801 61.89447130274247 72.56838707026188 63.466061121550595 67.11935710070327 64.24278942039844 65.40791425029674 65.53162198683506 65.6863412127801 70.7062313221654 68.6508299220317 65.67775899013914 69.72610989952838 65.12175772436065 95.4193123003712 85.63542907585254 107.98778413937812 97.39936243894036 108.59927800155161 105.1787116762929 117.4484614795538 105.56552880092623 102.79815920254522 87.11959838225427 119.41920673472066 92.0757271361838 117.87835618168926 79.19946943432126 70.46275664504326 74.35906917733372 66.34888142650175 67.07651347156589 71.90654667342852 68.0766657283262 66.5258546367753 65.00798777567773 61.09458051332945 63.47641604066766 62.252429238859676 
60.398489618316 59.945613074218215 62.60222940750533 61.79604339828413 62.30143092179778 65.23032014778308 67.27536912835848 56.0826999964363 64.4568307229497 59.57411850846711 57.87151569696478 59.163780445363436 60.767349969616824 62.08591339462422 63.16697370896402 58.947860984670875 62.269493163410644 58.71555039924555 59.875169335092124 55.82970444997401 54.90590616381817 60.57098698997353 56.41847148724025 63.431547864079924 56.095475683348454 57.34692705656515 61.40354488584611 58.79489334718468 56.42642185144439 64.89380335949649 59.00108364741071 58.87640340405063 61.801022234622764 63.88127721068894 58.13224581325802 63.701028564401504 58.25708199116789 59.97522178523638 61.93999297695054 59.79737657306703 60.18739937931773 65.43695181814836 63.47986499226435 61.43661709133551 62.066641525679046 62.790309497578264 58.892580724360286 56.06763216496648 58.180636915969785 56.707431645740094 53.622417514756016 63.10662450188361 63.37972959439043 62.1231529006971 56.304603757711305 57.67104879925227 58.03646805505671 62.12283582164388 56.336602384749476 57.09831024920101 60.443899300340114 62.90903564933902 61.28201345061649 61.88897027172649 66.48577844868231 59.261751661399664 57.331935149721836 61.65177276300139 60.78083315709134 61.76845192639549 116.36435838886295 119.75741902884216 92.85213415634324 91.28153553633406 110.74699747539334 100.62799526647171 111.98465285904386 104.7155767079791 109.44311594874895 93.34530298613296 113.21781104101285 110.45984257962006 110.06715333917506 116.21475658893083 93.58637899860051 102.62375890976735 88.01585143524277 118.55724612901786 101.99585014822227 124.85254465240241 102.94275153738712 110.76424983530421 107.92970303602623 93.3662792163883 106.36475389616541 99.1849357178585 102.70748910044766 112.91961865238675 103.53665967969333 110.60775710816768 100.7546579116418 89.74527037885076 99.32381917383232 109.64684894753765 117.49551551637339 103.89046252252865 105.51990762026648 115.44513977682993 95.91953347350767 107.87273472452455 94.33778969865718 95.781560577376 115.80425469400707 102.48690532004265 92.1186022648851 115.73718169846849 100.20190237902035 103.01544080872443 93.51732084544902 92.31116019332988 102.92804238017942 104.57274659412683 106.3720890729576 98.3981082234523 98.8207954642115 103.31305071762708 95.36428327422605 112.01769444228873 111.1065711543311 89.34286876430525 100.82990247151025 93.36493929597252 105.62438391992379 109.16828041442488 90.39700547249997 97.76770799777768 91.67205558717995 105.227442609193 102.72275777117952 107.74916162195511 106.08643685978907 119.08553435558888 109.85059472228663 96.43579671184278 86.14485440942866 93.00855476010385 55.16843511438752 56.78802451755308 59.21574492626218 56.0805199644816 54.598252739452754 63.84820797185137 56.54146213793703 60.29797864628244 56.98742427533256 57.98582576656791 57.43843782904519 57.55096049853155 60.4019017698778 59.570682080403635 56.59583210345975 59.62640656684422 57.26119892633186 107.01414543227997 88.49786671323147 121.8554624223334 110.90886152799504 117.10306614731857 116.67452608469539 139.02975933206326 128.04362872925932 115.87595979004655 97.61497893534045 142.405896950007 99.48648556579222 138.79760205645735 70.8294747521636 68.48739474176958 72.90146793635802 61.56769013266102 60.27255068605178 69.16841274543869 65.85864688917093 65.26473124650032 59.40633005414515 68.18637942708155 65.45701762311921 68.97484446885075 69.40568279864075 
57.77502224810956 59.69398161193129 61.544553835066694 60.94867879501158 63.27207208029153 64.80432776176038 66.38089113711916 56.2758869460511 62.39335379962894 56.08388440262348 55.39626706341609 57.44860821533676 60.336471067633546 60.34222818906828 60.6566915089677 56.61940430940539 59.81451426104354 57.43666868269285 56.85130097930128 56.241704552761185 52.82923699905269 59.47768895195092 58.35820054580066 63.687117223288276 57.8418716579921 57.17898088262536 60.446055614370984 57.87118432957191 56.15197607152696 63.527304505754685 57.22787566119304 54.95490926216485 60.98912047118484 62.78268702744063 57.72827246300354 62.107434140943866 56.95416072117721 57.58531042361704 60.54620674060882 59.9491103149632 60.94512548441311 64.82453573176771 63.55406727655796 60.518037748512654 59.45520925345698 61.93486263872517 61.556425394663094 57.66046646117567 58.31335844116888 56.268503220083076 53.10717591980222 64.30096341615108 62.09315758210396 61.68039333101563 54.96200983241944 57.03820344739903 59.6919605518804 61.85836525316626 56.43880850374827 58.03509781827571 61.33690473388183 61.53335968946131 61.75393607694376 60.4078588992481 67.86176116922212 60.97328411299806 60.111881035252864 59.68933509415263 59.8944115142121 60.86818781879333 113.71048934337504 111.47205567091237 90.70292603298824 86.64465895142578 106.24005657513794 94.1861272383239 110.03914228571142 102.43410588730292 106.09185550850131 94.53690660507827 107.48585250199424 108.13977277072897 104.64524361694842 111.1489141542723 90.98985254948938 100.22460390758351 86.07613868006749 115.30604536710129 100.0696541312016 120.99381346109163 102.25535635601119 106.3311956150493 102.2842179140138 89.42141134985167 103.16917451489208 95.9518163674733 103.60281026171228 110.3933213095859 102.78612190032611 109.34443920267069 97.45795740623062 88.39159527927517 96.22212299874113 111.79837638265595 108.22672325278346 102.98824878729947 98.3973682121868 112.1398205642294 96.09315008308066 100.83801966593182 91.7119437628626 95.00479648359091 112.08421594602706 99.0150781288396 86.66499902312464 112.11918681047702 100.05841165766795 100.42155004086727 92.55801131723794 85.67534540742275 97.68862401748606 102.2875817697663 103.24659173286445 94.71551083193489 94.28586138956932 102.06393736184847 93.09409551268645 110.69565744679076 106.21934637266591 86.8739785065952 96.87965994183979 89.16481584742503 103.56993527850977 103.5794757798045 83.53976554813975 93.5294382366241 86.05061912460566 102.98864385165263 103.27759879326153 101.27196959115764 103.10107300946908 115.08618967579403 101.95990725427247 96.25878972072672 77.43445664679942 92.49738644919307 53.166028274592186 56.98609714952729 58.48186527391642 55.48354919417047 52.530030973786324 62.409491734152766 54.27181226609623 57.27573080773713 55.33006059403086 57.108584938374534 56.70879473807715 56.90799426881549 59.551427715981205 58.857271015641935 56.71795611773745 59.42147463306341 55.54681623056507 90.64398822806139 81.14755799789026 106.54561323005662 95.0156824878976 104.33760187797917 105.3931931613574 119.06780777850149 106.07595682654437 98.20065992587355 85.22599104893459 121.39413286288709 89.22939295290725 117.77441816468192 71.31326773393614 66.84529667780868 71.41703700600549 61.90356162557635 63.57227792076504 72.15002665562044 62.986455659911506 61.04232382290465 57.78631243194002 60.074020590576836 59.72410171375978 60.65132402667691 61.23158709534968 67.1085003085694 
63.51973905610236 62.168971095851816 65.11396902701948 65.82677363691397 68.44417241577412 66.5025884235412 71.51735723708377 58.05473972929815 69.3518264701565 64.0477527970329 60.22693962107041 61.37816708078187 66.1800283938501 67.34837206390445 64.59359743694698 60.889561135762094 63.92057166743708 60.93574106044314 61.02821256464344 60.81909241225934 60.92132108321538 62.52662599107694 64.28587433608968 65.44354636637732 63.356248138115475 60.493687570929495 64.98957579426853 64.2354521724049 60.41056651245687 68.79305050785293 62.23768749544052 60.48424386065683 65.76539910912565 69.71820359679505 63.9169220713576 65.70546344949912 61.25299166875957 61.90101465019564 65.14033928367243 62.37613370960131 65.14498175242714 72.48770425882714 66.54782767237003 64.92197122759995 64.72945112824353 62.78288935594719 64.9991201371358 62.69690660849728 60.56548256177247 63.86941494936819 58.421555208361276 68.07028973027617 65.77532987193804 69.2096853477291 61.035025951147894 60.84732852233565 61.49003644753531 65.45103917233017 58.96431208388083 62.457815718862776 67.7056679715154 68.00032586350315 64.9754042501467 67.77772288310614 70.13420210075687 64.13794165192108 63.1018344521883 63.16503882499087 63.7828040300388 66.29819663779607 116.81754591428933 115.14973660478567 92.28412036812742 86.51876632979516 111.20429263915271 95.26265149481858 116.79503573326105 106.91113583195013 110.9064597532241 94.89137675781006 113.05455044450618 113.63679263353578 106.43630699726847 114.65973262482552 97.06960134435829 102.01352637592453 92.20626331053931 119.06565387832805 106.23307372294576 126.04237065963765 103.03043031605343 110.8916809932677 101.25037232585773 95.07335361587768 106.55137574571985 101.89964191215667 109.05011851070104 113.7354640527341 108.22842271012416 109.49663151681358 99.62792293299893 88.60319266176624 95.79491969424406 110.38153858900387 117.59632337767997 111.6944634745352 104.68578273770791 121.63357371726956 100.3555328904582 108.64032574735637 97.56003842074104 102.44705051920366 113.36872343705423 105.3697645570147 93.49054306260922 115.45289644373223 103.85005860013848 106.46167573085418 97.14505325472285 94.29645575845585 103.71855129592586 103.75054832699816 113.07621620163249 98.90084565477044 99.30972180370411 106.86822534523229 93.37393830870407 112.38161717448602 112.64879121619235 94.66028607957006 105.48150148484777 99.00458622340516 109.28619281899614 104.01300106945224 92.01173522327987 95.89337001143669 93.91202495574726 106.70127977138971 105.33488496336545 110.98640587861242 108.32779637506633 122.1164494525885 114.73536880926639 103.75232027637398 80.70527004592098 91.66881443538983 56.69650940912133 59.59573130257756 61.01232099291529 56.9313346813395 56.92147750479786 64.56847684863835 57.813985775751995 61.74530937206784 58.44217617112 60.48771321424375 59.22068908187336 59.29171509587679 62.017454038697316 60.51812867782102 57.915269077957724 61.832663446243245 58.32918523604013 96.06910824762502 84.10544332931487 109.94411637920767 97.04452088392405 105.29800783957235 110.33475212885853 125.76402865961204 112.93410751737926 107.25921050746268 92.0653961709939 127.21403430140806 93.90216692920006 123.6424950609716 78.15535047832986 74.01490360677872 77.0961006919782 69.53082457507504 68.2660213236836 76.45664669059425 72.68227899070848 69.46054666269161 64.46685316831123 67.67506625435429 66.99823481775101 68.95694851878578 70.30829357553954 74.37047083125692 66.38752816645666 
49.63730533277624 49.04113470210988 52.01355238609196 50.391092418248455 52.291663449507006 54.0045267517282 55.67024707707233 46.31772440104501 52.73248375050091 48.45184118495966 46.68829103818551 48.40385041617532 50.63836862275847 51.10795676862032 51.55557017663356 48.52785898370477 50.8418538845418 48.221900666448384 49.45113809459382 45.01549953255532 45.10274707433879 50.18581601618171 46.440552857026894 52.63056253646906 46.25241739629369 47.86573365951168 50.251256821529644 47.481521658900775 47.02916003932153 53.35914731689514 48.665372780927946 48.73660949878264 49.84036605310638 52.8829534598929 47.275301385862065 51.23830114115579 47.41014801392552 48.520899346833666 50.4875804027087 48.35987464723334 48.67752161362257 54.829140684972906 52.62469377880432 51.87158974499106 50.698561471628615 51.728082550573376 48.40093707842031 46.73952437016298 47.97314607809334 46.935408043366834 42.965066782118335 51.7859118614311 52.88003559795227 50.91178020399562 45.14777844835947 48.06669872701503 48.195729296067526 51.324023972464225 45.92543503333399 47.165298578062036 49.82369310179212 52.70675429033739 51.11198985722659 51.08663600258487 55.21580302226564 49.63254557016284 48.00259314586993 51.46152646176988 49.72543010656945 50.50358605440461 101.54472095610663 104.17830769234821 80.57182627086615 79.14359105654404 95.76111510408252 85.39635218228597 99.1669457436583 91.52679766984818 96.40692237203534 83.01495251756106 98.81877572385507 97.17574905942587 95.77762051756363 99.8473299847998 82.2005003626957 88.79176939038655 76.89702883202384 103.86165572392274 89.79983489226085 108.5559903143745 90.08606510192408 96.18665735830662 93.47970847922764 79.78081258267059 92.75176141940983 86.58585433747905 90.61559862638047 98.20180602143753 89.47521532223246 97.22743231013804 85.37159522358768 78.63344545648519 85.64900398459815 95.52306999554338 102.17464847802572 91.47849168721359 91.28536862247906 101.53221957130056 84.54536137230915 92.97619098957423 83.11891861536974 85.09992068682581 99.2533901511352 89.42137571351262 81.76657458841127 100.82863826799449 87.17921969210217 90.27256345088752 80.45925492351164 81.51258970701087 88.93199236904587 90.47566071436749 92.59023424468685 85.15283202498293 84.68377869487371 90.13359607171986 81.97454895258296 98.11764827304832 97.33552940460727 77.65275861829163 88.8219517739543 81.85508499886558 92.35753289421407 93.755514921878 78.71765528000572 86.1361898859497 78.97567379475669 91.67276752426724 89.0220223796134 93.22412792905351 92.12629990275008 104.96766528619283 96.27581152730018 85.3376883652648 74.41457805973336 81.71121897947076 43.957639005667865 46.16733852532956 47.069054373205724 44.88621869651132 43.60638641624081 51.59060269724874 45.22837159398706 48.654783988057524 46.00016895222215 46.60380836006374 46.11170821380526 46.166400023932084 48.139588874805355 48.0449209813749 45.796059921105574 47.59278548798407 45.8287286969853 101.18668173715055 78.5612660819372 115.9929814158893 103.96557094877451 109.33457189108964 109.6263977370763 133.79614924504557 123.09189309295562 108.66633059083554 90.68280101656208 139.3616615488387 91.47177367077485 134.99356245239565 62.942044618475784 61.47961376735506 67.88296101230137 55.176808488642386 54.77833286589865 64.1308512393784 60.66608462715675 59.49100384277151 51.37548888153597 62.97102756624787 59.742959106924836 63.02602856219607 65.7357546660016 64.08788381638709 62.033258199097766 68.192730912176 
65.85366142533643 67.38803771764255 68.66830332466103 66.35023775971722 70.073796580675 69.70137410471166 74.86370052558237 65.59326298102673 70.80263485606244 65.41159511734075 61.55376612466107 66.00134144831881 68.90078497638267 67.52637139765149 65.59770188061309 64.06902829779774 64.32503366801893 64.89325467547576 65.57798937061685 63.46057941463828 62.77497035478901 67.69639895226922 67.92889152119476 70.8874513567704 66.02671453700871 66.18176757312322 65.83583798313842 64.77376441339722 62.924121336096675 70.29206888417214 63.72953761709708 62.612221264406266 66.90557539637645 69.89373334231948 65.57649126532088 69.61123502143558 64.2253807751937 63.451030456971814 68.15300290110085 63.27270319762742 68.35385389290644 73.2423411577454 71.31028441678826 70.54384247851056 67.30644678305066 70.52742379696207 72.27887094779614 66.53973588719984 66.00574233242514 66.32352049955023 61.5389585370164 71.40075567114941 69.07059293871328 70.22225102976182 61.673209751070445 66.46400603296627 66.54511404582254 68.94956359223312 66.43113627187934 67.60279277285412 71.92747405480719 70.5282077188913 68.95707820260006 69.08581291821743 76.56947758428504 69.00796085548184 68.06081911899525 67.32313632714431 69.81322757070966 68.52553402455604 104.10404486242982 107.70574667461175 96.3497417873365 86.37228944336415 99.01782378506681 93.48483320356489 107.72773039934422 92.23100078102433 101.530694828853 98.52229000141732 106.67693329672858 101.52088078421869 93.63570406503666 113.47024698028167 97.66184559559886 89.87361261926613 80.47533083688978 101.52868745846338 103.31536215490034 111.68187241327665 96.25741325717614 93.48326885248612 101.06792005309454 82.54384427909112 95.52630981232394 96.33304765379467 99.50176098364665 101.9398794049633 99.45003094433457 106.53695359531599 97.1810655862492 87.38607799366642 93.91736971946784 109.4805501969637 106.63727342689462 99.58674528340448 90.33819674624259 109.15318836843488 87.63535432126285 95.48625786013139 92.6143723329444 103.74237303069918 111.21531607510926 86.08126196610861 91.06447282185287 121.08274846675263 99.0961590797821 93.80466434231037 95.08006569876068 81.09157436476364 93.09000363913741 106.59651986807548 104.3360029889803 92.3999878744494 83.52271938342327 96.82426189109722 83.44008115077648 102.77290374484105 99.14086370079166 87.02318895799658 91.73703311706913 79.61665426732574 97.48506080013293 107.76921380158849 84.65250363922986 94.04101640784468 80.29408972997898 105.20610638988214 100.21691330774358 98.32019800190419 93.72928643310456 116.68548424314895 85.2821443858535 90.09711728453267 75.12165034529431 87.25171360505296 63.26964469871173 68.44059130188921 67.34194154851916 66.15759765626781 63.42917189577988 71.92841389472258 64.24211812617428 66.1942127789511 66.23574106898461 68.20302048208083 67.11827015959008 67.8867228473687 68.70532120598072 68.8059693988545 67.67572293533922 69.07507871544047 65.41317487241429 96.0879020188199 80.68004962645472 110.87938740056185 102.6106975003132 108.03051406989354 115.6827639975548 128.29645135184452 118.00375742218205 104.15247771225546 92.63354696381415 136.52070406415697 93.94246697446599 129.65523184838005 81.9926724704202 78.99221928646834 84.3827739663075 75.8345165666481 78.64646005951124 88.85832719877449 77.73821164339932 74.61895323279298 68.48342213483201 67.21001635360959 61.02822510703799 58.656707878961214 68.0835158426082 72.83149620184129 64.39179290813624 73.51757581028129 65.30521902565637 
48.70760468526022 51.3218426551997 54.384124682978545 52.815810263697244 57.52899260146325 56.786698178348914 55.896940641100365 47.7829668721331 50.81014400649875 45.10358551275934 45.59337374521619 47.07749294902553 52.97629102988913 51.61688866836604 53.00804854770514 49.004717251168174 51.51802443781911 49.858814964839915 49.18194976530392 46.85386429858231 44.65466803782091 52.30847657735951 49.84081397113858 56.08582382308009 49.60154919545588 50.90749090516109 52.448180836319295 48.24038010319172 50.37192686876706 53.499519979143024 51.80794336260292 48.45677599514309 51.97799308043804 54.1983427707869 48.86897952617166 49.35502213434842 49.12915504564819 48.00427551984288 49.57087057728728 52.24408934559505 49.79745447746874 56.62939724922089 55.5852316422918 53.541881430074014 49.84632835867743 52.97671570880159 50.8143467106512 50.09288765907648 50.77624690966424 47.5342182603348 43.08420578766847 54.336357603818755 55.014887805632085 51.39175530225134 45.9698415650499 50.868119506819575 53.63536864298217 52.63047434221961 46.706984564702495 48.71265511416017 50.43635224540849 53.74100391169154 53.94759821678845 51.8209796577612 57.04024279165677 54.89106486606431 52.889561881090444 52.81061786151687 49.11974366922953 50.8213578586744 99.03076483247774 98.29927816912682 77.72069000627596 77.76522591204477 90.01073697145885 78.19686426609319 95.51202357491707 93.33311379391492 94.2046119988705 84.12601300370278 93.35079680045288 95.25875907942151 92.64497067882037 93.7821487787866 78.38769263685177 86.14435843732943 81.3069449914906 103.85537502738401 88.39282861855325 104.12873607260526 89.88843465698878 93.83177277651228 88.61530184014957 78.82621727660069 88.57364089263382 84.12280718250574 91.66652580744457 95.15373219922954 86.24061153681453 95.58842791650432 81.46516392171895 78.80936588305985 82.83531944044707 95.19561824668797 91.39498564875879 92.58958297418518 89.34224426838915 97.39214691747135 88.73189817039558 86.88752077323991 82.25791313601799 82.2591312559099 94.8862407782799 91.06270919366162 78.70696949854829 95.01927543936497 86.81584657887565 87.89907149309366 77.93419205724378 81.0991690508669 85.42754565494721 83.20823151779803 87.45928208208237 81.65792647860653 82.19609419612813 89.23631811996832 81.76181772823314 96.19337661261382 92.12757725443161 75.29647852630131 86.3790219921834 81.011867466616 91.68722866701148 86.02673896988478 75.47438404920996 80.83157279880864 77.99204401703676 87.21157330091523 88.03967565931826 87.12778204637267 91.67609140478886 100.07818957883761 94.73725477274493 89.63426464545152 68.47660657022826 83.8306775870958 43.3359580429123 46.37438509686003 47.17950398567625 44.07469089053738 41.647051295544685 50.19409694255455 43.70451960665649 47.29631182328346 44.78103648923992 45.1151210398912 45.83103980758157 44.94611419069444 47.179027659112585 47.77663261743126 46.16843680802022 47.30583585021508 44.38746788287374 86.21272246015648 71.41465640053639 97.10517099508017 84.99881830920884 92.6887900022049 93.68194160526265 107.74095330339745 96.07872658187522 91.52380603372781 77.44131800568039 112.7668622208071 77.92308724667842 109.89759874969211 72.43568151939826 69.46287154163475 77.42621432612417 62.0403644940911 64.16830932528549 73.47525401352247 67.325826770197 64.94601746207277 56.87346485694095 58.4367590029563 61.544304366285274 56.1797241842678 60.91880102771503 65.03817253601318 56.34000571768022 63.292115757300344 57.45441606065191 64.7370002962317 
65.30433501744042 66.97752341587693 69.30206284085065 68.61362775996896 68.3640719116199 72.53511803331872 72.86988898467115 62.608909259959326 69.8191212775651 62.60950285427415 62.112408618098875 65.51229216430285 65.1000567107256 66.87692713844523 68.82191749666426 63.819616665891274 67.45004113775654 65.74530741858204 65.82364393928155 62.19614451576589 57.845649579148535 66.44687450685966 62.14396449903034 71.8641331908583 61.45039126887539 63.537680394635295 68.28692489414617 63.14325076065539 62.82730947316473 71.13802821978955 64.40132486462495 63.151561123518384 68.89075896638003 69.10740622715014 63.10726253780549 69.73495818275165 64.17532842136168 66.28849605456776 69.04740024538404 66.98057236711131 67.38725010059424 68.97133883239914 70.58926638840505 67.21837824064995 67.04720852538141 70.28685734383279 66.87310095051043 61.56550373847685 66.83689251664542 61.5124392947636 58.64358966384415 69.68643761566996 70.60634493869847 67.65231908967829 60.97962322708338 64.00691494130793 65.84297818725966 69.22822933008779 63.793303205095675 62.73378641037092 65.56051666067464 67.9324917107397 68.61445425198362 66.82349942424611 74.91540575222133 65.87080839949533 64.69540610452252 66.80312162212377 67.84091468136612 66.35882444024774 114.29041484326645 116.33031688222151 97.18853076600183 90.915788966413 110.4627372989694 100.02785133625113 111.65693023865592 103.32528179924621 107.96470478359024 97.65706113706783 110.50572545993711 109.49596451262317 112.28961253702967 115.22397921083338 93.62457120275835 103.79253835034655 86.8620924605297 117.17478047986368 101.28453672756459 121.7869151543315 107.58006604859497 109.55051752830995 109.45936494795046 94.2532910043275 107.11288445470858 96.44566797109471 106.63435261449978 110.19599286368046 104.32597800885807 109.98731091734305 104.54821658478375 91.03335674245666 103.30159833254766 114.8293093851374 116.25051397385637 103.03371042220834 101.58945513126531 113.17505026382639 97.97196369719875 105.29721516676285 97.51730010063139 97.78735229996532 117.04359906941532 100.49644705395035 94.1241195292595 116.3763900198592 102.23453164763238 102.08183021576006 94.43847836382851 91.7133272466225 100.24953573699858 106.68474883037311 105.65719451469904 98.50148618760197 96.67498123022528 100.72156661704956 96.42328079993595 112.82002275911707 108.48251120163326 88.97902909157848 98.70279159273322 92.44935389254236 104.08546286943435 111.99338159685549 89.54947293327928 102.04870840589014 88.56990290386426 108.75306389832588 107.85933105790602 103.13705467348791 105.21164160192548 119.71077687105178 105.29567407306432 94.52759275386866 89.11347174473308 95.1824469604184 61.380598483047635 65.18614899969786 67.7526930643569 63.73906419488927 61.076395888626664 71.98178952186181 63.21872872634276 65.70761477650316 64.62620152865144 64.90487469807546 64.52513946255075 65.22214046949335 68.61447077164924 68.03778464921703 65.76999651643033 68.22686603668181 65.22454242953026 99.72462789911538 88.55463827839304 112.60627495947011 104.91033196913686 114.86913677874169 111.40620366260374 123.36025321015599 112.83500031920828 106.26791246984746 90.57851446760836 127.36421090904058 97.1206338376454 125.58796002249801 75.6832035278174 69.98271161007249 75.66342345075131 65.50798777866443 67.25951627398265 73.00497344743785 68.77048393946154 67.3620310641192 63.677645167566894 65.03726227983562 65.8782420896651 65.84322022549607 64.58348278069226 71.48850716278962 64.67468301209831 75.07990132875932 66.83671231779867 69.74139317337263 64.11521977767123 
54.127947521106954 56.24483185551802 59.151205697767594 59.59007130628708 61.41079335165982 62.83902277080123 61.165742817272054 52.43710584737469 56.739749832064625 49.81997803273598 51.230228005271094 53.05676845274566 56.378850608681816 57.192780797338735 57.392180019972784 54.034663684555326 56.937478297085725 55.699162738426494 52.73827749663459 53.70295274773328 48.21168800188776 55.56984327685415 55.08356392454601 61.7181871960763 55.85069532877817 54.71761621298377 58.65718706660704 52.4305261880622 55.95661327908334 60.31484810758876 56.366906447025194 52.35785325056548 58.28752514044885 60.36818052073407 53.84206298744777 55.41041798361002 54.20949350815383 54.66994221886036 56.6087391922402 58.98733944148212 56.4485633636435 60.06826666631566 60.32880287185927 57.15451939926839 54.838254621008765 57.63296915630189 57.30086010319248 55.02895753897053 57.20823101401689 51.62287452242099 48.33370081139967 60.76782162967169 59.99629183105143 57.591364942890394 51.369341186220566 54.42129404911781 59.15663159411281 59.58381943795176 52.02777109932755 54.767178735469024 55.395560965207096 58.070538963720495 60.124490614361314 56.90404924637961 63.07875598946496 60.04126426595576 59.4950397908467 56.405640047165306 55.20832389956376 55.39487885561232 113.10047957808294 105.41208968089789 86.1714614693388 83.35651942494306 105.77944762196805 83.81724307279478 108.56109182096334 106.35966153027533 106.58046013108417 93.57686675230426 101.88627843107146 110.52500413054786 109.48226773567087 97.60991506215129 85.01986905781533 102.40848799302665 89.37608601460856 119.32420885579924 95.49978415177601 116.73558729837272 104.6780733761947 111.2215588854559 96.98688110368414 91.46954587523274 105.45836236965508 91.34716879703622 109.66120690185537 109.76748124713602 100.40673162532802 107.26418433030379 91.07700178318886 88.27889555305255 94.69341633200777 108.19392799778053 103.42228357946337 102.98293891986437 98.6594832799934 108.39154945099537 104.65483703431666 96.72875690560173 92.79272403477911 92.89756205934926 102.81121200098252 106.19897255176167 87.96625047832006 97.27289545347831 98.20921426378445 103.37030811594902 87.93965219246064 91.16531766423277 93.23644552578274 93.4226758990557 99.35906280360162 92.41737356397566 96.69053007494405 100.72154936725802 97.22750623073452 111.65692180800173 106.68384955650313 86.2620887272974 100.54221247379257 97.21102781806543 104.5792443348547 93.25764231064365 83.1062001615178 94.28754896246176 87.07846478248115 98.02853819661117 104.27151035860132 95.11722299847338 104.54195477587778 110.05037840624144 111.20925246263553 102.28787053832585 80.9616616934001 95.99638774000758 46.97161789480824 51.805274906717926 53.08131293991291 48.83500740630003 46.14842984705132 55.921015277125946 48.25882739333586 50.937945006229945 49.87174045049748 50.09415522792559 50.2395358097967 49.794856709423414 53.32545997022078 53.02106873900451 51.816349286694106 53.56472048837487 50.126592579051454 85.86790593930606 80.95166902156745 99.94135235400034 86.3472960176096 100.94939049841994 96.53773621568764 103.89694397609512 87.94199223212006 90.48874563945418 79.15088907942467 103.74334328365451 86.07978905397778 103.28737654266942 73.61849057607742 68.4701823530605 77.01456994057531 64.12719004353364 67.43037278532135 72.98700612582331 68.14917004948735 65.30417366097493 60.05106718041398 61.939659304627675 70.34259655541075 68.37820955932487 64.55829291327457 73.40024870996814 61.53311604578556 69.15012860697071 66.92125135671795 77.41711709848225 54.16119868364562 68.99907270262871 
68.77749857145301 68.89460483755576 72.15159108574197 70.92146641394051 75.7606137159333 73.14787410070534 77.54347619814115 65.85071817005893 73.46268418648805 67.61264777946862 63.87624461297507 67.627348400299 72.51928041848967 71.90282824454772 68.69245453172641 66.44642056991484 67.29735184010372 67.5325491084331 67.1855058852489 66.91051730931423 65.64515102228289 70.25364248000007 71.8125416429816 73.52799722617718 69.75558921833624 68.6117613079002 70.21088608149242 68.14069567187143 67.40756135387066 74.20029479645791 68.92562092551256 65.37352924008532 71.30006700281032 75.23848190815318 69.41507130036689 69.7784593818003 67.16530696734432 67.0798500833954 70.68182000076409 66.8153987363689 71.37259889933614 77.76066217651893 75.12367728567698 73.30102157964869 69.17709914639522 70.39005418062749 73.88520584893149 69.93052561311946 68.95818251160857 69.7671406323861 62.80096519298649 74.83275709434224 73.36492267598483 75.06796642543307 64.99481961584841 69.7435033517493 70.29806683031804 71.69804953384443 66.91161957332643 70.5135554918596 75.25974980919644 75.0651679344624 72.80191675898739 74.12649051238417 78.81047695325434 73.12301121222556 71.86762227483167 69.19396520791874 71.5342337529334 71.41133437258779 105.53821067557786 106.37339669657041 94.75206765719071 84.03349394602115 101.45094842990513 89.12840914519367 111.20805147915758 97.92017493717557 103.85624845614699 99.28226326907887 105.90146990165314 105.9322140008016 96.65293224561043 109.73963424673596 97.91251329749477 92.72382599566723 87.1592495858655 106.60312072126285 105.58862628484363 113.0650499775723 99.88846867833415 98.37868204122833 96.88539147023704 87.84325929486012 98.47913845922461 97.76718000388546 106.2465390147666 103.28594922002681 101.41395827456803 105.37690989587233 96.7908910609197 87.4998789551165 93.20381302087596 108.99755371514625 107.55117451153436 106.74061731304387 93.73117790990652 112.9824527522857 96.45159453424392 98.80867735573791 97.21770448035866 106.29103653844365 108.16573331901421 94.23881715906673 94.85135933046561 118.12895536809427 101.53119802139724 98.1325435913692 96.77454200815409 88.96883966283647 94.87398784664884 102.71742677133874 107.51840777490673 92.96592214075918 86.46670803783394 98.42111407139804 85.65398120818709 105.50176027652705 101.45549678839674 91.41102986004117 98.63395550823003 88.75527724433275 101.12194031252126 103.84048467175045 89.00292446186062 94.9392793923742 84.73571013951067 105.89074728651607 103.68757152413204 100.91544789669139 98.5070399606389 119.42417520785634 98.67807423463995 98.54320643855614 76.30093914821222 89.49227446221241 63.545858140085805 69.76936470674356 68.61543148267276 64.61540408532143 63.844819774560555 72.51264682440089 64.27358615840204 67.86090824762707 66.81028160510681 67.77208046888823 67.53786067714343 67.3946025197936 69.23934265230008 69.11152933186612 68.38522628509781 69.86850582787659 66.01153570171331 95.6127564435611 80.9466633451704 106.42475871629277 96.09611009075628 103.86352993522569 109.84265226281146 121.06822239473857 110.27388152979026 102.71154273366889 90.35987415834765 127.21907890057076 92.57737788884309 121.93773488695153 88.4750531378797 82.83381358924132 88.99040017485054 80.42318965376904 83.01177308219266 91.0328767365585 83.52880000453177 79.14268194102193 72.60253181186427 68.79601712217858 67.8000219283417 63.03158246938597 70.07731765662737 77.89601253750402 67.46546574653307 73.46373620541961 69.7302348314186 63.74783589983062 63.80781376396073 74.45762551846015 72.49900722874 
67.14890668706141 67.96319498174852 70.07233420628435 67.38791463257859 69.80936183119259 71.07895879506853 75.88497665824151 65.33815522231365 71.74480030290059 66.23399711187017 63.12643698749201 66.44117133335526 69.34659212752928 68.290995052597 67.7974828344063 65.47399480438328 66.00750305672194 66.16035098597914 67.13945972105812 63.316336632562745 62.862447302342936 69.05515933064726 66.56327301291263 72.05103132724935 64.4821319997902 66.39063829139235 66.88215703051083 65.58009402832023 62.744397746188646 71.4329108667079 65.28709560361402 64.13117647288236 68.30638980804746 70.4050024671955 65.80121228804572 71.08887250873971 65.28302929281531 65.22532403390035 69.30625374065698 63.98950454650988 68.3087773991695 73.56365802373922 72.51481963624362 70.73293637074133 68.87529462890723 72.22624093163664 70.85275908685215 64.98415229506203 66.45634346205043 65.59790916060227 61.063641153608955 71.71146960289923 70.57193723014166 70.30190668638552 62.510083824051385 66.95337665861135 66.83647688430437 69.23650993178991 66.4842715275884 66.7540818011365 71.17947114137704 71.25198930644068 68.74527724018031 69.63496249531106 77.1516337080333 68.76298672357746 66.1380793491466 68.35714786576158 70.33376992521625 69.09532455878815 107.2186932173927 115.44670080233045 98.93819891309614 90.95288246437127 102.2885276529812 99.61977383103235 108.65274189927281 95.13579897787778 104.19580390164838 98.83827764289246 111.43277562403223 103.93248536093618 97.71297141915547 120.12202619470888 99.24431207348431 92.30304311515904 81.54546959238085 105.14425910958401 105.64989289868761 115.93582475352308 97.33322242903107 96.85171569004382 107.09646397930317 85.43221688986142 98.19190392872933 99.29715837291411 99.23567106397475 105.22197855732128 99.99881064426837 110.11527451553752 101.97607549916992 89.22009293621805 97.40954247654636 110.70296135296627 111.5517486752465 100.41436576029423 96.41649106010523 111.16271662349034 87.40815388357659 100.07690071658415 93.74248208817696 103.79661477893451 117.2157515568958 88.83809635168095 93.18798015349991 127.34357292572433 100.51721023136461 95.08536268739108 97.20741697289432 83.72586804558625 96.66735087164332 109.95277530622964 106.16162710726657 95.33609805577558 86.09133884221397 98.36567953706997 86.31368431649483 105.47596572400757 101.95119183033717 87.84017457929814 93.69089415371619 79.926376714617 99.80809709482315 114.55621419130755 88.43235858762394 96.16264646027044 83.4177532532148 107.52425822445646 101.41407399539273 102.58767270145545 96.23742080075549 120.57209672623071 88.41696504329455 90.64526010958205 79.29492910392622 89.00257918581546 64.96877113299801 68.4660308784988 69.00576609494091 67.03080720239412 64.50698550945128 73.61068723569844 65.70051086213631 68.4739446079967 67.09552654839737 68.85404017092337 68.39302929243041 68.78964097206897 70.40226283003274 70.17370858532176 68.22529274212069 70.12731309379785 66.53845171756758 102.66750234490564 83.05561397195733 116.65161538486466 108.70265920341474 112.35512692584511 118.09512143378498 135.52883426540308 126.39073514303772 110.73763294481327 96.49149832384013 144.11103856545986 95.92282839705867 137.2850663842017 82.24391731048098 79.4221627817214 84.20359090772959 74.14071825002813 75.5610368944495 86.24951640247535 76.69860375371417 75.06654739117789 68.80348132403867 67.79648904381887 60.708612537015505 57.92067127122484 66.72260314892978 70.5395170940322 65.37310043529828 75.11285452416503 63.793404265919094 55.26302940578002 66.2083791322794 68.75667495495414 80.86786163674901 66.21995652870103 
78.24013182681392 76.69775268357672 79.12489330428765 80.56075710711846 80.67276098037199 80.20352813225733 87.58497771248865 70.60149200206686 85.05648301029306 79.5205264805621 73.88589746057094 75.58356587113899 79.4419775754591 81.85127946138968 79.3179543953101 75.04342388919652 77.70627068092118 75.1012606037768 75.59109938941009 74.49323685686657 74.30639331088268 76.57442790851793 77.36510116077221 79.80753567155827 75.49792479353584 73.24210224137869 78.77335533082147 77.85313931338527 71.84005688906834 84.00616728179499 76.56142962952232 74.69481246440334 81.74863119867682 84.54683966534762 78.09505117780603 81.98265863559742 75.95353889536175 76.56658928024488 80.04932519160664 75.37333019748084 79.36168217161784 86.39549860857868 81.22790352385702 78.52394566896922 80.36268141444296 78.24512459658281 79.28691262809322 73.90819124804977 74.05230289375433 76.38019295481638 71.73130730251887 82.37456535546147 79.52544972719916 84.42931110906625 75.23658699046494 74.50014563061218 73.63524044137905 79.2173501280357 73.20050777796907 75.691868821088 82.05838735768637 82.16226254451863 77.70411603487439 83.19457991693412 84.73257055241936 76.82165659298082 74.26346035150198 76.65910264407627 79.75040041495912 80.65065173419953 126.74846656485808 132.52728517249298 107.68270484753207 98.90425363740391 123.67759762322558 110.8976632035857 127.00672439545008 115.06631684992652 122.01585216886636 104.84986340107159 128.9172334882167 123.61039085952368 116.95119544243636 134.24153842279128 110.65603609378 109.2734712545095 99.74701781483016 127.682368678748 119.78992081403278 138.3823109161635 111.85935475631578 120.44919023171995 116.96891326357313 106.32316153521221 115.95874187672808 114.27967390713593 118.6753903620526 124.49062652130435 119.6943045404632 121.39990063769297 116.63673512465357 97.53690063087494 109.19786355079444 121.75030322870484 135.0433823685086 121.32036517654728 117.57613238368627 133.4270214590379 107.00811594171081 122.30876538250232 108.80691190963081 117.20273399553038 132.0588146144047 112.60274542245156 107.15872176934568 136.5121240680306 115.78079943069258 115.2182454447834 111.34531229717612 103.75335314834757 115.53151700018992 119.49516433673897 127.98394359858202 110.85052732816679 108.5884120928462 116.10172513175513 102.15062305400114 121.54663452231192 122.9156464658357 105.44897229687672 114.90025254047305 104.93494094049105 119.28481009535855 124.18127104437484 105.90571757691562 107.25536648903861 104.6716513079014 121.3388661790353 117.58210748968297 124.77528201977425 117.67900605052705 138.60220138009373 121.90260037619097 111.06901073196067 93.12067387995631 98.75849964672757 73.11364546306429 75.3302388176889 78.40403855431448 72.76281286912248 72.92306797894274 82.56499964891368 74.23230692553804 78.54697436905802 75.0265959386732 77.00995490075537 75.61910734628559 75.58295307117874 79.35535142086263 77.11980035915605 73.84495190557396 79.13449662072134 74.9862122440874 99.19067374495421 91.20684890884199 109.60806662467286 101.92675432474064 109.6552557234904 116.18706586178102 125.47976973769076 113.82222923669448 113.06630085186299 97.65517209497716 125.99067310301614 99.51442794568229 122.85828022731583 92.30685642567802 88.19361917647747 89.17214922722692 82.26803688401243 79.60148935392952 87.45229848670803 86.1981929432704 83.4838283168031 78.94518080086223 72.03210195599654 71.4651917890085 68.14523847558954 71.01546240627749 79.04683352723934 71.9357999223591 77.18722271635761 75.13736044839477 73.71654477724262 71.93334335117534 76.88581777399011 78.82569900447749 77.16509748721404 73.06821220881642 
54.6853575106382 53.016271475136065 55.90466511353904 55.47016061494414 58.855186446395166 58.552534297375615 62.71033248485072 51.16038808347303 59.514759502833456 55.00484197440654 52.37899014261521 53.61692969505347 57.37970107513641 57.46622172844153 54.10158574250666 52.34800102286263 54.45388880421688 51.55867474132152 51.057180520593306 52.61482225437448 51.5673091798497 54.200108878916275 55.92161236230568 56.355117257106485 55.48156406758137 52.05640535488988 54.9817771995765 54.83765370569757 51.79333248101605 59.838634126009154 52.46702026841275 50.495120306698425 55.21663857810572 60.19673960511281 54.6944902346655 57.116873837894055 51.69077109285248 53.34637255554859 56.3053645214417 52.862145920217266 56.94471058843845 63.028211516994595 58.39763101694515 56.5112657067111 55.05056124395261 54.398363735093554 57.413076386129376 55.049716241214874 51.876296304520544 54.490434355884865 49.53267869747783 60.41208503006659 56.69065016142506 59.84896436427243 51.39386673431927 52.16713417664478 53.64434167697283 57.06965800535733 51.00881753572765 56.1502839344356 60.44168444437766 59.1171427848438 57.15829134092985 58.179320229531235 62.78619353320904 56.47855545982276 56.220528316559296 54.3011807018208 55.745533546987524 57.99667079422063 113.74432321327326 108.3522878234503 86.85243122504441 81.74885527634147 107.01419001078511 89.88254649121586 113.28843845775631 101.93300728488497 106.62142022610207 92.9540519421694 106.92339767755645 110.42782289906812 100.73997653322417 107.30642514430838 92.50079559682872 99.73787584463497 84.67574582695075 114.16145204937482 101.3629845912478 121.37647295135481 99.67306423199665 106.29352673336231 95.84246348311467 87.63369314503903 104.29255445903856 97.51585409284603 104.81706417261334 111.92057825919484 104.00182730396291 108.79596271275058 92.55715569400792 86.29847699278815 91.18178002867467 108.4364902724783 108.50039441066508 105.45696667046732 96.55052491878297 115.20551870257108 96.44875785988542 101.45528511709023 90.63712526982098 98.35998872827936 106.67571663926721 99.56619381250091 86.19717738672988 110.41356248621159 99.43128783771827 102.82352692707944 93.98536580412208 85.18222782125518 96.94022422977756 101.85465166250916 106.36060521427005 93.50629940803628 93.50821075879288 103.34059521660424 90.54984807278598 111.17051813855879 108.33189133664136 89.700061498136 101.33270420665079 91.84514476171465 104.51715022333966 99.13071617502992 83.29905059990007 91.99840740170237 85.36480506169544 101.78196732556343 102.18195898410131 103.70862734663555 102.33799452432034 115.96785357679109 105.90458620406869 99.12977900015609 72.91397199943225 89.99750557515475 47.35766265897473 52.17636134093366 51.687146797420134 48.97310654484666 47.9629277664634 56.246995200276906 48.45137079927544 52.48492984840029 49.799601194494656 52.1712371337415 51.37730547259148 51.39333499831008 53.406156993630475 52.27606384448963 50.639503316644316 53.26472425722265 49.65562676585547 98.06970747748008 81.73322982353284 117.81839745074268 101.169236410036 109.61194283807795 112.65628924833818 136.08150730422577 121.36398264313779 106.2846764681359 92.58173383708737 137.4057616306341 95.40683989410815 131.2886456857967 65.36329032866666 61.51118512227617 65.73805578950066 58.725329179626286 59.15514145667051 68.67626659375212 59.085007538977614 56.514948386289085 52.42321037297778 63.44744871231732 59.69407285905814 67.16653204130304 66.9239363465628 68.81310463332898 60.665714411004224 66.02718406756316 61.407140977864536 66.42594560150084 58.39499480006646 70.83693751294771 65.21381078880705 67.89821415626912 68.19618119575794 76.13815790629658 
71.21314115455343 70.25288019689776 75.13862363728352 74.23356058951839 76.25767382957459 75.97734460348319 79.155752114965 65.11121981744934 76.30506516978295 68.98785362031893 67.39445470066335 68.36809680692329 73.56118920929381 74.20397419898002 73.86845740547425 68.83042084531621 71.64619809910275 70.58538734467525 70.3082637918868 67.35290212196026 66.24841215686068 72.11801380799113 69.71763369232013 76.2105932141841 67.66717697878568 68.91089141660534 73.79714330249523 71.14301531519361 68.03627420614154 76.83619355138346 71.61304212244299 68.1382860252541 74.86617344829939 76.5490945200958 70.42497851535673 73.05513261843744 69.41961696079863 70.84695307121954 73.90450383443776 70.15290804296082 72.27821563613614 78.81901497894059 76.76064864962268 72.88312704548177 72.41196120079023 73.08154346757883 71.3170076197964 67.78504474164878 70.40701027529069 69.76574572244247 63.166896463126626 75.69904470307551 76.55956655446637 75.73161145479344 67.72956071820558 69.92280006174306 71.37169335725105 73.01723923350086 66.97751738777038 68.05469837639572 73.29200120226523 76.14967790214173 72.7038700616817 74.822795290638 80.05373483442953 72.34643190887479 68.66781332351982 71.00676313440812 71.65608368527563 72.60919450048247 115.63732760649467 121.3330363697255 99.36276760028325 92.67591506121792 111.16368803479175 101.64931963514115 115.98031548803267 108.06854255473795 111.33451729339752 99.88488985019998 115.72326468731796 113.92834404717662 109.34226476727072 122.49645578343699 100.34182647721174 102.69447302315294 92.94204053032804 119.1823875011614 109.93520843165851 125.51551164563595 105.5828776360953 109.88745298505425 108.95938561822747 97.5074726982216 107.45376942443737 104.01967240183004 109.75002129909709 112.48004488155155 106.23596298814871 112.5822718677515 107.72929493679011 92.04582035383655 101.44075228319929 113.94477470230188 119.6614651936608 112.03290977893597 108.47959292970552 120.89480109406448 99.76079109576744 110.48126949922558 101.66868261790157 104.97964297392204 120.56266099914177 105.0951586088083 98.61484378087651 126.64593794077867 106.43762556661272 104.62594482365368 100.59562042866473 97.32610982028638 104.76322734284902 108.73467958582893 113.37443450668654 101.3427549563585 96.66715192927492 104.88499697698283 94.8396443275308 114.01230772204022 110.927073891428 94.97461214901804 105.1675983362707 96.01835252564987 109.45606819120532 114.850758802235 97.13268059350733 100.65469062883692 94.40760402119824 111.46759054862643 108.49568631714388 111.78459039410107 108.279448652766 127.4141676470124 111.75558884903714 102.94140775570581 86.62063185306445 95.06542212745198 66.13882121041351 68.4033686977715 71.52300066001891 65.7701923582043 65.51864242914795 74.31303618493564 66.70935927033086 71.20740544135609 67.28044743595201 68.33354187282688 68.70902248125282 68.35547028718183 72.14371866583313 70.86596065654658 67.97392534359193 71.30604275766086 67.40692252214046 104.84047350709385 86.83546473130721 114.68453625576774 103.81402133814194 110.26615325218575 111.73125564124886 129.1938619333501 119.81766703416963 112.87392397377444 95.30508628255134 134.700744200649 95.1901849593798 131.37260799331904 88.18637896683235 81.47246185382035 85.69610446714891 75.68297357588945 75.3626234835168 82.77925055484778 79.41584245371693 77.40886395494348 72.40359704483645 69.82222012255453 69.22522108854827 65.70663755680563 68.27947614488403 75.17396809735061 69.27453525311579 75.70580702023264 69.39790270574558 71.41311739147302 66.52233707337562 73.95881502636475 75.82002956290923 73.83918543043582 69.7751371598611 77.98139592100279 71.63539395419029 
79.65988078557383 77.90911959545699 81.47086828107852 81.13456526160051 82.58893330457542 81.7348770056056 87.83594556916545 72.09118287467082 86.41115268600464 80.48990917012955 74.72228072628675 77.80519103032252 80.42719684046214 82.62105111717021 81.60450912403763 75.87252052906392 79.22590847099761 76.78754110885063 79.51353457179367 74.19411974719898 75.32457433878886 79.1099530051636 76.74878005591749 81.6492333209327 73.95948912229923 75.22684551201506 80.6313664592154 79.15580034797362 73.85232340105688 84.78298459950696 77.8880488483847 77.24482381685795 82.57226877133296 84.71019797255113 78.41348591245313 82.45650700307755 76.91760706088789 78.58823927878623 81.8542936155524 75.74511473627032 80.21916697445282 86.89297899609649 83.02049128616751 80.99239905783966 81.40265329749482 79.82935555337184 78.78623130995375 74.27959799886483 76.34334946660222 78.65465940162684 72.1088280071538 81.6817182891999 83.04357039943724 84.73706991093734 75.42535465758827 77.13156381529573 74.6384749383667 79.96631865931894 74.8321740922214 75.02355727131047 82.14491886378104 84.10170127907996 79.30071480405057 84.094921657868 86.35692906961441 76.59226301516317 73.99938733315041 78.82143761473486 80.9693435624367 81.40266670162126 114.35313559510492 124.44460756292919 103.87667797316061 93.83635164274718 113.44310948712885 107.54736058901398 118.58812236795444 104.57346030270645 111.5543370039479 100.06120577422432 119.87669850151329 111.80416861227114 108.9350132188692 129.11548976323175 105.88475195992305 100.67009128889744 93.55403383855732 115.93733263402753 112.95013607567051 126.78881799632312 106.17259030718391 108.14372538629539 111.5081036653311 99.56880798357311 106.08043529422453 106.40216355696157 108.08328554743319 110.33225987820136 109.62330633266627 109.30689115386939 112.33184861081207 91.12797467430832 103.71187098370598 114.23012328472304 129.04072067341963 113.73321344389466 108.41375631574901 125.10659776758544 97.31175306065772 116.41289510584642 105.64582366362839 109.49577093058197 124.75625129363985 101.4805716999941 104.31345629274864 133.25457866986864 107.80669002957637 104.30192662326074 103.25116225515974 100.38221230991249 109.57376206993806 112.76792273687371 118.93232453081184 103.74017664533392 97.54959485778777 104.3600005070127 91.40825541422102 111.12054899138525 111.90860093332961 98.45722514286004 105.03997253599155 96.8969624140859 108.07801984808225 120.71563536612655 102.32965507295383 103.99085055764392 97.13902271406708 116.84671023328654 108.89676630030485 117.52977204351627 108.76122154021051 132.26735261439276 112.66761941334468 99.23379543536875 91.16460724221443 91.24062099424235 75.44103859276379 77.80770614804618 80.34400756567216 74.74615865518008 75.78499240118623 84.70588572583411 76.76922465132353 81.21963927318996 77.81938812179949 78.50412858815692 77.53005914668046 77.9780032979079 81.02071225763355 79.75601573519202 76.61737020924105 80.59647522202566 77.72863801341249 109.66066723963147 91.1308147480003 116.33057020655366 110.82662141727847 114.93682179388536 120.54007501639367 135.8806430069186 129.74603628994254 121.57724384932258 101.60530028154507 142.4723412928032 102.54196829419071 138.95517622301955 91.93981674317311 86.31791989637328 88.43108168747894 81.13063909302508 78.77968279211963 85.81360829547637 86.49466027545196 83.72702238680765 77.830500052847 74.31783276635976 70.4156743939517 67.46616310125998 73.40805554763473 78.30179845332931 74.75519611008882 79.8211599677886 72.95674235979398 70.95415085482367 74.56229642503453 77.22903131181405 87.47746791081916 76.68861869087465 68.79369527576776 78.28375906494838 77.58358764941352 76.59428501276085 
61.07881723169118 60.1446123272203 64.13278985369992 63.827897453034495 64.61049574073667 65.45946356851422 68.17682903727204 54.29096517088811 65.19899326836749 59.66133172609388 57.70474625441121 57.706030912084664 62.4859797611283 63.84715296447794 65.01068159914561 59.59386865293119 62.96888580665248 59.83155059693641 60.61724183938551 55.97998970863224 56.09867330238774 61.478471865745064 57.26480547042957 64.54587683590897 56.22230451919089 57.97315818557864 62.9842154853117 60.14023151836635 57.103954659510485 65.78344474442716 61.858214662966425 60.06168191529297 64.10288778706023 65.80243487748965 59.50072159977297 62.87539896242651 59.55780728382635 60.33278443240718 62.01816104272386 60.537764854324664 59.865933699111395 67.78078710332495 64.76273442888039 61.93482426173734 62.971772422994796 62.65308934339947 58.00843689153993 55.86890525606728 58.47764304973147 57.554923848978426 52.985749457192746 63.579126784961495 64.88519117314627 63.661992244735636 57.69810149767654 58.805377263823395 59.08025931828647 61.91106461625438 55.307951589916726 56.162701902979116 60.386381364005395 64.63256083083553 61.08607961732525 63.918420034046704 66.23874797780412 60.47808555622567 56.45972479669995 62.0013187727368 60.18449879322177 62.04653315098629 112.8359718665402 120.50463889843996 90.66300298597781 89.51293497475433 107.2566994477598 97.72769850598286 108.73057940591363 104.45413674366385 107.52477749108724 89.50432949254262 112.65910245689047 108.46783049344252 107.05957747502416 116.71294011261809 91.8435915501763 97.4994506484899 89.20379707226472 117.14861368875707 102.01793136655307 122.66400133653154 98.32784956204259 108.37005259694904 105.41356657208223 93.20872088733222 101.93270594886533 98.44169875148846 100.74149043260446 109.33475653034355 99.63023792479913 107.04678713069808 99.96967318404789 85.93801980191041 95.71067242677559 104.27350295943307 116.73448751836146 104.57949548442357 107.94075923059874 114.79248248528232 94.10561083315461 107.42175397894741 93.62728923675995 94.4372652820618 115.18584010352751 102.78988901075198 92.15754356785801 116.44061014462551 98.27711931245749 99.95968838640538 91.64249530387643 94.1649268182225 101.92193460970972 99.59516236483309 106.04851628095214 96.20230727220351 96.13733875795782 100.65672618853864 91.55596426865837 107.71014458116292 108.09652715359282 87.84542497793242 99.9582457539397 92.44977151531694 104.6429436862062 107.30485452731831 92.43716626255248 93.10927858642589 92.92019535056075 102.38333077033268 99.13080195626853 108.22854992947599 104.84615182438316 119.37000149934399 111.98861832213932 97.39962089004622 83.89187987106794 89.07937301646906 55.67864489074458 55.60498358698104 59.66556629039764 54.480019924518274 54.24544751296503 63.08072678787583 56.33910761872835 61.19476614744578 56.19403199982793 56.925998984595694 57.003879486648515 56.27464276453422 60.12115771366782 58.90513012762873 55.22854710122205 59.15868008029176 56.32805164568562 100.4150908721267 82.2275947344555 109.75296890556554 99.79522489383999 105.00633421286531 106.26064155233672 125.38210936338697 115.59037524944267 110.59705196439089 91.02114857234093 128.90496359794787 89.64382381585942 126.51918809303199 78.22820688352847 75.24346163412233 79.07887309802462 65.96226109967883 63.21104618937708 71.96337474758138 72.45480872984245 71.58275920000234 64.37972647960791 65.12355192334249 65.31098591166891 62.07659440679464 64.61672621950498 67.56401050716349 65.03867003219547 70.45399172488901 62.28675300347656 71.43316648896942 60.76886855280356 69.07469196924616 69.23172452682026 73.93847413922093 68.46288889443645 72.83427918659241 67.9662340237427 69.86074647754143 73.25403358779681 
62.47993556454152 62.89332629186569 66.07922502813398 66.17612086175271 66.68207178912117 68.28675493776947 69.96571472881189 57.46882148460607 67.9456308052524 60.728339559868765 59.04210526765889 61.424443394050456 63.06749324849803 65.26726140391975 66.32777131418976 60.2355617109768 64.6466830721497 62.05991358558043 62.63210721814436 58.91921463470919 56.4394996956414 62.81091031441025 59.714038069753975 67.60260530485643 58.588593530425605 59.79181195939905 65.84913948725577 61.81630519239575 59.73300828495086 68.34457758560157 61.93409543395434 60.46759824140675 66.51832596813897 67.3277266620832 61.11924058460694 65.91253275404716 61.0702618760081 63.017760087992386 65.76937078816246 63.59661969313634 64.2090894877036 68.0929356306907 66.93481568313346 63.77744902318268 64.2353454850328 65.00049481213783 62.53940796055317 58.66127217609278 62.43069505112942 60.219171606031495 55.79815178640027 66.21810202401954 67.50642248188726 66.10156759733003 58.99117710011126 60.51271837595487 61.64247437447704 65.36811578358085 59.07459949541038 58.64739768956381 62.99908801753181 65.86925079261911 64.73751099879436 65.1595198320371 70.60748996747198 62.04029024031061 60.425366071591554 63.217915143926376 63.55903753680077 63.88058110636343 110.15962140271787 112.73939171225383 91.07251132528194 84.92601155140463 106.48789084751502 95.20897268110394 108.67458188987963 100.79803999971337 104.06837371419618 90.82187226582411 107.19035271041578 105.88982476493962 107.21792832848277 112.23424195928365 89.89763054327268 98.84972379472526 85.84619949746131 114.27580550959662 98.39360178635836 119.37488939478207 101.95941663183062 106.01796572326265 102.72157675004698 92.1101473813945 102.0262784284399 93.60717005406494 102.58475942776117 105.48172762886139 100.80766293027632 103.02700617710919 100.30635064826332 84.6161305086789 96.62320650562185 107.99221633953819 114.64547707108748 102.74976983284999 100.19800675876967 112.77767974457582 94.26012907443561 104.28111427509621 94.52288444973479 93.38159077082291 112.44396775239865 98.94378952500537 90.48564679832427 112.22013784511414 98.19618478308269 98.656020109452 90.04920544737752 91.00109728859272 98.64299023445618 99.88677786618263 104.29254413265565 94.63730823054138 93.73744545909443 97.42081718434886 90.32411462259249 107.37463937067967 105.34758376927849 86.58750521346343 96.61224904139468 92.02294578890267 101.36184892954282 105.54813597876706 88.090987039883 95.68651494169367 87.8308422255383 104.1427500858666 102.13361269411793 103.15366889419052 103.13852913586014 117.15488720604272 107.70530843863725 92.89445191386973 83.79850421470375 88.50862473972077 57.55610816759944 60.17131539103627 63.477092691892146 58.34210845959116 57.34778323070956 67.00891065453314 59.173040207671825 62.542022496393024 59.939825888312456 60.44507049766897 59.87488978961916 60.35695951091313 64.0559596992198 62.96752535004193 60.02498783387755 63.516416061063715 60.49478179500015 94.66520729078768 82.79316546782007 104.959461203619 96.62736058839972 105.5808604700187 104.53682194376282 117.03692340833065 107.39629022602098 103.43056994784818 85.80121672107165 120.66062265421816 90.39091799021892 119.484711856253 74.58265575946942 68.29140447482786 72.48475765907801 63.20042999219838 63.013638927293 68.5893212189461 67.3841693044116 65.31260276763078 61.2961381933391 61.436198002840946 62.759707010354205 62.10852549295467 61.44387000569394 67.92925457086858 61.45655079610644 68.87733535011806 63.364214065848316 68.79497719876801 59.76165561665749 65.13172376141372 65.20352397664206 70.90420890858564 68.1231506273204 72.0583641104087 66.19442469106758 69.42243199816393 72.27843628787313 63.90695040420359 
69.07682341128461 67.30911011552942 69.63417808397828 70.68880586385916 72.38862625018398 70.1461602117931 77.65053785008136 62.711945154532394 75.39730951399659 70.6339732163048 64.69190569927729 66.55159329147727 71.22614689982929 72.79428043307558 68.96025667222872 66.09624509173803 67.97115566314606 65.85197322566556 66.28312484141802 65.78461517739586 66.88610009543821 67.25795550823211 69.84020362839318 69.99476192384063 68.39492067800892 65.22911004640059 69.15718933126215 68.83960490257537 64.14418763404709 74.07125030092092 67.18377314077868 65.8639553558018 71.0955678062448 75.32542601980535 69.31830308940441 71.47554881619743 66.56614329815768 66.42216460369227 70.2502880240975 65.77022453651621 69.94047851256539 77.97895631516302 71.33175828454618 70.32625153698619 70.64497442402651 68.18381040261333 71.03033679412874 67.15384390664951 64.99625138669022 69.08494932976434 63.74756307404403 72.97688361041766 69.89599231536035 75.25823469143032 66.20661895332985 65.97454908077705 65.13574529153696 70.21280745487104 64.46190622561086 67.91646787185651 73.75768814022287 73.439375026255 69.14029302338628 73.98311100322893 74.90392435742615 68.75342377482625 67.20124175583587 67.92011870099132 70.1130451526763 71.47566268623203 117.21454350986674 119.5524374109063 97.64693004219608 89.27985193891442 113.23589124776088 98.53101536401846 119.04677170769733 106.39155567443942 113.31329001662998 97.506103250591 118.13059583193085 115.03697117276745 106.33215477360498 120.52763869549997 102.5558975635455 100.33405074244932 92.62438296111786 117.88361397437279 110.91634084588999 127.31965621164122 102.75127122275914 110.74494362979166 104.85056517966943 96.4347283754933 106.91935438650208 105.55434115012817 110.98010754215638 115.00059801249719 110.8912717382794 111.96830538129652 103.70738234715753 89.90073211856759 98.27764671830438 111.64760934252449 123.29469025898177 113.45044681911514 106.82751388550604 124.56869783039865 99.88667613275902 111.237571229556 100.55885840957836 109.71044240255242 118.29293535528517 104.27108727111897 98.8283461524321 123.02384022043886 106.68157371382678 107.58718349493358 101.73817863513622 95.88073446535329 105.70432633807853 108.77257330804062 118.62907183567448 101.56346686122865 99.71453779463495 108.3644998239476 93.0010172028232 112.18039695389027 114.32149006468958 97.9321464972515 107.31743352930683 98.62797806355549 110.85637872923022 110.10901940326093 96.62681870859186 98.47277193684742 96.0713039542135 110.87634121104676 107.57391016385466 114.62186109879246 108.4210959176257 127.39959348007724 113.28279196508386 104.68719426385901 83.47783941109506 91.07846664621081 63.061256389143814 65.83365214115146 67.18665648735777 63.02544696547705 63.342857095922476 71.1337473019422 64.18776282459638 67.89145313662272 65.06557234553324 67.24305653092661 65.42619988298385 65.5499700731461 68.22197883376022 66.5016270531898 63.87029493710619 68.26215167081493 64.6082085636775 94.66529586679013 84.48471636022532 106.91516861291849 96.90168194485231 104.41412716212427 112.58351186906012 123.58503897816938 111.05800529069468 108.01152201253912 93.65290870686206 125.18825322692906 94.76548234252 121.2121344756318 85.08643314291736 82.1411064728479 84.51380284038635 77.35299812857626 75.38881693565081 83.92013786594734 81.66647287748515 78.10077868540921 71.97076509911476 69.79249366114259 68.44664300869958 67.12067804344376 71.37409711351111 76.69591257840719 69.32126753801231 72.90619076909346 70.70452334589214 70.65582017036827 67.1229418133736 76.2527665613019 74.18513596203032 72.80472410681621 71.70830124847315 74.78246790287491 70.33334485836174 76.4698266825846 77.7528027646206 71.52662057577481 70.91939034737644 
57.427993882605904 58.392520146594556 60.136502010178 59.41291715598315 61.437793126258185 62.86862315271841 64.77623885074382 54.04724577679128 61.22381293074862 57.05728908181142 54.07972274913062 56.760080351872176 58.57617877386301 59.61675031262839 60.97016536388092 56.2550201986308 59.69927588074483 55.73165834677072 57.873330193582916 53.281764992199754 52.55014786395533 58.68537030176943 54.81220215774292 60.91519388157011 54.263548523993336 55.653483483264715 58.85203215294541 55.885583122394266 54.58619189678241 61.88024002557193 57.26156276161818 57.20295054109557 59.57158967572349 61.81115055689962 56.03650737445935 60.283872525756706 56.23036530287044 56.68905091227504 58.09158322224288 57.688498061069055 57.53175820628799 63.425297813742326 61.317395287043595 60.14560863253062 59.3007702805672 60.07634019353951 56.905383411115395 54.45714495957526 55.79228253794068 54.44484317742797 51.394306135810425 60.237320479128115 60.849894147495014 59.72189101601989 53.52303437407508 56.4369984961009 55.54653208430046 59.421540672216445 53.96950862208458 54.94394625789838 58.313162695187245 60.684028781611346 59.531190212831184 60.24376300102825 63.18613974837896 57.479098825174205 56.152887486102415 60.07267969877598 58.519379200915964 59.56526194657289 106.46410890427055 110.63658801842038 86.36064319087868 84.53733262895746 101.06717816717668 92.22977095393561 103.70682081174323 96.07673429955683 101.03008313879661 87.09521862412733 104.8921085374465 100.37228503556288 100.68802532722798 107.8688501358259 87.32617598822543 92.24592072424966 83.9641420545506 108.87452853023682 95.3285929543117 114.71661017604761 95.88678503653225 100.95181693208464 99.21146116423287 86.35466880752521 95.56342435299072 91.73955111588245 94.44024638592899 102.30861685554632 95.67341822054713 100.38133009066064 92.61507749613209 82.61543670373595 91.72031534984855 101.50536814889188 108.80217227033063 97.5101555638393 96.70742440397952 107.16385651887623 90.1176070411177 100.08983595926247 88.81180723258419 89.48439303336329 107.16521972641239 93.85667609925919 87.11652608261366 107.73588994115511 92.88580002301116 94.07691924920017 85.86144676269 87.15121786662807 96.21621109526306 94.76827567516828 98.32789847394088 90.13753206994724 90.65415257724196 94.89168696273249 86.1278822960679 101.50004114298606 101.16269376565306 82.66523469195188 92.0931993216484 86.16054603862015 96.5468918895197 100.13561472233089 84.43531500682178 89.69648475945763 85.47742314195298 97.8682602065617 94.42322203813252 99.54816261519301 98.3971138237139 110.87652081068954 102.21662848646088 89.43820999945076 78.90459707423146 85.25959180817038 52.73178287999996 55.13271307843291 56.51137019319458 53.37192124787859 51.922908987418744 61.64590610161425 54.06614516967107 57.94269605376455 55.243881220985855 55.5119961674569 54.93563426128423 54.86177262846442 57.07800816352564 57.03017107357725 54.58122659626073 57.087101933083744 55.108638154994125 97.08511850388398 81.10384362454562 107.85420466403761 100.09217542837686 105.81742574049144 108.03503932266005 124.57445676206818 114.99341854413206 106.50805111968928 88.92335409464539 128.57289992018852 91.21879058247372 125.39783389422713 71.3101317657458 69.72586756555125 74.55544339255249 62.28537362778003 61.36098416479983 70.41245501093783 68.14286699067083 66.4896280142463 59.0309481011174 63.324982930520385 62.06187043943758 61.09474915126968 65.39684703614238 66.5970741503949 62.25124405869342 69.01837162414068 60.64314061539105 66.82921007631286 59.15958849468684 66.82962049309134 67.56898223153681 70.9186090134545 65.92096963908487 72.9708455880977 65.17069819483822 70.68373295322775 72.47680302455447 63.41207021980121 62.7987701783065 70.41961305636187 
57.40761133252402 54.523509450301304 59.714663074526555 60.498979082767185 62.02049636550539 61.09894441898709 63.54847015128834 49.6377238742141 61.51646449910748 55.88065821833145 54.17574786182414 53.68774582504949 59.07895479848601 61.08038498240851 59.3499838665449 55.282254278660176 58.55286450327335 55.60949604443613 54.729462513361405 53.55349506997236 53.29600742918437 56.038132456879836 55.382422128095975 59.515986828564984 55.08293637546758 53.73955858637842 59.71919942202709 56.69178301508846 55.20247209088734 62.58554138295641 58.064121555792646 55.28073541508577 59.76782006956906 63.55101268309506 56.406971317556085 56.97041020864691 54.96367663672741 56.754841881631236 58.52239328378789 56.76892556153169 56.7485790173747 64.8901593455703 60.21391017834801 57.708690092734685 57.847618437802744 55.50337152989869 54.70478654589713 54.327933078773974 54.73098554991189 55.55865538395875 49.41825045964822 60.45971869269324 60.98457081089106 61.551742293851895 54.339669455391466 54.35082828317938 55.933760843384064 58.739273449395185 50.32356623131684 54.04609397182232 57.924509991142315 61.690309825492264 58.401837344543594 60.984349376792885 62.007772057353506 57.70100159786461 55.2127717578365 56.70829401999861 55.49242020440077 58.13558674716904 114.24001821540719 113.16361928373263 85.76813690595958 83.1722216356093 109.05061190055966 89.1057616808423 112.28137935736608 107.74844865641359 108.6623921807777 89.11452567324714 108.45090057358561 112.80890275993161 108.47204593712313 106.39477842334234 89.7129274667591 101.38538532043636 91.02422838159482 120.47757385775832 100.49809599219803 122.38411502070943 100.64165625531837 112.51740931062346 97.46026380382533 94.5280256586714 106.01295974069876 96.96114976096959 107.58900227093405 111.15229643102592 101.83505436180364 105.67203109624836 94.32389875646061 85.04662962005402 92.25784358109206 103.15308192236938 114.41300618508751 108.39230279596681 106.05387091308651 116.89325354182647 101.00837095140409 106.23711507727138 94.75856402505845 95.59023991915437 106.64155217043782 108.6221732738585 91.61516239797956 106.09797172900122 98.61228326469228 105.0219198737404 90.79503322957103 96.80417567264813 99.76410209413277 95.37220427208759 107.32813891961048 95.15581814627889 98.38447500948463 102.36002481529734 93.43144693286743 110.77164061941814 111.06427503448406 90.6259267638895 105.85799675824117 101.12864970966966 107.30956459286226 97.77923153176864 91.07825606176246 93.60664238108616 93.12381408820782 100.37153843811805 101.4621794192371 106.99315463660436 107.09836206046761 117.62810028168954 121.2493807070279 103.79413082718278 82.25208100590658 90.5478828823349 48.5722720889839 50.39160260212985 53.043513063819134 47.28206139871378 48.34464516820042 55.83924351038491 49.55515140293385 54.47971692383298 49.843401973747795 50.55354201444517 50.3722491580298 49.61916891905162 53.59338403678361 52.04136547837409 49.22851067106036 52.84118179183908 50.015178522568384 99.96276358252162 82.91141040034915 112.09786359251669 96.65934063939126 105.84578151338148 105.03083483869865 125.4222820224802 112.30930199591353 108.8372101854484 90.55731188192055 126.30021201185927 91.76262462155115 124.47893902827694 74.10710320454362 69.3778366078482 74.6302278616336 63.542573117426564 61.572111181959485 68.23722137978852 69.41169573168737 67.05769703744808 60.28172203957122 66.99120323792619 70.19627111818255 71.82673829388686 69.31235952650837 72.62219411960403 67.78375462983274 70.05331774981711 65.52796350851062 80.68475854019388 60.109606230681095 75.04597912551435 63.23229809964568 76.4900514639907 80.94131815838378 79.68286847112836 66.30261340649285 75.16132636117901 82.9939376754637 67.05665478566281 68.02591978082636 74.79298648026845 68.58032715977589 
55.983876303760695 56.64387893470621 60.151855168612144 58.5191861302024 61.65701102059004 62.869023090853304 64.34086717206313 55.2069388427301 59.89657369289802 52.58017862042732 53.25613348268644 55.4748760064594 59.12476995359905 58.04660669728194 55.90908296057154 54.58363228980241 55.57349129660884 56.3823535643456 53.422225622983206 55.48477252187014 50.90675506493215 57.61723116180286 58.43983427389459 62.8409735919342 57.69400877834028 56.263866319861926 58.19552592390051 55.2054195522276 55.51860375374213 62.01203896688433 55.306261216285506 50.944682999031244 58.160503694727026 61.11643362889594 55.78645552951325 58.5988768164015 54.31094534386568 55.73325692207407 59.713727728126585 56.47605343520015 59.8083787285503 62.898532946799826 63.033274866403254 59.31817756920315 56.10718135002009 59.91744315167301 62.17422598083135 57.60662330839504 58.171489321841435 55.3816808494148 50.20950050878906 64.07733408460975 61.24641594341999 60.71361319228147 52.31382847540665 56.021112413831716 60.63205447305198 60.792301512547105 55.53726900886828 58.823009739782314 61.49185340921037 60.883108255912056 61.177267878660516 58.620668881445035 68.69891208307159 61.79131104841063 60.8513619167707 56.306225752647016 58.75340360362837 58.18817265910645 109.39977175244341 103.62979317265288 90.06197858355533 81.92439794299911 102.57440660779638 86.5022948793908 109.48757568267499 99.56652411808419 103.55325557298364 97.75488348810681 102.03260909100928 108.39301352326707 99.94404132769594 103.95395707446802 90.76075476890804 98.51140025103876 80.88804365672492 110.52545730690876 99.54523924287211 114.5849678403684 100.92765878516536 101.97941164074729 96.81648133725227 84.64635991867058 103.1663382832304 93.55999697885427 106.9032100466595 107.93513238238661 100.17809921320634 109.9660090350012 93.48339883268439 87.99334288321558 93.08689185981135 111.65574796503725 100.93025374589605 101.28961891618985 91.48937915884326 108.54001326128667 95.93934342847174 93.48551042084623 90.75663370366928 99.11427733759123 105.76101720352074 95.63307394188502 85.78546007595608 110.5934172060208 99.48682425177452 99.27556976243719 93.4149716818605 81.17609280403046 89.85238457315032 102.75928202696105 101.52026134928869 91.41250356668317 87.1859858586979 99.07675945553382 90.82860893933227 110.9841730980832 102.74714640216452 86.22701079994194 97.15002407082669 86.1781434757177 101.73285652861351 100.65152751446607 79.89136031321084 94.00379593226572 78.93592567918958 101.86096563917833 104.77986656730076 94.70282536236292 97.74829742908703 113.80781697638677 94.85829531310239 96.88651098356995 72.99105439333572 92.93064033317151 50.297848719931025 56.77177554203308 56.445798449698216 53.47838267595343 50.47992060778536 59.72005926430413 51.16908550251542 53.77340187565572 53.118535590176634 55.02844266755861 55.27172575447873 55.39253227669336 57.924234142870766 57.32128074194423 56.58145875461245 57.78529988622584 53.115709039947205 92.44873079743112 79.2350554082254 111.93798496932533 95.9667592667052 107.27169165510368 106.26386317104374 122.9221784881831 107.89283010629698 95.85987059884278 85.71696865299289 126.77160304905057 90.25946512501713 121.36685101018627 70.8510773993242 64.05885066555162 71.30033631633968 62.81240865084247 67.48947393603072 75.24435169661727 61.905632662778444 59.28940131133226 56.39660313527935 60.46606285702444 59.812011345655954 62.15878914045704 61.31796502261899 69.38751387644973 57.79868963391425 67.33465838529587 61.89912805611634 60.65460375759546 55.52607207458464 65.90147723626514 60.199778843761415 62.61683742268821 62.78799900934276 74.81139358768708 58.07576297646543 68.65791958320057 77.0240740975987 68.31721801181038 64.25702587124744 70.24168722911708 65.44366169300541 68.06693749741797 
69.79571914826494 68.49803836184923 72.70016633676003 71.44317954248456 75.73408671149126 73.49170701601942 78.30280748262581 65.85262234266646 74.65418587521181 68.56772260088113 66.20146943646752 67.39199849981792 73.94020161372418 72.9306958251458 69.44005948902735 67.46913762937854 68.41256629800965 68.23482611743374 66.95029417821708 67.6618451226751 67.10537751885613 70.52283731627719 72.2795954835388 73.68251510740973 70.54979675413611 68.66738558743823 70.8601654896718 70.24942905879401 67.49759154321244 75.05821529996817 69.2688290524784 65.34807774828256 71.57236717956982 75.7551262517365 70.3390778411664 71.0465870334992 67.48847511446493 67.96093292232544 71.84272186982292 67.42310157395286 71.92944653456144 79.32873342983697 75.3374234307501 72.71387645452492 70.16950885135527 70.6983980915213 73.57469824978907 70.43304334597323 68.5611088829795 70.69151352353731 63.61477147677204 76.12358697904624 73.61636917720634 75.74060019201225 66.61857086940758 69.10352944661102 71.08176908258449 72.10150935801443 66.74197825252155 70.91991573047653 75.91665123647526 75.69167030066771 72.37741320185526 74.1507029772518 79.58452898253529 73.57637525985973 71.3144210616672 69.25943371683778 70.98473190773741 72.40849940055973 117.39132358855753 117.03633776628837 99.47737548247912 91.57442339505653 111.15271957400337 97.86118709749782 119.87126754225308 108.78420724916865 113.40807054157366 104.49237860251684 115.44193200787737 117.02854853256663 105.27852949360602 119.17199729827342 104.06081451040907 103.3178157448781 93.59111116822086 118.32904667284382 113.20448403353234 125.51727210549885 105.793593722287 109.30683459593918 105.09798396695555 95.25893220649284 109.0147509218554 106.9831033648626 113.65025689709432 115.86650585406271 109.60789558061053 116.71113792949697 103.88349010192277 94.90247662323729 99.41767532267136 116.37330566289731 115.40965088319084 114.8885372334632 105.04436140502841 122.78756097432301 102.75822778893951 107.64971207368067 101.65494335710827 111.29549289384765 117.15623195135055 105.09049867976456 98.18119467287103 126.03179995959918 109.04213026534653 107.87150504121041 104.4623160156964 94.4995656785511 103.42126455287415 111.26795149991095 115.84127371842854 101.56812617983303 96.30284182465205 109.24364125659682 95.41869762470714 116.49585530892519 112.53361749967844 98.43710722842019 108.30770954833335 96.74217508914083 111.98096923260327 111.12832763012281 94.99810426807313 100.30767894923328 93.06416082022852 111.74976540680895 110.48090169883002 111.2406685017035 107.83921352975715 127.28383887900209 108.6439483461379 108.05506565925366 81.00610009494986 97.54172586945826 63.73840928255359 68.16202799556253 68.29802306685863 64.49344172191324 63.79322482231995 71.41288814181945 64.06599556427544 68.10795704820958 65.30831814177873 67.54643225855041 67.48353673135954 67.13003159307874 69.49760932218457 68.47887887635801 66.84548548911236 69.24943245511537 64.81740416475972 104.63220126222258 86.91666534362561 119.83431510958037 104.82037793929734 111.90104503010453 117.02878625908319 136.15829844579815 123.49855732384047 112.07123605363562 98.88301126331557 141.03004902369727 98.47360812180182 134.8813615515579 87.95373983382838 82.47374807323692 87.4172641654246 79.12464580869964 80.44340226242932 89.82829839763485 80.46985994573048 77.316213583699 72.13128206064411 73.41921289795746 70.56771292972294 70.2080100261915 74.34342692664161 80.04207125602738 71.12079108589408 76.67964970427283 72.18789983689126 70.66181713670552 67.89609324470405 79.9176171751933 77.21043525770675 72.50930670935783 71.83440796759825 82.71749827418063 69.3219109057326 77.69588394624915 82.77892572884882 76.63875726870569 75.69431961686126 78.01311742402362 75.39871998645617 78.11162466656307 66.28268209238398 
59.694165399036514 58.021505217943044 61.84683178553778 62.33163474580692 64.96674600570879 62.36870036321487 67.9623896359973 54.12638926781386 65.79266309453259 59.17884245340942 55.784834288091226 57.087288198199765 62.8016478776594 63.59683258981118 59.642182105301366 56.755114094633264 58.71440835446659 57.984556725618816 56.67836991866174 57.57538437577402 57.09376962761166 58.63313955909669 61.69638871020783 62.770960572526675 60.21988186753341 57.13954284807844 61.4049608860701 60.283961239037076 56.926242261963125 65.37471363187059 58.55142564726965 55.38102576275419 62.31198737131751 66.20911266211785 60.29453315328913 61.32751421187955 57.32066786021665 57.95022473692259 62.273987301179375 57.850057298187586 61.90608467131712 68.90457291567088 63.599900524053155 61.30395453169277 60.478097197612854 59.267687576570054 62.87532539623097 59.4652107682871 57.945705620693296 60.847223600135905 54.08393995797126 65.22240188841401 62.706024850579276 66.3191142487263 57.09739542279589 57.49072359903135 59.23383076188266 62.079970455755785 55.826579272004956 59.38030993063182 64.83279544610583 64.89987562732802 61.5104252754582 64.25828805907209 68.11920533113957 61.650500503638526 60.08307431143791 58.28313896141197 60.46239713448507 61.876385345952215 108.66885761408152 106.89550644736318 88.42887450246724 79.15077740263014 103.84635607603785 86.90147242463307 111.08786539713405 99.92698750149123 104.23054328936198 91.52350250958217 105.97808515001937 108.21818478749206 98.59846981188288 108.21467463460581 92.62674282665007 94.82293223082648 84.42962252086883 110.82748274046938 101.72176713626855 117.52505359965619 96.69324070573091 102.62588707894072 94.27918405401562 88.00786411362138 100.53663741321513 95.7534672213332 105.99854269345657 106.35962557986014 101.9032308965116 104.22239952962431 94.57601873727194 82.6699354930759 89.54772092710627 105.49462978120422 110.11341679202724 106.17924125609709 96.67831507501496 115.32170753586948 94.12103066415114 100.0244714220322 92.86908759480362 100.56437523707876 107.0818462463351 97.8042324748083 88.83654827603506 112.01412853353925 99.11539732306134 99.9862853977561 93.06827045291722 87.10596395899623 94.71274330293409 99.57857211056131 108.44742188613812 92.54590337127796 89.82292259509937 99.7563016438503 86.14440778317075 106.44174326499979 105.12475837210211 89.31984718427782 99.8267890948294 91.68835673897956 103.303970890867 99.17389865161235 86.18437932655792 91.00930659068054 85.51640405854192 102.08664518880836 101.39871219599316 103.127170481427 100.25650933600471 117.83171623204043 104.86488027237016 98.56461808915834 73.70418490429498 85.7068173806749 52.97123787458372 56.75814607257057 58.061278230220196 53.4283103202875 53.469351832483795 60.728861070652655 53.89482338166007 57.383468242598475 54.75069837873056 57.00229084696911 55.94101754872864 56.06638433790069 59.10264896272329 57.38831368772449 55.17936313147094 58.863416320801036 54.5539115150622 87.40547082334298 76.11219452261899 101.29243181498283 87.67748227939259 97.1202973105612 102.07254069134744 114.87614610047562 101.56814709270698 97.36470530486011 83.91791288666012 117.41548405946271 85.68209472966056 113.62404549255037 76.6741672274462 70.65233794186062 74.51953051775827 67.80879702092246 67.95755926136684 75.19651455041607 70.2051991519723 66.37790072439832 61.908951074301626 61.14552632840651 61.204031000259796 61.146380359110324 62.52548953513758 69.87423964093365 60.28676580199107 64.49952918589656 63.180912362423825 64.2187626912607 57.06336523003816 68.5943008450086 62.5321369460676 63.798395782349374 66.28237212863377 70.07251695586113 60.0691359172383 68.15001481029176 72.90457725942454 65.30862346593403 63.166265771493414 65.87930602755692 64.3466756248412 64.9201191721897 58.18532451866048 68.02475631213322 
65.13355530690178 67.05304333043433 68.87977404937392 66.51321138419347 70.75830077733511 70.10127049206116 74.02339223319245 64.77362146865764 69.51677827866125 63.810797891429516 60.79932584026148 64.95671262792955 68.62621047393118 67.08735206394455 65.8345261519992 63.688998436590715 64.27339069225121 64.7621166231199 65.14952616448815 62.93002155257065 61.69693723357005 67.72439883134861 67.2988036648952 71.1058709010869 65.41963014045245 66.10782480711718 66.04413446161648 64.17918202567519 63.26718917483291 69.81278244740669 64.39203471562115 62.373170923207915 66.97885668714997 69.66808443553434 65.07596089191934 68.1452151436155 64.04245024925942 63.18102760118701 67.27394072074809 63.71932851885919 67.60237576956482 72.80892580378388 71.51598150782446 70.21129784078762 66.44983447405316 69.97277510355495 71.07386162951789 66.04672553891703 66.07199699928614 65.379539981979 60.275944004484835 70.9841697145358 69.47789758760118 69.4610751681507 61.129965614262694 66.55177642883247 67.12961788501636 68.46958144133946 65.40967623447791 66.71300273010769 70.70185344839071 70.25684413929372 68.98188685358113 68.68577220786135 75.97485359719421 69.33192928053484 67.97831976730713 67.13354470084124 68.70857393636159 67.76031935889074 102.87794200932622 106.40435380206173 94.52991085556076 85.6551408071261 97.36210090074135 91.3454939605929 105.9835880320567 92.74578458525258 100.42864506856282 97.53587369709562 104.62563105567935 100.58294214386187 93.49773986762726 111.02933713007077 95.45410763450259 89.16937909158773 81.59075164323575 101.79897296720115 101.95232097747927 110.07644141533711 96.0318744048929 93.20069692784762 99.4855118250185 82.5731560704879 94.29928838027274 94.89194286673016 98.96443754215647 100.3979772484095 97.34621161032109 104.95446428168907 95.70634616534102 86.67891906434875 92.83704527571999 107.9706131861113 104.01595586264492 99.35519402640546 90.37188474931418 107.38785647640815 88.70115087200325 94.33743526392841 92.16925630561437 101.3940197228373 109.22487354212431 87.06347922881001 90.31314894700952 118.49562366227374 97.93785318020204 92.72896934678636 93.253997293148 82.03946186684173 92.08753169446884 103.24549721715888 101.94988613404045 90.9149893382738 82.79731546351836 95.43065392826638 83.22275637460278 101.87463014260801 97.4682083929625 85.75221015496767 91.15024190415176 79.88915360815616 96.65275072625724 105.33917029389356 84.18814200530025 92.55319435368763 80.19448819625278 103.24909477865856 99.13874520474481 96.58548089541023 93.60550030644609 114.96758585494283 86.80809394829168 90.72113230064738 74.50296155664722 87.42022172255027 62.259245163485744 67.39939217996438 66.55545947627012 64.65117978513032 62.01643070534847 70.80954437003354 63.013525381557066 65.4290114735468 65.06653484807079 66.52832792120817 66.03613399987746 66.395401586821 67.53211607861932 67.84136137545472 66.77787267755858 67.93992746555357 64.27590129109079 94.9119151027108 79.41158174639237 107.8624036337359 99.43596603080549 105.17939366324524 111.67390123024637 123.71992322050362 113.73962982731125 101.98458544777743 90.08039814747339 131.9305652967609 91.21163853566605 125.76526853493043 83.55858462440682 79.96343580044916 86.0263934439688 76.13967397850435 79.20672078732183 89.064663926439 78.67027639205533 75.51756128835275 69.00465605285615 66.34228820041851 62.146254134312436 57.74415329406029 67.02289225778817 72.66479998830337 63.70581434589809 72.6708286423544 65.09212877591162 56.17755028344124 62.5743677488922 69.24222243597443 74.28517113476104 63.387643614326926 57.0125488013067 73.76237649860288 66.12279851858514 70.6311260454539 71.5441277138481 70.39382656045584 67.78991962710386 70.63884234491304 66.37921313182225 78.3249731623125 59.99576803630663 70.33351798205194 63.39992966290218 
56.64549390813936 55.421851221942426 58.7490034115726 57.82233566273681 61.00657095434353 59.858751781041214 64.1786191950423 52.45735364266765 61.538767929408735 56.36507131301362 53.233444276758455 54.8938750361859 59.272251554515904 59.39989126217295 57.23738592916671 54.36709315056895 56.394141312565246 54.56970234416498 54.98363327573572 53.30712439734501 53.671431768922936 56.675753388158085 56.72843732225034 59.296106783778434 55.55148431134829 54.61527379007915 57.44131122253836 56.45646473649061 53.730379752288464 61.25552540691343 55.26838937962415 53.76113968714362 57.76321761804914 61.60172680021105 56.16096094668527 58.41888294456121 54.160804233226344 54.93429706284747 58.23340542090384 54.4430650694821 57.653086659007265 64.65482347408957 60.318254371458565 58.960491288374655 57.521989163562175 57.26540285562803 58.16246471302467 55.67357412856072 54.503884750036185 56.658793897778565 50.84329378540267 60.75390070311418 59.632429379886936 61.0746851179063 53.14080927987601 54.99445669822875 55.48211937444772 58.44176256633091 53.04856173340399 55.80578282268927 60.49463852184778 61.22196328272063 58.302758471578045 60.03135652499194 64.06900293636123 57.71081936019397 56.21287490186638 56.845380103447994 57.30828183482142 58.81270668976485 105.29196775506551 106.05021797155112 85.80632165185179 79.95976815420717 99.79337625732009 87.75812052024358 106.37467101802473 95.5407506191607 100.63018552638164 88.83261366399528 103.41983837049763 102.75825075520665 95.67244870395011 106.38567561298099 89.74947301614479 91.57314588570003 81.38327927235743 106.5872684895983 97.83872883340678 113.75559158517845 93.57581617138437 98.31024860785789 94.21021262467654 83.8475191229432 96.35439486674474 92.98635395170493 98.09975864143955 102.5355772003531 96.76350204975084 101.43721668331393 91.03483295465938 81.51000322133221 87.79511571852748 101.78975178661717 106.46502356816264 100.31027893056658 93.72659779034657 109.89909144566322 89.01425488463417 97.44973748177831 88.79776720641631 94.67059669195898 104.43987228608566 92.75196622822945 85.89749973295756 109.79035030383626 94.3726856029233 95.16675191507413 88.67072907145976 84.06882110008456 93.08729207735965 96.93108077463688 101.92397927464981 89.53114187706096 86.73247787061636 95.91110238379015 83.29927663851085 102.5025714559332 101.21843146344214 84.81247306963556 94.57238027152465 86.08126577187356 98.18152268232899 98.02491100436768 83.15429935985743 88.71693776001469 82.50924772938619 98.3732581357997 95.62001046801345 99.7602791371252 96.35010937897782 112.88284181027579 99.35375792657683 92.32186668956598 72.89588361553307 83.85192211862753 50.702455876204375 53.98028583473391 54.542865284369796 51.420245894164076 50.902332042499445 58.365976406166496 51.65729545809756 55.34726007689906 52.57024832101903 54.28112518230306 53.50617421079517 53.62141687422037 55.712375199918064 54.89332085256888 52.75242673459014 55.39392487596942 52.24397126637231 96.6066935240807 78.02565020305614 111.18206806108694 98.22801362263627 104.44208865538876 108.79277508901656 128.96798697905814 117.5726182906667 105.54712094084181 89.81417682203806 133.81671649182107 90.30549720318942 128.72048114482084 71.4146771551654 67.65205222212032 72.25831323883283 63.339563594883266 63.19789056979207 72.2826316747458 66.54684501556362 63.87301004525856 57.7357223617686 63.425212767316864 59.97467406322177 62.01789151059849 65.6388159661316 67.820743624312 61.818257620543015 66.87691068065085 60.30874093345064 63.28787287220568 58.69888653794185 69.12762342103142 68.22507087526671 66.22739025738483 63.63769847285763 73.28577111829802 60.48421172668476 68.99494321824378 72.183595696929 65.13091011247585 64.52189212698795 68.72479786936852 63.29840979297192 67.37456554650599 60.29119848815178 69.41694353176186 60.31577970776275 63.16463551076487 
65.64945963336545 63.232617749106076 65.35332356408634 66.42164441086577 68.50697021329616 66.09418961931378 74.1075653079792 58.33352441187575 71.99788366832898 68.58602964314444 61.48845991302339 63.075791370803024 67.57519648988841 69.4100091126576 65.96592127319573 62.45196630724453 65.00491350950145 60.97589035942757 62.98934739034954 61.3140761357148 63.82163136526379 63.673371987392 65.24530269531084 64.71257931264275 63.780995012843505 60.815210714787945 64.985901917943 65.68693327121113 59.680386675426305 70.18974386179939 63.50274696419862 63.234265152105124 67.08019218926773 71.80691494718569 65.75156440516582 68.04366957378576 62.751395942947006 62.82604518029316 65.72823687428566 61.529122390019666 65.66873178281924 74.9320865308811 67.04263330469769 66.5960959040904 67.3918614341924 63.54612684912351 65.55190788540368 62.7185380172764 59.59689760613018 65.27688606981597 60.145057996504406 68.35947590189046 65.62322479741249 71.51798854930746 62.663852460628526 61.94738835432376 59.42302860531598 65.60010619984118 59.70351807792823 63.57203559642343 70.05425000436485 69.86250281059895 64.70670119129846 70.8358473861065 69.63330337988882 63.5805840569565 62.001718656635546 64.75970971079806 66.0571649987416 68.62661535048859 114.58959324578228 118.82357665164685 92.96125473694569 86.73637484544632 110.59978079132408 97.7413852567021 115.87176418500493 103.06043941596457 110.19782622495451 91.85628443795923 116.45562997317518 110.85484476747077 102.6821261889861 119.39950402123924 99.5013817960528 96.48375098277144 90.61440264067001 115.00560766539738 107.88508414391048 125.93097916768126 98.48762962423461 107.8508510224777 101.81376661408888 93.75898717792003 102.64103752201125 103.45812797058042 104.48280804854876 111.98722983674622 107.58088668737456 107.40772558609264 100.20765028202402 85.73768660137387 94.29952069365181 106.47782226257104 122.31309727610044 110.69140060969454 105.32184422029158 122.57978757524145 95.5750779412083 111.1452423833387 96.62017099860377 104.53036326379582 115.74482960143813 101.24851892812507 95.38722273714694 120.71835993695308 102.43888493164559 103.97811887229831 97.97059720111967 93.91422575482387 105.38867134469083 104.61736046217933 115.58003877154857 98.4160713196686 97.87015950902763 105.45333998697603 88.73701763220099 107.87921317057952 111.73972155972697 94.8879809047244 104.12381496401832 95.69168636314188 107.1773222207891 107.17266373733915 94.58027369264678 93.79311537160343 94.86212524203621 107.15179385651051 101.98671818166466 114.48696010594989 106.19408135465518 124.41779732562608 113.18041693973372 100.57829066038246 80.13311809538156 86.23144883044226 59.40994044126757 61.37725298455902 62.69730759754489 58.576130822795186 59.598214132786545 67.51001132271291 60.528250206912006 65.2030003892219 61.25926282146099 63.28016090666567 61.412568163656296 61.338315288965084 63.727250965055525 62.071855725021955 59.04259914776571 63.74779207137435 60.74403232919286 96.22527210212313 82.57408078244211 107.57923217127922 98.10534069531896 103.2923168732598 112.77357914999804 128.30952856561103 117.08054453054486 111.04918311528556 94.21313255884174 129.72310578708846 94.15633675276926 125.214497740267 79.70487064116622 78.11295188630513 79.31731164575527 71.94070065467712 68.14866609267439 77.82692387897244 77.03043158744629 73.87664472659922 66.93400109468767 67.7494358764053 64.4417508182213 64.5573727878911 70.02777435173545 72.12838213716357 67.02660051331326 69.4164729006571 66.24618791340988 68.69093687141456 65.0239579196235 74.22490903227644 74.46415777723867 71.55995287491835 68.82886751206321 71.89567388416845 66.85052926049507 73.45340144839027 73.10681999910118 67.16416032925522 67.84577649625774 68.74514096973607 66.11010412335148 71.315419200451 70.003176931186 75.7813890146583 63.92690333217921 68.91691156154967 65.04373005426098 
