0.0
1.2251343568639308 0.0
0.9075298442708561 0.6161930890139561 0.0
1.1535062286768432 0.5407958859607663 0.42977679383590944 0.0
0.4144553768008089 1.430360055676828 1.046742649532674 1.2962899886185903 0.0
1.0911830314182356 2.21498610627123 1.8888209137378071 2.1336060370151144 0.9584470000718308 0.0
0.7358111640041913 1.053433247959359 0.5940825753300019 0.7784530267411186 0.7549338980588148 1.5582817070404253 0.0
0.41833834111792073 0.98904850827848 0.6802964882743313 0.9057464932044132 0.5665397705696956 1.3263519242064776 0.5991406926931647 0.0
1.6585081322117754 0.7239702529990357 0.8490222897235029 0.6161930890139558 1.804412108523253 2.6504125577406836 1.2321685494339292 1.4049913847243953 0.0
1.0195818025333474 0.421438556218056 0.49602237131921506 0.5029555562430001 1.2154949954733494 2.016461249349907 0.8888078621559329 0.7857716330970881 0.8398177029445825 0.0
0.673128655672754 1.7600109614912005 1.4746400926268068 1.7236223533681434 0.6286746058709833 0.6323045183221475 1.2432276122354977 0.9057464932044137 2.2365090052884837 1.5542119220331316 0.0
0.549692018445483 0.9939406806235805 0.6012641938337573 0.8046307130032333 0.6240152624889403 1.429384958131516 0.438737803907107 0.40682255820066826 1.3000264841392133 0.7878266101562312 1.0569973863729636 0.0
1.261605167377401 0.36811828117183965 0.5940825753300022 0.48614511000169225 1.4516404476333258 2.2702615138590323 1.043153281787534 1.0195818025333476 0.6397524471407336 0.418338341117921 1.8100889225453096 0.9952494991791415 0.0
1.5582817070404247 0.8236942955486465 0.7634526989925768 0.5985406890685909 1.6724346746794174 2.5474178996607386 1.091183031418235 1.3223944395161664 0.467077911933925 0.8587027663731642 2.1384265295402 1.1939308021852135 0.7068868152450724 0.0
1.474640092626807 2.5807801560122368 2.3044060493153804 2.56595782703181 1.3830626177989853 0.7361938103614661 2.043434906784354 1.732044281085814 3.077874309743539 2.3825365860353553 0.921672438865257 1.884450278324161 2.6375486268960806 2.9634723278363855 0.0
2.2453934990908357 3.4074655473252236 3.060163525817276 3.3164233728165864 2.079025926701979 1.2598798711259815 2.6935620178038717 2.4993637305117185 3.83474479450952 3.2012865360359886 1.711326677877797 2.59227036710657 3.456419428181482 3.699152735839113 1.0359667878036896 0.0
1.079263981486246 2.2091386974685494 1.8750746949202404 2.1336060370151144 0.9448550077261304 0.3940604102195971 1.5499587775728993 1.3263519242064776 2.645527746954843 2.016461249349907 0.6323045183221475 1.4384057233111185 2.2645568385421373 2.5270257794937003 0.6814486975920462 1.2598798711259815 0.0
0.34760525902963557 1.232168549433929 0.9170035769221402 1.1609744878514725 0.43480846496453546 1.0671574309903598 0.7239702529990357 0.43851124215350396 1.663711022521131 1.0447020999281544 0.6858478905220342 0.5651959456581269 1.2819918189639532 1.5748324685610104 1.480489292304444 2.233816586074658 1.0549669739837348 0.0
1.0772178437839472 2.125226537831005 1.8890309667450453 2.129334056168506 1.040924160719237 0.5536349192632375 1.663094993495973 1.3076400705778926 2.6397852247195717 1.9362501742049623 0.5651959456581266 1.473103635119254 2.195001448908804 2.5678262323898897 0.6561578356427413 1.4357813938947879 0.598540689068591 1.069164693169776 0.0
0.7784530267411184 1.8999523681157502 1.5153793770208321 1.7639983044562992 0.5940825753300015 0.5651959456581278 1.1535062286768432 0.9961266913818785 2.2761366450598435 1.689742801220649 0.5536349192632377 1.0549669739837342 1.9326362023891202 2.1426803822944893 1.0409241607192377 1.6053264090820498 0.5651959456581278 0.7672704692588483 0.8031305057228866 0.0
0.5642072815850895 1.1646657399948794 1.0434912192034418 1.2401737293015203 0.7627210651373811 1.2293771384078447 1.0438192236681438 0.5927778274072923 1.7144959138048963 0.991328179973325 0.7735664792810469 0.7970680550317643 1.2390438284701153 1.6942491620397229 1.53199131477577 2.3816985068316785 1.2502429688196421 0.5793228792645355 1.0534332479593587 1.059554831552845 0.0
0.624586166209294 1.690699394501341 1.3263519242064772 1.5708055653476234 0.4941128768127323 0.680296488274332 0.986423050997211 0.8181029794085897 2.079025926701979 1.4985129709050913 0.552104806257699 0.8888078621559331 1.7373250749169036 1.9683228764152603 1.1845316354009818 1.8044121085232532 0.680296488274332 0.5815947502194964 0.8460798327228469 0.4175844206588243 0.894248589990938 0.0
0.7588624775745471 1.4883287419591504 1.0020412257234894 1.2341273387749871 0.624651944804488 1.3238913547913207 0.6218987681574691 0.7959162995236331 1.684585854011971 1.2932479675639132 1.0851544105648976 0.7020496514530334 1.4693533686108917 1.4778030862176879 1.7570982986107924 2.33603013817648 1.2741036016287952 0.7701671258345782 1.5066354713672254 0.8848179322006039 1.1898786032822035 0.8210457976661106 0.0
0.7088041016882916 0.9104210713955786 0.774147053880185 0.9237294159089094 0.8859015570352762 1.4767085878210129 0.7889086570840046 0.583330411629044 1.3654201662483392 0.8160620793484903 1.122914767839795 0.6693477921705021 1.0115684773164526 1.3849446969707004 1.919159588990359 2.672364300758613 1.4941243542581797 0.6449632123939861 1.4282533564611155 1.2346266567673945 0.6669278511153461 0.9952494991791423 1.1254019585168866 0.0
0.6083331235735301 1.0275339170521454 0.6699468296975336 0.8342279117009874 0.6762417629170796 1.4327744007355854 0.5102927930818636 0.46261238441467933 1.3258871496313036 0.8180320238371828 1.0796986149626084 0.36420824931772783 1.028799999859249 1.2456265024975042 1.9125546332202867 2.601609363553977 1.4684417416736015 0.6223779648111291 1.4763927135664614 1.0777109726402974 0.8031305057228866 0.9156882876738672 0.798993483179946 0.6765556826707654 0.0
1.2123712579262271 0.362161235153581 0.6920779243765506 0.6286746058709833 1.4297493029229782 2.179027055637996 1.1069905197705734 0.9815983388841065 0.835802573275893 0.4385112421535039 1.7220637935682102 1.0094692674476238 0.4387378039071069 0.9597255398938366 2.5396146587770803 3.3749958020404476 2.184955051144975 1.2194790727566167 2.0665172097908773 1.8883257247162364 1.0947336407298485 1.6776231651010467 1.5435569894696208 0.8711784561362723 1.0237829733556723 0.0
0.5038339606484801 1.0281335730250847 0.7403461493059948 0.9448550077261305 0.6323045183221482 1.2962899886185903 0.6071825874573685 0.41942645354388264 1.432774400735585 0.8711784561362724 0.944855007726131 0.48105244303880573 1.0897381849295045 1.3842368160978582 1.7583383966279893 2.4861440421473544 1.3062302250806828 0.44943657435236484 1.3039253925399168 0.9977485121881172 0.6409563130026807 0.7767790070699285 0.8591822358629049 0.4385112421535039 0.5104065316640676 1.0146142902565016 0.0
0.348510595789264 1.2560239507261945 0.982571330012997 1.2201807621874825 0.468029834661042 1.0493348381069199 0.8403272924698691 0.4645623939178128 1.7245601541612074 1.0534332479593589 0.6135635375887064 0.6286746058709832 1.3029400893511949 1.6433094457836037 1.414167761431196 2.2084066827382243 1.0493348381069199 0.37248459998113065 0.9913281799733249 0.7857716330970881 0.47828135130216215 0.6336843248476959 0.8754849031186456 0.7077544531453186 0.6661361605707462 1.2264533829944744 0.5368356298865631 0.0
0.4144553768008093 1.0451968551715456 0.8294628577178118 1.0569973863729631 0.6135635375887064 1.2645940591205536 0.8058342992871682 0.40682255820066815 1.5433254232466223 0.8591414262466067 0.804630713003234 0.5927778274072923 1.101132679426576 1.48185828813794 1.6039708759860083 2.4285166455717904 1.2543239087418576 0.4348084649645358 1.1720628941159834 0.9977485121881173 0.43746343868085974 0.8200769434677485 0.9476351818039702 0.5970284001471592 0.6475287072862238 1.0158558141202987 0.4943139550067107 0.4004064370379733 0.0
0.912858994101972 0.6240152624889402 0.364208249317728 0.41833834111792106 1.0513663962773692 1.875936784601343 0.602192021851259 0.6731286556727529 0.8547163116016446 0.4861451100016923 1.4713470963412467 0.5765546428351944 0.6021920218512593 0.8067018641934012 2.314906664311591 3.058578048680766 1.882819291950763 0.9222779868123165 1.876148280112428 1.5121750994608614 1.019984460764862 1.322689798091618 1.044699354783304 0.7421576899005163 0.6012641938337573 0.6707223559697523 0.7204228245832269 0.9776222653422589 0.8352902233379599 0.0
1.0513663962773692 0.4297767938359095 0.44819263042897073 0.40682255820066826 1.2304019772128014 2.03260604080992 0.8212288664095939 0.8046307130032333 0.752047127348635 0.3724845999811306 1.6009439234841252 0.7651602869376457 0.4327950803067652 0.7888350754929921 2.4414714423297657 3.2271708326241972 2.0389597797549914 1.0595548315528447 1.9842117540158013 1.6970613663534093 1.0569973863729631 1.4952449254793239 1.2717577170260677 0.7801720731346666 0.7839474722953316 0.46456239391781284 0.8445930637891593 1.0947336407298485 0.9128589941019726 0.414455376800809 0.0
0.601332485115307 1.1830964402698263 1.0579272151028287 1.2626308300812745 0.7905784744512183 1.2063011291621064 1.0313529489838194 0.6384287641450667 1.7270689446327847 1.0526527737170377 0.8090802383505371 0.8393199936466308 1.283604720041982 1.7158342554087673 1.5376601130575511 2.3644052903215673 1.2063011291621064 0.556547690784721 1.0595548315528447 1.053433247959359 0.43083601846059544 0.8471157773038743 1.1863147385778487 0.5651959456581277 0.8677347959416397 1.1258695801594825 0.5845377898777203 0.5338153100328894 0.48440185924890583 1.0533322683677013 1.0892125789680065 0.0
1.4375147787107179 2.5952697749456695 2.19957711480786 2.450326946572285 1.2334800535494297 0.7382149581460514 1.8243566901947608 1.6743283156955389 2.9621790547723665 2.3644052903215655 1.0179947660803348 1.727075230256125 2.611687506708216 2.797092184905405 0.8555814542118626 1.052652773717039 0.7382149581460514 1.455439509065516 1.017146491881268 0.8181029794085891 1.6781865634966315 1.0632730223461555 1.4383653680341884 1.9582523573792543 1.7410613071678855 2.581088324836502 1.716068224691482 1.4312698480348425 1.6576737935186934 2.1973707832580027 2.39033528962601 1.7151257806661242 0.0
1.7211246325668408 2.888407800712431 2.5300468356776573 2.7884079806416415 1.5486411969026932 0.8357008193899004 2.1764816931375432 1.9750565988466697 3.30598297339555 2.670548601148926 1.2083637458046492 2.064681418860242 2.9242172032569984 3.1583075602419757 0.6802964882743319 0.6699511104039024 0.8200769434677485 1.7261387958892698 1.0321902529953955 1.1026000571337489 1.8905974101063752 1.3226897980916184 1.8089227312814853 2.204643799971442 2.08106156455805 2.862575112598943 1.9949161037249699 1.6919610336303816 1.913820371694269 2.5319632927025433 2.7046455037371153 1.9020066950887025 0.5565476907847208 0.0
1.0195818025333474 0.421438556218056 0.49602237131921506 0.5029555562430001 1.2154949954733494 2.016461249349907 0.8888078621559329 0.7857716330970881 0.8398177029445825 0.32178296141863216 1.5542119220331316 0.7878266101562312 0.418338341117921 0.8587027663731642 2.3825365860353553 3.2012865360359886 2.016461249349907 1.0447020999281544 1.9362501742049623 1.689742801220649 0.991328179973325 1.4985129709050913 1.2932479675639132 0.8160620793484903 0.8180320238371828 0.4385112421535039 0.8711784561362724 1.0534332479593589 0.8591414262466067 0.4861451100016923 0.3724845999811306 1.0526527737170377 2.3644052903215655 2.670548601148926 0.0
0.7829985636609577 0.5876649464921253 0.48878712953614406 0.6489232823597736 0.9865274571802941 1.7641579508269751 0.7634526989925764 0.5889286696695184 1.0615764690637481 0.46707791193392467 1.3062302250806828 0.6543695800550784 0.6377148184454052 1.0284227934305534 2.1142845883758663 2.9380274083086877 1.7420230413233326 0.7939596290371683 1.6878320632435968 1.4464848444879297 0.7959162995236325 1.247057807753694 1.099155525399481 0.6388914173984247 0.7313767297896737 0.6078428546837269 0.6622790222956804 0.8205487496971997 0.6240152624889396 0.5361142437513504 0.5172596548018621 0.8067738162503547 2.13213351271739 2.416247846415383 0.46707791193392467 0.0
0.5845377898777204 1.404991384724395 1.2349477906733004 1.4705272193422416 0.7262001346169532 1.0468348214802783 1.169112627475628 0.7328490706743516 1.952168521544169 1.2325019543266098 0.5876649464921252 0.9516280626944619 1.4772093351172448 1.8938335627171181 1.2560239507261948 2.140485972889984 1.021823767007087 0.5991406926931646 0.8445243338748182 0.9222779868123169 0.4727711835573238 0.7966903094278198 1.172778265572311 0.8717486207887515 0.9964467339215041 1.355865876982298 0.7889086570840047 0.49861205648355816 0.5407958859607658 1.2466753467926623 1.3072130483537134 0.5038339606484801 1.4810817285028872 1.6524518945715014 1.2325019543266098 0.9776222653422589 0.0
1.0195818025333474 0.421438556218056 0.49602237131921506 0.5029555562430001 1.2154949954733494 2.016461249349907 0.8888078621559329 0.7857716330970881 0.8398177029445825 0.32178296141863216 1.5542119220331316 0.7878266101562312 0.418338341117921 0.8587027663731642 2.3825365860353553 3.2012865360359886 2.016461249349907 1.0447020999281544 1.9362501742049623 1.689742801220649 0.991328179973325 1.4985129709050913 1.2932479675639132 0.8160620793484903 0.8180320238371828 0.4385112421535039 0.8711784561362724 1.0534332479593589 0.8591414262466067 0.4861451100016923 0.3724845999811306 1.0526527737170377 2.3644052903215655 2.670548601148926 0.32178296141863216 0.46707791193392467 1.2325019543266098 0.0
1.471347096341246 0.6883453372005759 0.6707223559697522 0.47828135130216154 1.6009439234841247 2.45559022866085 1.0195818025333474 1.2254696755012737 0.40040643703797335 0.7445487910365417 2.0514540383660727 1.1064860642896386 0.5991406926931637 0.3852867790278856 2.8877526147505526 3.627960326134116 2.445032522984419 1.4772093351172444 2.465927278339065 2.0688630943666744 1.5748670439239887 1.8785206798678065 1.4557054035659505 1.2297060065420722 1.145260465703061 0.8131341529376714 1.2597956320002957 1.547510321516512 1.379551042869528 0.6920779243765505 0.6489232823597727 1.5844690826704142 2.748202546237967 3.097430196448956 0.7445487910365417 0.9216869389547317 1.794075687708516 0.7445487910365417 0.0
0.4004064370379733 1.0110696861302066 0.7520471273486344 0.9759670001607312 0.579352193803573 1.2870267507131619 0.7007884453181928 0.3438399730793298 1.4713470963412463 0.8133154479435472 0.8471157773038743 0.4887871295361439 1.0549669739837344 1.4031934457091142 1.6672590078402134 2.460885525707243 1.2870267507131619 0.4214385562180561 1.2325019543266102 0.9887298581794518 0.49861205648355894 0.8090802383505371 0.8749957893030333 0.5706073223360006 0.5361142437513501 0.98904850827848 0.4365778312743881 0.4144553768008093 0.348510595789264 0.7455694178832399 0.8490222897235022 0.552104806257699 1.6611232194681742 1.9413175147814254 0.8133154479435472 0.6012641938337573 0.6363433703100992 0.8133154479435472 1.3010139939044618 0.0
0.37248459998113026 1.2154949954733494 0.8572574187505527 1.1069905197705734 0.42143855621805604 1.1243809453847227 0.6286746058709834 0.4327950803067653 1.606333274257387 1.0281335730250847 0.7634526989925766 0.5120612603000775 1.2543239087418574 1.4978998531828684 1.5499587775728987 2.278266699018107 1.101132679426576 0.3485105957892636 1.1647362731168873 0.7829985636609574 0.6789863962301824 0.6021920218512592 0.6621076711791654 0.6732719778817267 0.5911995078950267 1.2200885613407146 0.4510877109706113 0.4387378039071068 0.48614511000169225 0.8740673066844452 1.0321902529953946 0.6497830613238015 1.4737877214521085 1.7649146513117555 1.0281335730250847 0.7784530267411187 0.6984774418700267 1.0281335730250847 1.4099830583043524 0.44943657435236484 0.0
2.8919575504063557 1.7270752302561263 2.125297612439459 1.890892690634686 3.088786751953531 3.881996868805016 2.569180188363214 2.6419751654515458 1.437514778710719 1.9615186426467046 3.4377689354602152 2.6002490017435056 1.7122712129526825 1.6935659324153232 4.252110238326695 5.085498578152078 3.875327129000706 2.88896751998125 3.7838593228728334 3.5627473065601487 2.8001803214622827 3.3402965252147956 3.0354758436687987 2.47137550835127 2.6169839500660514 1.7722283692392586 2.6450333299060125 2.9264280419967537 2.706047175837947 2.1321335127173917 1.925901589274344 2.7932427988311885 4.272511710863436 4.574146407510186 1.9615186426467046 2.197370783258005 3.049559074037508 1.9615186426467046 1.6611232194681753 2.672364300758612 2.8603149200936038 0.0
1.1437241632322523 0.8294628577178123 0.48546796980850326 0.47828135130216154 1.2215051374032846 2.0775968661878674 0.6300627467120041 0.9269347001328208 0.7672704692588493 0.7445487910365417 1.7097741654975138 0.76272106513738 0.7570725848480244 0.6021920218512595 2.5320764605773713 3.221433663737938 2.0651076014945455 1.1512558809435158 2.1404373474697485 1.6675938353265392 1.3555951529771 1.4978998531828678 1.023782973355672 1.041056292594402 0.8179569347095955 0.9356155619490782 0.97186266887053 1.2401737293015194 1.1227613694011418 0.5145702326424734 0.6489232823597727 1.366738558274972 2.3260962886932686 2.690351501553272 0.7445487910365417 0.7970680550317635 1.5368637730378982 0.7445487910365417 0.5636786348150602 1.0247289520026086 1.0636234805394227 2.1149101595475197 0.0
0.6385319332495513 1.3215166804006162 1.0115684773164528 1.214497432552688 0.6682729301890556 1.1258695801594825 0.7486649194059064 0.6609747229303755 1.6879824763731301 1.1875796806407413 0.9123793215621434 0.7016982879942713 1.3949973375143228 1.6354203811312047 1.6462548296706379 2.2874993885291923 1.1373003024047939 0.5354689877662416 1.2098228127179422 0.8711784561362722 0.8196304225676828 0.63623072218172 0.8859874828434332 0.5940825753300023 0.7221383953134126 1.311026258542689 0.4756387010264321 0.6648810896636917 0.7108553443105455 0.9970794400089631 1.1382400763690779 0.6814486975920466 1.5891309265735267 1.8395385233724253 1.1875796806407413 0.9559141524640352 0.8810512125289669 1.1875796806407413 1.5087851825235965 0.6719890156697027 0.5368555909017997 2.892416134191838 1.1915013263325653 0.0
0.8575858786991494 1.9337226858084982 1.5657933283557495 1.793121517439612 0.6945491565127055 0.5496920184454839 1.1939308021852133 1.046834821480278 2.3044006707788607 1.730143281970795 0.6403954887472657 1.091183031418235 1.97461829196892 2.1983454978295636 1.1246007582755426 1.6160219894833256 0.636898720699653 0.8267999236859223 0.8138204661154785 0.4154139486682558 1.083748986898776 0.4569802393696504 1.0078917912810486 1.2134445006111685 1.0777648321611488 1.9087952049614414 1.002041225723489 0.8491359240782964 1.0606443881317553 1.53766011305755 1.7198088187435232 1.0696615346470966 0.8985864047429597 1.1598238273518655 1.730143281970795 1.5078203349464903 1.0029610041182608 1.730143281970795 2.106069465629228 1.0397987741076617 0.8566507793885568 3.5796553154645343 1.7135353192865348 0.8357008193898993 0.0
1.261605167377401 0.3681182811718397 0.5940825753300023 0.4861451100016923 1.4516404476333258 2.2395995638827455 1.0094692674476238 1.0195818025333476 0.6397524471407336 0.4941128768127324 1.8100889225453096 0.9952494991791416 0.41555365675470285 0.7542078870909409 2.6375486268960806 3.4363576834702005 2.2338165860746577 1.2547360106841776 2.1791949874503858 1.9146650159759486 1.2390438284701153 1.6970613663534102 1.4693533686108917 0.9032436449550836 1.028799999859249 0.438737803907107 1.0243281588083626 1.3029400893511949 1.101132679426576 0.6021920218512594 0.4327950803067653 1.2285601094567307 2.6248908929855808 2.9242172032569984 0.4941128768127324 0.6377148184454052 1.4772093351172448 0.4941128768127324 0.5991406926931637 1.0549669739837344 1.2264533829944746 1.6919610336303819 0.7570725848480245 1.292074031215165 1.939287566147046 0.0
0.7735664792810462 1.8979554747500038 1.5150109095004223 1.7600109614911998 0.5876649464921245 0.6013324851153071 1.1651450065603717 0.9890485082784799 2.274470050365391 1.6752937106758483 0.5407958859607661 1.0451968551715454 1.921699349564982 2.137364538337869 1.0434912192034425 1.6223939144127753 0.6224712234123736 0.784659314424412 0.8078382425942925 0.35222595644735405 1.0467426495326742 0.4790259723692491 0.8950912928244601 1.2653171799824063 1.0590277808783997 1.8828848059531393 1.0218237670070869 0.7767790070699278 0.9939406806235804 1.5053752626151253 1.6910051540528765 1.0792639814862457 0.7878266101562312 1.0991555253994818 1.6752937106758483 1.4483332563739977 0.9216724388652572 1.6752937106758483 2.068593218309898 0.9815983388841064 0.8040773805995316 3.567439145058858 1.667259007840212 0.9363301699004425 0.44920843297287383 1.921699349564982 0.0
0.9759670001607312 0.6707223559697527 0.34851059578926397 0.4004064370379733 1.0932557046983271 1.9404209024229035 0.5788080382930807 0.7455694178832407 0.802618761316915 0.5565476907847209 1.5443727109508123 0.6240152624889397 0.6274913198635365 0.7044551052090329 2.378584953293121 3.108571116969448 1.9337434194427576 0.9847825786682317 1.9631904504339888 1.5552518789186887 1.1342234166781586 1.371729994359783 1.0060024469418234 0.8419041385161751 0.6762417629170789 0.7520471273486357 0.7966903094278195 1.0569973863729631 0.9199310328223256 0.36216123515358123 0.47828135130216215 1.153140780651864 2.233816586074657 2.5782729453077255 0.5565476907847209 0.5927778274072925 1.3333858601517043 0.5565476907847209 0.6161930890139556 0.8294628577178119 0.9170035769221409 2.115674523939708 0.4068225582006676 1.053505487714377 1.5963310531910024 0.6274913198635366 1.5528117689871417 0.0
0.616193089013956 1.72206379356821 1.4084395322555927 1.6585081322117758 0.5407958859607657 0.6438094879065177 1.1512558809435172 0.8471157773038739 2.173251280226781 1.5111054970250342 0.3438399730793302 0.9776222653422595 1.7649146513117553 2.065079493108317 0.9907648358790682 1.7410946465402746 0.6438094879065177 0.6300627467120051 0.6497830613238013 0.4828077875183497 0.7829985636609585 0.48105244303880573 0.978435129352328 1.0897381849295054 1.00212320502313 1.6919610336303814 0.8888078621559331 0.5765546428351951 0.7767790070699285 1.404991384724395 1.5496848921746638 0.8181029794085899 0.9961266913818777 1.2264533829944746 1.5111054970250342 1.2662803130110585 0.6240152624889402 1.5111054970250342 1.9822997421680022 0.8026187613169152 0.6928841561214277 3.4012743428811825 1.6261538344429713 0.8542039900511179 0.5802569412498239 1.7649146513117553 0.46802983466104164 1.4713470963412467 0.0
0.5765546428351952 0.7746947253817787 0.5407958859607653 0.7455694178832407 0.7651602869376465 1.5376601130575513 0.6397524471407345 0.40040643703797335 1.2201807621874818 0.5940825753300016 1.0947336407298491 0.4782813513021622 0.8133154479435474 1.16243699602541 1.9183128445918016 2.715611670213118 1.5292249530290223 0.5913547142118127 1.4859397989417602 1.2154949954733494 0.6489232823597736 1.0234048656864734 0.9338715343103599 0.5503594991552067 0.5446658839118537 0.7735664792810462 0.4890470397363478 0.6161930890139562 0.46456239391781284 0.5496920184454828 0.6240152624889397 0.6814486975920467 1.8999523681157504 2.1926968575204344 0.5940825753300016 0.4123426241513529 0.8294628577178124 0.5940825753300016 1.0569973863729623 0.4183383411179208 0.5815947502194966 2.417816716023386 0.829978804924574 0.7792500921008514 1.2676326394198525 0.8133154479435475 1.2123712579262271 0.6260974778553597 1.0467426495326746 0.0
3.446869620697863 3.575990177133915 3.7526204607133304 3.7945877039593707 3.5816652507289533 3.3330935807420534 3.7910645755864514 3.4605732100555047 4.062712249576926 3.584550356379841 3.3144988931441155 3.606258747983988 3.7217126923902466 4.256468950150087 3.475612049821962 3.914100843843454 3.45504589553791 3.3887094770189994 3.082058026901216 3.5663621313766334 3.075781056408205 3.430295937432556 4.039521653269718 3.1228827580919525 3.5260084784422787 3.431011996462805 3.318327451994486 3.335790459335963 3.3271537935749023 3.6676405502143528 3.5839168741190583 3.016763612504644 3.9261984741371583 3.841485732662008 3.584550356379841 3.522975018275759 3.178185622795693 3.584550356379841 4.0564211587242545 3.3768302417900333 3.5032263465793148 4.40810329339171 4.029933409854087 3.26447065135743 3.40291946477005 3.608525814803648 3.59343477640635 3.815172283086349 3.386797522139846 3.467724900305776 0.0
3.013344773526732 3.1039785149290107 3.2502065619461518 3.275708785679902 3.1387071663976793 2.967667904927532 3.264358697348551 3.001942451718801 3.5315306210443786 3.121455309380179 2.954101181352454 3.1147662615324845 3.2490787446041614 3.7286983758918324 3.238302770609393 3.6770090055927462 3.095665160120414 2.9407682972308433 2.785629451781646 3.1458925511907854 2.688328411912413 2.9849725335746817 3.547454471444546 2.624276454805604 3.027904720445999 2.9699948980276183 2.8268680347189457 2.918209930375613 2.906108866179156 3.1578590972702463 3.088871455267333 2.6024090768677413 3.583023297601397 3.5582395242638714 3.121455309380179 3.0673506518150786 2.8270098863591357 3.121455309380179 3.5224558887652146 2.935175268545228 3.041092965798991 3.94032068070665 3.4919201249755285 2.750911462269675 2.96221724797202 3.10768166205314 3.184019425295509 3.297571367235345 3.00583241366727 3.0080346893474412 0.7949168110694692 0.0
3.5474544714445466 3.5912433581992 3.789443360699952 3.809762311261322 3.6891164758041306 3.4959346920592105 3.8454144360048925 3.539731230429177 4.044878581724267 3.6176034170910625 3.461036025589678 3.6725428458304834 3.7370677614389076 4.257234546472976 3.6810716230983878 4.132997081409929 3.6195480416863783 3.486015588150608 3.259861004776151 3.7008432517169103 3.1790160277643484 3.5500094636201136 4.127138924367026 3.177926224131995 3.588370115750901 3.44741353336925 3.388709477018999 3.4420124209499643 3.419904099838741 3.7000680220616133 3.6063340061638094 3.115012935846944 4.100259046285766 4.040748885238641 3.6176034170910625 3.5763247044013733 3.306777124877166 3.6176034170910625 4.05339290381277 3.462149047780183 3.5951521698063322 4.318789926715851 4.05339290381277 3.341672870242256 3.531409518738611 3.61480954928594 3.7298405950494087 3.8459019842687687 3.5261737915328184 3.533424174131866 0.4142248421063491 0.7385534816944681 0.0
3.5087818437297913 2.7419311657322347 3.1327582046616302 2.9693689154676783 3.712461206414976 4.11361953228985 3.4163256343159367 3.3237294019346364 2.8407765995315706 2.924728302140887 3.8354748584509535 3.352772747881027 2.8472102603824716 3.1677949986315106 4.508035285117027 5.213693803924558 4.191492253896603 3.4566692130037286 3.9540309823722435 4.015093627719328 3.2224806397491106 3.773550915039904 3.915212819822059 2.914594174676774 3.2870251717560066 2.652040253745795 3.193324248684543 3.470426390847821 3.3131842410042704 3.052771953565348 2.8616231686640785 3.1628170664121225 4.698929389306419 4.867896330515461 2.924728302140887 3.069111184781233 3.499718577403401 2.924728302140887 2.989567451548999 3.303792103301013 3.5002976249111595 2.375371882020354 3.2635913010152144 3.2978453360380113 3.898404393965332 2.7103616042173706 4.040484267002275 3.145214702936504 3.841212353970151 3.176098594561353 2.8088388896601932 2.3978457680655136 2.5901423548254634 0.0
3.4383525508084873 3.208354325988078 3.4849173447164596 3.449510699662775 3.6126508521773117 3.626995560989849 3.621670486746238 3.3687085439144044 3.584550356379841 3.2900226974898032 3.49727541265788 3.4771492388338014 3.3533163963813135 3.8415658945278097 3.895883899462863 4.4648826904839485 3.735914406863198 3.3749281055317835 3.404600839010951 3.7305937920247216 3.071361321128201 3.5358694072993884 3.990929668543102 2.9584943611008905 3.396704684175449 3.0720394553845036 3.21267088876931 3.349946270467202 3.275629453672151 3.3960974710186234 3.262635262756322 2.9986027664816217 4.256115449265935 4.276013030399685 3.2900226974898032 3.3026994602887303 3.2592975671209037 3.2900226974898032 3.6359090050634 3.304909881045816 3.467866590337429 3.648321800324973 3.7232247152655185 3.2134037849688246 3.5734509168753257 3.2165048543819377 3.761941304902893 3.532375831543621 3.545224016479337 3.3110270643915176 1.14780257313461 0.9735532533869574 0.9050243477477685 1.750867189459042 0.0
2.9051322483354896 2.5379617229703877 2.7957254547988883 2.710827249034505 3.071459726442698 3.2611385490885403 2.9374530757769084 2.78159726449468 2.7968162716509095 2.6285525342613965 3.091867911306382 2.8313084330771994 2.6624041894099606 3.0671418714461325 3.6642661964327745 4.255219122356736 3.378034136298462 2.841972097251977 3.115575946475903 3.2573705871030736 2.602865164980293 3.0437881223057266 3.368180939821321 2.3658059838505556 2.735460761066073 2.415156293083718 2.618222465508666 2.8427168331563877 2.753575835105634 2.687808066344225 2.563304404840088 2.5413798525410765 3.860605798134649 3.9801304418068826 2.6285525342613965 2.6976855938475657 2.858969064559777 2.6285525342613965 2.861214231138449 2.747075145510629 2.910565324915937 2.9293363676305533 2.971382651852848 2.6453883759036545 3.0915521651190594 2.5155217801832372 3.2836964432424076 2.814368829011776 3.1084431393803933 2.7102617756510363 1.8550767851965948 1.3108898245122553 1.6703583919013363 1.245546420281344 1.0416973247384314 0.0
3.053863492866724 3.2182704736351555 3.3206089514440746 3.3533163963813135 3.15608304946494 2.933369137150474 3.2905289949265444 3.05324262352046 3.6269227843959335 3.2218948236675096 2.9721229875814266 3.1528938222146805 3.359211497807964 3.81090130388454 3.2293002068950063 3.5911673852146864 3.0712349009928226 2.976471636557258 2.790535434049459 3.126289548662649 2.762123321151209 2.9765133639020127 3.5536033649967136 2.6840894915597286 3.0607798167779547 3.0898131907892386 2.8670088105589664 2.9628049512516093 2.9711550315000212 3.2242628137022002 3.178267051551083 2.6704826704650535 3.5344479383633813 3.503526022705265 3.2218948236675096 3.157889466781722 2.892785588715337 3.2218948236675096 3.6050514578172055 2.992532238320227 3.07296000289119 4.106005755693565 3.5451399627285114 2.7604049114988536 2.92668204735124 3.2119050334101065 3.168069056954005 3.360696340981524 3.0186862137425092 3.078787784936266 0.9566724350221325 0.41422484210634875 0.9198271933404013 2.5848617469249064 1.2210905076843188 1.4521904758275446 0.0
2.9832717533076254 2.071149559944846 2.444141370277513 2.235679647871762 3.176075256956839 3.7354550295239695 2.7549133403478674 2.7589353401543186 2.016849316474832 2.2715580608548214 3.414505792319343 2.7383470234788834 2.1443389573163882 2.3472949394000833 4.185449096781654 4.910894424562474 3.7972724778956475 2.939495403363888 3.632911084239616 3.5407677048986477 2.782838787153807 3.2964452254993533 3.2784402165097837 2.396738859524275 2.682873375693994 2.017799582613115 2.648501547916413 2.9755119578797276 2.801575385477316 2.369574944518655 2.1834904339447987 2.7349771310453015 4.2595153062928 4.498870046552946 2.2715580608548214 2.4621868571082124 3.081531740529679 2.2715580608548214 2.1869651217322836 2.7669060644763444 2.9534222338215397 1.5865836917794196 2.5064201059054083 2.791657498711359 3.4494078382983657 2.0112347015706176 3.561338691781814 2.433335299280342 3.3951016082485217 2.591133362975236 3.2992636324799385 2.7751246731112142 3.135214751912113 0.9844988961990656 2.38055013540511 1.578206775883286 2.923036616143955 0.0
3.274482259461754 3.12853052070703 3.3887094770189985 3.372578399002792 3.4457917268354845 3.417144299402934 3.51276453504251 3.2225178087824347 3.5492362823788075 3.184678925100675 3.290687142498531 3.3445055261595726 3.2709508297162744 3.789305150876552 3.6519666892872302 4.22296016599718 3.5325394292081014 3.2185782713443114 3.172215222315444 3.544735874324537 2.8900226498035635 3.365476203307988 3.8558017696544984 2.8415252453181727 3.260790256500542 2.983660310372547 3.081551419072793 3.1769076966824112 3.1156773710593257 3.297299054194485 3.171943132655737 2.837053090333735 4.034031812102782 4.03944765600409 3.184678925100675 3.1872302753577646 3.066844178026652 3.184678925100675 3.5861980647042637 3.1511092951937756 3.320326544979519 3.7068415313373975 3.6454348461416584 3.0873702829945153 3.3891760651122733 3.152550251655018 3.568036461666496 3.441764858479141 3.345992108553364 3.179059398588671 0.9002691517209966 0.8283478358415586 0.7195147018961161 1.9732538387438021 0.4588058545772951 1.1485330553926998 1.1049096960451381 2.5212848334553617 0.0
2.8355207268452793 2.2830960864661693 2.54344463757973 2.413568309800439 2.9990877612159226 3.3393877017316376 2.7116908737564227 2.668812668688956 2.3983915410560734 2.4209576423109698 3.139024531032194 2.673341842123782 2.397379372559746 2.686241781360328 3.809568373460984 4.418335577339676 3.431090528417112 2.764528807937753 3.2544161178877418 3.245976858080925 2.6124815593333643 3.008136267978376 3.1879180166133607 2.23515898395584 2.5941488460408064 2.197426558508688 2.491993284442018 2.804825205484624 2.6874311443203043 2.448214758916112 2.3194168749659627 2.522303474870381 3.920130206939095 4.096187435990799 2.4209576423109698 2.5163828115826274 2.884883037107715 2.4209576423109698 2.4869535115013135 2.660548083021827 2.8020677385104626 2.437618928258244 2.653619242604186 2.5280378571803404 3.099071655409549 2.217598035573768 3.2835864136655943 2.542772046947892 3.132000965507248 2.5661055019697367 2.5250008739216385 1.9130272381783895 2.3480937405001154 1.04045389213018 1.6684174441534212 0.7920988277813575 2.0133094922602988 1.0393122214176005 1.8277481749746292 0.0
3.8319035237194203 2.8266708476766507 3.256171583342932 3.0335136082330147 4.0408873113085635 4.617772055316033 3.618226035495854 3.603241358344214 2.7361517898160455 3.0456243087902846 4.265929750126593 3.5938781663373227 2.8858205853735504 3.0700464894517574 5.026308607752654 5.7936820387980585 4.673458257146262 3.7979214693576253 4.477920147580845 4.426376773663576 3.6017347072866372 4.182576702096133 4.142303590194194 3.2607314525932765 3.5463249856726082 2.7778930442084566 3.5175630330506795 3.820333432264641 3.6296910251000125 3.1945120535813047 2.9832717533076254 3.5685110004100906 5.14344424639636 5.3763001535801 3.0456243087902846 3.2582258021472468 3.8954965972825604 3.0456243087902846 2.939893771305024 3.60527806685006 3.8142594682399418 1.8301346510632874 3.316482776454892 3.6851620711246436 4.347694849531904 2.788339274891572 4.441393232623808 3.2505961750864487 4.253867071644362 3.416160469743585 3.7945785670249785 3.3789129074729023 3.594213753588795 1.0763408171770896 2.761691811306282 2.1676025049139356 3.5625483634336903 0.9785228980718371 2.952255964070607 1.7561266339649664 0.0
2.7969741018112715 2.6481918965981097 2.838560153891742 2.8109869694896816 2.9430720139451867 2.9841722213050184 2.90698867155294 2.722659045467982 2.983567370943881 2.7120679429825274 2.8909793642435355 2.797990681114281 2.7906869871820166 3.2159482830964383 3.3599523925353223 3.8847416916022883 3.098994165385 2.718627517711849 2.8432767629713314 3.049824188818726 2.5008786570581454 2.8461657253529284 3.2756294536721513 2.2933539640355116 2.711714721895345 2.52680201482781 2.5321530226062663 2.7248826356055402 2.668503952280766 2.7429658910347428 2.650573875130396 2.40021101383081 3.610017743136714 3.672938514435415 2.7120679429825274 2.7061538035057797 2.7023445677794697 2.7120679429825274 3.0054031838058086 2.676431239504423 2.7972924499727494 3.286087506504199 3.0408284440786386 2.4904455919599213 2.873521822122411 2.624710743005761 3.092275794534898 2.870565048107625 2.918777118176087 2.6862417813603283 1.4703504446456774 0.8267208017870283 1.324121437402215 1.7360686584419458 0.9314512457692475 0.6665531802530155 0.9423871521328582 2.0403581602095966 0.9833419957340716 1.14928184323125 2.6847086654459478 0.0
3.6904319099923715 2.929860731648138 3.3745953451872426 3.229642920628382 3.9171439924210785 4.292429858172061 3.702663544397363 3.5206017463526833 3.1245634982401698 3.1021471344946665 3.9739583275952457 3.5891750688183865 3.035722209503277 3.4464490219922768 4.597594742039783 5.36476609460798 4.367115265866665 3.6551348203047467 4.060319487429096 4.22536499482118 3.3383491248790387 3.996127524871648 4.180646646852301 3.1463534579886505 3.5278360301254623 2.8199997107179993 3.4281483308809833 3.6338382547131403 3.468575540105598 3.3004751741771723 3.083617314372421 3.312254051814138 4.876444982669217 5.016627241358551 3.1021471344946665 3.248494059498712 3.601180592987612 3.1021471344946665 3.2768114956453753 3.480759292552765 3.7162277241463006 2.5786824696954325 3.5588196835161945 3.570039418326558 4.1272266923529095 2.9432099473548563 4.2372791695764445 3.4077722680265916 3.9979002334007343 3.365704552834009 2.7075903946938253 2.485104461696874 2.5087327419317766 0.8057842076457966 1.7077530813283515 1.5392794031030623 2.7322540424946387 1.4907227398777627 1.8701528862358185 1.6221092211418568 1.3551127550278568 1.9899516469616247 0.0
3.081359564439467 2.8751717966534174 3.1104816220221605 3.066965552020467 3.240247952592857 3.2865368746579224 3.216116361607793 3.0006465604755737 3.2158832671658817 2.9409509285887916 3.1678299726931485 3.082997809656778 3.0109438266281816 3.465662495324239 3.6263003086626178 4.172676173289688 3.4101545347353013 3.01615956191166 3.1084431393803924 3.3610500466795123 2.7469657714112063 3.1659698022725884 3.5960446339878294 2.593008931106463 2.988730353676002 2.7413537137855752 2.835420589154323 3.000938906870795 2.937142268709923 3.007411312798754 2.8948888608439636 2.6807190334082502 3.9013939501516153 3.95941235242602 2.9409509285887916 2.965990193994619 2.961724065442824 2.9409509285887916 3.257623516576518 2.9488243541298034 3.1019657747529905 3.4064959708619353 3.3227232255978847 2.8295521670302306 3.1870957701139053 2.8698599126988813 3.3897628318886297 3.143915615518696 3.202400900622971 2.955020275617292 1.3207093280562343 0.8470030109840676 1.1212351870987043 1.6447229466898599 0.618147140545997 0.6259448955265721 1.0284735070756774 2.106262962720725 0.678744009582354 1.2974952016973258 2.6323304179424825 0.5324800957741391 1.7738794123654376 0.0
2.457580319187046 2.1255361826153814 2.3583071227752117 2.299621903306041 2.6262738863067243 2.8406449598199135 2.4877331757230765 2.339471969247027 2.4205606272062177 2.221948439184857 2.663017492057783 2.3982563111924513 2.2662054448960176 2.670807655807098 3.2527543285161373 3.8700558169709223 2.9347106808853827 2.382585370242897 2.7085489124564655 2.81909445429786 2.1782147601157056 2.590090963375989 2.908231816516025 1.8936090343357153 2.322216982532634 2.0138051247498825 2.1561867686186265 2.4017736557233165 2.306197193393029 2.2681411146349264 2.1510786495301364 2.07651403331949 3.456759586830397 3.5789854078426533 2.221948439184857 2.24787063633968 2.4151311000535376 2.221948439184857 2.4613366196665507 2.304697575341767 2.446166000225766 2.689176191889949 2.546871927185742 2.1644947440671043 2.669710131657552 2.0916837421715773 2.8596677221514812 2.3864297634757117 2.6767649181698743 2.2650060840809494 1.95990485722561 1.3512053767025296 1.839608432556096 1.4377963023221862 1.307060009120349 0.635053238962842 1.481936754504635 1.5218039316210348 1.3655289713206593 0.7540673381750832 2.2578322923637173 0.6666104809138214 1.7717687759793344 0.9212700067662699 0.0
3.178521211856616 3.2090714392854545 3.40752128724913 3.4309702362309555 3.3270734329119693 3.1752881583277643 3.4708375471951736 3.1657339626880736 3.66994827333608 3.238198870852003 3.1154215051123124 3.300701312385124 3.357601704075534 3.87830058505592 3.378648291107949 3.8799569663008784 3.291302965656818 3.1153553299376626 2.9375498017865738 3.358825986505181 2.8103198847592337 3.197281456069782 3.7588373441945095 2.796158266811175 3.221873606372564 3.0674372840859303 3.0128066497477484 3.075236099462562 3.0451657640686447 3.3224742219755083 3.226872040092964 2.738526417977985 3.793043833706738 3.752482094035022 3.238198870852003 3.1914356458256923 2.942092483795351 3.238198870852003 3.674933269849746 3.0882643959346656 3.222916316132304 3.977484611066895 3.674933269849746 2.9714592590546904 3.196911484258008 3.2316872365092206 3.390420165338351 3.4663947962250363 3.1784045967856582 3.153557300934709 0.5365806948130696 0.5285208771375504 0.47957034950435645 2.3839767211138865 0.802499742353123 1.4295955312884123 0.7877010702288033 2.849850703090119 0.5763889456207056 2.0770424091922743 3.366578496470568 1.0471515401184996 2.3362726220360814 0.9192200309032282 1.5126285245846987 0.0
2.796935114242203 2.6146744337205305 2.779253179581299 2.72792555161284 2.928030886001437 3.018464635400657 2.83017940399186 2.702806322739098 2.8783374967625637 2.675726508960922 2.932986718810736 2.74325709846832 2.7428900846741615 3.113774667524243 3.4560810038877725 3.949700896221448 3.144394813761593 2.718587406565801 2.9247798909507554 3.0466058557090574 2.5417000149673137 2.8427168331563872 3.219734405035879 2.2805805318409598 2.6442196656887145 2.501522718818788 2.5069276855391567 2.737417569923999 2.68491809323548 2.67067025652876 2.5927301294616516 2.4506452862772563 3.619488593719548 3.72056701401406 2.675726508960922 2.6969918238330086 2.770236449780927 2.675726508960922 2.9043076688394516 2.6727633335430396 2.7849487051877073 3.2076495686748014 2.940950928588791 2.4647934471556163 2.856553573904396 2.57383345238705 3.0859596557735802 2.792754199291396 2.9454743857075747 2.669754089431626 1.7874972777781775 1.107677015100421 1.6308339132276306 1.6916315995218147 1.2164580453700045 0.6092165534603613 1.1422259906559882 1.9021095525746516 1.291208794286072 0.9610745734318459 2.590734522074231 0.48411931357277105 2.0610774424453546 0.7238383021686658 0.676573374344725 1.3869677120572732 0.0
2.774597528044175 2.285410479140495 2.6162909707427984 2.5202162551739096 2.9713500102931314 3.2432918679919505 2.833842153245347 2.635150794847944 2.5775481512492338 2.3917343615179014 2.995031606130091 2.7032647096779985 2.4074675227864413 2.860781465679564 3.6005049189129044 4.287942555236801 3.3453779256375378 2.727473980617069 3.0482512282135517 3.2124641188753422 2.432268395311597 2.995116841353139 3.279279407617135 2.2428081145369996 2.6175727729469576 2.1534175855861415 2.5090070978592047 2.708531597837943 2.589270161993184 2.516111846768654 2.353843267003471 2.3990240524369386 3.833828202691838 3.9663895201167225 2.3917343615179014 2.488462498199218 2.699810972174811 2.3917343615179014 2.6625824098661255 2.5930281369800077 2.7994987164350498 2.609309230657453 2.818883184113702 2.598581105963822 3.0780427026521453 2.2897107533941052 3.2271169362059684 2.6466587431458186 3.0170099763124485 2.53363196447969 1.979633890823797 1.5569919547312996 1.8290588959755558 1.1049096960451388 1.1657842141434347 0.5904810361612552 1.762542807165076 1.3968645101752413 1.2096930824172067 0.9440179363796966 1.9372640038116937 1.0025483317126722 1.2139921276973062 0.9013507820091216 0.7631894810445672 1.557167331811605 1.047689715639277 0.0
4.116199770651212 3.467758641989911 3.8702648671022604 3.7437550985660417 4.327419154448884 4.59672416372702 4.141776410035702 3.96797669530079 3.673934703194081 3.6338818461599205 4.348291703904721 4.039492073562832 3.5900492274176345 3.992680714565692 4.910730919962434 5.601261334002358 4.680380649801708 4.063369538420818 4.380386384165703 4.579556060113279 3.7676513462049273 4.3491157888517655 4.607016457928196 3.5507446329099808 3.9728999917560293 3.357121338822337 3.837233828780108 4.054322340024589 3.9110232082827876 3.7930438337067383 3.597779075936551 3.706834231474061 5.213953995084992 5.315586073342644 3.6338818461599205 3.741647671993294 4.0112024594360856 3.6338818461599205 3.808507556733287 3.925195668932906 4.129451978542543 3.1914356458256923 4.0536938428405245 3.920668449346808 4.455381553611937 3.4626039449097794 4.605830377330642 3.902609096092925 4.376897170407373 3.835427827231028 2.529369930020372 2.3423477748220494 2.276314454319505 0.9980304881044506 1.461576479436244 1.5610954838124105 2.568513595924065 1.9147596341673483 1.7332724142366753 1.7359955327094192 1.7767892309365054 1.9134787104057798 0.8030137759845056 1.6558545131953852 1.8858851984482738 2.1904399888078045 2.00716268073028 1.4596543736587109 0.0
3.0383017436959983 2.359573527826917 2.7363214761862964 2.5974834891127574 3.243034018409692 3.6130913725623053 3.0035237177840757 2.866517861006067 2.545666565247716 2.515268152118507 3.3347554168343003 2.9113616465508882 2.473101235434549 2.8586645283720884 3.9940812426050725 4.705655671164533 3.6980131500849573 2.9895534908024284 3.43858742281549 3.531818836649332 2.7293974782500685 3.2978453360380113 3.486456140011893 2.463694232648014 2.8388163497437744 2.250842009249198 2.7407692020242838 2.9900988117579033 2.8428407090671257 2.648037028136114 2.46300562012589 2.682160923194716 4.197915248496803 4.358825944823678 2.515268152118507 2.645404956365919 3.00729728172617 2.515268152118507 2.669693498262884 2.8382083197609815 3.0436569087653726 2.3175944361642298 2.900413651394033 2.8485736303690454 3.412526118310495 2.34392077815402 3.5518456352506527 2.757079524055778 3.345743856640098 2.732228340579143 2.4366124235252298 2.0073749251188624 2.254322436555548 0.611864786779166 1.4762408695621663 0.8690770787545882 2.2042344227403885 0.9898384821984784 1.6203851802733698 0.8232832505623067 1.4175262053312554 1.3600062816411063 0.9002691517209959 1.2881985498914081 1.0139696830067872 2.0034286105415546 1.3434255969304145 0.613407837508861 1.2151438268533987 0.0
3.110153313645741 3.151802099565363 3.254041447521177 3.2510905966594623 3.208967600079247 3.0942981171246413 3.226616048235221 3.0721729468980974 3.4694091340839788 3.18228938085061 3.120988310616206 3.132941379902273 3.288248905590644 3.6719727480863624 3.485101424895546 3.84282153569901 3.229300206895005 3.022782532231588 3.01189639965375 3.2196791382159384 2.863941234758184 3.0456598602841756 3.5384695130500674 2.6665135512577893 3.0370303048864344 3.0377714819897133 2.861983065297045 3.039106840260949 3.0306917000256406 3.1525878855088036 3.1071980453598766 2.7529921079709005 3.696212655003325 3.7203684676908377 3.18228938085061 3.145383109040125 3.0317421016089314 3.18228938085061 3.4629740037039185 3.031280013060341 3.099988420504371 3.892778725543121 3.4319090345231356 2.749519294609408 3.0104991253227857 3.115498641789513 3.269859647051771 3.276080156354331 3.1467548706738095 3.081276208696613 1.4592495433280783 0.7904708923364592 1.3242529439915425 2.2987952270041436 1.2755121275930998 1.2040968018096811 0.6587574006433143 2.6080953301821594 1.311306073358625 1.6339247828805223 3.259740597822244 0.7478652043368543 2.5991834387800323 0.9452945780506601 1.2589585638694776 1.1809352120843006 0.7772561453428544 1.640487428687745 2.396804333602605 1.9844368819470004 0.0
2.9082318165160252 2.5873103932048225 2.876034691111528 2.8259877013888746 3.093434497780667 3.224545725441958 3.0387358562044318 2.8115996453347156 2.943190910221106 2.6822659957201886 3.042637591675505 2.9071223220159834 2.7310757320025707 3.204370875871258 3.543729525857435 4.1776221041057395 3.32331713706421 2.8451404745347952 3.019457618431749 3.265090985394348 2.556868703352322 3.05204884211715 3.438106970872077 2.3899933305777603 2.8310439021653324 2.4562422980491623 2.6561692690034313 2.830890632304099 2.7354607610660726 2.788694708295875 2.646806041972501 2.4812512747024495 3.851906009646042 3.922963721675737 2.6822659957201886 2.7107758185340423 2.7730079439110837 2.6822659957201886 2.999066733202865 2.756225291274547 2.928229084037169 3.0448994607104987 3.104346832663351 2.6829509809294168 3.1204805915818943 2.5880935865462655 3.2962638570727294 2.9199241320802116 3.0786146733059434 2.7351400390940106 1.514873362094429 1.1009126787128145 1.3512053767025296 1.3929666429286887 0.7025622896136653 0.6236043715467431 1.3358746799950008 1.8325028147600517 0.7811116508712991 1.1560334429312176 2.347988820490812 0.6543123112508599 1.473460264459036 0.5499249403772096 0.7385534816944681 1.073602918424839 0.8968540484010425 0.6462317326903454 1.4715645242278534 0.997233596770702 1.275814666826233 0.0
3.799962056231499 3.3447133891343106 3.685476371957195 3.594217042891534 3.9913966136185195 4.144351484107546 3.888318843604289 3.683236045151845 3.6232105074922614 3.466944082078087 3.955720446212693 3.7645374041470783 3.4755682150256053 3.9188066777684063 4.455520785504333 5.077118687379806 4.2491431934870105 3.7426705816376953 3.9327795689157536 4.18081608509564 3.442004186683906 3.9677426287683195 4.318590385813932 3.2663982478147555 3.6824680582967586 3.217284367542929 3.5383445988581337 3.7254406104158 3.617268900785835 3.5935161711316614 3.4295935495312917 3.3829802699484848 4.764345747947657 4.835868608839723 3.466944082078087 3.5413970403522916 3.6735231986711185 3.466944082078087 3.720103985193587 3.633068461178452 3.8215465052719426 3.426270564647496 3.888998538850196 3.58411441497145 4.03160458783516 3.3437624080246917 4.206506059438683 3.7198974909223073 3.9908239315101692 3.5887391919317198 1.856494951408784 1.662339774686912 1.590401434639378 1.2482064367204215 0.8018037391295194 1.0974874268015438 1.8789312121842752 2.065004216623913 1.0771580169629384 1.5506316622055145 2.226870284825041 1.3435679059781467 1.1752672220640374 1.009374639259463 1.5049680505088576 1.52770138307411 1.4774832952413226 1.1372993388773667 0.7883401776072833 1.180028536446123 1.7580270109365248 0.9720374480228908 0.0
3.0708868171402703 2.7688821960992662 3.0478485864014786 2.9855431863277864 3.2468246853116867 3.3620757724582218 3.2001592823738814 2.9719276900142426 3.1040145423464023 2.8438076969324912 3.1913798180887234 3.0550531759902304 2.897712531520639 3.367754700051419 3.6906769473429906 4.295221605589498 3.48301346854129 3.016940196393908 3.1604449671048926 3.4092009409276485 2.7155653855291844 3.2111375447150494 3.6019717867440035 2.5792434488008595 2.9598958665405415 2.6296608031626856 2.8295521670302306 2.990184509540205 2.9077962652878515 2.9425852390443685 2.8084821410837786 2.6745111861090596 3.966090172006047 4.045018900657172 2.8438076969324912 2.900238423916923 2.950826751631902 2.8438076969324912 3.164207125230049 2.919595774296256 3.1027248207736853 3.2130652764422676 3.264165240703891 2.8667920771831765 3.2484940594987126 2.7758480220471626 3.4274400255013036 3.0819621156325363 3.2256983640324703 2.9074945534850083 1.4792717879081432 1.1092910174003672 1.289645742408945 1.4546796610859747 0.6832566793372804 0.5816009628292107 1.3217811646987112 1.935715881924139 0.7171058240007797 1.2617417996542424 2.41069224050982 0.7631894810445676 1.4977019556409037 0.4425168464211874 0.9498872341699458 1.0871258868944866 0.907119076675084 0.6666104809138205 1.4778430174076223 1.0706741069406982 1.2704786507886003 0.49886882822739215 0.8844698814784754 0.0
3.050949506639666 2.873379338150059 3.1329063262706542 3.1122520905510647 3.2250291220315415 3.2399568778974057 3.2606656447158917 2.988537349755691 3.282080244830924 2.9377181123507783 3.1000423832611648 3.103933102467756 3.0181117144702334 3.523758321917094 3.5064513833641073 4.097708299250148 3.3498763003487158 2.9908702601926422 3.0099127326746125 3.342246773205049 2.6781852669429624 3.151490306078788 3.6169080795458712 2.592012980974255 3.023184304040284 2.7328310522969383 2.8393830071153725 2.9592110770993623 2.890022649803564 3.0433760746190472 2.917174442313157 2.61352465945562 3.8649191901830084 3.8907714704641285 2.9377181123507783 2.9405721453313265 2.8648030006154817 2.9377181123507783 3.3190942823159943 2.921463822218724 3.08747442560714 3.4575961368229953 3.383011308446659 2.8456970986075834 3.188978594091026 2.889368803010614 3.369829003940549 3.1840494828190127 3.1493773174074273 2.9383245009662615 1.0736029184248383 0.7982071477395928 0.9164703897701583 1.7942002327410274 0.4894958496311705 0.9268313836448835 1.0732557188967888 2.2790624296860176 0.4012022502864642 1.5717840406679728 2.76597084857713 0.7523936392294809 1.7653692637813643 0.5237295195530219 1.0822249058830715 0.6633071041274656 1.071625761872909 0.992150795178939 1.6845636090365421 1.4108140405704095 1.1979448335599137 0.5365806948130704 1.0630739836530443 0.5725730887171921 0.0
3.1827333923855874 3.119412496158688 3.3465293752760568 3.350097958005523 3.3427449408623104 3.2597113700974654 3.4379640543468923 3.1483659738189655 3.5562907579237004 3.166326169314267 3.16779499863151 3.275093788711064 3.2675251668975083 3.7812207569598812 3.4904262619484516 4.027516930809732 3.3728235263155306 3.119652798718925 3.025468132095559 3.4102479021381655 2.811705507317624 3.234747716777794 3.7571173882592985 2.762445741865833 3.1956344763932347 2.978444160330948 2.9945518348074325 3.084353275141684 3.03679072781637 3.2598914847309484 3.1500840212247034 2.7399483475369455 3.8840581316611495 3.8697587125383888 3.166326169314267 3.1402880337547923 2.966505715250135 3.166326169314267 3.5764385676708343 3.075236099462562 3.2225178087824347 3.7928699919187636 3.606258747983987 2.9710270236653806 3.250895535786408 3.137998391923467 3.4413700242705945 3.4021444875504474 3.2252079737671253 3.119000764398608 0.7425176150481161 0.6054486355147867 0.5974473336913345 2.1313040627028754 0.5763889456207055 1.2235421194185039 0.8862494387045818 2.629006630154007 0.3961067621111513 1.8744348245997422 3.118471140137257 0.9070580043651543 2.087343677761498 0.7230665856556144 1.3487358329883292 0.3759817080810472 1.24972692722556 1.3417714690976579 1.937933905089459 1.765330233457937 1.155432897029753 0.8505224182727079 1.2814364170963117 0.8675297409831247 0.45379075952579506 0.0
3.63075514525613 3.4394522785137234 3.724252684994321 3.6995612550565116 3.8078144332224473 3.779057789660268 3.866733976400275 3.575397460255414 3.8504214493150166 3.508993976659507 3.6488142442541402 3.6998758864122534 3.582533319119621 4.102035681790145 3.9934028430398136 4.563217980039451 3.890369746721123 3.5755873171204215 3.5240101896210843 3.911403859585031 3.238873380620396 3.7307764420895615 4.216612763568498 3.190252325038001 3.6190209943781055 3.2954151980042368 3.4369651902116836 3.5328784193688128 3.464357525133636 3.635943164484088 3.499043241160845 3.18491274537069 4.39761734861203 4.392270760032007 3.508993976659507 3.5187921179621777 3.4122881556933704 3.508993976659507 3.8999375900370774 3.502800186968439 3.6772011616650073 3.904665317096187 3.9814672161713305 3.447691971713232 3.75953887040003 3.464802761198381 3.93528237568355 3.7786562772051133 3.706698439457889 3.52293979500826 0.9959171128481918 1.1005387488704486 0.7682836410614902 2.0291028477714197 0.4852711717884333 1.376953800364785 1.360599927560902 2.689630807702214 0.46435673603553806 2.0364464361771977 3.0133166132869458 1.2689503962519137 1.8504006600157121 0.921583034152924 1.650387146952969 0.788340177607284 1.5645667491248778 1.4247315012027881 1.6049190757668879 1.7569046375618553 1.5477941480214783 1.0083534701157595 0.9708858949387853 0.9300045827572375 0.6780227771467784 0.6307047904954435 0.0
3.642192753972402 3.5951685833330784 3.8067430687890487 3.8035436854480515 3.786698199671987 3.6537062428256126 3.87278694563338 3.6108923164997897 3.998565155723515 3.64486358914439 3.611621096819016 3.7245800371235207 3.742231646281771 4.229472475110093 3.8975527654615507 4.351351836208691 3.7755804361868615 3.572715905800982 3.4486126841025717 3.824009886697987 3.291953926553195 3.6541952328318543 4.189718583085377 3.215483888183182 3.6389453604514816 3.458129571456712 3.4420124209499643 3.5469484815573527 3.511197919368627 3.715173337270053 3.6151468115223833 3.2107284280448316 4.272847624961855 4.24185755073491 3.64486358914439 3.6199664984149607 3.4434406696724187 3.64486358914439 4.021322752214552 3.543169312640618 3.67217295236301 4.199156161423729 4.047866846447156 3.3911190907761797 3.6472803285624504 3.6009983593011907 3.860206581915837 3.854501245625845 3.6660894115310563 3.590724896738484 0.7772561453428538 0.7546129729124382 0.5077218519702926 2.3261650085056917 0.6833221056988878 1.453579323040415 0.9145240356939711 2.9221920511885475 0.6853202514051924 2.0988749643916127 3.353419220718523 1.1352783529378954 2.3216171719596184 0.9164549879887443 1.6773579458668926 0.6313955709712303 1.4140709057608336 1.68913452725366 2.0042921744216113 2.049839107890753 1.1212351870987034 1.1898719213229472 1.3111435037508619 1.130085842472425 0.8329642508446863 0.5998288819305296 0.6859339264094391 0.0
3.03875620059122 2.819068770042484 3.046960837691066 3.001942451718801 3.1951691613896602 3.255509324026245 3.1466299624678506 2.954101181352454 3.1425506407561064 2.894345064289516 3.1425203209032624 3.0301679367605914 2.9582977495687772 3.3927773802195675 3.615105791417997 4.1557746604117725 3.3726000279410844 2.9668014258606368 3.095495967006759 3.3187775531093817 2.722494783653989 3.115513045382549 3.531606380951886 2.5294369821118114 2.9408087080070424 2.6927289180347906 2.776011201697903 2.9643203171817234 2.8974869272469848 2.94825401370331 2.8385601538917418 2.6376886093872556 3.8777578132287385 3.9412766815380453 2.894345064289516 2.912237514380308 2.935232582020408 2.894345064289516 3.183220929227297 2.9065034639475016 3.0470618186213456 3.334635261911144 3.2498114010579053 2.7575085082578803 3.145214702936503 2.8022666181372724 3.3549402683273173 3.078417020238292 3.1727425760770425 2.9055195757252434 1.43298447582323 0.8888001436794069 1.2362345248771816 1.5867771793274374 0.7049507932970371 0.5726744579752076 1.0451054619125373 2.0214052286985744 0.8210036767197938 1.1664677492646114 2.5756808481804065 0.4128748229467145 1.7916260196907439 0.3435620577801388 0.7994439591653019 1.0135296875276736 0.6013210766547967 0.9109978479100698 1.6600238408970476 1.2481076833696187 0.8685681056831223 0.5397643184291028 1.0553505503651486 0.5566537115512219 0.624591951197749 0.8220334201978534 1.0548435378877343 0.998030488104451 0.0
2.736151789816046 2.101674641427505 2.4810425030898697 2.3671152190284452 2.948692492757054 3.3075609425763757 2.750433662347198 2.575752591992341 2.3630020142691968 2.249494978955459 3.016526685036938 2.641628225608007 2.2272116666069324 2.6618438162763813 3.6626736557800292 4.3992525326021275 3.3848711519476846 2.688354420315116 3.1134945078806093 3.235451959535172 2.408624809302311 3.0019749992649594 3.216654900023087 2.17268211717155 2.576559782318007 1.9844684030707638 2.4544658930524377 2.6818736726231687 2.532730500306892 2.399546995256537 2.2113013642931096 2.3586545593539676 3.89834704130365 4.04814733847546 2.249494978955459 2.356337089844495 2.6750258284548725 2.249494978955459 2.4693439010842404 2.538432573142966 2.7490289981133658 2.2575450222612683 2.6774252458771017 2.566905653090079 3.1269455615149204 2.099368302325046 3.2559655844047515 2.5149228924650906 3.0335136082330147 2.4421043120584742 2.2856624450531275 1.8643330135003346 2.1428742251332724 0.9220601093945059 1.4319062884972742 0.8753626073977417 2.076875331615103 1.113500427904071 1.5136439835508109 0.9066551245399007 1.6493144666997355 1.2566612271157376 1.0690501198576994 1.2378133779870877 0.8535460666469152 1.848911704309182 1.3038679396519954 0.5077162034626225 1.4326308917235893 0.4586793207681693 1.9267354805422146 0.8709982881218933 1.3119281477302907 1.0281165280335163 1.279446695219215 1.6302138191523179 1.699076676181301 1.9931412831459685 1.201121767670452 0.0
3.172567553541777 2.4098329185300416 2.806449355367677 2.6480370281361143 3.3806668572177516 3.7979214693576258 3.098572401366327 2.9867777771182755 2.5428752487307067 2.5845393052138528 3.5018920241464806 3.021205766692709 2.515268152118507 2.866371968901963 4.18505364335008 4.911578353544993 3.8754625288864744 3.1259138616425277 3.6296910251000125 3.692614670008608 2.878179197423641 3.4540335843960164 3.5949537246271084 2.590156286534953 2.9546468765325424 2.3126381799639333 2.867437894317156 3.1321604400720005 2.9728638270666017 2.7240053442176646 2.529183729749593 2.8311406328468243 4.374334068072631 4.549767783935509 2.5845393052138528 2.7328543039754933 3.1604952369462502 2.5845393052138528 2.6858307638080423 2.964575283988744 3.1720536017033214 2.176549595469623 2.9517811903037576 2.988620191857586 3.5822985610812204 2.388369479501843 3.712645100124875 2.8226396114448655 3.5081751249423516 2.8382083197609815 2.687197621965494 2.2637116379787656 2.498479030918314 0.4568982299454942 1.6975203854301844 1.1028188704297788 2.4584856868338867 0.8365408600988435 1.8612883862084497 0.9197793814340574 1.1590170029882976 1.6012636475360753 0.8273958451080925 1.5355301092551432 1.22824004977892 2.2545709843125166 1.565417787710096 0.8564943911474507 1.2007237622013425 0.3802577456170155 2.2148164144729345 1.241171010944301 1.3168702842766578 1.3181978573856943 1.6586180151568777 2.012286507614805 1.9723151395250218 2.280989769583439 1.4879085532910246 0.6264484947449899 0.0
3.1015082106565215 2.315483317628261 2.7246759195631 2.5637347401679627 3.314072524624998 3.7505891008634054 3.0314830544115323 2.912297581884745 2.453646842883265 2.4911661630786535 3.438587422815491 2.948692492757054 2.4178858311247824 2.777820013906245 4.1298798364529645 4.873743756698617 3.82570924961495 3.05942413749452 3.5753038710168297 3.6373904245239275 2.803120768216581 3.4000182771689036 3.528737864289799 2.527091408808899 2.883824465339248 2.21706979672978 2.8032915969077137 3.061219485420177 2.8969100146992552 2.643351707108029 2.4421043120584747 2.7649834657558667 4.319822215204414 4.500506103397838 2.4911661630786535 2.6475887355441676 3.088111239117417 2.4911661630786535 2.600266865962235 2.889522855075054 3.1055104601617134 2.0783741981736066 2.8741456257180915 2.9389173037173277 3.533908449577201 2.3006623727290134 3.653879687623249 2.7425285185538875 3.4449859829654503 2.7585493951249473 2.720931368103702 2.3083462220570037 2.5440792116646835 0.5579876729882729 1.75844100739711 1.1623858200087818 2.5091291099071857 0.8083390960218727 1.898892626452669 0.9882768985976566 1.1444940934401076 1.6579248837458564 0.8267208017870277 1.5938284621824237 1.2590862576642317 2.290441993152507 1.6292957837800681 0.8596123883778548 1.2828910530825606 0.414224842106349 2.287486994847956 1.2818345170450203 1.4014595652022095 1.3604930996763829 1.6949956402963526 2.052396450352881 2.0196363228595566 2.34701169153318 1.5549738788548588 0.5991527628840428 0.30602632214842934 0.0
2.825659372057165 2.3471387906195136 2.667958593137301 2.578833893500941 3.019086008701083 3.27191456947839 2.871842653488002 2.69126624268469 2.6324349785462866 2.467474032462089 3.044521078781458 2.7603386026315078 2.480120941591355 2.9155387335005347 3.6364440665380955 4.306630295215902 3.3654564239761093 2.7669357043173055 3.0898962647102777 3.2480270049839617 2.4981380047106314 3.0218103904808293 3.3147991711179636 2.268816978125912 2.683713999617458 2.224642984503095 2.543356953502465 2.7631571967430624 2.6439136551812457 2.5773334933680503 2.4191749081463216 2.432268395311597 3.881529792821975 4.002275011734877 2.467474032462089 2.540184123816223 2.7499097978989 2.467474032462089 2.7133686996855726 2.6500356972305914 2.8356793025734595 2.648089633097075 2.8669019893927095 2.6053580570293806 3.1123462780760613 2.336577456685608 3.275074477097366 2.7001410975976516 3.066144724991835 2.589449821042852 1.9498903742710756 1.4873922963933948 1.7847430274027785 1.04045389213018 1.0770791815735843 0.5244624725413763 1.6886083448510063 1.3891822036884023 1.184350124687358 0.8190319462006512 1.938416421216945 0.8685681056831215 1.242142283916739 0.83399961762898 0.6264484947449891 1.5063491393949096 0.9411512293615372 0.3939653033649275 1.3851724754749595 0.6027722139884387 1.5200966078801341 0.5285208771375498 1.064566115901878 0.6824754926051968 0.9406840942052752 1.2824462194489867 1.3877740499292934 1.6023983207901251 0.7861481890643786 0.5120958355986643 0.84125678347666 0.8770801138739956 0.0
3.5382787287716777 3.187723200128464 3.459130522904422 3.376606844665988 3.7025224394768577 3.8150912604011236 3.5969289155845026 3.429153988514449 3.446137790489144 3.2865816488993893 3.6810847914479514 3.489340412279405 3.316704136519194 3.725097663723241 4.183649440786506 4.730285302060602 3.935254669365719 3.4717023969003753 3.6550043232157923 3.8560154002491163 3.2197441102260176 3.6485931868468766 4.015847117712963 3.005815289505485 3.3949257939515207 3.0639207720606265 3.2604718082454944 3.4689721185418265 3.3862395485739167 3.3552051887979517 3.2262105554029334 3.1497053703457727 4.427559658845707 4.50758963304064 3.2865816488993893 3.3468709965746055 3.4553975062043207 3.2865816488993893 3.519393478166575 3.3882363661963453 3.546011429498986 3.440803934049008 3.639077873653149 3.267007829073995 3.6820045581018648 3.1674214095764843 3.886638690203778 3.481301549575455 3.7069187647683153 3.361404834677591 1.7322995553080132 1.334324417841368 1.4660574443467689 1.357857458087315 0.7693177248578605 0.7285569589899821 1.4780769362905788 2.0003814223285246 1.0258026488892773 1.2440070746844014 2.3696439083869456 0.921388309204192 1.5573568557233668 0.6502954264434068 1.1854871049277267 1.3699941015308204 0.9610745734318463 1.0380249546558384 1.2665866800631973 1.191642385103732 1.2348045032845847 0.8295825604099706 0.6705799275675826 0.6853202514051918 0.9406129072199717 1.1450724979510474 1.0791433245684545 1.1379714798093463 0.6488614868306508 1.3072528049958656 1.3786681319450014 1.475863307416647 0.9349203893072695 0.0
2.754621496328571 2.5464019177033683 2.69340590066213 2.6292657365393173 2.8774523128666045 3.008721014626152 2.7352104045168337 2.6479291836605934 2.763844065942217 2.609052065959554 2.9229581730515353 2.6672782436628246 2.6669007738241866 2.9984785049052687 3.4814760862841077 3.9645416370918976 3.1350426047343287 2.6750347739595046 2.9447904226163035 3.0078066418563427 2.5301210158356944 2.8010948838382985 3.136582557046629 2.2284840400968555 2.5653092135715636 2.4421267076483875 2.4476628370683993 2.7050462321731987 2.651905981261223 2.5812141965780775 2.5122028670150125 2.4386339839839715 3.595068545401008 3.72056701401406 2.609052065959554 2.641993913934154 2.770236449780927 2.609052065959554 2.7908798452914945 2.6284515197900284 2.7317222102493695 3.1147631759582723 2.828992689976752 2.4044903161760245 2.8151362090208685 2.492695802027768 3.0476614890464138 2.6964674142027283 2.9254685324297403 2.614183207328802 2.0189219122431066 1.324948252417564 1.8659560045437602 1.6916315995218147 1.437719127388722 0.6989978767012934 1.3321010112680023 1.807114020234295 1.5209250063257778 0.8645718603812015 2.5334309359661265 0.6850386522085902 2.131120193774643 0.9361097988776758 0.7186641372599615 1.6212337185076555 0.36312514512655725 1.1286423588500045 2.1070805172314007 1.3651076682076173 0.9159877514021806 1.0755030692665295 1.6287325680443485 1.084077804927415 1.2949599512387522 1.4858701548446334 1.792014246459932 1.6444804231902663 0.8094566657865461 1.348156083943968 1.565417787710096 1.6292957837800681 1.0305073849628277 1.1033120103824636 0.0
2.797602803642643 3.0359607283595986 3.079437045126564 3.1218734719115897 2.875095624060882 2.641940442341633 2.9991207644984303 2.802629000189754 3.417748771684159 3.0242749752729745 2.7197480622604386 2.8826954830520326 3.171120412836451 3.5798627696231433 2.9973597498242053 3.3127941011453994 2.7849487051877073 2.712910359211094 2.556100003956044 2.8223813341736212 2.557341074252677 2.6756076923655026 3.2448902150270977 2.4408665348921343 2.7886145987078788 2.919023439428624 2.600983111749484 2.7165671615430282 2.7428900846741615 2.981805476182585 2.9651069522794193 2.4528098490802477 3.2328436717155347 3.2214733929864607 3.0242749752729745 2.946199163097901 2.6847965492513173 3.0242749752729745 3.376803858411619 2.7524131065258866 2.8004566847437906 4.012909682417 3.280279913501395 2.461323676127638 2.609474505019258 3.014637080868604 2.870844202704942 3.1105648231418654 2.7546126785687046 2.847021751001969 1.3555675092476915 0.7345162870152826 1.3465873917809998 2.675034722984908 1.5454440760935204 1.512791582989042 0.5212967490739897 2.8796294170093772 1.4488464560517273 1.9550274647296828 3.6030836242384683 0.9954701127344752 2.9132553819682294 1.22824004977892 1.4367392456086538 1.160531996283006 1.0872360199853535 1.851940493492008 2.8035621733828897 2.279016380715947 0.632651707989364 1.5006424818038864 2.1474697957539797 1.5182279068112516 1.3473025352634211 1.2372567856099714 1.743188728875154 1.321899925761196 1.1954504207014007 2.139610557094328 2.52695232641239 2.5737385734795906 1.774444961199131 1.6773091663381994 1.2147901957583376 0.0
3.338606971060214 3.367705289277407 3.5600425539291707 3.5770733743034886 3.4803328922644803 3.316384625582442 3.613231574133851 3.323517516993852 3.809438244932169 3.3977050157609128 3.275629453672151 3.449510699662775 3.5144500138559045 4.022100430614508 3.5351616918435833 4.0011026800386045 3.438929529241486 3.2732503663894974 3.0951124726010906 3.5030042659379275 2.980434619051235 3.3432566914900645 3.9050949530152628 2.9495563845683828 3.365524877299789 3.2270212898751622 3.164231068504397 3.2374332781828814 3.2119050334101065 3.470350107582641 3.3789344587666705 2.907625068303807 3.930095287821961 3.889012892630065 3.3977050157609128 3.3566896481382633 3.117468499589958 3.3977050157609128 3.8167834888265686 3.249811401057906 3.3786566797813236 4.1046942895072105 3.8167834888265686 3.113805373969802 3.3312746261876227 3.3841589093768305 3.5354552480607104 3.613750447427909 3.3355888451840783 3.3148488748762004 0.525452765983825 0.5212967490739898 0.38051899319739196 2.4170049246798073 0.7855059323522223 1.4509651730787763 0.7345162870152828 2.9188599535228095 0.6118647867791661 2.111280401734099 3.419523456827229 1.0710504564309233 2.3917458925778803 0.9127689918307412 1.5887799883764409 0.3457192157940319 1.3842309840898128 1.6332931456746913 2.1887081412543794 2.0641794528998707 1.1068452276030678 1.145072497951049 1.4995594352698312 1.113177896193129 0.7350764343087112 0.4333021593172556 0.7682836410614899 0.47426209418241727 1.0097813676855047 1.9436471874352856 2.312920921536794 2.3593664241502887 1.575318400293064 1.3108455435770137 1.618893064118512 1.1422259906559882 0.0
3.8620140141972374 3.2544740937781236 3.658315409467409 3.545337294958003 4.076870965992148 4.32933476884188 3.9305744217455247 3.722877399965898 3.5096950044317694 3.406109376470693 4.072331102294982 3.8075802448530744 3.3785984996048315 3.820391070721976 4.618807050175634 5.324556034286263 4.41512852180183 3.81472990748963 4.092788237630851 4.324200433837317 3.4936593076349682 4.100904663735183 4.382978956712109 3.3197669230027533 3.7394528614296867 3.133701778896419 3.6033441535339397 3.7929784393921775 3.6532021007003532 3.579232497028167 3.3831153367121183 3.446218944364604 4.941939246195615 5.035910158316126 3.406109376470693 3.508516988900862 3.7333465182500394 3.406109376470693 3.63473940597808 3.6732512593723574 3.887989428161278 3.1114790911487793 3.8632687173002718 3.69628911098661 4.203785283081012 3.264105019805667 4.344810237308165 3.697365274457467 4.106437873686659 3.5952901060398754 2.2751388262605583 2.120736452800559 2.0441832847262154 1.031745304490039 1.2460411623876928 1.3941268868371395 2.3690791751491935 1.8844440893714536 1.4648914397018735 1.6746636729005073 1.858428160081145 1.7360686584419454 0.6827306033047481 1.4511899769738152 1.7109048894188723 1.9370994068981313 1.8678136430792205 1.217210560249006 0.4623164722185386 1.0755030692665304 2.264782880933127 1.23380813357018 0.6612910580350405 1.231637809698246 1.4208281326812378 1.687119604038656 1.359368368653061 1.8234129412338782 1.4850408656411138 1.2251919849879096 1.1188656929211278 1.174872059331127 1.1811264732699331 1.1730487774785148 1.9896081764417963 2.615969289759479 1.9578848056905638 0.0
2.4985873811739867 2.292730961633443 2.4735544137883947 2.4264254263307987 2.644514650641814 2.7833633893143768 2.549342835760506 2.3981502356276234 2.5893859529529806 2.352941630762591 2.6548773280742277 2.4489368528038353 2.423715807866467 2.8229303891256414 3.211362552075311 3.7662157185669294 2.901675909080098 2.424861010986375 2.6685538864595273 2.792294816423574 2.226643400531463 2.581720872340537 2.946744617669878 1.9764035851531054 2.354004851333893 2.1747294345482313 2.2124194349201427 2.4370920143751227 2.3725256659231486 2.367342776158814 2.279052813109464 2.142406588003556 3.3878488229384485 3.5018154968316555 2.352941630762591 2.3753143861939288 2.463419004037706 2.352941630762591 2.613278828797061 2.364239068185466 2.4938530549470705 2.9584420772700266 2.653943399194219 2.1962698393860065 2.616795875692307 2.2613827796484025 2.8275394246210115 2.4939063506355965 2.6686666879289733 2.3553513041832477 1.8162117672095894 1.1609600638298163 1.6982278462696 1.6476856199388383 1.2753508311413415 0.5947634607727286 1.2435594130486727 1.7557795468819077 1.2944839056641335 0.9056410273452831 2.4956734088745227 0.5269178406881716 1.9732888676676315 0.792098827781358 0.4555472524761002 1.3962625471632952 0.4404692494803 0.877127207468663 2.0370522641656295 1.2222487337089265 1.0050063266529248 0.8109239284827158 1.5515525943484143 0.887728871778045 1.0388653455221386 1.2600345467304404 1.60537143492555 1.5453497639429945 0.6945983999803317 1.102974162865354 1.4538785424934433 1.4909139759163799 0.8024997423531218 1.1264558584495425 0.5027323055554876 1.1713678459657348 1.4452386135110344 1.8561941989489017 0.0
3.155228582357221 2.496607807223229 2.846165725352928 2.705148138740709 3.348446842953406 3.702570150601092 3.0869706102922225 2.9841722213050184 2.645574614900897 2.656070469270449 3.4534629159251495 3.0164866663152097 2.6117944582798764 2.9580042560532367 4.110395706797359 4.785270786416254 3.788900550048899 3.097172812124622 3.5546744439305353 3.622475152727153 2.870973385923594 3.384556873544803 3.5719209783318973 2.5626461404710486 2.9432365159601694 2.3975365550836365 2.8382083197609815 3.112519351639304 2.972422669130821 2.757879977042908 2.5864187317257175 2.803839957043115 4.2940329308469405 4.454324501096506 2.656070469270449 2.7759554808837015 3.145146658116058 2.656070469270449 2.7662931104341473 2.961950197244694 3.1457909725528217 2.4200373771866714 2.989567451548999 2.918852726751349 3.4926932604598218 2.4618944029121166 3.6505975544650435 2.8598707828968357 3.4598339656916752 2.8565535739043963 2.4851682589648747 2.0090170966740657 2.2824355663736537 0.5360248024106824 1.4861960162689527 0.8334438005799615 2.1803225194743674 0.9844988961990656 1.6801143016708793 0.6633071041274656 1.4196009548714545 1.31483778934843 1.0381073390871554 1.2783453860088245 0.9981540770508461 2.045487644352696 1.2555801423943365 0.7604324093249086 1.1935005292672716 0.4002364154005592 1.8896943834906297 1.0409604949091589 1.1592368091044496 1.1222012297385466 1.4656765774651077 1.8048049848025223 1.805685756294152 2.03123304233427 1.202877870523942 0.6494737771160264 0.45689822994549434 0.5579876729882729 0.6633071041274656 1.095996756026435 1.2555801423943365 2.2391778576742607 2.0838875934927645 1.1307907421025645 1.1957139823668048 0.0
3.049496806360193 2.472344480626456 2.7913753529763423 2.657874867156669 3.232485879415079 3.551920888117052 3.0025016006857075 2.8862557422563664 2.643027883952033 2.6012713066825364 3.3211911238798226 2.91522048995187 2.581924998214735 2.9448708939269963 3.9693302006080633 4.617596645937461 3.656003599391973 2.9951649498704453 3.408130141075201 3.486216605568437 2.7596987540921596 3.260102784776903 3.4783569168886226 2.480203577843056 2.825659372057165 2.361329898196213 2.7429702387596353 3.0009782426876517 2.8786028822301386 2.6868959774877017 2.531830275992228 2.712166557458026 4.132756252067035 4.293635694180284 2.6012713066825364 2.724502802934849 3.043317356513647 2.6012713066825364 2.749124210899372 2.863273883905835 3.0496564000039186 2.558538683818622 2.937453075776908 2.8196110383638864 3.340864830980477 2.4443672028927153 3.506822285698077 2.8007335206290964 3.3278154155273794 2.7781380481809506 2.3243177600666263 1.8299866353221945 2.127399704953022 0.7899896990769879 1.387079298871036 0.6054486355147862 1.985508490578858 1.1297262328096296 1.5368016193820244 0.6393737108077167 1.6428479786898 1.1546852952558484 1.1907190251207351 1.0871258868944853 0.8910574478701556 1.8960788857805009 1.0504152577870163 0.5975444832219081 1.344652947614565 0.48937725111828445 1.7057983778380255 0.9406840942052745 1.1413655666929527 0.9192200309032269 1.3284547336475778 1.6659865352441865 1.6998240546397505 1.8954130494070267 1.0396636743470493 0.6803901894587393 0.6488614868306518 0.7175756840931428 0.5828020029900113 0.9637094419122606 1.0504152577870163 2.0364183812840757 1.9263032536293294 1.2296219634452787 0.9954701127344753 0.4423856535563735 0.0
2.9488243541298034 2.8289352217993207 3.031616863018005 3.0069772327342803 3.097240777835146 3.0972788906068245 3.1066521244084653 2.884134214658631 3.1914356458256914 2.8783374967625632 3.004698508924365 2.9708068429636323 2.9668239509576377 3.424569448941195 3.43546708307229 3.9565932554373116 3.2241427049940845 2.880626114069232 2.9259742502314032 3.1910232129177265 2.621660956290154 3.0027372816383986 3.464009380026817 2.481546937249653 2.8762352443040005 2.6952210755543358 2.713010822177328 2.8658140284215468 2.816857766613848 2.929083463694506 2.8323988621168716 2.5496283892653713 3.712891392128728 3.7587327426785118 2.8783374967625632 2.8820540066919933 2.822433405660663 2.8783374967625632 3.2158832671658812 2.8301794039918597 2.969261281414117 3.476157600511005 3.2490143916463543 2.68702225618857 3.0115479148263464 2.8235363548893013 3.222255607820309 3.0669655520204664 3.041124450256853 2.854316461877237 1.2164580453700045 0.6633071041274663 1.0548435378877352 1.8328095054125084 0.7345162870152833 0.7367142486615215 0.8283478358415581 2.222173305411807 0.7148475743301111 1.3793929227867656 2.8057418718971667 0.4482012332780786 1.9768206660999956 0.3604362638163444 0.9134428737173279 0.8174074424343387 0.678744009582354 1.0220563107754188 1.8802561070443409 1.4466775280056656 0.7972115796970237 0.6488614868306516 1.2316378096982463 0.5997473338602389 0.5524526983297234 0.6731340234817992 1.0097813676855045 0.8994322491265787 0.40234449784662135 1.3537496053379674 1.700558828881493 1.7515334322644505 0.9564446660481287 0.8483655919616746 0.9016945704684687 1.00843765526838 0.8220334201978544 1.6691012933171783 0.7336909632185536 1.4401578762776994 1.241171010944301 0.0
3.0099127326746125 2.4594330548185357 2.806850592579943 2.7001410975976516 3.2089248610556016 3.491364365090145 3.035722209503277 2.864363049494989 2.713368699685573 2.593994178393882 3.2483925691138555 2.92825263167223 2.5866484750779706 3.009903454429438 3.853226878391956 4.536482429747479 3.5827875722487326 2.9548531204187065 3.3052328877074713 3.4553899596975155 2.6813094464676968 3.2271169362059693 3.4922888836881696 2.4472765828213765 2.8527377825028455 2.340053850671233 2.7246759195630985 2.950219322144517 2.821065139788925 2.717287780244634 2.5468249873697646 2.6225162034065135 4.096046615294967 4.224108390274374 2.593994178393882 2.6868959774877013 2.94001617080298 2.593994178393882 2.812221108966534 2.825659372057165 3.0203920763778584 2.609393400465537 2.99658709387114 2.8018171859686705 3.324284891041332 2.449355968370989 3.479897378146016 2.8363183398072005 3.2686677956814085 2.7506880626551418 2.0838875934927645 1.6630651542165327 1.89889262645267 0.8393326321878011 1.1307976620166968 0.6325599503033734 1.8705635080056324 1.305422820950188 1.2760813733590735 0.8529914240244892 1.7579665176335033 1.055022909069914 1.0284735070756774 0.9564446660481289 0.826323384613522 1.6498213071697194 1.1068090039568483 0.44615565406788915 1.1837254771162715 0.45379075952579556 1.6866360933367854 0.6608650437841075 0.9545776871460069 0.7602033744134036 1.0630085928246193 1.4108140405704088 1.4253370722532919 1.6954656676796194 0.9220601093945054 0.48764555486267624 0.6705799275675826 0.7195147018961155 0.36043626381634447 0.9237143367621385 1.183725477116271 1.9789628882855417 1.7073512902727883 0.9955526331359816 1.0045576327466688 0.525452765983825 0.5069590395737344 1.1169509914686264 0.0
3.176075256956839 2.2361702690140484 2.6377149108013347 2.4298652311973075 3.378084618807418 3.934648231109659 2.9693118833042145 2.953224768966054 2.195039863296863 2.444967824070689 3.6017347072866386 2.9439910592916614 2.3104869274425823 2.5291837297495934 4.362964360231451 5.108042666220516 3.9933833645622103 3.1349923301609084 3.811914320844397 3.747781159226746 2.955765690569375 3.502611045716524 3.4913643650901465 2.5918548407340234 2.892464085550807 2.1801258730404984 2.8503285379404626 3.1641510377350586 2.9832717533076254 2.5687737016818435 2.369574944518655 2.9107488743620897 4.465895096161588 4.69676322681115 2.444967824070689 2.6377996730439888 3.2505273924456284 2.444967824070689 2.3749589352901723 2.955709422264383 3.1527146843089704 1.6111596302660858 2.7118157343403015 3.0017092763186377 3.6615901070868015 2.1875157834448147 3.767221914751497 2.633286330261315 3.587439383721796 2.7778930442084566 3.34566845328184 2.861093089699354 3.171781370838759 0.8684426079131128 2.3861713475693884 1.6590472643880076 3.0273978506520396 0.37598170808104686 2.5419290554781364 1.1754118237248101 0.7536538219366463 2.1401461019611565 1.3241214374022148 2.1651065350415246 1.6474363036324549 2.900172609519493 2.0305847883721775 1.4409974627378845 1.7716154038404395 0.9744540681297728 2.7264472296766087 1.8714471783916669 2.0071073177930283 1.9726236212060237 2.314601106322571 2.6689504749263295 2.6782118507611745 2.953212463503021 2.0896853935978177 1.1346343339967901 0.769317724857861 0.7385534816944681 1.4335516812708462 2.016938881403102 1.9569469911603359 3.0180200210785477 2.968012055801499 1.761016061069054 1.8942058098373515 0.984063967598933 1.1758060390010867 2.3014107638096855 1.3123556319624792 0.0
2.9170428203793737 2.4323641192963685 2.7253048982128765 2.6195680699312693 3.0953096203216246 3.3584290071885055 2.9058673085977187 2.773007943911083 2.653943399194219 2.551652570636245 3.1544689113018705 2.815896446390299 2.556203877571112 2.940768297230843 3.7680769839209214 4.397234276161338 3.460856308344355 2.854146253639928 3.2143163333213436 3.3197130630078338 2.623633835793915 3.093151006324496 3.3610500466795123 2.347424292488894 2.730186381574544 2.3186835115507853 2.6128109085399047 2.8634157896672248 2.752052680527321 2.625590394623885 2.482380074005713 2.5550644791617656 3.9578979404298233 4.0960834517665 2.551652570636245 2.6376886093872556 2.8880963489121134 2.551652570636245 2.7377862590105737 2.743733747266237 2.914098555439433 2.677618145316823 2.8900226498035635 2.660238013562101 3.1694377210473177 2.402838326333697 3.3484468429534058 2.7426113139508526 3.1660831284900364 2.677930487040286 2.0946475526609447 1.5651473698940968 1.9075330082520663 0.9785228980718383 1.1986552344462738 0.4128748229467142 1.719490387856617 1.3007524310339214 1.3443315083071765 0.5953387450979747 1.8813585585073032 0.8696750502299391 1.3473025352634211 0.8674628283656846 0.6354023034632215 1.6542643510752928 0.808271731630855 0.5391287934481086 1.427795507174127 0.6209400380020692 1.4465453627694924 0.7117982479893451 1.1109976827007182 0.7693177248578605 1.1091357347376247 1.4329844758232293 1.5409533540917735 1.6778137090966143 0.7877010702288031 0.674818662784639 0.8310359817798174 0.897858500462662 0.42219472696924865 0.8517842174368272 0.8438185844510289 1.765369263781364 1.6900750997721266 1.2892735930700217 0.7471900417224082 0.5611943288986744 0.4142248421063491 0.9955526331359806 0.4643567360355381 1.369644744443594 0.0
2.493853054947071 2.300370846635596 2.4937434181331066 2.450357855405954 2.645597324125849 2.772205677066039 2.580096871150442 2.3979959549638727 2.6242764548056035 2.351677568699047 2.6325235899953534 2.4594330548185357 2.4298728585842566 2.8574531582252267 3.1775155849735013 3.74796455612321 2.895445614519278 2.4271146171123137 2.6337297134028925 2.7930945861613714 2.1970008704433908 2.589270161993185 2.971927690014243 1.9916937242071477 2.360816772321737 2.173071730130497 2.2263721508761978 2.424861010986375 2.361329898196213 2.384364562645633 2.2903276986176984 2.1309278215048417 3.373941730300758 3.481612084873112 2.351677568699047 2.379239527744794 2.435941612953535 2.351677568699047 2.649075489961767 2.35786409982871 2.503211581928965 2.990979976040421 2.689198817604195 2.225909920226836 2.619310653173493 2.2831724496970924 2.821065139788925 2.5184816005534 2.6519713463152215 2.356566831235724 1.7083633077725773 1.0915096099380943 1.5983918737358875 1.6691012933171785 1.197603431456467 0.5776773366308096 1.200418147458541 1.8087382180324745 1.1768257923449434 1.0101210387125779 2.5248484606148867 0.5361213926291508 1.9272708167530739 0.7152414360668536 0.524462472541377 1.2949599512387524 0.5220005400024134 0.8013208961831982 2.0129266000113355 1.2136254511976687 1.0415026668249636 0.743269136350683 1.5014573091310082 0.7765769384290481 0.930913761142365 1.1594923627653717 1.499785533601059 1.4766124810565497 0.6659467836528027 1.0758637691011885 1.458968233821633 1.4864545426784839 0.7738502940482285 1.1071073871340045 0.6244499870971305 1.1694832601008496 1.3532386554613738 1.8043591709646558 0.32914094651918335 1.2250563876113323 1.0007757094046876 0.6549195408470642 0.9785228980718373 1.9358265595058695 0.7661762491962967 0.0
2.6779304870402867 2.3891926132237415 2.617151290162978 2.5549723276633354 2.8387124721811205 2.9993951124352636 2.732625761064995 2.568131338002453 2.68258598328836 2.467506361975472 2.8454135753385015 2.625590394623885 2.5209894294914807 2.9353269232190606 3.403540399234236 3.9867227595129164 3.1136557342105586 2.6092764734040372 2.8592402044865475 3.006675857310687 2.3815387450000034 2.793094586161372 3.145068758066856 2.1449830639506713 2.5334501774621105 2.2668868642533258 2.3942653061056998 2.6138017438881724 2.533928344946343 2.5131492211406488 2.4019223431724805 2.305781165307689 3.607302275131676 3.7179690686034728 2.467506361975472 2.508287338105988 2.6240846357291256 2.467506361975472 2.7265612523007987 2.5306989316132067 2.680206442414999 2.928867288323007 2.8040176391605227 2.401749877058289 2.8398838634401433 2.3653417221188815 3.038371463517048 2.6407336504171646 2.8634157896672257 2.508231754592016 1.7704198448859658 1.1716245903522877 1.621441602282384 1.4396175415618486 1.0895807785529303 0.3946947764987923 1.3018598471921365 1.6640129193034825 1.146336107522869 0.8371095662773786 2.333213694699163 0.5045272744638793 1.7313545351134882 0.6373127599992985 0.4519163760991553 1.3363038002605716 0.48949584963117065 0.678825623064487 1.7782682035413064 1.021183710644042 1.0781131230349514 0.6119819199862494 1.2984692339317077 0.6780227771467784 0.8920582697148225 1.1602217227952532 1.4271857708252802 1.441653729184803 0.5509193018555719 0.9322431190359346 1.2615161821581173 1.3065037932157362 0.590248047929609 0.914851961995571 0.5975444832219079 1.3147703575846474 1.3803880419005554 1.5944627798928903 0.3802577456170157 1.0007757094046876 0.8024997423531222 0.6562099600875395 0.7745714156830723 1.7713652526179138 0.5495491257633477 0.37942816688987036 0.0
2.9331848827389053 2.7265612523007987 2.979173755960589 2.9475007519669454 3.1044108766243177 3.15733765518231 3.103802193171584 2.8579554831796448 3.107449938227945 2.7942825822157373 3.013589765746656 2.9586316997767974 2.868466341331459 3.3529599587606196 3.464327964748585 4.054485619394296 3.2700354318929663 2.870642014875423 2.9507990427083244 3.2351034229623616 2.5776223195549357 3.037626016080946 3.476157600511006 2.4523074761950774 2.8738030841594853 2.589385952952981 2.7016013610537293 2.8479707643166194 2.7760112016979033 2.8848764532612616 2.762065813338652 2.5103728097197107 3.7804242648437625 3.829920331402001 2.7942825822157373 2.807760423335707 2.78159726449468 2.7942825822157373 3.146518908251811 2.79825508644156 2.9612585806933454 3.3011955473385908 3.2138699255199206 2.708236701245932 3.0765020945603143 2.732682365394855 3.263591301015214 3.0232133098321485 3.0547195246513916 2.8054063744724145 1.250483708662418 0.8341829907244417 1.09191466845805 1.6581138636042982 0.597544483221908 0.7117982479893457 1.0732557188967888 2.090921567167636 0.5806402324754254 1.3507451077361576 2.6243377808754564 0.5754908714370637 1.714744530118047 0.39602952797543134 0.8718511729268004 0.8215124829432332 0.8586591258059904 0.8311017650187077 1.6670416736179159 1.2567060029660155 1.0955205972537887 0.41287482294671496 1.063073983653044 0.45867932076816964 0.36312514512655797 0.618147140545996 0.8679561871931204 0.9637094419122607 0.46253137360271834 1.1334126247924818 1.5103644691635716 1.5502249288836956 0.7689301064035725 0.8417676682402415 1.0716257618729081 1.2802516501036225 0.8804793066969834 1.4208281326812378 0.8174074424343387 1.295528826093286 1.1379714798093463 0.43330215931725546 0.9145240356939711 2.1433460603321843 0.9050391145647712 0.7171058240007797 0.66588909639535 0.0
2.7696566223935757 1.9270896442270196 2.2981955266955296 2.1238561402003757 2.968193631909224 3.4798303721895025 2.5936060614753065 2.5628178219753015 1.9729224221172736 2.1285835407497133 3.171587984651714 2.5674327393023213 2.028669627143576 2.2940206477050005 3.911995333874343 4.639183283152308 3.5351470144869115 2.7160910136796654 3.3643904651375895 3.312351334680089 2.55037266825972 3.06165166697219 3.1029320163617324 2.1642850643748317 2.519758470384994 1.8642980021959676 2.4333378534752916 2.754166752722218 2.582301327426802 2.2318081924608504 2.0450136719850165 2.4763610141080283 4.033266174118242 4.245744934708685 2.1285835407497133 2.2747873915296712 2.8306565713259104 2.1285835407497133 2.116851730215563 2.5599518620095925 2.738347023478883 1.694655826965285 2.4012907408813233 2.5541513302905123 3.2211936567817743 1.8690198901159696 3.342415479158526 2.3037198572737987 3.159994000033524 2.3995781914761216 3.014487880945309 2.4864228328598257 2.863847708942438 0.9564206346828733 2.130036336835209 1.3712489506423946 2.6421564628789187 0.4814516795614532 2.2650016229576417 0.8482339828987939 1.2347574937767485 1.758879930754536 1.4439283569761312 1.8676626652917068 1.2175738017008824 2.559045417127096 1.6682339530265546 1.1896585318162247 1.826386015373983 0.8379170316407687 2.3518655910745028 1.5542637901418392 1.9055766133150671 1.724833722610808 2.0066706686435545 2.346180204985305 2.4497642090702305 2.6619669631612557 1.7672722172724324 0.8679561871931213 0.7540188113048991 0.7330237958582719 1.1339925443826362 1.8261244125122822 1.5962763159256026 2.5998834520471026 2.640159902511053 1.7619387016211647 1.4964214505619475 0.8369893077928564 1.0063195337232007 1.9655476204343918 1.0893748443090459 0.5902480479296098 1.0904854289106016 1.5566936769787332 1.4118160783315785 1.8226376043134833 0.0
2.773007943911084 2.3855878487152764 2.6532981040516472 2.5737586749935764 2.946802424295632 3.1563290880374164 2.806850592579944 2.6481942309507804 2.659315877071856 2.486953511501314 2.9724226691308213 2.7051481387407086 2.5175733841266412 2.9290834636945062 3.5531517139508666 4.1692372350667615 3.2611385490885403 2.7067665355981405 3.005694953567148 3.1442188989828503 2.4702825228519285 2.922378393789231 3.2389726542168606 2.219104916145898 2.619517815097861 2.2659432758434486 2.48125127470245 2.7123215768981725 2.6138017438881724 2.5545706509750983 2.4232310003775646 2.3946316831401044 3.76562431365472 3.8847416916022888 2.486953511501314 2.544709788420825 2.7198555333810326 2.486953511501314 2.722215437253783 2.611909492704323 2.774040468514587 2.793728971299217 2.8377852057697526 2.509900131217262 2.989451922666634 2.3617005532563615 3.175560004263987 2.6777698897381526 2.9896601970387446 2.568131338002453 1.8827608834532117 1.3304779083670888 1.71619205082779 1.213992127697306 1.0783052978316685 0.3533731630371472 1.4873922963933943 1.4940013267157615 1.181836358509218 0.7238383021686654 2.119326140247602 0.6468566114556323 1.5138599941383883 0.7037653568640304 0.4713862026686541 1.4386149760798905 0.6502954264434078 0.5449114803552749 1.5775799321183686 0.8073514126639181 1.2566612271157385 0.5579188231701543 1.166060311440515 0.6646339934505681 0.9268313836448835 1.234068468243424 1.423147954341626 1.5145892224037032 0.6161942611387177 0.7478652043368537 1.0425263207076754 1.0935825513550457 0.4142248421063483 0.8589252430014498 0.7350764343087112 1.5297966224977695 1.4861960162689536 1.4033743060651211 0.5495491257633486 0.7855059323522211 0.6264484947449892 0.7876273758228244 0.5679111653799104 1.579158371493458 0.38025774561701503 0.5548346050268671 0.3604362638163446 0.7117982479893457 1.242585217382602 0.0
4.292362780102242 4.410845819614957 4.495421696225888 4.500994383648754 4.365679353555734 4.102250131897005 4.4288536345393394 4.2821151438839165 4.717294233659085 4.43913937553173 4.224657931798481 4.344062916903063 4.549036210360497 4.917786753281371 4.437885606939985 4.613939495656809 4.241767453446566 4.2007793149545325 4.040052253594073 4.298461745351738 4.058989036392585 4.153502893515232 4.6970946914916425 3.8880593482276695 4.248092161431183 4.29849842687281 4.065417270739848 4.218107723441747 4.233917597704376 4.396136242619839 4.362513567065214 3.9399787022528807 4.670939345530179 4.623093184732044 4.43913937553173 4.386195927958975 4.1893413421165695 4.43913937553173 4.70943398212544 4.239041021833092 4.279523693664293 5.072526306590606 4.663731314497291 3.9122178153048117 4.076900369773594 4.370754785316285 4.355089519341972 4.515813979697293 4.2575446027536765 4.3101311148984385 1.872272896565504 1.6182664023478377 1.7195872564595738 3.189257180604338 1.9632089908009047 2.275593595895313 1.4286538435004636 3.681837413727384 2.0509066425522793 2.7048493649865657 4.187526918423147 1.8940767461457146 3.447964751228986 1.9099584828050975 2.4540361284733536 1.8608830898144255 1.93697809561178 2.728686406411259 3.007401872313801 3.0091264555855872 1.3021283868146136 2.296608863949715 2.3751380522171663 2.2270056589691536 2.095113291645643 1.9046918295414268 2.0874241060733953 1.4969672530957054 1.881342434451847 3.0260604742446473 3.2131636938107486 3.3122812244445625 2.5954687870188318 1.9535414795317008 2.054676868359358 1.551715720266448 1.6788583245617992 2.9607569284333586 2.2253572098783576 2.871177006429194 2.7215660878479806 1.833144894428977 2.70184964497025 3.765225282494666 2.505662682038806 2.25251738377338 2.239762787431235 2.095113291645643 3.4545435515491025 2.3702553746687394 0.0
3.6984384566908393 3.3471116852393883 3.5902239741686075 3.5024093681835384 3.84824329518936 3.960140163229863 3.7012949587392012 3.5860007140385175 3.5530001473837873 3.4564298370985806 3.858185549091075 3.627443636265575 3.4766489615425984 3.830049767341288 4.367269121318793 4.86616560138082 4.076029698125604 3.620502359759087 3.8427511076014054 3.9905105652454624 3.420813152559041 3.7767500839224803 4.122187001063649 3.143695859470771 3.536717682817611 3.2385049855766455 3.3946367632421683 3.640264389571665 3.56151309798084 3.4902043019202624 3.375097831072562 3.3239182762550303 4.574358168145036 4.659646059583564 3.4564298370985806 3.5073992518463726 3.651535160255236 3.4564298370985806 3.6240964157198188 3.5551619272076787 3.6838553515581136 3.54148158954357 3.7404320802259914 3.3702820052740114 3.8090374793621975 3.3032859937169534 4.032987845709497 3.6034508568830343 3.8752716816587 3.5212705813007448 2.0077768319205718 1.5344892279132152 1.7370069157074648 1.4480658187262534 1.1067122081308505 0.9494030777259554 1.6113688298283686 2.052660824157651 1.396918586666247 1.2331993576613427 2.426072853007764 1.0628070842420843 1.8119723300118087 0.9615875921242428 1.3104289473837607 1.6525767945156782 1.0139462430227808 1.3483048366468584 1.4356267391020223 1.3925794865341372 1.2223796832760345 1.1374025810084747 0.9824389886802822 1.085749558972392 1.290894992596756 1.451409879322491 1.4413199331912847 1.355718539807978 0.871980689224527 1.5461608619077178 1.5366409011442106 1.6560262057955686 1.1862059510181742 0.5556541207674908 1.0973909137924394 1.7461340961381666 1.5712197209760002 1.4487836497265596 1.2572776746712255 1.20595465424719 1.133827358280405 1.105210718957507 1.1773939866622354 2.0829449553124224 1.018518877226071 1.3038284316672035 1.0988744577384315 1.1716555916114553 1.8868925156871834 1.0527694593632007 1.8151376610964225 0.0
4.48432871823184 4.472558505363625 4.675783188681643 4.673290053813479 4.61521098911974 4.403369518886909 4.721345115609144 4.46558235741166 4.86357192390485 4.521465184022553 4.413261438660309 4.577344057248725 4.619369490865244 5.097509252291962 4.6183107837946675 4.973772254944409 4.530775699370954 4.4124430653400335 4.209387689777452 4.611962676089703 4.141692496441511 4.456681475825468 5.021700002143555 4.07351310041686 4.488528183510949 4.336281339261668 4.291335800970133 4.387347667446185 4.365168221549489 4.582526411716169 4.488749116886756 4.057743750916471 5.006344373405745 4.936312245624797 4.521465184022553 4.492400267873085 4.276600694518495 4.521465184022553 4.888256537982761 4.397667339042877 4.512855972133031 5.010109121993965 4.910116221661035 4.21796631909376 4.4247817771659115 4.474919408532658 4.6506362309569145 4.7210255201295945 4.47109990661591 4.45582702792087 1.2790447764431103 1.5113308251269582 1.073484277039694 2.958107298618741 1.4163153788551732 2.2195287338425755 1.5536386083524343 3.6613619749996045 1.4723427067566959 2.831415995896968 3.9847106390248896 1.940469897608561 2.925207467456991 1.7113728913617232 2.5036490561137166 1.3990956748035794 2.157290530177337 2.489338784037023 2.442698034916409 2.7854104379275357 1.7232675155140096 2.0125682589073026 1.8216486042176605 1.9085501589338403 1.6737638230212868 1.426904429326934 1.2957752398061777 0.9315888042939047 1.783411862068988 2.7897917526394163 2.98918805702617 3.072016060424525 2.398158405513908 1.729725548558281 2.365064103269756 1.9477246452063242 1.2127784182422328 2.343445565770215 2.356226021505063 2.73226331374114 2.61484223407062 1.7193290983027973 2.449465337685515 3.6702010517014263 2.4332174717250346 2.3036277376412913 2.2508666496541023 1.808673056620797 3.4283911545453143 2.310892135409519 1.3480102809494772 1.831667869621367 0.0
3.7789924353827153 3.6290595399099255 3.8411217341713972 3.7983826908213074 3.9171342160960996 3.8678119575113 3.9095733059388746 3.7135436855245167 3.9419536436308444 3.692252298238775 3.8192626531900893 3.7882250317467845 3.7638080127880422 4.192795948498039 4.200165259747641 4.637898750709568 4.002577376872405 3.707417487883259 3.712568485802476 3.9857466795585936 3.461362149359315 3.8045502797918456 4.271300050851118 3.304578449083556 3.688314286516034 3.499048493271793 3.5343129207882042 3.69793293929909 3.6543241723536624 3.7348390611197373 3.636778095161003 3.3854560615529112 4.475291006161238 4.497560093274503 3.692252298238775 3.709210832771278 3.658020886369876 3.692252298238775 3.9833919045799178 3.6637911217211574 3.793000257688533 4.081973437339094 4.0368043950194155 3.4902093205228004 3.791568342196447 3.6138624322187063 4.0199608977356815 3.8683130063861806 3.8556087220803077 3.6846816011614756 1.3543552835397132 1.0667292238440302 1.0729424158472682 2.054688839023175 0.8280517273800754 1.2247255600067344 1.1323810618524461 2.669761532177961 0.9910059861655274 1.8155527810167797 3.073321702984414 1.0827213367297575 2.1873479767042903 0.8316717299220612 1.5935719201805323 1.133918273799108 1.1892232400034952 1.5841473123438279 1.8110230611119043 1.857991002460474 1.0090829402324548 1.2110699509189047 1.1248261702078521 1.0444750047453328 1.0429599771882185 1.0111167514411394 0.9992831766196275 0.7187565873181477 0.8794535059788696 1.9071545664559528 2.0657834199755163 2.1555476038975843 1.4941539633178766 0.7686130971945642 1.3726124016107357 1.4232694989873158 0.9803321051834256 1.7087846896910073 1.4237695903045386 1.7750491767182897 1.6136695714012068 0.8981456764562933 1.547100628233882 2.7055946975362457 1.4470605732574107 1.3901860952409109 1.2995897378889993 1.0429599771882185 2.4694802473748543 1.3550861077857412 1.3679373405708193 0.8917076130541558 1.1373771286480927 0.0
4.183355993748704 4.1282784830128065 4.306161282687297 4.28444529563114 4.302935737079025 4.154482834396793 4.332077280543172 4.142822309820549 4.45110506938789 4.1861185793054085 4.171707895050112 4.222290523763471 4.270347596191658 4.688453183828679 4.465465464805107 4.808750317299899 4.286271488499543 4.101993032472181 4.018969894112078 4.316637600703567 3.884948108263232 4.146154838333681 4.658536829607604 3.728332562313755 4.128189209877116 4.0039173530094185 3.946446592291107 4.101552160199168 4.077025478658935 4.207021170469037 4.126078923504035 3.784496534068459 4.761508672323486 4.739531753171034 4.1861185793054085 4.169389501709525 4.047076566706745 4.1861185793054085 4.4773417386085095 4.091113388643639 4.1880681475216175 4.625401607177971 4.501197437724043 3.8575869466215047 4.114991325426215 4.105247525380493 4.362638594145096 4.335717484951982 4.211985847158555 4.131522477984398 1.4741835180960594 1.3102664795381274 1.2213986709777662 2.5757059524792334 1.2732925379968882 1.7874190651939008 1.2839996204519464 3.2079267146982824 1.4242324537776732 2.308939519182413 3.5989242613251844 1.5158493950703538 2.7249424052458227 1.371291425175448 2.07423024934245 1.3952736149551501 1.6361971594345133 2.172415180084984 2.2465732586182017 2.4251240495999014 1.1987996260610165 1.7295584303115699 1.6126905636413356 1.6319764937097516 1.513396330740638 1.3598515249226872 1.3676266762850253 0.8900961195453584 1.3814904699106345 2.467900691403757 2.6220818709539695 2.721296316157952 2.0473564590334834 1.3130661589621697 1.8067670734368464 1.5770285534948951 1.20207454475161 2.1933781755590323 1.9021857633858075 2.3128175844867673 2.18671036550063 1.3788647979995177 2.1087561711853544 3.2452700794766476 1.9983804180631934 1.894842447763511 1.8208672491562183 1.551715720266448 2.9895610610760674 1.8928581324129474 0.908260799454152 1.2771565801173397 0.815378636115039 0.7194129652500378 0.0
5.060460835582681 5.079022785513454 5.290987268179911 5.294101478788361 5.190958371792001 4.930766431514079 5.340809129465885 5.053912367498018 5.493733463888865 5.117721012924575 4.948758919201382 5.176972492340252 5.222842510863166 5.726605309162278 5.088288754109521 5.413991057771381 5.062786839730164 4.996870382566943 4.711824447100955 5.169524893536073 4.698554162438023 5.031480664397958 5.624206702502961 4.685803351228796 5.085276302621265 4.93545016839289 4.8960081156130055 4.955379998144606 4.940337730302897 5.195703071805797 5.098807135239482 4.634503496871141 5.510939607371642 5.411004739278899 5.117721012924575 5.090980292880482 4.821449897967639 5.117721012924575 5.519701025458782 4.9792836758040915 5.104607456491177 5.614839651791328 5.539069302648087 4.831829092638708 4.985117251432844 5.095528737334832 5.199705120088166 5.340526604972092 5.015066222656333 5.049779286893239 1.6886468215980142 2.114506186494138 1.5569886759868186 3.533429308010066 2.000219077447148 2.8532506108025872 2.158027147943098 4.282300547444788 2.0039719616958185 3.4981940951414394 4.535756274650036 2.6119604443499176 3.399629387276898 2.3378876097325354 3.16816249847044 1.9363126266758561 2.831157043959911 3.0734036450449795 2.9064449583786245 3.375157860021203 2.3989442204797573 2.627595043314938 2.3390485354132506 2.4858569974195035 2.2536736048335158 1.9936676402253182 1.772841549754436 1.5453362368364312 2.440253989367788 3.383842258648366 3.572186019366339 3.6479888031979164 3.015080422431093 2.3440564497929737 3.0411690260659916 2.5627939746302526 1.7682911594350872 2.805501936162642 3.0156983444368914 3.3466381190948544 3.2235130105820327 2.353356277061877 3.048631617668878 4.272714090400234 3.0688614808862082 2.942320130358177 2.901197626913015 2.4171244618702334 4.065535028365716 2.955679511286855 1.8632995074937488 2.4801795111727416 0.8007977242787588 1.769030167663503 1.4548217873273004 0.0
3.538343474274437 2.9060450805581337 3.1611207218889086 2.9948284316427807 3.6878616515762865 4.053196126355603 3.327854320637817 3.3557672840334054 2.886210896744244 3.0614868702547913 3.871306712931361 3.3272188499507416 2.999269754503777 3.1843445205950265 4.556061128301278 5.119707343737252 4.14782941167431 3.4667860372994976 4.002737083232303 3.9390500313494994 3.3523758098988408 3.702800698504111 3.8172602442590673 2.9359338758365685 3.2460473514084245 2.8410798419334835 3.1784300105724346 3.5207991422939693 3.4023350059795 3.0660912578150845 2.942916125755499 3.2627543255809623 4.61359402548734 4.807299993948989 3.0614868702547913 3.187292000858169 3.632273537980565 3.0614868702547913 3.0026426615923754 3.3623234560453112 3.4897398315939516 2.6940610584261315 3.2095169305894453 3.207823224038285 3.7848468479764 2.8210832227246048 3.97826538504897 3.14044087035762 3.854203003233843 3.2477878042859145 3.0596385247575055 2.4679526634389597 2.831201795520309 1.0929741175707401 2.0993479949862364 1.3388699171181722 2.535608764906376 1.2085660472240802 2.339660141008451 0.8442526835016418 1.6180748910628122 1.7319212296118611 1.8112645456461822 1.7982978194214907 1.486307357162467 2.6339738185708184 1.4905312733210925 1.548086917853653 1.7682546478772885 1.2460089114690889 2.057384673455323 1.745837217052841 1.7586763398327463 1.770764239238015 2.1316859335539795 2.4155619580029066 2.4619364180512546 2.5041645601435167 1.672374506474612 1.5026558177828675 1.2071711812095087 1.315475096339705 1.4305257308892858 1.489572615065523 1.3672321708034123 2.495106743616986 2.619368911123163 1.8617324929137409 1.5750696846615615 0.9901530652338117 1.0544703421673922 1.9251233500512803 1.3602172909974641 1.2790447764431103 1.1548656094102414 1.6834487288116906 1.4820618595318835 1.9292258449835082 1.225983155289536 1.3580544862438746 2.8730211679300375 1.3056573985037503 3.0774593966745445 2.0636639949038273 2.4882917124418893 3.7229047546372867 0.0
4.618703061358429 4.5616853683312195 4.798505440377918 4.785628336485721 4.763318975860185 4.58201795753031 4.878991992165666 4.592428767778029 4.9644802413500795 4.607206894987756 4.551069134900156 4.710906321613751 4.700934382558469 5.2073075776938245 4.767403359035124 5.172491537813344 4.715573405914115 4.560326586088386 4.35168758260121 4.784614803709028 4.244519661101852 4.6347562026198785 5.190846868648551 4.223275638681578 4.61625779260622 4.4156611877521925 4.443657411277781 4.515244975995814 4.484650069115005 4.699430321740097 4.590004835870043 4.193658999166909 5.171166092819869 5.109319789239007 4.607206894987756 4.603700254464024 4.393573788759548 4.607206894987756 5.0019744621255695 4.519925619947966 4.666625126337759 5.051852288108641 5.04461367975107 4.408660166968842 4.604483147493833 4.581761123301235 4.808448391063419 4.845992668224268 4.613546871001419 4.574073206761869 1.346443861333171 1.7230456308931799 1.154524789610683 2.9869346031793245 1.475716673259004 2.3208530979727957 1.8210851443056806 3.7291232869056117 1.476661723136486 2.9870445401525334 3.9799325687248914 2.1464485861813984 2.831317358911047 1.820167083823433 2.6696363368341625 1.5103371832754684 2.365225438760017 2.5066678519373333 2.387057948632647 2.811370043803095 2.0448894649839127 2.0987911247049826 1.7912996160965982 1.9267221860508352 1.7347288996494667 1.5203084874889048 1.2325558412486348 1.1136998208520654 1.9439510550792356 2.8242457587853376 3.0096573008956975 3.079323516508189 2.469190335100533 1.823360039094839 2.5790250831976556 2.2430343961055863 1.3492898294266422 2.256064072113041 2.5274981646125645 2.801933560638421 2.668871281998994 1.8636705499853201 2.4925194648536504 3.7155542602717775 2.5317660856519284 2.4402539893677875 2.389802426990698 1.8964573468425354 3.524998748580375 2.429763862765443 1.8212034187540826 2.028862814307964 0.659820825021585 1.3200003626131127 1.2109343740826246 0.6972344134077574 3.2394721701774896 0.0
4.4618780838021745 4.109824632099886 4.424861594884575 4.349264296546888 4.638679182239619 4.680800360200386 4.590340194090513 4.369681755416539 4.406639461752793 4.21530025280142 4.550362868762042 4.458288061863982 4.243146160828542 4.695066246962272 4.96130535404379 5.502311403814533 4.7981546102515855 4.4014221153505595 4.466805246383003 4.7734630974808745 4.097445217635711 4.576679748757642 4.993892313253007 3.956292344904386 4.36927240259084 3.9775121409905196 4.216888062091621 4.378571933382391 4.29369601670689 4.328441090062799 4.17931842413606 4.036732811759445 5.300536358815962 5.327706515695595 4.21530025280142 4.271300050851118 4.307181323768738 4.21530025280142 4.493127794104158 4.313887353687059 4.488297140190611 4.226959855732117 4.63393281659079 4.230923878469082 4.606953929691784 4.110722596336102 4.800721209939445 4.460218364833621 4.593713842171741 4.297109099876866 1.8757008672552073 1.8848012490528565 1.5806283039412434 1.9755141058637131 1.120861938938458 1.7387280219806378 2.053488153154747 2.834109775925194 1.3651667015834064 2.248544149365991 2.9142787017866385 1.8319834335178886 1.8573519206556484 1.4654679814997553 2.173692545214195 1.7124636259497619 1.977797990348003 1.881130669607541 1.2827661138339093 1.97111117123633 1.9953131346553494 1.6077232779363162 0.8642116102933018 1.455495762897277 1.4976861210682855 1.5356408004601487 1.0913291693292326 1.2873944202220229 1.5403505758665073 2.105481415899442 2.0982419355266537 2.189629737555254 1.8131452289742285 1.1205539724875546 2.148581910554348 2.401422658554218 1.6028123893695434 1.2686566751320214 2.139226999404045 1.920538115575653 1.8756961067318219 1.6443532728469783 1.7341298733944748 2.7710940745192576 1.8289575729613923 2.086001350028538 1.918160337816122 1.5741569688205046 2.689825456769284 1.8469488702300056 2.153514908827597 1.3018924780883216 1.35947552579633 1.104709266300956 1.3378176841164973 1.7338410426943982 2.3316134601185365 1.2577454009863216 0.0
4.78799770259454 5.107941275936722 5.170759943376007 5.230632038112889 4.847956862367508 4.385390795781119 5.075226204648789 4.839022648993892 5.525486482569155 5.100363734008363 4.5723553829732255 4.946977340076506 5.252951877570895 5.6943086094715625 4.5554362066681575 4.615770744843627 4.51903275961935 4.706069550802815 4.272434111811542 4.691161662405289 4.526036704754521 4.593810471345078 5.252540026699376 4.49896821470277 4.8609244943210115 4.9835115506808325 4.647663957370987 4.692785885070912 4.74168917485367 5.082770285883273 5.059355569728268 4.421083946567517 4.911188960363381 4.750522855405938 5.100363734008363 4.998031117094392 4.58263167380773 5.100363734008363 5.490181038644176 4.773345695199368 4.80474806583647 5.9731533330948965 5.39176605498142 4.478540712796124 4.486142142788988 5.099340190482471 4.742421498714633 5.213283072946818 4.631377214483254 4.897408674985514 1.932679882927943 2.1088350381660756 1.938928821439999 4.15957704784536 2.5878538246652734 3.184611359921905 1.9492310786273723 4.690016313605673 2.5423340040611326 3.73645161014462 5.194577881189842 2.720155286197743 4.24489293360482 2.6870182127603197 3.3146506793943913 2.196867565579304 2.88738795567588 3.534407547758064 3.822858162284158 3.909628058658123 2.1967894550326896 3.0353078350198777 3.155482193947363 2.9753930275475517 2.682291108010916 2.361513484355245 2.528713742008938 1.9714795656377149 2.718230933787227 3.850676232418971 4.140868461528144 4.219009957187027 3.4344869000573226 2.875659551087374 3.0553823981419903 2.156555531882592 2.040221618096021 3.7090125058645804 3.092443926990663 3.838203911715793 3.6807499475288843 2.572494722363194 3.5600632190107615 4.761749883334044 3.4419071414696347 3.0682392551337063 3.110961089460192 2.779069104919309 4.420834331279699 3.256900905390195 1.3379676924677553 2.8768659635169493 1.5322097394296321 2.2037767097345453 1.7168455288320952 1.6235145062840741 4.036791290064746 1.9011027552571698 2.7996656619930533 0.0
3.673761923868881 3.756286621329663 3.890550136748124 3.9057086458803583 3.7811540475336036 3.5599334952687696 3.8789538233787186 3.6631267025224195 4.134432441834295 3.78847419522317 3.607783158997566 3.7587936537021314 3.9030416309835467 4.340926501296238 3.8438197984087554 4.168451511773556 3.6884189672964456 3.5904800108994825 3.422070519571874 3.7551649730505994 3.382142247749105 3.597476009499791 4.159657161630941 3.266211736332561 3.6713150729381114 3.6316530602645747 3.466051688105707 3.5866504348392714 3.5822319000250826 3.7984468208727793 3.737363741234682 3.273563150319205 4.166415667405429 4.118239337209372 3.78847419522317 3.732545013116203 3.51135531149437 3.78847419522317 4.131382707580702 3.604542870701518 3.6823691779126215 4.47040713256542 4.105378636302531 3.353228661340745 3.556864579792846 3.7402144003117277 3.8048193979244815 3.929004123110179 3.6542820549852193 3.673406586140603 1.06560047568877 0.8109761472575777 0.9099317396509524 2.6717425894658784 1.2100360258071947 1.6894458145270372 0.7314602926754789 3.1711554162369042 1.2324288681189428 2.236573349778819 3.6966187055584556 1.2374353973205217 2.817095321350489 1.2187269951817121 1.8276090389466642 0.9937048707999666 1.4305257308892867 2.0504701711939575 2.475857177066997 2.4027572198774116 0.8492597116313945 1.557039829019341 1.7950119459049607 1.531048917039561 1.282573794481423 1.0507361270003752 1.31708742567139 0.7253788936160964 1.2214614073871872 2.3490704254310977 2.6336754455960576 2.7114524099897825 1.9298823749853091 1.4410917774480545 1.6228585828254734 1.0337625606324305 0.8310237279237783 2.3443427215316395 1.633463988463125 2.329097213871683 2.1806028164069375 1.1165402823171464 2.058905375580787 3.242128943285218 1.9316464795097 1.617545416272592 1.6201582352900834 1.3275725068384292 2.9020757562584607 1.7496240998555357 0.9602691443164099 1.4802545070028756 1.0405552708062282 0.8980088221674549 0.7467031344411837 1.6885860347317048 2.6019389209982604 1.4394895973554467 1.7395177879318933 1.564430135343749 0.0
3.991462015024198 3.716024529088278 3.9825474702812884 3.9227742374882246 4.15192464916638 4.167575807420023 4.102902087633887 3.908448300964142 4.013775141223021 3.8130898301697864 4.073995998488849 3.9892780260613527 3.8560276844246233 4.286122535663001 4.485417751587708 4.986268727490261 4.283892555936879 3.919357005488583 3.990510565245463 4.2619903493117155 3.6589534873905323 4.0625396444464394 4.492035860665351 3.4781232233523105 3.901994272600205 3.5904800108994825 3.7319151814342226 3.913531928877023 3.8420720597883378 3.8876339511339344 3.7612866421270077 3.572153464187978 4.794680383803653 4.822955946751658 3.8130898301697864 3.841512854535248 3.8594360369690732 3.8130898301697864 4.078429906297848 3.8574037246517974 4.001653023158009 3.983142940605233 4.18214631701656 3.7097753250214187 4.086246976485069 3.7004810305608236 4.300284094890744 4.014857313416425 4.1116612342322165 3.850824371497562 1.5843684758266083 1.384435452054203 1.2831830941936264 1.8191183625310845 0.773111618625491 1.3025472628114891 1.5194814917194368 2.563851847571653 1.0714902552367407 1.8095723230183813 2.8361417145676104 1.2693568835403535 1.901221069889531 0.9946481102033851 1.674837462676498 1.3331953058170944 1.4140473774016178 1.5775768124235336 1.405485016716978 1.7286785783009808 1.3777921071763684 1.2037037132176747 0.8072367670597446 1.1151350907457849 1.1199481588697555 1.1528964105287798 0.9465113020552189 0.8982001012555385 1.0134465888442699 1.8207759088820166 1.8972168897954913 1.9983804180631937 1.4504402404523817 0.7055963215754886 1.5899904047946238 1.8209085500803872 1.2150417991915352 1.3601812603961316 1.6136695714012075 1.6329799844563002 1.564008359081392 1.1397805632064486 1.4387543569213792 2.553898919337312 1.4309535997175298 1.5918656496602548 1.4288431478697854 1.145866698122933 2.3678530432937035 1.398329730454575 1.6848995209139384 0.8107146867164103 1.2258323756272425 0.625334683723253 0.9213037476509065 1.8241450694441304 1.9772311654440704 1.3637606634973762 0.7484891595294815 2.4943869187275687 1.2244871999846814 0.0
4.167390662925787 4.133465934811673 4.329279383182628 4.322383704952659 4.297676516608333 4.121830024880998 4.371337438374332 4.139703663846357 4.505068625948786 4.189424557979017 4.126130975559444 4.242344762564005 4.281617174213215 4.739220729907289 4.376257015546838 4.748764102001819 4.24549990070337 4.089938225590893 3.9475351940038994 4.307436624751229 3.8410202250480374 4.140751179142456 4.683106185608985 3.732165438792156 4.155707487198872 4.003114556590554 3.9543840552791787 4.076851729290182 4.04978078464438 4.2375545852688665 4.146598497609294 3.743442887183767 4.736600516478271 4.688014413209066 4.189424557979017 4.159299436378464 3.9841867910760835 4.189424557979017 4.528851264981244 4.077166733834689 4.184477306212849 4.669552990431229 4.552437051669121 3.8746393598588744 4.118978391716746 4.125357541625115 4.351792454795432 4.370992251327111 4.177406463283022 4.126044773153252 1.1921844804452428 1.2203238602114388 0.9494030777259559 2.6520389640147215 1.1510770158823993 1.874766076716123 1.2579792533510634 3.3134357127354095 1.2549549821478805 2.451466704058857 3.6866018006866086 1.5660249999751827 2.6981846098835485 1.386122727557701 2.1297374778058513 1.1836123743254132 1.7760215529881538 2.184000658297651 2.2350980552702175 2.4705552887705284 1.346060847427558 1.6917098968424116 1.5933806344968717 1.6232999574110152 1.3981471537124253 1.1795914033545194 1.1463296208988916 0.6830411727100955 1.4259269485925297 2.4723837489217124 2.677016582715843 2.764522662785095 2.066996782539239 1.414170521619847 1.9793176864077742 1.6267578450704112 0.9959468038609939 2.1407585097955013 1.9871267005948643 2.3975351284447384 2.285561298866523 1.3866369115645885 2.132384127669055 3.33642778841904 2.0840557552112102 1.9538505052123183 1.8913571100173494 1.4994827508148085 3.070133784380009 1.9558077201668158 1.1498505364715879 1.478768116221197 0.5474104277304827 0.8337701158977245 0.542501023227083 1.2027836265887906 2.7119139080170687 0.9481013808903986 1.2860087787970238 1.6344326671071365 0.728788479136032 0.9563952135653506 0.0
3.972934526564995 3.48987752093953 3.7721321944851667 3.6572567162743317 4.135161933569748 4.322450781969025 3.925527985503756 3.8377177641619666 3.638528915322246 3.630182189069544 4.185008178890507 3.8697241059062817 3.6150219166035416 3.935016886624518 4.737336410297918 5.275086732881727 4.425948382414639 3.8960529754832893 4.204292758200971 4.3179163291951355 3.7014898617697254 4.090881132253019 4.374893203344307 3.387609501077093 3.7873726433035984 3.3920939194123503 3.6509672855056317 3.923406336675078 3.8216895815986494 3.6797012686983592 3.544733375530012 3.60075295997125 4.9382235029786745 5.043296705655073 3.630182189069544 3.7044223733553463 3.943406720979355 3.630182189069544 3.7358907054767196 3.812770141327993 3.9504621222989016 3.4438879337546755 3.904102372862819 3.648267112240504 4.149734058516326 3.438583028608216 4.361909618333086 3.781697409480591 4.197268758034847 3.7479816271355495 2.4188521460168886 1.9876242444910956 2.138149395490193 1.2400473111383497 1.414170521619847 1.2264580148317705 2.087029713576406 1.9366692045093035 1.7433132513958862 1.2997049947376718 2.146774664288345 1.4597788903896918 1.6614465063587511 1.3555407985953922 1.5641855256008892 2.056454828939681 1.4002838380222327 1.5211095134787969 1.2068128183542637 1.3785918393227272 1.6908813995018979 1.4077051641431075 1.028766431333522 1.3952216678482716 1.6358608056854025 1.8333124132970957 1.7286019021817938 1.748391683861799 1.26345639386641 1.6137237979716244 1.4396121147299088 1.575355021320762 1.3493914840244428 0.8488691279360823 1.4416130027330738 2.2184076226573826 1.9878530577814968 1.341854274420387 1.598976515016484 1.150446871773671 1.1955731404473293 1.5303766873339197 1.2618666753060366 1.9212248208090266 1.17356673305396 1.6572110093463814 1.416031500838159 1.5243624594266636 1.82114741890542 1.2981860137884367 2.1970098112346044 0.6042961197506694 2.147390682363563 1.2987050674719143 1.6340718937762753 2.7567477958784754 1.1365820397767008 2.3122892719121055 1.3638354552637604 3.2744144986115273 1.9189743976641003 1.0467868944556176 1.8245753249351802 0.0
4.03061281863758 3.7823303176773146 3.972201512280353 3.906743236552783 4.155631657192671 4.180433146597676 4.025073948825131 3.941305426056756 3.979167087520697 3.887869592881631 4.151963279939194 3.97904946873789 3.919541480684609 4.236153755156099 4.59401337951267 4.993736628827076 4.290376356538923 3.937331405203253 4.103656094109141 4.242338015184896 3.79162893293906 4.033775118451993 4.410524195946573 3.485089870635433 3.896518870522051 3.6865675824755613 3.7218736219571764 3.9773002780553823 3.919038515690902 3.8820359012520735 3.793027379722142 3.6574878278249376 4.798169313134473 4.850776373388265 3.887869592881631 3.897502556935632 3.987618550264818 3.887869592881631 4.029508757775338 3.913267645976529 3.995664088556752 4.027625737451346 4.108467940272995 3.637964787773662 4.050823664944703 3.7204452605010014 4.3024527476597525 3.9841604821390377 4.167845241058511 3.8962711034600206 2.2012785954482204 1.7309723914915638 1.9405916415577233 2.0119785442932225 1.5148593331809523 1.5221878755953209 1.7199336185637544 2.5643788911142105 1.8055405278873393 1.6943180417019965 2.945646072500405 1.4090267765117572 2.4207551904264566 1.4354073773463112 1.739488167884846 1.911168327044221 1.3725467359445231 1.9645011013115916 1.9425702069647715 2.005481034932841 1.2717177612343447 1.6460177264837155 1.535075648888402 1.6635483906035842 1.7248202636742898 1.770660784810019 1.822152972714217 1.5323405237990433 1.3127233316796978 2.130503865278863 2.1333158413073114 2.2594347595012008 1.7614540487465955 1.1458541075163673 1.435292435807476 1.8175675403340055 1.7937207992472073 2.01249524497524 1.6680070583642443 1.786421099949778 1.7573545318300963 1.500046569399655 1.7857735220310125 2.6092866821347678 1.6000515905506134 1.7533740026609173 1.586228272960736 1.6374895069662145 2.375508349999201 1.5887143415925236 1.4493874944746812 0.7755384237477319 1.7814870845651176 1.1133195565348932 1.1300294507440558 2.4433541404205212 1.6584056459998835 2.1355613517447685 1.6023859243211385 2.6002063685061363 1.4030340490312054 1.06908099864906 1.4161370659019674 0.9445568216846314 0.0
3.9514563521535817 4.021000273560663 4.1411764761713465 4.148769612158697 4.047868977033492 3.8252412781129017 4.112570487451577 3.9362011800240104 4.359526247909067 4.062273595436436 3.89983782173809 4.016472429574101 4.167353541158226 4.568230776205721 4.138096673382181 4.410135137877091 3.951647524260935 3.8607404066189908 3.7231319818140496 4.012742069993678 3.688584041498886 3.852136775002063 4.396038118167117 3.52642633321008 3.929792731394077 3.905272283446817 3.7240220542043927 3.8727213227824397 3.8703009341547485 4.04998222116595 3.9964244995637244 3.5639065238150747 4.42680917443668 4.381190373730363 4.062273595436436 4.005730802901088 3.8180472507617558 4.062273595436436 4.358118332465726 3.885521213848983 3.9442596350364374 4.672800520967076 4.33347505712058 3.5904800108994825 3.807449330029042 3.9893462649867764 4.07041295376857 4.1722580817639265 3.9391686616903994 3.9474084246694785 1.4627057474952103 1.1864505985085076 1.2934588040367045 2.8099852833595853 1.493518787135484 1.8989703615544045 1.0611658908906811 3.3225791267740115 1.5881048789524563 2.36245703503616 3.8277655196425666 1.4741835180960592 3.0251915574733097 1.4916532666309368 2.044276465126464 1.3936167632222967 1.6004624746526201 2.3126876979646394 2.611728328368633 2.6039913454099057 0.9871530722724846 1.832583338191849 1.9725485948191932 1.8141847942210005 1.6211938866283253 1.4245706073798736 1.6331140720589326 1.0450604286828649 1.457565593170319 2.590458264922402 2.815554394704057 2.9085597901154103 2.164945821680697 1.5899544489220814 1.7578451679752023 1.2639160056541279 1.2258888197134095 2.5371083415834814 1.8553818750953655 2.4864638867267805 2.3589847370605592 1.4139770204157232 2.27787202054208 3.394711883251526 2.1195661323648243 1.8737208431621355 1.8481283723539708 1.639205975267432 3.0658064737566595 1.9659056684585676 0.6415646709384947 1.5074826299452952 1.1112733020172842 1.036158063387993 0.6654192658094247 1.7492194182028167 2.6214876640758735 1.5944977933379207 1.8397579673604059 1.4792785280610363 0.5467785025898431 1.3156859597272557 0.8043352181591839 1.9088409806491313 1.2374573776312068 0.0
3.766538375040264 3.7052701917031987 3.8999957311504443 3.881007304967965 3.898922917633734 3.7789999471117057 3.948609712238193 3.7240734284793273 4.061856755099607 3.7538052473722066 3.756180636175839 3.8148244686699373 3.8449878306376855 4.297842404414315 4.0728271849051625 4.484014729416287 3.9135185259727745 3.694722172699022 3.610394833530841 3.934131101086041 3.4405482867326946 3.764692341072261 4.279100414113177 3.3256364517107744 3.718239013494074 3.5716246484520187 3.546286992762655 3.678107710874351 3.6480790443535978 3.7979172698302324 3.708055520442524 3.362249618316064 4.386277454950262 4.376014762261919 3.7538052473722066 3.7458441341973936 3.611892917469099 3.7538052473722066 4.088218530700438 3.666463550711794 3.7874975450193302 4.2660945691495 4.1143310615275075 3.487011621647907 3.740731357206499 3.6983350767103462 3.9696050134521403 3.9350717997942657 3.8008645051649594 3.708884191547113 1.076665623065366 0.895693419395999 0.8092540803597786 2.312175618232269 0.8521411803262274 1.4155469258329996 0.954572738829704 2.907237449934294 0.9256060267475296 2.0400920381633996 3.3395053708091087 1.1511129803193683 2.3921460330674935 0.9308232870015495 1.713685229041034 0.935186361230312 1.3276330813480168 1.7423666365086563 2.032869858226656 2.072958531323297 0.9978171932336779 1.3050928318601096 1.328099509513691 1.171655591611456 1.029791308486105 0.8814653932377247 0.9358401542422949 0.5013113547636879 0.9969876491722278 2.071370103467509 2.296049107680959 2.375773226283396 1.6570697093816122 1.0316519884013233 1.5329304327997426 1.3079635497413458 0.7544906657939309 1.897475100203986 1.5328430657049097 2.0151972893545747 1.852815431363209 0.9315888042939054 1.7379489033505597 2.9483917094192056 1.6565698689435235 1.48419884195947 1.437448077129352 1.0853217779333095 2.6793255694054885 1.5212524757888841 1.2586704206216013 1.1773425252639607 0.9228375151409057 0.4809278741847161 0.6491915067509079 1.5617646878415896 2.356613326340681 1.1471331274620977 1.2418926125133063 1.930356020928414 0.6714560279034738 0.8016305798657044 0.6352047861567274 1.5950160910511357 1.3127751997335335 0.8886609755769959 0.0
5.149167966651427 5.571772835386575 5.620890119956056 5.700925865605712 5.198492251346122 4.649135670528016 5.513520889472237 5.227556819786683 6.035963990140122 5.532684157827663 4.856728297367454 5.351506653917893 5.708782493317949 6.1864643220242765 4.724399902351495 4.717452955663634 4.791626564299056 5.083287343521541 4.506276975975063 5.001834149178563 4.871482653908246 4.942908247162726 5.6438724995389284 4.944979419430942 5.261008658493168 5.437329335184677 5.067603730554905 5.042383075897602 5.11272899540668 5.529537741005909 5.514135057459183 4.803888941082423 5.11217350055462 4.906106881402547 5.532684157827663 5.425524611564158 4.903168383085855 5.532684157827663 5.989036936661564 5.15259378412681 5.192681831552265 6.546850842861804 5.862528304842814 4.912268986784214 4.804717607884991 5.586357150089519 5.035811099910503 5.669566101216896 4.927255568504509 5.305545746199508 2.267442603145531 2.6297240666259687 2.356394939896852 4.796456835718937 3.1363015089144852 3.779823312575594 2.4952944310406067 5.322347110587307 3.005733581952234 4.403543483826056 5.826413725143779 3.338619928569156 4.784559239072437 3.254232328239642 3.9260783972671427 2.6463794024571414 3.5225251651876466 4.06802282684242 4.417921946432594 4.49947731718695 2.8675684916503945 3.6007172616267673 3.7304497260620417 3.4970977203635543 3.1899379806805443 2.848657339030592 2.98530123959627 2.5211750046751487 3.3296962261097542 4.413424215644609 4.744123369323345 4.805731327793174 4.017151226160201 3.5023960248503347 3.7013739325054695 2.7169088163759456 2.5153326707671804 4.258044211190816 3.6854009375046632 4.472957362829224 4.283729718355308 3.1324599658152894 4.1462318628043 5.391916217443537 4.0582581099357204 3.625428371446214 3.704810093654055 3.3163047023679595 5.058379571778651 3.8610796762054838 2.155478882332506 3.588660396714846 2.072581773517512 2.8281730514984513 2.4328792843896525 1.8915638336202365 4.761611313187677 2.239715591261279 3.342445369197307 0.9843751282598457 2.2482472788742824 3.140952658444705 2.2836300594416956 4.005199934664309 3.415781573229025 2.275033895288839 2.529661539460551 0.0
5.637065768529093 5.466402142767794 5.745825648254257 5.710486557536212 5.794138192325476 5.64886192468422 5.860186521806526 5.5939126938436425 5.829633365233793 5.545652826551457 5.604259683515192 5.708782493317949 5.609070127660154 6.097754951468418 5.833873816446704 6.245085306784926 5.7711873150601 5.573851420969899 5.41766970703639 5.838563812492521 5.260226468818065 5.673016677069659 6.2010282879659515 5.196403938198106 5.620585529492793 5.326873425400951 5.437190551345165 5.538526156015795 5.487935999615862 5.653060212773542 5.522848141802303 5.193526481411059 6.255345628132097 6.190994773326738 5.545652826551457 5.556020048862857 5.414478253348779 5.545652826551457 5.892232015048446 5.523923571744003 5.674935143517998 5.716692098038339 5.982419641298995 5.40636805326534 5.6629925138431805 5.4781124287449074 5.869540988967608 5.792335589589386 5.665488882981126 5.5534784996340365 2.3888856955310307 2.733537443858294 2.184605249464112 3.4828677020170336 2.2890361976034836 3.1260900873060753 2.8298354391163 4.350992837978591 2.4066596075689133 3.6924887155356005 4.402776765029453 3.0284804553197047 3.291648711752281 2.701869543545015 3.507280429923421 2.514452499940967 3.224079695155234 3.302196070581819 2.6876482042664698 3.467277423327056 2.938913403646494 2.9180839473264304 2.3292364188155177 2.779166789310282 2.640470587054311 2.479689515523479 2.0794286877949553 2.0515884120222605 2.790743149230291 3.5533752265321095 3.607107151780847 3.6941946582243865 3.2326339479802066 2.5071292447710234 3.418577968916756 3.236367326532159 2.3606505658747907 2.6839467998920954 3.4190007767647863 3.4208169742881833 3.3634726737978005 2.796506254113906 3.1946183058764293 4.288517742993354 3.2723848140887997 3.3574920057054145 3.245756192894409 2.7918197433678467 4.180948934520505 3.2318803440587813 2.438909211669173 2.60647112529066 1.3760785525723453 2.110435774949223 1.869562284818095 1.041857418012312 3.763592459233237 1.1752269774715502 1.5687268189864827 2.4725809216558354 2.315369020248681 1.9377621681449242 1.6925432212978728 2.713839973373012 2.587480743136836 2.31355064355181 2.0378014287157407 2.803001924804068 0.0
4.178570577398584 3.524946566242523 3.9107201763325463 3.7692285174783913 4.380089205184266 4.6611579184803755 4.168696474026777 4.021333967557145 3.688368398431214 3.6841089132540517 4.423667597330401 4.073572600436983 3.637255165607687 4.010741722558492 5.010827290143892 5.6755178296917 4.757292450781896 4.126538927982899 4.467715838338301 4.632207696467243 3.8460001001274344 4.40452296853244 4.645176792874953 3.609449780482515 3.9954249604320244 3.4152912650099196 3.888227642256974 4.120833736469352 3.983990545348976 3.821642635276524 3.6360021724279594 3.794972238245254 5.265838709043817 5.385880918359772 3.6841089132540517 3.810935104960113 4.107838874289699 3.6841089132540517 3.826660702467458 3.9864991502444536 4.188476528891083 3.2222027271530322 4.070753750056292 3.9705908667325924 4.495118562635239 3.5115235673084433 4.654712753471465 3.93116728450244 4.445188016094816 3.894756927585952 2.638890986842026 2.4010291530287806 2.371548041970363 0.9526587339511401 1.56235182629618 1.5179857462703716 2.598501339390035 1.857901552092898 1.8351286868105448 1.6677324565835434 1.7136295216037782 1.9347162228102792 0.9219316618737337 1.6671376861590543 1.9121013918808791 2.2988893311520586 1.95888668174182 1.4784882311877379 0.48376433577651107 1.2161957171198368 2.373262438878966 1.5586390297377124 0.8436546616898722 1.4904743808072332 1.7834731885213144 2.0454158553947672 1.7297422732246945 2.0760610384457725 1.6730572621943618 1.4976861210682855 1.1907583831769537 1.286201582557128 1.4278352537449601 1.2056785520762252 2.0324542032878545 2.8112990431930394 2.2760265576666336 0.6824184109147614 2.021748071234189 1.1558275483603246 1.2610460047548577 1.8987348437108622 1.2201965609260335 1.7270904640662699 1.3943264553186732 2.004032525195014 1.7681941829822696 1.733377275794335 1.8263745697733451 1.5765051189675348 2.962942973166454 1.339025714549583 2.4906803696615736 1.7730532705270796 2.2279550793059033 2.9582783483575397 1.5887646853920703 2.433693808838407 1.2960071583482544 3.8529225256269006 2.504579958918114 1.4124586239889512 2.2771795775430776 1.0779486909565832 1.8723100008245082 2.6154877352929895 2.0362375937642523 4.455155703615386 2.7366323689488996 0.0
4.35319650492313 4.449538039395996 4.593342017935363 4.610511335778539 4.45739523612263 4.177406463283021 4.580789360268625 4.353267634671616 4.834200793477412 4.483987361926388 4.251908782206165 4.456127639242545 4.59821678798853 5.045511486198975 4.414088832414948 4.67748175900727 4.305490767030362 4.271022008231827 4.029828295705793 4.40596660921025 4.052641873506737 4.260211329793606 4.847579287701956 3.961614089243538 4.369288806252744 4.322330541616799 4.159294406907999 4.261642495192878 4.262478774157201 4.5026875618602755 4.438066193783686 3.9460642375453894 4.770772031838953 4.684429045812699 4.483987361926388 4.4250138568972 4.1656213065708485 4.483987361926388 4.835606815234766 4.2904216511257935 4.3664840284464415 5.106676615201197 4.813408765361331 4.040165394114974 4.207568725122732 4.437526981810869 4.455652004933054 4.63445063084471 4.305096924561078 4.366367175001447 1.3537383740417352 1.4259744060160737 1.2088061693146268 3.1579189924257602 1.638185019110572 2.2933691625909742 1.359002659135336 3.7653623939299683 1.681758712653441 2.8502557014371104 4.194240684127535 1.9001701685098846 3.2394654478850673 1.7998549119178566 2.4924212069599156 1.4674214623385986 2.0884803908370424 2.637923464997769 2.7821746713087414 2.9557163488803564 1.502225953189645 2.1339863148045946 2.1354212244489807 2.0750216152336303 1.8181713160744357 1.5451135909980593 1.6210874264486757 1.0714902552367414 1.8268830163476866 2.9364305487072917 3.171044142267071 3.257877241650876 2.5196915609503976 1.8936053571807197 2.276822984175628 1.6764509436229746 1.279199931492907 2.68985927428262 2.3121831194475573 2.873836761199621 2.7454991157209236 1.7434588944650695 2.6124100802054135 3.8099441132329357 2.5239730185903877 2.2895179577644775 2.2686209823426955 1.9126177355823701 3.5102089939038623 2.371016120659004 0.8922526236237247 1.9036604306546308 0.6861306794168213 1.2496446354772792 0.7651134509100319 1.1749234974393419 3.1145117564380937 1.1752269774715502 1.7982469561665346 1.1070483549156422 0.7890945371742971 1.4662231064755316 0.6532460108974572 2.2732750030867286 1.697857448994848 0.7311392628177352 1.004959263816798 1.8231208632261222 1.8570858097710923 2.815036742013503 0.0
3.558398985048605 3.2565216186028225 3.4564298370985815 3.3761380504926137 3.6914646824776582 3.7926153956273856 3.530188665602568 3.450284093570146 3.440791780136881 3.3599247149385953 3.7207898876566206 3.478345605324463 3.385957485429601 3.703304437338803 4.23161188993379 4.68994945939497 3.9068529783039496 3.472351274308939 3.7129236840884428 3.816413427033134 3.317800166005553 3.602388437129452 3.940014585868871 3.0026426615923754 3.3893535199553138 3.158209498782375 3.2422850314849847 3.508125224293021 3.4400513283684466 3.358203329567065 3.26391025898975 3.203007616341765 4.401383045162186 4.4923603498491484 3.3599247149385953 3.3944504042210144 3.541106741900091 3.3599247149385953 3.4970392276434312 3.426800569808057 3.5282169493817945 3.5229418612498318 3.5877362426660966 3.1892662219048855 3.628604751532015 3.196901293478618 3.866953963418219 3.4635625205719536 3.7306414531856333 3.396846411508111 2.112822714810349 1.5410092764554981 1.8680772142766626 1.5989765150164839 1.3209483009616554 1.0039180992063261 1.5627027906987154 2.055957301545723 1.5786850712259528 1.1526267075621786 2.532261517035124 1.01556047131802 2.0609496784527375 1.0724957839440303 1.2415613548100108 1.7481339795108894 0.8902335771451529 1.4636270265099116 1.7420017096375746 1.5165262684742613 1.0750465485165095 1.253156916210014 1.314501479328843 1.2572524988982274 1.432137275593486 1.5747765046431847 1.68348312612551 1.4979746059803885 0.9310103491941043 1.638795473928314 1.6605037716903022 1.7776573802453473 1.2791999314929072 0.8200057891336938 0.9226280036873217 1.607908773286535 1.6727008028705115 1.7550947458927142 1.1672948316955298 1.3038284316672037 1.2289920184033472 1.15197992380267 1.3174042675023887 2.1255646142764713 1.0739783996591723 1.2601707742460038 1.080791957669156 1.2805978669998426 1.873737203401039 1.0784570217877576 1.7312641372456357 0.5082104749846509 1.9934896926026804 1.0565626165699755 1.360241932645175 2.6747824708251158 1.2346726515804256 2.261697672120541 1.6447677312617088 2.8634068690209755 1.4746830157228412 1.0853485873383781 1.6055621896659602 0.784617945155176 0.6811810936145728 1.455840882404986 1.3056573985037512 3.6141372616396366 2.8729134667010627 1.6473483632072536 1.953526099066813 0.0
5.2289724860044045 5.149576857622676 5.404608063024287 5.389340558359773 5.378056418758145 5.183121907701584 5.497756727174582 5.204289208841302 5.552963526644255 5.2044105671770104 5.153438226652951 5.32878028558987 5.2909872681799115 5.803162028041928 5.338811681931789 5.732310689696634 5.3113063702649 5.170800063316222 4.941329294683981 5.397086980046549 4.846505866342545 5.247927102781932 5.809687250368286 4.831829092638709 5.237889648503857 5.003802512357089 5.0572882624845 5.123851051182154 5.088936396304828 5.3095357804139764 5.19135062972535 4.79300594180557 5.772268160404597 5.691637177510018 5.2044105671770104 5.201124867273996 4.986911138519981 5.2044105671770104 5.598397334247347 5.128986115148491 5.278381161086962 5.559429763150856 5.65549473515542 5.023462090894621 5.221556748059152 5.172041768890738 5.4222187230780445 5.455214235055784 5.219958164471899 5.180264943489025 1.8937701395473623 2.330162787630199 1.7308554005456604 3.4268655041408893 2.016633462811597 2.8946859083562813 2.425034321544328 4.2341838310850965 2.048785797700684 3.532921081716679 4.3891051781242085 2.742024742198287 3.217304426249183 2.412935451421667 3.252257748191609 2.092234852781386 2.96319088125769 3.059833918020844 2.706063159029041 3.31456140244019 2.63525723729571 2.6565592468310317 2.221224570113119 2.5005387683728486 2.3105828701375093 2.1019097809417167 1.7530847932328837 1.6931985112067993 2.5274981646125645 3.349797090565321 3.4895244748515757 3.5631429307253666 3.01488954934769 2.3442259288183767 3.173717953382038 2.8472508363376003 1.941690436051882 2.620753615090799 3.1330840388957 3.299492365064707 3.1986635764656204 2.4729499650096294 3.012033704263783 4.195562870502349 3.080690584133275 3.0510040697657277 2.981393417384828 2.4821292790933476 4.040819849344185 3.0000130832637275 2.2187049109137593 2.5128713527666093 1.0405552708062287 1.8727932414767474 1.665893827193317 0.6042961197506699 3.718710376574175 0.7246500161027969 1.5482074087198232 2.1114915578761866 1.978516771256851 1.8170367622027888 1.4149651275106787 2.721196939904778 2.5534784571186244 2.0598819660457997 1.7259565074946046 2.3536477567528693 0.7060272000101455 2.766433776424114 1.546319556643439 2.763713869306765 0.0
3.7466171891292803 3.443179204452234 3.7178935983426835 3.656854139946291 3.913372756484824 3.963445336876139 3.8505753648800845 3.6575737622737416 3.743022720904583 3.5464909655546744 3.8492563338247243 3.7394331026761147 3.5849212887995954 4.0161090631747705 4.286974172735693 4.8207299483464015 4.0728942526583936 3.6744116487761436 3.7839007693680182 4.0410856254399175 3.414529379477797 3.834659038415458 4.246582428781616 3.222426469503928 3.6568003859307643 3.319532208030839 3.4819647988294533 3.6710130039016633 3.5911352470715796 3.6267554635689874 3.495182107475519 3.3239662854607346 4.5951054411857974 4.63505432885397 3.5464909655546744 3.5751209375010955 3.618314721559576 3.5464909655546744 3.8088776613552713 3.607049279643551 3.754721770512667 3.7152819291713177 3.9197329444136497 3.468207241268728 3.8731478923895897 3.427157943363974 4.080386498104236 3.752017332490992 3.88532183058481 3.592332999453398 1.5627027906987156 1.286518240400459 1.278796977149843 1.6077626158685425 0.6256214580795154 1.0772248265165059 1.4505991783864054 2.3212210060922582 0.9497445652889763 1.5719006663029353 2.634299361545052 1.0608058411069914 1.7127335595132078 0.8104761915653642 1.4165712755950013 1.2423877624902075 1.2260061999310474 1.3321810475297395 1.2865182404004587 1.482697444226123 1.292780752616815 0.9491003504555756 0.6813326791679089 0.9175687969808481 0.9337406709083468 1.0324361755997964 0.8915398167175919 0.9120361285780926 0.8050393951825322 1.5545421676754847 1.6595966494862564 1.7572459865784813 1.1862275794148305 0.5555797782473169 1.4046010439838594 1.7237437950005967 1.1638829345648811 1.210036025807195 1.3909965743056618 1.3936759457354435 1.338185166917459 0.9699365236471892 1.1828959146613882 2.316569372731014 1.1850906526211535 1.3731864108408625 1.1948923370980384 0.9337406709083467 2.1064535583536657 1.1470097317777181 1.8115569501498927 0.716271780818606 1.4199552265316735 0.6988740971029236 1.0931281768804528 2.041817146349138 1.8101385930721599 1.559469590933014 0.9092909952997469 2.637225380130112 1.263039701255277 0.44664314123356863 1.1120841040569363 0.9648248933654185 1.082392055065535 1.3975037769916072 0.8791189160175339 3.2858634912314204 2.184616011349574 1.3211366831044629 1.6192876994560959 0.978709791773702 2.0405384848686916 0.0
4.037501629617559 4.191361170648234 4.305376643315409 4.329279383182629 4.129606593108235 3.8324804851026872 4.268176769676886 4.0435636202490155 4.577344057248725 4.207021170469036 3.923240802670413 4.139938159745922 4.334149299393257 4.775437741286163 4.08789588610089 4.330903373001416 3.9717039988143457 3.957507948301935 3.7001124216948296 4.063434253672204 3.7494373247285653 3.927415432427464 4.522100930778271 3.6697543272021096 4.046319204134129 4.063297628908143 3.851944801009459 3.9460642375453907 3.960510847691923 4.2085237823738835 4.159294406908 3.652954721696931 4.411165768267153 4.333614989518806 4.207021170469036 4.146613632199385 3.865023533394347 4.207021170469036 4.567119432834408 3.9832037617579017 4.053109463786887 4.942788941981285 4.51997801494636 3.7271801229231936 3.8563883772844654 4.179853988975776 4.108850252092671 4.342451287637074 3.9734396965462966 4.070838319486031 1.2043602456013645 1.169640937193627 1.0938907584490305 3.0990547949972793 1.5828494374612019 2.1149965190276934 1.0415682572020215 3.6252953235196634 1.5695303005742074 2.687048175697725 4.128386175128094 1.6928850690970754 3.212340372168821 1.6279122247883968 2.2934712460862348 1.3046519055186283 1.8549349575803398 2.4760266437315446 2.83348658719845 2.84151430441041 1.2268367354193555 2.000617953682042 2.141405324003086 1.9196741236797326 1.6802995890042502 1.4087352159865842 1.598976515016484 1.0056831410544413 1.6608841076823384 2.8005464027393803 3.0727566471442334 3.151338765452966 2.378906141564445 1.8138648265364596 2.036050842339245 1.328604333415445 1.1199481588697555 2.708660935888378 2.0704934187374873 2.7706383128454357 2.603656869305626 1.5307432050498293 2.4984254961377275 3.6940909094018015 2.373283803378922 2.042603912174745 2.0623323341687096 1.7488033491657786 3.371331863145028 2.1989510235566656 0.8101580448795817 1.848852583352329 0.9195386001402289 1.168865995224454 0.822773006477968 1.4313819229342486 3.0069727323736792 1.3315632022197839 1.923957696675776 1.137124831147513 0.6014620122420945 1.515421626333593 0.7907758498652512 2.277436138412329 1.7075306524938838 0.6498815861700008 0.908260799454152 1.806457452790399 2.177742660089427 2.8451940134944786 0.5451591320527399 1.858814068076702 1.806457452790399 1.6250901459649405 0.0
4.281789586534775 4.399769408826883 4.566613084576222 4.589255317076991 4.397711275295197 4.105770737529189 4.580429501621607 4.289875175245551 4.834204069266212 4.412875602204775 4.144690403931536 4.412022330125154 4.540750842610326 5.042882417502075 4.276652610868188 4.5891174471894915 4.245172356173605 4.218753686355779 3.899874807373289 4.353090072933749 3.935077115846412 4.226003243557397 4.8374048607946625 3.941844232224756 4.317562440489276 4.256198888839764 4.132568265693616 4.175824091482808 4.1789995975180805 4.46890956509527 4.393779585357835 3.8751588426784807 4.675823397808568 4.579838214420678 4.412875602204775 4.369329960424635 4.050042679344563 4.412875602204775 4.837615858347833 4.215651544849327 4.327808753714282 5.116868326928722 4.815427069726092 4.055493774622306 4.163619629327602 4.41725810164412 4.381487480578293 4.615407293777561 4.209712543520353 4.305421521382072 0.988050705120219 1.3846425664735091 0.9093875969301716 3.2249654350854904 1.5684355327546942 2.3268649999636963 1.3974466335986842 3.840794793661084 1.473383682980627 3.001404784004846 4.24717684931217 1.9982830214039495 3.156435052809907 1.7821121084808629 2.574807225730478 1.272571749958375 2.22492734913414 2.5660014898563 2.7929389119498387 2.958009182824016 1.7439357601980208 2.110286185507438 2.1105299699618327 1.9739447130078782 1.6978458785889003 1.3934055535680145 1.3886463332751162 1.0081394916637096 1.8904214486630915 2.9073787544030747 3.1900740288506064 3.252901214345674 2.521720907927796 1.9693579834300197 2.438986285574159 1.7943051253834597 1.1032271953796737 2.6231592165775273 2.3804722863168974 2.9473526129045275 2.7776347261249814 1.7307504238537093 2.610654123504918 3.87315567959555 2.5829237458538485 2.298261608656677 2.3150824008837874 1.846948870230006 3.5986381040641007 2.4195216584115005 1.48509835703299 2.147390682363564 0.7095455835331771 1.355973145176699 1.157096101730015 0.9148002610876007 3.35426103675449 0.8009338213492287 1.7662331113063043 1.3500914574113365 1.0799332830075534 1.6030689018690176 0.8951473211119036 2.5368260745045283 2.1758540201159473 1.282961418608933 1.0631166413904984 1.6868738027873047 1.761984156690328 2.8396500327198844 0.8421108979817296 2.2784783692347275 1.2518685549782778 1.7421136177819114 0.8491420802702281 0.0
3.5599334952687705 3.311829686780031 3.557538796961081 3.506650520963987 3.7167209324693258 3.744862958212991 3.6637678564210714 3.4782223521217457 3.6170747940481496 3.404365397700825 3.6514556627196164 3.556864579792846 3.4547113021927105 3.878953823378719 4.083046493767917 4.5928442857734355 3.8571618535403434 3.4838609463523875 3.5816461650092313 3.8277333480721487 3.241848831057154 3.623930760548781 4.048415442386126 3.0419746973053323 3.472681531882757 3.189721783986147 3.294044805583837 3.485420107520575 3.4159473739823487 3.464982961798579 3.3474628702412033 3.1442630287284277 4.375413452400364 4.4144654638021095 3.404365397700825 3.4200090206651814 3.44080998591243 3.404365397700825 3.669740853872044 3.4293370665128258 3.5634380842920828 3.6799177526264972 3.756270214167292 3.263130264753685 3.6535344277083186 3.2907113369866225 3.8700375892616634 3.5899982809916913 3.68547372190884 3.424276351472134 1.47330841617007 1.0929831622162043 1.2060620124672152 1.6708168020703484 0.6285655090966362 0.9605893271601106 1.2329630364701196 2.2948308655932297 0.9099317396509519 1.467877334826384 2.6997021439010283 0.8442526835016417 1.8423071393774755 0.6651943903284594 1.254722275249888 1.1277089727943939 1.0108694753114478 1.2835938516001841 1.4855410553111135 1.4878932852185645 1.0408413932027323 0.8650006610090865 0.8659481752274171 0.8571108922227316 0.8483535884194006 0.9337322906009032 0.9484515724785749 0.840184050546908 0.6256214580795156 1.5259210474186895 1.685514668692489 1.7799282851163796 1.125658860166772 0.5522467741698116 1.19705612871587 1.4761887173046953 1.049869472862261 1.3898530326673155 1.1948923370980393 1.3909965743056616 1.304627675141128 0.7828324843865062 1.1716555916114553 2.3197270036429485 1.1068367055114239 1.1892719910431018 1.0313046647625705 0.8130050428334843 2.06096046373594 1.0257096017205087 1.667865363915118 0.6712870192915135 1.4373698745147627 0.6252761661589679 1.030553866318191 2.100205945681162 1.7678511823978573 1.6350521881669426 1.134954672423992 2.530700924242922 1.0967771433112918 0.5711267468593842 1.0828346051061741 1.0231454832922628 1.0010289179626173 1.2426741927608946 0.7877562307288171 3.196532503204417 2.3434033126558043 1.5068893957973695 1.5446686346456284 0.8465800291584772 2.157699032465625 0.43272007312381644 1.4963305931194868 1.704805138782028 0.0
3.3619639615631325 3.2573165483994626 3.4376357662231336 3.410241404326293 3.492869456940107 3.444648619929751 3.481413921766001 3.3024331220728174 3.576660186373185 3.318273984714668 3.4082323112034723 3.3755185388407276 3.398170404509142 3.8120073979402007 3.8011149924325847 4.23862032706866 3.570038202837122 3.2813049662645044 3.3124121175313075 3.55417815651004 3.069549808661352 3.365665353330419 3.8319977284986257 2.8796287357214485 3.283740936677392 3.1357054635233466 3.106814696691413 3.286445557604263 3.2468329622376593 3.3388563978024726 3.2543686671885914 2.9684805896982964 4.063456408294345 4.090881132253019 3.318273984714668 3.309422367168009 3.2546534664186026 3.318273984714668 3.6011864774153093 3.2554185316758857 3.3622715951601325 3.817332758079401 3.6308034061632295 3.038979462590645 3.3620059387808774 3.231302062629871 3.598800259807055 3.4660516881057073 3.440388390799664 3.2793839470064508 1.336921435552107 0.8050393951825331 1.1149878940458364 1.9851640523587912 0.8533604394155218 1.0136184031094968 0.8468687125554032 2.463817968807203 0.9880684124724463 1.5380284724467193 2.9942825077749613 0.6835226464027092 2.214576479118373 0.6614401325646796 1.2221589561741726 1.0168335285895236 0.8178053215489761 1.4218740762103366 1.9348062284082697 1.7235214013630116 0.608776036562113 1.0013525157202223 1.2835243701323122 0.9715183388373082 0.9103201998832322 0.9049336503222598 1.1436104710420172 0.8021950921948785 0.6082706703083287 1.7106075758638504 1.9465232418719511 2.0304199441267965 1.2861397339970224 0.8204521057451784 1.0105271949938852 1.0424862028858513 0.919264139325448 1.8138290327469049 1.0490880856317757 1.6296442373266098 1.477451605250309 0.6325537590958109 1.4026925121906095 2.535514994613815 1.2385500302808925 1.053604229259671 0.9866573082296126 0.843344320958321 2.2171260331306093 1.0874926505735674 1.3764763796034833 0.8718169585403929 1.4362751674766372 0.6216989770758086 0.9429650335919254 2.1235027259313215 1.9072623722999191 1.708009406488864 1.4983114323798719 2.2655228682316615 0.8043352181591846 0.8937948918409307 1.0522189562621225 1.3273085534308262 1.0475247550483568 0.9726130019789853 0.683450006940436 2.9369371993932485 2.540995133957262 1.927769403073357 1.3815516476337655 0.8753029106892396 2.281521087940434 0.8102077326543398 1.2201528870300946 1.5804214604544982 0.5898208698410059 0.0
4.142327891501456 3.9460642375453903 4.174743338188151 4.126044773153252 4.284681431698443 4.239213713857567 4.25427678709335 4.073177123504697 4.24029128892021 4.030494060545315 4.194158218308441 4.148462447414381 4.086645902996845 4.501197437724044 4.5661159562971285 4.996844184150234 4.362520971977265 4.064397878212643 4.08688813211565 4.356816070274324 3.8293524102043075 4.1664693677542335 4.623419930230671 3.6432147037840212 4.0574319541518715 3.8229997221076744 3.883852635598429 4.06490359688008 4.011947621851496 4.077166733834689 3.9703857125304407 3.7332027797960516 4.860374641582708 4.8722020438227265 4.030494060545315 4.042823375810915 4.017680937621424 4.030494060545315 4.291337485723392 4.024222565054035 4.146154838333681 4.28111395381006 4.3655635837355105 3.8306889114693035 4.167487170833316 3.922627175275081 4.399939334466603 4.203269511232257 4.23075381812616 4.033627277344435 1.608930624390572 1.40169887633282 1.31306615896217 2.1345805677630834 1.0270229804127948 1.5203247626105538 1.4635171646677385 2.838436482548704 1.279199931492907 2.010889753266246 3.1490727767027415 1.3898781223943868 2.2751704346396298 1.1785767449221571 1.867448559254152 1.4216699420500996 1.503934019042119 1.869660925596554 1.7591000530561667 2.0442764651264635 1.2964493272911215 1.4699224094723333 1.171231433126382 1.3742708431973245 1.3419209087883668 1.2961483320322384 1.176135340962536 0.9131038202306073 1.1817174793831593 2.132045133425198 2.2173555150231317 2.3236395300262616 1.7352762412498843 0.9465113020552194 1.6704361811918347 1.7551285623262867 1.26202811294054 1.7377360690111034 1.7555931098897335 1.9234544143080872 1.834015350382119 1.2693012242965414 1.750746485555709 2.848311732220155 1.6815729631095349 1.7498434918689483 1.614764019243443 1.3636269052621375 2.640470587054311 1.6271733300379947 1.3406903184905796 0.9207899201264708 1.0384977903483088 0.5827342704917264 0.6122703040457665 1.6635811172322212 2.1375038754707427 1.293276135422343 0.9478111330662573 2.1999645432290427 1.041801702135886 0.5172767562541722 0.7537330103675584 1.2044955739224552 0.9384734700369435 1.034787527292165 0.709545583533177 2.8914149422645337 1.8511644696552598 1.7369723602352594 1.1882579185572986 1.1095704562315476 1.733651389743622 0.7057130693312927 1.2608869334055397 1.4558408824049855 0.7328261641000106 0.8809802243316871 0.0
4.191813852824388 4.186240021640367 4.4086317103123855 4.41078487295657 4.3349319606331695 4.138692742053018 4.480275323123971 4.1760454782765475 4.61757234076057 4.218778181338095 4.105770737529189 4.302929547660491 4.326189121526959 4.846581545566016 4.309572582813182 4.730380554161252 4.2709686565167875 4.135771336388913 3.898348096397461 4.3487490022135855 3.814056684348781 4.204316752343024 4.774988701249162 3.820152458731461 4.210630781440324 4.038283461523853 4.033071194014603 4.085097671970867 4.060471600730813 4.311848292024137 4.208561833697008 3.7671559575097096 4.725445587579073 4.659594905917698 4.218778181338095 4.202402641686387 3.9531623018445017 4.218778181338095 4.642868405168549 4.0997615497778 4.245434684024812 4.786006328210371 4.6658778763272375 3.9983800476225464 4.1735875477731845 4.212830921347088 4.370749536340597 4.460605095002811 4.171399585724367 4.16483578691615 0.9098317563694555 1.3461261333773396 0.7479012869871131 2.857370001453962 1.229222545875585 2.077037025912372 1.4686310587140008 3.525916860837843 1.1391952064843032 2.7722833541563947 3.8584982314147567 1.8495330237778425 2.702893353257531 1.5443138311046098 2.3721699263057463 1.1036279532668347 2.1016050011410092 2.238480592057995 2.356572724334723 2.6059820190540126 1.7839166649256433 1.8133989351200486 1.703399927558966 1.6592073131183152 1.403845564569783 1.1514970725392148 0.9675049275008701 0.8280956509470268 1.681054965304129 2.566609555148128 2.826795377324005 2.8833124536652552 2.2131243799208224 1.6878964179948983 2.327035877057907 1.9004922095621817 0.9610468833154303 2.1672251557859856 2.2233015338477626 2.6228662471966167 2.4707453717474364 1.5510426065532619 2.27004485421899 3.530939060904641 2.3061403529014863 2.1218440310470768 2.105890175541452 1.580924372310337 3.2977426618122787 2.168439024237044 1.788841848923765 1.9466206348004458 0.752215311965433 1.200258547216257 1.2072489649217768 0.9948750123785254 3.1280734428578767 0.5779240677042102 1.375008786579593 1.8635149031326854 1.2183547355747808 1.331820079286283 0.9010673306110605 2.289401398064989 2.1147761195894215 1.482367611646718 0.966141241668917 2.189531920832388 1.6055632217058584 2.425121381152856 1.1455626702903847 2.1510390657420704 1.1115337417799298 1.455333218436867 1.1832639324642646 0.6419101945954678 1.4800844491342684 1.4910851415504864 1.3094512047678504 0.0
4.758019057862339 4.651725924237044 4.910724614875748 4.892845661189264 4.912432495410876 4.755120253202578 5.011590748019978 4.725667449934177 5.051273760653036 4.712805515740127 4.707185135715575 4.848281208402081 4.795028501796349 5.302601107138145 4.933408830669369 5.36586083564121 4.878644614358425 4.6976947191226275 4.515844392584093 4.949597433019362 4.377886985456692 4.790122758194039 5.334171956350599 4.343188785395035 4.76044460234591 4.508231444841623 4.575086481678136 4.655892621908286 4.613237004337974 4.817988338527049 4.696813036986173 4.31760499253233 5.357984317256704 5.295628907303902 4.712805515740127 4.7098400253760575 4.525420418863961 4.712805515740127 5.097372940000167 4.652085034095837 4.802663390718727 5.066663366497152 5.1600173329853085 4.545279275359079 4.777489930244402 4.670857382486721 4.977414687913081 4.961401501703921 4.770695931186926 4.695066246962271 1.5006857587849332 1.8771714905568497 1.29832283676508 2.963367856692002 1.5125538429701582 2.405732884172051 1.9997487378317849 3.750009698223982 1.5612434784480487 3.0415734864623163 3.9451493256808314 2.2485441493659906 2.7795554276769394 1.922274862032557 2.747397723358366 1.6317033538678445 2.4839273441739054 2.569063813100925 2.2892601806747357 2.8292408895766994 2.1950785087344977 2.150346112682932 1.7592841896462528 2.0140597600934145 1.8127762745381117 1.6170788373118312 1.2655525919499284 1.22002795138126 2.032240510459916 2.852670486406159 3.0113407918807904 3.0844780864615435 2.51368172867967 1.8720435374649342 2.6992037096246344 2.425523062960048 1.4853129930840039 2.1832152242236904 2.6422058742340586 2.8151006620944923 2.7184992661853413 1.987350040237907 2.5179730684491886 3.718211631773594 2.5873722696403214 2.562418048160563 2.486088778126995 1.9829650894440005 3.543560595698074 2.5006408586149687 1.9637836138428573 2.0618451090018937 0.7376879918883302 1.4296639961321584 1.3053186690080476 0.7339503956883241 3.2666057101859938 0.46285303110228926 1.1676897977474867 2.0551897604487706 1.5819011140288393 1.3581067387814383 1.0217959018386977 2.2911288638898255 2.1516938600521227 1.7100368906937624 1.2856460697759853 2.423763983145635 0.9724339427109759 2.3640923960341054 1.291465914190384 2.3142123109496904 0.6177519599626138 1.5584448749858206 1.514842620103674 1.0255665488363686 1.671443633028955 1.814968804393636 1.3167887171892732 0.7572117008581757 0.0
5.078056972135391 5.516777829062742 5.575180875952609 5.664479048852954 5.133788090881891 4.572472241194545 5.480366601428252 5.165095452033242 6.009715420293353 5.472754403289258 4.764846695720692 5.303427162110145 5.65419920820168 6.155285391030038 4.598129567785186 4.618703061358429 4.7090461928346405 5.018135375580537 4.399346735187462 4.937572231013591 4.783942101037792 4.884952117251492 5.598397334247348 4.898079396399298 5.217675253486341 5.379108966503396 5.018879524252112 4.965786401567429 5.035275864600119 5.488372293986652 5.467485859952504 4.725630579329108 5.029769858977989 4.807047966264068 5.472754403289258 5.359941350983345 4.802029087934566 5.472754403289258 5.960954564631308 5.083439467272829 5.13275183465456 6.521969473069779 5.833836989322332 4.876188249269182 4.7532447379085445 5.543053172497718 4.966983973894804 5.631193896154564 4.842781053066587 5.242163116480712 2.1836170124724457 2.6315454966540974 2.3121756182322684 4.827921740212306 3.1315564544835652 3.816995212608032 2.5303653906358026 5.351572772167865 2.9677744679130664 4.4631763933573705 5.851420951781381 3.3751136824026036 4.763799167281041 3.278026059469676 3.947225116953858 2.5977267610470194 3.5899275012512546 4.060472951032808 4.432276004691291 4.509070445752793 2.9650958832057697 3.5938329514611937 3.749956506857251 3.4995482753361946 3.163574200284998 2.813971504801474 2.9454653727549895 2.534762116669865 3.366209505925585 4.399915599924702 4.757357571363702 4.809600326041695 4.02189152955197 3.563259948464534 3.781139793199085 2.7740265974749465 2.489800422633412 4.247536552594783 3.7209791535682792 4.506681453396486 4.319911906995549 3.154097333326391 4.153161255178549 5.415347288480269 4.092965541967055 3.646748104635623 3.734943006205073 3.3087501419253815 5.078645179371713 3.8875076136034905 2.3868050355668817 3.6923436883861416 2.140225890830041 2.9133689955450945 2.570208406683132 1.924881316900723 4.868439753831016 2.248117358990489 3.385999881170497 1.2290672100016333 2.338287532658059 3.210443412430783 2.3661168059116364 4.111570249406363 3.5732597251166442 2.4276953672308035 2.5983625857149617 0.5222590560251976 2.849865858356581 4.493318714689258 1.9559323085676577 3.736936700923741 2.35761472285191 3.3391973930573187 1.9350354338790534 1.6981663106638087 3.2573739042986434 3.016022825277671 2.9996885761973977 2.1575889298565083 2.4256848584757758 0.0
4.222913791766745 4.030576075304567 4.254715322054959 4.206942595525658 4.362638594145097 4.309978291866225 4.328789811193514 4.155104380328477 4.31904975045154 4.117471698477766 4.273766920666957 4.228931450093535 4.1724531815414325 4.579243298739194 4.639346447327914 5.057018070491349 4.431316869232157 4.142327891501456 4.164397297655353 4.429604555543538 3.9163835886593676 4.238448649805067 4.695756848819696 3.720675081054068 4.1396708316671225 3.9101722989170495 3.96097099959655 4.146994307195454 4.095100029604009 4.15901540120629 4.054390612440881 3.813368977646537 4.932740868139595 4.940898024429693 4.117471698477766 4.125353485458677 4.10071708954781 4.117471698477766 4.369175888924324 4.107126463243245 4.22257625055241 4.355167842207538 4.442101522435133 3.9000021709828627 4.239449172199179 4.003317899505111 4.475889484668863 4.282708852588224 4.309686578113537 4.116341767215153 1.6875825555473023 1.4796846231231122 1.3960120278156503 2.2023354902577683 1.1311423634053661 1.6140739745079822 1.5270949713688284 2.9076244475370103 1.389316334068169 2.074356461044464 3.2115755658900134 1.4684917565668671 2.3609232874258597 1.2838692578907849 1.9445337571864278 1.5101068014595722 1.5768717061405084 1.9731168843112188 1.821850663653996 2.131209573136806 1.3423028164887414 1.5666905569531295 1.2635228189223873 1.488972143974115 1.4472730001007252 1.3925794865341372 1.2816284437959342 0.9946481102033852 1.2732490114168493 2.223325147929002 2.2977496510202142 2.4076666978533625 1.827457613329216 1.0421229319140488 1.7363939297950384 1.8084835721112882 1.3481178738695505 1.8203225145339823 1.8373770921804438 1.9983804180631934 1.9214655866046195 1.3676266762850255 1.8421538892704528 2.917265498091394 1.766786642930645 1.8412957234254095 1.7033232955667563 1.4674214623385986 2.7083339712559376 1.715091967611094 1.29477972534882 0.9665814948751543 1.046786894455617 0.6786569257920607 0.5979881130679608 1.6687681910491103 2.173588989267263 1.339238274308555 1.0096246514840792 2.1722909562360577 1.0663987116038611 0.5949797910764819 0.7651134509100315 1.225832375627243 0.891238881969703 1.0094205273830565 0.7902220751354916 2.888424350144019 1.8371049148529581 1.8004943277376757 1.166233876834736 1.1326967921200406 1.7485429839432425 0.7867826441559321 1.2677227617576885 1.4968195174441483 0.8111905939478969 0.9471653227306813 0.36478638974069155 1.3801445641565382 1.3492065204947488 3.008319627251452 0.0
3.4922452707407325 3.24801370468528 3.5093572494862553 3.4563944646103146 3.6559579231421466 3.688871663805647 3.6326812171413447 3.4103727548448943 3.5793049249264643 3.3238483436873487 3.570474314481675 3.4961724209117895 3.3826113858475293 3.8416579295368876 4.003396129592648 4.54188383736412 3.8130148360062677 3.429817558539832 3.495735124336001 3.7760431307853515 3.144191107027457 3.58378907721054 4.017056591793059 3.004860463202867 3.4019474173501503 3.112480426554299 3.251363134100881 3.409111073401153 3.340955506503445 3.4069643656735558 3.282901708154348 3.0836617955838275 4.3028382508815515 4.346573667701177 3.3238483436873487 3.359654751137937 3.3561544849049403 3.3238483436873487 3.635188284557356 3.356128872122184 3.5175585179679474 3.6556446956890896 3.7225209000683837 3.252087310558633 3.602967500292949 3.2470344026031133 3.802767016672254 3.543664025563975 3.609326562407803 3.358226075948654 1.3189546593446613 1.0403418099972563 1.0572884844797896 1.683207346787473 0.483764335776511 0.8991952967156007 1.2256289794589232 2.304055102808426 0.6558384681941909 1.551587920189602 2.694929512203235 0.8974880276872386 1.7256027064473993 0.5251257297782796 1.290012351691229 0.9934927769042878 1.0697955085446311 1.1271852740935744 1.467398285083667 1.4275860241449938 1.1708082792764691 0.7833291107897772 0.7676714385796748 0.6004088894819809 0.6624088594350507 0.7851876633050945 0.7126629295513766 0.7848112282640521 0.6297255911685407 1.4481523791803188 1.6473920850574788 1.7195281568955716 1.0659585064018524 0.5453677324258607 1.2705413494229327 1.512612340137089 0.9289942854177845 1.288694763861111 1.1918726140227802 1.4058554889919608 1.249916679984692 0.6822773655212586 1.1056827047176516 2.322539834076645 1.0947501421457335 1.1201268200567092 1.0038009697973302 0.6624088594350505 2.095989083265276 1.0077249189177702 1.8560473677062113 0.9016290206032174 1.4487310017330468 0.6369774599093022 1.180730098436077 2.0398583521969726 1.9133394834241515 1.5029028091498304 1.0708101544242035 2.604594426459325 1.2097092386598978 0.6881206697130259 1.1709052297974554 1.249644635477278 1.3721959694203645 1.4513465639740302 0.7720139363689522 3.1658999387967035 2.3155016337262304 1.4760950219493976 1.650376733664208 1.1314805946911364 2.0623641266723935 0.5812335247888302 1.5582208846085597 1.6060049227252486 0.5613691052644041 0.7464589864591121 0.913002428705838 1.3018924780883214 1.5786693950966706 3.1949406201993744 1.0287275046469087 0.0
3.756126351411796 3.357663070428831 3.658300027563935 3.560427414783018 3.928638337938623 4.065162820570547 3.825680182683521 3.6384196350127733 3.6094195694954045 3.452471295032814 3.9029753235627784 3.6987682280291097 3.474632521772724 3.8977846545721055 4.414362445202959 4.985808263762902 4.193590952505081 3.702826880279261 3.881411970712773 4.100732989401125 3.415204988051288 3.9014656770691745 4.2543338376960405 3.243488166198865 3.596373143827397 3.225816969372151 3.4950852389790668 3.682544769036068 3.594332916608942 3.546542785222838 3.40478199684991 3.37941891390071 4.658763824154672 4.747593341301601 3.452471295032814 3.5444841304246792 3.6665685035812645 3.452471295032814 3.698324777412898 3.5958007079177294 3.780754794927847 3.5243044742973524 3.8403844605279147 3.5360515225185876 3.92989899171243 3.3531156187591193 4.117236808990768 3.678866920536199 3.9310865124997845 3.5641668373483766 1.8636809883542689 1.600893905354577 1.5964036299909452 1.3964378147228709 0.9403246031032674 0.9757654601877309 1.7629734670511563 2.0999999774630203 1.1331733742069185 1.5072363853080992 2.345478670435555 1.2888112772584477 1.4388499487445958 0.9155954215459299 1.5013974767094398 1.5579908267994154 1.3140856501799627 1.1332640718519837 1.172374269651338 1.2669472125737884 1.6013771533298744 1.0741333284215118 0.6184411092832918 0.7998242819389758 1.1279633517048495 1.3356314030591019 1.1113083560505053 1.3235313397175503 0.9998150340123738 1.4254798086101825 1.4284520319308307 1.5103371832754684 1.1330591709943154 0.5591698076081247 1.4419364631901368 1.9991470187880507 1.4969625699912024 1.0573790008294845 1.4363588542523054 1.2335558002023002 1.0760077494964104 1.128975978208963 1.0599827258620969 2.08328071840155 1.0798792681104668 1.3744343446887122 1.2092902945196413 1.074638590488189 1.9894030033761374 1.1350876157704632 2.2229645424306157 0.9024618714464306 1.8212034187540829 0.9659186506038323 1.525330010580322 2.333721480890625 1.6823597378389024 1.7739453040335609 0.9936638793178688 3.0690946642684556 1.726702692714969 0.8733258823437574 1.5944114688309572 1.0690726592259912 1.5071380376922832 1.8986370557977286 1.2195260176445846 3.6169919436760494 2.4126500539384876 1.0587358394639117 2.094383897201858 1.2156197722739657 2.2587652004736025 0.8142922618007303 2.0293714322791065 2.0367301059362966 0.9100409607889185 1.186404341021957 1.144150393642656 1.6825863060652348 1.8232234856665896 3.6623322854009537 1.2523407088162437 0.6977304334726283 0.0
5.112646467994637 5.136739150989479 5.348883289995646 5.360741937187558 5.244645093956789 4.971316509472207 5.397481649483734 5.112203110708623 5.560354354721838 5.184801121157666 4.996534003140771 5.242585078704062 5.2883082754186415 5.790676486307978 5.1138395729662385 5.436916895269079 5.089596495611617 5.0428625889492285 4.7522489945202615 5.217094419180094 4.755651646970606 5.073533646540506 5.6727470653451375 4.730457972667774 5.161463013885697 4.998359318254424 4.9454566870082 5.008957450556926 4.990837967919871 5.263871943449111 5.165412696326585 4.670704307908157 5.565380466684958 5.4490741510928045 5.184801121157666 5.139422099865035 4.860810513825785 5.184801121157666 5.583117006240382 5.035523115353846 5.149348791688915 5.668510962961035 5.60226604459822 4.867744613332728 5.040405571827446 5.149199209665636 5.2566622052312635 5.403603518479599 5.065114976725687 5.104950948855782 1.7498434918689483 2.173459378827331 1.6308080203294713 3.6026070288823275 2.0631624739026884 2.9559520600123848 2.22143362134155 4.357636362096204 2.0929845886460203 3.5661784761580004 4.610780034743844 2.669256806886857 3.4801925053874014 2.437296121644893 3.220589497172666 1.9876643113032673 2.9160154168831003 3.176654460797875 2.959550331737311 3.4586017487011786 2.4584809754194663 2.687327781936341 2.4254172727538674 2.6062348426858164 2.32496041789439 2.050750299656598 1.8559243014444526 1.6050444561902748 2.5149715731870024 3.4541356136651395 3.6507224840798354 3.7298642725370055 3.0875683395009976 2.4473914789338624 3.1297174569520916 2.6208805524730754 1.832000854820641 2.873836761199621 3.096944463779339 3.4195966765141472 3.329140994044873 2.445535236452122 3.1255175764205805 4.3448382108274295 3.153866893016114 3.037431579679474 2.986059268458353 2.4955186841887653 4.117595575707463 3.033695201380536 1.8835307772035579 2.5490625194659144 0.8522903675629262 1.8867714509771567 1.5087513022238326 0.5295742589664592 3.7967061409676135 0.9215753496678837 1.8395283304781014 1.5746967384744448 1.709698338954286 1.8874397703640393 1.2208816130894748 2.8060601180225264 2.443502801123964 1.73727659164017 1.6668785258963807 1.9174232380955962 1.0860472435475363 3.046857181126805 1.1494948503614166 2.725032562165605 0.7758563478121138 2.091194982045121 1.4787681162211965 1.0641319807764755 2.1475498669026587 2.184506725133733 1.720800947212143 1.1657189258317588 0.8594593895956021 1.945818464356555 1.7056671640120953 2.15341523139072 2.492385123798498 0.0
4.043221430738875 4.232528259694538 4.292725457816676 4.316996649073693 4.10795847782059 3.803956933878236 4.204720058028433 4.04879435614164 4.562750724744361 4.248399432513458 3.94748987078128 4.117399412879241 4.3724014893623036 4.746702212356679 4.12684835036399 4.282856199357034 3.94090658021523 3.9502377698842843 3.7464888632924365 4.0173611531218985 3.818816172983812 3.8801634621540435 4.446952497271366 3.665484412249791 4.025666567184082 4.12159710345022 3.8312991858870373 3.967563954728334 3.9945480583757744 4.197892148677628 4.1755124135398605 3.6944280172218242 4.369172354916684 4.306575117757526 4.248399432513458 4.175107265856927 3.9303908859583654 4.248399432513458 4.540003677352526 4.00321051377868 4.030668054303533 4.99475935605795 4.468676023512063 3.6631584737458787 3.7975759152910022 4.194854264662213 4.076827364811147 4.317073220926418 3.982665901585262 4.088359189049116 1.737381215430993 1.4542024578905246 1.6320147983321691 3.2299602297098153 1.9504759689945768 2.2435424988261707 1.231334802523825 3.664057216082273 1.9950312750937556 2.6754090842212546 4.229052875637597 1.7944430027114135 3.4861334542237246 1.8660956803415198 2.353195357120648 1.7336260346612096 1.8606429296172042 2.683429034477407 3.1002147194350442 3.0011538088514884 1.1716555916114546 2.2361173208765432 2.447517257089285 2.198153767230972 2.0213417420126554 1.8103919421394767 2.0795853941667803 1.4661199897982937 1.8321168054651071 2.9772437822494537 3.2183424429548393 3.308182902545744 2.551258775128766 2.009354263478122 1.982877959438168 1.3130579845128154 1.572678578319291 3.0217283094320497 2.118892033007628 2.879366214053161 2.7232018066897337 1.749807862382552 2.6842911444501967 3.762101093017394 2.4825365802139747 2.1453723879124103 2.1649458216806963 2.0213417420126554 3.413667574813677 2.3172804332275536 0.48821693442059805 1.9025287970781628 1.4480458269165284 1.441087222043736 1.055150840638372 1.9830980102310005 2.9272807330576707 1.924408836641047 2.3072113616161922 1.2717370111537651 0.8637736309239988 1.793186221004445 1.2240843885299322 2.318325506071077 1.5784080454793763 0.6253346837232532 1.287154501484638 2.0761899020560657 2.6427635215514846 3.0781885385481758 0.9375668772522028 1.7882681270990914 2.3640923960341063 1.876251598875521 0.7503584015078797 1.4809428130507272 1.6992327739097193 1.3460998137662168 1.4878628497016255 1.8113362677833125 2.081571323700068 2.2835419875005822 1.458530133488392 1.8773457664587825 2.30869097749769 1.9870261920779693 0.0
3.6480790443535978 3.6506770999545872 3.8125407351530343 3.8033471067353783 3.766538375040264 3.6141695093427795 3.8305960605430607 3.6149859809956104 4.007165398361066 3.6854274196168717 3.6200086937275047 3.7004810305608236 3.7885332526856312 4.230092858774639 3.921691022782679 4.294226976984683 3.7545982335164534 3.573883226496732 3.465763419145896 3.778594038806225 3.3397943766122933 3.616681970679952 4.144690403931537 3.224238905732012 3.600829833836502 3.519130862825973 3.431552444175467 3.560829822056927 3.544941193765036 3.708055520442524 3.6347811305625184 3.2590760133170162 4.212825015758272 4.199876802187328 3.6854274196168717 3.6667340166526494 3.5049811772800075 3.6854274196168717 4.020588305346934 3.559735807113059 3.6657118996277744 4.293039528902491 4.020588305346934 3.354333931953224 3.5767941618658243 3.639606452431224 3.815514297233577 3.844597107381986 3.6623459219532437 3.6141828056894023 1.0770631588636561 0.7917973553288296 0.8564342997321449 2.4228938626975034 1.0042723263115223 1.4322307663840508 0.7742270299296989 2.9483917094192056 1.030258934467746 2.042000374482042 3.4425313604040393 1.1032271953796737 2.5496141701622834 0.9614064794066772 1.6875339886875467 0.9457454531207284 1.2516264749868853 1.7943832743201185 2.2292277238922056 2.1532741649645013 0.8206698320217896 1.366832978581226 1.5194814917194375 1.2400572232437406 1.0983762939090564 0.9351863612303115 1.1163803229395974 0.6150355037119057 1.0111832148364803 2.133606173493228 2.3851636045957454 2.4620037243129143 1.7116804201986309 1.143242002213487 1.447448905727133 1.097179313557266 0.7675396384796747 2.087959956869186 1.4675036961718675 2.090715037082733 1.906803505717265 0.9047836552252194 1.8197612190456547 3.0117197287003425 1.6939501050861758 1.4269438469428282 1.4165712755950015 1.1247920227014379 2.715032510948825 1.5367891735809436 1.1280379461280015 1.2530384115964766 1.0469182863936373 0.5898208698410058 0.6997703891543781 1.6823597378389024 2.384851313439504 1.313828187781847 1.4848320376882165 1.8323423547365136 0.5521710363827871 1.0013796780698716 0.7482005228702169 1.7067138580574286 1.3417354059697864 0.7838333240363603 0.42896731040265557 2.441929327569405 2.236426161092582 2.2191064218352836 0.9906745179755692 1.3125889705287312 1.9009744469136716 1.0505410205792247 0.7941091125310245 1.0907794409519442 0.9027116240928537 0.6464361333216471 0.8697758007918585 1.0987270013716801 1.4830960460533593 2.5246873221792 0.9367528684573774 0.905371316545796 1.3661618236374011 1.7885951674603824 1.1126052427996531 0.0
3.2864455576042633 3.170064227963389 3.3453462819655684 3.3147126645202274 3.4159473739823487 3.3868892815885965 3.386938011041117 3.2219701055310597 3.4763310649943424 3.2336675412216813 3.347913909425744 3.288904535935733 3.3101955992602994 3.711470656116197 3.760186992208288 4.200770435503675 3.510657772319988 3.203885922731898 3.265819781355229 3.483758388442146 3.004588311035095 3.2912145799744943 3.742919064161836 2.7945637637351184 3.1976748473528818 3.0519080926074373 3.022216374009372 3.214728269944507 3.173201902586124 3.2467470458802308 3.164440402728427 2.8990269176415997 4.00567490300848 4.043597950476044 3.2336675412216813 3.226127863204272 3.1940065304818273 3.2336675412216813 3.5006365440011233 3.1783863763247364 3.2813049662645044 3.7265674366149653 3.531096931873119 2.9524380477497454 3.2914045238389265 3.138653505444092 3.5301870867413845 3.371145280255577 3.376298125416121 3.1973299001628583 1.4340882830904331 0.8533604394155213 1.2231188863852942 1.9298717814243382 0.9187983312779419 0.9497445652889768 0.883681931225208 2.373283803378922 1.0590603511515277 1.4333537687778537 2.9274738091308445 0.6173492057898045 2.1987938257379187 0.6651943903284592 1.1316779274383975 1.0934845847171895 0.7169621401941854 1.378336678793266 1.9403309361909449 1.6664185212580906 0.5686207839312011 0.9810277634367855 1.313041043209613 0.9740782364135194 0.9465113020552197 0.9753459478462878 1.2348424974888466 0.9187380353366087 0.5767803719771861 1.6541150458697347 1.8866760919530645 1.971479565637715 1.2326015956962786 0.8213577457142621 0.8987033810044419 1.0244314873861295 1.0130187163824858 1.8260012731548356 0.9591377959454 1.5618159681000185 1.4114750051412996 0.6313773590517195 1.3561581687557946 2.4536251998890672 1.1661188165387102 0.9824826178342326 0.9103201998832315 0.8483535884194006 2.1253350880082844 1.0155604713180197 1.429150369422338 0.8383466386348434 1.5617646878415898 0.7130382223901135 1.0405567680532082 2.253347477611442 1.8103413445312533 1.837964905477328 1.5802655133476584 2.356080344295581 0.8917727065081069 0.9647508761787297 1.170225504809908 1.291773026149047 1.0198374330013777 1.038196029671304 0.8007977242787591 3.038049022520216 2.6596490095520946 1.9264771847775768 1.4876982537081562 0.7982819165561773 2.4102863366772596 0.8562000598471868 1.317045024068351 1.705809279603119 0.6234580248046823 0.36564918899455423 0.9630178346278716 1.619399077407062 1.9419987370049527 3.120874844370137 1.023913737934676 0.8042249834814749 1.21274174397375 2.310282857731574 1.3906468268807828 0.7501262907213032 0.0
4.139703663846358 4.177288840300719 4.352577542600009 4.362873477754808 4.261724248416424 4.0326688328737355 4.37407175066634 4.129173440080324 4.573156015093162 4.220764421297004 4.061914140527679 4.239765322060627 4.327332937644807 4.7938702664995425 4.262355646549818 4.602955309932407 4.155879558188798 4.0617233012813045 3.8568087866909937 4.243724211847318 3.815998539513331 4.087554269007853 4.659971805722025 3.7326467725148267 4.155409470869932 4.046319204134128 3.9441789446003086 4.04571694765748 4.030937514969053 4.263630190292085 4.1825451576403445 3.716024529088278 4.641112158026992 4.569503775143247 4.220764421297004 4.172227912591364 3.939520939658004 4.220764421297004 4.584216870205063 4.062862555346212 4.159657161630942 4.798913940606428 4.584216870205063 3.8503415166457615 4.055494737725829 4.172785589142017 4.289492964927873 4.398144525830581 4.117557251900943 4.127686954194869 1.080791957669156 1.182895914661388 0.8930657465739215 2.8529191605559387 1.2808253146756283 2.0146270278371534 1.1948923370980389 3.479727941344411 1.3243825834098952 2.6016859751583357 3.890068552846938 1.6444118490492237 2.8889990299916475 1.5012319543403554 2.2234697738322495 1.150446871773671 1.874406773390698 2.3163969407028535 2.4567028706262968 2.6380789323982032 1.3741000706347064 1.8044573390457954 1.80383200195995 1.753441924089583 1.4741835180960594 1.204360245601365 1.246776526152568 0.7314602926754794 1.5433914928163532 2.6088638876151315 2.8552102123041574 2.936311582373769 2.2034919508180093 1.6129667480031888 2.0822039550660003 1.5683294938100714 0.9663860708741988 2.3408646454574717 2.069287571448193 2.5767852904450206 2.4564635542953743 1.4634073282137627 2.2898745003495953 3.512710074794884 2.2370333770808424 2.0317269592088514 1.9986768178509018 1.5892063153959786 3.2202714562188306 2.0840557552112107 1.1186994981508387 1.6873841349287417 0.5557882862497807 1.0134169472417307 0.6879405645116721 1.1637810287673072 2.907686658197516 0.9911490254974977 1.5197105483113824 1.4218354779275781 0.6712870192915139 1.188257918557298 0.4327200731238173 2.055886770175363 1.5996435859698406 0.7802223381418459 0.7503584015078795 2.0598570031651415 1.7862860881590885 2.5132322217541656 0.5172767562541726 1.782424510532942 1.449523225965087 1.3181387522994994 0.6463770442281302 0.7572621415832683 1.2605914176942927 1.1598991617441898 0.9887801133712686 0.8861907553133549 1.0919448489003722 2.1327035666654948 0.9974824582137843 1.3332733934199523 1.8038846525416112 1.1560922779566236 1.137871069285215 0.8010151520990091 1.2769201050498187 0.0
4.335342505360314 4.357790385849119 4.514532962176929 4.515101915516355 4.44540382558773 4.224975711439701 4.515883965146458 4.316996649073693 4.707517166567093 4.409787218188452 4.2802382760908335 4.408129841578286 4.506815903127909 4.930714228832848 4.501408648134197 4.793458973655127 4.348686707666901 4.248756705133643 4.091804803351391 4.421605784814489 4.044411997106703 4.259787738971962 4.809520945014294 3.903941993675246 4.322571235408198 4.236289772717701 4.11370608837916 4.251078170656765 4.238541267372204 4.42445640755154 4.353123328113488 3.9271758063182616 4.831922278651817 4.772139919429737 4.409787218188452 4.362645645011468 4.174411901900809 4.409787218188452 4.719633574905426 4.260512354728532 4.337198783478058 4.923869163359816 4.719633574905426 3.9979667741486753 4.222912491881679 4.334777630082505 4.47570424002358 4.550614291264138 4.326296837534956 4.317073220926418 1.50684616925643 1.4392762119697249 1.3083323052790723 2.924889292304307 1.5357664322037599 2.1277525123190615 1.3826546343782664 3.5459347003042927 1.6547515185880297 2.63014138347296 3.9535599962423236 1.7667866429306442 3.0605409065460516 1.681556422178701 2.338827358885069 1.51282080642831 1.9276569018010081 2.501180116757491 2.5671402457481767 2.7666537975961467 1.3845050250090984 2.0060547330204637 1.95336049329346 1.963648365553627 1.754645742853959 1.5352054512221347 1.5895086575485984 1.054225495405022 1.6791140891171208 2.777635750295754 2.966706315172647 3.063934137193018 2.3588200293914325 1.6904758810165796 2.1025176495805775 1.6713208471906258 1.3253246677745187 2.5126779502693957 2.1779743954118853 2.656247742328078 2.5499047722575536 1.651796131993409 2.437056738758656 3.5865031763440496 2.3351669984677232 2.1769332740625678 2.1218204952552044 1.8203538469652303 3.2996729346736253 2.2053653701507554 0.7961810203190959 1.635459084507573 0.7674030212574128 1.0895617692784996 0.5568961415033061 1.3555376369739083 2.835241453537883 1.2803240261159488 1.6366697497325091 1.3855094531935792 0.765155466989494 1.251362489788668 0.5855022957219872 1.9760134060391144 1.366662557126714 0.5897920756286392 0.9238813379506995 2.1605989454081773 1.8671942589793147 2.586315692028574 0.49857473062074176 1.6760679958349503 1.653395359304986 1.4100228872453233 0.6991232239624043 1.1001713777186317 1.3393930403193228 1.21597188085664 0.940962863668684 1.286684317363438 1.352805307760072 2.310255582599438 0.8938598332932265 1.5210376723621402 1.9265308098927674 1.317430997225939 0.912478166307052 0.9345681668454769 1.3107077195732755 0.5856719981166416 0.0
4.215800179928541 4.2527128739104265 4.4228219212655775 4.43732937308693 4.335679681683496 4.100996008619314 4.438376712855388 4.207766661856203 4.642152590232826 4.305719434639607 4.141783850876629 4.318592272749621 4.408035350723842 4.860859047823784 4.331823621849735 4.658770592423815 4.213012728474387 4.130893407171286 3.936986783259506 4.312224669610802 3.905877153139089 4.15030670549567 4.7194865148427025 3.797270296945269 4.242671782252769 4.128841040031636 4.011595149609138 4.125900217277034 4.10904879287256 4.342023909615769 4.2624304367116155 3.784941762878758 4.718505018873302 4.638554676154086 4.305719434639607 4.243171689638157 4.0169948614462125 4.305719434639607 4.650964071668809 4.142713980713376 4.224929539981243 4.855600573033706 4.650964071668809 3.9016915251438604 4.128146365414451 4.240144306293241 4.367422481083161 4.469843398008041 4.19636803736824 4.204000990063284 1.2706389814769703 1.3182222284364375 1.1016544491307607 2.9187128535278104 1.4136416926068667 2.129664361977964 1.3175350955387861 3.5439877940555498 1.500046569399655 2.657059291941527 3.952566354151781 1.7275273308087873 2.988891781601086 1.643201006030324 2.2904029821981644 1.3083323052790725 1.9626176017640962 2.4438199040576882 2.5246496971193473 2.730947879998638 1.4413199331912843 1.906778244347643 1.9156946491758038 1.912917113052002 1.615908654265705 1.355982675939485 1.4213606584511655 0.9122671606071882 1.6494012242990534 2.7011697877450005 2.9379310707384887 3.025041759445429 2.298880614482341 1.7284101827544889 2.1619529155635697 1.6519636595255418 1.1450649047470265 2.43659460559171 2.1635827434540995 2.649445115063733 2.5613862935157226 1.6026761756559214 2.385875683981757 3.5763773581946285 2.3287034620872804 2.148393932295116 2.100773787531198 1.7214878584524462 3.2701901892356537 2.1777115569448995 1.0906804014343772 1.7394204627823773 0.7100393016114434 1.1711037753257603 0.7615606304668171 1.2982516018889434 2.9419088473498705 1.2094057559637532 1.6409737334146157 1.406809705306592 0.7482005228702174 1.276354068443895 0.5521710363827872 2.0776058149213266 1.5464394888766229 0.7411527875028526 0.9423935614157182 2.1270504212959533 1.8552128023752352 2.598425397772756 0.5345510256403936 1.8020572677970752 1.5876811199434124 1.3950427110848844 0.7577954701125977 0.9977600381180922 1.333545225352605 1.2466035700463307 1.0558099043272031 1.1431928239262155 1.2508734460322095 2.2158139610664027 1.0309602943558362 1.4941547907328203 1.9685101607134547 1.1967990268077309 1.1065158424733992 0.9832055572343656 1.3489911416968843 0.46263150594067026 0.5221478992644492 0.0
3.6984384566908393 3.3471116852393883 3.5902239741686075 3.5024093681835384 3.84824329518936 3.960140163229863 3.7012949587392012 3.5860007140385175 3.5530001473837873 3.4564298370985806 3.858185549091075 3.627443636265575 3.4766489615425984 3.830049767341288 4.367269121318793 4.86616560138082 4.076029698125604 3.620502359759087 3.8427511076014054 3.9905105652454624 3.420813152559041 3.7767500839224803 4.122187001063649 3.143695859470771 3.536717682817611 3.2385049855766455 3.3946367632421683 3.640264389571665 3.56151309798084 3.4902043019202624 3.375097831072562 3.3239182762550303 4.574358168145036 4.659646059583564 3.4564298370985806 3.5073992518463726 3.651535160255236 3.4564298370985806 3.6240964157198188 3.5551619272076787 3.6838553515581136 3.54148158954357 3.7404320802259914 3.3702820052740114 3.8090374793621975 3.3032859937169534 4.032987845709497 3.6034508568830343 3.8752716816587 3.5212705813007448 2.0077768319205718 1.5344892279132152 1.7370069157074648 1.4480658187262534 1.1067122081308505 0.9494030777259554 1.6113688298283686 2.052660824157651 1.396918586666247 1.2331993576613427 2.426072853007764 1.0628070842420843 1.8119723300118087 0.9615875921242428 1.3104289473837607 1.6525767945156782 1.0139462430227808 1.3483048366468584 1.4356267391020223 1.3925794865341372 1.2223796832760345 1.1374025810084747 0.9824389886802822 1.085749558972392 1.290894992596756 1.451409879322491 1.4413199331912847 1.355718539807978 0.871980689224527 1.5461608619077178 1.5366409011442106 1.6560262057955686 1.1862059510181742 0.5556541207674908 1.0973909137924394 1.7461340961381666 1.5712197209760002 1.4487836497265596 1.2572776746712255 1.20595465424719 1.133827358280405 1.105210718957507 1.1773939866622354 2.0829449553124224 1.018518877226071 1.3038284316672035 1.0988744577384315 1.1716555916114553 1.8868925156871834 1.0527694593632007 1.8151376610964225 0.34027043405845975 1.831667869621367 0.8917076130541558 1.2771565801173397 2.4801795111727416 1.3056573985037503 2.028862814307964 1.3018924780883216 2.8768659635169493 1.4802545070028756 0.8107146867164103 1.478768116221197 0.6042961197506694 0.7755384237477319 1.5074826299452952 1.1773425252639607 3.588660396714846 2.60647112529066 1.339025714549583 1.9036604306546308 0.5082104749846509 2.5128713527666093 0.716271780818606 1.848852583352329 2.147390682363564 0.6712870192915135 0.8718169585403929 0.9207899201264708 1.9466206348004458 2.0618451090018937 3.6923436883861416 0.9665814948751543 0.9016290206032174 0.9024618714464306 2.5490625194659144 1.9025287970781628 1.2530384115964766 0.8383466386348434 1.6873841349287417 1.635459084507573 1.7394204627823773 0.0
4.359540643298813 4.449150139388404 4.587978565160018 4.599167123078093 4.460300863781758 4.189902741957481 4.570786523670847 4.354757831425557 4.818633518142568 4.482159750337184 4.267219022514256 4.449538039395996 4.594647159736179 5.031536447418601 4.4464444038423645 4.700782426013615 4.323603856184196 4.27748802510304 4.05366084390668 4.410768837562695 4.065521661790065 4.265177669387327 4.8434721600336355 3.963692281536228 4.358118332465727 4.322335381378383 4.159299436378463 4.270046842767417 4.272395512577886 4.492899642868308 4.431449736510192 3.9625563542668116 4.778280973568944 4.7028293098916265 4.482159750337184 4.430860955220482 4.187847148074996 4.482159750337184 4.82138566961979 4.295353061319581 4.370930004962585 5.0960941770701815 4.799121841142132 4.040170571885084 4.206451618754975 4.43382798577388 4.45895054164561 4.624563863928978 4.3168189813930296 4.3693333371778476 1.4208925746182268 1.4385482133916465 1.2618666753060364 3.131912312512166 1.654115045869735 2.2561065870150587 1.35191464641784 3.7321227641055996 1.7059079990948482 2.8080642532375233 4.164845126107087 1.88113066960754 3.236877397564151 1.778070886186936 2.475820769309501 1.5133963307406377 2.040309254330004 2.621110005614823 2.7780905755572314 2.935128556707027 1.4515783624438356 2.1369370127005305 2.124838611087392 2.056154925105972 1.8351115923988917 1.5795744392710631 1.6560770280907442 1.098874457738432 1.8044573390457945 2.929581457314107 3.1492559421345594 3.2386711768395102 2.5072480298116697 1.8511339721358608 2.2195287338425755 1.6519844125750613 1.3170385989090878 2.693498171261436 2.2801407019951947 2.845234630142883 2.7060022971762714 1.7247150843547743 2.597921999342538 3.7809818592988775 2.4920585483588473 2.260790081908945 2.239625075109083 1.913443914284865 3.488536177311406 2.3460459486372973 0.780222338141846 1.8455763755479602 0.7288681226500876 1.1941453848641477 0.6947136265890508 1.2235977083856662 3.0488935455005675 1.2035859579704709 1.7859583301070208 1.1355717196346768 0.7813081664290878 1.4430348188162259 0.6714560279034736 2.22116633548787 1.6324671634822747 0.6834500069404353 0.9726130019789849 1.8592859601354614 1.8857551904099565 2.7889644002924707 0.37868252439603717 1.8882892780201657 1.588797901208472 1.6053061922731215 0.5158375266861855 0.8865961132178483 1.5246271792486439 1.343455864964974 1.1426686623361229 1.1895736216635706 1.3381247659092295 2.0140449116439805 1.119748295979002 1.628738473186904 2.047459104051225 1.2377891620136843 0.8622082895308119 0.9423935614157176 1.446722615991257 0.5779240677042102 0.4800015310929153 0.6252761661589685 1.8455763755479602 0.0
4.382387846738874 4.524534483557162 4.630353320307858 4.65258678669515 4.46738787703991 4.1611594813515165 4.580715624498408 4.387973402503879 4.884258638576623 4.554252089379828 4.2773499068720255 4.476940003685619 4.671941257579864 5.0839935666507445 4.428859515234224 4.6242908198797075 4.2897289208930856 4.292725457816678 4.0566555964852125 4.390571788415605 4.118517218872326 4.248756705133644 4.832525287903401 3.994515896551369 4.39051283244051 4.40616516385515 4.179093240234357 4.298293474963619 4.311560043043067 4.540437892636207 4.4948452468818445 3.9964258731167033 4.743476404492575 4.656621383305951 4.554252089379828 4.483113699742837 4.224015949753535 4.554252089379828 4.874677809235584 4.332414573625479 4.381018034744122 5.21505371211907 4.830538798693017 4.030217234806457 4.183189318809682 4.49853332370353 4.448207978973347 4.664845872650137 4.323439238866444 4.41312003615084 1.64164972331995 1.572993642735073 1.5175131200572745 3.3146571421570643 1.9004371654429968 2.419921821703435 1.4327708741354648 3.8652840690805528 1.9611824780162024 2.9094257356756783 4.340648242249439 1.9930150363952548 3.4809173243011804 1.97348129570741 2.5773672040051947 1.716579974095258 2.1323772590654184 2.815734840574103 3.0223989342837068 3.119868131725703 1.4820708651083547 2.3206213702911835 2.385763156684781 2.2817189186112476 2.0509066425522793 1.7969599666248155 1.9496810273646688 1.3568660172601616 1.9659056684585674 3.104950064952874 3.3318473899261534 3.424703018744983 2.679605738312255 2.0635100078037394 2.2916701574869185 1.6532263662700115 1.536402602406519 2.9529062655737843 2.3811245966333763 3.0098584698062156 2.880993157837294 1.8941238007843397 2.78625599006516 3.9298807105151936 2.64863877473655 2.3860685707779865 2.3740315929268863 2.1073975661252566 3.6090514195070122 2.4936312782081713 0.6162741177038543 1.9928322593814727 1.0592985918424012 1.4344522956936068 0.9029045104298213 1.5249316308721481 3.1419057627231846 1.5698618523087982 2.0959529795361735 1.0082115909276277 0.8812490887754 1.6880838973885262 0.9496782161666932 2.366761240354342 1.6665472673886175 0.649881586170001 1.2313989417137325 1.844334477123848 2.177742660089427 3.0333773343503756 0.5451591320527402 1.9672399812877486 1.9178456489089886 1.82546532597608 0.6263754767116724 1.1884645330485282 1.711844303005948 1.4765428343114466 1.3661618236374007 1.538857198453074 1.6875641329281232 2.03941303679874 1.3211366831044629 1.8799737773054312 2.315788984998858 1.4787681162211967 0.6517335313974105 1.1497890921527376 1.5575664574109855 0.8332859970241528 0.5920237727641225 0.757795470112598 1.9928322593814727 0.515837526686186 0.0
4.183189318809681 4.142311186101246 4.32871025189358 4.322905799790844 4.309592564885155 4.138771100821803 4.361715470320603 4.154408899965286 4.496890939802805 4.2086841497518765 4.155042350414946 4.252073800692062 4.294790357688684 4.729499808569521 4.410248524266276 4.76864649402041 4.252834805032394 4.097606870031468 3.984997874935015 4.316966515757208 3.8770686059162047 4.142326566328088 4.673220084482259 3.72984877027902 4.172619559756417 4.020733177739624 3.954774488547921 4.098952734245124 4.069645641685884 4.2438364812460785 4.156551650401237 3.7569274175996057 4.762900220983463 4.714537124749481 4.2086841497518765 4.166957155513187 4.012944467424032 4.2086841497518765 4.5185701643942116 4.095682942415313 4.18615242710929 4.655312064614938 4.5422093368361125 3.857154006884498 4.129968649388507 4.12228969159806 4.371364776435289 4.369288806252744 4.202473267029035 4.138455038292905 1.38626188553934 1.3059416537068442 1.1584839275207361 2.650774241782225 1.2609667445951174 1.9141000801072585 1.318751571521596 3.296600636519464 1.4169034131235922 2.4137832713940854 3.6807499475288843 1.569619158308957 2.7618348672003123 1.4688378551886876 2.1167969778194937 1.3247866871124045 1.7707736700431491 2.253456491380578 2.2700726826351905 2.499035621954225 1.3161085072512144 1.741078867614161 1.6743359336715595 1.7348003676157173 1.50684616925643 1.310035910540701 1.33235333829452 0.8542005347748132 1.460173866080621 2.505017341443012 2.694288001246872 2.7901781162179145 2.0984750053027112 1.4649202202663028 1.959683322951659 1.635860805685402 1.155464292678733 2.2110304963333136 1.9976815296382313 2.3961360784334396 2.315995127686538 1.462705747495211 2.167391512055154 3.324128942634534 2.0987495348923466 1.9943662876058807 1.9152170223373515 1.5828745443175114 3.0406940462609358 1.973982298188241 1.0529550332005209 1.437609062165 0.7604490036434095 0.9423935614157182 0.5551659390654323 1.4170198444661524 2.644246509684834 1.2334010100632649 1.4152771176281425 1.6557778201400417 0.7399323574455877 1.0048088435188895 0.47823588647944626 1.758162014050225 1.2408489136771141 0.6821597181912723 0.7973346225772139 2.3991348489862916 1.8371848745555341 2.3197840704573114 0.6852317972395818 1.5136455796437023 1.6374642658915723 1.1374745380630273 0.864692565816996 1.1558981333981992 1.0866841753076948 1.051453941383802 0.7635365563341125 1.202585023138725 1.260105918954307 2.5056319584699422 0.7287884791360317 1.2939716106018366 1.718405251561293 1.3586315256849202 1.129810694045348 0.8733258823437569 1.1485002549607584 0.556896141503306 0.48821693442059777 0.480927874184716 1.437609062165 0.7093001173193738 0.8646925658169963 0.0
4.094489869712701 3.675900341390547 3.9892780260613527 3.9034682526200193 4.272748833196985 4.3823304723551635 4.1600334084167265 3.985586031201212 3.931003694475896 3.8048193979244815 4.238678154376146 4.060042204022325 3.8135273981502746 4.223726414744442 4.710598260051766 5.274394765658921 4.484446308094985 4.024231307004026 4.199310350230751 4.433915904753848 3.7620640924616358 4.217236956398622 4.582709706183328 3.5440439505838235 3.9816290110775987 3.5585277198380996 3.8151698601709887 4.024621223113508 3.9255279855037557 3.9019942726002044 3.7515747022026207 3.6724190236313863 5.015569737183709 5.070577961765528 3.8048193979244815 3.8574037246517974 3.9782377721971423 3.8048193979244815 4.021290432387892 3.9392708324523706 4.0984801619809845 3.7326467725148262 4.178027371396716 3.821642635276524 4.274350461134527 3.6561730772672916 4.472906667851946 4.020295139333789 4.2714568826238555 3.899254371298126 1.9745659788028627 1.7579432655636493 1.6824084092205138 1.481185221212432 0.9815359483667151 1.3446307745821418 1.9251383146746186 2.3152209583325387 1.3256527618094567 1.7054428118575926 2.4580525021861686 1.466822404434196 1.5594828624974086 1.2129198087341033 1.7107568062824732 1.67499584048054 1.5842815047054017 1.5289591638743991 0.973894878343827 1.5203247626105538 1.7272534022483625 1.2572776746712255 0.6117635097198054 1.229303274547576 1.3215953979363817 1.453897809628034 1.1783417604626014 1.3180246330889143 1.2003148681035642 1.6745824264197795 1.6308080203294713 1.7419026717365464 1.383452173853635 0.7743273231928206 1.726198359587563 2.190966998232601 1.600854354768246 1.0233897341596634 1.742623994818371 1.4070253481904638 1.432137275593485 1.4056089110766492 1.298225730152723 2.2637326380043254 1.3628174377639222 1.736551382371309 1.5195321217974471 1.3215953979363815 2.1467065508393217 1.4103615083389769 2.11859603727596 0.8368084167647858 1.6508070738165828 1.0517794088769299 1.3695683603191158 2.198325838603296 1.7729554978031787 1.733346015750506 0.7582432894249765 2.966103312733716 1.6789427360887101 0.6113577715393391 1.4040982410166023 0.8133932701606449 1.1832639324642646 1.7492714330797174 1.2693784839455617 3.6239474401517286 2.11916639675037 1.0031984368626055 1.9243587833798643 1.1565594655883547 2.1040771731834256 0.5920237727641231 2.001327547540445 2.0662703355414527 0.8016305798657044 1.238431563123007 0.8932780515601823 1.7338410426943986 1.6629698295593516 3.684410158071376 0.9404102225240489 0.9367528684573767 0.8812490887754 2.2360483451829283 2.2364391176395952 1.468433666193796 1.2715432063241583 1.6410080231100308 1.681349582900113 1.6887342626082926 0.8368084167647858 1.9092242433383961 2.1350495290758795 1.4067234351605131 0.0
3.8204465853331566 3.7600569110396567 3.9496284931602563 3.9358125884864856 3.9510252717974828 3.822272491000721 3.991413142350933 3.7811540475336036 4.1118950715796645 3.8195022493848536 3.8127806128934716 3.8730725537973094 3.906670291420505 4.346421968938822 4.118023501554236 4.516249549054002 3.9454967557150598 3.7404320802259923 3.6651081589169547 3.979528864529517 3.507788483260583 3.803029097789866 4.317648912988612 3.36446780884513 3.7856721187799676 3.6337732331070343 3.5896623212339924 3.73589070547672 3.703711853611817 3.8564207328415128 3.767954487901814 3.4051203196913296 4.442631372245709 4.422499969504472 3.8195022493848536 3.7949367002562147 3.6654288941752924 3.8195022493848536 4.135592978734018 3.7244272041714175 3.8295685941286206 4.303489379159156 4.161408248999579 3.511480180805705 3.7895648802284514 3.7440008751302516 4.02561414482803 3.986701750854822 3.856808786690994 3.763618302516995 1.1742219030010885 0.9559863222247911 0.9187732648892081 2.3450094077293766 0.9258455528221328 1.501231954340355 0.9962510690322426 2.9455981696511877 1.0611658908906816 2.0558078071272083 3.3787008757652957 1.1740943279685174 2.466312506245029 1.042122931914049 1.7355175303235317 1.0178187434924144 1.3690335077788327 1.8481283723539708 2.0601463557762223 2.1375099977314984 0.9788091463197599 1.3624170919964813 1.3975337036603912 1.3155402592535421 1.127647959714605 0.9686912324621414 1.0558348628597973 0.5671739901358899 1.0514882402259904 2.133986314804594 2.3503683058102696 2.4385295586565334 1.7171288164209664 1.1059936270015693 1.5689228338370218 1.3241114857898888 0.8483535884194005 1.957277136138435 1.58805640536232 2.052786678594133 1.9319905853385109 1.0334619800173366 1.8006998613960579 2.9862238125974208 1.713458859431819 1.5696191583089574 1.5026558177828677 1.178576744922157 2.697398223662142 1.5768717061405082 1.1382101944580068 1.1565594655883547 0.9055718183347461 0.5907095833856004 0.5489426510339225 1.5947902455143472 2.3509547809033577 1.2527475212686912 1.3033602542018856 1.859286916077267 0.5772408558584111 0.7955566992397499 0.5425010232270832 1.5514599218913538 1.1528964670638109 0.7095455835331768 0.4626315059406704 2.5404125990836603 2.043723871840921 2.086844012784908 0.8951473211119035 1.2443032391862945 1.7809311244081754 0.8687234957381352 0.8686566750756209 1.1512915286328704 0.7635365563341128 0.6700256379680737 0.6431791544341394 1.1082241311383525 1.3410453720098867 2.6241324626898423 0.6823011433639549 0.9077786972199929 1.371660369398803 1.6270951489146992 1.1660057882063724 0.5312785478340795 0.7769846774657284 0.6591340689255251 0.7458951092829145 0.7503584015078795 1.1565594655883547 0.8809802243316868 1.081391614287163 0.5745231555099991 1.2423420871120296 0.0
3.8387982838367702 4.03042201063406 4.084830048656351 4.109904025521495 3.9031643926235526 3.6131504348192593 3.9945158965513685 3.842530415212285 4.359115020570955 4.044411997106703 3.751324266982354 3.908898873152743 4.169408508352376 4.540003677352527 3.9495928278966117 4.121873989443493 3.7501697363152653 3.7453546492039727 3.560121647624447 3.8177779502568163 3.6192518709664516 3.677835860880812 4.238580349370348 3.4593386727819553 3.817238306024718 3.9208164672472376 3.6239802849669864 3.7646506610412107 3.791373131509399 3.989918252499673 3.9700650361148924 3.493951404634347 4.181641740763461 4.129500598560686 4.044411997106703 3.9705189126153377 3.7337948031310755 4.044411997106703 4.333807580364617 3.7983367382040996 3.824564005852171 4.814749148972034 4.259028076493855 3.455756100364987 3.5977951986719643 3.9914928779193772 3.8775151521040607 4.108410567672555 3.784444722033093 3.8825314266633657 1.6753572513931003 1.3174042675023883 1.5757148785219481 3.1073152104216475 1.8621234813890473 2.092760964029358 1.0807919576691556 3.5039471310225743 1.8982939396179366 2.5127920791239013 4.097859369377215 1.629494976278786 3.37920062578011 1.7338892033088387 2.1766756977550488 1.6330625351371892 1.6875825555473019 2.5339435695256856 3.028771023169129 2.8595413654826727 0.9946481102033845 2.097418708333872 2.3735134223837684 2.0704584270568036 1.9004371654429963 1.7057519439008126 2.01673301791391 1.4114750051412996 1.6911676385691439 2.824373711955788 3.079851064228717 3.1661212070213005 2.4025550710019257 1.9113031762882726 1.8052759237765694 1.1234266986591306 1.485976685379582 2.9394306396515635 1.937721940261377 2.7410790805887886 2.579876326555313 1.6040422074424048 2.5459189525316903 3.610415232908138 2.3325920293717 1.9686069714824124 1.9985873560733576 1.8849230245518283 3.2496075026272866 2.1596793239048466 0.6079202408407756 1.8111254343657448 1.5204402120235865 1.3835506160684865 1.083374651071495 2.09402478497128 2.7961603473650603 1.981162836545826 2.3030473468430785 1.423281719748144 0.8042249834814742 1.7544588449863303 1.2543743708002268 2.242200885797145 1.524723873947674 0.6260460182634724 1.2409828421571942 2.1999306838624118 2.752048234543854 3.0072104744312598 1.0384977903483088 1.6758390184477165 2.459455792244127 1.807555298142575 0.7966282465849899 1.5318879282626185 1.6099782528570974 1.2248241469167689 1.4779343496711848 1.8274074122956026 2.1430492091980042 2.386310134396636 1.4602857653215833 1.7870428186387457 2.229467696376845 2.10579317054891 0.4008560790716165 1.044891776446708 1.2569049051324708 1.1773918271709602 0.9974824582137838 1.1602647637146666 1.8111254343657448 0.9692035423167668 0.7966282465849901 1.1629778323346673 2.1900002596623405 1.128351571925916 0.0
3.3525984207528525 3.2295158098141346 3.3959509038142675 3.3556360109596 3.4754172301896253 3.455444101880547 3.429828615265549 3.2819990209134273 3.5097758192785666 3.289022449579182 3.422923747308729 3.3360441240767416 3.3628108415628857 3.746666051695455 3.8500059250840573 4.271117137673995 3.5876736095688417 3.2717085404444806 3.350036372450239 3.5434957354338077 3.0816595941618967 3.3543826450530734 3.7920215399295905 2.861917477513221 3.2371615701812146 3.112100089701884 3.0829881241954316 3.283843886854652 3.2461924446911063 3.2900304596712497 3.213406356766657 2.9853369163587242 4.061352515141262 4.111852304674207 3.289022449579182 3.2949254849400327 3.2829445558617403 3.289022449579182 3.536595409583222 3.243752375753004 3.3460712774020944 3.764268726218112 3.566748718395052 3.014616789643426 3.342981342840441 3.1940957527925042 3.5864478437098497 3.414234283122452 3.446433687305818 3.2607893143466753 1.553521656570967 0.9734829422467118 1.3359162918506984 1.943345463325633 1.0361449844300423 0.9570353175259095 0.9654900049828367 2.375773226283396 1.1748949690237411 1.4275860241449938 2.927880482646915 0.7155104905730941 2.243590273082868 0.731460292675479 1.19993905393648 1.233955308351256 0.7060972061353158 1.4215084116610635 1.9813133346126992 1.6964382513016003 0.581163761518579 1.0912294917469678 1.355193519693226 1.0204797859295984 1.0743058892542894 1.1175301241213114 1.3429547521378637 1.0269387737939069 0.659293086693019 1.7158149498358501 1.9106380276022925 1.9992811018065777 1.2957566737283817 0.8125311222722021 0.8564342997321449 1.0730571508597413 1.1379531345850142 1.882488935673834 0.9910059861655277 1.578434545777103 1.4024404401843114 0.7145559474951774 1.4069262214986749 2.4620037243129143 1.1843050272414593 1.0185188772260712 0.9491003504555755 0.9587631086148748 2.1554129553749912 1.0596574585989038 1.3933839118967806 0.7935217409844879 1.6101135309935317 0.6964771733995748 1.038911664121558 2.289526649211086 1.7482365967367253 1.8741902914625723 1.5976685395581347 2.3864262061603503 0.963147634876086 0.9974824582137838 1.2297574787756593 1.259193456970151 0.9833209326845187 1.0686804935909728 0.8343037832468491 3.0666040405863417 2.6850040657387386 1.927769403073357 1.531887928262619 0.7376879918883301 2.4461804314640245 0.9195386001402289 1.3451079937247594 1.7530268100614352 0.7008648567622308 0.43294966539599383 0.9661385003944634 1.6806473662857482 1.9934896926026804 3.167193021156374 1.0268493535394898 0.8487909160912274 1.1784196505245927 2.3723698825604247 1.3822284701130267 0.7668845766512506 0.3994608813562617 1.349876377515497 1.3461295982368044 1.438619174588627 0.7935217409844879 1.4691062089423657 1.5813668735024307 1.2209717456639892 1.307628605710921 0.8465800291584763 1.251362489788668 0.0
