0.0
3.7201334287346874 0.0
3.2813100649347016 4.332477244288816 0.0
3.1123098832073968 4.541101626181214 3.4851560327484683 0.0
3.785378024719134 4.797928926189485 3.2393883722492074 4.671217449958634 0.0
2.8255493404360674 3.6208634026732454 3.135418596560621 2.2882166706116474 4.090498795572129 0.0
2.850549376963903 2.951421286672523 3.110202763773196 3.405936728111566 4.180862346851641 2.667664247621999 0.0
2.7210408490756905 3.557853924377908 3.695270121659454 3.583174133365935 3.233793625430667 2.9072746386123316 2.7888122124139234 0.0
3.223973409381663 2.975894672184291 3.7803265585265358 3.693590533009961 4.615920800749799 2.745897241371688 2.285184440788765 3.607219959994452 0.0
2.8466686127433336 2.8040494690194726 3.200376433876587 3.003731577787608 4.2398858882921795 2.7095355411662334 2.383306724136598 3.2474957581009396 2.4345550821106094 0.0
3.048422037042026 3.915584218779876 2.8246655756076735 2.978321842572782 4.427676306736281 2.432421980153837 2.7400725543454962 3.3439433423196046 2.9351746964024463 2.77941020921609 0.0
3.637834226799529 2.966331875831148 3.598977245727595 4.208939185125442 4.213214764226963 3.0791552584594992 2.228200072918017 2.961380187604355 2.4398057900753467 2.7066840336352525 2.8245179612955664 0.0
3.6017357550741074 2.8904202232561746 2.9496065855359483 3.7090018802267934 4.073834751600978 2.6482420242986415 2.036146858847781 3.1467361154341487 2.444408688910209 2.393308097253357 2.526128520600694 1.7519079103109667 0.0
4.086665887613106 4.3506780139850125 3.8570030249409424 4.2701329608789775 5.282935355911012 3.2407528945924824 3.3307125110981404 4.883483736134131 2.808474007216607 3.80509681130312 3.5711039773712567 3.9564444117781807 3.3870843405353446 0.0
3.6735489728069446 4.500164894121312 3.545290651505801 3.1621582385821716 5.57251281941835 2.657561891416308 3.3516312620120887 4.637174319252575 3.3057656113699543 3.5205665581670367 2.762488218752279 4.092176709941207 3.4468123793433056 2.554521740349469 0.0
3.3224745735714287 3.7687042675249773 3.271694017004392 3.4823835255755675 3.3618287957810518 2.4825560877630344 3.0926804526650717 2.41376482876651 3.5735182465937188 3.069293225565596 2.9544467570895465 2.8506863949531467 2.632264411848375 4.298878921614446 3.93279638106559 0.0
3.0010417022321256 4.602990316577548 2.946598381442864 3.170518025102318 2.906457628365495 2.4664667037303576 3.26876692838837 2.5535064830609144 3.5990623718573342 3.471520514691378 2.944575007497471 3.2734956580210497 3.213085576785978 4.300438692466995 4.018278361817059 2.3314652168383923 0.0
3.3042792254705113 4.291134662914719 3.0742036786454014 3.4875268643138777 2.7419476469214885 2.5226063020111367 3.4610425230045014 2.797968298304442 3.543852889064303 3.27269236920537 3.2035188210471137 3.2305211674623253 3.0524849941538004 4.193356445862227 4.215561812206683 2.172663993284211 1.8097986247894016 0.0
3.7788344952077004 4.479620560551215 3.7347966417134444 2.753738244830873 4.901065841160319 2.026362049671373 3.502333680289976 3.632775939977097 3.6260370036118035 3.3080917227560245 2.6274407288568344 3.59542886925255 3.1205661174071073 3.8218218068704295 2.872352670774201 2.605761603537356 2.992325104065439 2.948920506555663 0.0
2.80290320274043 3.1779271422573103 3.3677211959483646 3.77194521871356 3.238735440488521 3.435830852148546 3.1312741590197612 2.7765072082618825 3.4507986091647984 2.9635553794406246 3.6196212842806292 3.486318879786099 3.4124495700499584 4.7368923675254715 4.566037959008448 3.235835940769286 3.357194231406559 3.5311305311499415 4.389066965473277 0.0
1.8070165737909425 3.501858252489027 3.6329737984451924 3.5126010255149756 3.7743995874256715 3.2066186464985065 3.3106413969715898 3.134910942859937 3.1229645372942634 2.6765914244821745 3.339432683881488 3.7213091343768228 3.751361416404433 4.295158308094915 4.117838159810501 3.5231043921639515 3.3899609001241715 3.387318658942102 4.13594142916412 2.6547558558883626 0.0
3.8550298756335577 4.006857657517725 2.996997427942555 4.802349273793976 2.810119436823755 4.407251146677351 3.6148583184590257 3.533934963866298 4.313759130558442 3.7467628070670487 4.090339523265528 3.8430184926271695 3.6117348738947284 5.212758685999948 5.3133010801588405 3.7992429597889052 3.9013875863297276 3.9254393089369395 5.205460414642355 2.5476675690590467 3.8136933022464587 0.0
2.7408597234537004 2.585259021660066 3.230164579591792 3.8961649153880797 3.671035036193796 3.299168837867772 2.2233788070465272 2.640633063369731 2.853219882892484 2.342557083061218 3.0136283016693604 2.5678096784783095 2.5215318243189726 4.148820393881179 4.285176220705131 3.206168662571892 3.561298563902886 3.453033539159224 4.099156939631407 2.7021518534452116 2.7496201983302355 3.0088506617670214 0.0
3.7131002054918145 2.8833641203593343 3.291884325055353 4.5499689808325385 3.3921957078279577 3.8761436313875794 2.9030722199695362 2.9892143019348243 3.6880409484044354 2.895087684539821 3.685827496831099 2.70268732013373 2.5903546327175775 4.902955414041411 5.036997472132028 3.167740712713711 3.8113728540597607 3.5315510222977218 4.548183889524313 3.0674114186688484 3.6592201494122882 2.7668141928362577 2.04975768737659 0.0
3.5254412831552178 3.646598967936573 3.176788622257812 4.535011123395029 2.92971861769373 4.0275749233061084 3.002668801660089 3.008620539889448 3.695210157518479 3.0799276804679043 3.6970468985365037 3.011299441799148 2.9732547415059116 4.82346215700784 5.163199178534181 3.366589438277883 3.5445501198580804 3.368398561373651 4.715597467497659 3.0789688275802605 3.4584209911368076 2.58675874241534 2.0550318434674097 1.861063771243188 0.0
5.069847303304009 6.499090111298187 4.363659559357825 5.92699941992942 2.483862358476853 5.458494766190874 5.572966907984239 4.379077105906559 6.272508149548525 5.8118538892214175 5.660263340194188 5.583390541878972 5.4846625097377295 6.62248957401125 6.86680351345012 4.499119809352915 3.905958004009417 3.849914353848935 5.980455651675284 5.005105881593725 5.285795266785517 4.296509723777564 5.0669094010732305 4.651421862198701 4.050554499177393 0.0
3.5873306776636364 2.90218010985415 3.023752469217725 3.6258642262399263 3.398527577632913 2.8815218795284414 2.411004053441584 2.7846423646419893 3.1659460506676482 2.656677141730787 3.455371131127647 2.676500674505465 2.174569164491058 4.091816162201189 4.265766239090309 2.7935804307775247 3.2236573225251055 2.954523307716233 3.666759909480904 3.0435504427234603 3.7677503971139306 3.2641214748541705 2.452051610590848 2.22383998536891 2.6119698320714084 4.794107380638147 0.0
4.14241177895733 2.5978621487703637 3.911379492752457 4.5563538027597215 4.364936393990324 3.5613897744496117 2.880710107313308 3.335047687994829 3.048679725872239 3.018831479630946 3.421671266081148 2.020140341325218 2.256052787096165 4.67477109485292 4.765446622456623 3.4842544782786438 3.9449144623381818 3.70915482557765 4.255857554843937 3.6350905419844732 4.0689550072447265 3.806205502284581 2.7462279984249314 2.514194525314544 3.2201829583530284 5.855055886441852 2.650851523506224 0.0
3.2016454981176663 4.141745581937947 2.979627952392071 4.022235079528545 2.2992912214267123 3.316187566085144 3.1836749179050003 2.700616319952808 3.679369674724881 3.3579129457421137 3.4685916544059188 3.3269805309470954 3.1124045443730624 4.230400060980115 4.596433319996051 2.573732297636709 2.6084545683571987 2.3817904243810712 3.914408959465165 3.1840635775177706 3.2819443498277328 3.10923238505933 2.7240922685485884 2.8297369731987265 2.2316268720350445 3.3052119207891857 2.7759152505027505 3.8873528102019232 0.0
2.8950007404128475 2.5784780434214145 3.2466482957463 3.7589622795239173 4.103157433963051 3.148525992906335 1.9268994704180173 3.128994089348531 2.1700608072869896 2.030807370412252 2.8599754160020447 2.2490352099265203 2.2346930031717105 3.716392272236186 3.869578163472927 3.4603912046964105 3.657560285901422 3.6060626379567826 4.049359369970824 3.0138989588332725 2.8486015024821487 3.3626047586125325 1.8413707079521309 2.5206938707964226 2.631559997751595 5.663107148473171 2.6603593372299117 2.4632550753175786 3.259226305326729 0.0
3.8261307978970205 4.934577724358216 2.4031617513134593 3.6285602672876665 3.3058382367690715 3.1652882957490873 3.570525843292364 3.6307562247662175 3.922498630619442 3.4949284299586094 2.746638497169627 3.3753252493552526 3.010067830410928 4.296111033718202 4.070048044895939 2.8821425939634464 2.3789416974921394 2.428317586174127 3.313209911522037 4.068929685232575 4.027148367944913 3.9008322087361544 3.6281534879505757 3.568846905930721 3.246941778742934 4.032534411442098 3.326269609328007 3.9450278463527497 2.7020340732078205 3.66310612415322 0.0
3.2816021212457076 3.7447421225907536 2.831632035091551 2.8693271149569117 4.0802790559280115 2.31218649312153 2.8928679075930197 3.0157494601881836 3.221399095368664 2.537977178722116 1.9739617534330978 2.605041956947804 2.3429806920892093 4.24384242747603 3.4261773706727996 2.461512600595246 2.605122511922676 2.6754357093589074 2.447451107992301 3.483894041489538 3.4891061966791503 3.9942183265406803 3.1021840277620014 3.2727740211250484 3.5519483623587917 5.318917521172073 2.9386410960875997 2.930085936548515 3.432676672469883 2.970492402612738 2.523404978629068 0.0
3.261501133304867 3.235974066347976 3.081559666273586 4.45310197414107 3.1644879086752655 3.1506920268431076 2.744176165409878 3.0750457869065855 2.768526822576905 3.1527065483298107 3.149716332941875 2.4414234431643322 2.442869174360212 3.5170556149728873 4.186482274806847 3.009096323018095 3.079851736288564 2.710252261339036 3.980281492972124 3.4025212515675416 3.249200494417168 3.324682261788851 2.5222262061183365 2.7540510464706536 2.717505761385139 4.533953709754618 2.7969414407969317 2.7618032642187083 2.556917612814312 2.5227144441931446 3.197643052074163 3.203514445769941 0.0
3.6463527088042613 4.816958717587416 4.244239283020094 4.410991730038116 3.1009862547868217 3.4021443569983325 4.219380593043284 2.6929262029089016 4.588654897889892 4.432810213691806 4.191798623419194 4.100002747915103 4.1356676317124315 5.1642631887582615 5.1938029961251555 2.759028347586299 2.6824944437703278 2.38413866699295 3.8667499346637735 4.225354288515027 3.9127165325511357 4.615585554812182 4.012709752301771 4.120512957253524 4.008853015610074 3.634884170242925 3.8109609263622177 4.4598169734269355 2.850784608983715 4.4530007637422715 3.718314609367365 3.8365749361477235 3.3166797285345053 0.0
3.2741734741462243 3.520424683853459 3.0359537878539897 4.167517853208494 2.5244381086682406 3.2222394106468104 2.9013990723157774 2.232460571038029 3.4628295287209143 3.1996182383709266 3.3073721517136963 2.4398450616776715 2.6117740847259054 4.652385515951367 4.749547877343617 2.3829275851943232 2.4484820146560615 2.4270038808533423 3.9462122279002543 2.7873514009185683 3.3802607012701085 2.901762848440211 2.5924591212158106 2.2690272122887887 2.3137713837324774 3.7845789279346516 2.420692865157224 2.7491483462056254 2.279106900485592 2.9138708279150736 2.838617979697546 2.8159394426234123 2.3258189301792154 3.0134187000497534 0.0
3.0878359827532313 3.4449838331214964 2.6767691946621426 3.76478757666518 2.981142528627858 3.3536527400514786 2.8285432698235993 2.9481003687382668 3.1813326088863936 2.338629472824532 2.9981481662438765 2.7339687532062826 2.614672015420405 4.472702993350921 4.530599008011551 3.060324002784429 3.037623394362425 2.805728487098357 4.015781826251556 2.8174164504411126 2.90156850024319 2.696419078114706 2.0809493824794476 2.151143475693437 1.8697122939750077 4.377301022071057 2.5245567966488602 2.8578937900993022 2.4761604352673996 2.2745926694460326 2.7323297007140512 2.68432098842597 2.550969140073027 3.8885781859039112 2.283555791627041 0.0
3.603713063702992 3.447819546809535 3.494229001125635 4.483901088358577 2.5743180236083276 3.4602191658199617 3.3303392950529838 2.765651259987213 3.7679579956437266 3.5204121721411554 4.166335612626117 3.222126001460103 3.107451762922408 4.5736918392599675 4.936164252020801 2.580968797471515 3.062097466314301 2.7636491532101313 4.284427582377571 2.848271230955287 3.6091720293424885 3.2211724968192534 3.090010598782851 2.671103443995421 2.8523956225773013 3.9397271992899556 2.4397417051836503 3.4820409311132057 2.4191619449018753 3.473255438489335 3.6328341814568748 3.6889667179288845 2.7679873781334017 3.166443877926757 2.063165622208402 3.0445196308217324 0.0
3.9997763534409714 3.1855566527752166 3.2429991574030814 4.524008522907353 3.1408589501773942 3.438394323177185 3.0835371121859767 3.0125258797754735 3.4350778855529276 3.200650665389469 3.5106652814397545 2.2769257426045444 2.2582539639287145 4.576264219379449 4.79989041220303 2.6549274805541665 3.1749955475308136 2.838378115037947 4.069352157327641 3.2402637071795346 3.9394730375999685 3.153204986326126 2.83135471221624 2.1015332414399563 2.603417289828758 4.499371971514852 2.2491850334329335 2.215659696308248 2.836045431600046 2.9278257167543957 3.0926174746151647 2.895145333722848 2.375495454055006 3.6660627677197026 1.793188579967486 2.5027872825077804 2.2553095325611636 0.0
4.074870909447006 2.2486465800642854 4.066276701684653 4.940342463452813 4.293971325470435 3.749923783499999 3.2519921940119123 3.620944366207519 2.9948744810061343 3.0674461512384417 3.646807270084354 2.33795041016967 2.544060707219508 4.454476211525804 4.810323904517032 3.519406676438406 4.174546575000697 3.714656794006565 4.451392197252433 3.5398644701635367 3.7296947339564177 3.8342935336310164 2.721578991256519 2.576138307006202 3.2439219219197573 5.867538890340833 2.9753824426172506 1.8629853737097122 3.773713507490003 2.61189291402737 4.176708456660555 3.3398998681769743 2.4719027526217006 4.417212408649373 2.8699148747437166 2.944219084071838 3.252254884758383 2.2871087212782264 0.0
2.9654634955423376 4.153671871305546 4.121417462019124 4.014788283849892 4.051072489861143 3.9570748833111287 3.9144468647677075 3.6814948645846353 4.008774876435486 3.9342375771838127 4.304197348237282 4.693332062509343 4.577981103976193 4.923151782678783 4.71398770724394 4.33617992216943 4.065436408765701 4.428408665457799 5.056440549678417 2.217786882829607 2.929942098695075 3.5116236793742326 3.7753309443418845 4.540632786465653 4.360675816153505 5.761937351144149 4.276907055405475 4.899729760443805 4.137490292769712 3.9050481225147964 5.062325593217039 4.536780758408154 4.2998447407963685 4.886974063904801 4.112004804069888 4.048763274479023 4.052733001218738 4.69197104842997 4.786230544680311 0.0
2.267284367531367 3.4769278803213735 2.9317014714773193 3.274152040388596 3.3968716468297195 2.8899511693663156 3.214526650003444 3.4298737677346014 3.0651021651958916 2.5302455344964536 3.3605596993956777 3.745332579985427 3.438896621803283 3.8194464193282522 3.810417562294816 3.502337126368412 3.2497458481638 2.996690247211696 3.941399835041678 2.866011857857604 1.9865878317065446 3.5610851930366785 2.891685205822761 3.50551478880033 3.4128648745722736 5.001130399080962 3.2536583208693224 3.8617473327527145 3.17493369450307 2.799354423914775 3.6414082450056986 3.29688846913083 2.925521716649563 3.8702991559631323 3.3202587350943515 2.6680938579733544 3.3876145439654257 3.6335230536062513 3.6055801330455512 3.2138285154182427 0.0
4.482705879827995 3.426236934438486 3.8933255573589216 4.777469556051623 4.192809552239403 4.201770003899124 3.467000794306369 3.8577482568615986 3.590991407857317 3.489346514625359 3.8582438749127017 3.1950894931121407 3.147857768144327 5.078924832222369 5.263413804311808 4.2159213417358385 4.323997469181567 4.1733796334736 4.936194325079282 3.323839320464459 4.303740075214882 2.9723898836085887 3.1233114357359155 3.1668503987774903 3.353630653394743 5.875608632978509 3.211019550832608 2.6298299786311365 4.112641977974095 2.996579116533346 4.3365360044260415 3.65068901441981 3.346940914598417 5.130920243639098 3.3993839182806944 2.9221409615592693 4.100752460001549 3.1598200156039495 3.0347876900705697 4.2890716075779265 3.9683382466532833 0.0
2.9869100600284577 3.1313995807229014 3.187926046757995 2.761676411962595 3.9552358319179186 2.8168969990182364 2.6543378087736564 3.073236099000847 3.0668603653765825 2.209835601506088 3.2138090507729244 3.325974074583731 2.894658807584752 4.155102372420532 3.8322211123728804 3.184011291088233 3.394839179793 3.4706265475941565 3.610755883071566 2.4333204458846205 3.032837815420704 3.5517784071660516 2.587387161961759 3.03973845647413 3.1314881533530396 5.493671916596452 2.392674013000705 3.5526947689354036 3.2382179090244985 2.767940686101031 3.6441765365824668 2.9966139201077433 3.682972638620025 4.502621137455679 3.168485634779714 2.75346449497959 3.196901894745376 3.3502236298864942 3.7003868108789675 3.377141135681995 2.936792279406726 3.742515969978073 0.0
4.084813342004923 3.5851345426483148 3.7596150944531526 4.784504395765601 3.363130468396561 4.274265599175802 3.784132387182995 3.81356177525644 3.8395414591507615 3.68886011110252 4.402227102579866 3.891304103730724 3.761739455157893 5.102181154135744 5.445942592602552 4.286229375046534 4.1905318616263925 4.00356759715208 5.309684004272336 2.721173870840564 3.7885391400537394 2.4323444806359005 3.3021847776340896 3.360307340460366 3.360783473769461 5.235325685970832 3.3298240388067093 3.4452118773334304 3.817913626010683 3.300368944469688 4.546411221419665 4.185496038908458 3.3274814644150945 4.811614196643082 3.368418676531896 3.014206933884291 3.5903362090740902 3.386848206469387 3.467450578051297 3.356794783230418 3.305315414379793 2.19780421899792 3.6723144032458435 0.0
3.03128077343664 2.825160295444975 3.1932013188323243 3.7314238082399127 3.8020093386013607 3.33190650827635 3.1889562546781143 3.5730130036661634 3.0781852664152702 2.3529620598921173 3.395689140240528 3.3450804264644045 3.1202354001300208 4.3822127387028065 4.34009565763965 3.8020318538303166 3.8199616225102715 3.490812576645734 4.32462467763833 2.9428061538765147 2.6303373887545907 3.3667962781860545 2.5527235697648147 2.8879759223191197 3.152616323587655 5.4899379055037265 2.968660913839519 2.9091909583717053 3.6295525195093155 2.356977628752102 3.860415735770278 3.106896607896479 2.9341867369026273 4.433935191553065 3.2246937073259567 2.3240102008075807 3.595038752311564 3.1806722074231923 2.7897198056364645 3.746927740372087 2.0538309787469493 3.0646937828719807 2.928452425248654 2.8288430822568156 0.0
3.6100273611108915 3.9276818338587955 3.9103655598840623 3.8311847711861806 3.4085952038517213 3.5545384798528197 3.34675982669394 2.651923900837118 3.7442926681578594 3.5549851666324774 3.8148867375693083 3.6015937519783257 3.607488787554871 5.176844102489885 5.1144042164348145 3.5312307105090257 3.311393156494102 3.4797974525680577 4.390120100621937 2.627270251952497 3.671049951654245 3.0240493614970436 3.184317243057133 3.5816070619863916 3.404357957007557 5.003245946712758 3.1742774863805665 3.574739736589318 3.4234022117830762 3.38172134871496 4.15600872295802 3.601817707922725 3.595398912084839 4.001112977712158 3.0917121104281047 3.088475540386777 3.6156241686057986 3.5555085428612556 3.993232761166987 3.1833050224935384 3.6306609882880063 2.6892773329010224 3.2777489102799957 2.554720712474978 3.497392059651173 0.0
3.002774873955903 3.52570739001741 3.148678303668444 3.178881158288821 4.044318949474095 2.9407389916604494 2.7162496390015183 3.4390475600012675 2.6625343658400387 2.810702456309962 2.7292865457549724 3.427808081030583 3.0574771218252255 3.5237188793735505 3.4845235371212864 3.686729965724176 3.527187538200255 3.6723321145713217 3.8345710061586824 2.7657678458542945 3.0107072970064315 3.281978515536129 2.772278606756193 3.7154056013203958 3.4915561042520897 5.737571739747384 3.2751150703423257 3.6638538495749975 3.4178933205747906 2.612631799759026 3.7885725479783363 3.2896030571153867 3.2103282925548027 4.593943484881621 3.5963083219947722 2.973806351656247 4.010734123002818 3.8267350828001554 3.7785637655232716 2.9075623094922345 2.866774018278649 3.0127841166391858 2.796219963670702 3.011788265121432 2.955853288885626 2.715183804796543 0.0
2.873488868002167 2.9641809634266414 3.2234813580818518 3.052787588236218 4.375801224467639 2.8683349746032927 2.735874828154407 3.671039341544948 2.345052814163264 1.7209883014171554 2.8400860920011226 3.0951071934744636 2.8161705189229984 3.742802670820263 3.519852806850569 3.6973635470400392 3.680648664993229 3.5581566900827117 3.716639697214427 2.9793828215975933 2.5660431280336997 3.834256821316187 2.6276629312910216 3.348492670482666 3.4472417668009525 6.075266677514437 3.062637488814423 3.160634964815875 3.761633426134111 2.1460910384571608 3.7199174531473487 2.7971685194245657 3.2595688933514175 4.797874156448708 3.5270395824457834 2.5340901522568156 3.9265560899283867 3.534908135012138 3.167024392918118 3.6538399453924484 2.2738499767232128 3.3259918411968523 2.408147479943465 3.4123561872283883 1.9628195422411432 3.5765127461377846 2.5053115385509153 0.0
2.9063727299291573 3.8099851179102413 2.31093337182923 3.282662633136489 3.263315684210657 2.522561519071434 2.5661970945919443 3.205679215930419 2.5037782001963547 2.5211170464368577 2.411172118393874 2.613995647968621 2.365634366800195 3.325631211619031 3.3890749458908624 2.864397543307727 2.3847531672537956 2.3809116817004274 3.2648006641998304 3.1550812824743373 2.9692650649143455 3.3268124365759992 2.871371769685329 3.2546131143538988 3.035366915714547 4.734328785782578 2.890624859893925 3.167135673946348 2.759753954973097 2.46864500045672 2.3789342697181177 2.3982304500775045 2.296437747495476 3.7474966928001185 2.617746678338818 2.255125339645027 3.272921570375899 2.831942533768256 3.2872181628481396 3.8973348115485242 2.48491475749714 3.336840797536123 3.092004884106901 3.358216356449731 2.7450204675764387 3.303543733614692 2.622667690419571 2.5014896534250908 0.0
2.9113508181721626 3.7340530234627156 3.048919667854966 2.8138292005939687 4.1944467747938825 2.141281014670958 2.9002400847249525 3.295286444393628 2.8638904254447644 2.242081754086264 2.38663753377945 3.0201624025155867 2.673598054397184 3.6128736705407363 3.0216298401847483 2.6483068017934226 2.8107368723074395 2.5889983450682585 2.3066307903621426 3.543430639864071 3.012695052245615 4.197737710192277 3.219023928816699 3.758798508227089 3.8470342718720776 5.573610107871606 3.2502948752876537 3.5589153625384067 3.450719785450216 2.97413516915533 3.0904121190137888 2.131739881305817 3.120111339773148 3.799625084493748 3.36131175091619 2.9035821074358674 3.8306812926627276 3.5227707780873736 3.6216887493837597 4.245285623462899 2.6837780109473495 3.9447654374802608 3.1745861978245316 4.1361576565516325 3.018607463354928 3.7062458062154042 3.0769423823695052 2.5420408877677243 2.237994852244494 0.0
4.176104191700503 3.652606303364484 3.604781296322315 4.403104942209335 5.659675126354788 3.870720077679994 3.6831493924406926 5.159910572573868 3.4083935800250775 3.1206739716880114 3.3664360063848164 3.850508670262049 3.336866596483441 3.7030946575962096 3.173704783593516 4.525095634464328 4.92150399154414 4.806797003202014 4.317044823905294 4.281434328899814 4.0600556328576465 4.669248986679869 3.9642402284585603 4.314534765436867 4.7741467666304995 7.248560696978603 4.260477592048256 3.964189490098509 5.051044207595407 3.333386058806883 4.533398475193164 3.5856219939295126 4.040397063490837 6.053347805523658 4.664349835253025 4.007667212730824 4.940017920675899 4.304342030377379 3.75504281076483 4.87751448851029 3.6330879915406276 4.387466084850217 3.949449971906042 4.6586137965397025 3.345303623164203 5.291286279444415 3.774041905016803 2.8943165845711945 3.492234007918689 3.3895158300740764 0.0
3.189343688505845 3.6485840924927393 2.408210589859197 3.683189671557669 3.9034205894889227 3.0082731940173 2.245566333687799 3.2267723746044426 3.0085901490992795 2.5981603681065093 2.2924608113327225 2.4009230067541094 2.029978317285119 3.5781282067784184 3.357163751529974 2.727247819169968 3.0547877617387 3.208141688939856 3.3350848694091457 3.3184052335987166 3.497097097177309 3.3755969005934685 2.51256943372502 2.7439153273991184 2.7230756830541143 5.035309116910979 2.7807859818693395 3.249574115097421 2.810934691179169 2.51783387112366 2.5805027873723576 2.4891864604465552 2.78951568326573 4.260809548770847 2.681110073682397 2.5162967325281667 3.3050057858455255 2.812553622411718 3.3799214335292604 4.41400765323533 3.42720267046182 3.8254126492511347 2.8987783982170154 4.209713812881962 3.4583557841108408 3.966105874077193 3.1718151545523905 3.054103962100548 2.391583800747727 2.842544887195073 3.4276193777620882 0.0
2.9802066010437547 3.507450695962926 3.4882222966243366 2.2697375327055433 4.267849026739538 2.0439876089543465 3.261047445151334 3.4638252832135827 3.151199962513469 2.588418357392289 3.162283598380256 3.890887770368636 3.2874333890700487 3.574589156558073 3.1012378791602164 3.0740350237637255 3.354582076279115 3.1008914913660197 2.7667202067709837 3.3623733069587547 2.988348367651316 4.477753922853154 3.3821347760336096 3.9950453368298686 4.148043928906008 5.774385893206011 3.075961637797761 4.088055669555868 3.5235500469504535 3.376604813739211 3.8041542236737773 3.057679668291249 3.6996712122413875 3.94161047978849 3.8302365241473924 3.4843636759962204 3.670173727818587 3.9398537707723973 4.028865429368156 3.7478429232697095 2.5693791275695257 4.455986668418665 2.5071836323400594 4.233136429782371 3.0876795998144484 3.805904806784717 2.9603551685747855 2.6774648436240276 3.13572613192042 2.5949100784967443 3.9252957773749886 3.591196585637064 0.0
2.9963047403504492 3.806179123600507 3.0022293591803573 3.1098940756816265 3.0876058860837925 2.045163762722539 2.8490195329606123 2.1950537431090207 3.430898261118018 3.1695844869443115 2.9370748365766057 3.003059179625277 2.700193230338985 3.984486597435493 3.72396247360302 1.7630984030028938 1.9939227435774995 1.9450736322681779 2.6378266169343174 3.285077530053734 3.4203657076684904 3.7991476094339736 3.1524507637253465 3.2894401323321425 3.404623858093657 4.223372926765442 2.5566257376817694 3.463657049662463 2.4822346158120747 3.340507743532508 2.83215973341417 2.5397017097302177 2.7593739367741055 2.3308235403144413 2.3844760443452824 3.0721178280673884 2.593169243964265 2.790068528321814 3.656120198869802 4.105639386073639 3.1430457742807256 4.134356116995733 3.151302392375691 4.051935709388564 3.5658829720635694 3.2584001724858633 3.407567404117581 3.588804771306891 2.6352139842752567 2.6536091180700794 4.624029202589686 2.931247465406729 2.7840438996177213 0.0
2.451288309068937 2.7590489261143167 3.4946496179524558 3.36544658582425 3.7442921202273114 2.8123673781062197 2.77049127830082 2.5342465226613027 2.817850776128784 2.2492823048076502 3.085546328885603 2.732119118665035 2.9246167941464325 4.549029792074153 4.211720811900611 3.0121443173989277 3.0491829442928844 3.0669157288826505 3.7372833633943587 2.3474841800124358 2.287763894809011 3.545057007483738 2.4981883540027248 2.9621697406512104 3.2308687746269134 5.379023957419872 2.9086283636663244 2.7850329153286495 3.4491998322733366 2.4241951125834795 3.773400696309845 2.6153677188106226 3.0096762416757343 3.835436959744595 2.6192165721375336 2.505714681374738 3.1388967842034554 2.9586349472028655 2.8359594139022186 3.309690671713995 2.478190484431846 3.335750631338031 2.6083995398144824 3.247744913949637 2.243849604416603 3.013709211013911 3.0726571704633776 2.2647499032373446 2.7035676504335986 2.691583765017183 3.8011579747775843 3.173405433091707 3.0443110370456217 2.964100412038678 0.0
2.7302369022222455 4.241481024768766 2.3898942814254465 3.034691338424648 3.251581655587849 2.9592639634252267 3.2922725523585137 3.198676745150033 3.552173340152837 2.7974844845168554 2.6588476640269287 3.3701947249786923 3.2103201080875325 4.5635324551712255 3.9568329343303423 3.083097852206134 2.4861529897218007 2.7582501498114107 3.635854639014779 3.040643803446982 2.7893451395536264 3.3965696614739103 3.1754728613606886 3.367859273364746 3.245229789749453 4.528567649304502 3.3673062429957774 3.63166474775288 3.1432078826613226 3.02407029961653 2.4670784591182584 2.311314811497474 3.2528597482331794 3.880201321878739 2.7720815530868803 2.354117699465675 3.5787905052121816 3.2239619915472586 3.8390919807603345 3.8268055395526455 2.5651372668296513 3.8918173066962978 3.057062007779406 3.7597562943837084 2.7351594386446583 3.5564076486366463 3.2119737394785353 2.7303134180513307 2.166447087367115 2.7101796526740696 3.846836348022143 2.8273441512558053 3.3206094802854635 2.944886889556195 2.5388285214400597 0.0
2.013185351638533 3.3328569975019118 3.2556014784779945 2.640201008733464 3.6903087133570174 2.4097726904040293 2.787324303701511 2.882830345178784 2.5784754352855574 2.154948879763297 2.9251964121398335 3.2664019218624856 3.1606930890635163 3.8964052664447313 3.597185878760896 3.1439709345732063 2.863778262035168 2.9059799326719182 3.4618227393285887 2.607304676065104 1.8356382137124074 3.7886077737265387 2.7512175857068186 3.527835490708744 3.448998476431512 5.3224508195743825 3.144124460497656 3.5596174453498883 3.218386947467354 2.5153687387858583 3.556429221433249 2.831836157089163 3.1146494867385184 3.781744121505625 3.12943951317819 2.6660864227957477 3.422983991349462 3.5493670186942183 3.5500522730447526 3.0042148632332735 1.8477717515820715 3.8365526309816302 2.4933910184792687 3.4905281973532 2.341995317258427 3.162684527024297 2.578338511785064 2.0105990135078273 2.385966270754716 2.4273697136484005 3.7774253863625162 3.2322718480379264 2.3429420204932905 2.871822274308922 1.9422916295826438 2.369577188036455 0.0
3.355427650024281 3.339129497718093 2.561834000203251 3.183114556732311 3.1000296961582743 2.311827350160153 2.739059330941701 2.675680327251265 3.280239114501603 2.7029406362515114 2.8825498599829067 2.771529808831276 2.1805978847107155 3.917927255508798 3.7279498917684655 1.9471016256510796 2.493909886556539 2.2446598151905457 2.8452792573717627 2.9174671510072345 3.539949676690709 3.2918429436446264 2.839698895722466 2.6692623679134213 2.9699462030350756 4.467452827688052 1.8787640596618997 3.0219878838387517 2.5172250832537535 3.049211125641037 2.639651850273509 2.3116445086915602 2.767267467752051 3.2925952405523518 2.247781134391868 2.587030123363044 2.3407254672825997 2.21864496658144 3.1745541099462473 4.102193135038878 3.0712680274290878 3.556617476671841 2.4892675680553205 3.596794716856911 3.1256707192359476 3.2496151686982615 3.2012848634313906 3.114543446750324 2.5197243215201754 2.68202130775095 4.024668642367437 2.5050886409078834 2.6773977684716446 1.90510615423296 2.837783093455131 2.826518245883 2.939969840520893 0.0
3.0681080773134055 3.7379093713916753 2.8887107872604485 2.151647831480483 4.040883163317765 2.1747608300257153 3.0949477490751813 3.3548403817694905 3.170878773810707 2.3658414960937657 2.727300335179428 3.3887471743010424 2.913256482297046 4.03658583539001 3.276361567847876 2.920522477987063 2.816891040888679 2.8926294075671133 2.7841930030637507 3.1060822177009513 3.15450140956575 4.141220266940555 3.3286720348449204 3.628035143558281 3.806646253758311 5.4783351402459175 2.8523067289593538 3.6286449222359884 3.5320139916154965 3.1908774901514136 3.0037876769392624 2.2029184288101185 3.7056725321978523 4.208497024659305 3.2586450708993073 2.955562769357415 3.535294226357321 3.38420868352577 3.840638641680484 3.9209752401127727 2.7862735062374266 4.11151326717481 2.132236816651423 4.127439495464781 2.930678976358729 3.7187756097069125 3.1529606272605086 2.392190587356429 2.6643972084022267 2.5045589685175433 3.613160182720069 2.991698653330549 2.2266495723870428 2.8122088820481723 2.591328080288173 2.3905752497794084 2.3315135641260816 2.338099298775949 0.0
8.170987863026934 5.531365322766276 8.497240868099636 9.091504429757295 8.242001005942027 8.016093183952936 7.329044377277857 7.753350852347484 6.6849043723442705 7.0978401339304735 8.12001741609136 6.433107735845386 6.850058505937017 8.186182587479047 8.845863731363538 7.901447440936447 8.57992896794016 8.056693652664448 8.790122486336028 7.407667315577234 7.57259088704224 7.6137779479779715 6.92720510787875 6.597308742391315 7.341974993412096 9.803880046362615 7.110926076943175 5.5640399893138115 8.145023146795806 6.496920720779722 8.705784034557754 7.761268703527091 6.640985357063788 8.409164299501377 7.14694603450677 7.2211931555070725 7.161191596348456 6.411754070189189 5.133115491253592 8.260535294157757 7.494316079800824 6.362885652141574 7.814751844206574 6.618946063893614 6.471676011923272 7.682778861158442 7.750664804716088 7.004185302071827 7.554744214505657 7.864221454573427 7.131981093225292 7.889510973814667 8.051720627812978 8.00869114118358 6.7350139601093195 8.062378634973312 7.476127556331712 7.62797938917943 8.064007080361117 0.0
7.071489303319936 5.483324061127363 6.914450182086241 8.026856394579848 5.691312991117261 6.597425860336939 6.367779174561624 6.002156549808193 6.225753791444056 6.539421226841797 7.180829204474725 5.478060684949648 5.719320795628431 7.068282902953418 7.996264603960954 5.8647413979757745 6.477012822947419 5.7127169568805 7.231747675923344 6.525113017652536 6.785258421315924 6.237880398432549 6.032787175442819 5.340099617903716 5.823171581970455 6.587180966706085 5.5421518381362205 5.011858569409003 5.8561937369266985 6.041442191469687 6.75700187471948 6.623753769682289 4.851751029462828 5.521897230114132 5.235287918591673 5.993349053770266 4.935090946770499 4.693523254308198 4.609538460595902 7.541926878812537 6.394111876385149 5.871454952712776 7.036024162227658 5.7174826876545275 6.0019671542929665 6.387311474803641 7.042692576342866 6.799278062674469 6.170689746077686 6.629455894831802 7.3298628853753005 6.661231443142139 6.903232947673229 5.810567979765623 6.094026266066129 6.883877493186882 6.630421677117798 5.810508774876631 7.0980153338508085 5.348206519858134 0.0
6.669123235180136 5.107559196819873 6.606934537470737 7.500722186378476 5.591260950762231 6.2954665256631985 6.069241819423173 5.928812751428547 5.638436968164579 5.835155249203538 6.88338259576325 5.196878971007437 5.4783348606057 6.873430655344239 7.680400164235801 5.838545084662172 6.243374762456832 5.488554478496336 7.009286319544835 5.977371605921786 6.196359330118116 5.8656095899472565 5.784405096364398 5.226770821297966 5.669334499370373 6.900999673532898 5.36017994010609 4.639485572611653 5.929660178581233 5.523087825330346 6.58627423050419 6.203628387261815 4.7862295551520155 5.835108723597185 5.150501059819991 5.473483069476863 4.990040615064299 4.613007223429885 4.288218980008472 6.927361477739427 5.724414568329005 5.14112486765874 6.542962348400932 4.904978504092564 5.2125729537261005 5.840022750786139 6.505821845977756 5.944433002299916 5.613937959984913 6.006238824823366 6.617793951141974 6.477441934313529 6.483920491270348 5.819339337436866 5.381989481215492 6.2944684964724615 5.930105582143203 5.660673605839024 6.519287329150283 4.718713932956107 3.0544003216827584 0.0
5.555029106164238 3.9459488701750614 5.857680795127816 6.5567877000682255 5.259712772095438 5.458827088734153 4.768287103951475 4.855825027736844 4.216156931580453 4.540579221446142 5.400230909319979 3.6376076389474172 4.236546170551586 5.951826416193841 6.671950438681755 4.9677870283063115 5.463387066796423 4.9195611002461455 6.07597654673923 4.96055636009777 4.991617099980902 5.047994320415201 4.20996574006239 4.003142145930529 4.271310712205332 6.667350258155808 4.574268155416696 3.3379277719863043 4.899969152081254 3.9857110239518074 5.56472551373525 5.058494966988872 3.794095543634305 5.407662774862883 4.160703059703086 4.1891483453250125 4.516303144329804 3.7259155837830678 2.9293971199046243 6.0833955926422965 5.057707421776075 4.0408707919852205 5.3572885129461945 4.409414145395768 4.333705741844305 4.920142109051112 5.220553124947529 4.694640555747715 4.63960397265755 5.099577995982354 5.611282704942685 5.052432865084766 5.714322249403331 5.178380410934737 4.274060415213019 5.315114225261076 4.90145329070137 4.935619150360433 5.602976143251702 4.502276611092928 4.200683577143673 3.613028838454756 0.0
5.289252229628954 4.370894763955769 4.624217136443767 5.694909339682455 4.823562726191297 5.276577006274692 5.111201149405278 5.526402570114839 4.635042939427367 3.9760457998469256 4.950024801752231 4.663624088515531 4.377713646069765 5.53700886885149 5.918074824698204 4.999726309334435 5.467117651151281 4.81571597506966 5.7965251995983555 4.643544446041282 4.498647923323353 4.474838666738745 4.167683289316852 3.8412532434255198 3.963523883449535 6.222719279124881 4.4465768476119125 4.3251531406119135 4.5006129621610595 4.104026109175012 4.67420784570809 4.733822844756282 4.26009615292809 5.8991069135316865 4.545817203065271 3.5977560089467566 4.610869389866632 4.030771348628176 3.7362693238857054 5.715107645933952 4.13888421542659 4.487847606278118 4.491715051281737 4.4083259456968475 3.5359952101333376 5.4161130490798595 4.739825567973987 3.907247586179106 4.323118337289928 4.804084335320388 4.480988097258505 4.573438462208518 4.7658704901130315 5.259163299417044 4.5000036002686095 4.417729667537394 4.508506648455782 4.454998399347554 4.593044020281534 6.519757240822508 6.209867469533976 5.6001559324999395 4.535737858268088 0.0
6.26154655896494 5.322610431880002 5.870374604148217 7.620120161118054 4.443946929853709 6.384576627714878 5.960828036138825 5.483356645372233 5.933127341047588 5.925657045460671 6.458050957431264 5.072900717578391 5.301993693026596 6.746645397196685 7.595496609919481 5.213278983463462 5.773116548820308 5.092866769970707 6.966252632778523 5.52416293087333 5.833626876023672 4.88447014027881 5.191383648828412 4.397342919051193 4.5508073157991324 5.185055870127295 5.194547453592225 4.915355906303403 4.696883792236222 5.456402733768218 5.724795760966045 6.06672935161245 4.186934948119658 5.128620103016786 4.328285749708615 4.915128284276317 4.129362193461386 4.012130784696874 4.241589038290233 6.6780789016402 5.648320054052363 5.41025858810871 6.328273830638713 5.057299089796825 5.3976315153522165 5.9149693269723 6.379082128233739 6.204825036355573 5.419783583187086 6.14071163014656 6.695075728640539 5.638437444584454 6.576730783074945 5.437223410036093 5.5357969095735 5.885188900616447 6.037075119429822 5.233687868806809 6.527664158701109 6.218998718372712 3.503147415139183 4.0276934807930775 4.076397448893282 4.991287831048974 0.0
4.679210459561675 4.239389981538039 3.5549598855779485 5.568216975559485 3.3867364218075826 4.529891970189576 4.33998453304193 4.534923542136589 4.361209206381045 4.109027434376294 4.591835938331506 3.820373523890811 3.5999620708182114 4.836170532128322 5.40838930423486 3.896695599884156 4.178620910416112 3.580868899643079 5.168717271824408 4.202117924637362 4.404942650403662 3.681726674392169 3.913175668762455 3.2321529523014836 3.436513868502574 4.53476146312852 3.5925215569261395 3.7780961113873825 3.4956331561578438 3.9213253538509663 3.747846830870353 4.181720952458544 2.9285395708181468 4.453247233996286 3.158748780721345 3.3087176799198477 3.076878736755009 2.744050727158497 3.2950959626987926 5.360221001321397 3.7748994219382106 4.314414431603272 4.496181784165028 3.9758397246852657 3.6362839828829734 4.9296352322637755 4.73603813807469 4.252205959352287 3.4531754719080596 4.277565710654992 4.496950881474233 3.7680633888077 4.706759433414158 3.962134010457922 4.085103939294745 3.8706258712412196 4.318032678091033 3.4389128124397272 4.367059198643966 6.729067288410376 4.755809758499208 4.6002305914521076 4.392263137279625 3.7099909295258717 3.5714039542335607 0.0
5.363007242333608 4.071197894929828 5.1648179656391955 5.942861722246803 6.115548220762037 5.400187928491409 4.8302409248359695 6.092729454799243 4.030060128622053 3.8859732014070674 5.048612574156681 4.649041043054556 4.428767090360337 4.878520807904541 5.4677381343806495 5.799945102712251 6.177704259847502 5.620525747688729 6.003310988844812 5.246776128676093 4.693512676084971 5.312801013499787 4.340612689151007 4.603911697403159 4.817498072624597 7.7174505834628695 4.931758958027208 4.3769776131284335 5.513656897919825 3.7903617431519097 5.6202077127968435 5.130683746074111 4.444941926099006 6.763600329794147 5.4185594176545235 4.2796159709812835 5.585770225033353 4.895138319308018 3.8327665441546155 5.9690466809452705 4.282550163585122 4.558627989704311 4.946251559051077 4.75567843476966 3.594633941507894 5.874750536593697 4.675274658928804 3.597229571542406 4.508900322210015 4.73618260528499 3.6655986699963523 4.864334192373201 5.024747911819322 5.879544750961702 4.678143785241753 5.111501408053278 4.631130748651856 5.228933479364483 5.087708463430963 5.895687389570923 6.671584179243919 5.731809114559419 4.562129594475846 3.4362595871705346 6.087237105529251 4.668955827233118 0.0
6.009988650123113 4.269572195788858 5.726984413627679 6.888216828192836 5.617836251057506 6.20485109740635 5.195248726834373 5.598134365609638 5.14266480570849 4.569910695519426 5.840636838640625 4.464594301190145 4.64377052756607 6.633583319630674 7.140584671975151 5.6403938338101955 6.290901249054906 5.667961923585541 6.72327646643205 5.3077978131389845 5.443753642756838 4.793716626786084 4.268293228881487 3.7022312277258274 4.095645665147826 6.886020043743506 4.724723485677231 3.860789789807056 5.315579615670979 4.202510720521607 5.831180821813125 5.409806830012728 4.536789974005244 6.383698455330397 4.783278737823164 4.06922195313967 5.128540906562202 4.217480207291441 3.5700387064400694 6.606046744617745 5.254555832323639 4.132245076499074 5.456366921855871 4.547668666157599 4.209698011320213 5.508531772495438 5.616657596017764 4.790765873363165 5.142430556151182 5.489234597662739 5.443757618976938 5.173942854757977 6.111127966848069 5.905714814083586 4.813406458693823 5.504063001251464 5.438486763548204 5.277351656533136 5.88851995552624 5.145571394353655 5.261813917429699 4.537896516901945 3.368552599189954 3.887028950867758 4.575835417789807 4.4294060790977285 3.9881485464557143 0.0
5.922369579679446 4.805272682439271 6.18200048901896 6.723999078786204 4.7324861891565 5.48622462100581 5.39352463033533 4.77506466434801 5.205817896930951 5.554381149903072 6.312532947760167 4.664846239324095 5.00283645570489 6.399493821211107 7.20440722550196 4.992132542498338 5.279234862665167 4.655599540812839 6.307294056718635 5.4692545696677675 5.663130512484902 5.60169810416112 5.135075476414697 4.662122953041684 4.976546745427151 5.783000875009751 4.578140298136125 4.277914837384864 4.901596642315547 5.118194688129142 5.873369770001115 5.695584974512732 4.196937075492852 4.462095608766343 4.260486901900789 5.062874753112395 4.020836391100513 3.993876319744972 4.106296589087389 6.397461173046386 5.37393536648957 5.172286919227308 5.852492935192719 4.9007157719332035 5.0920098047226 5.169574953673934 6.0311065335216805 5.761992424528942 5.2290793282806325 5.749164523182447 6.89750955496696 5.937956794832972 5.789021568246366 4.77157893048687 4.931411738187934 5.811616925534542 5.363505097057242 4.9149105946134775 5.926512127862586 5.652351593878158 2.9287533929935403 3.2168758778858213 3.7983569086826625 5.799209822991858 3.97099559108101 4.551074550334108 6.358317610301838 5.206267335189262 0.0
5.534085533911777 5.8730651571596155 6.509511212634268 7.444467707187677 6.415570756952424 6.781386415788677 6.614469424391235 6.213215599132916 6.43972219480711 6.2942523061344176 6.27957062558838 6.1633219949360685 6.604368238753844 7.602347440012499 7.343954390402139 6.588269061195243 6.612817235754977 6.603984792166971 7.552579256214566 5.865164979120034 5.12958776122767 6.162098705862726 5.884498083329348 6.00214659552383 6.302900931641931 7.444799041623062 6.993580915304562 5.892030573409355 6.679996336552276 5.805625392742846 6.914525287443567 6.267347966077908 5.678367558480906 6.544214663651045 5.857080073858691 5.940147221651578 6.38909798382297 6.0692372422270395 5.394912345747264 6.202586660742483 5.590728019041808 6.52038597893852 6.937122517655055 6.1895942983225165 5.307048294145915 6.846141264307017 6.616370145595787 6.027894517867859 6.126633057507591 6.425740765309292 6.05939870819423 6.467646219691548 6.980385538627754 6.622202168056144 5.2490218331630425 5.578792712868225 5.7693195292236314 6.761852296356996 6.706003071355892 7.008098005672617 7.31066594218087 6.891445859345543 6.094192298514219 6.350144115030588 6.331156768541324 5.967034552081919 6.491677383309663 6.46554879562039 6.981183610231012 0.0
6.264361041802 5.297230983173066 5.671675313171289 7.34566837635497 5.093709455337481 6.259129519466024 5.593623121112124 5.472228897461163 5.747836569773235 5.825718302851672 6.195779570050499 4.619879650476627 5.075594427802659 7.044304253679683 7.471544661720024 5.6788428759736505 5.687731367524573 5.419635529486105 7.008791032299614 5.595605982682477 6.123328670282301 4.99361438819293 5.334191530177967 4.542375973310988 4.990406443086115 6.046298635706684 5.133857616770207 4.039207775275961 5.670376083420576 5.132333039562187 5.759789676628708 5.54160226512914 4.453333251733773 5.8276005612669755 4.31542792724837 4.896007546367671 4.8660080588107935 3.964633911948341 4.131974280877528 6.7290031574828015 5.761174098630621 4.628795222065316 6.337059562518341 4.714767363184382 5.024187721245534 5.604368600810692 6.320441087901797 5.844443599704869 5.1565981129107294 6.000884928284672 6.220607341475553 5.6363712439022775 6.886867751477147 5.6150370995724215 5.038684634364454 5.430979816979175 5.915745255441421 5.388454576603328 6.236536214858519 5.645327812551438 4.3595127251830785 3.9522179168600506 4.208573477212703 5.841510281768314 4.196103194649835 4.208536738579178 6.179795009784205 4.643868194490737 4.355880430973315 5.830434165496875 0.0
5.435144794087319 5.768927728083829 4.651790404079031 6.046729256535405 4.11715401945666 5.706398902968828 5.157275598233084 5.207687300427627 5.110712149709303 4.76072080385108 5.090809606615683 4.717235974323636 4.717155693405619 5.9590182528806 6.545990458222685 4.930611183859085 4.869210642956697 4.576306929083963 6.074951077516181 4.931362682075641 4.986755788823222 4.2885360994554516 4.360275769939037 4.114021284360574 3.28985994309512 4.774381032949957 4.767370982250063 5.088031162139018 3.621932769567102 4.573317710913586 3.9628014069857738 5.083069350372264 4.3560912361620385 5.507222998613416 4.167817398110018 3.5450990164588965 4.607741370241049 4.245982028771542 4.87823441510449 6.011430281246241 4.982412804443848 4.959363587155334 4.942977878161664 4.961928706063092 4.895210239270271 5.19911584765026 5.017104026593356 4.962447618912144 4.297372368985917 5.3115631588567656 6.080350375281614 4.32197902753895 5.711248651679259 5.214047015162534 5.164156387419907 4.519809383523765 5.053992674440282 4.734704619248003 5.251235730997047 8.359238146403213 6.852704813909862 6.609235377730686 5.112632726724468 4.00253094377373 5.0610733843675675 4.288996527288983 5.459133744991416 4.974601464392243 6.166655863530713 7.410812363661652 6.17996015408736 0.0
5.823661007183218 5.066321221084969 5.446063012745169 6.665955693158146 4.600346210593885 6.019154568748906 5.090884824108261 5.042258621347086 5.0412031873332515 4.838617168221877 5.730783555844598 4.21025453838485 4.666285099092044 6.727139245842296 7.333752876583184 5.334305211032963 5.347775670505141 4.970053746817541 6.642304198909884 4.954527808694804 5.371650425275132 4.362977915726994 4.404043568399347 3.8467556877498126 3.6660042049088775 5.678996365326668 4.594453521520966 3.95139368848226 4.690921107725034 4.336506525077402 5.1106066128068806 5.220519640997024 4.283132378100014 5.7509235379672345 4.0190613961159745 3.7132277461469627 4.652134236357742 3.8303762383579714 4.010399671504856 6.22047457980355 5.253048438549237 3.876705424977276 5.364156453703285 4.125312118494068 4.514975519693416 4.717289194924955 5.430306023681211 4.97413574044856 4.61243810786678 5.495683525270591 6.217951656582777 5.042842425309467 6.272321083931958 5.4894707240198155 4.632146941273708 4.975111453616581 5.210629133256907 5.046161427079161 5.689915771993871 6.196761681454035 5.273579467976785 4.4973372318440985 3.38175666332761 4.562410789742277 4.346155558441318 4.320959739103594 5.216282365782398 3.3891603808548103 4.665585564888169 6.755270095740947 3.9883582487536042 4.0595981142804085 0.0
5.399438124692179 7.028987977817482 5.373585804070792 6.0393739629017205 4.452467588467565 6.051920682373883 6.501576243722483 5.158995797840806 6.775697092591386 6.040860361638772 5.482314188951387 6.148932547396961 6.269664993037655 7.693074435938508 7.327270067640384 5.349600383582686 4.810252005185854 4.844661148687516 6.2976368431094425 5.661598102226141 5.232138931771761 5.4449369129854155 5.549716060842572 5.4716194103288665 4.973261890343202 4.26111249635935 6.110802102201234 6.220712038402687 4.724263274107113 6.0562395847186465 4.567079056393902 5.269759464698154 5.574015679127541 4.8013475403458825 4.869039187774812 4.747104298895728 5.72415117256817 5.519099663242869 6.221398770876217 6.362089849996853 5.491989280008498 6.307442905856723 6.067359302477815 6.127679028786144 5.598670280322561 5.674290128432175 6.083063032340656 6.085138922756111 5.386438414307401 5.833463743478934 7.364135148531513 5.726926280585068 6.209943481618702 5.368184895680113 5.493798712447016 4.443205215541719 5.4900288400080415 5.570657062207288 5.707942677733586 9.973845834570342 8.065777085637583 8.004219134841419 6.935867623110269 6.035541941545522 6.535162856129399 5.844178725380988 7.667998456589766 7.057853545848695 7.134330807061117 6.4604894061180165 6.996804031469042 5.048207022250009 6.153332219742986 0.0
4.940259810008615 4.31757334205284 4.348094750713158 5.223327888286764 4.382108340650691 5.041458632377878 4.8687962127311275 4.684416125050622 5.030325258769171 4.0588044767354585 4.710513542157225 4.434942837748897 4.301191781675048 6.310989246074501 6.138416082265015 4.647604827634607 4.96365561223452 4.627548060813951 5.677711559031689 4.288802820099913 4.486823802626357 4.116185725600786 3.9065994010782736 3.217389582243583 3.642899710350294 5.542130834000721 4.016664545656079 3.7394918719724894 4.409577589238361 4.009518210445079 4.353336125128413 4.1395447564243115 4.371630860186669 5.341917143008283 3.863581277022325 3.333161449816539 4.311573238154422 3.5395214037526332 3.733259654319941 5.526417824534414 4.251269573081378 4.257669465612508 4.189589167435605 4.301570576163565 3.347302721342105 4.861916003237528 4.848131909991917 4.048735993206834 4.377852122025999 4.894358036950256 4.94902345930959 4.44950412036669 4.80353421465239 4.747596590165826 3.9544143907668503 3.7487182630866647 4.339547319806277 4.080561180956769 4.191103325337434 6.753232162185024 6.2631686190782165 5.863079076843675 4.862104645365169 3.317640099853616 5.262651899623006 4.002914350743415 4.828655914738715 4.257701150366425 5.543003686353196 5.757267221201312 5.1712612198289944 4.549949543823433 4.4928458935926505 5.032409720240968 0.0
6.54041500660472 4.661781164437961 6.2513912982278 7.790537687573651 5.742573903628906 6.632610913498682 6.022568672447939 6.105075536491237 5.7485871835690485 5.732575588326782 6.528803995342066 5.068023752395994 5.337466288394899 6.942257014110988 7.562671447112071 5.971592172911702 6.6157096770725685 5.998354191010547 7.305015863411101 5.630764539517262 5.9797394753171 5.197560591006597 5.331485782854341 4.672954809537048 5.272947328448066 7.0887469756046215 5.526011344228591 4.395148133270295 5.973387919300947 5.21670559769719 6.555507835516113 6.100098941430484 4.665741520367755 6.428833532876047 5.076848676811669 5.199675915476024 5.136463225524228 4.440354312530212 3.7207954130239753 6.719451742478939 5.727453317828276 4.8032660650364045 6.454963098751504 4.749185656935568 4.917212887814971 6.097836705152085 6.318223924271123 5.767721695653517 5.670832237027249 6.1595593615909285 5.802176568249828 5.997297427267797 6.751320472606424 6.188094147660819 5.307682212146531 6.106906700893262 6.078206773052112 5.745218030471724 6.606512784884687 4.20145561457596 4.021238778675037 3.503496123755514 3.592946568090159 4.815940777396945 3.597290769737093 4.193375121712164 5.013752548276805 3.674825687451932 4.637460247043915 5.572558289084632 3.6766385915723525 6.204354756714899 4.428720821663129 7.658305787135725 5.131269822336832 0.0
5.945619395091185 4.178089476353295 5.9884164425472175 7.029135752319672 6.061013341842613 6.077171021887499 5.269175870851358 5.972868174865587 4.551047387443854 4.6903801782640135 5.789356961333381 4.364667597192948 4.721098104556832 6.034787591512541 6.718205640484931 5.843086304919248 6.339617599197236 5.793586136619692 6.716405932539969 5.393330458759826 5.244676057960421 5.383720397774856 4.715433761148386 4.528198784546657 4.904684018072139 7.601531766993079 5.254395428810546 3.993544731951193 5.764265598601339 4.242346337767491 6.1196774246598205 5.552892112797368 4.424803409009009 6.640007265965665 5.069047667567621 4.61917075515246 5.3221733243280145 4.481205976904256 3.348084008721014 6.418086132553621 5.150733722626845 4.526906198153593 5.730399164201244 4.7824375268437915 4.3053347676796685 5.919682794841236 5.597114774073247 4.643652525021769 5.002082421653614 5.434638831916798 4.8624975086104545 5.3481192132757664 6.1205033223725644 6.098493466417009 4.725807213468977 5.593319658558204 5.273837558741208 5.5900023703017085 5.911196855340844 4.173996881045665 5.208249279312221 4.197228340011748 3.008500974607289 4.090474133298064 4.733150546721539 4.449529456421744 3.468230789676279 3.140696237324062 5.166691881307286 5.764894761195631 4.592400061432765 5.543880340765917 4.048832213980151 7.695205608102699 4.956571221180098 3.2925900329375537 0.0
6.070557781877346 4.8518477599066765 5.901698960114318 7.380965966387767 4.611644892681641 6.375480990566677 5.819930448247417 5.2669146538528855 5.950902774563332 5.853159965291479 6.56349050039637 5.215953914933973 5.476460930513262 7.205213103116893 7.759268406972212 5.690113172787721 5.977903048955057 5.513721287207725 7.276575522604057 5.019529886079468 5.721628094365053 4.415847209435956 5.085309303534195 4.402949848386614 4.813282648834707 5.800166836115153 5.068595816888443 4.461151122633037 5.3882878512590215 5.2369288592979775 6.3135113982228095 6.036942766811745 4.500649996878057 5.5522611665995445 4.479381082196344 4.912798000126512 4.516252366903529 4.242508384871055 4.17041420430103 5.9476223041156 5.410164249404518 4.432392253856192 6.138746785375905 3.905691377511475 4.768041627248697 5.075208983883165 5.987697146305073 5.859126179038824 5.511667193449367 6.188076143896767 6.559345480766302 6.059864887891792 6.534828383913346 5.608698579267422 5.008375572540406 5.755288357135532 5.761727458253387 5.387235009975797 6.419826235193806 5.463077607176658 3.923470083343614 3.6387189801433273 4.205280368633469 5.4966936014215815 3.597196921532137 4.31697226965343 6.106342802793936 4.454471368302526 3.9915184314637466 5.775631400108466 3.359153903836927 6.193692278509537 4.273615380550726 6.90745681798856 5.069998652165015 3.244748656702307 4.739675697278659 0.0
4.90154432032356 5.057588312531074 5.319843272602149 6.6085098961048425 5.397156171704713 5.6285134794468625 5.6099584511142435 5.631610552499081 5.339858551232988 5.4997391007782275 5.628452793114174 5.28866777556226 5.51370372754471 6.068618005793157 6.1913864321065795 5.769680681895039 5.6014078044003695 5.435699301248926 6.586040277565763 5.285931692367593 4.661777582193404 5.478817908898452 5.279615560504876 5.305498915004456 5.657812864549951 6.567753574872335 5.792389959122676 5.005712919439985 5.800000029516054 5.003664570473482 5.940160713295162 5.492158699160792 4.415049931440871 5.639253255614234 4.97830276954116 5.202150727365012 5.238355159654747 5.014247320484274 4.498682968900017 5.639933104531229 4.459137971126359 5.721965323449971 6.133549294643555 5.1960213256038505 4.349180621757397 6.181761407272368 5.819115681428699 5.153709111402817 4.937670975702355 5.437087108958712 5.0334400550893665 5.644068905189799 5.940710507104586 5.528877848594915 4.583807127263368 4.857211721053687 4.943687055613225 5.626880919676681 5.730708486330642 6.47915219691405 6.004238091620116 5.54426151484638 5.494289118287739 5.733597269221615 5.4699159439414595 4.551395960146211 5.604448957983195 6.016253424691644 5.727250304099406 3.4326602317396806 4.715580027686712 6.964241832017174 6.176557382757576 6.758495083968957 5.45814907951436 4.804831312758162 5.11000321564354 4.910505978676529 0.0
5.262959911930278 5.316458083737454 4.382890299274916 6.196691875216494 3.3769755428234167 5.6073121363823955 5.25439321124876 4.97605059429771 5.337589988203495 5.149550187943812 5.277154882566136 5.071794155734037 4.91988024576722 6.004923918095726 6.63378535460706 5.115426832623776 4.979223402120285 4.555751200644872 6.338118059236851 4.513906019452547 4.896688112094784 3.253650069464463 4.330425533370418 4.11951378967135 3.668027476137893 4.422546298458613 4.65343602443219 4.790489661284027 3.889807973997916 4.633403755623439 4.658672384640096 5.277132952018634 3.814277365860071 5.020096876925823 4.151852152598544 3.7303961864137634 4.492794713594826 4.203645698546772 4.548796865514504 5.175615021653773 4.454881908271506 3.876642908807522 5.318519676251369 3.3377245860541436 4.231685668740061 4.275315686321963 4.457401901073431 5.025054940288302 4.2894698353601965 5.299668602783684 5.982282144140292 4.980420832802957 5.573290423265038 4.955977120336642 4.986782885526031 4.637508926435176 4.985580720085291 4.672323332787499 5.581886768544111 7.665620225994031 5.800903537659038 5.585652226347804 5.050507560263357 4.428603685377993 4.430566349975467 3.991177654279994 5.488201968601702 4.89616557757748 5.44401042334861 6.563291979901461 5.231279635416516 4.14239109093029 4.3463994098981615 5.246219879988718 4.631773404020517 5.113484385165469 5.508068477835303 4.34074153540991 5.8003821082164615 0.0
6.141572108482827 4.681210583068399 5.789307189066753 7.331417796549551 5.439518416330982 6.471013047745173 5.745107499736289 6.010039887977699 5.45886089262492 5.14881791718478 6.055330540602834 4.989919551339156 5.0892160899917105 6.513443067589709 7.2546109440832245 5.837327252199331 6.451344430384112 5.741303779295641 7.051765513657972 5.553783714654601 5.436156823376444 4.980674767444928 4.609081206485337 4.0818687499159925 4.311706252499762 6.578737616879483 5.216356656553335 4.518877229381688 5.1927093787878205 4.693528176867581 5.860457878668104 5.859262001555318 4.419724679293042 6.30087817397762 4.954701042456654 4.426403646475288 5.089919693546774 4.408169137014939 3.7455401665718666 6.723736261195273 5.2712754537256705 4.898772261641148 5.882954909069913 4.932787781967425 4.497636976149678 6.132109856749796 5.883857085684193 5.230341614955923 5.344084617274663 5.9172127157401135 5.616026291986683 5.4082917840792275 6.282778792320718 6.094049027757494 5.289009879679401 5.690179948489129 5.7097241202909865 5.518239747271375 6.221105091357305 5.374452239921605 5.059129831362485 4.792919286618549 3.7274593971444747 3.37336559221699 3.8076066194295666 3.958682972834687 4.034918220154089 2.949017279398179 5.258664430273219 5.963052924911861 4.952049403977934 4.6378063263397244 4.059858731693028 6.711908678743726 4.247797475693699 3.461780048487366 3.324040051161968 4.476127497047909 5.516772458502682 4.4839308953871955 0.0
4.654313872825566 3.5112318817718107 3.9392319458502802 5.603230659042934 4.210813109054845 4.817217637437489 3.873550890165511 4.448462911902199 3.9282277159623185 3.540995191114423 4.290270100724948 3.276106977621907 3.2804703624220584 5.118300332406057 5.5897788083676145 4.343010114862809 4.770982745703965 4.326547438048632 5.435843716690165 3.9527575015981147 4.255593387732679 3.331610286455316 3.069957601266214 2.6117370209998043 2.86155788687272 5.585389128085032 3.526084950870983 2.9644272190472156 3.888712853268089 3.036915543727646 4.227416159146316 4.066580226426238 3.067975342237077 5.249412406308239 3.372140814633956 2.7659142166311645 3.8435773741770536 2.904848478944827 2.6416611203148985 5.2335761374407435 3.9691858843253907 3.1402482804495095 4.195446903395434 3.4458309742761286 3.145027252959949 4.421848982967877 4.169509070085077 3.641549150178634 3.5717799594844126 4.27452721047403 4.139498905387752 3.55368017429778 4.913777194454358 4.528697102204673 3.7301121998579942 4.015254742356498 4.22830184702588 3.8389480018573847 4.527028870826468 5.907256064939842 5.289251039465242 4.796472611451284 3.5272300417687616 3.304776994528178 4.174026160336424 3.1433865572490696 3.676618478145999 2.974934525161242 5.010976290629414 5.807280313936876 4.210176292946853 4.018419462093917 3.3863624515161264 6.049493023668755 3.600355704001004 3.818013435565784 3.414786939901354 4.2419596374225605 5.0402325292333465 3.8478591350533864 3.165389583151835 0.0
6.64256612373593 5.730447067630218 5.471916579429665 7.503088382640637 4.792364141132837 6.595246725449138 5.792324070321798 5.807293971063597 6.0743594411506665 5.789489276693689 6.205116396783378 4.925361317318762 5.011236059865317 6.919547619671678 7.64830210092781 5.585689084023809 5.95380112234843 5.3727859574435195 7.040775208801123 6.008365028751193 6.366463271066092 4.802043206974021 5.041111013775724 4.0017285183691484 4.043196146590715 5.243573089189354 4.962280508967733 4.624653683873607 4.791511498713991 5.210393147769984 5.1456924451277315 5.786253767796768 4.437948701688118 5.847333201856051 4.454110615965199 4.470246877082519 4.8317454938349735 3.95939799935795 4.47192374139163 7.381813951031446 5.9865488441196195 5.0250145290817665 6.251417615394444 5.2427152565528425 5.36067415479243 6.0326331933496595 6.359788105663262 6.08086426875366 5.294397304421269 6.220464022210278 6.5951245878045945 5.2504200901917155 6.861331956550023 5.738273266794251 5.852791611052755 5.689295399058775 6.320814701782414 5.256314517518633 6.450895000900229 6.8297157225467835 4.7487762997842955 5.028328676980963 4.449516524231886 4.672249583820198 3.4967433714584053 3.7764616628155974 5.800603143470492 3.9425146210047406 4.97825653722178 7.178617615426261 4.220944419162799 4.247809945372989 3.6366414562986478 6.283361061164636 4.6361049926487174 4.426786845148096 4.914723688164333 4.510215326040959 6.370226436677458 4.276675887235009 3.676574520881393 3.647852476320438 0.0
6.867177869593937 6.273693726325819 5.813133780564913 7.543370465981628 4.972806127710429 6.6355816857954215 6.02517667253615 6.15979488627234 6.083044790565902 6.317148440037361 6.770183456537156 5.605208952245817 5.644990357003835 6.857599292303099 7.758426472430072 6.279383831390338 6.038677962272308 5.609483797438075 7.362865624399439 6.060266234074479 6.721390900945726 4.904807645519083 5.915659784228204 5.441845093478322 5.332472262266011 5.945866517356752 5.466700204140161 5.26247021147779 5.668215972640798 5.717175109976404 6.054001231465417 6.378307372467331 4.84495155245927 6.233746712393637 5.2290990839188884 5.267421607179578 5.5001984609931185 4.988621647890712 5.390070409411433 6.784699907753978 5.97960646264198 4.497434959889188 6.7644727977129255 4.262077127576068 5.608025107116687 5.283670171823225 6.034282374539794 6.279741580197739 5.275242140511266 6.262531214510258 6.984689330325462 6.260804095570748 7.048518843850523 6.007096767903353 6.07210582055277 6.141778134665668 6.352073970628193 5.7983986963821135 6.848962181895578 7.220315029780924 5.055196557618016 4.417403116001795 5.168460317482193 6.28063738908944 4.956582155601757 4.87119666053201 6.468275056302251 5.377469019866085 5.041716789292331 7.984518270532079 4.267990026713713 6.058283008532255 4.385738495577309 7.69972779148256 6.433558575449612 5.057152563819969 5.689385808770813 4.233235002330528 6.49927422091065 4.299566213993165 5.766236599453179 4.8902866094890864 4.745545765840066 0.0
5.206690051163417 4.73397244225328 4.1991014191476985 6.184372377876956 4.346938428781259 5.7434127689540295 4.946774161717331 5.365708393589681 5.325451888719898 4.652891098310609 5.630844244921172 4.862311941870017 4.699810500017958 6.165087816900718 6.471493615437732 5.398357625751888 5.435889714879693 5.1892627049246345 6.630785274968573 4.514337284366189 4.972443528499861 3.8848569624993345 4.3456765952061644 3.5546159256350713 3.8215442454242043 5.39798697921356 4.258035198290666 4.472575743815325 4.739535950553536 4.339519737065921 4.955212050735919 5.162765310670164 4.41945138369208 6.045485793464632 4.154468653767652 3.846663206961476 4.181726838412641 3.902813166637728 4.305063229417586 5.6276944986004835 4.411378064264138 4.77042084477401 4.717347539451031 4.302835890669803 3.867990245603364 5.563191998643463 5.440564205466789 4.610388231894118 4.5909873726911306 5.510468264869475 4.978683301534415 4.599404436758733 5.672764505176221 5.354507626097116 4.552272431820839 4.3870689063511135 4.948663565152424 4.6098582509935495 4.976511939818228 6.98574316954039 6.202708411446547 5.702119111074798 5.36974329688032 4.165451970270673 4.954992525637835 3.4300850710792 4.9757805683842955 4.514759551696398 5.780874194009796 6.041519674570573 4.553954785041734 4.953842880052095 4.5532496271211595 6.439148843133253 3.7512549035098774 4.855502718263128 4.917689863112871 4.702356421191798 4.958495873952845 4.799259949355294 4.427635520313418 3.5684947905888187 4.469352239212744 5.676302539375337 0.0
4.859640446267557 3.8092121621556454 4.851237414091252 6.314589550890141 4.236338831843175 5.402623277045652 4.557077184438055 4.61550192134649 4.494151825020866 4.270994409584514 5.193135398776526 3.914154808251421 4.17458571508154 5.756462122742674 6.418852159828692 4.733238264355496 5.186109861200912 4.665117776894364 6.179818131728452 4.326727173377725 4.314462559291731 3.972204884274694 3.5369427639768936 3.04053696580234 3.231853030216201 5.4541542631240745 4.14556632569055 3.6189511961272745 4.066219055398812 3.6649118264024945 4.97505869554079 4.937253444618768 3.3508093375509618 5.081422662436705 3.612878351206537 3.464586642600372 3.761397443198915 3.330567404753542 2.9714453254482676 5.5106927813906745 4.2701279211296175 4.212390794982748 4.835359792323606 4.0355924986069525 3.6772790544698117 4.995904913043411 4.997466119757807 4.416510564692928 4.327462020637195 5.049025969191052 5.142530561187172 4.416430397441575 5.403719174910366 4.888029964844033 4.0685519992974015 4.614274752167031 4.572995255351234 4.486472169350196 5.2395798261487245 5.467253521339851 4.588258502476805 4.357618178867682 3.2437406169262473 3.607268153709202 3.3385776123082125 3.2589082332660237 4.2698752865961245 3.162369376838603 4.317567729451542 5.266337554163371 4.1259645552051 4.2505297778428766 3.486163422266994 5.998227928530992 3.81223276615787 3.4494078467782683 3.382636548115869 3.756971829795586 4.664245473248407 4.096294881638477 2.7420686650729644 2.7383014691202527 3.588473403531164 5.25995443192337 3.6930544742466345 0.0
6.405071236320864 5.541740263966684 5.471478326701418 7.538759093016512 4.640278411881073 6.455957735769777 5.822296955086801 5.7687185438605875 5.813388342917546 5.782877811803126 6.119066891681156 4.857961780142122 5.060584284200964 6.692467358048516 7.498140281384736 5.5662793037302265 5.812391461843935 5.204720945255746 7.011226666948291 5.779552071027757 6.023162626195121 4.705519553505685 5.087248619956727 4.268191765284416 4.323901183712077 5.357876598740301 5.171779630077376 4.531457086518429 4.889402622237321 5.145630814479842 5.2908737222307 5.763763981076464 4.079564781315733 5.655654719525154 4.395451762807202 4.513410620415683 4.7657340349260995 3.954105383300991 4.150763273035109 6.984584461625167 5.65065089970046 4.806050418858083 6.379581974849574 4.826971338093663 5.091199614080763 5.862993623843707 6.157065158917117 5.91006292175557 5.058592941330693 6.010815147608968 6.31567323812375 5.3864031592366235 6.774198910312207 5.677337985939643 5.573233593097573 5.553667685778501 6.067308496973161 5.322103979803896 6.44496239298075 6.234049079370749 4.206915582619942 4.281832760884847 3.98907429836449 4.635087389523862 2.924412863751636 3.4838190921049934 5.5194484858125685 3.9594744452967165 4.586876143399068 6.351504971997152 3.5951448508893753 4.586282958323753 3.5911977916076707 6.2878054070938285 4.834941621007216 3.57643487300282 4.335926108536692 3.776472728271008 5.439886856788009 3.9218974450921 3.433144500886518 3.538338053265378 2.5765016773422675 4.188258245717446 4.517305811463964 3.3024512506734918 0.0
6.772315642870604 6.246396989014127 5.684577983587099 7.786703393091869 4.67075030106883 7.015140167814462 6.291891509325122 5.899160971197184 6.762387939267473 6.220560151936396 6.565508719189551 5.560605475807295 5.636162337791754 7.603937383744733 8.154708185898563 5.793005867115639 6.15331921501516 5.611163635259851 7.411895580162475 6.1203561903230135 6.514560633626806 4.726690217811104 5.329523531272134 4.289356041055573 4.2098847261495225 4.796868835090605 5.42648380008963 5.280665251118501 4.9013421424330526 5.728099637131868 5.431547121652705 6.138924802854791 4.9099644385839385 5.84619373355198 4.703708984833479 4.708721415295471 5.102839859556033 4.473171249832654 5.113754171313733 7.4487397655151675 6.225270725729585 5.409138906870269 6.598212019650447 5.445694183676433 5.706814786348046 6.136833245225309 6.685837438429673 6.550851527219544 5.726366067730565 6.548881616449235 7.163038148359002 5.643078187397743 7.21019636042981 5.980925214238745 6.147888191825114 5.867090478144865 6.627319737050107 5.597256294672365 6.840229343029009 7.643362694484814 5.303419911335349 5.625628164168387 5.144927756624353 5.125532409965064 3.6630464422870523 4.226566982300644 6.507750407031862 4.4278192506138865 5.52936590430756 7.155996929615761 4.688457666761236 4.4320926981639195 4.0685914845079125 5.777548043759011 4.858865535495522 4.880775453807188 5.6746341890517265 4.56596885063431 6.644733059804099 4.114449606346811 4.119329225226351 4.148214784615036 2.516680945438493 5.0668611680936415 4.777736023760962 3.9873601130975986 2.9878266114727694 0.0
6.358171337821402 5.231018599206122 5.171317624605761 7.171238417288841 4.429817576515189 6.273706700332642 5.536943352014675 5.497181368292104 5.948878349313306 5.603998809026728 6.2350192237477815 4.960397590124483 4.907572435953901 6.801800164123263 7.471914868011906 5.517131677009536 5.810898085219311 5.215947940530178 6.932387797980362 5.528638520960188 6.168533144487182 4.277822862521304 4.883651070796949 3.831943610457663 4.123316667165655 5.178760293546244 4.4785544244972995 4.307889429822018 4.873671336516409 5.044194835588855 5.3796730427401585 5.668920263777097 4.283057240637084 5.649676899868177 4.314376254668356 4.382943523428056 4.501817013339646 3.805226210206134 4.277448187721773 6.773598682640046 5.524305208646427 4.377641955574354 5.937337783941972 4.326663125915508 4.813952532797248 5.409033486996747 5.997740121538345 5.775853255530375 5.144567314913865 5.985315301341072 6.3445586627071675 5.394636646093197 6.4707302076633155 5.4343731544756295 5.45120581990381 5.543813185105095 5.997695909927799 4.931448274371919 6.17042866990598 6.468161340320006 4.296119507491514 4.331607487914608 4.566392704492412 4.914624022843494 3.666423421788465 3.6594347233537254 5.750956996037789 3.958579194842914 4.514243222271601 7.050329115220461 3.6228387984317085 5.16981002374607 3.815377082337281 6.677414220647626 4.617216310741592 4.006388478608648 4.974524829895395 3.4528157786806712 5.882040361714199 3.9552980288845756 4.073903157744033 3.6357928004901447 2.8770891562180507 3.784856689160389 4.051714013022391 3.729952024893721 2.9444350153759418 3.154095905761944 0.0
6.694844953810794 5.515143035830118 5.598508552180416 7.4138003673132 5.183447041446296 6.693925981534071 5.6970318557154 5.978577114564714 5.999845362204147 5.639704058872357 6.343673832058494 5.082470604870726 5.087098675697715 6.9850916561914556 7.733508034653453 6.055705497609309 6.338580678014798 5.757304376215813 7.2775538518872915 6.06092154599815 6.409477684007352 4.845538260848999 4.9001826103370725 3.9885181133857963 4.080583369178098 5.870405066773851 4.852124556043745 4.481725038916465 5.163520244120385 4.9866928635407 5.546644408783147 5.933376761194438 4.663479668205639 6.325978565585828 4.833571785497329 4.431166078661354 5.2396861960294645 4.29591817188571 4.50360954650139 7.351049425083801 5.906311365690829 4.635533701689993 6.120185664943332 4.940480619937715 5.036338982616756 5.88759504585361 6.1736301313144315 5.813284508548933 5.423952446701183 6.31031279644165 6.514367843523457 5.495745014644926 6.80580090913092 6.039869785441437 5.826296754429272 5.837641893977409 6.265867093193908 5.465090204847505 6.46827193288495 6.505317493472135 5.113052305149279 5.0683031688139994 4.477715570032118 4.604041550691882 4.349993498229146 4.268063268779522 5.338412260305849 3.45781965736409 5.169752200074448 7.4381269485058645 4.429194037163674 4.643676779343722 3.5285975284235556 6.758310986977079 4.5143869272534305 4.5661708102548415 4.7662138827630445 4.532397404664453 6.5732157235349655 4.3005429627401215 3.660765681915636 3.548448850577244 2.622570186293118 4.5879559371477985 4.35619196293383 3.721826449534463 3.195180439810287 3.171609034142141 2.7797733583029482 0.0
6.58698409673862 5.256675016013405 5.595946667602335 7.676240687574102 5.033008655217022 6.5318256811737285 5.659489922105437 6.036895629559442 5.737149228685688 5.872787166967494 6.530120381259109 5.027746570206115 5.078135869615269 6.436739604353216 7.454194724000617 5.968425618159702 6.230739227486763 5.639604933432351 7.2943817045384085 5.871556682801582 6.3309698243329215 4.816448735858767 5.229180929889322 4.433087069179487 4.691887142437061 5.993089622365429 4.981232339474235 4.545992493084153 5.3362087681817485 5.135425933047738 5.910761001111245 6.161935431051471 4.229655455739414 6.140559695450976 4.772745441793482 4.920423080875258 4.800935336655223 4.1875283313302 4.253060398931941 6.944607398275977 5.701566508128598 4.752242898489759 6.384391180649953 4.6157623672639465 5.10684722185152 5.966106054966049 6.197104505793808 5.94644954958574 5.282403175099518 6.243752959043866 6.190774143688364 5.650235703297133 6.802979019982592 5.878374567073871 5.741601639225183 6.019540376574303 6.221793007326459 5.442568758187274 6.608610070426976 5.757213059431448 3.8976416655007387 3.866992027931357 4.272818279718675 5.1219575200035345 3.4799503589463066 3.669911595299589 5.408966051004547 4.117762712121504 4.431540024393423 6.9135686192342565 3.4915837417508753 5.560575414835554 4.096651928719425 7.597561847781093 5.38723342454633 3.480006732468361 4.35822378552519 3.5362818508504312 5.461543833917389 4.418772164092094 3.941552911301606 3.7632597665614194 3.317387082455173 3.649979950777028 4.309774590728392 3.657938379547698 2.8559951264777697 3.977660048212452 2.7223328624669816 3.341590540780966 0.0
6.54102336577514 5.716048680083312 5.55763383101315 7.676391320716262 4.771030054139665 6.712117217538295 5.829939863665421 5.924935999575825 6.117691997714128 5.917839138747977 6.62222407768482 5.196525052117827 5.318786968301877 6.976716913505128 7.778264209818007 5.929029607126921 6.093198078101855 5.537263371123495 7.386223823955578 5.944811347190102 6.315448608933224 4.723208633313909 5.291194396468819 4.375100329269851 4.488044077084251 5.424991765896975 5.13316325904186 4.810617464274101 5.21570168701801 5.283559425434404 5.71877590144851 6.12146506919318 4.468130118967946 5.981840075337704 4.673639512733413 4.733729059497097 4.886409071653375 4.297976657041734 4.665029256922167 7.1026527606627194 5.748976215399207 4.981146326015969 6.492124060833982 4.816172986438116 5.210638569646132 5.96438055151535 6.451183039916548 6.100336135095916 5.312859026433806 6.239673847665916 6.5577086232379145 5.665660892870178 7.006044768001997 5.888779752296531 5.7480614684717946 5.802698566842526 6.251256367339422 5.535693527549833 6.664001891839266 6.492203076253341 4.352818582847047 4.195843301116015 4.536312421353675 5.259935094032561 3.5220991680905223 3.7735627404661627 5.82540382070535 4.06918912930897 4.686727048311292 6.851095775319663 3.4238727663167574 5.245495890208138 3.72494052231026 6.977594004787154 5.238539858126363 3.915607862765266 4.739025181635163 3.6488090886641893 5.6497751347327405 4.344174583103717 4.104273425212141 3.864410310946952 2.963754817561649 3.6668448339977107 4.177232413987316 3.7042142704605285 2.7207963444812275 3.281516112625305 2.5483041611897126 3.1063531871780614 2.5206434299426803 0.0
6.834352249150322 5.803286856788718 5.922892334427808 7.825608436061118 5.295399954682193 6.70230884464857 5.858780005862798 6.2432831933529105 5.855352913940741 6.11722008231721 6.7744385069374315 5.179940195665049 5.352003194573782 6.658149952338522 7.731103583237219 6.269229766698129 6.262109177024711 5.697888622280768 7.441462135930177 6.31252964430851 6.6281477338404216 5.343508326370587 5.617984006019141 4.949740715395694 5.042628770823095 6.143483086686441 5.291173581970524 4.806765900685054 5.630170436301078 5.39468807988514 6.024723587963124 6.339364990642082 4.493047849479472 6.266524192924603 5.033544015477458 5.149247906335794 5.232578171085208 4.5675956163933265 4.711059832023572 7.333834564297229 5.966018225771856 4.984937087731973 6.737337679899006 4.938384699724158 5.432948584056818 6.097547451120947 6.486046194014451 6.170737322395273 5.358778280396381 6.349627331640484 6.642960667467613 5.979265863089833 7.119211977643274 6.09216610990548 5.958284878778542 6.1984238495072 6.396588245268268 5.7885804680111175 6.838999505378378 6.11822209670812 4.11250221425553 3.798468529845008 4.374894153231901 5.6957361820902666 4.057004239848015 4.178109386497821 5.768798871170458 4.477979213082657 4.423165737740339 7.374092877007067 3.4645485548050363 5.772421527794462 3.9522033038250943 7.78090090109766 5.923245521047321 4.120727464251446 4.642151150019668 4.010878904995375 5.809991129562929 4.820882439218618 4.618543487902289 4.25453794534311 3.6746530221026794 3.2135113641228172 4.855447374026493 4.225577802466906 3.2007933966878164 4.396866592213751 3.1406753207891485 3.603855223933183 2.4710310268662723 2.6396950474114074 0.0
5.378545956111084 4.350161611829329 4.699640521078886 6.562690476939453 4.524517711742419 5.949396276852685 5.008758561071158 5.442930225358566 4.97233439770639 4.695705856853207 5.461226929867343 4.758035680096574 4.668140530318172 5.92580572133414 6.576584948381021 5.523316552979596 5.8286516889267554 5.4285831226520616 6.781384477465599 4.338395735119981 4.812612102928934 3.3932293968773557 3.9885854877744396 3.623324506960004 3.6386937513324846 5.934892702010808 4.603109756014159 4.314569231932583 4.6167106490678815 4.069354482245572 5.356628256019999 5.453875506337039 4.036589100780072 6.1625020575992195 4.423317955612713 3.7871663709250702 4.567344584120216 4.0899650607163505 3.808148494234606 5.2548156846314615 4.526504674305443 3.8224832167793013 5.010055353973753 3.4857634498303915 3.834705475837621 5.006207121257131 4.6708164562501375 4.553254861699711 4.614358036555413 5.5420378724549755 4.992627976285287 4.765808395264981 5.7378014689819805 5.612582076739374 4.741328579042894 4.911031325311558 5.0291522040275884 4.929912965785555 5.577288505615886 6.166071016852256 5.822479995062541 5.34638013772996 4.404375568411362 3.4802096548797787 4.361668318827123 3.759111294060735 4.1228189706779865 3.6403626218246874 5.6757654672646165 5.901788596897624 4.906976953236322 4.35430429698652 4.060670350715829 6.469347988031742 4.048511663226028 3.993011549968058 4.0027580257392135 4.1699307615391294 5.302082474202765 3.4369025119330456 3.1981456566650523 2.866332064177948 4.1552742854681 5.081667217367904 3.6492862821938785 3.081254562229829 3.8683181088482006 4.396826764351537 3.9517826198353108 3.935340236859847 3.9445631480346073 4.173466909301203 4.708363269987846 0.0
5.569614915577275 4.2692453009036 5.112026923133857 6.417938737361088 4.558941986187426 5.880665347949926 5.484741440842308 5.348584156969834 5.380215548019315 4.691922871633425 5.681892825758894 4.97385881778241 4.880879737895124 6.5521412282081615 6.860038174669921 5.186202565755583 5.811479078694671 5.259255089795714 6.5849684851927215 4.3449854308164975 4.836967434199165 3.9716161035042425 4.334401083016655 3.6178792324013656 4.002269539561972 5.959483026705164 4.600864918877251 4.338987067260998 4.750920426088348 4.537777800330973 5.432155229359981 5.294750671988463 4.521895675930955 5.888740274050361 4.384878443582409 3.987613384663224 4.308695482654753 3.9214427973705854 3.7438937038140723 5.51308764114568 4.645625486482568 4.381321114591318 4.885235241546796 4.011488917066913 3.885450442469739 5.217756810625657 5.225217163704331 4.702918295093693 5.004707542366709 5.569010697369768 5.300397300377866 5.124413679739947 5.459892094091404 5.464672239475911 4.572672146592158 4.872567898567301 5.005939660915353 4.720571242299264 5.26895972419507 5.933330483714536 5.553570304338911 5.111231905567401 4.398093916763538 3.012142574069908 4.196816812959156 3.772054818583685 4.561864011711546 3.7243768681043306 5.309562630439544 5.769751241370482 5.095514196105897 4.623476036231546 4.339520888217481 6.064101355105735 3.1888830366579235 3.9273457111200774 4.214273821136471 4.179981045551481 5.4351508709403795 4.15477749481216 3.214671482742653 3.3594965792957967 4.378393855049102 5.947005307129666 3.800277304190105 3.166018333267339 4.220992833240503 4.525486878577698 4.243174351819258 4.391223236751518 4.620085180010251 4.713478421140244 5.445794609545527 2.993384854747888 0.0
4.989684523092004 6.571976808435437 5.539166167408172 6.591951592926958 5.414119918465 6.022000389681473 6.534474590950732 5.9102927355455215 6.487033918873726 6.439083204735716 5.848410325198728 6.450915033476083 6.585910796084345 6.922511813049144 6.605289713032882 6.150934921861793 5.528977232206364 5.66909580016299 6.835972575524624 5.808967795036455 4.959984298322738 6.02310891567979 6.0845152593156415 6.295788682515073 6.305909464781873 6.017193226171638 6.728559762451892 6.386746491015267 6.001678354026507 6.114191787971214 5.942308220782905 5.909214829964819 5.390241473917709 5.504945653657653 5.570670620924484 5.8435045309849505 6.022181039564782 6.055865556223224 6.053608222299737 5.796082146768858 4.996047515495522 6.8267819102558125 6.714394982267088 6.174624657957136 5.350038605648937 6.592581333454933 6.274082945102375 6.06051678901562 5.538806659863973 6.022095972068407 6.283559938732936 6.255174394929583 6.339165305314637 5.802782769961699 5.39550751112591 4.889227370536425 5.4116925147717705 6.205215766809388 6.103546838264474 8.91329885117802 7.731695022982755 7.551013819063372 7.234647340315082 6.786474485320706 6.753624828788297 5.715533444417208 7.29514373205246 7.765847251815843 7.133966439887934 3.912020937988849 6.413735996036001 7.33553869844529 7.467232686170712 5.522036832458389 6.09997084036211 6.921953869449106 7.259024539930502 6.431799742625963 3.611817469307531 6.195977318887705 7.083157643588266 6.456208879890118 7.527913604520197 7.830140302889834 6.1878358523383845 6.143158485177629 6.759780889061451 7.424521177570335 7.236905050820267 7.910718922171146 7.285369279539795 7.1837252645960215 7.607081177032709 6.580788873472159 6.577099214218407 0.0
6.083581209795318 6.200545252060765 5.832140309760405 7.390798681207884 4.512879678055313 6.785658415584629 6.460916098046719 5.439613668764415 6.85683791843863 6.438867490871571 6.683026537658209 5.851021256477614 6.211329202977969 8.128565992843246 8.093475761280276 5.783348499480902 5.680178214592055 5.751603121995811 7.574587315439051 5.093409165799249 5.891976760379672 4.7209243516196855 5.816891272367202 5.00557599164391 5.209291456457227 5.100589111675759 5.87570374594285 5.538917587720071 5.617501493074176 6.042203785611026 5.987854582740052 6.065393477886462 5.5235108512568845 5.818959951368448 4.488274758514253 5.291372666078479 4.812235774261308 4.735899719147813 5.453234475713585 6.060768675023639 5.945655445300006 5.812681754665538 6.326609568372766 5.234499117419009 5.624756190271646 5.807338948384954 6.736551817206327 6.475265851617245 5.864452451726175 6.718994317396346 7.106918329816495 6.089006390624284 7.124212322030245 5.889634591770918 5.284213218821787 5.232428384981433 6.05498348747919 5.726484447030403 6.335162281983811 7.6757908894186775 6.252280986583371 6.059834316570127 5.953592563277617 6.235571958486827 4.879474716787301 4.8901308192162825 7.587985866371582 6.190074316198667 5.76482835776716 5.30053335844798 4.304303557299516 6.139398235111425 5.235566865852208 5.677700724969799 4.986098681778726 5.330173996829851 6.369183065955725 4.320063161358798 5.1792994235941725 5.487430109203748 5.99541183485528 5.352377385782547 5.473916035531506 6.2794673645623424 4.634910516912874 4.877898536505512 5.071642224086034 5.204574670077789 5.158802350386379 6.05170377816498 5.61805736634573 5.182821893118107 6.03163705914411 5.382664924275318 4.927671547412773 5.520502390775961 0.0
5.5158974171492305 3.8086376944267424 5.043649671722616 6.528542498851176 5.152403799267208 5.619977173859106 4.948333585374335 5.59883784685825 4.490370165805022 4.409105597011364 5.325272828600942 4.343540460485322 4.296382967691595 5.458615277153141 6.216092341365143 5.35795341692048 5.896501210148339 5.263985248286304 6.339182398715192 4.8386430690745525 4.857145395307803 4.482684494576352 4.109074532184543 3.7563396241243843 4.128588405805859 6.633845218464421 4.52564500183961 3.8184320619798333 4.910534411292939 3.942617831565502 5.4068051769155145 5.1946266390247935 3.810365882161335 6.075202201441878 4.541478704554279 4.0093586807238175 4.59590390351376 3.878506955556683 3.0286701843520625 5.885511680384836 4.503957536170983 4.146475286031436 5.099449384272298 4.149475694240396 3.688261662491927 5.533500034283967 4.98232144804978 4.308639321494472 4.57276459220869 5.1964982638825505 4.465746858172372 4.785027150532535 5.440174910335373 5.506145623850399 4.594642924541293 5.0849172977043695 4.949656368754415 4.828728313799849 5.379054672591823 4.992332868719029 5.050159682329504 4.542108692319597 3.6099892718888107 3.0580739935174424 4.166393644048904 3.507810437715515 3.2020697674929024 3.1750092210324925 5.078302456927766 5.781925438658472 4.718264539268845 4.829034221298008 4.215081766652262 6.981393888102681 4.057734930389108 3.326111836919455 2.9183681058661133 4.37099115395489 4.904539994942509 4.391135728076452 2.598960109077045 2.7825352991423276 4.18691546348879 5.442107140442827 4.007898585525749 2.841127284477061 3.781774585185613 4.849567432002892 4.147355419433775 4.027316104751882 3.7848410586037637 4.299374509616631 4.482977774896895 2.89079777283269 3.1474831666326013 6.692983577633549 5.984357653850349 0.0
5.0023099933331885 4.068874110479298 4.222593324124973 5.0997751854015805 4.78721244191182 4.698124933885762 4.778381550302558 5.301919983171343 4.2902695060192215 3.6149756101598642 4.560166034896699 4.4518992311368 4.036227751778661 5.109295494811918 5.3928635235839035 4.824173546574539 5.124371546804449 4.4536242499812015 5.250777097908617 4.5167548958335315 4.349779558025219 4.5398417118389895 3.9972170547927552 3.7987326331449207 4.038435375624444 6.239246707204585 3.994610988215974 3.9764877836018173 4.497955326143471 3.893846600046609 4.3922969474931985 4.237820811287931 4.066226909696556 5.680364775122621 4.412356840130579 3.415983545161135 4.529186826003875 3.8755747954342783 3.5372487095291345 5.546150158021018 3.7218424019144454 4.177340166618634 4.075140447831273 4.185602403603393 3.0145209323414166 5.148975711612984 4.413924403697062 3.3786808158771833 3.985336491690121 4.317918810603369 4.050987036154443 4.405744702250737 4.195273754218798 4.899436586042261 4.132880905134558 4.111552706684597 4.138035706614728 4.039594740526192 3.976166921714976 6.626953408498307 6.2759423150581455 5.583652737075724 4.735808453673382 2.466660149224321 5.443041722325946 3.724750031174925 3.3182347187517056 4.167351594142126 5.738570436882227 6.51177972195739 5.777489918980427 4.553766398524088 4.809699140664623 6.152006832465012 3.3493060078747394 5.075163714462531 4.341780717482889 5.58450098313692 5.566413243783372 4.616720030745157 3.9595212123834007 3.4212511693778653 5.0441083809998775 6.191674159015618 4.15574461585473 4.00587918611497 4.980859206593609 5.573007062010308 4.947338794354828 4.790348500167994 5.223699609378854 5.446124047785048 5.680824916707222 3.9145095627947737 3.5508268295126513 6.632818222073945 6.476625051752586 3.3235675426347777 0.0
5.776829406389783 5.351433906522384 4.609189471207118 6.788636244107499 4.858489026477287 5.944136178194265 5.56544343541406 6.1814222955503295 5.310905385585063 5.430742079079945 5.454676605675791 5.441597537467027 5.057619827768104 5.183241056328236 6.118957383694998 5.799404536892439 5.944830698661625 5.413302633868594 6.607117633401784 5.398682839765042 5.365159230472622 4.369552206652537 4.877127894104143 4.815652236438165 4.657414686605197 5.993149597832909 5.298341339974502 5.2645646432102735 4.813287867011681 4.893055460053187 5.2504688379640925 5.7922195039966 4.036535804268581 6.12238787616113 5.16399223536932 4.611079210966752 5.233458025226672 4.839654577620608 4.637313623570786 5.929402399662431 4.7496037931280926 4.816713461627606 5.8799646777363765 4.467033614227955 4.589762585025748 5.839879864027049 4.89953935102344 5.194289883626094 4.6745499115508276 5.58841880854474 5.082079332951008 5.102671393843847 5.821048625628478 5.705657072568395 5.712675218165546 5.3582217273636354 5.556967455199497 5.2497528836044305 6.015174760023087 7.406748812699889 6.1748810097562625 6.064834261304238 5.524346348438841 4.183206955321046 4.876319168287412 3.9199923819476954 4.557912071021689 5.206642430995225 6.324446255183631 6.59143782780295 5.912060877199882 4.941244912080676 5.586506932272661 6.7669392470527 5.294627835245022 5.0293837111512785 5.1573773513604575 5.3384473906908925 5.470875947559608 3.4823796599802046 4.2150666377072135 3.9895364981845214 4.839764296357677 5.3155052250355945 4.945425503206453 4.366348741116856 4.329044501348415 5.1167321232797285 4.742410454004145 4.907634672565393 4.448241358683853 4.9117850651815615 5.136145538929616 3.4455735713315123 4.507897674320085 6.353698724490345 6.72101848061727 3.7437486805253433 4.37396051813367 0.0
5.584246958547369 3.8263289405206615 5.498214071661072 6.683205106939557 5.539533416432915 5.775512802815961 5.185049716175682 5.39793147667994 4.874276345139571 4.674136632348637 5.262368022016155 4.353659925132886 4.562941896364368 6.237929830354865 6.570683283996122 5.4225860522477385 6.035690432233794 5.49459159081478 6.379918551283208 4.958278890946857 4.976546147171147 4.678241302763747 4.2267074303897605 3.9672299806875633 4.518698078577528 6.991418012861309 4.945259203585242 3.565498051981792 5.388690011328164 4.147527609581785 5.778481335581109 5.064272140053304 4.1031312099213695 6.01969208835717 4.65611274104176 4.242328440255841 5.111869036551161 4.122812093673888 2.9646642166170043 5.998700272427057 4.888444010556466 3.8723523343977426 5.523193861873763 4.2290789662537875 3.8240729280202896 5.310689138404109 5.143379689877389 4.582390104058146 4.910286807826951 5.219349486707222 4.800440055236859 5.1370000969754885 5.781660551035673 5.613505814360163 4.436709614327874 5.192373905483143 5.122089622551495 5.1477164194260645 5.686525620328325 4.639812006869237 5.129115881685705 4.581503694903268 3.425949066786169 3.965013170097244 4.514063193058534 4.32152037871683 3.952219831462867 3.1612519059144635 5.201555167374477 5.016904185242218 4.432583754816281 5.595237376548004 4.323043582999812 6.718875656316381 4.18833782962239 3.082617203096089 3.106663771230294 4.04065543523919 4.744359221988504 4.633046745691876 3.1254862226592532 3.140093165279692 4.631235322797432 5.632875644504835 4.850944688238571 3.266000949928652 4.0572038695507135 5.025011048108214 4.434185675958166 4.4507881505473845 4.367817483246464 4.683237531100832 4.9623817081529396 3.531883756366188 3.5705884313149623 6.432037943589308 5.788152420616853 2.8936738215830933 4.107915992104817 4.559991067677827 0.0
6.039998744270115 4.4192518951987685 5.827677319122429 7.2942854822116185 5.5805597664383715 6.345959464330486 5.225137435527828 5.6268638524174435 5.110280432192923 5.135732116465393 5.999275342787952 4.343759001643751 4.800281227365442 6.642777367818418 7.279876127292831 5.91047214985727 6.23426387815878 5.819770313283685 7.114014983789944 5.357056967383492 5.602529894745356 4.8540973023869665 4.56710502813389 4.040004751119516 4.447006486505524 6.856186209039052 5.007764522307094 3.697158327708597 5.593648031511684 4.324435331900727 6.0355056225059345 5.637707710539618 4.302650387858428 6.394649693722815 4.621667608099014 4.4607658459080906 5.091446319776269 4.1274295349542465 3.445339330804659 6.512724630855711 5.440752355172123 4.162637111216723 5.892302799879028 4.453818690198187 4.432285932713462 5.598403568107328 5.801568220790631 5.131897846356927 5.140323655403643 5.870339707566976 5.579376948546073 5.365017216511903 6.599614371120454 6.002125964264986 4.814488603772897 5.569832473109785 5.604641043175636 5.54730852795828 6.199153186286838 4.44760922078023 4.732699425313978 4.069280776722606 3.1483103221342397 4.704594749994458 4.239599450364301 4.314001392672247 4.5675921424074515 2.9697410423170134 4.739512344437596 5.661281086166469 3.339500768865031 5.507004186250099 3.3537349466772555 7.274656045844176 4.687575706736371 3.0208370052484734 2.9538722911889503 3.681072720657789 5.006102748482217 4.982948774587428 3.4033031304377706 3.193926726546433 3.9868613435243963 4.842062882995468 4.316503188346574 3.0663160100699813 3.5265659442755495 4.627102575360352 3.7973306309362447 3.7145321462356344 3.426673851951103 3.6055910588473092 3.6935886308558916 3.712518475345976 4.17686087272818 7.0247477242386855 5.365641444032438 3.2996452941657775 4.873689796933892 5.222485057677708 3.1279008965213815 0.0
5.195480623862755 4.556332734346723 4.672920541261868 6.085312858560477 3.5559593456174516 5.648269980324072 4.943925846320826 4.629966555529918 5.268676806544587 4.668680036826583 5.714997225194792 4.774144744935506 4.749670679523782 6.529136347706052 7.016836440491015 5.124723041172289 5.17062618219175 4.74733555720307 6.562851206321091 4.1097930273640895 4.820039989295667 3.2766521962507125 3.9673014771729784 3.287933363848935 3.2679973486216114 4.763554816677713 3.9282866614441994 4.1479128078485035 4.176250555958988 4.258045545053362 5.073079472527969 5.209265147240574 4.130746254200524 5.260058514833365 3.805398669874632 3.4503107155771335 3.923700770775438 3.7184719915117768 4.098416594594963 5.181874390148494 4.371777845559061 3.7146691372846123 4.671183155080813 3.1080631479911625 3.716716881674131 4.185064486558701 4.9019656595265095 4.673776383035659 4.5768099618571 5.428445915999742 5.967460665336968 5.025755017892651 5.479982856946744 4.993624425929782 4.343879784526017 4.597155241502426 4.748927135783456 4.459095354301151 5.207580185969267 6.6784590403303286 5.329099605259718 4.8119005579829075 4.508741896292974 4.223883243891903 4.333235555363453 3.8689849607180165 5.2775871496686255 3.913359405728396 4.681428658055657 6.480995561990586 4.416501462713363 4.513256965285603 3.4760510146729633 5.80486090879663 3.7547155693231047 4.560268868970623 4.915575378214489 3.5449786205688816 5.677505066711713 3.4174377924778367 4.151763634995812 3.4573066104482004 4.019537661894573 4.4551945312943815 3.5289678507017204 3.425999765349378 4.014746776076874 4.033922112720235 3.256405332502356 3.627826139642613 4.003268291797613 3.761847626031871 4.384844906329731 3.3213479596384827 3.434284328476437 6.668769102533224 4.676657975407293 4.068754338004301 4.285847279762156 4.845521329231946 4.397059686340526 4.054514352966745 0.0
6.465977099279953 4.818050874163396 5.850069049425886 7.28455011873509 5.426445586817353 6.482039156301782 5.867617383506949 6.138809566539329 5.582750958405457 5.447259780723358 6.371048839969661 5.184189728151695 5.25051678595161 6.812530283469546 7.510694669214978 6.230793570535838 6.495673195722666 5.856835569529879 7.317796057628457 5.646583087848917 5.883231935866054 4.990203220336174 5.062627431044363 4.420743251120513 4.81529899828282 6.760087621310051 5.111439331832246 4.206167540331603 5.7276489878917385 4.86272930160106 6.115639402384901 5.935731555139945 4.6347912182922055 6.504547316879033 5.075319914093301 4.671792934432905 5.290637401459306 4.41839747270788 3.889222711397811 6.677815368174478 5.33966229828475 4.298825390968814 6.036621248264694 4.25369397826581 4.287209907400589 5.748534491466335 5.87063884083491 5.2616690787786125 5.3591675800358605 6.128516735236205 5.82772717448009 5.960953994610318 6.403241968375209 6.166436962698257 5.266524348220164 5.706707763358352 5.760356991292385 5.591900687950487 6.205395888443289 4.738528604015383 4.64665452807599 3.9355963887791487 3.8498327677878237 4.046524180946701 4.336926526637334 4.1758472182519615 4.414057251330438 3.314080407118393 4.68713481065018 6.215693497171814 3.9956374073024787 5.53904589990475 3.867272394123607 7.157800698619157 4.2220000506485285 3.2616745018881717 3.5897717348916465 3.6305425292967737 5.260143482264506 4.397424134679249 3.2476039300112505 3.5304721595739097 3.9957919029766797 4.621539656687638 4.243831669871083 3.4422749301031472 3.549584799645069 4.599555209243082 3.4466138097757386 3.450324864616757 3.3600994693883783 3.7023413965016196 3.7911906728919127 3.473345777256068 3.5803521813038683 7.050948606853047 5.696466761492647 3.049939634380653 4.120467621471082 4.596299390739082 3.290837353910512 3.053915690182149 3.604699998822679 0.0
5.338189152992279 4.043594594792804 4.932814446921986 6.324951619570941 4.866252354981853 5.665337168295901 4.609813238526861 4.985383522651913 4.7353461472239555 4.3105775807865125 5.207754122126968 4.083681787983954 4.2231215866381975 6.131380879197149 6.632036133622901 5.305911943290577 5.638767571098293 5.150579276401877 6.368078509392039 4.790170182962443 4.92654186657949 4.0445581027214095 3.641109810599551 3.1931917808520467 3.4478756684308265 6.0955066506999875 4.208293235028907 3.3708373357618124 4.704460790083933 3.620146885550969 5.183302313535486 4.912163758295393 3.825359047330713 5.773423849343567 4.166581067432504 3.446228109652803 4.72518301126191 3.761506948840473 3.2731309973558655 5.956059108341333 4.6402327779678725 3.450748360191102 5.035133831876219 3.8125490081567954 3.569737469308214 4.811190059850926 4.888636684797174 4.344029334157008 4.491451538148823 5.124505410659176 5.149081166079864 4.667622143031296 5.690233983378785 5.320181145459842 4.352446294054228 4.813981613206238 4.901580865995195 4.796533383398366 5.437879079515296 5.546489597557252 5.235159179984468 4.69221746600558 3.5351694184740126 3.8888217361268436 4.501631152616294 4.044711819623738 4.034261186215753 2.5632177251138017 4.983389823264944 5.967618339383507 4.183433405724775 4.669824482935089 3.249449739774873 6.337111084672389 3.8186518694787615 3.842851701180375 3.5559812087143587 4.021376989440124 5.387412867310964 4.033305354928196 3.1339522196931777 2.6185716743315908 3.668773104483856 4.806691042173191 4.021399183668421 2.9446683268365725 3.624816592960085 4.085715389338099 3.4508672391936335 3.046541253100102 3.748570388752172 3.706827693196361 4.0994961003751005 3.1554860770021786 3.675429883688944 6.881884644536179 5.678130958257924 3.129647935153115 3.9778909804437563 4.545412310313996 3.0392280793520334 2.847702927613613 3.284572378036287 3.026916459912913 0.0
6.6612328010013275 5.997427375193882 6.08265001623716 7.840212839686116 5.003043888588926 6.99538243752475 6.148685067104172 6.125011939712589 6.391776425083475 6.3059588571603715 7.128308171527073 5.921194316714366 5.981458300824521 7.214259677508766 8.203159528079711 6.582709946448986 6.515736218018405 5.922978997993077 7.828913949047818 6.1659695331053435 6.450932417047968 5.015650536610176 5.49718373547533 5.0252886509729615 4.90017432675255 5.715029541664043 5.457086982968661 5.423629665479216 5.538237882793376 5.628641564320407 6.457240024232139 6.769503824156854 4.852872806695444 6.155150995159247 5.338588873001017 5.14161256246715 5.46085238447286 5.199974586558243 5.3134227393791855 6.970195639581856 5.805925270264807 5.002017018016481 6.761787564133274 4.580477208721931 5.359910146099162 5.728664673918924 6.376396602131638 6.331393441786253 5.76420949357789 6.5987325046432215 7.264908748553555 6.43814032467139 7.11151566911046 6.27066400642114 6.084360595434961 6.393400983073878 6.406843509186711 6.067707658724882 7.133120390914718 6.997343207955661 4.844369025976779 4.553184554360826 5.076554380194569 5.952515114913532 4.5149119021045605 4.837167204182131 6.167101716110275 4.677368081831502 4.907683146828708 7.5366892639998335 4.536822626774001 5.934764946691629 4.322660910544472 7.406271724488558 6.046284582221572 4.813573183593107 5.504608168193411 3.8430198116630234 6.263272718449978 4.145451147187072 4.87165990664225 4.628307755240152 4.260720021556598 3.353408575033023 5.138646757387505 4.482048503279914 3.9187305504664742 4.34232009527771 3.259937060461046 3.778028775562288 3.3459687552336708 3.138071440908808 3.2080564989143197 4.5868257269280255 5.438633099694545 7.619263107917977 6.249899718981445 4.977937548703975 5.927114958632252 5.123290709952622 5.227244233208398 4.408833242715785 3.749616680162479 4.117273664466025 4.0574232248458255 0.0
5.799156246482907 4.391692867996137 5.076989022842309 6.915063094178044 4.976281785142199 6.068327363479037 4.929377784372394 5.485477880558799 5.069187830484241 4.796596480088429 5.7831436705949315 4.402385685859868 4.490269739160851 6.195046094379954 6.918143870274237 5.615313423076512 5.94365392872233 5.418413813013363 6.794169463880103 5.08394321487412 5.44690763258048 4.160894252480463 4.219492128530815 3.5782730466310335 3.8670755119800595 6.170530947671817 4.443762948171135 3.8388560062273362 5.0181829979156625 4.143181235047485 5.528627884641003 5.426147924222958 3.995813154067341 6.1458613964288125 4.4064858179193385 3.9552653659974597 4.703567683385163 3.9025456318289002 3.5991858656062075 6.262661431174661 4.978182142664211 3.868599155140022 5.467860332897798 3.9812997452439585 4.0916245454782905 5.320422723601367 5.417885614292356 4.859193931867803 4.755199755602054 5.500945755354969 5.288796246416545 4.927882613639715 6.172363483764017 5.646940593387527 4.826050499258585 5.28172810038996 5.415602545025216 5.039675582055703 5.864216895203134 5.533202985548906 4.906509654991954 4.317842673286397 3.801177712579556 4.285460002407298 4.125200702401371 3.736009416727574 4.2948025483287395 2.840375763300461 4.984444308199111 6.322650503158083 3.7566685222028036 5.009721785317623 3.38840723078389 7.088373611975542 4.525260601227836 3.421242818485174 3.5156589700440324 3.7367902021692303 5.322097077795413 4.2517575808491825 3.265154211328162 2.7596237360963274 3.4954364457238323 4.247720634508362 3.6916445159140068 3.051898508366409 3.2860845799291654 4.015216151719902 3.0238539128057904 3.0412269331294626 2.910171891923142 2.989914714388974 3.303231153418481 3.15601444754677 3.928045713478989 7.140636236793434 5.585198310094709 3.119395311522098 4.3659560382929214 4.431066234714315 3.4679237111659442 2.687153533910766 3.4036383237667938 3.0206561978612823 2.556566276563582 3.5892615463946873 0.0
6.346213178501749 5.55329097341441 5.442079892255988 7.351077468463701 4.788792000728772 6.426548399597195 5.518791039000405 5.772284393447689 5.617682169265322 5.6328687101708015 6.348584530952067 4.863853091501039 5.080451266447102 6.67625650274849 7.542777690443964 5.943949582172945 5.822994582174275 5.34649784319671 7.1696573917928745 5.716218706567106 6.113266983804824 4.692844542249773 5.113202558278422 4.434309047608701 4.426239801995753 5.668437215012808 4.932698254617875 4.470826468639629 5.227110225304942 4.966631109596631 5.555168780388788 5.8580953330960845 4.3010470378311005 6.038015858714715 4.551289502309528 4.4822237335862205 4.946724841982915 4.222474166875671 4.46955337503314 6.806774652224432 5.525919944749332 4.417631833678736 6.1979295704888475 4.378501690876028 4.908079394620665 5.514643676556672 6.038155643314957 5.660344759004748 4.942347199576251 5.961775954077418 6.355570568905251 5.546902616035998 6.804687324815502 5.815381256773931 5.402859614652185 5.570721880277974 5.912875192149256 5.430928378226005 6.347083802363877 6.333312085659968 4.66285497791998 4.070595771357419 4.229782139195979 5.283635174185197 4.119993344735111 3.9867002247889145 5.535593257540478 4.045255886841279 4.626757036204078 6.982650525936358 3.2496077921940487 5.1828976868267596 3.233478063402221 7.060409176875255 5.315170954255162 4.125683493024087 4.480091875807161 3.797309079895169 5.66246489083343 4.346968369772419 4.393063450051085 3.763876294297708 3.4580171015735544 3.1713270378401774 4.292552690622161 3.887163802557605 3.0884526696224572 3.99015745143877 2.9200848664132986 3.283824221383519 2.751576578245261 2.510874634381376 2.3916264570215 4.236872306488572 4.978980331603532 7.261285878370337 5.429837791969567 4.319803876109024 5.271936394663988 5.065129096705553 4.669314418300606 3.385800496958262 3.702079298402783 3.5975929960815414 3.575861273133806 3.0697481360829753 2.9127700583247003 0.0
5.6176490787037014 4.66019172951655 5.1763513830734444 6.743444647507175 5.016235227374074 6.075732019753317 5.340221850370459 5.8394746221143246 5.112763872613175 4.896060810868124 5.9591329990516035 5.037069408235138 5.0489352775954925 6.180663747330629 6.903337565106632 6.058114136536233 6.0661035140133075 5.512155661974692 7.02630911387631 5.218512246251421 5.081379870857022 4.605729506103994 4.553334649269819 4.20943766601052 4.368785757878782 6.325999567331635 4.87837552928037 4.340467608751528 5.287995929932509 4.309132212944715 5.71398824618217 5.664089738349169 4.224912573457685 6.238762053484908 4.852634813817673 4.157593720313186 5.061670303065811 4.473302809631506 3.976018386640709 6.056573540572194 4.462721095555849 4.362945025842434 5.569512149033905 4.0093251999648905 3.645483389286055 5.582087039404954 5.389138887766147 4.616759201176289 4.781587458940962 5.604166260210488 5.244741982959638 5.461644222710334 5.9398337991180155 5.875112822658892 4.802798310388827 5.092712900215583 5.090139343274921 5.380318637057833 5.755994860864561 5.580622444102676 5.331722884730448 4.481407373496491 4.260948165210688 3.9276410972608957 4.669101177053663 3.8948251059769077 3.8883883165036903 3.534222326956146 5.108219430937338 5.760442468461744 4.293128790260534 5.263232613205463 4.015684611542315 6.854601090737148 4.263013244754554 3.859432997079632 3.6714232387755943 4.035579554694275 4.616488234374593 4.230050505351588 3.4210501621739136 3.349923248962968 4.347736098666576 4.732250653319116 3.585966127019295 3.277181787691766 3.8838982236930537 4.831921215587049 3.7832223101472584 3.7610033174147386 3.578770742611696 3.7181150235834526 3.8836894741198473 3.240899903079452 3.8312000854105235 6.340979395210705 5.708181978439713 3.0737940551642624 3.8965763806921836 4.217963099194206 3.645719081653831 3.284092518983358 3.465114089342901 2.713567191340338 2.9957901096142354 3.9051277236359963 2.8848685243178016 3.5334575933561556 0.0
5.087373766466942 4.998769591907188 3.5572313979159595 5.805569748049504 3.805216136544748 5.417975256210812 4.9808157584423 5.201931056401691 5.4600244093768175 4.675070497471087 5.198191627710186 4.9938830021394995 4.5730620193126645 5.864970119481828 6.127150558795561 5.021270328895314 5.05025574835425 4.704979684781793 6.139886766682753 4.5666494806162765 4.93340808442089 3.6475680367571788 4.212089456622409 3.463423683968714 3.536141152617701 4.571047865936986 4.053284721101476 4.667295863907108 4.117022983010265 4.487974042210103 4.238357025927124 4.858190331823421 4.188791269606217 5.513596670486222 4.016977109391018 3.5945622748964485 4.080881394227393 3.825260896907119 4.4793891208396515 5.648627933254076 4.238918469383399 4.7875667800037025 4.590188056696943 4.366625204912642 3.8883468941029333 5.417125798938907 5.140563331333621 4.661749554130243 4.371720736211105 5.254626546918239 5.066411842541359 4.314500858788592 5.267727520262353 4.9200784532105635 4.776526705786054 4.142576376308633 4.931475038182308 4.168257791331165 4.7389331705283615 7.885194764188709 6.416432456233372 6.251160153775389 5.8310351242374985 3.9444356508379514 4.9891270114526485 3.2509489586905205 5.208053849638243 4.948519259638609 6.040635745073685 6.481459811760626 5.230315361319214 4.48857031175103 4.992345767484591 5.64649712981214 3.593466816669021 5.44080418706056 5.645104137102266 5.127930497566349 5.411638303510689 4.148711189593556 4.553910351423084 3.6959087059569935 4.287625424758008 5.800242035612657 2.7420382381361414 4.030467422789276 4.506275249974226 4.392151428833967 4.010551511891971 4.299664047427663 4.61829022635114 4.46836382425509 5.244344466327248 3.752752829633374 3.874969998844567 6.027209818506759 5.1047775305731475 4.255145625656844 3.8554464052355772 4.304478401928668 5.0953693401985785 5.105102190568627 3.6327028886308788 4.639473768058494 4.259992718996174 5.220289383983591 4.176307555928119 4.7217106895080665 4.0699981409274 0.0
6.332007188981065 6.379305096307079 5.361878664980922 6.891802097881168 6.1643895033867615 6.811062351098945 6.719154412698991 7.215898990602514 6.529631055443715 6.195524177891927 6.298716682852712 6.846396153996181 6.516203514393246 7.007269511759356 6.955684802396196 7.290759651464452 6.928225318092578 6.779832087184186 7.707005506896886 5.954263433504206 5.9496260732450965 5.332735525878788 6.162927620813524 6.165655487175612 6.265602903380641 7.481056204807257 6.547988630397564 6.169280131357206 6.790859949292612 5.866615781894861 6.462414624043655 6.356610224120593 5.982165040506668 7.667270399225021 6.471151984984749 5.6260145201737775 6.879648201637703 6.304375448198768 6.0227346362457395 6.057900586060462 5.236528031710497 5.434513944461813 6.4947722888302115 4.934524847092914 4.695285575133237 6.441540468379072 5.661201170193311 5.453518535772403 5.699345922916676 6.449712486029259 5.351889718877663 6.535500359578412 6.567161447755606 6.987123787825874 6.00230588129641 5.4217472847746215 5.932189516140896 6.4948532357571995 6.25838402305518 8.11793423890052 8.298242178912298 7.424103613415447 7.186001210487342 5.389637068708606 7.368569982135606 5.73568240812997 5.495008617109234 6.506025424663817 7.958226123698532 6.066139277962545 6.550196837274634 6.960926837268855 6.800220016243803 7.169352026903685 5.346181518351851 6.367564645912311 6.374435142421542 6.265889727702838 5.30364200746424 5.212645729889252 6.192003039759124 5.492377308144218 7.042951495010408 6.662308526023074 5.211560577169448 6.0948358495024095 6.484591635705557 7.169777333840479 6.325563688377708 6.6163741907320555 6.440504698215215 6.610623477368638 6.90115413550832 4.86490640290113 5.444185632916508 5.768953297444669 6.731333982921958 5.412849489691359 5.111310420439589 4.856428977721183 5.534008257995002 6.2466897110445245 5.594450476354678 5.356634901188079 5.628261310160289 6.6972294148357046 5.8152183387563126 6.4150217437296195 4.749907735395125 5.083086001990967 0.0
5.842161866742094 4.602685924374126 5.276945893011467 6.6231623981383505 4.512001624259502 6.059183400183802 5.334148810369536 5.371126689592049 5.163075049036354 4.878261816822964 5.8743047480129995 4.765475490265286 4.867447924008175 6.614106322161201 7.25258273871624 5.638418509738062 5.7636874343843205 5.278940967032267 6.901076026147203 4.597299750064381 5.225822905707807 3.9580185415169384 4.356265798759575 3.7777791138222714 3.8284642937830218 5.913765685271551 4.49286018536866 4.0388093665548315 4.859900600325714 4.396611631552903 5.460888362800308 5.467446999175797 4.3724277083301955 6.06857952583717 4.333165974061356 3.8268202839729097 4.595517680815844 3.936139507168563 3.8193714161706875 5.713136686998224 4.88658559490192 3.5749634725893094 5.09758152206685 3.3971104880116925 3.951931153658738 4.707775602252196 5.09663774373977 4.726271059642882 4.828578729835084 5.740482713132403 5.829913901248334 5.330909095239576 5.916346456873986 5.672895587777984 4.661148618338013 5.055010881693905 5.139784673019066 4.98138064212466 5.556364225539781 5.736472476757354 5.314356469206063 4.5560663963402925 3.834841815169254 3.709520672962932 4.351320159920439 4.066720380982479 4.623899627241542 3.3561929987417463 4.8452015717615735 6.475196179810805 4.35289242581572 4.405146628183016 3.0543979616420422 6.346010153527276 3.8039137303337136 3.981224493283122 3.9808660475047084 3.757210277909352 5.793704201577972 3.701304258521819 3.493251259051768 3.176305013867878 3.9366945256832406 4.568258577298972 3.9200503804362 3.2696442148646643 3.7422377633729234 4.313120271675688 3.5701134793965705 3.499116094784394 3.8886629354043643 3.965348182654456 4.268038278611145 2.972415912642766 3.1359827703635994 7.119534455811828 5.159103649333741 3.3567626725619943 3.910639525971567 4.655669863484627 3.7296248483570538 3.422024716707579 2.7316183181465687 2.8858639587335153 3.0001911420709897 4.212267227885462 3.167599702588266 3.6514664366587075 3.2019753218100386 4.219896393385022 5.502821646409748 0.0
6.595124386864809 6.036429519101477 5.689135709999137 7.645180418176944 4.086929877113321 6.524524270622768 6.1869253912736095 5.498456024486334 6.68616238421157 6.481334717853642 6.858676255015834 5.7226576759299626 5.670170445383293 7.1283369341560485 7.8626116281225 5.336047261140253 5.724459429323445 5.132107091586908 7.067816145896434 5.771247758008974 6.537156275553662 4.714067644043347 5.6624035086815345 4.759490194094236 4.861395119771725 4.3469554283114915 5.106381731541511 5.541377854520218 4.766805920149964 6.108395135734246 5.813701314797673 6.347779171896558 4.6959063483521275 4.998798473108685 4.548283689131509 5.3087088821219846 4.220426164516711 4.416654258890378 5.276019325484948 6.825085356758087 6.032270331669401 5.597627578420953 6.551937554579594 5.092640430882157 5.949512428461851 5.746879962936108 6.626314821275579 6.822454740270189 5.7445062265398885 6.4273328462084836 7.390442065435649 5.962129459367359 6.798481168148282 5.307393912447372 6.09534721492693 6.207138638600931 6.533410304260935 5.168786774277417 6.77782084799676 7.82204356295091 4.187809702411531 4.880784569244946 5.593800181579124 6.200531655439025 3.349565115745529 4.143821064660241 7.312687442671262 5.729308342938748 4.573794467717515 7.656050741479658 4.699316011907647 5.8708881940952455 5.210934866840482 6.856416441679345 6.0456310426436835 4.99484912678709 6.4239162807460355 3.9396386028812027 6.429253375578039 4.477571696498012 5.448254092746689 5.056152592723973 4.131944077719448 4.43908436858812 5.362924683325205 4.758816266433653 3.926428619442575 3.910950827244606 3.486116928694459 4.787062846543892 3.8987714100981927 3.7333512039102503 4.330232913051269 5.247303481746017 5.3183009763875635 7.318500250618847 5.2371371636174135 5.5706077316867875 6.325269489629782 5.453874001768134 5.860367789144648 5.505195161485093 4.431019903126853 5.369816579850429 5.34142042658938 4.170401077363274 4.800434886381445 4.363708822440572 5.561187745030624 5.044955006254299 7.739411388562332 5.174631969616472 0.0
6.429841220770983 5.358597118783482 5.334132028655071 7.203151776549155 4.5050091725934385 6.318866481688629 5.937630653274497 5.869909880081779 6.0067068479504435 5.57513401708066 6.396465874927479 5.239708177451907 5.139362228855253 6.768072273795666 7.4694865552441865 5.522390027027038 5.89956193356108 5.140027065353964 6.9424013358753704 5.687101342473681 6.009555333878118 4.8194835188884 5.170110060323947 4.080254991697916 4.3748222186198955 5.267595637810171 4.748327141482699 4.693616695293586 4.890681291189677 5.28340227558454 5.319219452662457 5.7741193904787895 4.479446116704684 5.704402869588988 4.506081954875102 4.514210647342086 4.3990250363536525 3.89665541612291 4.311161500141037 6.974646057204482 5.375007871684729 5.159285006096212 5.9306476863869655 4.887743196226688 4.806369385446031 6.057101962129633 6.332471051832016 5.736469926459205 5.245123604322123 6.039763419582429 6.236773814275387 5.540746341517519 6.2969299567787305 5.578136482980931 5.5190927874087015 5.483345974567393 5.9271160861405034 4.987891191197546 5.995943406579093 6.384693751635702 4.314809769402013 4.309289866967217 4.596623918223046 4.090837265049745 3.326369896860201 3.1759347597475345 5.409675784337989 4.058146250888999 4.495177836027492 6.832384819542045 4.171106610516559 4.81102471681167 4.11297358267058 6.4731733434275665 4.17596328716293 3.9689261419107713 4.721994585519434 4.0064302234518605 5.656533512370326 4.347161976950513 3.5471402286811475 3.7687548700820135 2.968128609582022 4.825743083545091 3.745974724298512 3.4496933605245776 2.996422006236341 3.398516740883128 2.841909811699987 3.256534064935817 3.1922769008215397 3.0882875519068596 3.738725488481803 3.996294140542622 3.652250307664925 6.994787659725863 5.119954329361724 3.743078145362467 4.29904274430399 4.67074992730511 4.5155411266350365 4.122763194569896 3.5894910496815546 3.403737889236326 3.8939852673282824 4.222567930986688 3.5254650489059642 3.6119943325793713 3.6999419833490106 3.6943064468119884 6.353144160903787 3.6395433074261567 3.96003997445377 0.0
6.15553125407634 5.195033021863989 5.339473685978513 6.867066104502117 4.254462182816824 6.248043400565992 5.590824332042318 5.424543612427848 5.82790684973225 5.2510462018542725 6.347281041129237 5.159935591743909 5.091767824345693 6.8710304552366175 7.604990546829279 5.54252589575474 5.790862110870275 5.090950599917722 6.9338306250383654 5.306302379569425 5.759280751598344 4.384078424610171 4.650861247530342 3.736981555813197 3.740686781445876 5.056123076606398 4.350204024082056 4.60002915832585 4.5532203612365105 4.93922255782217 5.353849554825595 5.757640259826166 4.5170565730913985 5.626894340261086 4.391075959316426 4.052152071971087 4.391168761359397 4.029097866748835 4.450905318982834 6.563505269379718 5.205250645984337 4.574550313508903 5.462932798627055 4.319086351448054 4.569397120142779 5.281138682625475 5.868016006467316 5.441749948481076 5.17626736178632 5.941956937661382 6.569726769834308 5.4855559815980826 6.10136205435407 5.511149028318351 5.277344593675582 5.442573068295926 5.644893964281269 4.921174613603038 5.890856732900808 6.747949896350407 4.861729383230121 4.621295341041283 4.504189787455127 4.256159976325163 3.974733452021125 3.8873124121218674 5.428126569628099 3.694273810024569 4.568344521580748 7.391955484890498 4.647057250372295 4.423818015566323 3.472429379292555 6.30744530411291 4.219026956139703 4.612388462324375 4.966377424337334 4.071661943016146 6.417988080083975 3.9344887267462734 3.8066348420681195 3.688344537399978 3.2086157662153765 4.527197597004469 3.990457596475308 3.5441004128491302 3.550555423625473 3.411296112119288 2.839176310586383 2.8606986970695676 3.623693490904994 3.3093511343674846 3.9176072442341967 3.8624952708090414 3.822571785069962 7.593704441488459 5.531861408536059 4.095415976301925 4.389837699155297 5.012283795243469 4.710783924983571 4.17832949049744 2.7528171851100263 3.5643514586893317 3.4249097675869344 3.5471646485017194 3.34902308379315 3.4644602164818914 3.6905972837936414 3.9025202460857504 6.576736176905623 3.096769836718205 4.162841368346299 2.8637049669862678 0.0
7.3492194503966655 6.450788622026799 6.309882857562726 8.472825587398281 5.939834689382446 7.442556154530784 7.028018336890989 7.143413747682091 6.995060907519421 6.791006681065069 6.956771071140265 6.364356848092185 6.21476996253841 7.195436709725469 8.024611755646218 6.646432543760479 7.20816616743519 6.42449067464823 7.8208361050585555 7.0539806401653085 6.90866628515351 5.886922813891121 6.066729234196457 5.429065425173354 5.529571782790923 6.435213377293894 6.3972891541312835 6.020998772463856 5.860118241407328 6.287281345639925 6.344986267188239 6.906851031471641 5.195343220517111 6.6715889453937 5.993144195430542 5.754934663042341 6.098182163150061 5.489799123098714 5.344957364093472 8.071522903732655 6.470411594353439 6.274286778470507 7.459408866990275 6.232424414221219 6.04816440449283 7.3763608507849305 7.0616954928175195 6.915792410094592 6.305950279174959 6.953240663582035 6.826067237164754 6.372672940816066 7.422769773094846 6.775120894498914 6.973529136346662 6.759402709431717 7.186394808360708 6.407166009632163 7.528967306411382 7.262420475785986 5.409503434712728 5.917070066489335 5.609334261825544 4.924372393820386 4.072295957293429 4.501400834023003 5.817711009373389 4.9902994239511145 6.232080222817527 7.014512265233862 5.817389214544697 5.548188353271477 5.740694135828012 7.022395419249455 5.679586328144671 4.705306320907544 5.485813555132862 5.365557378630286 6.289273661126098 4.626155815287439 3.692223900095286 4.669511243101738 3.8306542862085915 5.990068299046689 5.660718687793809 4.428085445004234 3.5758386652801293 3.9121669033032083 4.343960242921744 4.301131618833205 4.271647459166055 4.388739511215251 5.026804687134847 4.5218032816441465 4.819969583613635 7.318920713354195 6.843928741148672 4.286735751042183 5.3973596586855255 3.8684841414239757 4.723741735076074 5.198558034303845 5.432831562495247 4.636180765795385 4.745090060953655 5.16667521882353 4.612072175838668 5.1539305822605135 4.836887055028059 5.054459512209233 6.743104081426311 5.231506549238852 5.015945778002754 3.9832074128871344 4.7667742953162895 0.0
6.121749588816331 4.76272809996069 5.5733799376189275 7.214161395613632 5.309669224357114 6.557350529178327 5.5422482873766485 5.807761334940668 5.660182779195139 5.218591089503115 6.159405107459856 4.962322361797161 5.121441951280899 7.003509721927926 7.5268252701869445 6.123443159509051 6.396164161921552 5.909320769401608 7.336971872644164 5.415977637628131 5.664913092303137 4.55631549295562 4.558867919448727 3.8568420110808037 4.194749787203843 6.4255549723667835 4.966405816421403 4.117974093090895 5.48656847809193 4.53915632322456 5.919130239877281 5.754602626754166 4.601581727463979 6.488863710941348 4.79259615016955 4.253125618991816 5.229052890886491 4.333972701617041 3.940607320737098 6.585488873427202 5.316602421989968 4.23871994936588 5.811518037549514 4.346539540006264 4.215565289650534 5.652672006846616 5.839272474304059 5.171470528340133 5.3087576708372355 6.061245486069569 5.779348666592151 5.510469221355867 6.54869756221394 6.13279170731095 5.061390894352748 5.449164951421038 5.701662890990532 5.547664861593556 6.170627049870858 5.402437846621546 5.2995894002642965 4.735275489133584 4.052959057594538 4.218886637375376 4.474998621335172 4.257615881472837 4.578987985599877 2.865657898480318 5.248012827164268 5.923634646149646 3.9378508091854654 5.189919848953571 3.514571116476931 6.733514867043261 3.9895919084194684 3.605916895668262 3.768156535408169 3.793260956053817 5.347066964320751 4.411118582220829 3.146997786387306 3.137426493943741 3.6541876353904525 4.95760585283182 3.7340819423866063 3.125238041059676 3.534138286001448 4.020549013600705 3.3080097558664026 3.025692919945464 3.549554133622094 3.4550602155803616 3.9980625673744035 3.2311222664891086 3.614903683282033 6.973719371493406 5.324549444838808 3.293104602059531 4.3835664303619595 4.841831506166193 3.312362807766862 2.7340195145497157 3.3173781122866677 2.689570051594213 2.448930957027221 4.030739454480631 2.5515947115288986 3.47050372913953 2.784794853826542 4.2286933400325895 5.52765954311656 2.957382709608733 5.37745861088281 3.593040747259407 3.3984031180503487 4.7062598674999006 0.0
5.336988033399653 4.942160197954597 5.10701390247995 6.782868092536858 4.046392644484739 6.024490810275364 5.405097673318271 5.072693289343664 5.360750919562201 5.089048220645156 5.758607604587164 4.763859410292088 5.064064153480043 6.659222753605614 7.245175797376124 5.428865735892311 5.367498847077143 4.900996940429066 6.8502977777231475 4.76515873177568 4.806957201130109 4.073730921226013 4.332051931946988 3.8372857282549 3.7475722701011622 5.043748531965725 4.850041869874494 4.299400203138138 4.552156316857264 4.498146736439222 5.1989364243534455 5.393980763615577 3.9192537592546346 5.309437442619658 3.997070001224273 3.7722608610038875 4.445127868683111 3.9573861701238404 3.9031321447677625 5.800273230810684 4.611967052514777 4.326089883451434 5.560333243195865 3.9458885518943494 4.009754996285797 5.059101951403001 5.456728574225934 5.003442401451273 4.662914112783459 5.569581550981717 5.971123518318167 5.219762314004416 6.1106664774079595 5.410437809023599 4.526941207346898 4.725071943779914 5.042104168173887 5.100798731769462 5.755351850849131 6.188569558305793 4.987231752825232 4.5023711894789065 3.9228375601530407 4.213938982136258 3.6220077662241446 3.660754416170875 5.07342079061001 3.7446028523381476 4.643017117472568 5.219333635389008 3.756298638617165 4.446320958277177 3.264746500239237 5.425011569593242 4.055063405882454 3.786292178640904 4.142477920561035 3.387942026185382 4.632946922510277 3.562750961025472 3.4035254676115656 3.3201965256393375 3.649051308637049 4.627923017916912 3.818842245633144 2.81916157906424 3.0864854649606235 3.7039095797740065 3.491811070488609 3.697495705653199 3.698485934671656 3.3855615430337602 3.981848654944913 3.33730746089909 3.595931011203847 5.73942547202615 4.322945747186185 3.643561415452216 4.45467290837585 4.518116894383152 3.709848918093841 3.3293866948414927 3.0565181775240897 3.3303397662161514 3.1527268970360116 3.841608524143497 3.2259670393138338 3.3676211028239234 3.091068432990741 4.055217617092987 5.54623220871181 3.0265603733198567 4.61738932691793 3.4706161434892846 3.3846441430607213 4.600176220166427 3.003024792266128 0.0
7.17312708188554 5.262191362955212 6.767351793556454 7.9587698254671295 6.123408343033386 7.046661180845165 6.113904833249126 6.477410155718399 5.926076864739709 6.207731322992173 7.274360859126152 5.595431184542436 5.798073356070619 7.279060981983473 8.148127652617832 6.822497557333494 7.0513606529368085 6.6085832132168605 7.9594860569808885 5.906562285148595 6.790319612566951 5.3806830051220365 5.848848820169358 5.369332931559771 5.725014226339877 7.637660767254632 5.566776522293655 4.827007623685598 6.549277857852529 5.549930257572168 7.243174451987471 6.823107823098792 5.4074009157904195 7.223729309918537 5.704026588145399 5.7076014235645935 5.7233282361249005 5.165953337473854 4.798205160534957 6.721280356808433 6.297854562240918 4.342012778301719 6.601267798571531 4.23780960464574 5.450266623794326 5.59506260078873 6.264065376477774 6.10401856868145 6.061963663118238 6.805792633466514 6.7510778736394474 6.730174549631629 7.183558513536136 6.720868591553696 5.858924226468869 6.797762526886055 6.47588084224644 6.240283362563925 7.044468857262436 4.837427279732849 4.798414594311287 3.7502021784287187 4.3161713081349555 6.017181066255457 5.199709170068203 5.421032889278365 5.785336391465877 4.506255502991413 4.811685603383522 7.61578668736865 4.24393969158871 6.8484574606182385 4.381505839605316 8.855287327604984 6.187701797297825 3.9839324974119754 4.491496679333431 3.732205551841373 6.424927116415862 5.422430454128657 5.207141119545431 4.719596028959415 5.389262140875762 3.8765569194661182 5.548229686098697 4.840931478247715 4.838738660494552 5.985715156999621 4.314955696666304 4.855343366869716 3.847911339319597 4.405457514783504 3.8978730418637078 4.718191059754978 5.264847331597992 8.485626449174802 6.402227694063082 4.68158088935572 5.981109862438777 6.009508836446381 4.744715213044967 3.8076822657369176 4.4525870401518715 3.79270782796155 4.392172765786763 4.254232119645534 3.8628148180924393 3.876763395532058 4.358686242128117 6.30168900713304 6.843011952091269 3.964269249930916 5.567390021718923 5.079434299913495 4.748402900210795 6.623456805844503 4.313714879228944 4.79488500267592 0.0
6.070324952288766 4.772656120603895 5.277400327688673 7.130138585144094 5.107808525027189 6.390826229134629 5.404045297844785 5.7961922146033364 5.5194052088082834 5.4618200679015825 6.003480925134348 5.072087010180742 5.083958288363204 6.572527867339825 7.199246815188573 6.175147338103205 6.297048174095938 5.934472385648136 7.3012192422287026 5.137714812101371 5.738134363467839 4.0114400501783685 4.655010358115791 4.209277037397787 4.4548014484631615 6.424601521566749 4.970162691639997 4.21899214059416 5.4945295771967455 4.584994583972724 5.9939461507114045 5.8452256926916 4.3962083541948855 6.500637537582093 4.868212437560626 4.481217521741328 5.262577868235366 4.458592246229225 4.10477936814779 5.96840275984945 5.239908149947817 3.601379895085111 5.857835050038087 3.543021184067531 4.267439196876911 5.129224977552277 5.2334026976878105 5.2174962024044795 5.124441867011413 6.06136141517952 5.6277732678144226 5.548285851990919 6.462501720916539 6.012049223599106 5.197496177957684 5.5224249474345735 5.702462912254498 5.481056832529758 6.250083883414677 5.722615679754658 5.424652567828168 4.919945188467277 4.531071754183337 4.773425228207648 4.762982271532758 4.409417780139964 4.874625296243162 3.897811605493478 5.447786024068234 6.135617673706896 4.067260705622299 5.638780353286074 4.172439055323043 7.113046112869533 4.687587241101713 3.804839100420383 4.355528505229869 3.525349365603564 5.26597243842017 3.768955221017883 4.002360856163074 3.447041952813398 4.302297633802967 4.171086188180895 4.220955290023927 3.809496752610296 3.846088087725677 4.613637082161687 3.4391206840130275 3.711845991087907 3.437541282382465 3.775210082788966 3.986426686940889 3.026968896487054 4.065363972154793 6.791556162947287 5.523829823924085 3.604569111170371 4.794374078908508 4.125777715644531 3.55658911979932 3.338547546997438 3.4768487774034313 3.023439363285077 3.056091400369846 3.8082031831354834 2.9436752769194645 3.6133943589494795 3.142785555485549 4.473473099911734 4.784100921000334 3.199594441805275 5.169812139378227 4.257079868605746 4.0566057698558415 4.913019508694026 2.9299052144187683 3.5042772863658977 3.7615696213703123 0.0
5.206012281223913 4.53623312956063 4.133991388962564 5.784550043498799 3.89998631145758 5.467044911573187 5.075496386431976 5.0295683042087385 5.445404257739305 4.5647807818531785 5.4383931479462 5.054363853591516 4.697589670922148 6.30480726433127 6.5333356886338665 5.165748301293218 5.310383259230729 4.833026005498755 6.285739671454762 4.271817176713914 4.884321704294293 3.4025322856824602 4.114616234077248 3.4083092001395023 3.6720945079520946 5.085597293579181 3.9342421055939454 4.2945828734329705 4.454603723692596 4.4021533856643735 4.880959543737785 4.938425576529149 4.316706349085747 5.546060657024827 4.154345432287034 3.5466927530103574 4.2333630850266255 3.881878723791326 4.189759926460171 5.309853011905358 4.149443473965272 3.9294259813293695 4.539419650599013 3.4175748529830186 3.405638506236 4.682844330307181 4.859747451299581 4.455729344499659 4.5680937267384785 5.224101989321533 5.2796342478478255 4.890535071051662 5.133858959441682 5.011942905060724 4.467348278665748 4.385674655283238 4.781814299451417 4.2618732282624485 4.8385986142018895 7.097199189346918 5.963918651890437 5.49312403529702 5.3087180063356065 3.860918965117257 4.959727973160127 3.7204276164582986 4.973189311268155 4.294783071055362 5.53478555183613 6.43674906527215 4.939898015545295 4.966664347371418 4.537773380242657 5.864108597913203 3.366905569986249 4.85661885212114 5.2601225001624385 4.224219842819852 5.494780893067399 3.681058233009487 4.3213967237411905 3.5397326589126523 4.457540959240275 5.152451740151033 3.2171657117408823 3.9223431513088367 4.4924669799108985 4.471876268587043 3.5834498763099942 4.033069456273181 4.423388626623725 4.3320233319049795 5.0212775508721466 3.399173227359676 3.337299141716869 6.359461959917303 5.112505146582143 3.993568311813854 3.6508066425852896 4.445345529021893 4.403195164346509 4.635104023987125 2.7427084622887983 3.804503415088161 3.614099287910909 4.508985283316817 3.734399534051184 4.41395953272669 3.540073493988373 2.875156957460105 4.678684516434235 3.3556420789692183 4.908723241975364 3.6742390696988974 3.3493163565787905 5.235057286537545 3.5953528744544894 3.683204924143489 5.236842989115482 3.6375179130740576 0.0
7.008100001061742 8.134935980925128 5.989735161486008 7.299254134630229 4.841710642933615 7.31902425148692 7.758060388635805 6.794808646671398 8.247751958185425 7.1903050241939 7.544324240942668 7.850024781777887 7.471450375064136 8.460101858720568 8.555707175705038 6.604817116633309 6.252855218270489 5.80465276351222 7.557624539496216 6.710239331025843 6.916381176785394 6.039758748943018 6.919179881661872 6.472889348067803 5.999430519742703 4.217876430062446 6.548336398396459 7.831589487008254 5.623060561747792 7.611751554189043 5.943662646388914 7.016074019427718 6.833492838204452 6.15836621663385 6.249975762313565 5.9644636137345195 6.1669467292462565 6.63441257703815 7.685759720180245 7.444026567181092 6.3537031443050065 7.40465093295494 6.860490729673132 6.687663015918071 6.718737418556792 6.878829777916999 7.43921170490679 7.349887886718404 6.697634911315211 7.01598773100039 8.496589044342965 7.051421533883237 7.025089709448265 6.513831939756674 7.113731385574565 6.270008060555282 6.998023053044326 6.244242249694837 6.797573425665997 11.395899693756354 8.547027492237165 8.422541431477185 8.52747335056921 6.860830796218395 7.055735753466088 6.153504372176874 8.55250336304047 7.905441348822533 7.96545849426347 9.224123274716701 8.086069091184635 6.169793713673502 7.230812657231979 5.5746258388769165 6.618126298422422 8.514257683064391 8.984128498042928 7.462379004179521 8.397710870592416 5.776581048856366 7.640460946400777 7.020422218952129 6.845182208076739 7.485928709848778 6.507898063521331 7.156075749992402 7.056934027202233 6.183934409596581 6.555855639495637 7.11980782815856 7.639148795484104 6.990288717296036 7.832714589834556 7.122362677742188 6.837320495673423 7.84089101756922 7.0907799525356605 7.8221046665491825 6.709857599219632 7.119555298651303 8.295302982338798 8.518026439234188 5.896849814066505 7.862483571795747 7.408281524489752 6.910546839140452 7.430267589506977 7.203188263813445 7.356836722963612 5.4180427682505234 7.989766051054339 6.965234789268455 6.0882188606861325 6.32176494150542 5.895046143335457 7.446198101430405 7.568511651801529 6.486758021512348 9.059186077856127 7.786961191534119 5.595332115778329 0.0
6.483010096682973 6.69685093402792 5.414459983661636 7.370614816741111 3.8666895825462837 6.948686134173491 6.400146579284123 5.801463151451264 6.835428247370226 6.4988656956179796 6.738385869201557 6.227157629162226 6.196786085180474 7.661931489647882 8.20381721505349 6.221618184364532 5.840837748768405 5.626339212192622 7.693498653922747 5.4308858167929 6.3025549665104865 3.8921183881283037 5.606122434403435 5.060348062942702 4.56408418396401 4.28358457515156 5.586486676665629 5.910393680503594 4.98005134048422 5.98621106184065 5.675903994720115 6.456822922497866 5.251196154593374 5.972445063758483 4.931658679387777 4.840981644532229 5.287637009141454 5.142154381143878 5.952767320862086 6.155617629172956 5.863366628112205 4.844612165766125 6.382263788743597 4.208923204481683 5.608787807819808 4.992371352024335 5.932460133911538 6.453216588100744 5.570543686605071 6.689802108314133 7.548180951420807 6.15788149089101 7.062661178783293 6.037172894798851 6.080296904965608 5.663562002439107 6.302672338631907 5.745664646491904 6.731924746466374 8.713108030848641 6.501046545539232 6.26991972867426 6.177305533979865 5.9594447009556735 5.1003874730274505 5.033119863579442 7.1913127087119655 5.849805903857629 6.108862805111686 7.625074643624786 5.337375134016734 4.998551809756363 4.619581861232444 5.772467665238071 5.585682498539607 6.014905781226836 6.782680124580003 4.57843219980868 6.89302966125755 3.1662615092350817 5.7863777570369255 5.021190892851749 4.679011852999532 4.188405893796024 5.175569546203799 5.189313229603188 4.5394619282764 4.1835056161417095 4.095729368984873 4.707149017481999 4.892476049615415 4.417557326780893 5.070728145826068 4.5688245081439085 5.214661453588576 7.150444082293183 5.1298586244795095 5.870769874467302 6.119617108184256 5.210063995063541 6.038839197333351 5.701502912526483 3.6099354954012886 5.281175366349118 5.001009079798652 4.133179159329837 4.921872986602496 4.3961478771435205 5.183291105599234 4.754612946740015 6.2113654424675016 4.300575573345313 4.371051727831973 4.869506921654695 4.173386872899263 5.878692642384086 5.017047966156028 4.145691964309386 5.678911751494447 4.442481378107357 4.252963786164148 5.480362035440761 0.0
6.427957322729935 5.960540617547377 5.540134580125859 6.9082065120481735 5.30037781832007 6.709076927777648 6.0061967525631195 6.295903784768626 5.9826078378324485 5.9174017719459195 6.3328674279508075 6.076289306545638 5.921607701697671 6.969336001226687 7.469613908862456 6.7473510676319846 6.450791205838596 6.315348629876488 7.578467022655519 5.0921713162883675 6.0724402339905925 4.050295175115631 5.4299554788414355 5.428270254589598 5.1514084555215405 6.749295183903702 5.646453094313368 5.545774453563349 5.88175404900771 5.387439322755998 6.298719199277232 6.348929233862439 5.49435805972302 7.197900845888363 5.692970441763709 4.964971830767572 6.092626670802881 5.614797246677766 5.637092471424741 5.397956254371803 5.586238937081711 3.665645358820627 5.898178499533637 3.3004746327217336 4.9765624152088455 4.5909463672338395 4.805311608778786 5.473658703402435 5.411713401589426 6.389733465607195 6.39978239479109 6.1849834859009745 6.600413368603769 6.546621725810687 5.777712702121591 5.781964565968345 5.884508535439947 5.978274686757086 6.392002366975859 7.82807386259201 7.442791155992358 6.551989612340811 6.039428028599074 5.608075940101462 6.558090066512812 5.788668806822635 5.8870683081294555 5.622789708317293 6.941016176048185 7.741363613221393 6.083628868133039 5.803528896774026 5.080926954382412 7.322827033471714 5.776169895825055 6.04362019141518 6.074007245558909 5.29550194976334 7.00877257219562 3.875564395662171 5.9463961201487 4.862529949287475 6.111158622806932 4.661271515191606 5.628519079178296 5.6540296404349455 5.7552930029005225 6.191387221068555 5.295234561814071 5.521434530183081 5.579430790380782 5.741940515968181 5.813787466780318 4.169530204818423 5.271586466180864 7.800843072975841 6.666352739872652 5.3798168100020085 5.552248614231819 4.984480507774331 5.475612764696773 5.566633060462448 4.2862868272314305 5.032258303618538 4.838662587287133 5.148991519005395 4.950209225870805 5.178932318861561 4.930508098651682 5.563816736521582 4.939998340481662 4.104755297327516 6.468728766330555 6.092958092459814 5.3050605494930725 6.886732548155246 5.10017955285441 5.054295567347279 4.892621366927123 3.874187983936382 4.528366306472762 7.565505406351309 4.178632314980397 0.0
6.246480674138697 6.099920769600753 4.745672381533428 6.714154744634672 5.27396609005951 6.7682393753319845 6.065486861348192 6.633410675240451 6.337327061701366 5.715242786114278 6.207493774715383 6.369286191132276 5.926433909654065 6.864339102520237 7.108459901819338 6.76667528517592 6.567898817968297 6.4253072397312545 7.56576835423484 5.207732676903463 5.95599054289398 3.936214361295378 5.357709339648424 5.121832628301871 4.9237065586042155 6.439118389360095 5.578715828100289 5.9013967022023195 5.774635656895415 5.407659104610248 5.874041042850293 6.215600886102649 5.6855819017656986 7.464708068439301 5.778085739197436 4.768949347474021 6.047804071779054 5.64618647827678 5.875465756832383 5.703891690153283 5.291523332504454 4.641906502286727 5.605404881267199 4.17121038321612 4.756419504482075 5.6179709362672 5.179209119836236 5.3188410719205494 5.422926528809543 6.378062402203156 5.7201992822476955 5.731385575573179 6.438563111818585 6.626749164536714 5.922009901898528 5.3555804295028615 5.913590380498951 5.813448215896039 6.027105870462853 8.597736428374805 8.161902169127101 7.442264180839612 6.897240548743383 4.924738001223262 6.78023409459863 5.285430438417611 5.5493037959038425 5.718688054726679 7.773231126535777 7.515205935904477 6.52814017703447 5.4920435372642755 5.726191275232742 6.9814550859699 5.0459244891583195 6.419504911457625 6.385063708183198 6.008885889632575 6.763720840053827 4.248434519369429 5.707288932643794 4.6818378139132415 5.9376069740460515 5.874113114488172 4.38534010536395 5.555556416557937 5.902376871198946 5.923161215276699 5.3181303770406005 5.4070778287663295 5.781399216723386 5.7739353474774155 6.305271925707493 3.846666998886815 4.825252212492225 7.343735604260976 6.512089172157539 5.174026303293481 4.885405418251788 4.547850224231494 5.74659332403258 5.94376667961702 4.344938971421059 5.270233496553706 4.938710416223089 5.761802918866438 4.944551173014655 5.604332443223278 4.707564666868653 4.059102501789164 3.9909958466482607 4.5059610130186405 6.689562964893961 5.6522718003588945 5.213551877901664 6.409065330461384 4.954261018966186 5.1513739585076666 6.227030254636624 4.272877511636227 3.7005365532596395 6.671321675796114 4.645339830762542 3.6041572420308072 0.0
5.804194269647558 4.6203117678128285 5.094132817117963 6.554912649703268 4.523894969534994 6.021109578167508 5.324690720861476 5.448965353702962 5.350704726993498 4.815582413156363 5.940482263355035 4.991240964473945 4.8926830150599665 6.520673653592152 7.174835194400286 5.684465481743484 5.867514527633571 5.233606679554696 6.815143425579295 4.865082564290216 5.287348418026918 4.038110902385309 4.292916169615491 3.70059450472741 3.7971066717098756 5.770504232767474 4.33748823793323 4.217907453566054 4.815316706074583 4.445040155693149 5.460021097428772 5.49894151765207 4.348451637069215 5.972289901271064 4.519230217664952 3.786860684192189 4.681055336430776 4.116204684043861 4.003937682305801 5.958902554176785 4.706081230270604 3.7774373892178796 5.139519989223718 3.5486512435228335 3.800874291459903 4.9084235469626405 5.197019235990117 4.730958710438047 4.880857178452458 5.60264852711885 5.782543249333737 5.350421636958055 5.765658408004107 5.612427525046826 4.820105178833475 5.149092537596736 5.204034685724354 4.9219395971734965 5.586403452144827 6.154080319871387 5.315937856561537 4.6468177313809385 4.282644157376014 3.7606704030138935 4.496115911575267 3.9918272424821755 4.483648230445782 3.2532246621026326 5.000737562201222 6.772522846194635 4.6252953833101795 4.686243698620454 3.5135470873564008 6.459136734512552 3.9323336324167038 4.197225155188319 4.307672662504823 3.8893031499528807 5.871106479658049 3.6285227897912775 3.4801439739059528 3.205879114021081 3.8719737489169157 4.48044777051159 3.812763830918771 3.4172774340228327 3.822451988107969 4.140301688238805 3.206611110272723 3.1700431162592837 3.7304017294323173 3.718509954825127 4.119118695581504 3.110135952315947 3.391683590753322 7.201556479126531 5.679053414948484 3.415361179562404 3.7480203781076775 4.434643949093984 3.8638876070289743 3.70317891022933 2.606180068755034 2.908114610795651 2.8203477170071767 3.630020575892046 2.912846281150449 3.553181445179421 2.9131979550573512 3.8616697703052982 5.40613919259037 2.497314089703679 4.926790064334537 3.4105139200034893 2.6622943097401897 4.864610277222412 2.833309353791036 3.162122138767815 4.217283640375398 3.1600175742841072 2.8637593043717318 6.412895087968863 4.286506248649631 4.290787779601871 4.311557611953203 0.0
5.6178134950007586 4.978116757374628 4.686391434561122 6.09872001160257 4.298697387837153 5.676893121248321 5.25474240133744 5.542139662591203 5.144498586674616 4.623965663505799 5.82882352329261 5.051887003080624 4.847593051990794 6.1283094761017 6.800411851945904 5.606015328570682 5.4428836164924235 4.817501106740336 6.4991688485977015 4.894425589601485 5.150784434619999 4.288496471114445 4.549833339940843 4.057477120894742 3.995595668867188 5.526003390984913 4.227298787433465 4.488843839298105 4.724031823064899 4.507743954090328 5.014083649695809 5.284835508832861 4.367648001592187 5.884582425901105 4.505471407501672 3.7028028094015735 4.590705630020332 4.179719144926614 4.357765190675066 5.890033430281611 4.303458573076856 4.140306674901756 4.9050470138902 3.7077072910940534 3.6760926562977048 5.022236537926221 5.162280922477979 4.437114887676396 4.464217597447853 5.270802095169572 5.581134293638623 5.2399539767725125 5.435503092327055 5.421142929990866 4.718674731354952 4.741095555030479 4.877450701484988 4.71283970975002 5.0822898589896175 6.849399303264702 5.747278351715183 4.832505681768162 4.803160334256442 3.836047390679743 4.999690996022402 3.7910798163550883 4.503025611646996 4.050160995693737 5.170047704609171 7.1198280294278895 4.844137467358273 4.646900707199849 3.810909265010088 6.4648875869775235 4.147277344753224 4.9107425226841235 4.695913555951685 4.586014632659064 5.815529901595895 4.026072757052764 4.259635539591025 3.622180501133659 4.371029366930042 4.490811584666383 3.586662934612061 3.9695932253436363 4.29581989746585 4.775120182649217 3.711170542713345 3.8065907920077926 4.0976764559606975 4.0177598045061815 4.1871700421727995 3.786503967536073 4.026219699072557 7.050598518855932 5.869331737619492 3.9100783392125016 3.5400837968031635 4.688016577316894 4.724795752489321 4.362211283282358 3.0166166154369725 3.5276739731978237 3.6175410024483017 4.0147287491495725 3.4861798627283376 3.611201841073398 3.0810598776244165 3.6656504044709184 5.2999638296931595 3.0879492889347073 5.2528509524301885 3.5734759735651798 3.034093424729115 5.527575335006665 3.6499561881797504 3.5901485509178195 4.707078413850569 3.973593437584732 3.0614985553893157 5.941924561722849 4.559050619824034 4.614199678624199 4.341873700566346 2.643113662367579 0.0
7.262141203811381 7.272913227879351 5.7919916261850934 7.928412800202618 4.485997416055731 7.258914223044866 6.953857585462375 6.532446399800081 7.309135748308808 6.9288017423741834 7.240224917155303 6.485488777372132 6.3918578569496844 7.852990507158419 8.544731635548686 6.463547103873243 6.167884767214384 5.618655690953483 7.79671515536316 6.684732899493178 7.110904958711515 5.280028473462037 6.323866254290802 5.447660587696298 5.155059130063445 4.336808949395643 5.8504151939793125 6.1726704123578156 5.390136339315495 6.5730217077110265 5.615758473225067 6.687122563230977 5.458559525939233 6.041217647154918 5.314566462069245 5.332512073411794 5.5741745192451235 5.222231430132938 6.175671399257561 7.722085641987468 6.382898025258294 5.89879593076506 7.112849650485856 5.538888130265448 6.130846407627901 6.349958428612283 7.07578822925541 7.029448485052934 5.911891390939625 6.926577045100016 7.87309100457458 6.508811070078972 7.488395492580543 6.274805183391124 6.738078559003371 6.138892675429673 6.965215838256144 5.979796068016176 7.081389288705724 8.779890965805812 5.794316424542843 5.819277154705338 6.290950896158726 6.0290317917632565 4.7134009282481255 4.62708094206954 7.3195681598495925 5.86893643933375 5.75479250855005 8.215899281241471 5.048472896838797 5.246048445373448 4.809856943124039 6.1835110774724615 5.79620350801252 5.998641936176884 6.8320923038372605 5.040074688033144 7.011808004043787 4.215599366791174 5.662589069991472 5.284092365823829 3.8245700668225786 4.216498713662094 5.184097920664869 5.3226242958183 3.9146017163183333 3.570186919504247 3.5239603045838805 4.112802556356057 4.32685501197539 3.6315865626349737 4.233250370066985 5.403718406353404 5.705002499198429 7.539506067673334 5.715786636226362 5.9438488331795885 6.070547218764854 5.522000978365483 6.394340318942693 5.789814006789 4.3033194615604975 5.172181929817558 5.241285696113204 3.9534156472193756 4.895921959945515 3.8811188919216475 5.1556942556457575 4.655873190945845 7.005153030422775 4.887602135551921 3.9250087063925054 3.8548149759196506 3.7548084303688554 5.137711875686887 5.090192337010373 4.363018957100674 6.1497501976346385 5.169056006157092 4.646030454878897 5.2124406270121115 3.5566883868048764 5.986360383054245 5.868406942793389 4.518915284257879 4.375798939397076 0.0
6.026971611417683 5.593057161094727 5.0013663791035885 6.923365102926061 4.308803774495755 6.315384946765094 5.660244826336344 5.766833558915011 5.668505126685727 5.365196032767978 6.079124667107381 5.173701854405507 5.201632458057449 6.666173495158949 7.41512836206135 5.921637297937463 5.678196103228368 5.153432489814442 7.087090727064785 5.4029904947894645 5.614882331170223 4.343356816638546 4.8257592602352 4.200060901192459 3.9724890199862113 5.151230926563955 4.856708516102256 4.685393864704426 4.822397721403996 4.860227249373297 5.090538061442641 5.668400334449636 4.348428385238148 5.958395320527976 4.505835183358127 3.961431564011596 4.91391698320893 4.268405922831172 4.5454339414460145 6.4617606415493825 5.005021165287592 4.419441449253712 5.749364744882779 4.169879881831634 4.368615140410923 5.421533477334561 5.682035083663876 5.235476483520731 4.773313124049278 5.864083965832825 6.178409826400292 5.41147931770253 6.371568014040533 5.785869715511185 5.243983816314791 5.035706163119654 5.54192353081151 5.251036891751445 5.901216865226322 6.914349045226611 5.504378567112213 4.93226434517723 4.655438281065075 4.248906155571661 4.3568841178179705 3.7668733049791583 5.097109767147927 4.00474660795198 5.18848181235837 6.721111822018007 4.204669157316033 4.267076600583812 3.3272046057499267 5.996664920754132 4.328413194754524 4.601507324939184 4.707257347214795 4.228991463730152 5.659599429891533 3.569673653148484 3.8885988809564895 3.529143751547629 3.391616651149729 4.105371798361991 3.703118225715366 3.645010237859795 3.2456859552233146 3.6867496177534496 3.146995815975296 3.0780434988947345 3.504736725216459 3.1727706831618727 3.555805346138661 3.5727276341881025 4.1460178187626315 6.754879882007277 5.291345794686093 3.9600404595471352 4.293389416891263 4.414132566272669 4.548141817953268 3.8832863392431687 3.069441670510763 3.35108038392641 3.348392927466589 3.506752653630881 3.1777909340210595 2.9120986027771623 3.0601627905143074 3.713609453245907 5.461295233821556 3.010184068084435 4.783123260061318 3.2318030258152595 2.90995882481307 4.703171092549306 3.1702591839756002 2.8347566914083444 4.79794102431124 3.546623789406869 3.457700923225457 6.112372503469266 3.8489950488389364 4.6900074854742995 4.533021901201872 2.8127044885546755 2.7675791479266607 3.5167435995932577 0.0
6.793737674508445 5.6840059211168965 5.519321609846325 7.325778211168776 4.796078670727295 6.683257747154831 5.9143156187533545 5.946823115224779 6.211550538898965 6.026802570627603 6.578365030865749 5.544952911366902 5.449348946286184 7.207124759509494 7.83175442237148 6.193453351996653 6.234285062303875 5.85524242275065 7.456868554366042 5.436698216010612 6.563823770721363 4.053614379316289 5.379558156539481 4.626693405359858 4.72627006270427 5.906824109311655 4.97949409583741 4.799024844790528 5.522150791994655 5.4309369528224885 5.9822353871590686 6.143587017458794 5.0062427528901265 6.508846871761279 4.962219866539364 4.827560553344741 5.2364517793449386 4.565070151862955 4.972731327369862 6.391282298925168 5.908793737613785 3.7702049484003846 6.111202621130172 3.6401099539065846 5.125580002864411 4.911305804231476 5.705969250407669 5.955183011219375 5.458415463928267 6.442235449538845 6.690036573182435 5.993090162556671 6.816013569210573 6.043173095729273 5.790991608077245 5.899589657632978 6.2630117260641205 5.448598797465244 6.487381630905572 6.875662894513509 5.477055589047877 5.001844812428184 5.179928661376415 5.468538133141772 4.932471130108004 4.730673382091516 6.15510531211324 4.692804308005116 5.400165119424428 7.710924384642857 4.346955118474036 5.635063291702478 4.112087536429151 7.239471623069348 5.229036657609186 4.732137056031636 5.557114211920697 3.7821887386610697 6.649493746436831 3.771138665279203 5.0996030754474 4.245993586307298 4.274157696613987 3.288006498282039 4.800257979301387 4.771510646046141 4.114415228316065 4.439149764069493 3.1547684904160147 3.8246520060786033 3.710071888987975 3.782597109565416 3.9785954804321464 4.031705295407857 4.68854891999313 7.859635052458071 5.600500913197417 4.823136990241325 5.445218771596874 5.013200094790916 4.946124848786379 4.453289542738098 3.3844063599805296 3.88403174811012 4.043961216828894 3.687695326174201 3.7432097517552902 3.5401991494258938 4.336863614569282 4.825437962687514 5.87425913118699 3.4478035675192773 4.478252808945367 4.276992214811819 3.7381866944935336 5.651590400942943 3.990913905910978 4.2043472783047156 3.708104798865632 3.155877167172978 3.8452557687749453 7.064187487942641 3.5036244163310983 3.6594781486512264 4.529975007743474 3.4354568703972905 3.964880568646955 4.237662117732975 3.664364906352598 0.0
6.04691166500486 5.234905728334413 6.1649481992850195 7.046176872053555 5.085747108225366 6.120845274088965 5.868642591434407 5.285144494259325 5.6808612287438764 5.752355302299352 6.479906132205077 4.913485051369703 5.498398078890541 7.356476388980916 7.603920454576475 5.548567937211568 5.503847027247948 5.358793613458924 6.985880272372589 5.018262538137181 5.69365014319838 5.324540529185835 5.634980969692067 5.001750062840876 5.430252022593245 6.350853206266456 5.340076287335856 4.486416676849629 5.847053567709367 5.4238607492171695 6.1368538067323115 5.6617234121440525 5.0415850878896675 5.791610225145591 4.368152037866321 5.185757377458404 4.562189638586414 4.233128176907784 4.417494197608453 6.035661452870121 5.619026437697918 5.111434309152102 5.960357538907926 4.7705376790724205 5.098770109891267 5.417228295097891 6.391048136752297 5.721069856541535 5.383064344445128 6.067011782574423 6.502122977591747 6.050633163703208 6.573229251951691 5.621191942219382 4.550403469201641 5.341908408998289 5.480707337580772 5.424353986600961 5.84416844842872 5.631692667582638 4.909615289564094 4.038970312722682 4.362990363036893 5.967703612222295 4.71755006684841 4.72494653010591 6.605240037685857 5.408148924568844 4.2022971050655515 5.672803247632611 3.265633022387791 6.480068683086223 4.423581868761133 7.039979876188356 5.24608796864607 4.28999544738329 4.883468621714537 3.8247683679137183 4.838080918659178 6.005863981899164 5.680957971408466 4.9892292516373455 5.608276478264254 5.475386058895478 4.943760929882191 4.560587757093883 4.937051990439254 6.004433517737509 5.07799807454414 5.920344262910339 4.982211829251303 4.964387264624614 5.012685410570777 5.535783896564154 5.055403213485159 6.36705467093319 3.726254810164501 5.299063345292847 5.957625881253848 6.9504154742801845 5.124827172490776 4.299429772774888 4.7691327854719425 4.8376948677412415 5.251739958234581 5.899238030802577 5.010493700302846 4.657173252074817 5.111975824194975 5.905221598480848 7.1053291377668 4.652535103461862 5.568330212182007 4.988009799879695 5.380784901808634 7.264883129463381 5.045833563442966 4.357136254004356 4.737332436357634 5.327528856015663 5.495130848789705 8.302304140754709 6.099389275128577 6.609884866265666 7.210497861381904 5.341754919344522 5.3053211380115535 6.266734334244914 5.206393821162209 5.422006761024083 0.0
6.5614060445990985 5.591065780549901 6.125415100804332 7.3185619943372995 5.0317721471710914 6.491622598835621 5.956087412970579 5.565354926147769 5.934834349532219 5.924291622050506 6.68387598643378 5.0686859483503675 5.513943111011314 7.545051741319683 7.905932978906434 5.748852209388005 5.762813257619431 5.589212432056615 7.240615996406379 5.087727882983017 6.240164741047688 4.796613019903637 5.771868442752879 5.0263510827664994 5.31375606842986 6.336706368791661 5.335157808793672 4.655440693942602 5.883294678925491 5.5724181129137715 6.201791007812772 5.901559658380884 5.228034238004583 6.26007537017597 4.57705576197426 5.149841462528867 4.831771270435459 4.346225310467629 4.768857764450028 6.154504951583394 5.998564531164924 4.477209899214835 6.131105408716252 4.246186379143011 5.402271427015313 5.027324183613251 6.258287603519562 5.962867126246174 5.430778246567581 6.2205475707148645 6.732944662537556 6.099120069545872 6.930039368418743 5.886824416607203 5.058785411597935 5.659746850768434 5.915826008510542 5.512172405623348 6.218568312676634 6.083575883563378 5.10110862583264 4.036454829997027 4.473918869792934 6.064394499554682 4.745550782835737 4.865227519099132 6.697516944343193 5.122963663515502 4.6615974381906495 6.802941981415887 3.316098807814434 6.196744757182629 3.8598679705296393 7.3998892022774045 5.604796969387688 4.303026363449554 5.02866724294451 3.640985500328014 5.92682964119238 5.450488738958621 5.735153166537444 4.7903456978809595 5.22566884112199 4.267495991627836 5.115811511879674 4.826063549513768 4.643822078654353 5.536439739730405 4.517712981961259 5.4267558293452325 4.5456329492629175 4.4471087314255495 4.485994755798508 5.193451026969773 5.103606517376714 7.432047569084448 4.236469557465585 5.380319754508141 6.131656667308912 6.680027491343973 5.230383035500445 4.255677854958824 4.384729335380113 4.719103692142534 5.013946472901161 5.2333561192091675 4.580235229155851 4.018872366683936 5.156190380299297 5.952013644690441 7.085005569907019 4.2204719377860656 5.075108254376578 4.939938935886825 4.965959487319209 7.134418886974366 4.8815418136449304 4.436105773293163 3.7898937995639717 4.7898067105453785 5.286532008501018 8.065186126382976 5.153314761934899 5.519665590726797 6.524595292540994 4.908469155641876 4.994632109481147 5.627565543909679 4.836669704268892 4.197519026292441 2.5576287243943088 0.0
7.170352633685908 6.402811086575992 6.5073445659621525 7.77416762655219 5.4398715748699304 7.041529464994368 6.499787343822303 6.121658642049528 6.548566985741334 6.405560350099875 7.146342482569089 5.527019056555424 5.985028490432282 8.15301532552668 8.51232073633441 6.279098132388637 6.135937315510379 5.917957362866254 7.677010335296755 5.95311737079545 6.888002460312669 5.437469754851493 6.306756560362193 5.448692292114927 5.640215264319784 6.417656137188264 5.795809808452202 5.109500580527525 6.298004649153561 6.085178192950909 6.337837016137024 6.247664234144318 5.7306088172829925 6.652810287121145 5.0348968232139475 5.451714897981134 5.487962039301828 4.801433523348478 5.38017018274352 7.118855310350072 6.555614220425348 5.028839872510284 6.730681987969906 4.99661605340149 5.903643813826692 5.664106334934447 6.945172496911435 6.483309734847074 5.827560205823105 6.647677244057055 7.341783244309692 6.528126625154778 7.54458286440637 6.384889973406563 5.675334639716879 5.995805980149173 6.496107868770201 6.019624605013104 6.685384151284112 6.664838972361628 5.443635122148659 4.368164795935703 4.873362868052129 6.404384347347002 5.121475181755645 5.219545894139373 7.102412450450986 5.258279789138972 5.0252118361812315 7.389312670207819 3.3543073707815423 6.248890937986558 3.707937391465273 7.401606547900362 5.83149774638899 4.86459728572509 5.446650829363617 4.243620634379988 6.499239785655202 5.789874946229092 6.011682652212135 5.141116480303909 5.03388065920777 4.244354541436628 5.351719751534139 5.2359064293014494 4.632940652563862 5.342965806680924 4.481830920629397 5.1988524654851815 4.697172612527198 4.284813583522672 4.331806263045033 5.726872055921846 5.652043825916925 7.906766455077604 4.628635014830442 5.866253901586757 6.438289964885033 7.1536697811389685 5.734327931221387 4.492709952796199 4.642017730449729 4.906162977107432 5.1651143919477285 5.186428829343796 4.74198308650806 3.776451883582385 5.3403198634469495 6.144232346215979 7.4815196525969245 4.49762177128644 5.335289958033801 4.929558546749324 4.891649963760632 7.267777021193084 4.948476794015451 4.583763097624158 4.2970270329466445 5.177067845541616 5.566338205409335 7.9652457014491045 5.210097023883103 5.971613862950635 6.841519021223871 5.052553418888138 4.988179998018787 5.175472413926035 4.644247023752863 4.366892293182081 3.1526925342310634 1.98776103851331 0.0
6.672019042887619 5.764660249193569 6.114486502549699 7.223786220805361 5.040116279329769 6.529231333465105 6.169062246845981 5.640862988308144 6.1055660220463865 6.01747685625552 6.567331036323946 5.233443707512272 5.626542857631775 7.752808298537126 7.952084432336692 5.7758529441379975 5.773344787580727 5.64828916937045 7.2305707961287595 5.053858094192175 6.29248324417385 4.729148205062258 5.878299365314905 5.127135603909004 5.405278777452399 6.373402210672039 5.491015556364573 4.71183249270862 5.954643583560707 5.704550763841664 6.107037979450638 5.802027716396354 5.421186572333385 6.352184828632645 4.661741649346918 5.158133660671091 5.058487725876128 4.418991288164497 4.877020083996737 6.103158085785844 6.0936872552859915 4.346660413420907 6.137051666614182 4.200141900343427 5.415544720923929 4.904945119677585 6.154327412384734 5.982067549284115 5.484022023618759 6.292259044502133 6.7727121980193274 6.17936831618638 6.921092910437877 5.951022499436372 5.123449550992964 5.531811214172825 5.950366676450666 5.531394203693726 6.147843308264314 6.319823057151521 5.54034504075137 4.544535158107037 4.709762152912026 5.916935336402745 5.026343342857772 5.05131099745402 6.810331790666646 5.307203086482983 5.040910038605304 6.740718765324657 3.702607681895599 6.094332011159377 4.0249065250632485 7.0081427525991735 5.30170923047282 4.556918711000693 5.288421720634941 3.8885752001022835 6.113614187332666 5.283670336115003 5.827908599439972 4.8885709731797435 5.355992967600153 4.609431348406602 5.311186624556548 5.040897610070226 4.807072501931554 5.584784143567531 4.747039392672796 5.569948662652091 4.989361913355643 4.888398331641338 5.0467951791312835 5.174307156586863 4.913437604875746 7.335388084137075 4.110368417418205 5.482610606421991 6.021858539594679 6.654385455205836 5.187712989494516 4.574298671070209 4.44314016540318 4.771807110542931 5.121939168165675 5.680309416757131 4.931199954485553 4.497844528706184 5.374608030773482 5.966667797418722 6.776938351942093 4.148849182120105 5.407476100782293 5.108924733005855 5.151377217117566 7.171608599862664 5.006075522150706 4.543036303994552 4.2228157493790395 4.821278998713362 5.216214193780516 8.016882055645217 5.026051641603011 5.254004629912683 6.310707720764803 4.981292741500405 5.151883195496874 5.734681482744612 4.954880541178873 4.161500946718275 2.8959737878011946 1.7553457427773491 2.3775110342126626 0.0
6.967897362273039 5.614634019945865 6.247066411843377 7.497769293839839 5.609833894673735 6.404439067907094 5.9383361595740665 6.234996295545593 5.871339716986978 6.069765057954081 7.014848252175695 5.337852868188941 5.40417020642371 6.767443864573164 7.6114249990791825 6.13455387900808 6.302176957631335 5.694133153370572 7.20563363718118 6.386205684930125 6.778338979770898 5.842638620076624 6.038754016787023 5.275127546374194 5.717152433185331 6.719353242586114 5.179310960042269 4.749838547235231 6.057065509350744 5.591197636626841 6.38703591103814 6.299636389066522 4.9366357278155935 6.201173813943892 5.275220619719526 5.599207469738343 5.164377676701525 4.646686434623517 4.8312212056835895 7.328664721603106 5.968525856334107 5.262868721936723 6.672002113816289 5.075845245005836 5.447230275289832 6.0941913476593665 6.668498430171284 6.174113829278807 5.554653661186449 6.266248438430828 6.64764322997007 6.395761316620461 6.748507414142585 5.8752430008754715 5.8483679007383484 6.29993971393551 6.255449753715833 5.657589427474399 6.5864796374828485 5.575915917529982 3.565391132785563 2.915166404461802 4.58432964185103 6.0185801187953745 4.657849134246753 4.531172137406855 6.0680605274607 5.0000040355214415 3.695174249213573 7.6534007991439825 3.68102184889411 6.766165244370818 4.723810084606868 8.399878066654676 5.984914054001628 4.330087352388834 4.961296148645915 4.111050442000178 5.866917505626265 5.723998159686152 5.433317204687008 4.9732711784278765 4.772151021026183 3.7281548255143577 5.257752933833289 4.869827959010025 4.356527985959596 5.551143789389752 3.811757144877536 4.615903653695695 3.337793388079463 3.644254050346235 3.011270241162841 5.558298650972675 5.681188032532358 7.861376294396956 6.238210083466947 4.992081431168029 5.859947877679617 6.107113858534795 5.39232404790031 4.349218347379434 4.798443082638334 4.055935012450359 4.829912076827551 4.198649391464634 4.214374754299359 3.5128778382041017 4.425908018863 5.843704044588645 7.225289261525889 4.8377558150101345 4.787902963290145 4.119835470246523 4.500798622497064 6.120370935238959 4.7562835286116405 4.916432824986084 3.7101997313478154 4.760818292993014 5.3288782488142425 8.428200037119412 6.054835077629908 6.47985506820356 7.06638274024671 4.730602458275411 4.598248373090376 5.1979652668423375 4.66248314976045 4.511554462329271 4.514213930541962 4.215873155052871 4.20579686694001 4.807457964717316 0.0
7.103878816273291 5.936395874249938 6.556858142231579 7.677582864704266 5.6980278515046 6.6000798367937525 6.222986938649253 6.184613565889401 6.242258592478786 6.380310658552614 7.2229599051068964 5.622234492522713 5.775068025576585 7.272003155016733 7.949996120282564 6.213571310407609 6.3586963161462755 5.807473547759871 7.316824136638987 6.404404917715767 6.95682076976802 5.849529844438494 6.325477221145877 5.666127522521414 6.061943839321628 6.81083249640174 5.551566289376731 5.075122816940243 6.325054590123296 5.974058692292607 6.73714354246592 6.46819135703483 5.257482680616578 6.17856282880609 5.467526301270156 5.867562400881787 5.4673974624239206 5.028649151598994 5.230941390212045 7.245993504819556 6.234767329947392 5.180761779244719 6.998800164553868 4.971725399455087 5.7748739789476735 5.804191946062697 6.774265908536874 6.509738423753903 5.801340504597553 6.323776436444124 7.09032413008254 6.754695631272325 7.028785403959385 5.984374877792977 5.9464818990990835 6.529090657034917 6.454584366679415 5.913301681265397 6.9119372301305555 6.047687871674662 3.8599086224930423 2.976226213683905 4.858309684198476 6.710415622650375 4.971865088768397 5.135456157603831 6.729235039010985 5.403679493861493 3.998482644513901 7.787852981416055 3.808558176741869 7.259706000599237 4.933486848200661 8.480327355228397 6.574740558700332 4.562802340299742 5.469185123290489 3.9384649031208907 6.178393274405978 5.785685745986182 6.071735037528325 5.4154278120745065 5.3794506904598505 3.328311859046499 5.997932528854524 5.424699365533577 4.7871020697832 5.863200906350582 4.199423542776192 5.2744173518850275 3.947799291956832 4.049491589839811 3.5217452134703047 6.000009255298309 6.163367485367997 8.016388746648069 6.2689293632957535 5.6862693938687014 6.5357239867097086 6.5805616802906535 5.641564711237265 4.77451331512012 5.051758251353987 4.68868942566372 5.230293220216911 4.208643642529099 4.658975082741797 3.825141392943526 5.0804664791659535 6.523268236758069 7.537365863023968 5.227390645886993 4.712468178229339 4.917622806603848 5.017913234862856 6.688164862163147 5.271373677686512 5.207519377848104 3.619115871412282 4.99972189293215 5.719206777090075 8.464416077667764 5.88527401357299 6.320975266626586 7.35919962465127 5.136932353024406 5.14545335199923 5.404404277432388 5.176453280993756 4.443172516102482 4.537022377488927 3.8208927443857696 3.8775728486571954 4.439586097060201 2.161944350085777 0.0
8.06681466932473 6.941057742016971 7.008493368456618 8.589559697490767 5.844426621370772 7.632024602059376 7.0771545290644315 6.783000000658195 7.350387604534602 7.528128480268163 7.900486099899004 6.450702676152282 6.582848804123006 8.33621602914428 8.974073807292495 6.947791919884865 6.983593659152009 6.70038228321541 8.35129920662076 6.7162400004826885 7.982047767289398 5.668427220217422 7.0210655041366845 6.178142203815139 6.431587377073766 6.736568932048818 6.23669847147226 5.862956475511313 6.798924160066977 6.9243143738955375 7.228984266605336 7.2793040924384105 6.110843052908286 7.028871853047215 5.886560241667813 6.526084274618555 6.015892915774382 5.519234554960874 6.140051646229062 7.573164522495071 7.386993499466379 5.318365538061958 7.6364249994188995 5.149688719740716 6.8293116579243325 5.966510411907867 7.255973282880117 7.584518978434932 6.65864772880384 7.571862802820643 8.150973252910472 7.342420900827199 8.127742050332538 6.789502660861646 6.9346640126826085 7.229999375937982 7.548187837000626 6.535608862824189 7.7778703956413855 7.187887906213812 5.02180774167427 4.766913860452355 5.922298829027296 7.450020845806297 5.355620857886407 5.8525778575844125 8.039048783330486 6.34431177160582 5.217118675612859 8.594901908463111 4.253295290426945 7.378364816661102 5.302690148417818 8.589915231129575 7.013913203329871 5.341996209774905 6.710727417019883 4.128361336274248 7.328599773741566 5.586730521188727 6.811536751053989 5.994942047779795 5.478886609837111 3.3452552358170227 6.436829871234854 6.182433264764106 5.036792047657791 5.7072305637631064 4.318143123655135 5.530955696026942 4.432827181987295 4.5521552614134375 4.336683187363704 6.104755093117032 6.44560056462496 8.680028171266402 5.865244814184075 6.507320534928955 7.4278468933031885 6.843753308444196 6.402346517531893 5.5277568992493835 5.1899493367057605 5.3785037624338425 5.915472656697021 4.752674808155595 5.342579432809366 4.371494620637064 6.094457993836149 6.751918223222282 7.778986064442878 5.324080733276742 4.529708193653426 5.456972903124207 5.4098860779567435 7.0778360646341305 5.788355057271637 5.651182973870386 3.9615230021741774 4.959717239045319 5.950075498996927 8.519154554802405 4.900387601425484 5.653764349843595 6.995895549380098 5.572898985831795 5.880246381805999 5.155091076680433 5.4790564643728885 3.5420621484731143 5.066497882249726 3.6123384170757933 3.778892166406956 3.8190106833428663 4.0512632545051686 3.3572685184768005 0.0
8.123447001886815 7.716052751302769 7.043614683814949 8.64020497677823 5.544277943855683 7.875311503198553 7.502098972164383 6.987037169745087 7.790678662483307 7.850442630073605 8.107435749988579 7.087225531396077 7.125122003344186 8.58740764285433 9.236914436444533 7.164988916657277 6.965194016882624 6.666491334536108 8.5404898369664 6.981295932294961 8.031550278431697 5.69075133496676 7.331603223948241 6.656496465408768 6.561983353366254 6.142798705563908 6.710110515302752 6.683578519670698 6.674288419301241 7.327361678222643 7.191045936708202 7.603797097508062 6.369896741152242 6.892117329375372 6.23555110280904 6.638472087303222 6.408359689450759 6.136988955641439 6.914458516947161 7.606300220282991 7.401399980318585 5.751115915488676 7.986726152835722 5.312930831995167 7.121120695141359 5.966841510199667 7.303613164958417 7.897594786138316 6.743435837526421 7.684548702402947 8.698458763533335 7.660366064936126 8.274279301727708 6.928903300950398 7.350238683911843 7.278814583886463 7.672507312281891 6.857598643992897 8.082119186100607 8.54094594070318 5.837744448255375 5.5591462289644165 6.636431905850278 7.7032506604991084 5.732679496338658 6.206517010916474 8.476713569998198 6.934938432839739 5.8597279410878835 8.994764689762025 5.313389486264718 7.170441749613471 5.6632012328917405 8.079706979101948 7.415811395661128 6.2776575501363 7.499241725685852 4.804995036907972 7.819192642931711 5.070413530257118 7.2518263779425824 6.48444146196526 5.807547536453135 3.188028862740299 6.976101348513651 6.666391271665156 5.3636956113964365 5.691682804214826 4.7815232210164424 5.899522658968544 5.124773102122917 4.912884045085295 4.91044740998792 6.3915450786066215 6.872708152784963 8.65229273377989 6.3303986754059975 7.114188017410305 7.756190065792098 6.734156522726688 7.0552122342011945 6.438232461267946 5.3383923593095055 6.033510667037608 6.3694224609642305 4.622017803382154 5.9586227631018955 4.812385195679972 6.470221174799572 6.9467193430169525 7.7850959226483045 5.748017549908333 4.565964571452981 5.887304135977578 5.5825500411606415 7.101761824879353 6.38277045132974 5.832301495340633 5.051766843832214 5.467864797906876 6.142615034952608 7.710987123496208 4.121674379114564 5.428681527384964 6.867067406420104 5.828967920214826 6.030050440028378 4.6083845766000895 5.532770263644669 3.8413415131729653 6.142051891025233 4.659284216445863 4.654699223116979 4.7116203102353875 4.96766734117928 4.131731585191337 2.5682351685117104 0.0
7.027818284348708 5.925872264358832 6.562129475325285 7.6803021657873245 5.566313210378174 6.673194332097509 5.983633730256638 6.022534142704469 5.948027274449585 6.338170276833608 7.054484403946774 5.413763746349564 5.675327941257768 7.136861624539176 7.974637338274601 6.272554688333609 6.309508100666491 5.907902898785786 7.445677767707426 6.123578817031253 6.845169299305686 5.430409826394752 6.0548611473637814 5.580146396102616 5.7204663859884555 6.78093671118041 5.550320014573202 4.997114715250591 6.087210327551658 5.702566561920375 6.689744490585433 6.543003818580602 5.112027428424805 6.311875435565118 5.364989212786305 5.675787042043475 5.524272499051042 5.040077517291599 5.212406140834005 6.859667187266045 6.308570337441436 4.61112547129975 6.869594019827198 4.501093731604162 5.833781549175056 5.234296523099592 6.277230235783127 6.417897804270365 5.6494339802525 6.421318211663818 7.217716691932949 6.5948961647099695 7.128497351361754 6.071149694574215 5.946657404940397 6.537119837801707 6.383540563169805 5.998022765481111 7.030267359382054 6.119287198675735 4.321842577322639 3.5020274801259452 4.519310769752451 6.679066441763152 5.022009088726751 5.39710855617621 6.6648176061063715 5.279316313286929 4.221329687099608 7.959715532889483 4.085033406683394 6.7297598718908365 4.399937416919791 8.365809746738096 6.676564273716236 4.746613877323799 5.361397636364584 3.9946285836330415 6.6240644144916825 5.261765331197289 5.9911575940500255 5.21923105805777 5.270865918839454 2.7601433628042455 6.229794414242458 5.321891617784692 4.693610774612762 5.751696307058004 4.318849244329648 5.097540556370406 4.000647615071537 4.168068432875447 3.5431956592416918 5.6016260811550325 6.129449365214061 8.307949624430716 6.383582986109903 5.629465605062574 6.660673820118047 6.316397243569019 5.566138952954614 4.605298362798085 4.851743230187132 4.716217984932984 4.997928000025261 4.025026635583582 4.564742020782056 3.7010884219823303 5.150925234944778 6.714009887554785 7.543392657763635 4.828308025295433 4.897125835184866 5.294372962435009 5.000765496517611 6.758855654518016 5.207103125658002 5.079257212020699 3.1054111862361924 4.624482546668459 5.853115949279263 8.70507744032806 5.312278096035664 5.430860453262937 6.996421578425043 4.997764915251721 5.21577832869041 5.477153322536503 5.040692176508235 3.921291494038938 4.804070130942788 3.63001167374552 3.8267600311024 4.134102065671685 3.02975351051303 2.2611672474420033 2.953463518243472 3.515217487716435 0.0
6.520033109059515 6.073538183129563 5.851441623866351 7.0850812478187475 4.0563344766881935 6.306584025488456 5.959888635263893 5.233902232848011 6.228405929176271 6.097480108336161 6.689269349335192 5.387718711930135 5.546140676753719 7.374177305603363 7.965031236394649 5.44660336874536 5.405700598759446 4.9601745865893685 7.014289706201772 5.602472899327257 6.335770099773648 4.68715549706961 5.635711739143564 4.8254645759284385 4.795827423192805 4.784386459803635 5.003863880786329 4.982257188802473 4.955323450158203 5.650648352009686 5.640366462570256 5.994786350055094 4.820120809327649 5.1021334385212755 4.44714266013196 4.917938732209993 4.606822074176978 4.341701049759932 5.201235805462229 6.553495752818416 5.832209464816485 4.76464657444832 6.325924588883758 4.369038580573642 5.5039598841197614 4.784134948790091 6.160999210706897 6.30578255125053 5.294735990244454 6.170941582078026 7.461007636093045 6.141959365901551 6.633647907089281 5.265871332054049 5.602716297149895 5.675210617036603 5.963755401671204 5.241952866392722 6.414732875694548 7.1885108184971696 4.2943246806732915 4.059796598546459 4.824322253874687 6.014259206606648 4.18673878579093 4.656881807359664 7.035740440991783 5.273738539156336 3.81993215032579 7.6280622644248925 4.0989473059111186 5.546972748149702 3.9561506185483166 6.4955005519506575 5.5121768699331755 5.0851253453203995 5.969016023319126 3.713090687942059 6.560061201518642 4.275081470366629 5.62851043883583 4.98590834480528 4.251776265694039 3.3076823852174484 5.4940964045432645 4.820863608575317 4.040322144007825 4.30340754127549 3.53419928548036 4.421676748119008 4.117279646881435 3.6940867985427275 3.9289812036336813 5.286039064507617 5.279974052452417 7.4977775655550944 5.054587512107002 5.651688284533778 6.131712702834343 6.0630070213052045 5.692664744223827 4.992407823829334 3.8038918498976266 4.6724727453183394 4.8231069327978275 3.87393075498289 4.695479856276975 3.714141309246659 5.094296076518314 5.566479309208162 7.316867120815497 4.338974622333867 3.6880955283110435 4.203206639966849 3.8455956936930167 6.05516298806256 4.937646836959526 4.27410299007645 4.5009420065754915 4.791601307820514 4.865907580819504 6.7522184023692455 3.890467388072284 5.50479251390545 6.483736918810456 4.459140121160403 4.6306709300881455 3.8258466374343385 4.233167366516098 3.642908099157559 4.587847857446049 3.719815527203876 3.6290565608027685 3.8693045954918004 3.670704599020602 3.357204756407602 3.2968484736322736 3.0783870270502405 3.089847553734504 0.0
6.672223156685137 5.947964857488353 6.0912309079365 7.477368141939722 4.545215561460933 6.588800790027224 5.832068928312551 5.36702671190079 6.291952890457073 6.264265807738752 7.034436211613733 5.360339693825904 5.599973142669133 7.449921983408458 8.136635226487652 5.755432962718525 5.78531586775423 5.464228213442816 7.379786966743487 5.670217775503501 6.62436568933775 4.798555094755498 5.693452245762599 4.851438715763361 4.9468820927200605 5.303273331770954 5.006113306273973 5.018715573051703 5.335842961914597 5.696251300848679 6.1652615579426815 6.343036749992478 4.995471365493207 5.6139512501295865 4.589127356857167 5.241091561622962 4.609530130343989 4.472254271126899 5.274602991960179 6.658922709171595 6.1510711555394995 4.914840854994276 6.4279657576722515 4.5425282625631525 5.786847222003564 5.070684013910641 6.459807889281197 6.526443453988208 5.61525818575682 6.4944937172684565 7.524544091654431 6.2024526571751935 7.017064962512858 5.577987831410546 5.726818057360021 6.118611855715706 6.273092469567836 5.482258111313576 6.724930490167198 6.966571846613897 4.2691830221543166 4.052443830184283 4.926045724749501 6.573719447425274 4.350445704321622 4.867607851455704 7.233264572903717 5.327823636933077 3.9454606713455416 7.835381449060107 3.7663898034696874 6.12768454498724 4.102200429521575 7.457070124884891 6.061214033420626 5.0013596814530406 5.950110354161335 3.589860868011953 6.617822935962255 4.986406124343772 5.901416497377528 5.077665961553076 4.509041809204511 3.2979663144688613 5.347070998600454 4.905794926172796 4.3288372144594165 4.68782364664509 3.552692084738057 4.589964455782353 3.8410400364040154 3.5221883403962786 3.611315930775925 5.44076882667156 5.683361948998714 7.926137707528444 5.0967269582367685 5.810690062670884 6.631679554282781 6.490084609302347 5.922474824447316 4.750706610252123 4.0130194328818956 4.9288189737392845 4.94555872982113 3.7484088898291406 4.466928234889642 3.473263699001805 5.2154567577167 5.771239003069566 7.773683871110644 4.619828008071373 3.6508082988643213 4.512780637498177 4.1164377783053085 6.556271134352096 4.9616837371767035 4.571060011671172 3.9908036942313796 4.783169254815609 5.167274376380213 7.392865393201442 4.371388263876956 5.785768109502164 6.724812556247721 4.7129080454921315 4.899907491936822 4.383064483681017 4.560080237649333 3.71471105083765 4.349963415303823 3.3491775721998347 3.3681960398457087 3.9179160171277863 3.376964551363968 3.001189734795434 2.8950343110463703 3.3741164128580303 2.755923714789691 2.160193107967403 0.0
6.331361510369418 5.161009255814727 6.007783146909736 6.97405810595111 5.162081248943235 6.19487750250579 5.174982768848398 5.082545867263061 5.529624867342604 5.472285303604353 6.434456363720292 4.528300164791648 4.959740181320647 7.181008229681406 7.640689885428744 5.56639825031392 5.724756208610692 5.510005311831403 6.933655963785904 5.272769284145508 6.223400687110807 4.757510327273453 5.161688506400267 4.453849971373076 4.757239133638516 6.337301211564246 4.685547559321099 4.076931371522781 5.553851475928125 4.908407334891506 6.0735607393529305 5.693223312625436 4.887540886764376 5.989022664075704 4.443580066294036 4.809896120838416 4.804066949951772 4.185517349089572 4.567762208803451 6.381623208167906 5.91731765876456 4.078047805303222 5.866788995237907 4.2381880383622965 5.2149769608713505 4.646649938586144 5.9525267077129875 5.724282512621231 5.246581579558371 5.933409438226407 6.718958178669209 5.72855475744714 6.674942515096045 5.536729261886333 4.985552989188218 5.730239663549105 5.7535888605880805 5.29329879684295 6.189654120515577 5.959514231151965 4.761682410776216 3.9356078658733415 4.094291660654443 6.214553073887386 4.986275436438403 5.085385411137141 6.429249846754209 4.48105086077349 4.226109814133865 7.413853508319472 3.48686699697959 6.1307066666734205 3.470665934106015 7.656937851165161 5.639061827696691 4.640841008850917 4.989479823502718 3.8585367147352505 6.461314169441251 5.452797805093484 5.639208077454777 4.530346411275505 4.801467765171108 3.8412823355937418 5.263730940095015 4.680478663673274 4.648778979024579 5.232812043224524 4.017562530536658 4.5890302053048915 4.207654480503012 4.0063833132614555 3.9274934855283754 5.262474223016233 5.489203245021053 8.095540071633348 5.354047311236232 5.386482778278256 6.210529912353981 6.767651335391993 5.199623392602501 3.9201480930416404 4.14308747986536 4.60560357050113 4.3114503716742 4.437046632695487 4.053408026196596 3.563681113226841 4.961611196230856 6.01988560623215 7.561106156745457 4.28848808215848 5.008360440231312 4.973450680005468 4.4624737138534165 7.036731069939422 4.4892251136235855 4.618729230987743 3.40777338720874 4.541699644120934 5.247801464258937 8.304381849788081 5.250001869295629 5.575922691080066 6.663132339823969 4.5868085263035985 4.86494153037361 5.53703638290342 4.749856765672799 3.9488995801568327 3.8725627050295452 2.8164500588553425 2.881265322627515 3.3891838055075865 3.537495518031753 3.175663034076872 3.6258195961251882 4.588493641645504 2.7494799707022457 3.2472410555608815 2.524489730017351 0.0
6.994191426926312 6.480117261589388 6.483357496623658 7.768879304132666 4.687209057166467 6.8973465920836965 6.212435508965017 5.574577357189109 6.514678514068377 6.618560029758132 7.206485686546133 5.566285194248562 5.930754035767952 7.769421046167662 8.500013017035629 5.941264205341342 5.8606206283326445 5.5920868322160535 7.591715119122622 5.93586023858004 6.873046936964452 5.093265847286463 6.023671447631131 5.2864443865586255 5.15632067850162 5.3313646444414 5.490012909646277 5.395559585903701 5.436211319798389 6.0496787129917875 6.247243097254089 6.589400358361829 5.271628009139817 5.743596450103665 4.793060845698746 5.467820970124368 4.974372101776005 4.785165530238568 5.631965131141764 6.902578611877196 6.564082401269009 5.137208136100104 6.774867113620406 4.870017561787953 6.262205701427414 5.143866343160281 6.646612600340079 6.876595669395373 5.814515793691036 6.771915809010217 8.022684280983546 6.463281152736283 7.389928592814597 5.863624501916754 6.057667926812933 6.351311519432534 6.555269672374546 5.834843206494815 7.053908589017442 7.376687280001055 4.655019329659344 4.452863380146268 4.9570685274014545 6.809150534092384 4.478616124422296 5.283637326805758 7.624269490742586 5.666210088401976 4.218469832379358 8.146794472775735 4.218243442355195 5.871129518851177 3.9760221277519263 7.270170109666829 6.406159340095124 5.424630620793825 6.2156909453529074 4.11337016103314 7.147639151951877 5.014279775599661 6.159205801343898 5.403619521257218 4.6471359638608405 3.4849544130129506 6.002410368318931 5.216642365920096 4.436622681012506 4.77032948164497 4.127470482665721 4.916975161977395 4.397554618868583 4.0185184939241925 4.050235111381252 5.754550071594989 6.004676388728517 8.236103328899002 5.296884483704727 6.196514240438708 6.985988561668529 6.757509209287421 6.2482800583527025 5.122506936105146 4.436381410803824 5.377529404596237 5.328042834586733 4.245831915453927 4.997057694882453 3.838536235295315 5.762750822363145 6.319097931408944 8.245783715247487 4.8077327871926 4.026670508396274 4.973134169539695 4.493418382374828 6.798820441251799 5.440109250700907 4.768879137291708 4.454993782278417 5.266897069763481 5.7682358403248974 7.5473472612533765 4.311599420746197 5.8744942949420205 7.11087297086686 5.137154767687796 5.34666238738168 4.507393252539908 4.809120582133555 4.0572493110001755 4.58835487467219 3.4305321956028 3.3449789977144997 3.835067334094226 4.145189803689575 3.6803836784947195 3.126040784096759 3.2387314605359547 2.9630753909862744 2.1416864215290863 1.8791247835258493 2.9048215413242007 0.0
6.549550615742365 5.697751372378902 5.986515640910771 7.188956179581551 4.818758173540693 6.340521070573007 5.652028228607338 5.506584272582547 5.683533519798562 6.060511646663864 6.507978492945549 5.2178502185360935 5.4035122326569445 6.861709463584431 7.606514990453767 5.843672298480952 5.818806411611677 5.588417559207945 7.157011918207816 5.264619051009546 6.341344409708094 4.403997733438872 5.557268387517318 5.178843831588294 5.131664734641055 6.154778783898578 5.227940606943153 4.867305950205784 5.447972754976252 5.373413084738728 6.197997494568182 6.195130610943391 4.818954624721425 6.009208304018234 4.8845541518541475 5.186571797250529 5.0997760851818486 4.713760232341252 5.061679985683307 5.877971015918409 5.943275192344569 3.8817764522890177 6.279739257439879 3.6185901770969937 5.528028660773031 4.295696573802066 5.421788214359091 6.062597176873088 5.243126746540415 6.206237820762958 6.979152896950403 6.117814878156199 6.714495262940591 5.687851609622087 5.612034369512118 6.024295835915831 5.9642689067534755 5.544384184302827 6.610765487207376 6.672115840246699 5.012481988267111 4.418098961753197 4.687491074375894 6.287594687291341 4.964968370228881 5.241303545042225 6.6460550127101845 5.413345207741832 4.674019138147735 7.7308849155490424 4.509275740632986 6.024065531824726 4.291370937452409 7.627265690964966 6.239573106137761 4.975022761584553 5.608516447531484 3.9209980028263094 6.688621955934754 4.306360532604548 5.9048068313038335 4.930131736797906 5.2310650141802455 2.9405036457562823 6.038046285361062 5.173296598391107 4.695979846572878 5.50503296432787 4.389165879441379 5.150889109284018 4.345955156732926 4.533968849779161 4.27304108001393 4.942664384512783 5.586471381181316 7.93221078627876 5.8790707901998385 5.498962391249065 6.389396116968081 5.7162688319825765 5.428645397590825 4.857423502098206 4.374827078396805 4.841594678186363 4.91987290159052 4.321340100600305 4.7046309032359 4.119157883848204 5.2748433692723475 6.290164419482134 6.963336486850958 4.3677945961591575 4.748128725853249 5.4021057923374745 4.936748758009322 6.6389045789421886 5.230543005436529 4.862956063942701 3.4638817556281363 4.246895094181201 5.399093642672002 8.173471363947804 4.318988882586081 4.250219022824941 6.090748721714413 4.77967657179844 5.163122866059773 5.369332264196044 4.91583826000692 3.3183371365452103 4.969100642942124 3.5855854196876087 4.129162687569378 3.688949880803709 4.273392947724206 3.6717949834115204 2.9529618231347636 3.084376983617091 2.358839729709272 3.0484142014605355 3.085508439879227 3.244365050896177 2.939335504956916 0.0
6.358703652759073 5.519014268700335 5.997115739586166 6.967535788883024 5.455552958315512 6.300761061406503 5.913098445142734 5.541844201974235 6.169657181415271 5.854856907785737 6.5307887187403395 5.375091357843409 5.621324893695198 7.642980865686436 7.562660961271443 5.7763645597067805 5.925287841049791 5.809310282379871 6.997809479339016 5.15332752501486 6.217562518545401 4.822198951912321 5.894338711462618 5.2868963618431595 5.810906405328503 6.832056092610811 5.503573211122122 4.780094136887874 6.325667516972609 5.615490688309505 6.496182426174931 5.716354230888211 5.510007490814756 6.32704308758264 5.028443870087984 5.398917481573847 5.362488935114394 4.852036503767196 5.089380959287818 5.953933224629078 5.844931911458752 4.431930517499556 6.2595298062473566 4.217225500726698 5.229253045949794 4.9037020765161925 6.121644648536796 5.891998624243161 5.522607533717207 5.883419613958301 6.355627785539641 6.245197838097913 6.7195636491579265 5.792915018731828 4.9783991386295225 5.585609073306049 5.8222007948595245 5.582471080076978 6.183692382677947 6.479117115790273 5.72823734000292 4.573473703025155 5.311913108211735 6.61315922900658 5.738353107505802 5.419619892498421 6.865085170142591 5.549435910791645 5.423653863715424 6.531541608346261 3.8853136021226775 7.279578936498651 5.043474802139086 7.696721512341562 5.887662513565896 4.7243785270016945 5.6279958714746 3.9270587499372955 5.707092667530123 5.804693696924797 6.4379201246796764 5.235697636625138 6.170895256603108 4.622623459102992 5.599047701794102 5.559836382965309 5.559865475633312 6.27725554447073 5.020185648732286 6.141800709905301 5.250857421040178 5.100862268696589 5.289657771338849 5.692576767121627 5.634118013178682 7.152278130747932 4.845202728979312 5.919919029550698 6.493848447731753 6.946131692394281 5.3047362754917975 4.900935014413817 4.908113528133795 5.235998663037301 5.308062891014748 5.59393311690632 5.0334869502200625 4.857714825142752 5.49934422010463 6.3174423363446595 6.6103709657471565 5.142722195188403 5.603420035072213 5.775708725794115 5.78725699606961 7.5790267024996805 5.316011375850945 5.194292123193291 4.297892998800784 4.9141930269497545 5.359089785921499 8.374515756697848 5.694325884170215 5.620356911731914 6.54595685116319 5.421958165903235 5.600079558604039 6.35561424819915 5.687560589107591 4.572047493324642 3.716454070936146 2.8288944206137225 3.433447663745915 2.9932531655980656 4.574395417288116 3.718401536370506 4.01684370493307 4.837736727989834 3.926344067941599 4.325661918232622 4.046459227217398 3.337721433916727 4.54106776945909 4.003034069002377 0.0
6.548707692613156 5.780409070725935 6.039429941269204 7.208110781757549 5.239246555968208 6.377499926144923 5.777218848523095 5.633785758701173 5.858754380868399 6.142382935408652 6.568155392159474 5.175560197387097 5.53990060947044 7.289950627577107 7.734988427033294 6.157967676899301 5.8357103005900095 5.724242311885979 7.290081037623713 5.607733410487475 6.450138491812295 5.014987003716603 5.808124405321161 5.311974642718227 5.536043856018957 6.467230610010869 5.389459376630764 4.528512850702132 6.081841266821636 5.43397578453466 6.266364370100908 5.966323260743397 5.029932370705511 6.198009490082837 4.896414364005984 5.305389109792808 5.422815943345672 4.713959932970545 4.97903265639376 6.331842539429878 5.965146229761413 4.167122279782711 6.4859435271470804 4.08554794559781 5.300228483024217 4.837385678946583 5.989903601356 5.998348561109899 5.311526622735137 6.24325223640244 6.8195953276308146 6.307375583309765 6.9723487473788195 5.857861396527956 5.314790279217078 5.751032130130541 5.9571526761134255 5.750118701080574 6.464971042092118 6.215069784061799 5.09189279753516 4.176244164509156 4.796542678174184 6.60789548905908 5.425752310656886 5.2846250465326765 6.746292116374775 5.474472618918362 4.604634270001996 6.948683673096588 3.1974126832713696 6.7576070459153765 4.299970970498079 7.588043650238081 5.957092802735719 4.808027448257135 5.470725077524029 3.71241862884765 5.753267281261488 5.198564097765096 6.178900712018607 5.062596062405656 5.435846423514376 3.3216078570516507 5.566939099693623 5.278517285117982 4.807888196003523 5.831581934516497 4.364965126610742 5.232103650884337 4.350302478352693 4.374485479499056 3.987229621834522 5.459470757925509 5.8935067161581305 7.201341341164389 5.184322759933282 5.679388859790701 6.42978526422464 6.455659346934412 5.337139774418048 4.357571840138509 4.532332254059577 4.552252823237239 4.844851909545215 4.51261452872769 4.594985918172223 3.714073380606628 4.891224942887444 6.186520080430897 6.539625059850862 4.5550582839549065 5.337682955191504 5.355218871025162 5.194697417933469 7.141714129508392 4.846909406781085 4.640312670813939 3.489726051543873 4.215174431023804 5.3473628987623805 8.488356017721538 4.984966153507664 5.030849031339959 6.411322978475418 4.931649401361787 5.032865130112061 5.444698272588689 4.744888276118222 3.7559591919811104 3.7653481873158774 2.8923655867279834 3.0586575393738284 3.1453353244873794 3.617066905688311 3.068804286315058 3.035052010100814 3.89763073993919 2.6693068649553067 3.417369319408314 3.1564622885142026 2.7464915876825318 3.460141989039049 2.93831894292667 3.01811222540816 0.0
8.403764203227881 7.235156049563295 7.841347558603098 8.95712348701402 6.937298960584471 8.171871594044541 7.269046547450767 7.385740700060961 7.21189469242733 7.65675001262153 8.335393812573892 6.687501389324832 7.048292442841034 8.610333861508181 9.34520015615673 7.773112121558275 7.6601668036081225 7.533228335147197 8.953631883396715 6.987972208453457 8.193013039886527 6.33734253712379 7.387543406533237 6.9220883782086 6.993676949721308 8.197696523068586 6.9442410990762555 6.302792788759789 7.607616597609175 7.017982023436225 8.05492041180122 7.857714376704078 6.798690197432194 8.170400112499053 6.679231097804134 6.977316533733499 6.932106220722997 6.409308726960098 6.624840675944869 7.6441225932580315 7.821979241346645 5.447493993202702 7.905304560965597 5.435782150909186 7.224066220562795 6.176595223773486 7.362783592151254 7.612741381751223 7.028557260658478 7.942545242515977 8.372725538198523 7.822624826734112 8.647588230722038 7.70362985779167 7.1482443433070415 7.761751711912327 7.727888358092928 7.413092140976037 8.22691372071579 6.969262078081122 6.323433019828157 5.297159291995054 5.857149717251421 7.9345721993563565 6.5951661399225685 6.937421345261095 7.938029031079442 6.501325590388566 6.1064165263263765 9.085644560493478 5.1550165699989305 7.736652541731715 5.236265794318259 9.613817804833735 7.848690062245106 5.979850223956299 6.458265906391827 5.261207723955994 8.035480228295754 6.54979475178605 7.372634124199464 6.432322471822103 6.66674749259516 4.063689213794239 7.199216397787475 6.729844743857656 6.1523711437497965 7.102890779359432 5.809090170928479 6.449191211406934 5.5111381455448125 5.678737063294181 5.108709509450201 6.550552494653343 7.193338275353248 9.676647253930087 6.960070514761678 6.935763319848971 7.974041556992405 7.730109332250152 6.836529729869678 5.6348568586182095 5.958109952573064 5.995466369973708 6.306976434540806 5.64742460086631 5.794135840695058 4.962981698990058 6.513151429789902 7.93992904289755 8.362565940526535 5.634934649213843 6.489419719600698 6.828951858195041 6.397389687840624 8.488072877487015 6.325210020884601 6.32763566935807 3.629138877826143 5.581469890524847 7.044876947460907 9.958201756121378 6.041569420395765 5.567279402772813 7.481867397469348 6.195005647219061 6.406186132034288 6.817375357249586 6.206438239058654 4.58198029511313 5.358045721116827 3.641959578744545 3.8865800855025414 4.006003072436471 4.941100062831879 4.214471735099516 3.2945312506952926 4.193098258388861 3.022911516963824 4.655478855679544 4.0332932072611865 3.5321787414136367 3.881191785069861 3.0972238351178416 4.3711818841473296 3.298893264302506 0.0
7.501474500583903 6.641593266816136 6.600046397021587 7.718377716091027 5.663371846919368 7.112864261017372 6.542278581114076 6.397459900192634 6.824202978333955 6.713151099372848 7.495951690312499 6.167269639104127 6.227601691375353 8.013755921641883 8.457191989493365 6.588030156241578 6.562293747706648 6.310265811047477 7.792685896872377 6.176906767937242 7.391754733512351 5.307860225861781 6.6324987316297355 5.942010450842975 6.103269992806403 6.792377576285722 5.814631968047829 5.690431801098288 6.537163853744689 6.384084811867257 6.888700260759056 6.767465355551896 6.087408790908151 6.9392041995585165 5.755015459579128 5.974650281953848 5.901289616219442 5.4968485127528215 6.125898555555838 6.95465050338719 6.753424094395922 4.84326324351429 6.935355399167256 4.616936908183945 6.25924427759632 5.264200266853321 6.651545660999425 6.816687540624185 6.114970427037502 6.819335695380763 7.644649454665992 6.963839485041884 7.462472491388845 6.455898675390227 6.331343061990599 6.63540982696574 6.808064647846113 6.167179760366394 7.090646819336789 7.482674356564796 5.817912246870765 4.837998420973644 5.8727255117114465 7.131653901305581 6.034576729107189 5.942938417426697 7.5199912440650145 6.010328249848885 5.525077932815397 8.751642288418552 4.811961754325559 7.0986886250828185 4.9559864585021804 8.470162872044957 6.791791621365683 5.778085052624195 6.519623393095593 4.676880812519101 7.534159501199691 5.649032259675903 6.9594876249354645 5.827612001997087 5.939644757399333 3.349260906206408 6.28094617326476 6.259620969379692 5.641983981932003 6.142340471824857 4.750673446572437 5.721233091509213 5.047237121117624 4.890571405799784 4.751797830934328 6.0986551529559 6.409152525799114 8.888635529607779 6.254772089039905 6.559564568694193 7.054170203351369 7.101873379347405 6.502898474144468 5.660581188745423 4.926859556208783 5.548562834269 5.741047888468927 4.872012082658613 5.297532460334847 4.483092720682248 5.946699759374577 6.731368227668109 7.572957379581478 5.204649078975417 5.282371137143045 5.798556720885156 5.33041624068074 7.743666680518975 5.827302514565066 5.786393154956171 3.928933812845222 5.2174683839897975 5.7382717460580395 8.18727373074983 5.021026647336758 5.198711265676879 6.584627758736857 5.350196486563459 5.389960626498372 5.502442964118374 5.467716415023799 3.7293902597334396 5.183006118079577 3.4688082386346677 3.5200086899378653 3.741941800853182 4.119514796191762 3.2137027938358766 2.692546992928045 3.0489085461372656 2.7497681619435945 3.3043454069469345 2.9947229247001124 3.033782017946058 3.2740282748007687 2.879570340849343 3.3705230017168804 3.043816626672548 2.9801426496137395 0.0
6.695904626598617 6.12732879493504 5.931935954536745 6.86292444252694 5.171106360800007 6.244879200961193 5.859524272181461 5.846180396644684 5.925968243968003 5.874351523266066 6.724282230879079 5.415994475894572 5.530383488934167 7.182778009853548 7.586787502062743 5.911133870522515 5.7064507784659755 5.443094085932524 6.954605846361531 5.718725767247315 6.551941860363952 5.154710924466785 6.100779977986784 5.5085308866917275 5.645725411958082 6.40408170359508 5.27871946248081 5.058912226110732 5.962776937983976 5.63801158677158 6.056955231932935 5.928854677058195 5.380722149273721 6.2551101483225935 5.128963828927364 5.2882690491106805 5.350268366400379 4.8904213617254175 5.492841271974939 6.495410669367145 5.869221941471606 4.6040101500797 6.30498274447857 4.354394512779846 5.474944569803393 4.960049251121363 6.102479211598238 5.938844257265331 5.181332966998347 5.895482563961686 6.817900552711949 6.281795880572098 6.66451748005323 5.73679029291818 5.502531266950845 5.704058014288983 5.872839751130621 5.537886960637783 6.193623860699468 7.083683772995615 5.494245557958812 4.229514973498521 5.255645906605505 6.4709817049339735 5.748449351396778 5.249577911190581 6.740229066900978 5.630985383995077 4.928676062295026 8.016673374027 4.3081778536484565 6.55066897314171 4.4740380990813895 7.868639738555011 6.192437846882853 5.473823761161931 5.8094366311639645 4.6663004266120325 6.646385567226945 5.519031945048064 6.537306636777982 5.341815477346574 5.683438692242627 3.3545704600519133 5.722782842367625 5.727358150864595 5.295100561273887 6.069288912770183 4.698083012774076 5.537723542138176 4.822882964128783 4.61817177982973 4.3458638041483955 5.885204593499079 6.093313613668368 8.05018326695009 5.929726924696318 6.039438982682328 6.326961585788179 6.7724458081057985 6.102483745908292 5.219078422907904 4.750808329652444 5.158059661714863 5.3719596575837 4.875197249831695 4.996694725475647 4.077165381168459 5.337715532419366 6.281391089961031 7.092958018408862 4.956683031219204 5.415494303814398 5.377175703622359 5.125209879687042 7.5093943831894645 5.5259235612360245 5.310985718471755 4.056200455938247 5.203944541513684 5.50299462994488 7.95285752813506 5.282007836314685 5.4265582165466775 6.537257771464988 5.136504446611238 4.8243370368282 5.368370547399872 5.020875732019654 4.1834401384813695 4.443447500196491 3.1921276904960076 3.1068968606540235 3.561423743718043 3.4273185116531426 2.7992273396700638 3.528857616703296 3.858475282727445 2.7174278833354153 3.2072077972854927 3.129053009208405 2.8594907265681146 3.425272374972041 3.249793776395585 3.216541097942206 2.7573132605947612 3.5612195102376214 2.1607472208956024 0.0
6.835361117716285 6.547735143379591 6.394404790545879 7.281923335729537 5.427517680491972 6.673207770205757 6.540637027151628 6.080753023013754 6.517496406765091 6.372843408937503 7.079663771206913 5.972860180806187 6.23613275114317 7.904941355413879 8.052158338008065 6.171056970601332 5.917555322312115 5.779507976266712 7.31640822254668 5.653949618500541 6.61316003646051 5.393307439384533 6.61347439775293 6.110515799482995 6.262127515708237 6.677278243080331 6.053440093644548 5.698737687447973 6.489051817328271 6.307698667163064 6.58510660666534 6.248468803948575 5.951413003660292 6.518503297693411 5.444578446913455 5.780892833817258 5.697042649921321 5.422519986800599 5.932416307264346 6.324489346970653 6.172593556490001 5.103413409588104 6.715828086977778 4.654129794372182 5.886593241279932 5.213180350316952 6.549899986519434 6.36648085330723 5.687321616653104 6.203357998178174 7.159674414875494 6.780100153796535 7.1113461390038175 6.171318215749078 5.56819081961156 5.904009156008485 6.145298372261408 6.019334061987432 6.5144499062588705 7.519697672327797 6.179528634754891 4.782616724408166 5.776397112379146 7.012629836563164 6.049941615502979 5.7397771421119685 7.422824368749496 6.312903417683576 5.649463992634384 7.544006036739053 4.581363671672308 7.148649543786296 5.090797656466358 7.800961080963614 6.658750343190878 5.630687786608858 6.234181586120408 4.755075725952341 6.486203613067804 5.984332474011854 7.082658066083064 5.911136316809002 6.561913253410254 4.338277910032057 6.1966057510199795 6.196739987136722 5.886261852594353 6.681619405635225 5.589204362663724 6.66775331131671 5.72177388736512 5.449067722981232 5.408718980022242 6.343693776670356 6.351447372387686 7.677766494961111 5.37550426350134 6.6145666261881075 6.902604944688922 7.353453468347123 6.368080896306189 5.7444612633690175 5.328903164915125 5.913687582398513 6.130089621627338 5.77828233305664 5.734508753618267 4.952879213071169 6.044507940606108 6.833240110066951 7.257539497792508 5.506718717973198 5.813733394520277 6.126559178517862 6.030135658532813 8.15403485993005 6.17965057005526 5.558787003626797 4.781039136687087 5.821326946698419 6.019933031674391 8.015670226244021 5.593486857479416 5.796641164738075 6.970909896114696 5.87075479613158 5.620639279546581 6.097627381900805 5.755208185410716 4.965426083738505 3.973005804135585 2.7546479685813985 3.016896316862512 3.0210841571198226 4.7977700303574045 3.8303027073399707 4.097707187651812 4.3988950468554116 3.857079514110824 4.133693167649052 4.039799769018563 3.7486875030519977 4.1351920540042535 3.9618618353893678 2.576455807458401 3.288882258994457 3.9909436372719997 3.038876792912219 2.5794040471747732 0.0
6.6532597591469775 6.963819694822763 6.333314796836522 7.179420072644402 5.107823390201345 6.733461714286561 6.669017667759842 5.92361066366025 6.68831432071584 6.460616324967829 7.038347817257871 6.05112258523041 6.434065728040544 8.160559736214015 8.194885857628664 6.063613021972956 5.532063365743663 5.605718165837091 7.34708711372782 5.54102590514756 6.4405805886552825 5.457642317450189 6.664472700621987 6.1560978513346765 6.1061438555100205 6.080104999717084 6.211605920256531 6.019169685752983 6.254847736604597 6.463012104772132 6.2352246321169345 6.185258571606512 6.121853719237299 6.3481531278560235 5.205459383202278 5.68167398093941 5.569468289057956 5.44633348011116 6.247327165160303 6.2737499422537875 6.226224475922186 5.633812977857369 6.604316777468839 5.127545040974282 6.108812449482809 5.368134483658297 6.7497104652529405 6.479997217668803 5.673438422788933 6.340723626446384 7.490209664612799 6.659236578999642 7.2296493498280014 6.1470068421454975 5.511538253028923 5.557435338675827 6.067874446782384 6.04148345317979 6.349062410160216 8.321506239047839 6.833240197397593 5.634154110576999 6.128120625771007 7.091586315457099 6.195515140886671 5.808058125360676 7.88729321312267 6.7635877065705 5.998133705802342 7.416765498660462 4.9110953219329385 6.678444675833481 5.064833220334355 7.019662883809642 6.522142262711683 6.301223416580569 6.691708638993217 5.360208682055237 6.627303208109812 6.2033749822213125 7.357835249091094 6.154883448608262 6.652950979952053 5.24969029409461 6.096693666749789 6.285434704740921 6.105334984615368 6.672446973212062 6.060004788886268 6.983842559308997 6.330326294488205 5.842662954391775 6.0151440571320665 6.627544815854525 6.478481055577568 7.352702289537971 4.694472961916932 7.031114770043371 7.078355164466677 7.7759396478314695 6.908029848896685 6.174331240200379 5.483900549364881 6.510091403046366 6.535624395880586 6.442069240385118 6.254343818756656 5.371264392263116 6.483915710593362 6.730675327848352 7.630785009932846 5.744355816505545 6.125249131901245 6.314501296635145 6.232036903467149 8.530368082663488 6.550021063420948 5.553456473321991 5.882935633252983 6.49446340305873 6.2731847377246375 7.559501568179386 5.594003129992995 6.359357317919433 7.201391525677212 6.2877283390649055 5.874444602762732 6.1121274871959965 5.848284981965738 5.678266279681596 3.7705706242016546 3.0387960654964044 3.074502160287215 3.1539446647021605 5.7197875986845315 5.097812720971595 5.098380307630234 5.240292060909983 5.043960126539646 4.52541277212389 4.548723651095532 4.388601354322307 4.38005512367461 4.86805204537035 3.678424783751433 4.151768554121614 5.015983325921304 4.270903240563411 3.6165929779255555 2.3537550046996123 0.0
6.89839357845965 6.746136371168747 6.420304169418615 7.233782196755132 5.6332598046513365 6.837929484740591 6.710620947477474 6.311541042905373 6.760898802861874 6.273844779167313 7.2515444352904534 6.170108138132927 6.394871974723504 8.193864430013106 8.164616977158012 6.260320932088325 6.056460695630588 5.925591113093067 7.41250367149876 5.8011047927996415 6.645420294367958 5.65953225393583 6.768137155773309 6.127598034812658 6.325967991237408 6.775581981992852 6.153732509560103 5.953244513039694 6.648861539233328 6.433029238421643 6.565503487492842 6.2551619769498075 6.335528127528847 6.8191151646642245 5.592333720404657 5.795823432315115 5.785721630037449 5.559914113511469 6.190195978087102 6.628430272994325 6.211755165256366 5.661354098678541 6.631277207883704 5.204031016663995 5.9385141783252635 5.754225142372186 6.947609522125673 6.35500673724972 5.848196273237627 6.266757518212141 7.114562641904046 6.78197722703056 7.166392688049666 6.372903015390569 5.593742379790836 5.774059692075263 6.174369201981434 6.1013867388884355 6.355662457134619 7.850206485551462 6.716413199214545 5.234379839959176 6.130458136010748 6.871763340329938 6.358033998594868 5.753306036881468 7.433483937050101 6.32506819652572 6.096096090367126 7.6029472784008965 4.902269419215149 7.09544270709094 5.207989754195298 7.76009731253175 6.417699814585829 5.967021166050515 6.338801616548911 5.335229330511908 6.635958427517176 6.530667277799805 7.161874984928234 6.023754463837203 6.676627022441245 5.230382072142962 5.833294383110394 6.274193138840852 6.198218260874826 6.788685387573635 5.866341790867331 6.8070884425729705 6.118566275248831 5.647772200834208 5.84247833881573 6.561078899203148 6.3046846935435505 7.813646087111209 5.257138931437755 6.761436808132708 6.796155511064529 7.7950446055812055 6.687660320103679 5.962087550266024 5.457643243101245 6.164157391638275 6.313736192630315 6.3238561858812945 5.910475921742909 5.270671971868181 6.143283696972616 6.636685036150547 7.430920062961066 5.713554562608576 6.272694435407422 6.0773613750803195 6.068423201571541 8.440459850051512 6.257063565005427 5.7353130845647655 5.489691888254715 6.342325197888327 6.0200026200877526 7.815965450086102 6.098223315230973 6.485810569781822 7.071072806726815 6.034922929395548 5.579218196479932 6.2994869144059376 5.862188378118619 5.595700081839768 3.9924279683455794 3.1585338918915986 3.120505073815643 3.455070460708436 5.131584710472979 4.526931102974861 5.126236946231271 5.48554630452394 4.868951487395496 4.7055466108281 4.591827354288225 4.1592595009462485 4.811340677482914 5.101557536620142 3.131678695564887 4.222797869283928 5.041594380676586 3.8806979999512015 3.117446193999436 2.1323819229313354 2.258364357110613 0.0
6.453960740408479 6.849810539987922 5.777321141725132 6.813961653911671 4.404706447426051 6.456159550863666 6.481686397686389 5.8246735439743835 6.501879496821302 6.1490968958176735 6.803162099741903 5.90251484703523 6.123905140266628 7.795738802759615 7.948665888634909 5.801597723019068 5.193578038128807 5.114307740172942 7.145576504602167 5.538353872576251 6.182548776752832 5.2315554778866575 6.354867418803708 5.644924764614876 5.524142339789453 5.178966447605315 5.732538218274768 5.778985132320779 5.627357263301179 6.141283309476764 5.488415521637733 5.906464994406333 5.7228088932100025 5.919543183814544 4.814379645612411 5.164308723782393 5.085113426721282 4.948061774450151 5.985472369161634 6.405932826964368 5.762700611915589 5.675166158888127 6.243887515472581 5.064858786138039 5.659080844298174 5.491851031815591 6.603688902920063 6.165831567418999 5.270744120684556 6.1928447735845165 7.268959871111503 6.303986594165887 6.800427218073826 5.779141480421902 5.435659997554296 5.019428198242575 5.758277097458757 5.594840064972973 5.89498623903662 8.252318263282843 6.412460639145466 5.418296491068347 5.9534772030156144 6.1914728024473 5.63370669540855 4.995445951071311 7.391724040277064 6.357666944942864 5.487085015237248 7.3263997036073505 4.724145292692307 5.740980538511131 4.628005257231775 6.222918541028437 5.5475386644817375 6.156458265453947 6.468047251015173 5.242830937249426 6.348966294734381 5.602679258926631 6.675542440492336 5.701945748602916 5.7317386084372925 5.087917345061175 5.179584720023831 5.6815920306875425 5.406953090304288 5.823564580001336 5.33421963371451 6.0846279082971755 5.74688681235568 5.159017209014539 5.4706576350140566 6.093961582816567 5.766072548210796 6.936565798672343 4.33980255777328 6.4503537817515175 6.234674352456151 7.118947251646021 6.703130182247814 5.922707288192016 4.773403734306635 5.813144066217581 6.041022930220187 5.9705499358021275 5.833541187585489 4.858859745939128 5.750455825314445 5.662713770299638 7.068145310274259 5.128092237551609 5.659334331819173 5.190607200159246 5.262673899812746 7.6765515948614125 5.9415050667876015 4.922411819025573 5.980421932485702 6.154196500778113 5.461667174168769 6.636076932704619 5.052605826757619 6.292838781727015 6.607829309804497 5.589086612975623 4.953632114320237 5.0107602912346705 4.888008786505392 5.328811195736827 3.85132874162694 3.537366043581837 3.2375858806829796 3.5412540006332263 5.125685564232155 5.061445232329665 5.229194680978764 5.223286847915858 5.188518949097766 3.9026801067148473 4.310124539601788 4.544786791374079 4.241113774702903 5.063777556247359 4.483113474613525 4.370563417861851 5.703204365533041 4.5877238575997525 3.6690864471960825 3.4865440708595967 2.525353677599591 3.0081970255468695 0.0
6.90033947991237 6.5912028562474045 6.210900531925669 7.169668553254993 5.8411196458542785 6.41771256837376 6.259369427124441 6.5004529578739785 6.255957035682576 6.3538762256666255 7.1002979175037835 6.087584677400432 6.048325061429918 6.9872049806271095 7.421893982516121 6.390768326031195 6.161293194932079 5.850019059867681 7.115856098992544 6.396145626654722 6.873194369080472 5.9152269560237976 6.752297076770044 6.384383069952648 6.566840389597044 7.04254531558218 5.960868749446244 5.866148985551177 6.585446696361627 6.179153628640635 6.644605774182357 6.447829045376534 5.712686621094025 6.565080022084497 5.946976196582797 6.084557407689661 5.983571387452303 5.746106650490229 6.138418453199954 6.831275895533513 5.996041496634584 5.520721670224331 6.991029775491938 5.072031948140513 5.915177666930849 5.801486433856131 6.512905058388459 6.366869825539312 5.520968227093438 6.002280040473416 6.806876326420924 6.785508128621126 6.86120152178392 6.066153373864088 6.072269608873878 6.231889512907358 6.224939364076736 6.080510582661285 6.681576729941752 7.644435454493031 5.874368772717921 4.638646946468001 6.1604874417828706 7.234993607828683 6.41614856161306 5.680589615967929 7.024785716380734 6.57235139076465 5.593676363789574 8.22094093087627 5.094349257756808 7.654672913241523 5.905934633652041 8.747215599249168 7.23998109300254 6.005968774567407 6.405698094292736 5.384812728498983 6.464215122252582 6.217302170011035 7.293681796806097 6.136644469608734 6.71316566671772 3.8387440233146 6.432823584306583 6.5154746521609175 6.095310660311842 7.09240261731046 5.563648094006761 6.600910906416276 5.33330535209107 5.2938343009645985 4.845616091382707 6.65475148348314 7.0481562870324375 7.964141539195455 6.929555658144543 6.619527941330579 6.961352827782512 6.917759321733864 6.730754846671989 6.085447152199624 5.859971948161003 5.980122666632258 6.267092525913856 5.340556245867664 5.721921896096866 4.897708414265174 5.838720669931944 6.92110427829592 7.215986627835031 6.210109772417623 5.911215494839105 6.188058470346914 6.225905045207589 7.867982569913404 6.468417874998661 6.19746753227764 4.881330619099724 5.9054824523529765 6.277411185203811 8.510820897692042 6.306076371924275 6.277519690262332 7.197160044758088 6.104961075761913 5.640894951635699 6.17105774512055 5.970016291299095 5.297537805437297 5.463922986320406 4.610941456006276 4.72629712683709 5.111766338888821 3.69735504586158 2.924376418851407 4.504037393929534 4.596990885854021 3.4104098195398023 4.436281288958044 4.2687804233243005 4.307883587437317 4.8070453342585395 4.270090214734644 3.89249898697454 3.7806676256728853 4.735600854550967 3.4027848540384698 2.5587740917668587 3.395221684530798 4.719761762199034 3.998190672502054 4.901905895282034 0.0
6.852915770755472 6.1048811475213824 6.448727010144321 7.522432948273106 5.7908506522731855 6.623368837561368 6.293605882519931 6.290829429530801 6.238857911521779 6.214010400763151 7.154009893917592 5.666299815502202 5.9300901564776245 7.46184731798972 7.9223360474538485 6.381004215828412 6.26567653142775 5.822353464915663 7.39549251695318 6.413357768746881 6.666009090793873 6.037386679070576 6.382274511986765 5.749522035533 6.127318378253967 6.86833082955437 5.784654042151967 5.13775652432676 6.521564770847012 5.887723483094818 6.60513398941928 6.293346234287681 5.419023540650261 6.358589526969222 5.48237396595973 5.7306844512158115 5.6720520147851845 5.159409693232881 5.322495274880375 7.253776339862973 5.973490940669242 5.486181310202882 6.960130086727715 5.217342907658997 5.494500899605263 6.110482501066283 6.944515252872305 6.241378976898717 5.660650688303545 6.204661992274572 6.826854797035851 6.72407619677259 7.070539058804799 6.151617980317811 5.643007575785346 6.076785497022771 6.185384772065081 6.083140045687375 6.662747962889497 6.135110810173145 4.677949119150803 3.373126643283674 5.011375116665232 6.5705556343658715 5.363444841285871 5.090792020073584 6.53281545297815 5.401100849410518 4.470833599340557 7.057674894712859 3.484609025197985 7.234617150818805 4.821650105224524 8.12153933876391 6.238265739642032 4.700221467105942 5.253570117157577 4.267352295886603 5.482826945925436 6.1398810977138485 6.096773939000334 5.413345995133933 5.597555526595586 4.0493560444019705 5.50235992260799 5.35330387861602 4.960450711197294 6.078012056541811 4.588902723085088 5.482926897114957 4.359616550563381 4.162044618677025 3.80482452327805 6.0964128925541035 6.152561933006531 7.348395853236182 5.784368653009903 5.713989788340935 6.354586660706062 6.883072964348892 5.66074922635028 4.603724552694959 5.108127497248353 4.673084427843127 5.215534687686567 4.668775497839919 4.697014819527692 3.8186438565308163 4.730140728937042 6.305524710850225 7.087647157085289 5.267564400321649 5.488983527077455 4.961292884530352 5.224121453331621 7.028608954505318 5.07802651750512 4.932552520270628 4.244390729499444 5.2106357344283065 5.676786697258543 8.416230912048634 6.190701399108997 6.64108428185907 7.299082272701394 5.238665928844191 4.942939455430917 5.560803683921427 4.97276233592939 5.047349187739191 3.9211794735602594 3.720698382858184 3.4946835289321125 4.361713361504034 2.5766669963646347 2.3170643475315305 4.416196043016225 5.113813087659149 3.3698769888451605 3.970826013577073 3.702970825181173 3.4730154438390977 4.365727163316886 4.642272466951579 3.6081534900758996 3.1632977082057523 4.875240037916477 3.963822382962068 2.9324058499954373 3.6253687127483585 4.528190998973096 3.8036032978183925 4.343040976385723 3.0592275106858784 0.0
7.614551594162038 7.191362548650728 6.653695754887069 7.857589388630375 5.928789904783439 7.147808726563017 6.828634862039835 6.803735422231285 6.956546366245637 7.145261761026627 7.516466312643319 6.546568832962071 6.555971121087848 7.792418217793182 8.292602241846977 6.925713901236785 6.618569078297434 6.403848068974724 7.836739567968434 6.706407777381143 7.589992793511047 5.7921517082259 7.098461866166101 6.663475681718886 6.712736698954941 6.989140737234562 6.389795798383433 6.1700341269722765 6.850366855609763 6.7212843019029345 6.993917932736229 6.984650482296903 6.120806156992534 6.975284772549006 6.214636480980595 6.41871513448387 6.473665966745515 6.045750592136438 6.568174343676201 7.153340631778326 6.824961856424376 5.256346484781283 7.530126960822759 4.966643394780306 6.5375312412273665 5.624185826133761 6.705569706578825 7.093962235049836 6.097679008567985 6.852820417861582 7.720876363631063 7.276601545191989 7.647377112648569 6.597448703129706 6.7366282574004215 6.792000521459624 6.992120448917449 6.555924537597866 7.417750710077636 8.05750358272259 6.145417309303482 5.23133751389686 6.434081039390162 7.668086337316984 6.521226076915718 6.238946272857721 7.7778376681100685 6.8426116869764755 5.951040967795809 8.76723585585009 5.189126489827399 7.635188394365906 5.799671799712953 8.65464192169878 7.485807607944864 6.276369507157613 7.0067552872786445 5.217327464857876 7.315570362722079 5.714202378613477 7.538272101306312 6.371841012650637 6.5513448619795644 3.095126576741652 6.9565678837391625 6.861179264468869 5.975687274586685 6.771821348410174 5.357966962843631 6.395901559787339 5.380767635875273 5.343752848936002 4.929375150946392 6.615837284925274 7.205120895574794 8.49823293712415 6.903043834362581 7.007321762094951 7.484844159009175 6.9212776405886345 6.896718882413256 6.2719883878066955 5.745394877262545 6.042634919529583 6.329165422258367 5.0833295161592735 5.90118165212658 4.872417374710852 6.253949271445559 7.212031065275993 7.317538265336583 6.011291466663638 5.695698035874189 6.429917111490347 6.1971356233017945 7.847003263540332 6.50824629534845 6.230074162865978 4.631974364468519 5.530817284949038 6.347770947722062 8.549498979685733 5.356566050231717 5.384954963132203 6.912143865615965 6.055551823872149 5.938979641368102 5.731652234267645 5.890252221276863 4.356753883469667 5.889913940986515 4.472132725625742 4.538282172694913 4.6818490068107605 4.3794275542057415 3.3383843165146083 3.1682704002551256 2.8789555079224445 2.9133338440434975 3.8673738941877036 3.8735339710800467 4.183985345973796 4.073130753753614 3.135711032830595 3.9635084847959705 3.184239489147039 3.635451551873677 2.4259017069884474 2.660508967914684 3.4547621229545245 4.826109216992286 4.630102547848753 5.155030343489907 2.7387463035972908 4.0886837528391995 0.0
6.863035046398476 6.41580605727891 6.158131157926465 7.138452954279953 5.546333521021464 6.515819207112328 6.011167693963581 6.274971079804746 5.975866857957017 6.162121695993395 6.9856407965744065 5.795954265769933 5.854319774485178 7.017247237282893 7.580354610640049 6.331202034408258 6.074505815594224 5.888877425839442 7.272471045465316 5.873439987237174 6.7320728715665386 5.30010514910684 6.404041617517464 6.044346921750581 6.046921324650158 6.892557269083839 5.722833444113665 5.636651425745378 6.267929533843634 5.870063899599988 6.510496392281126 6.432844247694038 5.635264339763996 6.751028699197339 5.650900137127943 5.72232644337334 5.749787889761954 5.4843102172393 5.957264724592496 6.3611841599014864 6.053367391478383 4.855327953896247 6.589127874276415 4.443990211514605 5.853146044780176 5.15977140132395 6.059928638444616 6.161093721533678 5.376978405021171 6.142296409718435 6.894758426204762 6.530405892962769 6.9057522634429 6.136806161531018 5.909637520176024 6.1322797730641 6.103740640580575 5.9693166315994315 6.596274368167167 7.482643569699876 6.075688567166968 4.776265256388589 5.720169516126908 6.895848998802273 6.226789130239774 5.682532535620852 6.865317942094133 6.169590386802964 5.5922552504041345 8.40739470541054 5.061694083247038 6.890656213050235 5.08744376075346 8.548033307621754 6.972299174682421 5.905978534536179 6.101007532928284 5.192081005184883 6.955483662040909 5.717951366524224 6.991081527126022 5.7343394352939425 6.358551431409794 3.4079235210710856 6.217133926631848 6.191691782343865 5.847999005854303 6.7495077958377445 5.37621124896227 6.201112333428538 5.193628995602424 5.16610462726333 4.743621605729414 6.061001396335382 6.607111875247895 8.396855528076147 6.6200870309287 6.3534519860613194 6.795698579076007 6.745603466357723 6.549851412910048 5.714833062400001 5.307954409468236 5.738086086758954 5.896220710242285 5.17492753217113 5.397938378920886 4.574752879961296 5.728729733372852 6.782936531665574 7.21890410213466 5.461816031007344 5.862321734027122 6.107683693647119 5.810585716529681 7.907346113046729 6.133725452527738 5.869072205737812 4.186872085224721 5.476704610937579 6.059240636430414 8.465679324071068 5.5813489170015655 5.263765543163685 6.582101565912582 5.653700481263147 5.324322189104312 6.014778661714937 5.573277641876212 4.555004638769508 5.187942723291658 3.810679379273885 4.028654426430485 4.235531513873142 4.053024328624486 3.358403915232265 3.916105975820258 4.01280368815056 2.856945038224204 3.986679176978647 3.745763791309792 3.5638566185486966 3.9579060115374154 3.1561539961793006 3.736942584058684 3.3155513289337573 3.350633244004748 2.4640165113105565 1.9676037712768413 2.92880707667218 4.105948902199516 3.7038097596469264 4.45064788139201 2.3736517167899556 3.71352066684578 2.452388511379427 0.0
7.622835992262119 7.4355585318958 6.50049579824544 7.801459312351339 5.311233316319391 7.126623387555419 6.971758165277795 6.430868213717977 7.388226418580054 7.136164524762908 7.536885092412718 6.458042665708389 6.499552131165872 8.286353410679656 8.660120246075085 6.452359912165491 6.189650112606296 5.818783100602871 7.625342796186159 6.963560804495718 7.647759936532064 5.935395576068702 6.987152991905106 6.150886787556812 6.204518906668575 5.65989060038556 6.062006669246284 6.071494113493588 6.298882920135577 6.86172754758631 6.315199170025154 6.6723690606973225 6.0390541716111095 6.147125519686128 5.672808933333586 6.0589852279939835 6.001296058548526 5.54478693445556 6.535618850528734 7.863584420089292 6.893670594242448 5.829924224288929 7.485355141962745 5.64611437030773 6.594007113643736 5.9650492730410445 7.325060781891967 7.333953339214791 6.144462680641931 6.844104743132015 8.216285817583753 7.085455319099288 7.653995632125189 6.175968567677706 6.722908260319436 6.483254331965621 7.0812987274348504 6.189267805700887 7.233216077476903 8.510180265146094 5.55444158504594 5.130998201667762 6.375202531429655 7.39308896804052 5.798272001557123 5.725574192283608 8.159161985961983 6.544586565372354 5.311047972554705 8.769037445781803 4.742499232578941 6.971332511631192 5.287357040414395 7.468386312317353 6.753990070878907 6.35926190930523 7.264923608110189 5.121585197266747 7.433674110465539 5.6604038179457685 7.1715236369029896 6.239818349467047 5.408819440887021 3.6432633568835713 6.466852755621267 6.462528097543832 5.25292735564071 5.436644412171638 4.486120131933296 5.500018953033634 5.135531945526238 4.536433866217392 4.597617418500922 6.816601111123685 6.909427524387497 8.294816183937897 6.144579115782113 7.080755183529859 7.249493995468392 7.249797769620079 7.018616959630006 6.232691512666703 5.271336803610414 5.925838383349619 6.080847543750689 4.755158751621927 5.7722803508815534 4.43742301831799 6.214387585964102 6.504156061749881 7.949310472846083 5.889252490797907 4.709632184688022 5.354066343381259 5.18688493665158 7.203432946873725 6.13803399466903 5.7024550067899655 5.5651595632890425 5.9415716755682375 5.906290551706557 7.154442639863112 4.923523103746218 6.506346073342261 7.314096895874187 5.744738038494587 5.5480938108509115 4.164309482939368 5.243043101405421 4.541469623326592 5.630588264000149 4.608204723844298 4.02476172926681 4.820585604848018 4.097881411172989 3.4532893817444115 3.56756008498932 3.1600433208226635 3.772950658065412 2.7601860418555266 3.168403297725701 4.080699177949126 3.379062947979174 4.287460861991078 4.58361118886313 3.8402153406080712 5.135610691207564 3.262124226841183 3.1269636231812283 4.1162958213984435 4.718454673477867 4.5960459678550585 4.262887255949659 3.887494657402141 3.838628992048175 3.319048563499076 4.0257473306023766 0.0
6.790959271561603 7.881948587211954 5.909531528117732 6.421728195737683 5.813933331160159 6.378994956774566 6.588224399629039 6.819757811020828 6.654848038833491 6.350232586855173 6.955065961862645 6.700553356304485 6.503029537286317 7.074548921307583 7.200649135983218 6.431680377831416 5.678870107405617 5.5672663367413255 6.766856269207664 6.937667241925264 6.85609040431086 6.554135358892703 7.175926338182437 6.96183811289661 6.6530715305493535 6.4263183861935795 6.41897975419671 6.999593996243091 6.30846314243849 6.604702964348025 5.765450553935611 6.349966950155338 6.4092103766750395 6.601763212391853 6.328131322582657 6.053586944666385 6.523045257998771 6.46883572254159 7.380704442971475 7.312214438278945 6.0153218385158915 6.796426121761653 6.922523220593693 6.3657760570184525 6.453792138323409 6.4403450087239555 6.787663508348524 6.474949401577943 5.3605868338911025 5.859677005712572 7.299305642311967 6.649094753519991 6.733326381329247 6.123792177015688 6.559281708893606 5.696902649707564 6.118651347001553 6.253949097578834 6.298295288735917 10.113136472351236 8.005249543488656 6.95077508865438 7.57448822922241 7.4145217763715285 7.755332315987978 6.279228841799803 7.678410893009855 7.742115143564298 7.151340210415664 9.262312766193215 7.045737522075957 6.934770682596712 6.627140885895511 7.850275614571075 7.441318131586917 8.221955894777711 7.8461070128428485 7.672714854392949 7.756328056687266 6.877410724306987 8.326358944396281 7.018945102138411 7.417963456128589 5.85523248511774 6.939650751465116 7.494050880939491 7.267095849664357 7.67760971338378 6.997629189127072 7.469314764213529 7.185490778690536 6.669629423078742 6.6053191207800115 7.72656431573369 7.974322704369134 8.289738088105166 7.849829843357211 7.852697436520374 7.200616076983855 7.748191179706038 8.356740462950079 7.809182002918881 6.766473827256216 7.626210624200059 7.396368173818585 6.97405959882148 7.208895104002558 6.328209215925502 7.033020690170573 7.039402014107592 7.971788174983141 7.339975780565743 7.33235033014539 7.084890842931624 6.959356919320599 8.82133817077727 7.795651100876828 7.165275112686022 7.6378173119227695 7.766472525445349 7.051032309866921 7.544196635398129 6.958860263648828 7.496419203327299 7.620959152104278 7.189159855163077 6.168721865816015 6.473004958514025 6.573865536572988 7.07858416837425 7.1507808440745455 6.635397146433168 6.321028406557062 6.888979564326539 6.015465755527466 5.9553507423856225 7.225205611500928 6.612154091925305 6.179290189421057 5.747328412682055 6.152271544406539 6.297668781008311 6.306272770712852 6.491815859771971 6.466751713453506 6.279999281355824 7.3918745925622815 5.823701346030218 4.598099219657353 5.471261672490108 5.497172517205463 5.168434145675876 4.817283722355301 4.325720353840123 5.4492600295179 5.4547933019700405 4.668909749892961 5.116645374726491 0.0
6.677673400512349 7.016268740956076 5.569356644219683 6.437088144374945 5.4074275825034315 6.129143029435564 6.131603186454573 6.469259024742898 6.2243573795105 5.887934795628422 6.761741740106614 6.080129561637746 5.848783979738487 6.776191646068051 7.060951696313396 6.02027431708357 5.617472104339781 5.309554158238313 6.62942112016583 6.438474596912824 6.65042845470066 5.914783611121665 6.634374739235337 6.150573832976155 6.086796030977489 6.263170339947013 5.671031877313737 6.137542050903423 5.977551157464549 6.053998946809166 5.612351321553846 6.006848806403795 5.8181771769298285 6.384274383804834 5.748347266552363 5.567417850101265 5.792143737670972 5.616042210898841 6.482414366305315 7.06204009287246 5.689773701961626 6.026330364180685 6.470859691001098 5.611231250203069 5.8349309442689 6.058752553596601 6.499616903656083 6.050995254426569 5.071912884606025 5.641024233653152 6.706822849422708 6.243476658740709 6.423236016790855 5.773276917837126 6.083719523039244 5.521539226907646 5.893227547003294 5.668876434662028 5.9847399557094905 8.839968207763912 6.8026001011399115 5.709375917297143 6.656740739803964 6.620914021832667 6.735928587999628 5.369906749553777 6.908656527306946 6.680532981982751 6.169185496105876 8.772439973066042 5.9367638696751595 6.585008369928893 5.792116037373943 7.921987379466244 6.659563739907228 6.980861057103158 6.836945654551552 6.529537898286146 7.11918153366535 6.27974925272546 7.320693348183775 6.1138906171242 6.407730318628105 4.861163500757829 5.965015763037032 6.573473794910071 6.261290760301823 6.788778988586036 5.791897581037306 6.396693365041269 5.9263169627156 5.517220197000189 5.4289377574832525 6.795729036852211 6.962276227292459 8.141915482853097 7.097989804365137 6.807250948638641 6.417528804552211 7.02713912325928 7.375364192300815 6.7070788834902695 5.82731593986153 6.42644901722446 6.442686959853308 5.994013070682278 6.075603876328416 5.2499843967679825 6.03281885070055 6.232507724206114 7.395082099825525 6.3243666230765 6.319651073382276 5.894269637003739 5.897835005389211 7.892794331209729 6.705107079924087 6.3473712115492615 6.320084545949417 6.695319820741499 6.095067208445204 7.397790146226856 6.347233463408898 6.8246774833388075 6.94347692218525 6.147740255029 5.220978388103153 5.699532716713055 5.693740570998458 5.938536205885894 6.158415010451097 5.5214649364711255 5.2384401356447325 5.861336386055713 4.55510879432894 4.606023743200821 5.980587209610919 5.714135984560756 5.032027043494256 4.766343752215847 5.00973476573162 5.147739545153626 5.378960414338141 5.545212410860729 5.3932071180248675 5.257376674453644 6.33169197222179 4.644350427427579 3.431427260119758 4.610969201293431 4.981668505223068 4.303170395954706 4.220756865873879 3.2736134699190207 4.207741441907548 4.5467004371683375 3.6755634091778404 4.189375248224428 2.2008738741786815 0.0
7.285352805980174 6.321357402172741 6.294122077744399 7.400956946087385 5.363495504033053 6.770188165669009 6.498306386829981 6.390814166337055 6.561306202669552 6.38014041374881 7.289611091915017 6.084271430699261 6.015572063894224 7.6385171559417415 8.126351357506131 6.364107441610394 6.378234167376814 5.919664723743175 7.493090558971661 6.060719730853544 7.03859114845968 5.280185510360426 6.476597564751212 5.725663020860278 5.971930426712851 6.601101945741362 5.5496458726548195 5.453002197834281 6.301028685601954 6.172772347305191 6.573877052055761 6.494827518310084 5.767816896308217 6.636259218600441 5.608576434455664 5.69852151466116 5.6031889083618305 5.194858729121149 5.730828693770075 6.853338355611303 6.220877160799881 4.804178399596692 6.6841580948022825 4.392329550640122 5.715495602076415 5.357038650596879 6.476043396058961 6.406688647689049 5.805187731999344 6.480499359588012 7.1874557387764435 6.845311544367144 6.943496120254952 6.189262081339508 6.06956426040095 6.286293939125885 6.432555120113413 5.83515038089569 6.667379940711781 6.987452781713105 5.261004648829537 4.140907716168151 5.5731433998773605 6.353398272823171 5.589797822290508 5.3169461290804705 6.861091794369642 5.630874055530532 5.017762431665608 8.351728095298565 4.624792957750871 6.823418129955016 4.8610305466604675 8.150200763957113 6.168684151681119 5.261276669172485 6.03650588996154 4.345577436704911 6.95181224281463 5.276930786488403 6.355157688993939 5.4864930685921305 5.5908198699206615 3.2697517695273133 5.774429047044387 5.82192023670647 5.212092025526265 5.886718788706889 4.333490229487019 5.3447572137988875 4.600837556152178 4.543036848180264 4.390945548673616 5.68774411778149 5.751994464963188 8.3746021015235 6.111580083199939 5.906519671928403 6.229390554596783 6.495204286464414 6.026554289722512 5.402510326058635 4.534071603358985 4.784368657296768 5.399998227648319 4.593829724322931 4.970917940519285 4.233576279904684 5.238547047043579 6.153024632151584 6.8733675054387575 4.734591009170451 5.04712506580754 5.002488341029061 4.785693032038817 7.078033166614324 5.393513011944273 5.3468269390885945 3.779541714797359 4.905186716496182 5.108910309299208 7.7181622471549005 5.0013884614289195 5.152426155652703 6.236576517299019 4.768768585254398 4.6498429649678705 5.064835294002366 4.930878935111409 3.59787023944699 4.917240943594103 3.5785190206051323 3.6267582330861963 3.7684485459876793 3.3748696239177067 2.7825088240755598 3.044949574499199 3.3406861652978237 2.8781605124820486 3.0802593678903154 3.22088539463819 3.44518611240483 3.6754731049606164 3.2194939254113426 3.5084741117050573 3.192246796722766 3.8199244022561993 2.0386037834300916 2.1004577497239985 3.1973991056089828 4.443960469921085 3.8171469706152434 4.253062211364429 3.094819495958828 3.4111539068198202 2.716064991543857 2.6751992555606066 3.1606476358400655 5.46162975759868 4.106191041031298 0.0
6.082964464766765 5.5789914805570655 5.854387833457855 6.847065788843526 4.299054300452789 5.817253111655582 5.40976872787316 4.800417479823003 5.53061755239025 5.8113267184592985 6.317604248578992 4.7775337294664455 5.1358967431466915 6.7643860550796555 7.379006046443593 5.029189671388589 5.0394067769859285 4.77423202467777 6.557114019797828 5.166789571187208 5.969118306768713 4.707026999994153 5.451781397992439 4.9251843667252375 4.974250195643936 5.380726026052824 4.916523523220809 4.659804251081173 4.962493839916783 5.302486873809648 5.732973903339771 5.736216389143553 4.461680662861139 4.899162416845688 4.207022113004227 5.017297403300309 4.316413248970885 4.184835346249844 4.83391345506094 5.961649197974951 5.659375945262852 4.5706098759395255 6.117196611466235 4.219388065445945 5.486355994511186 4.422116239781665 5.776529439605545 6.035363603302806 4.959444414756277 5.744425242387576 7.028959681868444 5.828589515543682 6.379194779851128 4.90973488930209 5.140461716952643 5.605173657072881 5.582523812884204 5.067871636757633 6.2083380979916 6.723980991481164 4.114647822826187 3.7303987210324188 4.403103402895092 6.419309756964561 4.314170519712396 4.785214098978021 6.97720191299864 5.553904452786281 3.558218786645794 7.290233641269666 3.9477572034714274 6.0149537485764455 4.248895130996493 7.1101597688455085 6.108192067392254 4.90523242711856 5.644973141449794 3.7781580047335304 6.159606577100373 4.885471390517816 6.0009721457310174 5.077039171969777 5.05346866974184 3.5031932978535925 5.909457065653889 4.928092550021401 4.524813465218847 5.308372715176816 4.384310694566496 5.362220840652834 4.389948802241486 4.298017569196642 4.161118202777293 5.571787563860238 5.723575182370621 7.349789233607489 5.172347181666004 5.740760092008882 6.506214695828822 6.321636666937138 5.660602644464388 4.922197466627015 4.557069193931667 5.1963095183363 5.207172008059748 4.571523414936323 4.958875006469474 4.10313358208089 5.515810771899494 6.252318565728831 7.690957300768519 4.880633985465378 4.135596882041835 5.066506807227482 4.905791663079113 6.723974241085663 5.5022952238201315 4.747522893528275 4.2371959779017 5.123278498486788 5.6571877976373015 7.804740045579268 4.868403778549509 5.802695175820363 7.1046044970526925 5.229000164675119 5.3662793630567815 5.191529924295666 5.116795214780586 4.357654162882815 3.9975907632724534 3.1783246942822614 3.590064034232257 3.576455585579821 3.6847148491484787 3.0438921607810125 3.3251575764448176 3.6041071129688538 2.518842844252341 2.401029850080518 2.3591534445022604 2.8664232564493974 2.245901563197358 2.5760425629575914 3.74614583575996 3.0334201388368474 3.9868648079452265 3.273771025450012 2.9843756661508434 3.526089606755204 4.0773745479534 4.395736372441999 4.188455183792875 3.8945204515136225 3.782522807138561 3.6189114634107016 3.370395581060471 3.618281147069097 5.821772326843535 4.912487028516112 3.4277283248908 0.0
6.619709468264923 6.207362365647171 6.088017241174678 7.487429945640535 4.423277660692634 6.538741182582624 6.092479246955229 5.463281485628769 6.400628521802862 6.4199048949396476 6.989642511444522 5.597156537553811 5.811536193091172 7.425997737634995 8.079950785572295 5.739283608897902 5.674360807361269 5.283882666556614 7.286257176101049 5.801072246396038 6.533279511113485 4.90636037551703 5.924271480821172 5.232080919180676 5.260503261541308 5.160866556303317 5.367417945823699 5.286158910858258 5.377705088110479 5.905564063626147 6.1434257627256565 6.351562014664115 4.925708759526359 5.324231114656857 4.754226930651926 5.3654141890945795 4.836174626032886 4.7224423507967055 5.42912905015194 6.61128161444808 6.0153722309688895 5.041005349262995 6.739158454363222 4.534366856537787 5.798642656603437 5.084201861034264 6.435655200747652 6.613730743097868 5.530269516251369 6.336907710629293 7.547466107181487 6.396428412504107 6.9874209732637285 5.515003153789373 5.798884976477619 6.0560383332049925 6.234989644181603 5.602932188745971 6.829037571335545 7.207717809284617 4.197720162648139 3.916314457463562 5.076459107330938 6.665273399198053 4.28699539373991 4.874752891409462 7.3088063688422285 5.636458765846544 4.011064022038753 7.545281917795685 3.8959240977829395 6.304815195245096 4.465928701307789 7.185544931904197 6.28565246232405 4.984453586056272 6.086186743994534 3.521958117080577 6.297872390801758 4.6943288940127745 6.020691932235848 5.292252090036172 4.787309635941211 2.9782362956876445 5.7539705884762276 5.108448185674909 4.287945217525815 4.815630487932461 3.803103808298953 4.990341495221014 4.013961841239013 3.6699442215991653 3.736110055242876 5.590148600189134 5.844876065260513 7.434345517400712 5.180569998678751 5.9345331172193365 6.7138496850110165 6.231822179423423 5.888480046739492 5.053986340447732 4.310022648432237 5.045359133401981 5.182804653095863 3.692558262733214 4.7658624640955995 3.6748838112565334 5.28298418917964 5.993284627473798 7.508359811673556 4.9098953632747815 3.53194846018381 4.695602009419242 4.488900206445425 6.332312235622479 5.2575017324436875 4.5495882564491605 4.30498843733086 4.878317056051062 5.327353639692238 7.212192531940729 4.245930586009964 5.7510134860183895 6.832502704718957 4.939231902938124 5.08882571485828 4.247984121327078 4.680420663084348 3.9076492866372985 4.540232678769219 3.6062648262606816 3.6737858920594224 4.0516920653319985 3.499998499013045 2.761036173736832 2.918065881510476 2.8064158632272562 2.6201547078173726 1.9675061089934827 1.8902266529321712 3.184083976918642 2.1764675411079204 2.939357804421304 3.9184937167383747 3.12032306307427 4.284380541356818 3.070374732697911 3.0810241954124153 3.7308052156541827 4.409975807802116 4.5322209517223815 4.2748890263160675 3.7961616126527473 3.5298551110808147 3.326721999497636 3.5874249570801178 2.7739339591041086 5.8380453964691 4.830976810983345 3.0978271839867433 2.0978476112490463 0.0
6.344773164433196 5.400571734922471 6.015344789311664 7.155281209688574 4.919058509429571 6.243205291980463 5.654872350176959 5.308328820521261 5.796652483236798 5.935269471600946 6.636542755349833 5.050543935935265 5.411154712361246 7.235719536095965 7.679101226077436 5.714677717578859 5.687934946021032 5.508337054779653 7.125344661382703 5.136739439389713 6.195558672149317 4.714822570406264 5.638977010854601 5.020102497310701 5.341633259370235 6.22804096738538 5.1268355164766115 4.538659427347295 5.793534188839489 5.400418705353334 6.31012212744717 5.941251539509205 4.94275414053932 5.899390711709401 4.596834553848333 5.227633081166068 4.783239036284582 4.420031000613083 4.779426792177368 5.963431499561361 5.80239177189938 4.30211217696619 6.1901233582679716 3.948263572952167 5.2790193699138666 4.704599842459555 6.010169420536982 5.963629572467942 5.332201522770057 6.100609967379326 6.7506992274912685 6.14714463270945 6.732831971579404 5.584541609217712 5.062077761538199 5.749230977714972 5.799334603997161 5.43774621270678 6.309883007146467 6.040088101964985 4.616779788375356 3.70961667781387 4.592265540282115 6.459611015000012 4.840722702533267 4.970897355401011 6.778367292262696 5.318181368578209 4.203041038126694 6.8712713005004025 3.236765863783657 6.673683185464861 4.284122786977774 7.665365739144935 5.9236627788747604 4.395967379685354 5.312202233850929 3.2398852771712274 5.715013261122371 5.267105565882436 5.99118640398318 4.9557652694774035 5.3913501007087 3.588438548394419 5.354887036502477 4.97245930527658 4.760883106779581 5.692439544056888 4.287978813988184 5.398141803530579 4.2495958121088435 4.267746331090236 4.115776495112262 5.318697450195852 5.498413705833915 7.27727107444544 4.714669334685229 5.531539303247891 6.399048457120848 6.516419373809511 5.293683325308068 4.353348751740514 4.338069995717421 4.692535606014847 4.959324974106173 4.589513284171383 4.531872227549503 3.871640141280699 5.038836655481383 6.079407037656002 6.973957908118377 4.516487936962053 4.725484143849371 5.103892306910471 5.005022283478427 7.090454700174506 4.944986755144371 4.599142275541671 3.33428532256639 4.47365512252482 5.252370540189915 8.214303422793302 5.028033304744102 5.347812770161921 6.578764048527402 4.917114696457213 5.075696318985807 5.550706061900234 4.963396314106219 3.8981256342097366 3.168434408394891 2.143062374868478 2.780890473530361 2.6899571970146305 3.519485296882572 2.8215521523279996 2.8929267942869243 3.9220238749353205 2.6256794356952167 3.2056769377572634 2.630095331844949 2.391553584277485 3.0571966385999296 2.8482599269205315 2.4596160715182314 2.025851250947004 3.277891885041776 2.7985910749867022 2.6653938262018073 2.7672787030423596 3.662689799452379 3.6267633500651186 4.105711991136151 3.6971038260550704 3.1301053868821964 3.467205304444156 3.1657262814812777 3.978583487382007 6.357239153627482 5.212142872799962 2.9973751877344386 2.450811839368569 2.71687081104115 0.0
6.911698591600509 6.31386303239957 6.403081690789933 7.2896982387060945 5.698787430950043 6.5666624840952466 5.993476044114788 6.019258063409494 5.998020692976863 5.995142456317142 6.876659451050832 5.315042110374475 5.652400848761767 7.423668569325799 7.842469084163436 6.029810148361595 5.960712303918339 5.7076775495214545 7.102684230626129 6.0489785563223 6.7356182889702465 5.590536241199477 6.256697558066312 5.717844887059133 5.821340407233065 6.852006743248179 5.686972552132212 5.2031476670105095 6.21944604337837 5.76681886099773 6.321260323131978 6.102758643550484 5.567042954546793 6.512156331372456 5.321288116046094 5.50083771222163 5.665198121362539 5.118421505597613 5.576730632423105 6.941356680698319 6.286509690188502 4.953949272382316 6.66171267280769 4.968203287773482 5.900518871878144 5.372753018838446 6.494442803109538 6.200871565241734 5.42190436758317 5.994501323003741 7.005812012420361 6.344420106033701 7.109195106371934 6.062415267644812 5.667218578602284 6.033227783482532 6.162454514455292 5.921241999877968 6.5820120858943 6.986784756793288 5.590872132730522 4.2594697114632085 4.958272267232048 6.7547752223447 5.752031213213182 5.557318857704592 6.842973344635632 5.488205637658602 5.147824778417533 8.04802643912441 4.356978900278929 6.5881063346344035 4.281803633741297 8.123695084830624 6.637266947718728 5.439069014775419 5.548507465057443 5.020461352190966 6.898274908435601 6.043681022120577 6.547666647972996 5.422274654687297 5.741718237091202 3.8153817922019373 6.171591929316216 5.758817690255567 5.329630206536702 6.150860458367604 5.106620865723368 5.749364648640829 5.059874073250845 4.739912594520469 4.459660852502353 6.2025387604977675 6.448638878011004 8.445490755414346 6.199045342370009 6.2059280838047055 6.739298524318129 7.209104616381528 6.138072429659789 5.079774202575338 5.306650355920182 5.548991114622238 5.4874508988105655 5.238696380452782 5.077021014581927 4.185387704827847 5.717475315518274 6.86199687475251 7.875086652293367 5.325965070831471 5.7506272424563765 5.754264667721261 5.515695478216863 7.685318152683993 5.7192365144162025 5.487083078086043 4.330100233970947 5.668597856736524 6.221334113242835 8.518806374157737 5.885433406385549 6.096379542856482 7.257589619712265 5.596490737752775 5.401370711975543 5.8817499115775504 5.410178591533936 4.879386646241898 4.478901845923709 3.1950487557266087 2.969886201786812 3.7507877754622108 3.855373104300628 3.1278669106337964 4.120258274577108 4.542893589466624 2.892071124440518 3.740863193952266 3.4642809855778705 2.7307114634911334 3.5008167217650343 3.673938768695841 3.469952298638394 3.269438543320818 3.558181870874291 2.847872359361917 2.030942278848069 2.761526777614805 3.62147396553337 3.1644244522743312 4.067365969239435 3.1186330024186146 3.128520488988778 3.432247901624709 2.4715157002436365 3.7376519527707144 4.932538952590886 3.924719070222258 3.1532889048282873 3.109557145081075 3.4693351386936437 3.00344192563268 0.0
7.359464969884754 6.708976317998696 6.704236743599021 7.982024601889312 5.748816612453897 7.146058148607065 6.4178134953026085 6.419563191575915 6.450939487654655 6.753974843170004 7.294238908434947 5.857066663314387 6.1492449297723 7.654224665249914 8.356137872530116 6.662611936159635 6.482047669976689 6.247369853593465 7.831307425094731 6.374297953159382 7.205507059614976 5.48463475572499 6.519126779589565 6.070442621631283 6.0232145008209015 6.837168699854957 6.127848072862449 5.609469592369267 6.422820077771451 6.160628269914714 6.802713674790693 6.814869585545281 5.641678563906156 6.809306556725826 5.7054725038997205 5.921335977663142 6.073177191779325 5.538833476588802 5.913701287920011 7.0540424700446245 6.723718434351704 4.848785275054067 7.263697280045753 4.764724269844423 6.31479832032902 5.407609913465457 6.541629353429531 6.801935727442806 5.856985935959206 6.730916756880665 7.584429696170362 6.833922969324318 7.686142655357178 6.530062978421408 6.343612886991399 6.647434078693303 6.7617558536509605 6.440957892477978 7.373326009215063 7.133862577723587 5.48802964325315 4.535095567844767 5.234303892304017 7.133469645156124 5.626603287417948 5.854300517301532 7.2156419423562825 5.818745666724021 5.306304078163186 8.265642184081596 4.449687845015036 6.752241445396985 4.524442892711345 8.328510144585335 7.094244801034198 5.435166501892777 5.9498038951907715 4.627986806811291 7.099114690921266 5.385331726308665 6.590786052764372 5.606542706593428 5.636413591769984 2.7493094574121675 6.545562134378658 5.912662363753064 5.0613362813232685 5.946485531089449 4.829650563423945 5.557286015835725 4.652866349799579 4.539544961446332 4.0937337190675125 5.9265220508446905 6.61620910336944 8.52696607713156 6.401090569042861 6.279421036488476 7.172325072012437 6.664940320420216 6.155008741256682 5.144476967031278 5.21918380676776 5.402732507631115 5.487617193793808 4.498198868623618 5.037963776495055 3.9648621714120833 5.69447499142833 7.018013943901344 7.622666511754147 5.200574053037814 5.353076741513084 5.888264079137433 5.5207021459449335 7.278307372163583 5.676337395585398 5.387560880019925 3.810200747346148 5.011452120622396 6.241321188624643 8.685802066880418 5.05563889150849 5.229454277783983 6.90208992767858 5.478001454463384 5.587063623872759 5.488003975855028 5.240868419801211 4.044767533312224 5.153132713691324 3.58663893621469 3.585441344999003 3.980798616881482 4.052846767639079 3.146525281665166 3.0149552630715224 3.1209271680455086 2.019998766320027 3.3793636831818548 3.131629656465131 3.0809991515616626 2.9826342123187386 2.4087480891919557 3.890809398198043 2.7584301629504404 2.5705630382851234 2.4384516595233072 2.576442759041359 3.382014600318747 4.463411692980165 4.474697266039611 4.877640561669391 3.459432264846677 3.84414694072281 2.444760371744669 2.4774847882707465 3.6358417829966094 5.868294544534063 4.925585625612585 3.0451781054880507 2.8656492616122793 2.885389502674306 2.8824294489001985 2.557816273070684 0.0
6.448660659009365 6.679334644252983 5.800418080587634 6.811972657595767 4.802174691144037 6.15461851543042 6.1162052461597805 5.615213848006331 6.275846425866961 6.1214246645560415 6.529765740454252 5.618305201615849 5.781945199640617 7.315880780030571 7.454322647385156 5.406154261962451 5.171329108975379 5.045866529104176 6.60337675669659 5.650459620334325 6.3821238350241 5.117611307307124 6.360192921908784 5.85673823208575 5.8380819711328495 5.743728126812678 5.759135348387046 5.69130574132002 5.7030522173724085 6.065054679830364 5.746212696334534 5.796879171056753 5.450760490639251 5.664211367070728 5.012534853707387 5.448021075785509 5.295745465309709 5.103559355231069 5.962961889637748 6.318661861122694 5.92054917656038 5.269530654391852 6.584667835076861 4.883275535026228 5.9523792810217495 5.040790483247926 6.25332659502184 6.329436340148878 5.109126951932758 5.646151556930759 7.042190252808534 6.166622044165158 6.735823870665364 5.417829445253813 5.596228607677733 5.465816639781635 5.895543807320506 5.51927899922178 6.266646363077515 8.27239255607324 6.021763626937202 5.068519968487949 5.879945815326679 6.952636881919059 5.727394420839747 5.358123077333954 7.524141931170109 6.487984944895284 5.538551870906784 7.739507174958727 4.900281505705795 6.5510558959627 5.187453092810724 7.19196121138564 6.682446595512727 6.027813339967845 6.564528020527022 5.1933361932168145 6.635749569552912 5.613656388577053 7.104337656977185 5.854701638699356 6.137094889325598 4.174644856280234 6.357196709317483 6.159540015437569 5.6046709649295 6.176140114769776 5.47273088018947 6.505038650188713 5.676135590174297 5.234285469236311 5.336391974842695 6.45085885455348 6.548187634513509 7.482745119988055 5.600476508185664 6.754716913895599 6.962428524664767 6.991643116444763 6.6402775456172884 6.133596388876633 5.511462699053156 6.328073715853611 6.231337764992983 5.7475808067279965 5.910798105849386 5.012053276109938 6.345932433711224 6.656225954438 7.591355433730829 5.9348542539684415 5.265496761034336 6.0015615484765945 5.990431597245218 7.6699007583778265 6.508031201727551 5.698901579542555 5.598747849270801 6.16748236239784 6.186312033354935 7.510111412433221 5.37544105273868 6.1963770496881425 7.148983285832478 6.158184507284596 5.874366902472271 5.604013626838008 5.817390542698155 5.226547823048451 4.812647576783605 3.7388888567282996 3.819347974749648 3.9559868935036038 4.824794110125956 3.947053949616217 4.363565991654444 4.076693383872145 3.908655376632329 3.651906762737658 3.8742682066308705 4.055562961708394 3.8070102696642105 3.9339159094963247 3.504341607901252 3.9184753907854093 4.7874809213143354 3.3760678764347753 2.743299422826298 2.5115621628275884 3.0047471192161326 3.062230349217555 3.5309036543981804 3.1902417168888038 4.009257773394005 3.345651398183186 2.9853420984225756 3.4685138719403974 4.354608842738375 3.747432875253043 3.5405053745543453 3.0584853556761247 3.3118649632008803 3.483543125670529 2.7794931339563593 3.3684146871515037 0.0
7.026409796383894 6.002550717422553 6.318687510646326 7.316602833389312 5.796757731274572 6.574831211937858 6.0622056474388675 6.111747877538618 6.196189241358327 5.984581358565561 6.925740333445262 5.4599495865061884 5.599954477761954 7.4788060920393304 7.758530689464893 5.961805720570081 6.229561756514884 5.89236194374466 7.083981841523619 5.9207381777240995 6.8468869980944636 5.362707797368904 6.271564706566332 5.578650715325432 5.947312309315441 7.080586970420344 5.569821622180371 5.122949451189492 6.37669478724344 5.843188328396764 6.535451138418272 6.099650158964761 5.669526109318298 6.663732764384489 5.431522749403378 5.620265188661089 5.591005601418017 5.044451207072188 5.440067340699337 6.850368493806381 6.291280090911707 4.7968705467882 6.601959843041588 4.7687834413435155 5.796093119733732 5.409030280483209 6.483198589895239 6.221597634387462 5.617905137782507 6.008494859328438 6.702304998169974 6.378637148816053 6.981187833419771 6.0522571313327616 5.704357998451242 6.156852426947781 6.284592467459057 5.768414329515194 6.56052211193765 6.689406938955662 5.418231818226136 4.14030544891509 5.1639984543142265 6.61263266392735 5.669626589228567 5.4321222414137855 6.743976118988234 5.354999384926606 5.2879558294289675 7.980622341571557 4.379156250614928 6.9757645142326785 4.752905149239166 8.41316873467643 6.4660683681295055 5.019004111472603 5.541869943935125 4.6685945686226455 6.812548274945132 6.009386559537738 6.422402705707483 5.323553751847316 5.794916996214311 3.929404373613847 6.007767839167904 5.763965869195641 5.382110768100443 6.13245519390618 4.86355458111257 5.761232778397562 4.907161051663427 4.734559678939608 4.647666708555492 5.977215377825115 6.075372974165475 8.484520606109172 6.128275172048657 5.985525063339656 6.579639577366009 6.995547370716761 5.835972442096252 5.086864045684935 5.2100745713908045 5.341650224863497 5.429930047098903 5.297761788910747 4.935462240877897 4.448035860088902 5.672793680497413 6.661192830252031 7.547440817209908 5.294406243963437 5.4750425679683214 5.57302321554186 5.487733801234467 7.4417292269675706 5.588983803082808 5.634452576255476 4.039473608649251 5.37022561272552 5.850129039526908 8.514671640617136 5.9364608474657095 5.948002444930132 6.960000094813682 5.4468914477202555 5.4350436620888765 6.029625514221482 5.610056449548816 4.5481269537189855 4.598117016852433 3.195499044784529 3.326391870308469 3.6554103725235287 3.7302216328742026 2.8671548797552764 3.7455067252180485 4.412984231619391 2.9877770134912707 3.8774236130822133 3.55120511014985 2.8857551222597633 3.92722914803373 3.648135627588395 2.764608928485622 3.4027220869899333 3.724799998330789 2.4811438123613287 2.1795413662051337 2.7315202694429654 4.054383489816336 3.1707651499324503 4.532799435599812 2.962014770946263 3.2209586232743446 3.280400149172366 2.597019589052543 3.849946537087546 5.473863226840839 4.196251274695793 2.646337200036635 3.3419977821058455 3.5324909330123795 2.8486503612755203 2.0410109964465133 2.9233038978156403 2.947709830438942 0.0
6.182514890614322 6.4737935359742345 5.422518200669969 6.6090690428783585 4.437307336104325 6.012748070964353 5.682702234357062 5.275721016923793 6.001542452262163 5.802559367811855 6.284720065367091 5.142490168801268 5.403766379769066 7.190396749217768 7.394461870219413 5.275738958259821 4.835992436669586 4.800898956008733 6.556211768680861 5.490413767880925 6.18723387433966 4.8678490515655986 5.903964497292105 5.270908852870187 5.180802018240258 5.180936488144332 5.26966449898948 5.218971757481501 5.29806024153241 5.611888351792489 5.216202864928875 5.4744495223338605 5.1209146017233635 5.499283980679826 4.4590428683525385 4.911658075281861 4.923990773224052 4.5916033236667 5.640199935321039 6.38026499534348 5.7352457152020495 5.061432315082023 6.190303850723256 4.807648001397285 5.63603333326325 4.9508751591091995 6.173457519124081 6.02676128226364 4.787282870311494 5.591345440662378 6.924938968068048 5.696464775605665 6.673963365384699 5.221435793900423 5.281436713719867 5.034761233835354 5.667518674355163 5.233498709964233 5.935798722531274 8.111394787249482 5.898713322186107 5.038812004501036 5.545809724399752 6.6259933578594 5.474591959134906 4.952015921164244 7.275195811991635 6.021154318224102 5.214905848646419 7.575672756201268 4.241565541133961 5.901347233059926 4.392480272816417 6.7266513889332264 6.0934104370346605 5.931804920774264 6.269054062911018 5.032706282602944 6.446532454997948 5.460665589688211 6.713586513701166 5.37517892719159 5.396999826570146 4.026049499834082 5.5689725832796855 5.64224744195346 5.1006376211957685 5.534718695939471 4.885460859162367 5.720301647288708 5.198829461617483 4.578705153694931 4.7229277622989105 6.121177130588615 6.277616829224086 7.323948186141516 5.047286641589211 6.448281671344597 6.611708985644134 6.929431528578269 6.479997568274483 5.556221712213575 4.935553504736272 5.911555424959563 5.6701418302924536 5.30652200511787 5.353235734104683 4.251326788472707 5.833078926422438 5.990717622053094 7.480473668297577 5.419448348554273 5.087888599925932 5.420512688887874 5.312692552414679 7.454855003943818 5.863621383096771 5.119946576059223 5.434004404927891 5.819987740758345 5.735801349516911 7.164746157413988 4.981130736572703 6.128541783025233 6.8102344361556675 5.662101308995675 5.263857849040992 4.93264362176953 5.054055285164846 4.901304999288431 4.322141008405527 3.403078834783508 3.0795730929885052 3.740616984205584 4.443092542137398 3.957766793231311 4.334094817625939 4.297745032981847 3.9200813316980296 3.2929306783771977 3.3178112546896807 3.426728880477653 3.292855613402589 4.079588631324425 3.744564714262706 3.559717183401563 4.742306822128756 3.4622608825536783 2.604808031614505 2.9227972140230234 2.80841538038498 3.0192524143667043 2.788673533598005 3.623946799336489 3.659077113884067 3.8059985299413603 3.2454825370467253 3.1346973877677766 4.160818303826898 3.4982719769588515 3.6682653781554406 3.061684608055718 3.191971509938225 3.3346043867585906 2.609444650060054 3.427102597374923 2.125148090850956 3.2156707801299205 0.0
6.743846793552993 7.038442622874875 6.054510203031749 6.950871688556862 4.671941936790225 6.687725565795945 6.494185226009293 5.658368775763621 6.865115668881409 6.497166354515321 6.930592128981619 6.133214819355887 6.293744853288257 8.151505614333125 8.1614510974324 5.829700045553319 5.470580504557573 5.5825820529016825 7.245963603615855 5.393669977489238 6.660960394300105 4.795862408965136 6.48471326757613 5.887272505090122 5.73917569418856 5.5187646426163965 5.892439642149492 6.066814804315647 5.825919599512868 6.421913065701993 6.020624957104693 6.1878875652614695 6.126818458536503 6.164506180492009 5.125103922525717 5.547870545503641 5.450572821101662 5.372871388193786 6.474603389376281 6.090148448549735 6.370946369800665 5.260154710937996 6.429205194671496 4.7758042695416485 6.259781073987914 4.7248336227526675 6.359721048792223 6.64807560110487 5.680249676161703 6.42065230791997 7.747348501698072 6.49490499910571 7.094046230170757 5.868845546239408 5.832651222319694 5.628302661114144 6.2065577726598145 5.762311383491352 6.417460817622047 8.916292728915806 6.97282819388887 6.132000457132099 6.479184780586215 7.1405264098116135 6.280310647455387 5.960868025200252 8.186276833621358 6.850306076693159 6.173400471554891 8.215698130436527 5.49571126093027 6.35892241924107 5.181115685490378 6.828314577414272 6.452318188767961 6.741333384478373 7.300974775288649 5.446396597363856 7.502069459905908 5.576432276995301 7.511412408195758 6.1714294697869 6.405776003035156 4.88354145941601 6.325078686083071 6.488773259285713 6.156488704281834 6.240564423351238 5.748091326552744 6.664315808443735 6.360509078300845 5.83654607312023 6.198340704460771 6.4536592642553705 6.417583036420608 7.962944407053368 5.0969106428819915 7.2448166928336875 7.223632062110086 7.523271592069516 7.1389281997934875 6.593659495339966 5.154607395656434 6.676607721094953 6.483263492285696 6.212319140721752 6.349864774010449 5.564506570358417 6.7966279618531695 6.585305033968285 7.700928475961092 5.699588980916584 5.648819461593109 6.346265551054907 5.94614203204453 8.341781079694043 6.6600275315008055 5.853906499916898 5.938367334285425 6.305142080099983 5.9847080089867575 7.118273372655242 4.70075959082378 5.682414017604954 6.679187077433601 6.139658454082972 5.973604500205872 5.692026458186047 5.912500271192689 4.971000976474073 4.9969795458777195 3.688743945137707 3.804284334338739 3.5182804749205188 5.923315008963822 5.214576417301276 4.478212532929271 4.122565690223456 4.787223882630236 3.791216775517459 4.059006998622565 4.2640030781694005 3.7799996113894827 4.0665786784469775 3.906699495862466 4.267704704078853 4.810256841399911 3.4657926985685465 3.4625299437095154 3.0178107724776515 2.724423207358352 3.349492020445162 3.2154788561817385 4.80305963881777 5.282356818185636 4.184148711111014 3.84283852784495 4.075984051401706 5.402049593587982 4.8943948395621675 3.9479145227320487 3.7255339647538417 3.950788615129286 3.827927878098081 3.8393519692178253 4.089603976276747 2.7644371275989936 3.9695469099320526 2.813303898346297 0.0
7.149844436166094 5.820743597984501 6.6137546621178585 7.945711088436877 5.558499859898425 7.070389044444076 6.3564936600502 6.127241974189411 6.5341791860783704 6.439272370835471 7.3916366940776586 5.675107357697712 5.96853655327066 7.952046135401657 8.453050848703313 6.394783884906556 6.5871044633687035 6.237896942715399 7.875478828370493 5.8657387060473365 6.902321292332098 5.215888448010408 6.159618234853596 5.293514290474594 5.726927769294257 6.749669255558449 5.615443619131968 5.006007431895756 6.403965104789284 5.959703879329648 6.9270449047321065 6.603890624560741 5.582888691045492 6.679612728888512 5.259760918033113 5.6958867354595695 5.34036369611665 4.87745335752621 5.1592240970338095 6.871912326363586 6.435390216169963 4.8451304261487715 6.781926172053303 4.568945809885832 5.741266161044059 5.596699581270686 6.8147400924236745 6.537567025373047 6.0729244634972135 6.779087328614505 7.183906200505208 6.718805208195121 7.405575480536126 6.372308370000261 5.76623258055956 6.438128957679329 6.56334743672888 6.0401981274906476 6.9726301250896325 5.77604428080647 4.541895709756806 3.580453429064924 4.766518776784254 6.465990997990841 4.7661296088657465 5.162034360577207 6.854595940096502 4.973347254490454 4.528196797661171 7.287887279966745 3.2817652494545 6.904754630583994 4.277993986320699 8.177082703374715 6.010963776490395 4.088800876682371 5.233321904380418 3.203236807341551 6.189704322204553 5.589115999482439 5.7252981723010965 5.045553241302435 5.108450723805027 3.738897724007583 5.276551985226488 4.995149316539198 4.595832922229415 5.403232944057486 3.9508349896993664 5.0185674009862264 3.954493590056447 3.8830246574298717 3.8930288728663025 5.308127611039517 5.369389808602225 7.97649944980019 4.972937053628757 5.4544552412127825 6.493868581963799 6.705620051944617 5.290623759163972 4.159010106543641 4.331626397143281 4.3637677644399275 4.857996185158249 4.392375909279839 4.249236305501363 3.6866847277593893 4.899942148914955 6.109929473745692 7.214120958103865 4.407833704189484 4.709623861756822 4.725395163090719 4.679052900413633 6.833639185752185 4.58570361659323 4.626790225044248 3.068702237786342 4.40819387498779 5.204102508567749 8.342886203226474 5.2078475046918085 5.656568441566255 6.641681225474962 4.687741555965622 4.979665350274155 5.39306836340225 4.829065595044044 3.7520476382740986 3.541909414615509 2.3580227825105675 2.645069346102616 2.9709140879100997 3.2701219111791655 2.719877591757241 2.8477778745125755 4.073399907787477 2.834062123522846 3.348210894871261 2.65412034841604 2.4426576998897414 3.2645885241943393 3.3984264080896334 2.7919480976347715 2.6496028840133894 3.4179347361431454 2.819624965960882 2.9444228895869315 3.2575207973766607 4.233014734913732 3.779314505582765 4.431568749405965 4.066548481199356 3.0323591265625462 3.8905504850198733 3.605657936165396 4.012865428940864 6.790667517508707 5.423915809258038 2.843382527145969 3.163950407108234 2.9640656299498676 1.9360104733863934 3.189165911172849 3.1830362521138116 4.076216258012758 2.767388805031688 3.8261321887729647 4.3850688716788495 0.0
7.7156710335478 6.559934441879666 7.181773350679126 8.093189611506101 6.38453484721874 7.321065210097469 6.789735482218998 6.808827046122651 6.827911528680002 6.656684292537765 7.878899713443245 6.18537656144434 6.380658893516164 8.141190039329414 8.637575280668578 6.774028696491403 6.983012064028992 6.5207825811718765 7.916584294163704 6.724803579969971 7.47608577577876 6.266133735421416 6.921772064908964 6.179509022616154 6.53413886844353 7.547954616656704 6.137502608757699 5.7698261388718315 7.004371938341931 6.5092121835682635 7.319802641897036 6.975779900374892 6.289194277297998 7.191460909603148 6.10459672755847 6.292420501111738 6.093443283343243 5.693927390937868 6.007050565869193 7.667262829550687 6.870040246106267 5.674117046118823 7.270724563719022 5.507296105749364 6.3706113296028795 6.25436224554854 7.377325482437026 6.887302827051891 6.408628214862706 6.818378536428435 7.55113090384486 7.234029675820822 7.632949990185572 6.785012557041444 6.362935062955849 6.963503686834989 6.932285713453387 6.519041148784581 7.278816496290597 6.58227889656172 5.236612512274982 3.845413682610394 5.390952945301521 7.052552618217297 5.8433842461796095 5.890334373515833 7.136055210741149 5.576321465630887 5.135539757909328 8.533716286329433 4.614726001624968 7.481862346858441 4.969090037231354 9.052988857194524 6.96706116497347 5.258278579440473 5.774884378149339 4.8739980794694135 7.2234561799242805 6.632107124198229 6.643784931032772 5.896492309524976 6.027586736923695 4.193726135728706 6.297881365084387 6.039788683942854 5.648207563671288 6.444549881875718 5.049657058809532 5.882219635963088 4.9753341284440395 4.775600773952177 4.519279351866255 6.501203333675387 6.506373107633642 9.08114432438624 6.590714641428598 6.331833038736202 7.000754437828375 7.606596625193595 6.353860103835994 5.275584598957297 5.464640459006159 5.419546786853219 5.781173331873717 5.1829616719379645 5.17008508424952 4.462408706378514 5.7610451830618885 7.1013701770943625 8.214561886785196 5.547431108303898 5.711375397349707 5.600269145401353 5.466137155732942 7.764758351802887 5.766672397587792 5.860115111764121 4.0064476831231115 5.826598370564565 6.258655325452994 8.815249277274962 6.4179277404640205 6.654999139618743 7.633078666972266 5.608762077384207 5.49412255883478 6.1218398045016 5.732093230111516 4.995640662066131 4.715597249571972 3.554095172318218 3.397432038913536 4.243089171374521 3.3063041145756435 2.5640536417820163 4.025761521529438 4.774762089971506 3.0508453731555503 4.0122049619986315 3.5032322921000807 3.049828079083052 3.985166227756947 4.254679297463612 3.60418596775568 3.7534621391137883 3.8993266639052306 2.8772142016183264 2.4770087319029472 3.2860650821521853 4.4986663098319815 3.4905961300706787 4.731451796599314 3.202609338276102 2.7982871528266564 3.806304588028544 3.046387003764446 3.9298761256787778 5.739646781258238 4.349779416267886 2.7815795230727196 3.706426904362476 3.640013647436356 3.1873699307960233 2.314508008621727 3.298855504984378 3.7539928013822026 2.0523768739321007 3.7223977802457107 4.7311289756424735 2.7184002197640695 0.0
6.487953452687943 6.106828193886036 6.016657167254475 6.719921335524489 5.37513460899915 6.044180995859312 5.533043177254082 5.68740006880336 5.585408572676513 5.669140332297834 6.620334881339998 5.128048151043732 5.349046098315281 6.841357777925268 7.29461008825695 5.685238699025519 5.509462742840386 5.332381010073782 6.676369949907248 5.740413907861644 6.420851585464375 5.453178457620155 6.0450992240184345 5.592592164315975 5.653842846829555 6.5656655256329906 5.259871238876842 5.1592117872300784 5.853616009901196 5.494367513160266 6.010292546737284 5.872121056634236 5.341051500978007 6.163393832122105 5.089665876042823 5.351302996848931 5.241645809347218 4.955332191082907 5.57738454482717 6.504301304762901 5.884104260354022 5.017244504392245 6.195805502511832 4.842453393766584 5.708379515603453 5.118242767484689 6.13898573973936 5.8908563077487335 5.0557054496778555 5.673335782488659 6.769238070387462 6.035624929086374 6.581818989853383 5.590589897699581 5.424776482295902 5.738294635691306 5.729586965755274 5.5156805103429125 6.116641594044369 7.318337319655211 5.695981767515518 4.478511547480253 5.229450262157055 6.768916342955218 5.954410595758678 5.418487712630315 6.825555077469105 5.871294022415193 5.001590880238081 8.242081106282999 4.728242295987707 6.561841380167784 4.656366799118488 8.17994532243333 6.653130677782999 5.884080182801856 5.847059164734338 5.325814987324472 6.862260024345978 6.134321594828592 6.8461577100102105 5.5522130289309235 6.024861294553334 4.035380990075746 6.039282225461923 5.872282862061381 5.7028006905423325 6.5058232035884895 5.330295721141421 6.020640745990942 5.2434831801339055 5.024456736779199 4.671531399830806 6.337288333955641 6.593060552035027 8.335802369813292 6.352730831990607 6.340022171095302 6.675470440242548 7.21645240105845 6.527808289088002 5.487831768005015 5.34432440600965 5.859052294958809 5.766786797257981 5.437917920269645 5.352334097284203 4.482165241358493 5.839793844313823 6.711532734536678 7.911831238915325 5.567850576699982 5.791565754325671 5.87468937449892 5.625167054463076 7.978761838252841 6.079123075794984 5.775065845207811 4.635204502866078 5.95359438210715 6.211400819784074 8.38481260253257 6.052494293319092 6.244131430898248 7.2545631173030065 5.782446110374861 5.369893735315598 6.044830451673413 5.609981970755046 5.157734432559384 4.632614793947219 3.6191485505772496 3.5891112646076144 4.216872518214206 3.7800635950800268 3.293405344201513 4.458447058026904 4.821804520157715 3.159595937741693 3.8619218098421855 3.5086737744506378 3.0194828913551115 3.696279122567731 3.8526189915976365 3.8574662903711054 3.569280171357789 4.008045379424669 3.090690381444782 2.0242981507427786 3.0987320877526057 3.7847629680618473 3.3567746047277502 3.999081844141234 2.8087177929096105 3.3078724433422084 3.551735043551597 2.2427555550575873 3.903553010629713 4.275993041651973 3.294792144927734 3.279898963859824 3.1066416470708593 3.611738083417126 3.230319913611183 1.8310053302438911 3.054545834941555 2.8297843643731917 2.4879043679947648 2.5767546155940635 3.8810365307423034 3.647801615103452 2.682744349514051 0.0
7.3386019750642415 6.832881521180905 6.6695263870712305 7.609656617150081 5.744419252109411 6.9319944732375 6.470376721656442 6.284771445648554 6.677945976338378 6.901414718374428 7.330758013706934 6.215979513872913 6.321785205459168 7.729099420063001 8.184039524916523 6.561220984484687 6.371941072392636 6.2828585161162875 7.6250222394426475 6.161677540459274 7.3297641694870475 5.43701204134992 6.762166630487259 6.3873903196765305 6.41340906841459 6.9164449168703825 6.097697521823542 5.952512778120953 6.562539858089604 6.476153759341602 6.973394638057298 6.828637846180353 6.042450164949796 6.76702288915123 5.889517603275727 6.250758047586439 6.098678145415728 5.819612795502656 6.387028584247471 6.6034350008744145 6.7912187288929635 4.9327923402685805 7.106874743984647 4.667284075670707 6.523587761795716 4.992743494621483 6.362992405400049 6.940410498976018 6.0341618343630135 6.745903498745129 7.757171046581476 7.028949542686149 7.435186427846711 6.335284468638438 6.41555575872853 6.720226963804641 6.7514267524599 6.302525328351794 7.2193803175635285 7.9775151983144115 6.199988848833429 5.3569981983801025 6.191188135231155 7.722438806054725 6.481746289487389 6.387995210505416 7.915796653880415 6.802803730636964 5.802158258888184 8.81511169510786 5.367223758377151 7.46509623290581 5.617892281409456 8.609703555128679 7.467854820171005 6.348404055083579 7.006155700311748 5.161433049092035 7.602848817508911 5.772816643772211 7.615105215474344 6.321239962893976 6.697038079391903 3.564056869655545 7.076820482024763 6.7739604668795685 6.2096462477034615 6.87888917679428 5.597261460012028 6.597917765528524 5.68828750378821 5.679816910976248 5.362977217931934 6.573605289018294 7.099052801528819 8.743560571948601 6.713036163077938 7.090032054533318 7.624066653203159 7.220448357594282 6.91380215557162 6.283193545696444 5.650345746653999 6.326883338439247 6.3678194892753215 5.426670951232582 6.031628101168857 5.193583613954406 6.604430170280359 7.4006921852425265 7.8170071560762775 5.934300006619063 5.696826675041562 6.7146698321287674 6.272627483518385 8.239770919839216 6.663925213770232 6.332892453465512 4.51879501122245 5.696349298496031 6.484742206229592 8.703837015360351 5.3553034942309905 5.278160125488607 7.06381530796373 6.167815663138324 6.2121806327469535 6.220854715840058 6.222338800591843 4.429563799648129 5.660923455697892 4.08677008820641 4.42893651191004 4.285400037953911 4.850451999645855 3.7521252493529067 3.1360977291903622 3.0729175858055116 2.8855247807877102 3.8384908756898617 3.644988468566624 3.750393355328883 3.6540066308241586 2.5950573708877043 3.7540673849304254 3.2476237438329094 3.071856989729049 2.1805056496221993 2.7837891648005697 3.2849134511410902 4.527346286794443 4.555553028499384 5.186780275573886 3.4116685861185245 4.6488754998169215 2.042850881959422 2.4463292947683626 3.8834465703889767 5.9297495722748 5.08909313888066 3.036033609966189 3.1684927617908367 3.3546268896335603 3.1437955462507134 3.315853992442924 2.3726424076198014 3.2658041004021503 3.1838052444291964 3.7764332091973083 3.59691408699077 3.785485728832213 3.8837771543455553 3.372632202283922 0.0
6.424955522386457 6.240708402092856 5.612410872237787 6.76936747887636 4.620228674049745 6.09028393733341 5.779302008924216 5.459209890575409 5.939239339144557 5.983019578664498 6.378599221456706 5.26320775470205 5.455474968133554 7.1415979849326945 7.46581459090868 5.586696007439807 5.220805696087982 5.119805202899629 6.782285486897173 5.426867365976704 6.352455328127338 4.709329174423931 5.953742009066609 5.39688968202121 5.410723330909381 5.7163694745817 5.299151853184246 5.020184475142221 5.583866678912951 5.619393648454952 5.652779203056181 5.693707262650875 5.088194587135443 5.772438471205342 4.71038150693292 5.1125370191100865 5.127501917721565 4.664205058597894 5.449580496855899 6.148935268328822 5.804224931364022 4.4387726670690695 6.299235171262985 4.162282836365544 5.514264990830276 4.5755021174298305 5.858836968616361 6.020672018016596 4.933540360231978 5.80953760205018 6.8838762129898585 6.0278577081331255 6.6752190817908525 5.410758141543603 5.384789059588486 5.3680372276551 5.77904569693034 5.354546106246714 6.140111423579242 7.496927264376789 5.555354257798705 4.620709968080909 5.336227206697107 6.581043153203385 5.471725032554149 5.109376121720757 7.091543174433855 5.931118923005075 4.983487934617015 7.5893247141273825 4.086176881910697 6.2609173613722335 4.4641792837773675 7.154642643460025 6.125106836631504 5.523845801248097 6.087844972780305 4.45670643956745 6.384856478393193 5.019958790504149 6.6032398058251385 5.308735022466557 5.518952600689432 3.226792501773066 5.787716008145588 5.672961094082707 5.0261917384475945 5.730171250819538 4.657999168346737 5.620659701173139 4.876191761541293 4.602535469026364 4.4894208854121995 5.778784916771833 6.068232117611743 7.418084606785076 5.2772535791472865 6.170511967243496 6.508160677656842 6.514301524381008 6.067165190137892 5.327293219958288 4.71942876457016 5.383847090450374 5.456832619456327 4.933654726388952 5.171877778334459 4.137107229579506 5.569344366131658 6.155431483701513 6.923865033521703 5.006006073860338 5.0242292802792115 5.452611492543304 5.282250907090735 7.300199401351653 5.643541191600693 5.072891125459021 4.486730736816779 5.107418449587263 5.506478274638625 7.634611577316948 4.640387214036998 5.188447735214046 6.409963220897117 5.322877041733411 5.140814221177241 5.0424987111073065 4.985914059285952 4.042753540594957 4.303585076911812 3.0249049413648077 3.059691785710968 3.176564601845448 4.044186582260392 3.308168850918524 3.197747368474524 3.245793753265415 2.9275383379503417 2.8927781599148563 3.0315122190054065 3.1196800733536425 3.03328113193773 2.8496048888721712 3.1141324172191887 2.508081157466649 3.641872856890194 2.4231533123901348 1.9459598626222931 2.454424991182155 3.1707888809650306 3.328883566756646 3.395371368961162 3.0957494574011015 3.5104244271450398 2.521976905474165 2.4343326423331106 2.949584464633511 4.852872521785104 3.9850302988170836 2.6691361003701046 2.5446367000593284 2.7158861565904293 2.515716714417152 2.5220383086906253 2.439480367255382 2.2262863342709736 2.756664574852038 2.188340185154002 2.7541744932435313 3.1834239735369407 3.4491842375796917 2.6443924555850984 2.4876373758114934 0.0
6.615610339525612 6.52336622156789 6.382982077231451 7.0064471905317385 5.639545467017659 6.379829609458357 6.354576655854262 5.901503696481679 6.444238677327178 6.403814081509208 6.893521722343597 5.9873958115025845 6.207245220833828 7.691502672491778 7.685579311284607 6.0858293185634444 5.832136967839349 5.785395776952615 7.042987290501205 5.801494755697015 6.571409110100447 5.598705252028944 6.654233054724748 6.3205131955704426 6.541761756801048 6.885574869394505 6.126115739589465 5.7192775737396255 6.597811610172521 6.255465038228904 6.6906252677156415 6.157047893963014 5.910776972883812 6.2587207119027815 5.605724447255733 6.012698536259042 5.90516152056006 5.654298432876717 6.07919911417141 6.207984090275537 6.10570051161 5.227271503658661 6.854040885594252 4.815958048409753 5.928987063530676 5.100739573297342 6.386469679988128 6.405180724488729 5.647495859444598 6.0039003471539845 7.088599051455007 6.8249468362485635 6.927686306467475 5.913247883376301 5.574428097571728 5.9152911584945205 6.030161034156329 6.047516104817776 6.548729283291243 7.710354636655169 6.2683857626404125 5.047446330229985 6.102367673467803 7.518388949352982 6.522953591280449 6.108210161824302 7.662416673724968 6.7908293629469005 5.721587414672856 7.447476997175894 4.9223938926944495 7.7685815160433345 5.822759199913481 8.001948882682205 7.018293600249733 6.036293273764851 6.662752233425859 5.049062804202377 6.339650247708511 6.251649949031139 7.5923934237892485 6.3059397535017 7.099746670368092 4.586595230847492 6.747279654237849 6.609847062943659 6.393906575062526 7.213454985784889 6.012401499573861 7.147723101252542 6.115330033001895 5.914660592286758 5.807056221158269 6.81411555060164 6.914342533985091 7.428230511321679 5.9055244335831 7.024465110100047 7.328480888435178 7.537633697780626 6.584760641387952 6.175473445820319 5.850213189870824 6.358435661008878 6.446157269383121 6.061555155020718 6.197269475512282 5.512425788234358 6.417064259172622 7.2758086990136706 7.323231200705225 6.215076647052667 6.12935342716366 6.728042234228422 6.661090455674963 8.448427638175016 6.655172054527434 6.10220817797454 5.204989548396259 6.083811923219918 6.431054439113485 8.5610212992893 6.11280070678013 6.166418301330135 7.421898659813835 6.440279520067957 6.268940605795701 6.672903305014189 6.419995601954887 5.453808900249972 4.620133407360889 3.762719545732747 4.1331394788808185 3.9787034404109636 4.900118123398175 3.7537229999162642 4.399976781845924 4.559517828383548 3.8672807951670465 4.402224581002947 4.3665357943113365 4.085188549759397 4.609378436660752 4.078431142748915 2.5834514694960427 3.347690060967784 4.501350639863592 3.3625906765552176 2.8519039392280248 2.1693086474749594 3.4006341931955615 3.1418551084565602 4.383327761467195 2.8982360427802356 3.702888467448408 3.124366533430566 3.0206700042744665 4.178396399639481 5.345800682939449 4.636581884371199 3.5525640812559582 3.544985527118116 3.824530591399826 3.055271887772792 3.1704261490536294 3.566046578983679 2.530199089253964 2.981544001252845 3.2937809913649896 3.5778795321401775 3.8295111628722593 3.72539489901346 3.2666967055424325 3.0397902379551005 2.6192916139209133 0.0
6.2117275065875175 6.227529055384501 5.989780142565594 6.74880011047435 5.111985889033465 5.956145128918751 5.965888774331489 5.52081325933929 6.105463450732817 6.071406342054626 6.6840105811439035 5.5879849292137775 5.807609136357009 7.214224983629433 7.3842708025459585 5.667927482492423 5.348053523411518 5.159532837106124 6.688037543250416 5.79565411450622 6.231009155490288 5.591529718602547 6.2833814850288086 5.845262177374472 6.077447976598711 6.145659556943044 5.602242239902876 5.356039755211036 6.040402487755992 5.892114884059917 6.168217293069603 5.848169619043384 5.311177636044184 5.5072809618807606 5.085955771666837 5.620848728792515 5.275363353159791 5.12717693968259 5.669904889201606 6.359932348018283 5.629151873429739 5.403540468641553 6.594131547242674 4.915713391535262 5.556301443027422 5.257064517239436 6.414044613914926 6.152503407990045 5.243695338526766 5.670408939477014 6.904683831555552 6.443635014588559 6.549983223142911 5.360753466756961 5.279566465889425 5.557305257909391 5.682271931238112 5.603862433763025 6.198676483855881 7.451577949240126 5.378315263927165 4.339526664454239 5.706006626659099 7.146745078526104 5.835023909380578 5.377629051900333 7.3301973962550395 6.431808741314457 4.783454043240336 7.168673906789133 4.290425818731474 7.369760946290213 5.465908328523976 7.620444285571984 6.608129209050625 5.706065568288338 6.331011476943946 4.696346126399961 5.7063365795331835 6.068550172619932 7.099324240735748 5.953731836950886 6.409597047639331 4.298150946148226 6.109664226560391 6.018359851492435 5.7663603351742125 6.617965993845567 5.356572194767537 6.51471707255149 5.405454200994128 5.123514131939475 4.970336409764288 6.634757689608814 6.668240614487121 6.910828218850368 5.587436439019143 6.611670350962598 6.903531633180344 7.2213067240632975 6.409632717711732 5.757347098570964 5.446187980479463 5.907035367966896 6.052132396130249 5.389298343761787 5.71788736086642 4.821423287738544 5.820680870465661 6.644880513343558 7.3452468686658445 5.9890871456841825 5.432702509946432 5.897044160844234 5.981129684482493 7.830060453966886 6.203423371709776 5.561775508679347 5.168441842293841 5.938502139008177 6.03754217213973 7.993087612807811 5.989923639022095 6.621408091240032 7.493020130046545 6.038942327878125 5.685677526716824 5.909509829925149 5.807077125725551 5.435703666628865 4.187382596873714 3.8415663675503278 3.950467278758077 4.3208820236793395 3.868419402911676 3.003627504869771 4.446661222809771 4.669164650815281 3.6611368125727686 3.8455935085714095 3.7427170156947023 3.8225057839263106 4.2129503649083455 4.364628620780263 3.163946966963719 3.2918844412091124 5.0280075194197975 3.6957771430331183 2.7245462341717137 2.80292401471872 3.630438707482985 3.302359404492903 3.938500117193588 2.5281933637973713 2.648073675907971 3.478535225401694 3.2581755484159878 3.533245070480181 4.708141862647471 3.8812195000714866 3.516504130495339 3.189188905378431 3.226347861747607 3.0095312377282757 3.094646882606956 3.764969976438859 2.680486966056931 3.179727459849491 2.8575748704594486 4.091467088537871 3.6551594764876962 3.4161056413105193 2.9204969420919245 3.7397281994089293 2.732492317042773 2.2352615216460987 0.0
7.297252045615283 7.477784947823551 6.481190957265014 7.3866412324600175 5.291913766327493 6.881409595379916 6.658518364783338 6.3779200041793445 6.830625457313932 6.881949615517789 7.422456160923487 6.426363924820041 6.484608645257221 7.731060812618168 8.23576672014359 6.430215840972383 5.929630719598777 5.7927504863160575 7.477644591352701 6.4781116013483135 7.283491489292595 5.761395371209146 6.987482617191988 6.5414103635560945 6.296266258776965 6.068790542612474 6.152002677633622 6.437552591192297 6.184592203784283 6.681841980988329 6.398674108203828 6.792211508198953 6.129578538629306 6.419642259444042 5.825651432673217 6.096758575300335 5.988514424015802 5.8989817163055545 6.854999318457097 7.001705397544801 6.6459317381793515 5.729020678044598 7.120896531638693 5.287873770473024 6.681061224925068 5.422006282462447 6.707894734757108 7.015216355811037 5.807362302044812 6.621007469013273 8.082422327190873 6.977940523392963 7.364488548547487 6.1824152682397795 6.5800343705035 6.403866643807011 6.645462581887508 6.239113975055387 7.021416913651292 8.963273626927128 6.50668677330712 5.64019284589315 6.555394359821129 7.6031636996611764 6.506214502951157 6.164659651428248 8.116203366275785 7.108194238415024 5.835357723497607 9.238877988627708 5.760981591343286 6.82421549177589 5.494925399769701 8.019415159925924 7.429625192259815 7.052474167911306 7.402627231544206 5.9109069419716995 7.88350586236543 5.865885076837592 7.796151014273641 6.568453288633028 6.50145864083622 3.8135931669401506 6.944849643667492 6.897250976716266 6.200731522111636 6.659762457302361 5.738845829963019 6.575015813758431 5.95742217943181 5.587975032973875 5.370324462606755 6.9772807502368375 7.344222007310239 8.723886925227841 6.776136941573878 7.436702564451068 7.544005869014416 7.445658785976989 7.631869541126033 6.815486677979819 5.714289819156782 6.7206245136339176 6.720842871143399 5.5389464306727065 6.383292308723255 5.140436909820007 6.735569007304345 7.1584210571153815 8.204498686505536 6.194451567545801 5.6869959181920855 6.452503680806733 6.0213909778149635 8.29955405898365 7.011477356713494 6.34196804106552 5.618210458859928 6.519753441145491 6.603606200561938 7.731537048703914 5.270609362507516 6.058573692896183 7.30938655259514 6.333751201300042 5.904378145234457 5.46729903582718 5.928930511632871 5.1080648771188955 5.89214976235693 4.578389067788181 4.407254909952624 4.848499618646021 4.874476777148223 4.143621386786873 4.204641041712192 3.4959148847231387 3.6780624541821885 3.5121660261212546 3.7012232084451635 4.2664900841737134 3.503390258332788 3.727510230040801 4.789083744009692 4.122653126404702 4.361800060668512 2.9685736031513485 2.6457268512238077 3.5292846698106035 4.052564605311503 4.189430149347599 4.083756200830011 3.3449065561966576 4.552965625800212 2.856869326517009 2.6152319711775176 3.1334976377129102 4.123870816189819 3.585839128939163 3.2987829505686155 3.387067053910016 3.375741985147949 4.0386670261986595 3.1446927582995987 3.0677760304818227 2.69279926355588 3.669068222571396 2.806896192573196 3.2028213653032167 4.544421548087291 3.970544766386512 2.8379159010389814 2.824892552292904 2.501349199679127 3.6291158974051267 3.565408188261142 0.0
