0.0
3.5067104575911303 0.0
3.0372061583026375 4.150660739938897 0.0
2.8537866624714843 4.3679777340429915 3.2563688486399602 0.0
3.575851268693404 4.634409076306867 2.9918660618505406 4.50309870762209 0.0
2.5379823839082074 3.4012170302125924 2.87897121928092 1.9218639487369404 3.897410153212866 0.0
2.56578589447736 2.677407910127514 2.8514885126144414 3.1714398152399186 3.992146724396725 2.3609443118867373 0.0
2.421092482357551 3.334059095607181 3.4803227979339453 3.361065660741011 2.985807548665136 2.6286634113381946 2.4970180339554484 0.0
2.9751689112031467 2.7043621439675087 3.5705033811622098 3.4785394250073547 4.445711455389831 2.4489951339196936 1.918252703429023 3.386688846878626 0.0
2.5614737352875094 2.5140244490652988 2.9495821440167274 2.734964149159569 4.053918826460251 2.4081545537262934 2.034152513236019 3.0006422986876142 2.0939636944370092 0.0
2.783972417556098 3.713411541985039 2.5369984469472424 2.707032785862747 4.249934468085776 2.0914832524610865 2.442462509204009 3.104767717951426 2.6594879214222584 2.486512943236838 0.0
3.4192781939268735 2.693835611792529 3.377908039164873 4.021541317688296 4.0260159159260365 2.817591633201745 1.850000289389585 2.688382063867652 2.1000661415952786 2.404945729891985 2.5368340938009633 0.0
3.3808469286805845 2.610010454538059 2.67540735500722 3.4948992050294643 3.879916892040536 2.338976555045189 1.6135425425396683 2.8912927361246714 2.1054119179413373 2.045861469935875 2.1997615344354817 1.2356402518531966 0.0
3.893387160657197 4.169655224015802 3.6515883996136904 4.085542927124222 5.134883784519792 2.9933434199234883 3.0905131187838975 4.72292694278413 2.5189584663112248 3.596718956101361 3.3481949051670363 3.7564714679177973 3.1511848304549583 0.0
3.4572514460768757 4.325402822867665 3.3206492301121053 2.9080698464140777 5.432359029774407 2.349523507543161 3.113046357233769 4.467774745096857 3.0636109059581735 3.294239577850067 2.467583162638056 3.899171159512613 3.2152979775106307 2.232309751738717 0.0
3.081633138097126 3.5581958015054025 3.026814703065259 3.253401377787532 3.124022784477151 2.149583735209912 2.83236612889053 2.069755095266083 3.3507697868591237 2.8068107186435918 2.6807426482724206 2.5659381185368946 2.3208708364907267 4.115578390517022 3.7315563617225846 0.0
2.7320096640249987 4.432284440364401 2.672090478878175 2.917157872534223 2.627759778075932 2.13098181747292 3.0236505647834426 2.23114788053679 3.3779987362799644 3.2417711501142055 2.66985907503906 3.0287620125840795 2.9633670764081477 4.11720760388117 3.8215424240530007 1.9731587779793556 0.0
3.0620069734841717 4.107488551543134 2.812179539714101 3.258906125542845 2.444565892801415 2.1957158424386325 3.230548072980041 2.50723993748232 3.319114159699709 3.027893797550494 2.952991422708976 2.9822629862592334 2.7884207260246474 4.005229554949874 4.028472030227465 1.782721047585232 1.3164332752096868 0.0
3.5689235979439693 4.304024381007022 3.522262264616835 2.457783519115121 4.741104500554507 1.6011772738013932 3.27474681676053 3.413896093302515 3.406724212106369 3.066120733427928 2.3153985163348074 3.374127184864905 2.862788570415035 3.6144083097043764 2.5899875233470486 2.2907682205450786 2.7224318236110037 2.674650941669623 0.0
2.5127458824406124 2.9252087835375793 3.130362847886739 3.561628312831896 2.9911590996244355 3.2035229280224446 2.8744570556427878 2.483267561766127 3.219570863764828 2.6907779530836726 3.3998946671047094 3.2576133652326966 3.1784331948184534 4.571189649020347 4.393896693015862 2.988019367635347 3.1190348848929483 3.3055269373897045 4.209695277950471 0.0
1.3126059590542964 3.2742383429303366 3.414106636585768 3.2857254100485256 3.564227511165466 2.95635394529505 3.06887144812742 2.8784183374646344 2.865402765229918 2.371026604532562 3.0999090560798086 3.5079576935000327 3.539821744421259 4.111691914210798 3.926094320846256 3.2969516320192835 3.154276527218306 3.15143668871945 3.945077567205217 2.3463491130186154 0.0
3.649504192053625 3.8095319651366784 2.7275665141081316 4.638985239607821 2.5207928822107446 4.228650869447431 3.394823436987866 3.308522606032243 4.131118897135015 3.534947954102104 3.8972429897785132 3.6368140783471588 3.391497354428728 5.062655293841129 5.166119808348118 3.5905253895906726 3.6984389415748624 3.7238017232308454 5.055140317953424 2.224462979738014 3.6058122676297484 0.0
2.443345560791676 2.267419174935339 2.981876710569891 3.6929292646476037 3.4545801109182683 3.0564915387658895 1.8441905610357434 2.330358015660062 2.568752461005671 1.9862525502035169 2.7458297555406173 2.247503515164453 2.1944813161298637 3.95857754331958 4.101263311259886 2.9558658627630123 3.3377347059115485 3.22196618982077 3.906496271791133 2.3998437750960133 2.4531687143071297 2.7405853043839983 0.0
3.499248296679309 2.602194104283009 3.048627218164732 4.377195818366821 3.1566781948744964 3.671799961454352 2.624014828492504 2.719012256074141 3.4726461874048713 2.615178427366637 3.470295353739491 2.4004466784749323 2.2732273597313375 4.743057800392874 4.88149250128013 2.914139105940837 3.603357953139452 3.305976123459118 4.375340238052146 2.804752808567937 3.4420223136485597 2.472425182582851 1.63068454421728 0.0
3.2994487034601403 3.4286016885526047 2.923971863116398 4.36164549168159 2.6534650336213126 3.8313163884798005 2.7337968904533723 2.7403326547764895 3.4802591302972594 2.8184357403890012 3.482209252151294 2.743273561635725 2.7014568779969594 4.66083819563353 5.01161164327462 3.1291452429879127 3.3198585900570565 3.13109156270681 4.549119143445249 2.8173878943093116 3.2277393416639746 2.2691289732520454 1.6373091899377934 1.3860677712231853 0.0
4.915381692667276 6.379325809250031 4.183198567575369 5.795424715207107 2.1510922159795682 5.3153354191737385 5.432824832743744 4.199278724407878 6.1483318056154355 5.677611393486508 5.522337058359981 5.443516827284845 5.342204446809601 6.504997591365996 6.753563207531311 4.324315502446775 3.7032598389628184 3.6441001684588414 5.850083359016736 4.8485781824936875 5.137826107232695 4.113103610694101 4.912351410930817 4.4825607464851736 3.8554658935848347 0.0
3.365496530483479 2.623027810722322 2.7569375221230494 3.4065403113593344 3.16348150013891 2.600152658593494 2.066534793198857 2.492360047173887 2.912188163825918 2.3485227146409624 3.224471299239621 2.3709241587233243 1.785042452420959 3.898792763284624 4.080978695405352 2.5023423285020048 2.9748263880198835 2.6808270144916406 3.4500367736541735 2.7786372205078993 3.557185483038785 3.0186279181763784 2.1142806357697324 1.8447465371468479 2.2978276500731805 4.630452578623265 0.0
3.9518604292452078 2.281778527772462 3.7089776276103583 4.383832282571115 4.184530467014303 3.3378320256333978 2.599253013495751 3.095184741980573 2.7842545818825775 2.751539388815007 3.188331814431343 1.5932961132317058 1.8834541895023802 4.506784917772543 4.600772437023258 3.255403934259845 3.744325789905926 3.4950615196153074 4.070620227055321 3.416358990828491 3.874792943728945 3.5978918593269467 2.449365984315676 2.1860465724479243 2.971061054750804 5.721827063023408 2.3419306790477306 0.0
2.9509590646782637 3.9511621038995846 2.708469723010737 3.8257026205364806 1.9350363373124633 3.0748537329842867 2.9314521126375412 2.398114678947848 3.463435679939036 3.1198084647894926 3.2386345225733764 3.086490719100045 2.8538898986512744 4.04399680782889 4.425474524947536 2.2542678291826874 2.2938310183998367 2.032375735798638 3.7121722761384404 2.931874207987948 3.0378914103627657 2.8504300605507624 2.4245214359448113 2.542643672101457 1.8541262097760791 3.063013442203059 2.4826056843090165 3.6836310044268115 0.0
2.615082177060718 2.2596846076822357 2.999725097748467 3.5478758327587134 3.910693855785178 2.8932406456768365 1.4732844514508825 2.8719731051957527 1.7795475304449593 1.6067993283264765 2.5762540414186175 1.875042634522991 1.8578154709804446 3.50274135883975 3.6648684381593024 3.2298502744446167 3.440257657617084 3.385456136868047 3.8542102709842125 2.746126806949376 2.5636216619722276 3.1248577997139875 1.3595115262085222 2.193518428475208 2.3200718798252926 5.5252518567824245 2.352687252691285 2.1272637523042373 3.0133339700609714 0.0
3.618964270120083 4.775738981929602 2.05737986496555 3.4094097904371123 3.063689271690935 2.911473080932718 3.3475782744259073 3.4117468061783724 3.7207016828820194 3.266825712572166 2.4498262264748334 3.1385420253239866 2.7419215615083594 4.112687141009509 3.8759407365891128 2.6008405252394917 2.0290364969256895 2.086708366090535 3.071642137944711 3.87476635284717 3.8308679803970103 3.697853083412465 3.408976860865679 3.3457874624310744 3.00004273641827 3.8365295887369824 3.085724391407759 3.7444452478689425 2.399711157319926 3.446153215194954 0.0
3.0375216851825138 3.5328061184411457 2.54475253962864 2.5866317090797146 3.8866827346767683 1.9503414790142082 2.6127208493391154 2.74815762146479 2.972379120743472 2.2133580066279297 1.5343241214966157 2.2899495853070952 1.9867521308136358 4.058056684551774 3.193167217841883 2.1252458184122758 2.2900412240647565 2.3697218699042497 2.1089434396878532 3.255018156341989 3.2605961966325334 3.796235707363694 2.842740095030034 3.027982050663562 3.3277564025410573 5.171896083915547 2.6633131617225603 2.6538705886589646 3.200139784995118 2.6984163169847775 2.1966333767744812 0.0
3.015794281501745 2.9881689483471896 2.820219048689989 4.2764170397528805 2.9106028980164314 2.8955976505382135 2.4470652489448166 2.813100086623588 2.4743415837586906 2.897789517144294 2.8945359703742684 2.1019452739360456 2.1036243269246144 3.2904871530826565 3.9980319337220913 2.7408550102095353 2.8183527499781458 2.4089609432041548 3.7815692865642556 3.167771515301955 3.002487195428227 3.0840132372678175 2.19527914867786 2.4581339817747514 2.4171187535888916 4.360546037824548 2.506093958541241 2.4668163239363414 2.235051047405793 2.1958400835968037 2.946616126044901 2.952986676239225 0.0
3.4283397706169483 4.654107518389652 4.058471707098697 4.232549296612427 2.8414329585908744 3.167366687272772 4.032467990541275 2.389451200611355 4.417395078292023 4.255282822140039 4.003598531957063 3.9073837844139514 3.9447905224211346 5.012707829961102 5.0431354402145825 2.463709181006248 2.3776883619701663 2.0351271923986998 3.6618821066511673 4.038718159176501 3.710387603726688 4.44536337317666 3.8156867091006608 3.9288996597882058 3.8116306230477894 3.4161394053627685 3.602922242853607 4.283409032798138 2.5660472311725138 4.276311647632682 3.5047808833113194 3.630004510529788 3.075384517009445 0.0
3.0294945856681195 3.29408795578904 2.7703142254579496 3.978169247606395 2.197820117818148 2.973289815224072 2.6221636262111003 1.8551295661029006 3.2324625057023026 2.948759464097668 3.0653443616861344 2.1001117662597415 2.2976051391471803 4.483560693781646 4.5843026236243345 2.033708283424578 2.110139730416898 2.0851794511424857 3.7456930538178357 2.49538641055697 3.143849219402988 2.6225661353677134 2.2756251450897502 1.8989760387895163 1.9522201520240992 3.5750053381158313 2.0778304678709434 2.4526398299046717 1.9110085739291527 2.6359568865146805 2.5525237590376846 2.527279258473813 1.9664839693650402 2.7455997100085874 0.0
2.82707562017278 3.2133376909777427 2.371227282923741 3.5540471301323753 2.710135841942871 3.1152226576353224 2.5413151191959784 2.673746676471875 2.928908102715686 1.981618862686072 2.7288308728356934 2.435612992512975 2.3008987926487117 4.296824126319342 4.357057823484208 2.796999912014336 2.7721438259526856 2.5158970267292196 3.8189172787377808 2.528924862665139 2.6223510953709472 2.39338700393619 1.6697232819336525 1.7564292638213854 1.3976586021024513 4.197426562027502 2.197956442993274 2.5739429716444473 2.1421942038417825 1.9056225538357068 2.4337730171882974 2.379748867988778 2.2282434919448577 3.684924125905097 1.9163122290647459 0.0
3.3829533474899267 3.2163776415638137 3.2660774360227807 4.308479369333561 2.2549365384561 3.2296659550636946 3.090110892179065 2.4711237115244864 3.5574053694687633 3.294074584393817 3.976930718886907 2.973166910059871 2.84848766272197 4.401849900473995 4.777378258911239 2.2625263400259565 2.7989402278359132 2.468882773205072 4.100481095484701 2.5632546714825737 3.3887679535751434 2.972133536713059 2.829450654522896 2.364829616338964 2.567836889969424 3.7388602421880885 2.099991688984058 3.253034668081085 2.0760467291106712 3.243628962564219 3.4139580688331743 3.4736293630404353 2.4737379876000443 2.9127293622733874 1.6475065676507255 2.7796987765311174 0.0
3.802083163653216 2.9334956440789433 2.9957751986266907 4.35020443440628 2.8848952235218412 3.206272138706692 2.8223796038126987 2.7446197700422337 3.202715345703465 2.9498796903683617 3.283655923524291 1.9084067551559727 1.8860902606687318 4.4045226428481765 4.636439741326126 2.346543294463451 2.9220236536739717 2.5522570069873565 3.8752099925212855 2.992813792713231 3.738592424933054 2.8983317945986853 2.544443949506218 1.695307485580956 2.2881011976678414 4.324577857299268 1.8752223389263472 1.8348769429131893 2.5496625651033087 2.651374913790595 2.832297362581262 2.6152422467463454 2.024994853826965 3.4492958299702763 1.293503300774877 2.172917321775583 1.8825638351596337 0.0
3.8810048227807146 1.874576471586182 3.87198033575238 4.781695218432967 4.110451952006252 3.538298162655126 3.005508066151895 3.401303222142899 2.7252336895707594 2.804790793720134 3.428823234132928 1.980817413645746 2.2203311437278708 4.2778480366697185 4.647240210292306 3.2929999787350317 3.9855319108796188 3.5008999704431463 4.274636592688266 3.314855347208362 3.5168520461190758 3.627593197677259 2.4216972790665943 2.2570144179013285 2.996774089133391 5.734600085049682 2.7037984735598712 1.3886468263910765 3.5635009670831 2.297740215980927 3.987796263317559 3.100412333099948 2.137271326764207 4.2390318433476875 2.587283690294695 2.669466523633983 3.0057922984172505 1.9205446646034081 0.0
2.6928793603100516 3.9636618826868424 3.9298482670487234 3.817872505719391 3.8560100912600657 3.7571354963484453 3.712212246475062 3.4656932847199178 3.811548440690481 3.7330752496453705 4.121133377890425 4.526034837997594 4.406306445783449 4.763932092408851 4.547450451608755 4.1545254630601285 3.871097867466987 4.250697450312293 4.901552462049332 1.837445009637229 2.6537117792811244 3.2846805584914214 3.5652137727063553 4.367490309928178 4.18008601339443 5.6265040250851825 4.092622565833164 4.7397233285465505 3.9467013351092697 3.7023001424717075 4.907623245271577 4.363485436626569 4.116587215248074 4.726535835796435 3.919975639526798 3.8535839887771735 3.8577545651527814 4.524623500921897 4.622296867642805 0.0
1.8968932255247801 3.2475610834510524 2.655654161153514 3.0294714207878743 3.1617024671567915 2.6094909977065313 2.964929525194833 3.197133023254372 2.8022271122944753 2.204488142546686 3.1226570415260246 3.5334319917737185 3.2068107959840293 3.611896517884905 3.602347499178065 3.2747505023326955 3.0030773522251386 2.7272289862648846 3.740622697554013 2.582953633956693 1.5505343333426074 3.337507042367817 2.611411272734327 3.2781487825123983 3.178879072547258 4.844474251598557 3.007310754603167 3.656599235329516 2.9219564456508595 2.508786698083541 3.423080412813169 3.0540299742598336 2.6488304627472665 3.665629695214538 3.079243993866033 2.361429723863243 3.1517547182919823 3.414691096845773 3.3849421858581965 2.9641726050122523 0.0
4.307235483559515 3.1932311279799537 3.6899335226225753 4.613224562579822 4.004656969971295 4.014037452672326 3.2369306470035295 3.6523755446432937 3.3693982841294923 3.260853355322473 3.6528990273604705 2.943844828584769 2.8925134458211725 4.924743948385004 5.114797198443922 4.028848255456317 4.141808737650532 3.9843096103192 4.777409331503279 3.0831044961297254 4.120655790138299 2.7005049761050937 2.865780841304589 2.9131712881371805 3.1151988805176702 5.742856633568461 2.9611268229542174 2.3181094068867276 3.92064402168628 2.7271068749562173 4.15489711346419 3.432951468604702 3.107995976767438 4.9783499326960925 3.1644014488770384 2.645096086158729 3.908170447152792 2.9055271529966875 2.76903626368337 4.105333209463124 3.7689964109350047 0.0
2.7164788260704147 2.8745936825821583 2.93606845720391 2.4666743016013055 3.755198528956508 2.5283461410312547 2.345876106889498 2.811121773597088 2.8041501397941375 1.827839952368223 2.9641515009559916 3.0854058161922233 2.6147036386783244 3.9651609338190084 3.6254026203866143 2.9318174239824435 3.1595187232310087 3.2408138080820112 3.390454770812555 2.0925281116749237 2.7668991164181467 3.3275749968108466 2.2698453321039787 2.7744612791598695 2.874690167718971 5.3514536934360395 2.045119663559712 3.328553083099423 2.990598724689872 2.473685741472255 3.426025121853002 2.7271451175126695 3.4672630362597885 4.327958249943311 2.914948837217405 2.4574768017018798 2.9458118117789307 3.111530793040546 3.485755019492436 3.140494826632448 2.6612730784668917 3.5304463303285907 0.0
3.89144260458909 3.363155541255836 3.5485674805799703 4.62050947611733 3.125423499823178 4.089862090350648 3.574532616932872 3.6056731576068763 3.633139705864234 3.473516147230784 4.223414373285959 3.6878005821222586 3.5508181077438055 4.948724889848661 5.302444363471653 4.102363679795039 4.002272203273491 3.806071335479115 5.1623996097759814 2.4212419831844794 3.5791974409787475 2.091393119016514 3.059746690729151 3.1223854547671577 3.122897863099531 5.085888373133612 3.0895555724415633 3.2135821734489745 3.6102756074111206 3.057786891758426 4.3734975134370835 3.9969991990877465 3.0870306771743805 4.648575769321927 3.1311132023928145 2.7464648088162047 3.3686999866384957 3.1509310178825873 3.2374123952653866 3.1186049320990694 3.063125118947373 1.8132757349158866 3.455939609147789 0.0
2.765192332044252 2.53754925090104 2.9417953987968275 3.5186857123774704 3.5934524508613785 3.0917998780134512 2.9371870046083823 3.350230951763951 2.816531562075195 1.9985134378035714 3.160431970939598 3.105992364012664 2.862428070365131 4.202548511681792 4.158612247283009 3.593476272821359 3.612441321771331 3.262422098848909 4.142463531309374 2.6679080878252117 2.3186850334769513 3.129367777139204 2.2302518085235374 2.607303287629704 2.8976913551206653 5.347620378455854 2.696400030994693 2.630782685449593 3.410465803620689 2.003239638242907 3.6551929030863017 2.847882026690772 2.6583975084258897 4.25645472061931 2.9759494303259446 1.9643443993473715 3.373711477944072 2.9281907719381977 2.4980316450657796 3.5351227697718746 1.635801697960466 2.801780414051727 2.652066951027899 2.5416488132356 0.0
3.389678901276485 3.726165602038386 3.7079083480740302 3.6243071416146013 3.174294688511236 3.3305208767614842 3.1078009658538535 2.3431444431833155 3.5323296973258875 3.3309976044372407 3.6070744830502037 3.380695647360023 3.3869751782562276 5.025668151328139 4.961326031906783 3.305633953817599 3.069682417232386 3.2506331408956064 4.210793274868105 2.3152050627502154 3.454595960938172 2.757263144235669 2.9321496909640667 3.3593949830677077 3.169744249183262 4.8466581795178545 2.921243411003647 3.3520724470303978 3.190189368898177 3.1454196518341115 3.9661106907262234 3.3809342358134393 3.3740952628535164 3.8034892620074983 2.8313087573695483 2.827774154588213 3.395638914018401 3.3315561685418214 3.7951987287422795 2.9310503871517253 3.411645456032343 2.3853381477360664 3.0333584398536537 2.2325374407920577 3.2694612285055116 0.0
2.7339133946507124 3.2997330355368257 2.8934063948540105 2.926245192104272 3.848914297677326 2.6656277539937583 2.415706440601914 3.2069726574669084 2.3551464402599067 2.5214428019878907 2.430356055113901 3.1949168606034593 2.793884724943812 3.2976082615500713 3.2556919059613016 3.47125385789606 3.3013145011381253 3.455958429365372 3.6278864793516488 2.471254192298153 2.7426235494572464 3.0379283207854697 2.4785387185331103 3.5016944881175265 3.263217665882821 5.601549336972542 3.030512205844601 3.446948003210264 3.1842770382960497 2.2985800892946457 3.5792328028621943 3.046163780753194 2.9603772144386475 4.4228884507837165 3.375064303482017 2.702063974620278 3.8136090139405847 3.6196031411914764 3.568636943696444 2.6289815688531384 2.583799291289323 2.7449032112741345 2.5052887240835684 2.743810135507349 2.682292707965644 2.4145079415108834 0.0
2.591247533587262 2.6914669401147373 2.974635704030144 2.7887519725997136 4.195862469366957 2.585531092894101 2.437752362550101 3.45458468603108 1.9891953667261384 1.191396759859787 2.554156321717193 2.8350157045221223 2.527536725240748 3.5307502515030693 3.2934767780695706 3.482545434702926 3.4647943807542365 3.3343821821995827 3.503003874491126 2.708200048633876 2.2454849900898175 3.627554393472192 2.315650661535677 3.1096669709256375 3.2157582783173626 5.946973239279541 2.7995310131665283 2.90641340600513 3.5507057803201807 1.750237769886088 3.5064813366136645 2.5063473885017435 3.0137045104478766 4.63435237405488 3.3011564219117244 2.2088998179081516 3.7249789574094767 3.309562059965742 2.91336043275254 3.4363020606947785 1.904735998093659 3.085424968055085 2.0632013452273035 3.1783329363528856 1.5199625196673188 3.3539631675192454 2.1758243060932214 0.0
2.6276658750810675 3.6018900739038675 1.948855703951348 3.0386673837029745 3.017756577427172 2.195664392226115 2.2456609347988907 2.955334962612184 2.1740585966270984 2.1940047100278055 2.066730870314201 2.3001301600971593 2.0134178560785276 3.0850362172078887 3.153324356081189 2.5811622947612256 2.0358470410413214 2.031345844962706 3.019362330484592 2.900372976844461 2.6970651700525305 3.086309526594251 2.58889963991182 3.008343735332463 2.769671066896598 4.568533085978391 2.6102370747551777 2.9134814025446056 2.4645217381429894 2.133502670274788 2.029027788234791 2.0516176050786465 1.9316448519103575 3.5357258050275227 2.304392149297425 1.882343168314107 3.0281415276736214 2.5450980374742866 3.043588138357158 3.6941635236001216 2.1523073334950946 3.097116725906727 2.8316284553469626 3.1201350295325683 2.4480120247260353 3.061213273474195 2.3099808051497783 2.171422573333545 0.0
2.6331709196824677 3.521473766453577 2.78451730948517 2.5249277763740063 4.006371082709201 1.7443365184447581 2.620881159998502 3.0523004859276375 2.5805995184731567 1.8666965735748888 2.038054028585736 2.7529995356625854 2.3676469462878327 3.3927100767787666 2.754609300224734 2.3390498973333163 2.5214811661280163 2.2716817419162996 1.9437518125615667 3.3186633160531955 2.744805454602366 4.00981637850912 2.969804801680439 3.547702317168097 3.6410572907808 5.433484622262056 3.0036714670734015 3.3351917581304935 3.219486378832386 2.7024258565585653 2.8298891446728063 1.7326108701435041 2.862292835887111 3.590929724807186 3.123466374500766 2.6245789301164875 3.6237749201276115 3.2965951314554856 3.402095663440785 4.059565928836538 2.3791363806713988 3.7441687812555307 2.921578859659227 3.9453042551418496 2.751293609124945 3.491974152521603 2.8151731616743256 2.2180165420646927 1.8617858266896725 0.0
3.9871633683269367 3.4349902930237888 3.384091266515264 4.224329371379317 5.52173415166547 3.6660741162099697 3.467450785927024 5.008223499680229 3.174078181479759 2.8629061359675627 3.1289801678620215 3.6447280454860973 3.097144521735574 3.488629465693839 2.920621091342398 4.351334968356012 4.762229209579752 4.643589445222473 4.134549735750822 4.097353465161567 3.8654465780409897 4.501056720971274 3.7646814068017593 4.131928816902955 4.609783384836878 7.141376455808266 4.075450259558444 3.764627978857562 4.895985405704637 3.093394272128559 4.3599687201485064 3.3636751610612974 3.8447930941020836 5.9245797454695275 4.4959742983489805 3.81038344445639 4.78135990722187 4.1212844866937965 3.543722903454266 4.716754508284005 3.414228149972758 4.208026158604601 3.7491039711347467 4.490023163759821 3.106232740305407 5.143475089550489 3.563848735091397 2.614324768943896 3.2639429945778042 3.15379819711288 0.0
2.937607643849287 3.4307129559000944 2.0632750061248926 3.467493570644188 3.700583441058415 2.7399512980403027 1.8708804517610835 2.9782017163550365 2.74029928859001 2.2821180522026117 1.9269151712740176 2.054764412323438 1.6057513737927847 3.355685767459914 3.1190020776486347 2.428066344430696 2.790941377932942 2.9580058488961054 3.095224804751912 3.077245326613568 3.269145700771939 3.138834169096214 2.1841773428636606 2.446772737653725 2.4233791864729555 4.879750342859409 2.488050679297092 3.0028915124094775 2.5217016762226696 2.1902312454093162 2.2619947262153812 2.1572377571005337 2.4978036858358514 4.07579728601491 2.37612641351232 2.1884640165928295 3.0627910066248543 2.5235061689504485 3.1434844365162973 4.235692277374474 3.1942673103875197 3.6182050028764645 2.619263581192107 4.022352034837189 3.227669474292962 3.7666458965742065 2.9185676076524074 2.7901929175431506 2.043844069832294 2.556890091792869 3.194714401100645 0.0
2.709106290032648 3.280218878428771 3.2596503334647493 1.8998247216945936 4.0831557429066185 1.6234256531632727 3.01530362406802 3.233529201726706 2.8961503257832764 2.2710207173592867 2.9082061588502404 3.6873612716133346 3.0438205915201837 3.3519118639922874 2.8417075656949384 2.811995169468778 3.1162231005309597 2.8413295386167143 2.4723200052470085 3.12460873728831 2.718060240729402 4.302081554249815 3.1458641339138613 3.797105838545427 3.957763755193541 5.6392515416007365 2.8141011891886865 3.8948459100685318 3.2974278520013494 3.1399180839564114 3.595721744418599 2.7941063794478858 3.484995349276287 3.7408446479596207 3.623304753495404 3.2555208081644307 3.4536648213397134 3.7389936133750177 3.8326729776681376 3.5360927707418157 2.24929646933872 4.279420836388327 2.177979630773343 4.046859219066105 2.82690481213995 3.597573752419359 2.6872529151341786 2.3720125409938984 2.879306145618817 2.278416955097041 3.7236504193690916 3.3696169548601516 0.0
2.7268053841145807 3.597863953337037 2.7333142210353705 2.8511518142233974 2.8268242983194014 1.624906250262798 2.5640861539700253 1.8099410048193876 3.198232071618996 2.916143227906978 2.66158488525938 2.7342256567667076 2.397638210188972 3.785995107093083 3.5107722812215005 1.2514557461057292 1.559920963749547 1.496975931915612 2.3271774248640433 3.041276028947987 3.1869306675835083 3.5904244963593883 2.8975112292279754 3.04598783483897 3.170029829653063 4.036645189303239 2.234717133859797 3.2333489857214874 2.149212458954538 3.101067153479644 2.545339714333298 2.2153352523255445 2.464096189018991 1.9724005378912364 2.035522417426597 2.809899189529614 2.2764341048297196 2.498421081107335 3.4387265687131117 3.913297877017391 2.887275921177887 3.943415525649019 2.8962617758038456 3.8569169680987305 3.342625745763741 3.012440404364142 3.173190999513632 3.3670677439494443 2.3242156200984376 2.345051568152469 4.45412972107817 2.6551529540203647 2.49169138152949 0.0
2.1133953439826962 2.4637322262133634 3.266527431087169 3.127915636302519 3.532329116515904 2.523298590184235 2.4765394058909305 2.2090792071382586 2.529408725832834 1.875339007355872 2.824574596906429 2.433536600169536 2.6478309799519018 4.376219550590203 4.0244524724720545 2.744200957406062 2.7848055827214075 2.8042106899905885 3.524898926791227 1.9920611138211473 1.9213248408796957 3.320399778957234 2.1676186375524034 2.689251769213762 2.9826395264344137 5.2336912633710675 2.630160539532508 2.4927963906532136 3.2178572045297638 2.081909568080065 3.5631697013616 2.3016893383743975 2.74149167160819 3.6288017551203535 2.306061785284511 2.1762884850696147 2.8827588396660038 2.6853577520695064 2.549566885392558 3.067845799289841 2.1445404129832197 3.095942147434569 2.293768441908227 3.000911950037093 1.8688195613890164 2.7459185556639847 2.8104888530271213 1.8938631497558776 2.4014378081184486 2.3879381629124667 3.5925516635122894 2.9202957981282744 2.779470308542166 2.691378226566744 0.0
2.4314232556356403 4.055587107838173 2.0418668375238727 2.768930664588637 3.005063854354032 2.6860507647877534 3.0490464189321447 2.947737848885702 3.327996536098295 2.5067000113500275 2.3509777553799074 3.1330237774494942 2.9603683389370383 4.391292973053699 3.7568806709810416 2.821899692063446 2.153736797775517 2.4628376712086326 3.417171997695606 2.7754531603380057 2.4976132233276496 3.1613780177376265 2.9225422835312296 3.130511394481516 2.9981897695220985 4.3549455174682725 3.129916426984598 3.4127136337320603 2.8874523891163926 2.7572861082616185 2.131689852965251 1.9493079960943311 3.0064467478179813 3.676083215067255 2.478318309409481 1.9998739082070287 3.35639195952835 2.975156538525504 3.6326646889752983 3.6196776297538578 2.244449755166728 3.6883421010652637 2.793430440372186 3.5487170778955606 2.4369494579487396 3.332515696747869 2.9621615095888036 2.4315091746857203 1.7751390053038523 2.4088792530050633 3.6408481696239448 2.5399804045366374 3.079622188897753 2.670203044352555 2.2143341588539003 0.0
1.5844686067706288 3.0928241578833986 3.009412981373244 2.329868423818584 3.4750545183735486 2.0650980425168117 2.495356142877166 2.6016026416179168 2.259681631593428 1.7610877832131997 2.648471173221534 3.0210936796029064 2.9064766142261607 3.6931828422335022 3.3759993708747182 2.888283009545778 2.580475041517523 2.627231408704148 3.2313839425735513 2.292523321499838 1.3517370888715639 3.57927008884924 2.4549590036683195 3.30200677699091 3.2176413715976158 5.175529753810493 2.8884501257403374 3.3359409261899344 2.969114354385483 2.1873969456527207 3.332538718882948 2.544979671114725 2.8563380281455144 3.5720042142097266 2.872458384803971 2.359161359382931 3.1897405710848 3.32500101341097 3.325732497832607 2.7354949187050974 1.3681688315900087 3.6299809360493565 2.1620879438225393 3.262117809385104 1.9855899807991813 2.9086421098630533 2.2595253897984224 1.5811811720698992 2.037267913399919 2.0856052436947916 3.5674315768246627 2.9841593130073 1.986706525177505 2.589399289604939 1.49335939416354 2.0180489478336363 0.0
3.117133333743868 3.099582440962134 2.2406737715221023 2.930843528247598 2.840388991468044 1.9499156911872386 2.4413257718314636 2.3699980420728473 3.036049102714901 2.4007318860900355 2.6012918331239128 2.4777011496607133 1.7923818344857605 3.715882060190877 3.515001550686174 1.4996100314424312 2.162686299039725 1.8697922857154337 2.559929600246792 2.6399318330206865 3.314946337317144 3.0485825347877022 2.5537257730925385 2.3627499009731134 2.6978150334506177 4.291358791036664 1.4097446214357248 2.7550020464344316 2.189531371218864 2.784836439456144 2.3292461004458187 1.9496989101790914 2.472932417974365 3.049394845522254 1.873538239246183 2.269438336896929 1.9840920389374679 1.8384806209277411 2.92154399295412 3.909682087197089 2.8089700607336225 3.3327396209661004 2.157331344778021 3.3755825780151616 2.868351957288132 3.002935938448158 2.9505677898710663 2.856222398113473 2.192404196823661 2.3771545597667405 3.8282611178765538 2.17556765111899 2.3719368280809325 1.4446643086495878 2.5515952640043573 2.5390610272498773 2.6647791970371837 0.0
2.805514690723514 3.5255626465186243 2.608117236288387 1.7570469249579983 3.845303921067185 1.785275937664492 2.83484163143115 3.1165011620310605 2.9175499488428613 2.0136612154056306 2.4281253312091438 3.1529720768067375 2.63527775337543 3.8407877723536044 3.031859269336274 2.643307974908975 2.528339502920563 2.6124567738647393 2.4918579783163484 2.8469935456385835 2.8997421693560956 3.9506114469925917 3.0883139447517833 3.4088509073709354 3.5983581265685434 5.335708145564461 2.567738145110693 3.4094998867075383 3.3064706777404402 2.939272811928943 2.7350257611075373 1.8194711071574983 3.491365695780855 4.021078550881084 3.0127052965542527 2.681972555676394 3.309974436865805 3.1480936961025985 3.6342992009132935 3.7190956346089177 2.494182342442167 3.91946002045488 1.7332222442818712 3.93616339784215 2.6545253376565725 3.505269966941307 2.8980659452201345 2.0445540618986797 2.3572522117777877 2.1749577312148745 3.393015180010755 2.7217432535287958 1.848132523387079 2.523121935630604 2.2743365462217064 2.04266383202121 1.9732159044295172 1.980993144038181 0.0
7.99954937413045 5.274822259121031 8.332517620858662 8.937740224895439 8.072070868950966 7.841268868316794 7.137411226454981 7.572463071617774 6.474233081902827 6.899788554604526 7.94747949786877 6.213905589274042 6.644625577576024 8.015069113049657 8.68775302856097 7.724028689310945 8.416824141344296 7.882769826926386 8.630990722750644 7.218121818706625 7.387278272404027 7.429492726460742 6.7241295450072105 6.383747345709281 7.150688381918623 9.661460111954323 6.913249395412253 5.309076052770451 7.973026376054258 6.279946367885185 8.545081812819472 7.580569861149394 6.4288750216622725 8.242681101888264 6.950293889582617 7.026619252568024 6.964941680375304 6.191796006653083 4.855576400177948 8.090994430689184 7.307018614686746 6.141177521749924 7.635318848479576 6.406106034725791 6.253825863798939 7.500189235004704 7.569712837782032 6.803407916417804 7.368982811624962 7.685943443585206 6.934904602483041 7.711817615670087 7.877687008238298 7.83370163628216 6.525960509709268 7.888580150134214 7.288362694731912 7.444045747653867 7.89024446538456 0.0
6.872678407897878 5.224422483945543 6.710988664270704 7.852271716555968 5.442314865411367 6.383868381636642 6.146247566393511 5.766596117279485 5.998979730178913 6.323905242291862 6.985131036369651 5.218898006227793 5.471597380539367 6.869379209768597 7.8209970686592305 5.623427708839893 6.259348419767247 5.464694187312538 7.037465593496009 6.30910829076154 6.577802017046127 6.011563806245961 5.798471232627164 5.073895097511659 5.580060466024157 6.373280208774157 5.286132284418744 4.727205712804963 5.614512678393105 5.8074754656638445 6.5486503851083695 6.411073352629634 4.557108247925546 5.264892833796293 4.963465233279002 5.757428281077098 4.64573677518578 4.388269370737085 4.298324365509226 7.355841799330137 6.173525266745657 5.6304290061373505 6.836181941907987 5.469676024687995 5.766398984863001 6.166481606846459 6.843045101144106 6.592262866799511 5.941814493382113 6.416964468729554 7.138251708213978 6.449786963189012 6.699430771435633 5.566906481960605 5.862158618028117 6.679484775985521 6.417962227047697 5.566844685666716 6.899968783335083 4.959957916766857 0.0
6.457937151864904 4.828551385295252 6.393694668487157 7.313588780390086 5.337597451188691 6.071296921347473 5.836389619795147 5.6902168827663475 5.386995356911162 5.5925650924888695 6.678974733525638 4.922935970609079 5.219185796304354 6.668717755704119 7.497752610896864 5.596101878723283 6.017264823480875 5.229911834327575 6.808659357081673 5.740794269671874 5.968468520429614 5.624333150969869 5.539592931819436 4.954480875913161 5.419326636877367 6.697129536265414 5.095024683132866 4.330424218236489 5.6910998378933275 5.266141534152849 6.372343036185434 5.976014784005983 4.487286583897678 5.592516548711983 4.87395206158455 5.2140928686845704 4.704067694177957 4.302044069373736 3.951780554626274 6.724290637285513 5.476921551520962 4.864042807817026 6.327566975071041 4.613736192829793 4.939500412929862 5.59764354537846 6.289154587304946 5.706490274262266 5.361347493865418 5.770845029303162 6.404915636539543 6.259792452136159 6.2664960279675395 5.576061141671383 5.117964273745142 6.070262035901063 5.691563910454087 5.410265539071074 6.303082960856289 4.273655430438827 2.3080794791646393 0.0
5.29963167604592 3.5774655857818223 5.616063730855151 6.34186190918593 4.989220978906558 5.198705677004154 4.468143846960097 4.56144541032916 3.8734644445420345 4.22428777400947 5.137143311743632 3.2341825654013476 3.895647697961502 5.71419156311024 6.460856768853733 4.680454624288744 5.203493612281641 4.629236324759463 5.843392724089543 4.67277935848932 4.705739984767455 4.765500413425809 3.866724591164531 3.6404525229623204 3.933426334840588 6.456106179141398 4.2604784577646555 2.8930104290193785 4.608410270664421 3.6212760040997156 5.309794494576366 4.776622118450358 3.4092387017695214 5.144955220218653 3.8130299608631524 3.8440488278060054 4.198183133559172 3.3331958341650063 2.4102105753487484 5.851106687456413 4.775788091583025 3.6818995490013977 5.091982692661345 4.082974484004735 4.001093973941593 4.629853767094093 4.947921024209749 4.389464372687019 4.330551068226439 4.820108221661091 5.358567077699627 4.77020181833076 5.466372316394428 4.903404043291768 3.936412067391868 5.0475921743926655 4.609988274642867 4.646297873449581 5.349868147278507 4.033406034586599 3.69372604186203 3.0086287482092073 0.0
5.020352246611019 4.041344896070291 4.314062083048601 5.446075643857683 4.527085696661756 5.006996348567096 4.832403617362613 5.269617908196888 4.325664178106401 3.610635364295018 4.661597694930317 4.356275607718106 4.048718846549223 5.280739980831994 5.679027836007155 4.714340961329417 5.2074103874140105 4.518724143379252 5.552247465756204 4.3347724915822585 4.179184210996083 4.153544104106471 3.8206454338852707 3.46164325307281 3.5968415458694203 5.995830447753664 4.123080546525343 3.9918288065951093 4.181299387342358 3.7511035491182625 4.3676042078348285 4.4313458742185645 3.9212455627785086 5.659258777321884 4.229917443059804 3.1892939393116353 4.299751627923005 3.6708126070856895 3.344765461437735 5.46719333260039 3.7892096907039616 4.1675560786381345 4.171720464428116 4.081799257058269 3.1194566285658376 5.153836250001601 4.437757761103839 3.5347321300375634 3.989624003540918 4.506325979363695 4.160168489278989 4.259587644247462 4.465564808615777 4.9886417130670555 4.18064348322694 4.091953438989438 4.189794712224863 4.1321614525096555 4.280630900189993 6.205248104330937 5.878802900780182 5.230642028026716 4.070723212891237 0.0
6.0361173647886535 5.055485074745573 5.62930240122573 7.435992119501961 4.1202441489277835 6.163648777029764 5.723566930493263 5.224456682925533 5.694712247032668 5.686928780267529 6.2397251301797185 4.791875334545421 5.033774394260358 6.537963876233384 7.410756795544957 4.9402454686826305 5.527804466303085 4.813007320593777 6.7643494347284525 5.267269085422963 5.5909704041501715 4.591927273236449 4.917134503014986 4.069935168912043 4.235279773161195 4.910453330168097 4.920474649770987 4.6247671527385235 4.391863487084811 5.1961599594788 5.477319968396245 5.833776868987488 3.8416366032204556 4.850823815856987 3.995222780089754 4.624525227773169 3.7788066444587587 3.6503343634425853 3.9011312591556435 6.4671852724310765 5.397338878042357 5.147683510242397 6.105308936242636 4.7753556532552865 5.1344107263580785 5.675791545717706 6.1579571555970185 5.9772570016021875 5.157693439901376 5.910675668317004 6.484734886149864 5.386995855568251 6.36247870915597 5.17601641632462 5.279469192585647 5.644749412273007 5.802932321598799 4.961777528216374 6.3117467392322135 5.888447555694676 2.875745358901152 3.495738023975514 3.55174403897421 4.5728354190176965 0.0
4.372957586838548 3.8987401743361314 3.140937331352826 5.313453473808372 2.9491916048665714 4.212798214133384 4.0078938706583305 4.218208039492849 4.030867558384946 3.7565747680399575 4.279334623042492 3.4384591597783056 3.1917823301013466 4.540516814994057 5.145718841676007 3.5230645934433245 3.832573579774328 3.1702317908708926 4.893197908063129 3.8581786614899056 4.078145078925304 3.2837263644141017 3.5412838556111144 2.770299665828343 3.0062227295774275 4.218033790629581 3.183387923014795 3.3914241489819426 3.0736295635368105 3.5502873210730197 3.357693166309629 3.835953291640584 2.4091682276804933 4.130273412077342 2.684295324871319 2.859258683091059 2.5874563362716927 2.181183606356079 2.8434846464877066 5.095067881238129 3.387862626666977 3.9801908772123005 4.176529440537304 3.6104084322695185 3.2326937274645577 4.639940846023121 4.433712301978492 3.912672111507497 3.0252550919228085 3.940217752915285 4.177357389763212 3.3802439606469834 4.402423411650746 3.595309923809742 3.7303916317538133 3.4942083748024078 3.98411266663977 3.0089647493746994 4.037196251840912 6.4248125364869395 4.314579471522279 4.1424619553566195 3.91022314250103 3.124404303896892 2.9585124237292444 0.0
5.097999040088196 3.7151581165676504 4.88907886514493 5.704853458342614 5.884528661828674 5.13709812972672 4.5342005826140594 5.860810502037727 3.6700316308891177 3.511201397452349 4.766155311710937 4.340660105493545 4.103867136260163 4.5855984129200635 5.208061811996649 5.555817736921656 5.949098877439794 5.368245263756993 5.767797704514464 4.975581099315208 4.388258056676674 5.045156304859325 4.008574066751938 4.292289651095681 4.520623321087386 7.535701098080311 4.642197103904469 4.047922992998375 5.25624960588786 3.4050829175465043 5.367912281921023 4.85300558763809 4.121317296424794 6.5554585615812515 5.156407052790729 3.9424434543180844 5.331845509604212 4.603273476187913 3.45222347385107 5.732125767175837 3.945628395457482 4.243681972053633 4.657590795339651 4.454685724756646 3.1857716027452456 5.633865582229076 4.368745891882392 3.1887000677073085 4.190218329281065 4.433866619782506 3.2656333445285104 4.570502671097402 4.740869024635681 5.638864602912428 4.371816190876907 4.832721197829239 4.321471918516437 4.956762336751299 4.80754874549229 5.54589932766461 6.364582077228868 5.371359723830793 4.100109266085177 2.793877146094042 5.7491151611336955 4.218651214985575 0.0
5.774747709296578 3.931538409639505 5.479607468181622 6.683956807431988 5.3654293094880385 5.977284054853192 4.921214978548653 5.344797087526997 4.865670440472739 4.255799724662837 5.59828422039319 4.1425052571646725 4.335014676342942 6.421228479808186 6.943752370949292 5.389043526628962 6.06656295251092 5.417890724131757 6.513846327285935 5.039887415069945 5.182875770693889 4.495271585715683 3.9301494397965304 3.3066998041802527 3.7419327821142927 6.681692867399304 4.421624084827592 3.4833095372785707 5.048082228129239 3.8586064696359577 5.5884181400552535 5.147208706616607 4.220214544268092 6.162739123150122 4.484139049486377 3.7129927060703025 4.850740083914958 3.87490475112776 3.1579936505474038 6.392777262152353 4.983784157286892 3.781956755922557 5.1961223539616865 4.231907114832398 3.8664330949766597 5.250873243567128 5.364195194278587 4.492124796218218 4.8654228548251375 5.230625583961736 5.1828799470551985 4.898717403128961 5.8799347410162675 5.666146397394243 4.516262754536415 5.246184999898755 5.177343508857265 5.007812699984942 5.648222268824784 4.740756746705719 4.866678051679816 4.073128325397566 2.7101690298862495 3.332696149055487 4.115354095062148 3.9518992611898764 3.450101213825763 0.0
5.683503230379124 4.507592825889949 5.953560075925001 6.514592170115882 4.4299179520589815 5.227466702289722 5.130093124832267 4.475375970812107 4.932371387823916 5.298952489862125 6.08899168565495 4.357583959943122 4.717639254324911 6.17909934368566 7.0093673753258425 4.706286737257766 5.009797228091846 4.347683821971667 6.083560293885123 5.209653834877053 5.4128361080726375 5.348529627998682 4.8576483693133925 4.354668524778384 4.689751063845393 5.5381266373911116 4.264635520280176 3.9405967679191694 4.610140689325704 4.839800036882805 5.632425763965325 5.446782144836769 3.852535314187779 4.139812163998424 3.9216700744307413 4.781260116028026 3.6599006564954237 3.6302610910011794 3.7535875118302706 6.176994171282136 5.109493992033342 4.896968399553683 5.6106524654355585 4.609204118792342 4.812100516698349 4.89410387436457 5.796722655958739 5.516185659651636 4.956916193851704 5.502784771916588 6.693533117291491 5.699743716056055 5.544413246596889 4.471656630521138 4.641828224197355 5.56800133087062 5.098522772095507 4.624293857926986 5.687819752165126 5.286487311803757 2.1390338926759322 2.5191585838864627 3.2288364410081987 5.443225526113211 3.430258815516695 4.087804926821237 6.035401593143546 4.8065672909576405 0.0
5.277674698962512 5.632108119670621 6.2929709802944975 7.25588361088969 6.195748192823893 6.573807819799772 6.401480555123475 5.9859665562652475 6.220753127854275 6.0700378602357885 6.05481252997728 5.934162581584713 6.391042744691823 7.417778247567261 7.152720714506075 6.374404815676511 6.399773380746816 6.390646498327855 7.36676326162447 5.623869465387115 4.851846878411782 5.932892042858399 5.644029165775475 5.766585756370552 6.0790054849054185 7.256223556476819 6.792490084669216 5.651882147515818 6.469165215680402 5.561747363219402 6.7110660466213545 6.042135223521427 5.42877570549989 6.328861911541665 5.6154371622350086 5.702025652898486 6.168332074257041 5.8363848599842285 5.1315520799962355 5.974933373305347 5.33703918988015 6.30421928915512 6.734346022916719 5.9614448843584915 5.039098047053113 6.6405871534273775 6.4034444976862765 5.793380692649054 5.89604784179727 6.206278427074882 5.826153125028843 6.249655602871875 6.778903288829316 6.4094702656323275 4.977949149643831 5.324535253387759 5.523838824739423 6.55365501145474 6.496016065593749 6.716495158500279 7.031621866625685 6.594686921252291 5.756478900188483 6.026790177092844 6.006780800469732 5.621687549373822 6.175738401682779 6.148267299458724 6.688407445483811 0.0
6.039036909430516 5.028757661739739 5.421775390907859 7.154480514111342 4.813898996324278 6.033610019952269 5.340071830271346 5.2127762888528455 5.50139734651479 5.582718090285269 5.967866621504923 4.309412432838783 4.794726929342152 6.8447037883189 7.283661659048588 5.429272874097794 5.438569264111692 5.157537862574114 6.808149474406458 5.342148804072137 5.892614151267554 4.707858556645993 5.067676668063956 4.226218997440902 4.70445576008669 5.812527395511005 4.856360938057106 3.680074317628274 5.420416262506554 4.854749217045003 5.513884715009561 5.2855560914914 4.130366155973964 5.5846822499670115 3.981289455276091 4.60419780477627 4.572284107514429 3.598064700250433 3.7816608770817615 6.5197569759026255 5.5153308627995985 4.318968943999497 6.1144150521797735 4.410983883485185 4.7402752862815705 5.351326465949375 6.097189768824215 5.602255663708025 4.880394618213975 5.7652725394322495 5.993638563363408 5.384833175735897 6.682566494824673 5.362498406619073 4.75563774650655 5.169457351004319 5.676600167238759 5.124762458449639 6.010169006829946 5.278976763371097 3.8733991219700514 3.408503486780493 3.7026963513287714 5.488270395037958 3.688516175536679 3.7026545932635733 5.847027956149939 4.190868807878365 3.86931051816489 5.476479901838262 0.0
5.173832860086603 5.523429610601721 4.3436046660463 5.81297533396269 3.765462090015721 5.458089040243048 4.881110440007258 4.934344389121277 4.831886402700681 4.460068396744372 4.810830487787734 4.413622408959617 4.413536605404614 5.721682101408781 6.330698113996583 4.64097771787516 4.575692277339049 4.2626673152615755 5.842326430937631 4.641776107653804 4.700583030729204 3.9521246700667243 4.029857605590413 3.7620365042871753 2.8374153690637645 4.474646553551435 4.467166172621897 4.807890248156166 3.2165423234711916 4.259457995610864 3.596045400523451 4.802639019550745 4.025329600068193 5.2495002322005835 3.820791723636084 3.1297722869108657 4.296397102974573 3.9059071827257155 4.585293724520522 5.7762480519539405 4.695975392323031 4.671513108300099 4.654114076321402 4.674236195943717 4.603349956072635 4.925297262978705 4.732766669198546 4.674787043477407 3.961711348538793 5.043852765688338 5.847940510778534 3.9883894300712357 5.463159222714051 4.9410559405599495 4.88837996939142 4.201954830172133 4.771853883420308 4.432287824921326 4.9802835495499185 8.116325027087553 6.5541920038726795 6.299195332365243 4.704984904908755 3.4667165319523034 4.648906684264479 3.7938582957382767 5.07937110307459 4.554616261177074 5.833139300262159 7.135685632540547 5.8472024989008755 0.0
5.5805712125197084 4.784909429303059 5.185301328776219 6.454665973895547 4.28846508540561 5.784286408357409 4.810910082692591 4.759424286189081 4.758306117453601 4.543122674111819 5.483578001210184 3.8670390235175627 4.359124242026819 6.5178332261856085 7.1422460603237115 5.067796327386378 5.081973253910744 4.6828604268836065 6.430237367490667 4.666379039313841 5.1070907396262255 4.032781152571869 4.077173933471209 3.4677480953282878 3.26608854163922 5.4294334187658055 4.282143235908141 3.5834703309494382 4.385486104221251 4.00412741723541 4.8317747756163945 4.94788569526956 3.9462603182945384 5.504622518480537 3.6579505241551757 3.3190070542517813 4.343972891778823 3.449569488906522 3.648431588590321 5.993500774121882 4.982194840545882 3.5009416566783393 5.099207976855232 3.7743804268265606 4.196754874286592 4.413679290566224 5.168749465997155 4.687192538804565 4.301433810988972 5.237392952734025 5.990882266829981 4.760042779000889 6.047293552603082 5.230873384176688 4.322560909573028 4.688227970920817 4.937449087916052 4.763558825033972 5.440853703583845 5.86495736504386 4.879396475191526 4.027891723219024 2.7265633473304574 4.100422145511597 3.8583594564549757 3.829955955882439 4.817413338776068 2.7357407852720805 4.214920903212543 6.452251050870314 3.450343617300471 3.5324504818205478 0.0
5.136309919951953 6.828939853573183 5.109126336775063 5.805323883746079 4.1294327888672075 5.818375329691459 6.284762619570766 4.882927930407793 6.567938688962375 5.806870193162229 5.223362556609978 5.919216080179463 6.04453858092901 7.510735104389451 7.135589266175302 5.083893369794991 4.512900606573555 4.549559228872581 6.073547343942163 5.4112328172559785 4.960143680658775 5.1841185863952415 5.294062323716206 5.212136462421629 4.686265182568896 3.922349708790286 5.879596062969331 5.993747224912438 4.421132322662905 5.822867458471858 4.252758944352388 4.999811231155953 5.319529896765042 4.503408235392711 4.575509823342558 4.445531099431397 5.476646252756424 5.261958630037392 5.994459958801754 6.140352985851091 5.233516387969535 6.083714617078923 5.834431972075903 5.897134711980296 5.345358401378203 5.424510668534099 5.850760923747177 5.852919206742807 5.122642513639212 5.590800191198098 7.173439483069101 5.4795467106936275 5.982570148048081 5.103445562130112 5.235415153003812 4.119444151682916 5.2314590885848915 5.31601050000255 5.459703027061994 9.771155013038188 7.8137461919518145 7.75018667617798 6.641093979334615 5.694351243574659 6.221432561169376 5.491110500731243 7.402436753347386 6.768394656910469 6.848105257779447 6.142946599442998 6.704710002067698 4.634896298358732 5.819052067439535 0.0
4.651227205996692 3.9836148276939087 4.01667468095149 4.950848589885546 4.05347024666739 4.758576748713301 4.57525126004271 4.378527373906863 4.746779933852902 3.7015728159507058 4.406436810197559 4.110531049088143 3.96585404095592 6.087391296399915 5.908290745251726 4.339121819593217 4.676069350243288 4.317632289410528 5.428089542277235 3.9524140928190206 4.166453571952036 3.7644033337379126 3.534015621346708 2.753060706803787 3.240133613153583 5.286110263000476 3.6553168951197637 3.3483648236065533 4.0831509948727875 3.6474626538606456 4.0223479399183635 3.7899311764011565 4.0421410056001115 5.07580794496632 3.4864032778172547 2.8875097890674803 3.97711092621099 3.1234531049850016 3.341403175013527 5.2696339059510695 3.91165444721603 3.9186090401858835 3.8445292199840533 3.966264861697158 2.9038221432659572 4.567928934862562 4.553254939941241 3.690529863597633 4.048868574521156 4.602443712342063 4.660534382687687 4.126237323346488 4.505739504537916 4.446056782630156 3.5868009012658337 3.358665828482634 4.007420426191302 3.725416363703356 3.8461792229525567 6.450117378266492 5.9350779866865535 5.51122180812633 4.431470539169445 2.6466215047115984 4.8675840592280295 3.4671591911005115 4.394745442000748 3.758442316023588 5.169406099734311 5.39851789043662 4.7686279117532795 4.086552386594872 4.022876306900017 4.617685258808892 0.0
6.324932884231868 4.35430260277418 6.0255821872227155 7.610533817868682 5.49589870449385 6.4202239105251815 5.787839056657395 5.873644085036238 5.502181579929161 5.4854507934441985 6.312925561180961 4.786712053828537 5.071123535388333 6.739635003573312 7.377109660861876 5.734776422058469 6.4027620651347865 5.7626383308543 7.112735359628198 5.378964289796175 5.743259677577105 4.923655514818464 5.064828544402604 4.366263183019647 5.003171100412721 6.8904340368050185 5.269207616706758 4.067563723509049 5.7366462995262255 4.943861327390022 6.340538661102114 5.868471234202205 4.3585423556851035 6.209480503620972 4.796054630491799 4.925888463759493 4.859115351437975 4.116369025272526 3.3274714179084524 6.509898559188207 5.480097539215845 4.505453631206046 6.236529173960549 4.447753583041664 4.626740765972422 5.866119672672684 6.0948913926869475 5.522169962064706 5.420893449600805 5.930254552747284 5.558147214725855 5.761538332991491 6.5427880643692005 5.959887306965755 5.039765668813792 5.875547377464712 5.84571168527785 5.498661450669139 6.39325884883932 3.6946040164403304 3.4882991374257277 2.876170135130237 2.9844822998630813 4.380771065513453 2.9897107617762724 3.6854123878393428 4.5973453396930415 3.0825660398768004 4.183767094372939 5.201084064143841 3.084727036560011 5.872979440132237 3.9511311890745553 7.392395896211303 4.72523010515571 0.0
5.707726125411232 3.8319941549840064 5.75229337054251 6.829091956911701 5.827832381032555 5.844634732871386 4.999196124316348 5.736105104139882 4.23553772904657 4.384907495953523 5.544763435635168 4.034609121761797 4.417749975300498 5.800552456972626 6.508612337454196 5.600839677954753 6.117066195119094 5.5491790252116875 6.506754658205235 5.1298889821129565 4.973366514179373 5.11978445374749 4.411696168957632 4.2109775306675825 4.613423116141603 7.416942276708262 4.983615038676502 3.629896287431992 5.518560085985863 3.9019546359467934 5.888819857433957 5.2973916551246845 4.099589337945348 6.42786465503858 4.78779613052709 4.308652457169548 5.055024868940423 4.160403170230004 2.904722716692733 6.198352776044176 4.874197925076785 4.2095875401633895 5.483176279538689 4.48324170992165 3.9703469613131777 5.680703470782188 5.3437291590766876 4.334888268982084 4.716839628865234 5.1733013410002915 4.568547860388497 5.082334763750499 5.889678127927794 5.866802373640037 4.422782082614161 5.339753958211099 5.004109324086241 5.336279043621703 5.67185999421785 3.663348129788392 4.808713976990256 3.689796104833293 2.2469863531535257 3.5678912808864736 4.289590149999832 3.974441085311237 2.833106840114527 2.4211242042048764 4.763672380990511 5.406651566793075 4.133764371767318 5.1703460996122885 3.52007270578444 7.430616320872746 4.534916518269761 2.6151517512459765 0.0
5.8377580726276275 4.557211232401771 5.661960627488668 7.19071666305883 4.300583233424753 6.154226628301439 5.576678039286007 4.9968127343725515 5.713229503855328 5.611348243578221 6.348791623624988 4.943068153903249 5.217218785411977 7.0101956743549465 7.578521870579679 5.4410601403173064 5.741347611329904 5.256317148386791 7.083523054778459 4.735338193694553 5.474009095867936 4.0899210393968195 4.805009702802781 4.07599250475576 4.516130798481227 5.556049213081856 4.787317734013114 4.138794132399852 5.1245871540489 4.9651960090982765 6.090006051467171 5.802794628554251 4.181339250266101 5.296730273814854 4.1584374963387285 4.622048433483198 4.198128508392657 3.902130818811518 3.823624218833911 5.709812484121593 5.1475843593818045 4.107779037808851 5.908634328368987 3.533011840878108 4.467881879659963 4.794318904860817 5.751544544493014 5.617571282441863 5.254162424474852 5.95986861382713 6.344506337570068 5.826637966350856 6.31915576154101 5.355861021768006 4.723512824904456 5.509182480658746 5.515908885633307 5.1234801243028505 6.200154548194756 5.083609593495572 3.3751277089819167 3.039431751742499 3.698952897220946 5.119717775908564 2.98959784073468 3.825456722275376 5.769340688699054 3.9799729556960757 3.453996083634141 5.41809815589973 2.6984781834782434 5.861714220082197 3.7764610388464095 6.611416584168768 4.658621672769774 2.5546552413616608 4.296788949019851 0.0
4.610085059466212 4.775661951025046 5.0525716201225475 6.395322554674867 5.133911011420797 5.376607807877794 5.357180354873781 5.379849899991305 5.073641382537152 5.24164837699424 5.37654427822669 5.0197364842876055 5.256298728816492 5.835740915398347 5.963305583574505 5.524216026048423 5.34822558636178 5.174415370359776 6.372101228726357 5.016853733944569 4.354298767569633 5.219692827196237 5.0101983990798855 5.037466254828007 5.407272319911802 6.353198765320173 5.547930151864084 4.7206895008320355 5.555875077231638 4.718517422372097 5.702039707963522 5.2336941741168825 4.089060213366083 5.387849739216301 4.691614433927688 4.928500758003569 4.9667003443029385 4.729738229796778 4.179221935490924 5.38856130660167 4.136624103899016 5.474361578684894 5.903234239062506 4.922030591894714 4.017850123148882 5.95331182014343 5.575827727366299 4.877342015521757 4.648477406174077 5.1758732366454305 4.750080664535654 5.392889887430284 5.70261245927165 5.272213747193959 4.270718360108505 4.562921567872798 4.65486726290398 5.374898735384596 5.483499547434966 6.162571115031562 5.661161066239606 5.170754809701563 5.1171361592574645 5.373267832769062 5.090957669322164 4.08816275887842 5.235238072875396 5.673902962437682 5.366494722148891 2.789449017926711 4.270194908263906 6.670722138709054 5.843605963747239 6.455627417771082 5.078312803604031 4.368555081615257 4.702127435632991 4.484522106497314 0.0
4.992644045593738 5.0490072378196045 4.054315590441326 5.968813762196937 2.9379774247337145 5.354409110839285 4.98361270062537 4.68922456792464 5.071253731927405 4.8729472262245555 5.007605334489635 4.790703861600649 4.629575484221848 5.7694764748229606 6.421437196019015 4.836872875251609 4.692591311806275 4.240591531094999 6.115512085201185 4.195604257299224 4.604921497544536 2.795350837720292 3.9975408480069223 3.768042116897029 3.2683593892226654 4.097153071759392 4.34536700002436 4.491830220109235 3.515445008245073 4.323907711092227 4.350974134469852 5.007582223458575 3.431684623494687 4.735939208344829 3.803370061991681 3.338203594604107 4.1728829207063844 3.8598425732571293 4.233119470925905 4.9004834846967515 4.132035859968087 3.500872430384329 5.05117798915168 2.892775992669971 3.8903613110400745 3.9377749744148747 4.134752621271371 4.741194436461481 3.953137867553125 5.031325355286478 5.745906993984258 4.693861864524257 5.318769939889789 4.667917817262608 4.700611777076762 4.328306432564979 4.699336405058015 4.3655873439352835 5.3277769687051695 7.39997317604692 5.445029973312388 5.215110770707498 4.637401877487275 3.950999893595129 3.9531996836208645 3.45360226793259 5.110599808751295 4.468814934644285 5.063113572355797 6.25097361780419 4.833648330295525 3.627295618951371 3.858634134950898 4.849813665104467 4.17746267765937 4.705910338539851 5.131928284141164 3.852259938565667 5.444474461172796 0.0
5.911569630403725 4.375097719417136 5.544711467767951 7.139848348458173 5.178427187189306 6.2531398029714405 5.498545963702003 5.7748010343647715 5.198741172288458 4.872173383177209 5.82192197537676 4.703939270468338 4.809144200587871 6.297038043886179 7.060957971934795 5.594831273656645 6.232783687155006 5.494571559054611 6.852382387975244 5.298326252750022 5.174895993134519 4.694131300941636 4.297834000911827 3.7268485377002083 3.977255126247621 6.364553100034801 4.943493127312479 4.200952147506771 4.918534153990235 4.388274635715881 5.618960231133556 5.6177129451661605 4.094107200864362 6.076908201933362 4.66656296984606 4.10131646827542 4.8098887739918395 4.081629903843374 3.3551182797064905 6.514320904095039 5.0014090455058975 4.607137636628861 5.642420224829698 4.643290087141287 4.178095965945046 5.901738627444072 5.64336085468345 4.958247769177855 5.078089003553317 5.678129432721125 5.36353417474925 5.145616343369987 6.058139721453477 5.8621822800156504 5.020096915276014 5.441129972496998 5.461565440535352 5.261056684714876 5.9941551605817835 4.988246829923669 4.64679074282746 4.3554500163686 3.145126883673507 2.716148923715093 3.2397125991928712 3.4159977219630067 3.5040597312797934 2.1666962111090267 4.863272678687258 5.617461147381892 4.529973825143296 4.184150699685893 3.5327499880899156 6.406839132430325 3.7472193626147554 2.825206304175036 2.654639677766841 4.004196164884226 5.141269095849671 4.0129173716453455 0.0
4.346307071318587 3.091358416455175 3.570055441393707 5.350134703898225 3.8676471621394786 4.520324468205381 3.4974482169318044 4.1251145208329465 3.557909571626571 3.1251231135609525 3.954006204925821 2.821457860794731 2.826523187618836 4.839911757886232 5.336044851563104 4.011169952671926 4.4710204530087285 3.993339487835039 5.174567077901047 3.584974113973155 3.9163532288509844 2.885719084081524 2.5792222093083876 2.012192286606418 2.327286203143245 5.331446261901915 3.1082185592677116 2.4526671744134876 3.5142332288267197 2.5398038410774992 3.8857167825291676 3.7100973396096104 2.576862478284812 4.978360989614985 2.932419002314913 2.2086260401389417 3.464222071793782 2.3803134703323234 2.0508829820350063 4.961659673718725 3.603079809794027 2.662500102212869 3.8509118726124805 3.0168690118562003 2.668134920366329 4.096400366125299 3.822636971638709 3.2386150967017002 3.159961963440684 3.936918897373977 3.7898810956445366 3.1394888616802787 4.623089210490877 4.211513382969883 3.3378862405640604 3.6537676687816067 3.8866803368658838 3.459085036882187 4.209719459621247 5.558196089903066 4.896329861797438 4.359359938046808 2.9050337906126384 2.63047914658297 3.6633814904017292 2.424613083636095 3.0847030636496893 2.2018412717635942 4.594317462071521 5.451823016357368 3.704518048914984 3.4850487127700718 2.732273816820614 5.709136134343104 2.993397860689044 3.251937292016255 2.767424687677341 3.7406003692679226 4.626209410066426 3.2869270573377456 2.453071700984568 0.0
6.430507930142193 5.483226342795745 5.212448425035464 7.316015500881223 4.493829279426769 6.381616323547273 5.547861359753569 5.563489084897087 5.841711234879184 5.5449015876180034 5.977559454246137 4.635399835780884 4.726545713215086 6.716240525198709 7.464869225811942 5.33176050426125 5.716248361984884 5.1082850817000915 6.841071778039311 5.773057928874242 6.1448842229330065 4.504149919026095 4.758208463763261 3.638898001613452 3.684451466802547 4.972203362000414 4.6746096501310666 4.3145300123168875 4.492919983009471 4.9372000451415605 4.868870328039354 5.5415232740429525 4.1137739619761176 5.60527011882082 4.131204293020537 4.148596711357161 4.535803352065873 3.5922945381381477 4.150403532217025 7.191587080683924 5.750349084572813 4.741151605770509 6.02560949062262 4.971298702824984 5.095544615178731 5.798311027956463 6.1379680905290925 5.8484748256637324 5.025772612094645 5.993489816711954 6.381490097154595 4.979423526363892 6.656246971784626 5.49140488543897 5.6109640146615565 5.440204928968098 6.097577061889924 4.985638358173864 6.232318496679787 6.530152096838779 4.306825501740024 4.613237349280253 3.9744266072551633 4.222296262764277 2.8679406832923635 3.2030504597588094 5.444709944991095 3.3972475761830094 4.558608088817963 6.894230952437944 3.7167514507573354 3.747233498069589 3.0369442929884514 5.956382776652719 4.182264824219952 3.9489633233826584 4.489140061086177 4.04226568205257 6.047946297016002 3.779924099965834 3.084650671411501 3.050360183001727 0.0
6.662272842210696 6.048717260970079 5.569584534070953 7.357321898521317 4.6857815052786895 6.423292912539567 5.790552777299525 5.930499184079221 5.850741957687792 6.093776492855961 6.562250495568332 5.352206547747768 5.3938542492436445 6.652399235254405 7.577659853775515 6.054618801654143 5.804599819406215 5.3566833026731855 7.172136204394084 5.827055376369844 6.511900120144154 4.613554548388899 5.676511095219696 5.18087111911033 5.065866950409754 5.707983547071728 5.20697211951087 4.992127828702761 5.418156498655028 5.469354511233583 5.820539360059532 6.157154575702038 4.5498684681092625 6.007274390744602 4.956937034183387 4.9973470881258315 5.242130353370517 4.702562437354902 5.126461406255798 6.577225887081442 5.743121187950604 4.1778784986941515 6.5563587274046835 3.923397631240619 5.355155752493904 5.01447086102132 5.800026836756797 6.054989830336781 5.005589592889464 6.037138787880626 6.783334915259586 6.035347169346009 6.849041204689409 5.771737962725989 5.839367827719733 5.911783672198665 6.12997481721986 5.55420336084512 6.643495352632774 6.937637831879484 4.6425081360400675 3.938441296542014 4.765590373755733 5.953509517106141 4.534928469366958 4.441444186593294 6.151134184931024 4.991497031619341 4.627826459632789 7.729838392198491 3.770093954422476 5.718449315025517 3.9028927359887686 7.43529943041799 6.11461736339948 4.6446379418417605 5.326066131591673 3.7307034379593254 6.183723389321267 3.8058033561334583 5.408082292080857 4.462372987547482 4.30326320049422 0.0
4.9332918847663505 4.431505682658087 3.854893028309041 5.956022938141265 4.015422921067309 5.496775215160397 4.658145783297431 5.10084052842825 5.058476583961594 4.344783435817663 5.3790477263154415 4.568350353406492 4.394993318253906 5.935996573576766 6.253637113397992 5.135174056147561 5.1746153986313095 4.914895212732329 6.418337860704864 4.196068236866046 4.685396693508201 3.509965975689364 4.0140568757231225 3.140548027048131 3.4397598682396837 5.134784412142011 3.9190064150623267 4.151106035213102 4.437448428771522 4.007390557432869 4.66710552689522 4.886910392515564 4.093812167678834 5.811681857293991 3.8062261265662407 3.467645506566175 3.835959708145801 3.5298297614896734 3.9700525110759943 5.375750450029798 4.085095342496703 4.470420849055692 4.413741648463594 3.9676371095973026 3.491288597566837 5.308187331395538 5.179525693074984 4.299235650694808 4.278424077581234 5.252904723060475 4.692018216971782 4.287454804927202 5.42291477552475 5.0890568329848325 4.236854000898951 4.058832482437554 4.660152209154174 4.298667308093376 4.689714129728039 6.693166454513544 5.871240175165289 5.33966589909234 4.983172948176322 3.6536091298436677 4.533190982759494 2.7862794461226565 4.5559040619569595 4.047335341515333 5.423686569485149 5.7006867599674775 4.0910113347740396 4.531934337265712 4.090226365853625 6.120498948702588 3.1732921246163386 4.424226057075497 4.4923872436387615 4.255587558606791 4.53702004503535 4.362426574571881 3.949914664620774 2.954999936972032 3.996620947150373 5.312088108791502 0.0
4.565506850111713 3.426053827325531 4.556561420555661 6.091123765581224 3.8954222145487436 5.139658140877946 4.242016029713148 4.304718982392529 4.174344039218116 3.9330828593000176 4.918983919616252 3.542365790594635 3.8281736407822846 5.510408669235752 6.199145955787369 4.430721385798983 4.9115662495646735 4.357874642955354 5.951293949441346 3.9935342197435384 3.9802430462155933 3.6064052980874415 3.1205306675413307 2.5441329705477136 2.7699497360665366 5.193798827194981 3.7965073017336444 3.213184602752924 3.70970146209986 3.264862359537122 4.6881719844192435 4.6480338970168145 2.9078636054732954 4.800896146110929 3.2063433241052497 3.038273874340882 3.3728116249089233 2.88451499719176 2.4611450289541645 5.253140247726946 3.9321419092179495 3.8693647722943902 4.539653274495446 3.676105867114023 3.2787389002267053 4.71028804125488 4.711943882257575 4.090637248578965 3.99433036584041 4.7665932036395855 4.865528553421661 4.090550694816455 5.140810096931357 4.595713706121236 3.712258463847084 4.303403190488145 4.259111777927686 4.166074898243104 4.9679919772481655 5.088096955016501 4.129162825875951 3.8712666854458986 2.5533747760448815 3.0017083618849068 2.6728206132194474 2.5726158729772024 3.7722280578100675 2.4491732549192498 3.826128677324708 4.871568617133153 3.6085250543475516 3.7503163799037265 2.8550315171285754 5.65478627709787 3.245148412694381 2.810032749001454 2.727654592079873 3.180048252294731 4.213437479275495 3.5745630941952564 1.8753160056428364 1.8698033299872237 2.979095655546446 4.864667530567273 3.1042746184573073 0.0
6.184875509964797 5.285700775175131 5.21198835483933 7.3525938412207 4.331273631529987 6.237558642406745 5.5791477274428285 5.523211128473947 5.569850227518423 5.537998132688593 5.888185387391086 4.563719994559159 4.778834672691578 6.482041875054675 7.310940788348774 5.311422861960144 5.568809750488313 4.93121360817003 6.810656863089219 5.534525243698747 5.788457096067236 4.401097794850936 4.80706210201918 3.93003924619833 3.9904722750476713 5.092601415656479 4.8964325864348135 4.214481090048398 4.597173646248162 4.868805193303786 5.022060560766743 5.51803613262652 3.7243249504264693 5.405014138548075 4.067891804188304 4.195071269942683 4.465419176636213 3.5864602205611193 3.8021813844416426 6.783226933620397 5.399778062263582 4.508421914597545 6.158474949631852 4.530717363751038 4.811243190884612 5.621604910045653 5.927663865518059 5.670678201990254 4.776725874225791 5.775607870184995 6.092247202976088 5.122605443058417 6.566393104885858 5.427698788437936 5.318710390183763 5.298204629445503 5.834379138251143 5.054951859638419 6.226177621812084 5.904340562759609 3.700811840169081 3.7857576981671626 3.451171296084465 4.181136767144588 2.133087001207691 2.8521684774151113 5.144140467034686 3.416914900901531 4.127626716641015 6.028224030869267 2.9871283962899153 4.126967522389298 2.982376759481101 5.96107091003987 4.401650830721703 2.964583606153801 3.8468330839451985 3.2030635061484265 5.0586795284639345 3.3732994422175326 2.7900449317192932 2.9185108764969505 1.6236472678487446 3.6795892012377345 4.050175471671724 2.6275566254830904 0.0
6.564450220550638 6.020400557752133 5.435271325601013 7.606608788639381 4.363903746229057 6.814685547074153 6.067589825996398 5.65931512601247 6.554207669319581 5.9935895868232745 6.350878071036433 5.3054764902877025 5.38461451074816 7.419407743703545 7.982920087823657 5.548573195683161 5.923772859697797 5.358442392438309 7.22246105026877 5.889525229408791 6.298194009445686 4.423725573153088 5.06276294149754 3.953014391367349 3.866636385656722 4.498632920397142 5.164733677940483 5.011304523353959 4.609870098886481 5.480773027988632 5.170053352350555 5.908819278546534 4.619036514206866 5.6040814324597275 4.399161936712564 4.404520961271455 4.823559076417669 4.151747651501337 4.835103851629874 7.260266635997909 5.998478402065243 5.146506703117671 6.384680836790281 5.184913950447467 5.458523842312876 5.906646240559868 6.475196505475745 6.335724367670367 5.478961203829923 6.333687548157407 6.9668402483668155 5.39185301733102 7.015317461624436 5.74449422923674 5.918131187342851 5.62587755022766 6.414757550251712 5.343877390029346 6.634492067720973 7.376914181179509 4.911632347091283 5.257904696600136 4.740058140775161 4.7189990509267385 3.0685141021994684 3.7231355082670783 6.192631501814762 3.9501206150131782 5.154780001199288 6.870674029068428 4.240224622594586 3.9549102697991896 3.5427822717259208 5.420141230169999 4.427916422999803 4.451947729649567 5.31030533365078 4.104380720889327 6.336430145839116 3.595353267790607 3.6009363813943054 3.63394488900753 1.5269422183495882 4.655206939952341 4.338736114329654 3.4491897930625495 2.2192290141555975 0.0
6.136292878645138 4.958961899093177 4.895944597927513 6.97527117530328 4.105000766457947 6.048730717532078 5.280671284489969 5.238964642686118 5.711120831005595 5.3509391870017 6.008594865018095 4.672610810192757 4.616493771852394 6.594864138409879 7.284041414368456 5.259894435526201 5.567251035136003 4.943061849677631 6.729468635264188 5.271962767970036 5.939574790004277 3.940496919745959 4.5910560128050735 3.4513098042836927 3.7721993411196495 4.903805227517565 4.157547024941723 3.9731170220608543 4.580438824806972 4.761475514039604 5.1155282794842005 5.418893290006736 3.946178766603355 5.398758802199032 3.9801494944616826 4.054373127991228 4.182595360898747 3.4216215515829873 3.940090167757803 6.565773880121095 5.267418302137726 4.048641330449302 5.699098831573497 3.993464828513505 4.516844752638999 5.146395903432771 5.761999140656672 5.5306625607460695 4.867681212764194 5.749064862034956 6.122186876921514 5.131262230171938 6.252847107660955 5.1730222417367235 5.190702497964086 5.287874068353228 5.761953120199964 4.641867039696765 5.941543360257089 6.151014605856133 3.801909044111169 3.8419647299790607 4.104852237131892 4.489030946981268 3.0725445911954172 3.0642016988984477 5.3917878229137655 3.4158774566556613 4.046759373482721 6.7605480687567425 3.0204023765828416 4.7670541468154655 3.2488416147097285 6.3706930730613855 4.16131662064104 3.4711695721432703 4.554532560020949 2.8142150519374654 5.531389371024254 3.412074450293162 3.5488810202262324 3.0359280039456054 2.0677310197104153 3.2129440882977276 3.523387006896515 3.1480806319174772 2.1604553031287415 2.43848119529133 0.0
6.484496625566498 5.257808501370403 5.345189008842876 7.224415783839601 4.908754502202753 6.483547838774254 5.448295099978845 5.74204944651423 5.76419048104589 5.3883215756930065 6.121269902476211 4.802005308284492 4.806903417763131 6.78374918292333 7.5521449968513545 5.8223119639188905 6.1159915421066415 5.511288525545653 7.0845280434575875 5.827736912229485 6.1894387236005235 4.5504932225824675 4.608637233073057 3.624365361304518 3.725440667119839 5.629334168391635 4.5575059230658335 4.160962251194814 4.887707933465182 4.700516274485728 5.2908422513719655 5.694972108948352 4.356120997766799 6.102929816380716 4.537748752076658 4.106455935243488 4.968104161979614 3.9601338955842507 4.184524641910462 7.160005250098796 5.666768168886576 4.326190036385499 5.889348020349559 4.651461736636945 4.7531524148971505 5.647258003259406 5.944868083455753 5.569741852972402 5.162073970362414 6.086689997063483 6.297994596071824 5.237457474520627 6.598990342934645 5.805839694351354 5.583321717588062 5.595159552125175 6.040599139240055 5.205281786660313 6.250303138981712 6.190074736860595 4.705440832933459 4.656776413792614 4.005971328298947 4.146693641630943 3.8626820981904557 3.770176868974466 4.949395419445589 2.8203521659357875 4.766991437712026 7.164049278106227 3.951661596833845 4.19065670128934 2.90669401118212 6.455434683562394 4.0469196787188455 4.104605392174567 4.326044883411215 4.067000834872577 6.261392377512567 3.8069067931089084 3.0657910781617894 2.9307607889775205 1.6958018572577094 4.128826617606375 3.869661222248593 3.138448928610993 2.491394709794383 2.4610919167103895 1.9300283626351267 0.0
6.373076731226835 4.9860184271016275 5.342505651664498 7.493491751178856 4.749623527702684 6.3160505270824165 5.409027057598292 5.802745589254395 5.4902303051535295 5.631818235695779 6.314286953025895 4.744047123041337 4.797417163609047 6.217665499660354 7.2658630949623655 5.731479031709219 6.004153466756141 5.388217825646245 7.101813288373759 5.630535090981083 6.108103342939726 4.51950505659336 4.957023373854071 4.108528750580165 4.38651940481102 5.757158218524278 4.6947229046282795 4.230105823569301 5.069799951579668 4.85801883953085 5.671405746697642 5.9327224600401545 3.8881528783837225 5.910517820361802 4.4729013608146895 4.630152354537311 4.502968758292936 3.842283312967762 3.9136006807517494 6.742056025249781 5.453036601567164 4.451017872089909 6.163456682656117 4.304998230251378 4.827798264089959 5.7290635352141095 5.969242145125908 5.7085908749170216 5.013135828572662 6.017657230599503 5.962669874274261 5.399343574383008 6.596079978118879 5.637644462205679 5.494882793560819 5.784687880657499 5.994869119291419 5.18163123147659 6.395426068243326 5.398460129401086 3.3450680276628977 3.30930459479478 3.77555897961391 4.715115947011901 2.847441668897838 3.0767061403974783 5.025413743958293 3.599144246954187 3.954290902911171 6.617801795906692 2.861647529431991 5.188243296253442 3.5749722491406506 7.329448518674789 5.002014946758392 2.847510564523035 3.871948362486605 2.9160176415274526 5.081961295292029 3.939976775972202 3.3961314623605694 3.187474490512055 2.6463043309274963 3.052904059763335 3.8173323905488314 3.0624145287033264 2.0382781261422465 3.4379716427263722 1.8463384768543512 2.6765830641476462 0.0
6.325561967369679 5.468177031196009 5.302361863456636 7.493646057840294 4.471070935348863 6.502327665797185 5.5871232620528986 5.686177462099385 5.8867565696496165 5.678782228921518 6.409492902444467 4.92256235599973 5.05145942729379 6.775125565080396 7.597969574113414 5.690442831063771 5.861297667786681 5.28100683322824 7.1961135280779445 5.70688439387882 6.092014335463602 4.420005353529391 5.022398398438785 4.045893031531431 4.167767648186312 5.163166004639731 4.8556268982897235 4.513290143453711 4.942802000827055 5.014354169134262 5.471027814077136 5.890677560753915 4.146315749125474 5.745446737925052 4.366995972794164 4.431245687179249 4.593989676409149 3.9623668275278443 4.357779881930387 6.90473922534133 5.502588032611857 4.694631641843672 6.274983852782168 4.519211188549797 4.937459046402443 5.727266616346055 6.232616637169683 5.868717789481312 5.045217395333585 6.013424752723145 6.342814037846793 5.415483439584681 6.805322242382473 5.648493117856746 5.501632319298296 5.558692129364041 6.025442199674568 5.279360791078267 6.452648196349677 6.176290985725861 3.8658633152536255 3.688220514633759 4.071363400775325 4.864646621336487 2.8988018398830104 3.1996320590467384 5.471124128671699 3.54346860112115 4.2383109822685086 6.552509662690175 2.7786281285862526 4.849030489823265 3.142141220854691 6.68466062359839 4.841504869585876 3.365984921534015 4.29607137152275 3.051504108233113 5.283732452546167 3.8561278979735008 3.583703378622144 3.306287435840733 2.1867126413100237 3.0730474440953355 3.6670342509324168 3.117542769318266 1.8440722071512239 2.6011954087428095 1.5785194503020799 2.376404780448078 1.5334643321441725 0.0
6.628432559578735 5.559306240313993 5.684047953407952 7.646430208010034 5.0268288424677445 6.49220235208915 5.617210222923396 6.017169813443888 5.613635655990844 5.886266139661237 6.566640283713895 4.905051270076991 5.0864217015644115 6.446604402260379 7.549682784472523 6.044087143570262 6.036700992793543 5.44919097512044 7.252799890518141 6.088988260925716 6.415612980302924 5.077482522412976 5.365584015119352 4.661296030189813 4.7598164304676995 5.913554934877989 5.022376469955256 4.509184622013833 5.378342372257097 5.131316303900224 5.7900813330018694 6.116804395760576 4.173155461893261 6.041280741028908 4.7501908263949115 4.872627785119749 4.960607003979942 4.25331367833516 4.407020793271051 7.142329938325318 5.728972071991572 4.6986535624648 6.528358640914602 4.649235525749057 5.171525678987044 5.865818992271156 6.268695459368463 5.941863902296941 5.093550057657765 6.127439496407393 6.430915483890236 5.74276656263589 6.9217719345581505 5.860224862758963 5.720918302868734 5.97061184046971 6.176090082804947 5.543952684327063 6.633224085313501 5.781912415602012 3.593124548259051 3.228967749803035 3.890702816847857 5.332849164660236 3.529469217770563 3.6680332063091217 5.410814169148921 4.006266015861347 3.944903636410553 7.097542906934169 2.8285979293011656 5.414676338581109 3.4084865427064788 7.519327655432204 5.575186728680245 3.602535827952489 4.1889660844502075 3.4763514131316007 5.454710485685294 4.38620303335489 4.162789149919778 3.7548585439946387 3.0823601979479185 2.5148608002018054 4.4241653177730536 3.7220125364842906 2.49858918698643 3.915393388507793 2.4210970710938464 2.9976060501866604 1.4504702316079983 1.7221670942081924 0.0
5.114342981597571 4.018911989637367 4.394811549860137 6.347964542081913 4.207018903604819 5.711660318195229 4.723918908546277 5.182010900175653 4.685280876749185 4.390603719934532 5.201225539324912 4.457202156565205 4.361110356573961 5.687083697152159 6.3623279634650425 5.26638142141602 5.58577908999686 5.166939350424025 6.573805820270994 4.006173371925469 4.515416125306226 2.95664561137281 3.62443950490311 3.2181093850511653 3.23540410882528 5.696551493298256 4.291429477147465 3.980358675867887 4.306014949885127 3.713137949711748 5.091288030018463 5.193506096081965 3.6771998993736936 5.933310976287359 4.097986001423538 3.4015256360173454 4.253044095881172 3.735714353279428 3.424871163351803 4.984058126754368 4.209155746456344 3.440803027488913 4.725293872480155 3.0624000978955883 3.454376009909238 4.721213538100459 4.363974553018672 4.237909551537111 4.303492491098475 5.286012798995355 4.706812258950207 4.465498537878566 5.490911875897227 5.359927714023156 4.439363042809896 4.620170582306332 4.745536789731272 4.640235918747878 5.322959196376816 5.832521010841761 5.4680108677606585 4.957988516945012 3.923823862594253 2.8477585569994526 3.875825083837685 3.1825755730508813 3.6049279912402503 3.041399279184417 5.311514209379347 5.552384910965378 4.480657583060504 3.8675360978018607 3.5336826759384867 6.152262425099853 3.5197039995321147 3.455721457991586 3.4669787091450184 3.658714543808451 4.910188196015841 2.7946678574701598 2.495196424791186 2.052736967850434 3.6420013652547696 4.671317936633818 3.0520746921485387 2.3435014901440345 3.3108540511910363 3.915348662988161 3.407998742880873 3.388919051392832 3.3996246830904533 3.6627442717281413 4.262224095377414 0.0
5.314918422632496 3.9311834058849144 4.833277024365853 6.198200155523979 4.244019270083488 5.640033019938488 5.225910083833282 5.08282401973609 5.116098794449361 4.386557621275968 5.4324629418734025 4.686898662297838 4.588107948513484 6.337057850911776 6.65491331944647 4.911664135959138 5.567857452694285 4.988738480914746 6.370993445483896 4.013308600821155 4.541365597584133 3.605756786727532 4.001847108507944 3.211977221534818 3.6394929590154503 5.7221661525164045 4.289021512323389 4.006813734287586 4.449605873157861 4.221276453466896 5.1706922135513365 5.026144865594277 4.204198857739785 5.6484519601958345 4.056464778154879 3.623369707463307 3.9739909780555496 3.5504170381051123 3.353280125023272 5.255652468568548 4.337001693805736 4.052619182773178 4.59274110925798 3.64962886649699 3.510622832533527 4.9449705425055726 4.952841804387433 4.398316498587204 4.719623408285841 5.314285246280664 5.03209291182808 4.846376284660872 5.19982395957202 5.204842957891824 4.258764855170706 4.579264728923847 4.720929931712899 4.417186931185984 4.998968304221103 5.5859001231691705 5.1807347627802915 4.703462676532613 3.9167715861047627 2.251859774401965 3.689327976553701 3.1978535162582995 4.099813754110562 3.1414730004753815 4.918264417821114 5.411829537627862 4.686377543451008 4.168261054043105 3.8508844563711615 5.724613070072107 2.4833132260208 3.3796322124897613 3.7091742203031353 3.6701649960478386 5.053586305479421 3.641434550893753 2.516343040804258 2.6989047451411348 3.894637634873995 5.60042334829016 3.2310953476781816 2.4538829726843274 3.7168064323169787 4.059298097605556 3.7419778375856203 3.9090550101055945 4.164499565085284 4.267873988720836 5.065031933403806 2.226706636645072 0.0
4.703689952728742 6.357564525982467 5.283001927084332 6.378210825530127 5.151741649475146 5.787247724500935 6.318789892946131 5.670917716847917 6.269717425533279 6.2200916431293045 5.606393748507906 6.232339231825011 6.371967399900739 6.719294407392964 6.391994972191032 5.921296137198035 5.272317968946275 5.419076925348365 6.630103210715667 5.565236237141073 4.672172061367768 5.788401207722113 5.852270796217681 6.0716309725066715 6.082124769309081 5.7822453988483815 6.519299349493325 6.165896388353705 5.766098385963229 5.883118964589452 5.704276862337727 5.66979430297904 5.126641266810074 5.247111031905244 5.31602470820524 5.601275991687883 5.787435701993672 5.822478438471735 5.820130586207875 5.5517849187004815 4.710439290396003 6.620626766523954 6.504678893635786 5.945900873548912 5.084354493281468 6.3788616672283975 6.049120955431617 5.827315958600292 5.282624986384226 5.78734718400581 6.058949829390148 6.029506965117472 6.11659744461921 5.558780028637742 5.132177786674341 4.596987253867467 5.1491905583163495 5.977662607079565 5.8720551375396415 8.685894655558322 7.468398589085981 7.281186665148146 6.952552890541233 6.4849136846186415 6.450528496570721 5.353988430254292 7.015482280524231 7.503749269237403 6.847725660574649 3.3618116211811047 6.093757378161121 7.057478129858682 7.194263933611376 5.146917556758829 5.7625960998766175 6.626561320008035 6.977915650705333 6.112766761973549 3.007173920583948 5.864128621817231 6.794776799937439 6.138444644844261 7.257227624524771 7.570268602895467 5.855525774217845 5.808292841365274 6.456973534494749 7.149921976723633 6.954902175561715 7.653583698022892 7.005317629937086 6.899549132678189 7.339315607807755 6.2693422106517795 6.2654691468969474 0.0
5.851299673371046 5.972814157017672 5.589419301157287 7.200809168250582 4.1945000321876345 6.57821462590055 6.2426904742600104 5.178527242066618 6.651614373304818 6.219868334331539 6.472294124532762 5.60911733476581 5.984008522653053 7.9562134606498045 7.920359678060635 5.538489631466816 5.430669579429742 5.5053325062496805 7.389324768246933 4.813581251175183 5.651826047948712 4.41756429100168 5.573506221935986 4.720544305431244 4.936037379288743 4.821177949169969 5.634859540530205 5.282741293587277 5.365078802413626 5.808267738170275 5.75170844492821 5.832387639123883 5.266585198719374 5.575665202202094 4.168016055551323 5.022586208592133 4.5150150252792915 4.433564444241424 5.192832924187784 5.827577924280828 5.707763678153034 5.569112740144436 6.103583878512957 4.962633226592292 5.372674355608819 5.563536033211819 6.527547618924223 6.257540681492838 5.623126362618447 6.509426408572557 6.909126983787395 5.856940016466006 6.926914806808656 5.649384316543 5.015043057979497 4.96044900542046 5.821561007587491 5.479084928480169 6.112448664037005 7.410508439717746 5.923587349928851 5.720092787824871 5.607417762799534 5.905948459520487 4.4505216625483 4.462202257416632 7.319521778456574 5.857891224417502 5.406580763436498 4.908515400919611 3.8111545062390797 5.804315657020599 4.838287916593502 5.313582132551238 4.5671708552977 4.940508515681993 6.04684731779316 3.828944407428051 4.777343621332686 5.109770910759214 5.651799061057279 4.9644549788351995 5.095255275361004 5.952275190181373 4.180940690422998 4.448793509423402 4.660410325945293 4.8047338171287395 4.755114220226176 5.711478633042541 5.2498036276223425 4.781162236614601 5.690212225417061 4.997094280086076 4.503311718749499 5.145271246844843 0.0
5.25859979917953 3.425415101681209 4.760897976483541 6.312655122111725 4.8759627195171 5.3676709070242765 4.659801798742201 5.345533908491252 4.170272384073881 4.082641264795913 5.058288073098733 4.011744167228325 3.960638097136353 5.198483266818035 5.988952456631779 5.092682235257495 5.656542588251083 4.993724884852314 6.116615160004586 4.54315025960188 4.562850964317948 4.161995652248171 3.7566262846422536 3.367170162493181 3.777961058027464 6.421499039473626 4.208231245320685 3.436301928436004 4.619642381820213 3.5737911098993593 5.144053824809558 4.920558245797266 3.4273365296329694 5.842587553457944 4.22525459059421 3.6472872881242666 4.283699361737522 3.5029364447159193 2.5299388563758987 5.64508594012206 4.1848991647408695 3.7974998129146638 4.819972152842022 3.8007757193116833 3.2910517501894656 5.277060750156103 4.6958784634096205 3.9739300867209253 4.258864114664255 4.922534076870551 4.14374740213419 4.486004052912898 5.179116776677265 5.2483699528962635 4.282346452058123 4.804594827444927 4.6612064640142865 4.532589178373633 5.114877975294167 4.573976063463554 4.637023007714283 4.0778206103126236 3.0049778868067367 2.3129388463322798 3.6546826885813606 2.8814238882870202 2.50022406054682 2.4654721881794837 4.667657378287715 5.424807032075071 4.273159231712178 4.395161096878298 3.7100921628188073 6.688626927694701 3.5303090972810116 2.657233431360687 2.1247922153428895 3.8863135778005717 4.477988624263781 3.908956707285806 1.6590549133825985 1.9340042006206344 3.6780607193800825 5.061067050050215 3.4729124130770233 2.0173928233354 3.20931278784119 4.417711379729136 3.63296387707776 3.495303214978501 3.2129256754456734 3.8055867788011906 4.011852351129674 2.0867633599571405 2.429921776782282 6.3870101555827805 5.640071461093594 0.0
4.7170809618681036 3.7126114876655394 3.8804692902227975 4.8203168436374755 4.4883349357431825 4.39319080234589 4.478914798440501 5.033696756795053 3.954005559644025 3.208706311501275 4.245334120801673 4.128819964059206 3.6768032304769394 4.830387974554713 5.129398065603724 4.527736513854024 4.846331734530402 4.130679906678567 4.979799962181118 4.198669112999214 4.018498442805658 4.223495033733388 3.6339361186657513 3.414398504793718 3.6792265239466273 6.0129815403658675 3.6310693299072705 3.6111220727845703 4.178438661438008 3.519913191559129 4.064482747703021 3.8970338412698617 3.7097100712263 5.430864711063175 4.086152275192953 2.9827321556299804 4.2120399851217565 3.4996896328707328 3.120877435030566 5.290324102239294 3.3286421249671343 3.831177155792045 3.719478081796947 3.840184241995159 2.512983084491815 4.872340136956559 4.08784493015206 2.939937344059214 3.620863775870939 3.983989255304267 3.6929992551459834 4.079011389151527 3.8507232313235034 4.607844006915477 3.782651465234838 3.759336802052041 3.7882828617509388 3.6804990421278885 3.610768743738345 6.317782920887081 5.948556253325891 5.212969158291501 4.292522715947983 1.4430113820814185 5.062071981711259 3.1419153953890575 2.6473668438231956 3.6557747285964015 5.378574180589485 6.196865716177868 5.420079272572093 4.090801629188614 4.373908478781328 5.817650524373337 2.6862092791573415 4.664242305631461 3.8534308551927343 5.213877711233971 5.194499586833374 4.160765963056409 3.4169690938548585 2.775397110507717 4.630431828276751 5.8595817639544 3.642537970872885 3.470581739535074 4.56145020722067 5.201564886672273 4.52482383117547 4.352620855313144 4.825443727375749 5.065386135420258 5.316920282581523 3.364707219693403 2.9336395024324378 6.323934465514436 6.159914091773874 2.6540479964575905 0.0
5.531681979465845 5.085822685396618 4.297950105911421 6.581286316992097 4.5642812305792075 5.706181072866105 5.310546879956045 5.952959694752194 5.04316007539458 5.169207585395173 5.1943473511042955 5.180611092446976 4.775695326719503 4.908536989717413 5.888071585408331 5.555253415816963 5.706904552133942 5.150882733790985 6.393883870780437 5.135515936669944 5.100262846142639 4.039892822598081 4.584116493596793 4.518656215483685 4.34962746616572 5.7572206517921645 5.029927284394899 4.994335632890239 4.516136360002795 4.601058494148248 4.9794749271232845 5.547752185696118 3.677141393876449 5.891636516077874 4.888206556434789 4.29997663031175 4.961535088380096 4.544227542949576 4.3280971771406245 5.690831252861048 4.448200054304459 4.51978717450745 5.639302451797109 4.145134116293454 4.2771097856285705 5.597494471429696 4.607953274898155 4.920202732261935 4.36797028458268 5.334620165589491 4.801591181871402 4.82338085630502 5.577844981114897 5.457313456378255 5.4646505542129775 5.092964520886551 5.301663402137466 4.9787200032066945 5.780144887893058 7.131465314469137 5.841834047770759 5.725389434277367 5.149395317370257 3.6738385903699617 4.447061747722019 3.3710843702840108 4.095415974502517 4.806973576095988 5.999707492182551 6.280519261560851 5.5633023801302235 4.518160116486394 5.216026194467937 6.464467211638354 4.902137642987655 4.614387290967132 4.753568207291338 4.949433311018502 5.091989119256974 2.850410085108636 3.710074974627543 3.4517055244315946 4.406947696688004 4.9246792133524675 4.522731803325284 3.8810914555184 3.8390748692491172 4.709439157526919 4.299805399235293 4.481377872531083 3.972998960753796 4.485922656888526 4.730524342407697 2.8053247214009587 4.039679566399495 6.030535385737772 6.416382078231007 3.1644152287556104 3.8896529628280896 0.0
5.330249677591376 3.4450748457012375 5.24004823539147 6.4724785077156035 5.283386982154001 5.530307013802084 4.910446832074547 5.134726064587039 4.581082559854669 4.367527995248674 4.992020105183437 4.022698382320693 4.248315699311281 6.011615099110098 6.356227367708261 5.160638238188096 5.801491749987757 5.236247156243672 6.158823609458633 4.670361559004467 4.68975042900381 4.371920541169758 3.8849457182217417 3.6009250549107072 4.200759438096603 6.7902631290679025 4.656536923730121 3.1528596369174746 5.125010006780998 3.7986488128886866 5.533407094826538 4.7827397838412145 3.7501244322353138 5.784845751620982 4.348233364104191 3.9019351771167323 4.833110031674008 3.7716477952164498 2.4529536173166324 5.762998567571738 4.596154085293793 3.49612072633842 5.266252744338943 3.8875257470822806 3.4425689957116483 5.042932346976389 4.866426015636184 4.269197418389956 4.61937918626917 4.946651048518419 4.502440699813812 4.859682862877331 5.536727034884377 5.360894986779054 4.112437201135943 4.918179978992198 4.843918830127849 4.871009327259201 5.437308264395893 4.1863737310628535 4.722890988029017 4.1216556944336675 2.7811861795389032 3.4233315638555633 4.0465585462181295 3.830588458802385 3.408505706794921 2.447730207701209 4.801462872530131 4.600782233593116 3.9554605674316083 5.22537566658752 3.8323067958556014 6.414137482318731 3.679679786624261 2.345292812820849 2.3768107506741063 3.510664595681732 4.301954670183374 4.178874454301213 2.401360798605237 2.4203418443850886 4.176866070652949 5.265658323847165 4.419223226472633 2.581594809798787 3.5296986834774517 4.609620981236396 3.957255635654305 3.975850188085334 3.882743762341091 4.234451951522958 4.541266538583269 2.9106824673138965 2.9575279039910036 6.113017394447505 5.431443454675554 2.090745738429348 3.5878744898944945 4.097729626799056 0.0
5.805973851319173 4.093596810219021 5.584762346531087 7.101714456905503 5.326386658721663 6.12363854700317 4.952757691586755 5.374880867987635 4.831429770479058 4.85834250578441 5.763597155423072 4.011980782079913 4.502271359349025 6.43072614016629 7.086913570811028 5.6711047041697125 6.007811051783568 5.576510919095875 6.916426586106822 5.09173908239704 5.349400784474168 4.559606140058355 4.252786835643575 3.68094905160146 4.123543891174148 6.650942554588387 4.7228649189125695 3.3010191201449386 5.340097923432862 3.9910510484343313 5.8012994794888995 5.38623205598267 3.9674359341463488 6.174082299163717 4.311329146698161 4.1383788448422125 4.811504251123629 3.776694599438782 3.0163074504776417 6.296294914374016 5.179723324824255 3.8151402662413525 5.652165940317009 4.130889547854811 4.107664314515864 5.345079049257764 5.557512154903955 4.854289138160221 4.863195946465627 5.629266010205502 5.325147384381461 5.100113456079831 6.386130078452605 5.766564282336694 4.517416080822812 5.315146405314317 5.351611790317598 5.2915384753185055 5.971369002035271 3.9722911949924433 4.289092375714521 3.5435738452654424 2.430993097789908 4.258060746245947 3.7379236290452025 3.822103815050457 4.10618649557317 2.1948192215914544 4.296608758093008 5.2960337134152935 2.673973624083698 5.130785969461336 2.6917294904223703 6.994175444066471 4.239249410382711 2.263476478632756 2.17329958121264 3.0900106685602426 4.589001447527161 4.5637318114901895 2.7532420443347707 2.4897866357567247 3.448613189317458 4.409471909415861 3.824927362977147 2.323825172136808 2.904227421599293 4.172283283761012 3.227629079942711 3.129795300409131 2.7820789429292954 2.999692724377755 3.1049100681071393 3.1274051523316233 3.6666110111617773 6.733865913889417 4.97875262118572 2.6240290822236587 4.4441784160610265 4.824128909421068 2.4045027709496276 0.0
4.921459787944098 4.241216278085441 4.366226507679663 5.853100043394007 3.142068490517278 5.397286475817966 4.65512086903622 4.320224280838092 4.998670105461881 4.361687840467322 5.467077904639882 4.474394436905707 4.44827147275718 6.313269278143754 6.81643170317286 4.846703393043523 4.895214259599294 4.4457780448535695 6.348130708147686 3.757412175844955 4.523332071584709 2.8220909174957582 3.601003824240726 2.8351813586662153 2.812037375643382 4.463093324468006 3.5579746522281255 3.7990693851167148 3.8299890649406807 3.919017656909217 4.792064572394876 4.936009613612274 3.7803190537319855 4.989585464834571 3.4218133450118304 3.021984706355051 3.5529108164997893 3.3248731529300475 3.744965435657425 4.9070938167814 4.042299971840098 3.320619570338078 4.364367033113528 2.624462623722839 3.32291015676604 3.8395979331268886 4.610533034107293 4.367142453600446 4.263207355779428 5.166795195704172 5.730474179660995 4.741936422105488 5.220915594399859 4.70786920364829 4.012111553014352 4.28504187212805 4.447477540403987 4.1365781643971795 4.934231340818663 6.371788187817851 4.939349366042501 4.376329116618332 4.0406216160923485 3.7200886031217 3.8438001945094897 3.311633159531316 4.883727641811383 3.3633690543037473 4.232451279992478 6.164509147660246 3.9374299647351756 4.045659154173048 2.8426748343161092 5.449245794375623 3.177382344566436 4.098038764378369 4.490072477806309 2.926558213556605 5.313373066102393 2.77069497103181 3.637995442261963 2.8197231345814786 3.4863379888407358 3.9807823186806552 2.907143554820005 2.7812486313199636 3.48081330051826 3.502912669270884 2.5694445404785355 3.0263826685532345 3.4675678181049827 3.185807137685331 3.901888569604591 2.651267965717515 2.791447367561142 6.361631150887872 4.22717392308216 3.542969294260677 3.7902976746543064 4.413269367383653 3.915610226042197 3.526606895509977 0.0
6.247928247013582 4.521212421181303 5.608124054839384 7.091714740722504 5.164693527994372 6.264549397622063 5.626427044817197 5.908699554525702 5.328682369497593 5.186558266336523 6.149635017844245 4.9095387429870625 4.979525484519289 6.605930395834268 7.323816078083318 6.004209860593497 6.278655731687106 5.615182135953188 7.125860416290797 5.3955211147208795 5.642709060603043 4.70424018430936 4.7809982259963535 4.095206762026185 4.518279758301932 6.551834260663713 4.832655540633857 3.862588886842171 5.480302040938501 4.568794566629908 5.884623423076466 5.697425438397725 4.325394452368012 6.287836140433023 4.794436334107427 4.3650196739115215 5.021811589968058 4.092674401690026 3.514797409562886 6.466913144835384 5.07343483166395 3.9632874326063714 5.802460135702634 3.914289206503812 3.9506855508292746 5.502126528079443 5.629577953180584 4.991283304521233 5.093959627080377 5.898005163229994 5.584814370378942 5.723698110249888 6.182981096281878 5.937397775654646 4.996401329138128 5.458411951089065 5.514477327775362 5.3382675874593035 5.9778495852376805 4.295523587191339 4.19395611092132 3.389216501260528 3.2892372819512476 3.5174177323757756 3.847960661765625 3.665456253623527 3.9346881674496137 2.6421579252367167 4.238761881759091 5.884956686996867 3.4587552454141717 5.165162053440027 3.3096322042480355 6.872552684279553 3.717950239677954 2.5761191962548295 2.980659434701012 3.029638363580345 4.864871941896819 3.9160194812212983 2.558280837451138 2.908969444076655 3.4589337213857068 4.166113099206702 3.7427231796174776 2.801272255861933 2.932136048500565 4.141711926235376 2.806602271570022 2.8111583428255726 2.6996551633920287 3.115317218726648 3.220403123099312 2.8393662048823036 2.9693082189649065 6.761194111510783 5.333629451118224 2.30217317559109 3.602238606288697 4.138095896224933 2.6129447079756427 2.307438103132106 2.998621623105756 0.0
5.071884360328206 3.684888706386533 4.643318414580211 6.1018653313007905 4.57254409642858 5.415144759089312 4.298619037029793 4.699127195484991 4.4329731180604055 3.9760315153927968 4.934414912423545 3.728834198101232 3.881044120716352 5.900981191056436 6.419630114663712 5.037901257604304 5.387341389988866 4.874034716117429 6.1465576897315595 4.491489498280039 4.636654213393312 3.685945981387524 3.238121088573083 2.7247424246556773 3.0192042256817864 5.863697541666454 3.8649035542180736 2.93091997085953 4.399965779054943 3.2145312262259673 4.908601675112756 4.621374289075509 3.4439975860055965 5.528125403388253 3.819443064493097 3.0173226070771033 4.422115107201033 3.3729337463983193 2.8180017844687812 5.718600146318432 4.3312247419344185 3.0224843716351972 4.751875444108561 3.4297634715844176 3.157653104950011 4.513900455639865 4.596359012018331 4.012273468675086 4.171436737019615 4.846473278095383 4.872451578650712 4.360555469379274 5.441186480632347 5.052927364600032 4.021384870171446 4.516875745878468 4.610123915613076 4.498275228292774 5.176705169781989 5.173143764951442 4.837846752101685 4.244381498561716 2.9146684844693853 3.3347869575758162 4.032685530914936 3.5153325960496464 3.5033031378474955 1.6024839042507577 4.564213370085341 5.622307195590752 3.6740964354762324 4.219612572081131 2.560623589746874 6.013056332392275 3.2526868366504047 3.281063662032494 2.939876173204376 3.4884584630239885 5.0022082083728705 3.502202398939506 2.412369389700709 1.689611544307427 3.075348053347667 4.370600454394472 3.488484047756878 2.160773267170731 3.022774369622043 3.5624345326924036 2.811824009354971 2.297669071882615 3.170118218059823 3.1206475456373846 3.578231104056281 2.4402790699425703 3.0832862966255505 6.584694815839838 5.314041845542075 2.4067749697579397 3.4382388237789656 4.081500046281904 2.287963477717035 2.026642918963358 2.6050499541475447 2.271583767404781 0.0
6.4497883655631245 5.761673598195443 5.850331507824779 7.661376175531161 4.717859226658255 6.794344926381582 5.918958995114536 5.894363306841479 6.171106335145288 6.082175979007577 6.931127247401903 5.682278563015714 5.74504925443812 7.01949358757071 8.03240771964063 6.36865902451182 6.299409971911197 5.684138258530004 7.649813144973735 5.936912313197893 6.2323572250584105 4.731225828135388 5.2389671265424 4.741442138950457 4.608628425462639 5.467111686577306 5.196878473767059 5.161734812994913 5.282028623343979 5.3767418936576 6.238885818955409 6.56154932593604 4.558302535964627 5.925675599003653 5.072305066372457 4.864558281482239 5.200832269591123 4.92620373434443 5.045811009022161 6.768410063335654 5.5620603893986 4.716770269998734 6.55358822278947 4.267144125880738 5.094740847744287 5.481363560066423 6.155175152592601 6.108542415839592 5.518501482945429 6.385218727596764 7.071537785816281 6.219115561844568 6.913855844853943 6.045574795901797 5.852109994412196 6.172788969484333 6.186710861404898 5.834794234860902 6.936076271401633 6.705272666116449 4.412004172356185 4.090153926579678 4.665755451383821 5.606273784816367 4.047505286075682 4.404095380241025 5.833610642980509 4.22795952321936 4.481430957485757 7.26633020300726 4.07193186385206 5.587423782882847 3.8318751159966498 7.130969808799074 5.70573630710844 4.378168150134465 5.128214176727294 3.2812605550123073 5.935187840559467 3.6307898274011663 4.441952251322694 4.17361979991725 3.761861860719827 2.691322839822489 4.733239910912428 4.010813925227509 3.369616993695938 3.854038578802475 2.5739190343156833 3.2048979681140963 2.6820470667095186 2.417718330429056 2.5078867712222537 4.1275706906428615 5.057331267589486 7.351941231044022 5.921073893675836 4.558259733258091 5.579297562407599 4.716564136713506 4.829280674247008 3.928826812054835 3.1713553577607576 3.5985847197406184 3.5299508187173765 0.0
5.554994212646774 4.063829939629066 4.796203193097509 6.711620156704391 4.689469899312231 5.835438674321398 4.6396673234706745 5.226682993019309 4.787944526845205 4.498342508548469 5.538275746670586 4.075383081193877 4.170164248784585 5.967105130874582 6.714794273932035 5.362787742471325 5.705678711234434 5.156254045377462 6.586993717572402 4.803563900218466 5.186188416291961 3.8132385857355406 3.8770944474117397 3.1672994060656112 3.490275139122026 5.941649577986998 4.120045712241073 3.45898293837439 4.733910448243318 3.793902776543838 5.271951613799911 5.164380778657453 3.6323918144433462 5.916025679079778 4.079811857787281 3.5877390717381403 4.399010852862572 3.5295339550603937 3.190906834521644 6.037273865987868 4.691486435764071 3.4919631949044834 5.208190103240727 3.6164202179637592 3.737531130649999 5.053181719395338 5.155698988592476 4.565031566037447 4.454174698762417 5.2429144313802505 5.0198718377591245 4.638078760136575 5.9435526839694885 5.395895254419354 4.52973630058213 5.01242448899396 5.153299763947468 4.75668766094495 5.622880696351588 5.1588956993074095 4.480145818115124 3.8264389330418167 3.2321543217576605 3.78985975852378 3.607651645064688 3.1552552858560086 3.800420830141869 2.016334306058857 4.5653646753116774 5.997814513815039 3.1796899129875182 4.592949153140188 2.7348076931794907 6.800213968692189 4.059045831974566 2.775386816298145 2.8909734607388295 3.156179743308852 4.931793473222865 3.751707888862574 2.5805235090576506 1.9008926118724936 2.8663470660650354 3.7471322562558815 3.1025971038668776 2.304767680790038 2.606956352433507 3.481354664793227 2.2675012774056085 2.2906179986713657 2.113520758730488 2.2220395037813523 2.628536781169243 2.440962259062832 3.3804456339698516 6.854673983732026 5.214624600115522 2.3934278068475816 3.880649647333755 3.953759923600632 2.8327309126551627 1.7940634525719252 2.7536563685505873 2.2632351673484914 1.591823069159181 2.980044967021934 0.0
6.123901471970847 5.297809751852496 5.181117744764577 7.160034041732771 4.490019638894834 6.207114616613963 5.26163492306038 5.526935375979819 5.365267978982873 5.381166921536509 6.126358876042222 4.569990637531071 4.799867977576196 6.4653034284485775 7.356714131925789 5.705986695290427 5.579875754481312 5.0806285751592295 6.973645721364661 5.468354764709871 5.882157830821573 4.387543439003302 4.834520445028899 4.1098472308738945 4.1011396362704895 5.4183879514076505 4.6431949778711274 4.149221233449253 4.954838931681323 4.679227725835802 5.299778081205258 5.616496101935758 3.9656970576499053 5.803911012542132 4.2357978782338455 4.161499384757978 4.6580934075765725 3.8803396270622788 4.14784943117365 6.599994598299491 5.269111762640445 4.091847816005526 5.970098700369827 4.049570914111973 4.617032691601542 5.257284699424591 5.804056435314331 5.409921470983655 4.653444248358053 5.7245541361780425 6.133598029521664 5.291112941830334 6.59784185320641 5.571930248401803 5.139906569876245 5.316078422937832 5.6736091308224195 5.169403309941872 6.124803696907137 6.009052465356896 4.211898159044009 3.545083848209811 3.726785008838919 4.890262795692295 3.601696089026223 3.4484269224353814 5.161459315927307 3.5159585815349415 4.171900074199899 6.689938559090396 2.5608241564257113 4.781244397555865 2.54032477127405 6.771059540570404 4.924318412735198 3.608203686276123 4.008627292817144 3.227603724948196 5.297299141729343 3.8592750050815328 3.9111220938779088 3.188202364314635 2.820594233813212 2.46072849741318 3.7978781126851255 3.332853429864457 2.352957596205945 3.452423213384697 2.127149544367097 2.6041065788462365 1.8891911557576904 1.5173532833934835 1.3106283481484708 3.734830183359743 4.559398501945184 6.980268058209918 5.047871631108117 3.828651862613226 4.877620619362262 4.653321644088058 4.219048079128169 2.7315773029969312 3.11500572851923 2.99007440083021 2.9638915975020574 2.328352030091257 2.11709682577771 0.0
5.3652333316341405 4.352600887661524 4.901261181824918 6.534660912810289 4.731845663984199 5.843138463811477 5.074023742809205 5.597071680239112 4.834056469313934 4.604254445090548 5.721801607169125 4.7539263514273875 4.766497138231147 5.9521720311987405 6.699538571366673 5.824817114958853 5.833126037909865 5.2546748304016955 6.826182483288791 4.945767644733574 4.800850854105797 4.294239375583802 4.237995276030701 3.8661496343837403 4.039063818468572 6.102951585691753 4.585443853772387 4.008416968584809 5.019028639727035 3.9744644872051955 5.466023162128517 5.413839681361999 3.8829928901271846 6.012478647897277 4.558049162491856 3.8096368691261215 4.779984705870488 4.1518893961755 3.610605176742871 5.8232147980112 4.140486337151304 4.032745569700706 5.314810731310542 3.6472504836507933 3.2430381855565593 5.327986791172648 5.1254819756829475 4.306067005175763 4.482334900352597 5.351114557127238 4.973436035502702 5.201663690290117 5.701699140831809 5.634243357398433 4.504954954457503 4.812844503559163 4.810121211089455 5.11620720531228 5.509920541143645 5.2097232575893795 4.942179526949982 4.010097455707766 3.7621202564056215 3.3799754652863903 4.218812079082105 3.341785774581191 3.33428152035301 2.9135196950424915 4.700188859147147 5.40190401520638 3.7985292373245003 4.8682118994303005 3.481894951951154 6.556174621696716 3.764458989283577 3.3004685449178646 3.078509079938965 3.5048212364272757 4.160508763981181 3.7270895930833765 2.7751493237581535 2.6869788482583528 3.860139730721367 4.288597183565318 2.976075036213794 2.595725337285087 3.3290441524634713 4.398332887661575 3.2110186242127488 3.1848101216006337 2.967401150033249 3.134046726780275 3.3288006080921213 2.549765036003431 3.2674093180216617 6.017132975722899 5.3461398275792495 2.3336836654971767 3.3438267071744874 3.7133653554705828 3.0478085864076228 2.604444898685252 2.829290584087795 1.8333893364378082 2.229938998696522 3.3537877235978484 2.0785417868411367 2.9125919935843148 0.0
4.807194542678034 4.713326316349568 3.1435080323957445 5.561689278527255 3.4216103485402853 5.15579318905734 4.694280898174349 4.92826888947568 5.199962892406839 4.368527404943454 4.924321651741863 4.708143473862628 4.259183462108372 5.623666244882613 5.896585579940835 4.737183049794665 4.767895830993226 4.400520578934589 5.9098186976508345 4.252297615434549 4.643949058597309 3.2453813511188567 3.8690367175832145 3.0369476693043054 3.119622057662415 4.25702080381392 3.695519525280864 4.360206212171831 3.765318814397019 4.167692231315686 3.8976169399574467 4.563963281145018 3.843659692499674 5.256186428981965 3.6556603546813338 3.185690738211442 3.725767100231675 3.4438885668418613 4.158446155394352 5.397661073071896 3.8982274589224692 4.488712867227358 4.2775663556817785 4.036726794272287 3.513828268469784 5.154900527939112 4.863449279561704 4.354268760291556 4.042238207581983 4.983858713787474 4.785005380316804 3.980284561674572 4.997669532806945 4.629786120023719 4.476935883224687 3.793242223345063 4.641895473148079 3.8212721110136076 4.436804607614746 7.627199094440514 6.096595363188392 5.922404311189362 5.477119697170823 3.3994767480667654 4.570476768724638 2.5625258416367545 4.808502309220294 4.526114494802294 5.6997499736135 6.164997230211322 4.832604715461105 4.018100670786872 4.573990142005827 5.280227210454292 2.985108594263627 5.059665973063923 5.278737564586281 4.7216036200549745 5.028289837019066 3.634511534127242 4.090961872939357 3.1076696606643814 3.7923081810523342 5.4443252317191 1.8752715153934192 3.498933723752253 4.0378690154059536 3.910097662572309 3.475973674610345 3.805913882077103 4.162508158773463 3.9955155891269825 4.847784900193325 3.1750627328237897 3.318623517211713 5.685519127867698 4.6964479336717515 3.755547077669477 3.295805901549591 3.8113519740002437 4.6862200407237475 4.696800818982402 3.0322268770842835 4.185998853505345 3.7610380911319683 4.821751840314572 3.665980681720442 4.276964039182456 3.544397610906213 0.0
6.109178551386867 6.158188129895588 5.09681178281041 6.687651582414914 5.935271306425875 6.604416543645239 6.509591657939057 7.021178375030492 6.313780899875481 5.9676014754891975 6.074667018221205 6.640849932717282 6.299893314367183 6.806583103279475 6.753465673393391 7.098092971132422 6.725180561864228 6.572204398969172 7.525003748487861 5.716729884031842 5.71189967899081 5.066144068262089 5.933752976894444 5.936586150133438 6.0403250967368765 7.293418229534255 6.332764217561964 5.940350567986389 6.583580058169256 5.625382499332406 6.244241371413401 6.134675302965259 5.745785072840577 7.484302432842333 6.253283580982834 5.373991711253713 6.675125984557469 6.080534295871445 5.788011751029151 5.824595010986524 4.964773243392617 5.173170144502047 6.277723681014819 4.645135412234479 4.390154230032436 6.222635385203179 5.410817518713374 5.193131228019432 5.450714767852412 6.2310945012781795 5.0863023007334 6.319850669237921 6.352586639496146 6.78584161013353 5.7667515486678385 5.159756888786371 5.693735152501334 6.277807426597538 6.032836655459005 7.867574331657666 8.053489480773182 7.149488374686225 6.901918787856803 5.004603609622152 7.091804646116183 5.375492744295801 5.117908680227687 6.190818716730218 7.702676975763876 5.72677180413932 6.237222792564638 6.667261206136667 6.49929702555346 6.884582633879352 4.957774337766098 6.045142601867845 6.05237911419831 5.937949447138896 4.9118721583917955 4.813475362186643 5.859929282971886 5.115083386618707 6.7528538647089436 6.354858334610215 4.812300199130549 5.75716020182042 6.168289733703148 6.885025531826143 6.000885395736846 6.306685103033958 6.121925377263057 6.300651737446104 6.604831410345669 4.43454438088442 5.06330196242528 5.410978812113655 6.427186534299839 5.0295933389387635 4.703547998175368 4.425242589135108 5.159759389409748 5.917685519112578 5.224533059463807 4.9690448802231 5.260721902219541 6.39145925372178 5.460277821178416 6.095110624883602 4.308073009108784 4.672861314086016 0.0
5.599875249381267 4.29097486008123 5.007385094956051 6.410462361135207 4.193555316046017 5.825929197002 5.067631701552922 5.10653987030998 4.887237613764976 4.58532287684197 5.633400731702433 4.465143242913557 4.573816439730494 6.401105371126944 7.058874125052959 5.38697603692222 5.5179561771272825 5.009487525169517 6.697208213134867 4.285196906019542 4.953480854231479 3.5907740539345143 4.025518505839941 3.3910710054862054 3.4474463563903304 5.674537171586131 4.172953411756278 3.679637024325697 4.565783763655882 4.069145041667072 5.200870046673465 5.207756159826789 4.0430027944574904 5.835700899877197 4.000509328845584 3.445620556190704 4.2832849877294485 3.5666429245595372 3.437345712330827 5.465132965970954 4.594177435376259 3.1635599191046233 4.8179959428723915 2.9610989850351968 3.5840629702442333 4.403509810659954 4.816997386581214 4.423277705574825 4.532429820927537 5.493713617507686 5.587096171302764 5.064221491317838 5.677226693481845 5.423051897340496 4.353625382787523 4.77293227958047 4.86262624683608 4.69488025759462 5.301031120289308 5.376335744132784 4.923439269335766 4.093361768144417 3.2716786676591263 3.123845895716455 3.8641760688632205 3.5406333069301947 4.168730900387988 2.694791457951486 4.4129182893008565 6.1584117371349585 3.8659464595062665 3.9246893345636122 2.3080763560004334 6.022434260804883 3.235371574466606 3.4420950049297927 3.4416804100934377 3.1803299560694716 5.437359463234652 3.1140845799683943 2.8636818810601046 2.4671406725534304 3.3904916082464456 4.106927803859085 3.3711518123933804 2.5862023990482927 3.1626275523146195 3.8211092676060625 2.9569544827092384 2.8708331546476824 3.3346017726608475 3.423719580620786 3.7701485786020634 2.198437152792206 2.4150067273327687 6.832689106386812 4.755441096429847 2.6955009176312146 3.360204020463088 4.203942368159219 3.147692975264194 2.776350611648818 1.860002202439305 2.0799231585234716 2.2358480373241836 3.706894219715887 2.455922928937805 3.054681111849519 2.500103101579148 3.7155612130537006 5.126296482768127 0.0
6.381489889487905 5.8022606689545695 5.440037928011607 7.461670802031783 3.732391103817892 6.308499384906286 5.9586737894101525 5.240302108144863 6.475532021344901 6.263820500004161 6.653509412523248 5.475085242011996 5.420201141204596 6.931156828284199 7.684296268761674 5.069629957357819 5.4769684396924845 4.854510349245747 6.868898936773765 5.525852713902265 6.3215630743059155 4.410235966933495 5.412075482340059 4.458754808138324 4.567374523942369 4.015441324081847 4.82730586555672 5.2853208093723625 4.466563131961103 5.877094406735289 5.5701768831068215 6.125524299729876 4.390818142887638 4.713356946611529 4.232568020509199 5.040846905683438 3.8781109501347 4.090792389500101 5.006408638366236 6.618877371461953 5.797933501322372 5.344266276872463 6.336847264257508 4.812767820046282 5.711781304272728 5.50039788013685 6.413719329848621 6.616164766271514 5.497917725664233 6.207926791398871 7.200443142889067 5.724922289575079 6.591440944519208 5.03946204205378 5.863531802756331 5.979658653320442 6.317689271817693 4.893271323906185 6.570129601382074 7.561893615870758 3.6790786429019606 4.45195772311741 5.223836715334794 5.868940480797755 2.6865323414514357 3.628928570937586 7.033723565171376 5.368691055137437 4.1130846563094865 7.390059709715233 4.2522277146005205 5.519528761100181 4.811622568687096 6.558072581084782 5.705043756258326 4.57672233770096 6.104471307089513 3.393909527131937 6.110087439998448 4.005810511535121 5.067676214615159 4.6435491381005685 3.6153604825032306 3.962743946874257 4.975824626739163 4.317893214835068 3.378566450526452 3.3605663109319006 2.8549747455232 4.349004512966856 3.3463843271872142 3.15210735362603 3.8404149044494735 4.850985815954221 4.927696706625731 7.039766720236781 4.839987110270835 5.198994139001677 6.000575278545098 5.073717688658636 5.508337333632474 5.128844248277 3.9537079986958434 4.983251915996394 4.952639874918371 3.659250565774081 4.363719131134955 3.8781212260695073 5.188899564698085 4.631354075448724 7.476386707391044 4.772283057198308 0.0
6.210523782720997 5.093359462363919 5.067614037250795 7.008076986407946 4.186030957430732 6.095557492537124 5.699403943056008 5.628817773893477 5.771332141597137 5.3207017243806645 6.175963343522141 4.968127345013795 4.862179722182374 6.560072395541003 7.2815504482487174 5.265409684158026 5.659733080220338 4.862882454264006 6.739783664167684 5.437910371731348 5.774296740068037 4.522739094868766 4.894669096811379 3.7250809828369094 4.045592289881389 4.997530523658077 4.4468368728747745 4.388369311459112 4.598533573152442 5.014188582120672 5.051914797084382 5.5288518036677905 4.158507550056644 5.45600216550475 4.187185464661012 4.195931994205112 4.071752546740001 3.523020148028882 3.9766645586113696 6.772993072098586 5.1106219926825185 4.883233488739466 5.6921287328612395 4.595408696044098 4.508761936581958 5.823764393504608 6.109659332050184 5.4895204479615805 4.973838473054241 5.805729040865021 6.010415554838834 5.284658697821195 6.072814373253542 5.32384768322501 5.261951418194982 5.224445483323744 5.688449053125374 4.701787539504897 5.76012889320341 6.063182650986292 3.8230162049319416 3.8167851281663094 4.138456355046574 3.5683075941074436 2.657556443009804 2.466663972903039 5.0261776379966925 3.53078186109672 4.025480509772464 6.532943584583734 3.6600546325622116 4.375366085577067 3.5936640422820894 6.156284812377218 3.6655884838287296 3.4278629314760964 4.277277454493691 3.4712177535317057 5.290958413521483 3.8594930769324445 2.929176225318873 3.1939603672888723 2.192636996874878 4.391544815372885 3.167048498543793 2.810383219187827 2.230787842109284 2.747323351028789 2.018494720052998 2.5696076885650405 2.4876698672782025 2.35274086127394 3.1584708064613602 3.4595138986251337 3.055618082628082 6.702605759083433 4.712939835367626 3.1636219052433088 3.805211961822621 4.220636734008965 4.048207161618288 3.604864202094907 2.9803213841445304 2.7537794348255513 3.340806911393547 3.718595096113904 2.902890519482729 3.007386342928137 3.1124652989541564 3.1057639446683316 6.0299511014825855 3.040418563894732 3.4175702123463374 0.0
5.926070582715673 4.920987261685884 5.073236321587474 6.662157639610406 3.915124007797957 6.022108755807526 5.337140080902305 5.16269512314539 5.585001860391231 4.980083708676553 6.125008093586169 4.8839208472663636 4.811844460127478 6.666243848540687 7.420487096463421 5.286524457195798 5.546334962705586 4.810979686323779 6.730954959598034 5.03831246300203 5.513353091100607 4.055599975903668 4.342609569739941 3.345561041126803 3.3496992593815555 4.7741101890519015 4.01895789758454 4.288124973559594 4.237872483852738 4.650125482943102 5.088364431438029 5.511639401574504 4.198993643234726 5.374912785141698 4.063163251938581 3.694277188544061 4.06326354328095 3.6689749455750507 4.127748259035078 6.34880689205403 4.931772685245923 4.26078139573504 5.203016653224613 3.985254627082478 4.255248238703184 5.011803399629775 5.626842754473779 5.180771181321486 4.901172444641358 5.703910919749682 6.355238576300261 5.226764961107773 5.869784191069476 5.25361886167542 5.007805256977784 5.1816357586342905 5.393753368425045 4.6309509940171525 5.650658419952512 6.444586671051966 4.431058807193637 4.165842074079986 4.0355415000294865 3.756696328041087 3.4345852110059734 3.333026754540369 5.0460308771298354 3.1057251231360805 4.107023402039732 7.116099735645075 4.194402298931624 3.9456349795558046 2.8382451182410686 5.9817836655483605 3.7145737324326498 4.155959201487448 4.545632439827565 3.5463080147177277 6.0982325761769 3.3879302085401184 3.2385704219442504 3.09866987328651 2.508602139090825 4.06120519542761 3.452770103310191 2.925494367351021 2.933310991572738 2.7631161252479686 2.014644305985571 2.044863465481424 3.0214274892958124 2.636223527621384 3.3683105672015214 3.3040489212581865 3.257287922345541 7.325449931692028 5.157456756997166 3.573555872795922 3.907498506969677 4.59574350906417 4.2648979759108885 3.668283915975667 1.8909976233941348 2.9499950640816235 2.7799058389013047 2.9292057969056224 2.6858565063726982 2.828489729277964 3.1013509746867056 3.3507512334033933 6.265088051868415 2.363863993264603 3.650632522599399 2.049067030379191 0.0
7.158126435143912 6.232208386879233 6.08624426124859 8.307618248685268 5.701700068278626 7.253922362747032 6.827941803727784 6.946661608426808 6.794013882185101 6.583731409595006 6.7545844629904135 6.1427018177081765 5.987579913344548 7.000146925249664 7.849977156672044 6.434501774821095 7.013230855231757 6.2049841224663504 7.641545976672844 6.854661946678655 6.705029259521112 5.646557158847257 5.833776746882877 5.167446073470933 5.272941459228902 6.216085483865204 6.176816012557212 5.786205470723338 5.618605995680098 6.062809105575502 6.12263001186784 6.703158859997151 4.9213147339293934 6.460483463930301 5.757215028000971 5.508812985326665 5.866478775754583 5.231218017191871 5.079007457702191 7.897925646452887 6.252517391560046 6.049332368940167 7.271212290694762 6.005902231172111 5.814468178190638 7.185989627908603 6.86260087464634 6.712371577239999 6.082167085409951 6.750948322799411 6.619889837279129 6.151317577724851 7.233620022906093 6.567344262827494 6.771842891480373 6.551127576203219 6.990852442517376 6.187044836301347 7.342553794997276 6.981448325681479 5.0259921375996965 5.568625299729663 5.240467576269801 4.499701437880684 3.5470359345280933 4.032428427832063 5.462932449301338 4.57175654401369 5.902261724176465 6.723187627618425 5.462589754919011 5.174965078183855 5.380839963999608 6.7314119604538325 5.315596901185513 4.258846925004192 5.10803483922385 4.978662023116159 5.962619620735475 4.171233292967796 3.1032864652622743 4.219265908484403 3.2667693241937714 5.646130337168039 5.29543252429707 3.950418998701723 2.963864321651306 3.3619814747178762 3.8558864284532444 3.8075717668314435 3.7742339053700666 3.9062647189286928 4.6115761860394375 4.055191052827591 4.385199692603037 7.0402038298198635 6.545015673851823 3.791302277095347 5.012919393153166 3.3110480379320943 4.279206180677054 4.798215834356583 5.051091797175114 4.182348819763395 4.302760653767106 4.763654308810657 4.155608175970203 4.749828418354221 4.403787681092627 4.64170556127891 6.439512575497726 4.833893909859232 4.599737123457038 3.4443883130570794 4.326662309394307 0.0
5.890973226860767 4.462210941402545 5.3188637377235555 7.019392578662306 5.041858268882864 6.342443810861293 5.2862334048305915 5.563976927975999 5.409751992958146 4.945850835888476 5.930094333922521 4.674654078518493 4.843233960047495 6.802712397019031 7.340357360465648 5.892733123021577 6.175650857817908 5.6699047158747415 7.145551328721182 5.153693947326074 5.414701088219453 4.241197755677616 4.243939707205582 3.4789334328002384 3.850152374733255 6.206086064044305 4.6789885942158245 3.7663587405855563 5.2278275790436535 4.222758299747565 5.6801276682876685 5.50846611347146 4.289790429140778 6.271610621729394 4.494076700506726 3.913671557801185 4.9568883048850125 4.001383124593188 3.571572985067539 6.37153130993256 5.049159221586007 3.898011588049697 5.567898116181795 4.014991096410463 3.8728204506178474 5.40189303378036 5.59686077730923 4.896106101475743 5.040898286921749 5.828073813346582 5.534312833718195 5.2529057264458645 6.333497240290251 5.902447090544682 4.779688830546853 5.188559164085236 5.453137377135839 5.291912031390665 5.94174938212774 5.018386617594746 4.907496038555594 4.291934705355439 3.5248186732912634 3.7144143570783377 4.002934201057628 3.7583457200229593 4.118859129578625 2.0517954937487817 4.851753104922577 5.5756001451063195 3.3918340986032613 4.788855562199328 2.8896504442266155 6.429470586427611 3.4517695683187304 3.0000843680655063 3.1932543325555005 3.2228400887675908 4.958729139404117 3.9313911918631397 2.429293029787016 2.4168811642166625 3.057933424992383 4.536047326591457 3.152972805068719 2.401037769451305 2.9134177492468245 3.4875039681426574 2.634539447788261 2.269953127897861 2.9320989247566107 2.8169683438639117 3.4615565645653668 2.537325493122018 3.010879970449035 6.6806160965428605 4.934439821051466 2.615799586579759 3.900451795169562 4.409217832127233 2.6400032059303165 1.8635268345220681 2.6462930859834533 1.797680900348467 1.4124915537203881 3.499247077151311 1.5838261043900679 2.835888871415197 1.9372537094928917 3.7255492106642687 5.152949600146769 2.178068421362807 4.991485817750348 2.984595679235566 2.7471827951229435 4.259900409338857 0.0
5.070620159316662 4.653245636506208 4.82797457859307 6.575336272174377 3.6879589158174797 5.78983912164317 5.142259074524349 4.791655740886408 5.095625374083579 4.808966554621593 5.512649914063703 4.463418422290914 4.7825195537476874 6.447712401585245 7.051263707045864 5.1672362738472675 5.102723920103055 4.609503068825587 6.6448722466948995 4.464805177209352 4.509388546678368 3.7179337204918506 3.9993026232710958 3.4572401264138675 3.357386699659218 4.761002707951744 4.555288538715534 3.963910901894958 4.236729241351272 4.178644707791781 4.925107864391035 5.130572678529398 3.547999092565981 5.041614174895676 3.6337743636753843 3.3849223824009944 4.1215178393840155 3.590076995122093 3.530182441593753 5.55616028237815 4.3009286933055835 3.9928437499003486 5.3051911659059465 3.577399054535057 3.6477229420086643 4.7772649168857155 5.196502118174419 4.718281826688389 4.355515532587685 5.3148834591600735 5.734288412909639 4.947086632162223 5.879455104814973 5.147871872602262 4.209625188326488 4.421996427555491 4.759260654149332 4.821399717243779 5.509248810726372 5.85630111376066 4.568407831338333 4.033511607135262 3.374392401661763 3.708793779952283 3.01940554010772 3.0657776260778826 4.6623457696356105 3.1654257342076697 4.1899257165477835 4.820717078874076 3.17925290273082 3.970848728050472 2.58000761004101 5.042679851752014 3.5272381239111406 3.21463497446949 3.627394778540219 2.7342312868223653 4.178763781771186 2.9480610521719353 2.753516872242787 2.6498253764942143 3.051793736495134 4.17319314396187 3.252910336003372 1.9863387339316412 2.350374881260088 3.1171807346040796 2.8619248957706738 3.1095568897141956 3.1107342808425873 2.731281113088565 3.4428169088599216 2.6712339181767493 2.988074529589699 5.379486435152317 3.8321964315729296 3.045227306001529 3.9801985223934397 4.051080081701129 3.12423567486949 2.66133149397679 2.3108814176803536 2.6625237117227374 2.436710168308799 3.2796075389926083 2.5307573759221644 2.7090111570885407 2.356389953822799 3.527415410612493 5.172867799393048 2.2711092554950336 4.161508591049739 2.836026440725405 2.73014386657561 4.142401575611646 2.2396489591027877 0.0
6.977212886554144 4.991833878623955 6.559329068522877 7.782657943542393 5.892696943416343 6.8471294225425305 5.8828207385100955 6.2597595686113445 5.687366221566943 5.9802738825137105 7.0812480143124485 5.341965712391591 5.553863715810233 7.086076228128769 7.976197826958207 6.616208918348855 6.851965746353585 6.395398315775893 7.783390380977342 5.667029694624621 6.583022707862158 5.116590381594616 5.606851170899217 5.104653138201426 5.477548304050948 7.453966026691969 5.311943936128964 4.530756021961051 6.334097251445927 5.294286863717578 7.049207308154687 6.616838209979852 5.144679989611454 7.029225609865823 5.455608751522333 5.459346255889438 5.475786119804351 4.890278255516213 4.500057810073303 6.511786019690476 6.073773095741738 4.010090086064507 6.387838764392449 3.8970216546287135 5.189716158121158 5.341579638848623 6.038730211907556 5.872545463274455 5.8288207198697854 6.598981807912832 6.542537732971936 6.520965956047212 6.98793678053937 6.511361006452521 5.617360645616522 6.5906997279009545 6.258177067996071 6.014057197642001 6.844873191839113 4.404381028447553 4.361496552325214 3.172047593611529 3.824552825914762 5.674886566368383 4.79946299187071 5.038399264020559 5.428442384281571 4.03784697769561 4.376092766710209 7.348338344452216 3.742845663781403 6.549751075189255 3.898135833900694 8.626353992938535 5.855384111168789 3.4452267996432977 4.021369415697644 3.150750361142683 6.105535030470386 5.039902934274338 4.8075137229035585 4.274629367982055 5.004199834151509 3.3204763373506854 5.175009391948194 4.4082294783886615 4.405821306136892 5.641511809593257 3.8231809035459166 4.424051171409631 3.2869881703939114 3.9250382764512786 3.3453376223533877 4.273078098209414 4.86995759551145 8.246437157462617 6.081643610379801 4.23261965933934 5.636625297428204 5.6667509220339225 4.302347267474526 3.239801505316738 3.9778638623227893 3.222189042456385 3.9101216300217727 3.7545120168763506 3.304422472372396 3.320717389658811 3.872468891335617 5.975713672831603 6.544057008730068 3.422469903884182 5.195546286097413 4.668888771879543 4.306413781764992 6.3141151094934145 3.8217804249232263 4.357613078960962 0.0
5.837515957819479 4.472806051792908 5.007863990775503 6.93300971979544 4.828815119649732 6.170122156198577 5.141152897218266 5.55189982979212 5.262279106094378 5.201848323966193 5.76797457950964 4.7910138979407755 4.803579853529487 6.358134168006838 7.004063266234841 5.946443658078376 6.0729369532626 5.696113589759048 7.108836047800518 4.860438356969797 5.491259737494476 3.6495751543970796 4.347052905772225 3.8659747424138367 4.131949113511312 6.205098890616913 4.682976052980367 3.8765502981146436 5.236182082978712 4.271992844853166 5.758049842528762 5.603071562091585 4.068709307005152 6.283791524743545 4.57463002532854 4.1604156052705745 4.992241315347058 4.136035825467763 3.7519276635603207 5.731455228403687 4.968338248479766 3.1933813865776637 5.616224622010069 3.1274185268634462 3.9292219115823537 4.851463325818674 4.961476728513747 4.944695557213063 4.84640608903101 5.828194380495945 5.375832910846845 5.292563030028082 6.2443315114002935 5.776892192035094 4.923587518395724 5.265446308857891 5.45397385371946 5.2220428505364245 6.024225766116117 5.361548262882565 5.042293628765575 4.49485597261664 4.06552343476252 4.333988690148419 4.322484201935333 3.9294827543659765 4.445204307545257 3.345266038593167 5.067172991035372 5.800316697814836 3.541253902863276 5.271974338864919 3.6615730536792817 6.825928109850963 4.2392621645735415 3.236459506487446 3.8689143331062668 2.902750024822432 4.871173911825162 3.194196771503462 3.466520154274543 2.8071280308352122 3.8088888782520014 3.66003135864689 3.716763796291897 3.2419338465171625 3.284853594239861 4.157344907863983 2.797395330705228 3.1266068218758405 2.795453384538697 3.201574726011662 3.448110683751276 2.2716536393881066 3.5390752723189385 6.490231480580063 5.1488411784321295 2.9984642793017784 4.357050879385617 3.6083114216977155 2.940611454123118 2.6727830590243924 2.8436502910830845 2.2669484203454755 2.3103169056343122 3.240413714495173 2.1594197584054986 3.0090676878948903 2.42383386493666 4.001228702871042 4.345744030584569 2.4970530929630597 4.76705644119174 3.757738490732623 3.5290111829056143 4.4872742561440635 2.140610689154725 2.8771216270406637 3.1854788609345963 0.0
4.932576548181655 4.21961592294143 3.7838647353511554 5.539744284455682 3.5267039514217706 5.207334020069743 4.794623144742607 4.74597775575472 5.184609441570579 4.250290709797807 5.1772451712320535 4.772247007009373 4.39261838175955 6.080982007191091 6.317612108367717 4.890061660524457 5.042610225997585 4.5371673873954315 6.06121033694737 3.9339762992023046 4.591769380365018 2.967317557412577 3.762687109653083 2.9739400019457367 3.2729230982027935 4.8053144916724575 3.5645488461859682 3.95868533584083 4.131735938628385 4.07513214047517 4.588192846755943 4.6492789447757055 3.982675135590981 5.290230273137086 3.8060916308178365 3.1315774005560875 3.892185830749039 3.506669353908522 3.844715304517225 5.042051818402687 3.800740542979805 3.5592325119558734 4.223041356139187 2.984554473813359 2.9708788542407465 4.376845731038228 4.565620748795307 4.13294949435059 4.253848590122228 4.951665288188473 5.010218091307514 4.598378063252708 4.856362357449973 4.727295126708926 4.145473214762731 4.057325438439857 4.482576884544812 3.9231761297700647 4.54310291329328 6.8094130356670055 5.618380126283004 5.115885184814354 4.917352583233896 3.302206052360648 4.538366570121042 3.1367899525391807 4.553073849912495 3.800398819133185 5.16059305330881 6.117974181567544 4.51668705591095 4.545945918782528 4.072991137663332 5.512317045051449 2.7081216136373207 4.425450963667277 4.86484925498831 3.720470781704669 5.117664176151434 3.089993409677779 3.830448955541147 2.9202015090774145 3.98340820910309 4.748223719627223 2.5195286808937887 3.373817623059153 4.022453122490668 3.9994433260889135 2.9730426456866192 3.501930724067629 3.9451535457050713 3.8424335654913144 4.6055507596744345 2.7481354018031885 2.6712235245949243 6.036607157723649 4.704846270695152 3.4563647692581485 3.0538923849065225 3.969756469790069 3.9224988479755676 4.181155207622269 1.8762513867165458 3.2360648622150108 3.009914154909292 4.040893198565487 3.153348924075304 3.934578543325065 2.9206146441946466 2.0650416671526086 4.229415841622413 2.694105291037088 4.482569957441189 3.0818666905541185 2.6862221824509236 4.837736490382152 2.987378758860907 3.092550415155754 4.839668795454205 3.0379937664484804 0.0
6.807438075832863 7.962721327860702 5.753666208267496 7.106817744485497 4.546417213731497 7.127121685875099 7.577285036550847 6.587653002116751 8.077942800934466 6.9948719696907595 7.358299788938516 7.671416857787379 7.283564940224221 8.294641100815916 8.3921316009598 6.391506604517418 6.027100954195967 5.560732077376817 7.371935716717341 6.5003891738159485 6.712978185128323 5.805724181947602 6.715861654785023 6.255081457802692 5.7637586775157095 3.875335999715864 6.333123804093943 7.6525513016533 5.370899143765486 7.427416055003028 5.70568779250112 6.8156468642019625 6.6275464465523735 5.929015263059673 6.024113591303244 5.727353117364118 5.937927205075735 6.4220851577800975 7.503242632872975 7.255431004724348 6.131663002593078 7.215026193322369 6.655379822620826 6.4770814527760745 6.509161238664519 6.674282481658614 7.250490902127912 7.158812714322632 6.4873770459782705 6.815558038265498 8.331852910359515 6.852028398943605 6.824927322485811 6.29744027925725 6.916134885723821 6.044894425119901 6.7970636441302545 6.018164903381385 6.590504685434797 11.21893040299303 8.309605797515493 8.181508034708207 8.289491619014596 6.562687617994926 6.76618626552542 5.819234109008254 8.315238020156952 7.648128691171338 7.710149063466882 9.004572157754945 7.834690989723632 5.836456461443899 6.94856253055489 5.2032992226585755 6.308523223300019 8.275895930391233 8.758563491029351 7.189225963833972 8.155943686852627 5.4191104593883015 7.37390758217925 6.729353437693842 6.546326375824499 7.213667458788446 6.192786671784348 6.870756122631227 6.7674358084380755 5.851402766793429 6.243165280765191 6.832973954798384 7.372547990796086 6.697910562869696 7.5729312292435536 6.835636010667919 6.538105315578897 7.5813878351158674 6.802722241303609 7.561956821583661 6.404690356203851 6.8327108242336 8.050460926297584 8.279773183882384 5.547135052141903 7.60371734573315 7.133057177896541 6.614644901504485 7.15588890416299 6.919811465710964 7.079612710126957 5.035181922794545 7.735258955434241 6.671758780612557 5.750154645977752 5.996880983702462 5.545217632257495 7.172428857980465 7.299331351603425 6.17056716896429 8.835537445468015 7.525598591175565 5.225477111509108 0.0
6.265554041352671 6.486567656627661 5.152099033024365 7.180091246508016 3.489847540966423 6.746257223281098 6.179775381657468 5.557402471394731 6.629541979380193 6.281958521122023 6.529440378292206 6.000436623267573 5.968911568862767 7.478832909182772 8.033079386475988 5.994687678556144 5.598493827705395 5.374331629335291 7.511169620593624 5.169358595266894 6.078646776816649 3.5180012903101523 5.353163203278873 4.778584523637244 4.249542560056065 3.946751112484015 5.332596076957265 5.671022922714584 4.693469812971648 5.749997426809927 5.4261988250244935 6.2384541181218385 4.980241819975579 5.735664527413586 4.642090570141671 4.545640858461587 5.018650483133868 4.865130955168074 5.715171590402251 5.9261603022532485 5.621993929832841 4.549507068695088 6.161253005722554 3.865589485788913 5.355954462517913 4.706540050603068 5.6940171032292435 6.234721474481121 5.315891693384381 6.479290067578519 7.362253948812779 5.928511785201707 6.863594572649964 5.803034042043126 5.847884915416154 5.413287548882796 6.078768472279005 5.499128091012644 6.522772288184204 8.480337323142534 6.185586127790377 5.942201861352733 5.8443967368055585 5.613630794841591 4.691675812762485 4.618459171434031 6.907448735352829 5.497099114064868 5.772007824728081 7.357963908439265 4.94827675845494 4.580763009790377 4.163941177499148 5.414725524277683 5.215143193771082 5.6724739853155075 6.480942773194174 4.118241246611243 6.596341976279092 2.4541967121461132 5.429552201073019 4.605456279186952 4.229777946601369 3.6797572594167742 4.773299664240385 4.788198132072215 4.074872286994534 3.674178656153563 3.573915027111081 4.260882705476288 4.464772273375837 3.9386142604272285 4.659415573429552 4.107557296406418 4.815658172315358 6.864890394685611 4.723697605075072 5.51940290937326 5.783388548924117 4.810679410405837 5.697845944591245 5.339007868377152 3.004913282942341 4.887605017508873 4.583444269681232 3.6167719751407708 4.496966005352113 3.914586276320738 4.781670863038286 4.313260232162318 5.8803852099096945 3.806943632246154 3.886381705960964 4.439590883976603 3.6626530750172153 5.527829297352259 4.60093901847824 3.631064777718045 5.3148761263369915 3.966548922158381 3.7530748092022974 5.102179690734694 0.0
6.208573336464251 5.723267596823471 5.284017287757844 6.704555521771911 5.03207239100918 6.499189238224703 5.770801240895167 6.071750324122472 5.746246085290091 5.6783264490557555 6.11007016256096 5.843717931955504 5.68270932779626 6.767524793409466 7.281681088793227 6.538692068089146 6.232211061312189 6.091910689455343 7.393301694432241 4.812271422711673 5.839715568998644 3.6922403140887776 5.168381181145365 5.166610638346927 4.874910933241371 6.540698205152347 5.395385072235201 5.289930228388017 5.6411681613329 5.12369495460015 6.074669627458028 6.12671608188355 5.236002102736471 7.002679781245023 5.444048124531296 4.677466494987744 5.860703650688715 5.362247257700604 5.38558808885445 5.134752112373985 5.33233654166588 3.2656857515781637 5.658291009110287 2.8497158336678234 4.689767691889091 4.2783800764115165 4.507634322888404 5.214277239728499 5.149212509924216 6.16899029768389 6.179398209542367 5.956657473137532 6.386955782519618 6.331350847352715 5.532604413806811 5.53704449806311 5.644040063206765 5.741734560369189 6.17134035610113 7.56813120626495 7.168891807578298 6.239105499770545 5.698470011298935 5.239120661617756 6.245511578528952 5.431993751112621 5.5367357550841625 5.254867615935157 6.646470876578618 7.478407594478478 5.745294575757353 5.447826833952812 4.670512634905821 7.0442647110389975 5.418672182599794 5.702912814968017 5.735105367484306 4.903081730604999 6.7171990089476115 3.3193175415993967 5.5997764575708455 4.431937168413247 5.774437571759929 4.2101450919632 5.260997679311336 5.288281453550113 5.396412429223779 5.8592785629509185 4.902792940934323 5.146271351973508 5.208446745594533 5.382169678295371 5.458753911465243 3.6582580124887762 4.8772423999086225 7.539961684666597 6.359098081446203 4.994026278087187 5.179317931087483 4.565404197815066 5.097078055705584 5.194735141167324 3.7907946821666383 4.61752024266087 4.405737757817343 4.744468697318453 4.527962117436674 4.776945626694317 4.50641539007613 5.191717079603129 4.516796781017135 3.5842552375610026 6.151611285622459 5.755172271402197 4.913403809054668 6.5897613573532405 4.6914497789488685 4.641527037425456 4.464931510914473 3.3177103689023584 4.062507964625171 7.296214197141973 3.6686288420666937 0.0
6.020487384241051 5.868286029738503 4.444002012180754 6.504430910257845 5.004244783233033 6.560244795220047 5.832484753225247 6.421050125782495 6.114692291390458 5.467334600666829 5.980027298812914 6.147808887397666 5.687738251441869 6.659346728156281 6.910712677227352 6.558631103090649 6.353348913328056 6.205829570360462 7.380284433635251 4.934392279248331 5.718528733726879 3.566725533242699 5.092425443693151 4.843647076713486 4.633641527638883 6.220128066496122 5.324454697160464 5.6616455706960185 5.529390970197837 5.144951362558401 5.633125749040865 5.9884423606424955 5.436321283101569 7.27664854712939 5.532993976224284 4.46885056923929 5.814093361999335 5.3951060489014475 5.634611378890949 5.455467710876594 5.022744937766248 4.333017829110473 5.352411738118769 3.824492592811157 4.455476858208887 5.365570330557637 4.904279217011638 5.051516394090628 5.160995995763197 6.156900806234816 5.472515633604393 5.484207157584926 6.219553237676196 6.414168069290473 5.683128435078839 5.090185582892974 5.6743544760392925 5.569912718375601 5.792560116665619 8.36175467523703 7.9129335000015555 7.16834469696132 6.600742135871927 4.500101547491752 6.478382817849134 4.892202415722039 5.1761609496110115 5.357355935936942 7.511390796889072 7.244045127972291 6.214055336739192 5.114724994782366 5.365364486928802 6.688690804220223 4.63241011864589 6.099828920984074 6.063572223912514 5.666090291521186 6.461098138801454 3.747941491327596 5.345186294014785 4.232903834583664 5.590442391733009 5.5229588481942455 3.90244505365017 5.182863750341431 5.5530102004867095 5.57509715962003 4.92751258387507 5.023381351577997 5.42424616515281 5.416290146760448 5.979491919399193 3.285531396497387 4.391005405508661 7.065997607014562 6.197190891297173 4.771626320681239 4.457023183440838 4.08421488404903 5.387133225460551 5.596984178892299 3.856989009890832 4.875780005829003 4.515388148582092 5.403354738762114 4.5217757418525055 5.235113340817959 4.261341883702287 3.531880897917741 3.4533921591688426 4.037518322916831 6.383425586495549 5.286401995892628 4.814456640226096 6.088841266379611 4.53239139981236 4.747054162049989 5.896929315262736 3.775626012529814 3.113172070261442 6.364306911124908 4.192499457401771 2.9979691429913506 0.0
5.5602534700521495 4.30987567839342 4.8143469640082674 6.339923294225045 4.206349156549116 5.78632077262555 5.05767523712681 5.1883495407762075 5.085055418271072 4.5185818028800036 5.702374685396706 4.705340996873684 4.600662410704976 6.304516827487119 6.978968949509836 5.4351536633797775 5.626319779696888 4.961691889637744 6.60862523091105 4.571299146717275 5.018346423377842 3.678870368928556 3.9568771488085877 3.3048672015432237 3.412589428536794 5.525076165249195 4.005190600411739 3.875369765359883 4.518298630150336 4.121423239263593 5.1999594148209205 5.240811515974896 4.017061011653591 5.735502959308954 4.201331847363814 3.40118528940985 4.374931610224836 3.7644240638326147 3.64132729855554 5.72156160340794 4.401698317390994 3.3906903074268855 4.862346475833206 3.133795331474853 3.4167810744761296 4.617398536816455 4.923084040585611 4.428286107659154 4.588083949522756 5.349525030303574 5.537648775593539 5.084757538432521 5.520014892118126 5.359765876912972 4.523401537165888 4.872463595774915 4.930489280146506 4.6317639112590605 5.332508889964749 5.819843137102019 4.925146175685474 4.194136929777265 3.7866753935018096 3.184416969737138 4.026528013979969 3.4543529482188156 4.012601526618955 2.565412298083481 4.583148014526193 6.470311836323924 4.170279000248741 4.237776487723851 2.8884048698400684 6.141523989383631 3.3854272040143956 3.689792482022637 3.8149591510705023 3.33534834002066 5.519760941610416 3.0272177313632156 2.847678288739634 2.5051008863440543 3.3151244726777445 4.009025041244748 3.2457722636388957 2.77049717887004 3.2571473344685744 3.624909326683672 2.506037583431191 2.459073588973711 3.1486134440411706 3.1345152481968794 3.60069554188274 2.381347349492173 2.7388660311943926 6.91811284087608 5.315027492580185 2.768133223655804 3.1694678278467494 3.957769133272058 3.305676480963809 3.1163125000892427 1.670342512127728 2.1106871266410647 1.9880218313370628 3.029012865348181 2.1172016943733016 2.9364890497688725 2.117685501295107 3.3030838578417816 5.0223710064776 1.4948067499438478 4.5023471539932025 2.7621503861272183 1.7566105284667317 4.4342195148980945 2.006367725848119 2.4488540131111773 3.7125935490466975 2.446135856167762 2.0491429697365775 6.092872308389562 3.7910427822378243 3.79588320771674 3.8193453101594232 0.0
5.3654054829090105 4.691417054736395 4.38064061631918 5.8670378651700466 3.963148592169539 5.427233461119389 4.983980862305853 5.286119519182665 4.867608575030922 4.313792529630748 5.585958395576063 4.76962365636036 4.5526811802636535 5.897789803502269 6.59343225395573 5.353051036146292 5.181961944485802 4.520626554457004 6.282272141033069 4.602515549518901 4.874251514165134 3.9520816684601137 4.234233218973027 3.700117311383751 3.632152568448587 5.2691992758477255 3.8855890891412947 4.168628856713198 4.420885001529365 4.188973989780235 4.729564713328731 5.01569874362866 4.037833156190293 5.6441171017831975 4.186528410895182 3.3073397431666467 4.2781217505954405 3.8337709454117754 4.027141044025739 5.649800115159156 3.9683123896193098 3.7907633655575843 4.613809027245341 3.3128297402446503 3.277408236564885 4.738207189887183 4.8863986589304735 4.112874427679132 4.142099261097025 5.00091014295012 5.326988599109869 4.968386580179878 5.174209253413937 5.159121843764439 4.415160104882399 4.439114167640566 4.5844599329510825 4.408923412944944 4.801814005374025 6.550735864970299 5.38786395607194 4.398974962575571 4.366717159791739 3.2730916792210447 4.582006068607138 3.2202726174999694 4.034242086959331 3.5216010063725363 4.767311907666598 6.832995004071948 4.411749920350132 4.194228861139988 3.243593529279664 6.14757196536171 3.632874747544777 4.48478111853223 4.248467215598583 4.126669331071758 5.460609635690975 3.4938705474198124 3.7606335220534444 3.019612746667701 3.886356556417594 4.020604214047804 2.9769146046813604 3.428635287069662 3.8015704844851537 4.335855430683669 3.1258049130021597 3.2385186451283077 3.5761462350943933 3.484288077032484 3.6783505160757235 3.2148844229943325 3.49403987130157 6.760829019516663 5.5178731956499885 3.3595508890064414 2.920627132215525 4.239736900592203 4.280369663917627 3.8764360999558716 2.2578408627659283 2.9055727865986247 3.0140458625309337 3.4807925083654827 2.8550515918872206 3.0064344819099382 2.3432455113692554 3.071622119474169 4.907900381334258 2.3522968282250307 4.856985967191166 2.961013355372242 2.281138414702103 5.152859268524535 3.052875649723852 2.9811132441929304 4.260804706998805 3.433265845264772 2.3174647703246842 5.595027886816154 4.0966830620836525 4.157969243664609 3.8535356218302783 1.7274024977518512 0.0
7.068694532621454 7.079760896504902 5.5475142657965 7.751611255850886 4.165563629123452 7.065379199232019 6.751583729045359 6.316692449191941 7.116966553147711 6.725774387871256 7.046176578997573 6.268118714003215 6.171190678861483 7.674451604964207 8.380941847725943 6.245413412689798 5.938901416343992 5.366287292430531 7.616857274840262 6.474056029181699 6.9132276733263645 5.010633514036652 6.100740277505298 5.186979218211406 4.878768509149407 4.004454943556687 5.608485131776801 5.943871427867114 5.126530726312569 6.358644659159515 5.363253747587985 6.476523427510339 5.198424725783704 5.807241874738251 5.047015376553618 5.065908856710707 5.319696335545765 4.949691772351662 5.946987873119068 7.540447877520703 6.1619099906006145 5.658934613885185 6.915227955883609 5.28271040764236 5.900425849490982 6.127782598666634 6.877101613084313 6.829413850062861 5.672583833640847 6.72348251229405 7.695018485860226 6.2922467432070714 7.300946143118577 6.04987004992087 6.5291232335374385 5.908785899984998 6.7632816890110155 5.743318600467778 6.882864359379284 8.548938818852532 5.438011804398013 5.464600274523346 5.964388714271185 5.687450562698304 4.2677884047191785 4.1722592922190636 7.040876905878212 5.51745271714989 5.395878647033211 7.968617857354515 4.635185880540402 4.849628217528675 4.3740820031594865 5.850955375173342 5.440022487393027 5.6552254274701665 6.532637660638887 4.62603744234713 6.720366139029754 3.7106802042665072 5.2974318808864425 4.890756760216444 3.2596327635303397 3.7117018952711267 4.782545431889486 4.932362410800776 3.364814430908133 2.9570431510622908 2.901062871660677 3.593468300209993 3.8366057722551745 3.030889394048565 3.730720875744719 5.01976515110097 5.342744900601702 7.269251770404448 5.354258718805904 5.597071422515129 5.731440751878961 5.1468790895176975 6.073339910749383 5.43321413071998 3.8100430371966283 4.769626345131917 4.844475751340496 3.4098922030944285 4.468548018643404 3.325801168181329 4.751742082094086 4.204167542714422 6.713422267121781 4.459430926979011 3.3769161823033365 3.295067230819364 3.177492078009669 4.732224939140071 4.680590516676748 3.8773449649296134 5.815264142784268 4.766236413758123 4.193264664280969 4.813253249847922 2.9407315140756816 5.642196397932859 5.516889486229611 4.0519704963566365 3.8917201743025864 0.0
5.7924204212273915 5.339478995060327 4.716080278095908 6.7201735007239085 3.974108390384728 6.091948338359788 5.409816912381119 5.521242326473799 5.41845899704702 5.100301559853759 5.846666079882694 4.898462861928875 4.9279537092117875 6.454890905273079 7.225778584849115 5.682740168241157 5.428596367214574 4.877049718681625 6.888730108304802 5.140044145549991 5.362336349419439 4.011545334164624 4.529426008796614 3.8559381614780914 3.606718251448045 4.874723334734637 4.562385904523818 4.379573403749196 4.525844375894943 4.566131453097705 4.810543138400656 5.4183493688582125 4.017035841632769 5.721033326865621 4.186919897849181 3.594535793084385 4.623237788529439 3.9302718294639187 4.229505555909212 6.2435645363921815 4.7199559739889745 4.09380144301103 5.502993957939483 3.823041428015349 4.038879272328523 5.159532224657273 5.432611731331862 4.963664124506818 4.473507093057807 5.62274206146388 5.94983155344562 5.1489664921554565 6.150172882851494 5.541122259640814 4.972636503625503 4.75248188767708 5.285892919155641 4.980073892017278 5.661458117998315 6.618617096967562 5.127967722902463 4.508336847192293 4.203685899999109 3.7484761004840252 3.8704403849096627 3.1917399726183495 4.688112363777128 3.469274412748013 4.787297053058101 6.416479851220246 3.698258006079335 3.7690598658412258 2.658601144506017 5.6531283134958406 3.83836297678714 4.143879730218306 4.261002380890304 3.725887593224958 5.2942360415714145 2.9564234383842267 3.3345270750169713 2.9073570775074824 2.7387831358837595 3.5849612494183445 3.116240387176589 3.0469606481127873 2.5558456285501787 3.0967712703799073 2.429290477240463 2.3392779523035125 2.877681196749592 2.4625887527105763 2.939663452960808 2.9601101846276747 3.631436810759954 6.451842510275016 4.898592642380808 3.4175707744383965 3.798823797192898 3.934772657940242 4.08453957665493 3.328330264501674 2.327947964563014 2.6884213391099148 2.685070716713705 2.880136061159681 2.469053417281938 2.116172920472681 2.3156998642944835 3.128700165928743 5.0816941257819925 2.249239356047848 4.344667729295853 2.5381923399761974 2.1132273704342937 4.256487740242724 2.4593521200972455 2.0084110775758925 4.3609755364842355 2.9285508123698176 2.8202065937656684 5.775722221351397 3.288256748344299 4.241938209221127 4.067696782433644 1.9771636495193807 1.9124235663376556 2.892292361142857 0.0
6.586548346550934 5.434673020772213 5.262191422243594 7.134057325999884 4.497790362747327 6.472532861741414 5.675110287003003 5.708980004798509 5.984238266372209 5.7922445353024345 6.364167974742242 5.289068946487059 5.188752400125465 7.012160496633844 7.6527200957406425 5.965451529832089 6.007833034421202 5.613520407070445 7.26860620535399 5.175464715693694 6.349136163644962 3.6958810948970235 5.115407460897703 4.316716274973123 4.423276640346164 5.667302584983695 4.6928785390096195 4.500931791566518 5.26515877262449 5.169412318334672 5.745858313498136 5.913662906566933 4.7212513206016 6.2922837770919084 4.674545275777675 4.5313451013609205 4.964692817166255 4.250601489536216 4.6857021230145515 6.170594538289776 5.669355427655011 3.382631059450643 5.880012330593 3.23699675748173 4.84760950337184 4.620462339863319 5.457639839529106 5.717687664478824 5.198273454548988 6.223354812214422 6.479532149926877 5.7571587808528415 6.609522562718133 5.809276081954064 5.546470169056939 5.659761979082463 6.037637237548652 5.187964570730716 6.270077189032722 6.5781919853433175 5.098628000017825 4.584356125418258 4.7780257946137175 5.08947726890207 4.5085630755701 4.286856681191286 5.820926984617638 4.24503025080818 5.015939879433707 7.446893608930169 3.859260079221508 5.267998467970349 3.59264992231377 6.957572776354663 4.8312207488031245 4.288471834361622 5.184533529776442 3.2098008056419625 6.341422288489208 3.1967728086007274 4.690823071078013 3.7451743740456047 3.777074737487962 2.609378525586139 4.363524518653677 4.331879892422786 3.595313926216223 3.9628172030619084 2.4393510991997274 3.259728903551069 3.124500436630467 3.2102819892242827 3.4390538748266617 3.500359573824514 4.240325521963369 7.600771849942133 5.231011377904877 4.388680893352731 5.06441280185533 4.596742841127489 4.5234964990400135 3.978650186747469 2.729849073945634 3.3291999305197226 3.514468932891768 3.097897089273984 3.16377761587016 2.9207669497310116 3.8478897552320954 4.39120952458329 5.523114148501631 2.8080632110484673 4.00657182362581 3.780281995117042 3.157833010140603 5.2856734308009985 3.453297462055476 3.6978920473201278 3.12216443455746 2.440784761368548 3.283879030101775 6.774999219324717 2.8763264084169253 3.064253559596689 4.064301062646032 2.792889805453327 3.423177979696553 3.7357261383985705 3.070087901665628 0.0
5.915785549493405 5.0828747739612465 6.0363866909841635 6.933973355550593 4.929117733636094 5.991337484448724 5.7334408385559446 5.1346012803744365 5.541079523294043 5.614353881535668 6.357716686469453 4.751180204249959 5.353854631680836 7.249077378870833 7.500065617229601 5.405366235240253 5.359450539240868 5.210378774606631 6.8726924245995225 4.859458497085264 5.554190304298736 5.175143459863284 5.49403208145119 4.842404534356031 5.283844718772608 6.226131578337233 5.191126345774089 4.308052063466459 5.711340771385121 5.2772761354814275 6.0076911229213525 5.521457233271235 4.883539513678026 5.654566913852388 4.184749718816985 5.032241802724449 4.386906915088168 4.043606329176193 4.23622862569143 5.904285490801186 5.477667029929009 4.955616881882656 5.827284099375943 4.603195382630725 4.942553451076048 5.270459219501879 6.267126476265511 5.582295073413025 5.235337593666678 5.936329670185106 6.380359018029449 5.919589484493688 6.452807201670955 5.4798883961715195 4.374648524824077 5.193011018026995 5.335684670539935 5.277783072008254 5.708387060880936 5.377495914545629 4.615823036076276 3.6762455298722974 4.029539045201534 5.728436646431723 4.410983863274986 4.418893495119651 6.389890137107143 5.142915009910822 3.854970942574432 5.420534724102596 2.8046138853254843 6.260414534706604 4.095067344804371 6.83833434880073 4.972216707226662 3.950387442697265 4.588002374467712 3.4395280311467524 4.539661549537028 5.768180144371755 5.429068380648772 4.700415783124365 5.352967874506907 5.213573870465235 4.652125550829483 4.242694980670364 4.644995410670616 5.766690721530029 4.794534852717715 5.6790823378628925 4.69296651600909 4.674039037280064 4.72530581382835 5.276969145097392 4.77059762081932 6.143361066346586 3.329635853832213 5.028078395001126 5.717937228567359 6.746093334216799 4.844105031556468 3.9606308058027837 4.466108768750964 4.539250118931632 4.978179646996344 5.65707604270248 4.722980746268758 4.346350504583359 4.830506892242756 5.663315472054827 6.905592093720045 4.3413802986833305 5.311101708755896 4.6991213830403185 5.114132005373213 7.069655358899226 4.760455478083838 4.023199764467332 4.432134770222703 5.05806916921175 5.234306358455832 8.132020293533685 5.86549652957057 6.39469138849865 7.013756441297622 5.073050919041942 5.034673016818777 6.03932605717351 4.930318106358545 5.1574855623105496 0.0
6.44076294124576 5.448981055725851 5.996006015706197 7.2105982864240525 4.873408347785964 6.369657914592941 5.8229163873586325 5.42259655858892 5.801175461887931 5.790389382962166 6.565483697736921 4.911512519196873 5.369818117468438 7.44037524338755 7.806097248317081 5.610764627803282 5.625068410732214 5.447079363647952 7.131472357840216 4.931161424502953 6.113185256364958 4.6302132181933295 5.634344975564568 4.867810923860037 5.164047011598394 6.211700700090751 5.186066604658606 4.483804861726246 5.748437549656093 5.429845449766745 6.0740093585547354 5.767129648677221 5.075797472020659 6.13350810087563 4.402364981625776 4.995222224526613 4.666625289545824 4.161856849120664 4.601454374518829 6.025720635931245 5.86635784944739 4.2984632678261265 6.001819017265751 4.057274546988753 5.255084638173701 4.86881571127577 6.131683432108165 5.829850971379153 5.2843855221411316 6.093159284209608 6.615430584022185 5.969140943717143 6.8159242682894305 5.752050042826981 4.901294504905743 5.519430441450128 5.781727712906663 5.36799987076552 6.091138632690038 5.8490508238452525 4.819005003254827 3.6734816732164624 4.149391529169087 5.829097756521155 4.440917950303041 4.56858170786628 6.485231933293911 4.842133487064463 4.3510907465366095 6.594051835659286 2.86321695161914 5.9666695563372105 3.478517034423072 7.208318820282065 5.3493223007132675 3.9645347638017743 4.742256240347419 3.233925698350184 5.68584291064812 5.187420120094923 5.4857526240704075 4.488753937793595 4.950668121165478 3.9259421859485575 4.834565899223164 4.526852040082193 4.332041494151288 5.277657150717253 4.196573673395021 5.162477974789176 4.22661553944472 4.120470370961579 4.162409032988301 4.916648612457909 4.821649042916849 7.241327991327623 3.8921940239643167 5.113642602842071 5.899043438948786 6.467168413916722 4.955643924547217 3.913092640615326 4.05306690709564 4.412645427183582 4.726643549281972 4.958781733381186 4.26380754294225 3.65415313151305 4.877273751466275 5.712089498198717 6.884678927478345 3.8747752691595627 4.791474074070751 4.64806375807621 4.675708891552866 6.935519653469914 4.585951426608738 4.108592756735063 3.4007050770133436 4.488178732318537 5.014869957013511 7.889786262127215 4.874233585336985 5.260057817391772 6.306492189823039 4.614603933246986 4.70615022262475 5.37317354641094 4.53815753770662 3.8497618088575205 2.2240942319298127 0.0
7.060122865406067 6.279121578183017 6.385680173903191 7.672617563058599 5.293730323155969 6.9292506946716115 6.377978794111481 5.992168431628304 6.427682906768542 6.281924974241159 7.035736554291588 5.383244155223683 5.852516041371375 8.056242106683241 8.41967827778781 6.152922178882942 6.006754924507564 5.783908482326294 7.574157753273716 5.819878384785174 6.773179155795049 5.2912621668320226 6.181145225190451 5.302794138694785 5.499400531975193 6.294258358092185 5.6588682012372304 4.953622327714767 6.172215205579195 5.954894761722362 6.212854096656366 6.120840331672543 5.592070761349924 6.533855117742363 4.87663449559561 5.3058998588451125 5.343136282001519 4.635206776656002 5.232361720915861 7.007815559282548 6.434862530797855 4.870380729118864 6.613127702260533 4.837101401493732 5.769262367387821 5.52390066498916 6.831310196080849 6.361185667875604 5.6913826031743975 6.528628548506734 7.234166101884148 6.406856890650661 7.439899769561238 6.260846424863878 5.535413377155627 5.863537101001045 6.374229006391382 5.887890825117456 6.567019052314675 6.451478786786894 5.180218465657729 4.035141099553137 4.577244329567755 6.1820416431300576 4.840558650216926 4.944204622573591 6.902591008105006 4.9850783694660485 4.738591985742899 7.197460784675712 2.9073833504596998 6.020808746647033 3.3091237069467776 7.210081795567399 5.586400090844798 4.567910546533808 5.183387431579688 3.899976422670591 6.280256189065408 5.542937118696387 5.774238332434783 4.861335071037928 4.74778416737713 3.9007749848286073 5.083542495918718 4.961473182962006 4.320374879455456 5.07432592766886 4.157921164471572 4.922353803489976 4.389183359205499 3.9447594925915683 3.9957534345110775 5.47709444447961 5.398805369610625 7.727771721783153 4.315757420125151 5.622671504430321 6.2171599368835775 6.955321081476522 5.4848898650416515 4.169645396050473 4.330107229464479 4.612150817871263 4.886707141906137 4.9092304906878566 4.437105317837227 3.3857183636362653 5.071539830542291 5.912113931001127 7.2920940971057755 4.174937317661267 5.066243079950587 4.63703002736452 4.596709625026393 7.072629131987137 4.657136737284007 4.2675969987795135 3.958022401493596 4.899339903108561 5.309013187575493 7.787595206050731 4.934228511847262 5.732510107887738 6.633843721902026 4.76757758820652 4.699302044079056 4.897654001270431 4.332497019789883 4.033763541545779 2.888702247732169 1.5350323797523344 0.0
6.553412553157185 5.6269606158081125 5.9848411151078675 7.11438439691872 4.882023155658739 6.407982505369819 6.040588298227543 5.500064839262155 5.97572710494635 5.885695005587187 6.446798812114963 5.081369010702033 5.485377153121769 7.650974741631895 7.852835462572402 5.6384266613595955 5.635857345560541 5.507680866213172 7.121273202247842 4.896208698519183 6.166581172856789 4.560287351545593 5.743324943922707 4.971810282391564 5.258176170993175 6.2491306373144715 5.346272516759774 4.5423279739102815 5.821439529056697 5.565364085167264 5.977231036665363 5.665236412106262 5.274527640961885 6.2274898699503245 4.49034666684866 5.003770662667434 4.900987253203438 4.2377897527009125 4.713459757219816 5.973266828404393 5.9635897199973495 4.16231122488739 6.007893236560972 4.009060983103604 5.268728746818361 4.742348006027405 6.025539302174812 5.849488024384801 5.3390893922801785 6.166352395569203 6.655900277229439 6.051113184391054 6.806827826391424 5.8177355364455225 4.968008985981522 5.388164185738159 5.81706468654404 5.38773605699831 6.018916457818088 6.094396072011967 5.2817537976915565 4.22543486662874 4.402653693609505 5.675528502617386 4.739791916228131 4.766260882688946 6.60167547731753 5.036656094079224 4.755236484777873 6.529838396319687 3.3031505649732638 5.860237424464368 3.6607885140154717 6.805553970813779 5.030866801390351 4.2387507767642 5.016861997716731 3.510344298740709 5.880287275329849 5.011853173187791 5.5826533702422605 4.59343293938928 5.088040946949345 4.295155103663243 5.040853436643371 4.755223309589424 4.506600276003783 5.328350020324698 4.442508638645309 5.312798519935675 4.700556595903805 4.593249204827091 4.761474728374987 4.896422628772655 4.619888430022742 7.142087814760546 3.7545477138744596 5.221160701463018 5.784831914562449 6.440678985581091 4.910587141088224 4.257429781100983 4.116186893020029 4.468964433633251 4.841049560915543 5.428389731674636 4.638774946035776 4.17517729123723 5.1076326701619505 5.7273575594338855 6.567221134915018 3.7966366095308026 5.14220748214058 4.827277901299016 4.872185058255568 6.973770136624451 4.718293350601184 4.223822778983911 3.877328057058694 4.521750898964406 4.940687252219899 7.840401641687572 4.739482578606151 4.980568708490507 6.084943051974388 4.691990769958473 4.872720027755952 5.485259494079095 4.663940521297836 3.810457995882908 2.606107181274055 1.2191673951279887 2.0143706656073923 0.0
6.854412566689776 5.473161167109609 6.120230121262177 7.392423308149412 5.468236855610173 6.280781619970387 5.804757904282316 6.107909363169236 5.736201535466819 5.939143527646344 6.902135465511784 5.1888391019240565 5.257036579977434 6.650539409955566 7.507673973996918 6.005341728634286 6.176472487473938 5.554685441277214 7.095951951394543 6.262188198501941 6.6616257255946705 5.706820833707154 5.907446830779314 5.124290059485213 5.578280194423734 6.601597229601005 5.025598472225683 4.581740303424544 5.926164068585136 5.449116349927274 6.263034864354019 6.173880191392948 4.77511783020781 6.073379179169252 5.12438587246679 5.457334722407707 5.0102070586789305 4.474714829454204 4.666055756361034 7.220852067789028 5.835638686635075 5.111669508835936 6.553395317695413 4.918900581885295 5.3012918854989755 5.964104808360549 6.549828188313035 6.045747229260826 5.411613001587897 6.139808423343511 6.52859391417402 6.2719327804435085 6.631269132071219 5.740196712880087 5.712686328305609 6.174189694400794 6.12878696027906 5.517218149855345 6.466304353972163 5.319054270094931 3.148573317964314 2.387403437744371 4.268205509813801 5.781419086626555 4.347074713672876 4.211059361688352 5.832911672036318 4.711851054955111 3.294816040525174 7.468336079823178 3.2789360867340336 6.556103425281095 4.417678318334692 8.231612936935091 5.746363740891894 3.993889894347192 4.670755772187161 3.7552943620335215 5.62336385330656 5.474089416600842 5.16937480316515 4.683473734636747 4.469331647610427 3.331762058109324 4.98452263733283 4.573480551965498 4.022541000574147 5.293080141026707 3.425053655109045 4.302100248605576 2.88831520273634 3.237605224902478 2.5038467353581777 5.300583354901189 5.4293091153331625 7.68132392566264 6.009722543871687 4.703443103117494 5.616091980903869 5.8735287255583115 5.126271417552417 4.014623300140722 4.497394359645434 3.6948760241815397 4.5309547204464 3.850994251008073 3.86813321623321 3.08898214870148 4.097579993152872 5.599140734933583 7.028961866561251 4.539315073280908 4.486146987642452 3.7649096019363175 4.17835951649955 5.887311813873008 4.452385092665872 4.6230738401470015 3.3116585052423946 4.457229052645579 5.059490428841272 8.260511840954564 5.8191518132927635 6.2601934246294855 6.865512729615137 4.424940635431423 4.283151656138174 4.9214167598518035 4.35203965177835 4.189943158971736 4.333965605695979 4.022277578704887 4.0117150629897695 4.638618602901144 0.0
6.992601248428196 5.8027729542895985 6.43612979053186 7.57473805670029 5.558677844572868 6.48015677551667 6.0956496308287225 6.056469511407315 6.115322584998961 6.256176314879819 7.113545373019347 5.480957824334655 5.637622609155405 7.163337760415633 7.850720750079636 6.08603700389208 6.234131601449825 5.670813609276342 7.208834401602385 6.280746797418683 6.843152285745134 5.713875863562296 6.200245161157623 5.525973134634099 5.931150065064327 6.694685748955294 5.408443976650519 4.918155100263777 6.199813993279387 5.841297393745673 6.619704003580024 6.345776344502162 5.106123982063735 6.0502906221707615 5.322144477398567 5.732335170893689 5.3220121190525935 4.8701838028046165 5.078791766853281 7.136932103860196 6.107675633316038 5.027093653047061 6.8858246947321 4.811385604044847 5.637423831498753 5.6674528784950855 6.657481249150318 6.388119623873766 5.664532605035242 6.198510014620377 6.9788304358863655 6.637566651593985 6.916299750454403 5.851847627987493 5.813090826706236 6.40783916706746 6.331906295090401 5.779144811897287 6.797518242453491 5.81171477294367 3.4785621430193 2.4615894222778345 4.561213982749285 6.49855198006149 4.6819806139885785 4.8553485925855 6.517983140443373 5.1382148730108685 3.631716325283373 7.606060351390976 3.4214931527738353 7.064335157959838 4.641205930598187 8.313690640184173 6.358357761487634 4.245075406337993 5.207061159778411 3.5655302273246727 5.947608213565845 5.538561145293837 5.83673422170309 5.150568744967973 5.112728209081708 2.877352922378562 5.759921408278252 5.160316193342351 4.485292212930333 5.619486175539644 3.8518382754827387 5.002097401162512 3.575838259544991 3.68780180392524 3.099062657877684 5.762083917517711 5.93199787327527 7.8398972280404715 6.041603708523308 5.43462598791295 6.318005068002361 6.364376798788758 5.387833739076263 4.471853911423115 4.766734882387941 4.380103713290552 4.955549129844025 3.8618883099659267 4.348281135168221 3.439942831626832 4.797149117421699 6.30511922944742 7.3493798487988045 4.952485534916556 4.4055483585673 4.624339312472778 4.730851217430401 6.47557327441553 4.998887922194006 4.931506674386075 3.2092833623036734 4.711551656887137 5.469079096883124 8.297459824833826 5.642512757955308 6.095590892617049 7.166541643241758 4.8569099238507345 4.865921311165132 5.138977096930903 4.898690496363482 4.11622181335012 4.357717580854898 3.6061547144786257 3.666156251075515 4.256178470631468 1.7547460880493266 0.0
7.968994722827703 6.827126815962692 6.895676709281223 8.497759338789303 5.708651374520127 7.528557465388886 6.96545003653607 6.666368351070336 7.242898309386864 7.423213347240384 7.8005806577408405 6.327949351831236 6.4626060038630575 8.241594243093093 8.886246602585164 6.833973261964124 6.870368140017775 6.582286891685145 8.256850272454242 6.598428428596226 7.883176044115266 5.5283311346305 6.908454153904567 6.049861078883129 6.308462108323848 6.619119198161376 6.109646946206269 5.727620502177426 6.682570442394573 6.810103342223193 7.119662317136299 7.170749336953128 5.981118691390482 6.916387605519412 5.75177967780472 6.404775869821421 5.884075590718353 5.375251441179035 6.010957677573795 7.468882036021264 7.2800447075812444 5.168789991832537 7.533018303108859 4.995064753679168 6.713484617118322 5.833577331160369 7.1470641710490606 7.480394783529999 6.539798739986399 7.467562138205616 8.054175498018719 7.234813243486471 8.030664282608686 6.672984666929074 6.820626287374085 7.120693011167295 7.443555441176436 6.414480586224361 7.676369315934313 6.9905101788886395 4.7349818376832795 4.463739213016781 5.681119909766822 7.259773454578267 5.0876492393126735 5.608401518074312 7.863065900119256 6.119786913299112 4.941642164734245 8.430530162745027 3.9105013535886832 7.186220660165766 5.031900517595541 8.425446201053257 6.811496049525095 5.073304989264921 6.49887393895229 3.7742373178822484 7.135115601904135 5.330390035000493 6.60291851530897 5.756807289208932 5.2172500891085605 2.896935035794226 6.21564789865644 5.951804859209738 4.750870882290914 5.456553923201222 3.980937081293928 5.271903917965858 4.105052598227739 4.23362935704874 4.001039999351907 5.871076115652839 6.224730246970103 8.517299399623642 5.6216186938607 6.288618334193843 7.237016614545299 6.636147930515999 6.179930496324667 5.268547840349373 4.9129496360560685 5.111731872014208 5.674003591907658 4.448529851639495 5.073919097180061 4.038745501651431 5.860368439567962 6.541398910166849 7.596981255712521 5.054437225181405 4.209484092914697 5.1942326935056276 5.144741721925512 6.877300587198908 5.541349499706099 5.397904131513769 3.590983779635602 4.669078613616847 5.7100699166134925 8.35329242499396 4.60600680123852 5.400606570785661 6.792941523867783 5.315891563523088 5.637268622266764 4.876111567398876 5.217428461286003 3.1221313669506072 4.906580403040142 3.3843934907363016 3.561622729317138 3.6041605208624583 3.849397929281982 3.110688407059121 0.0
8.026317286009009 7.613727605063776 6.931369691285894 8.548948474752113 5.400962497735726 7.775082588348151 7.39681465033247 6.873868371930217 7.689346656595466 7.749892094171384 8.01011188582382 6.975682311867101 7.014181459426513 8.49558402982256 9.151610038098244 7.054675340442305 6.851664445668706 6.5477847167319245 8.448156286347306 6.868032533229681 7.933295523185771 5.551218671575558 7.223834426163945 6.537608368296663 6.4413510627102895 6.013763706723168 6.592189401921012 6.5651808666499605 6.555722987378418 7.219529565470932 7.081138301648307 7.499940551984074 6.245555417748297 6.77736374006143 6.108475713217348 6.519255297741233 6.284779382969665 6.007829177405775 6.800081952874265 7.502478325480204 7.294662408356065 5.613084023654938 7.887913071504607 5.163197847147444 7.010116827699357 5.8339159739462305 7.19542516093226 7.797652299843989 6.6261078227009556 7.581798384474883 8.607819865919188 7.557286962399147 8.17894100395783 6.814769177099434 7.242747178639971 7.170252417441202 7.569593545246815 6.74225757037777 7.984486741272647 8.37551536150851 5.592920547619763 5.3014721355355805 6.4221280312555615 7.519412925709748 5.483166440715852 5.976818000880273 8.310004389688519 6.730146437940901 5.615862494080224 8.837832982866368 5.043174381438672 6.972570178452906 5.41048502567722 7.904629332043319 7.224663221553537 6.050659825641677 7.310275403096563 4.504384232451882 7.638145952790395 4.7865011622964575 7.056237370204799 6.264940628809267 5.561394465151143 2.7138585148301475 6.77255417354375 6.453082410428699 5.096148606601292 5.440289804104707 4.479337486947187 5.657372854296787 4.84404782770499 4.619299692518828 4.61670811023482 6.1687396201097195 6.666004602624257 8.48903230997922 6.105362184050419 6.91470687418601 7.573637458021273 6.523064010220449 6.85401485834931 6.217100387976312 5.0695101332165216 5.796960494785822 6.145815039121055 4.3086597201023515 5.718975890997178 4.512266756348813 6.250220960868155 6.742285194167981 7.603237371915081 5.499200465786375 4.2484741351001185 5.644630191460694 5.326008352501296 6.901921545929409 6.159647607064786 5.5872390982849005 4.766743988646063 5.20567435180497 5.910433103967653 7.527338336196615 3.766921779955129 5.164502215569438 6.660188794108484 5.583759219714299 5.793358984055565 4.294031720271344 5.273807618706012 3.4579480374460307 6.010817905468709 4.484870106288268 4.480106619082006 4.539217598714476 4.804461392630378 3.933997502887404 2.2362831532337255 0.0
6.915316899538961 5.792006567392721 6.441499921148493 7.577494265324165 5.4235800666399046 6.55460910941007 5.851089693474893 5.890865427359905 5.8146716537410175 6.213194061137972 6.94241515531529 5.2668981274097195 5.535406509376188 7.0261064488835565 7.875672584625807 6.1462444062499735 6.183952656319356 5.773620583715616 7.339584143788788 5.994130087979157 6.729615198462706 5.284006894945144 5.923910996721557 5.43777636402603 5.581676599055786 6.664268951974954 5.407164714283727 4.837616506152296 5.956971340796824 5.563330241532989 6.571457930515975 6.422015022808923 4.956228648094301 6.186368037654526 5.216750639673758 5.5358772141235 5.380424205115689 4.881983138390729 5.059699176851051 6.744361489665097 6.182995850368097 4.437776030321098 6.754457785823281 4.323334680996768 5.697752640008029 5.0822473449209085 6.1510159661842065 6.294504762829361 5.508854897386093 6.297992184710026 7.108221453235028 6.474877095862856 7.01761016811241 5.940558609857471 5.8132703596990565 6.416020087016855 6.259470273502177 5.865803873166306 6.917805802970757 5.886185167723456 3.984949594663611 3.076637203247755 4.198293682253706 6.466175727765028 4.73519538098535 5.131304003467475 6.4514567139148005 5.007262799632987 3.8757095267885293 7.781938792702818 3.7267945935576083 6.518524982092425 4.069514624824647 8.196845291175686 6.463591146562018 4.442053951636986 5.093729932384189 3.6274726091355958 6.409347031967135 4.988754795481594 5.752866183529231 4.943872252217458 4.998352482892155 2.1954251050954157 6.000986456623395 5.052131273066631 4.38537137679489 5.5030455583681634 3.9817030029998053 4.815227900389763 3.6340997989637627 3.8176294306786347 3.123417277361457 5.345999884205683 5.89674906449087 8.137783910311786 6.160489570594427 5.375163533087474 6.4471757961805904 6.090843467650207 5.308804277090046 4.2907194057921805 4.554219184505458 4.409559171873785 4.709648001951673 3.6609205708411885 4.247160195371059 3.3014474880243894 4.871707173552389 6.5022633581726215 7.355560671903482 4.5292447931176305 4.602536415335131 5.023134984669807 4.712659075300475 6.548559365804135 4.931067122853655 4.795868412989995 2.6163101200835817 4.31130361181999 5.608963034693506 8.542825835223343 5.04200342904199 5.166792551638415 6.793483267948958 4.709474934318254 4.940227078069126 5.215429850685707 4.755005533872933 3.5465514221667527 4.6351073648485475 3.403250683124203 3.6123707999455763 3.936487057015112 2.75400377543725 1.875635300787722 2.6698459158258006 3.2805311226391445 0.0
6.398609983930527 5.942999583136104 5.715833015470171 6.973503729934903 3.8581378111716575 6.180969184017124 5.82680448684962 5.08184125748085 6.101181721750407 5.967465262134192 6.570974236076292 5.240123176234053 5.402874641296552 7.267039900654105 7.8659456252866145 5.300647718878463 5.25860979220282 4.799448917601912 6.901567797663897 5.460684990998795 6.2107455865144665 4.516724990181825 5.494781596200501 4.660095101686593 4.629399383966703 4.617546077731711 4.844587879341356 4.822267586789131 4.794435157441483 5.510100251473917 5.499555601620049 5.862494466183317 4.654561483076206 4.946023009216605 4.267136724173331 4.755785882164417 4.43330436653603 4.157131942663072 5.048190951939662 6.432704296439574 5.696143013014871 4.597089836257854 6.200701564135085 4.185675107048335 5.35956643668336 4.617285478661452 6.032353542155346 6.180151419413509 5.144473460871681 6.042507591442711 7.355135140095109 6.0129063551338415 6.5143428324316135 5.114760880918269 5.460934708415051 5.535286219424261 5.830759510920135 5.090132398740334 6.291277759703477 6.991150677571021 3.955088427821894 3.699114546809856 4.524995604205756 5.776920789928119 3.8380049074091867 4.346038216188198 6.8339698244767035 5.001381627933796 3.434149333087236 7.442367494204643 3.7420407567912606 5.288705576751871 3.5850561676898622 6.276386494571712 5.252198954178829 4.80208285918421 5.729803861869214 3.3148970520565064 6.343177671839336 3.934186267466626 5.374163169176649 4.696890676995773 3.908849117370743 2.853465046277714 5.233220357606406 4.521307990099404 3.6777306910934726 3.9649484832917627 3.113208087863831 4.093009317569064 3.7621126643782223 3.2935964057574734 3.5550518009387235 5.01435030690432 5.007956270118749 7.3087733876069905 4.769733213335829 5.398433149941495 5.899101684066051 5.827654257868006 5.441317110680082 4.703789524232905 3.416298174130659 4.362740144060106 4.523699867813221 3.4941149814013266 4.38737177471362 3.3160738342056515 4.811793067462562 5.309161130413493 7.1230642614342425 4.003523545841615 3.2868752082789525 3.8559624047846084 3.4626732806028877 5.8194930037636095 4.645627653545568 3.9331229803594168 4.1785139649649015 4.490093885650738 4.569305920369921 6.5417087494128605 3.5124402495280784 5.244448553470648 6.26421139818865 4.133452628129819 4.317940860133948 3.440727031023897 3.8885994859059125 3.236090145184252 4.410609756454193 3.4988795373781665 3.402231911872297 3.6574100827430556 3.4466219279067443 3.1106195905482283 3.0453801599715025 2.807418235491075 2.819980206663816 0.0
6.553620360978237 5.8146078052728205 5.961079764356794 7.371730618607697 4.369251936358188 6.468668629160603 5.695999119365439 5.2188460131986805 6.166039990054741 6.137784950063661 6.922042386354313 5.211968880991975 5.458120297486925 7.343889673878261 8.039664843271943 5.617507149222873 5.648119835211717 5.318756241059333 7.272732200331604 5.530167050357432 6.504890373349758 4.632225057208156 5.553987437688559 4.686985768703678 4.785710022817675 5.153259746480488 4.846911224530162 4.859926335492631 5.186771452207692 5.556856743307623 6.036706723128844 6.218158344315323 4.835918955760706 5.47246074650652 4.414914255189788 5.089245399913289 4.436118348936627 4.293301322855867 5.123750062797601 6.540078717411918 6.022213409016088 4.752582309980967 6.304769763046875 4.3664563434675685 5.649688376718977 4.913574498483977 6.337230937060976 6.405141851772581 5.47380146478954 6.372583983507993 7.419578274435464 6.0746849257984366 6.904388363305523 5.4355612617821985 5.588186024581497 5.989055770664349 6.146793238345654 5.337277581528494 6.60727387663048 6.762737855549649 3.927775920989072 3.6910433491967494 4.633295424551917 6.357301894853518 4.015952917440809 4.571116516170212 7.037159682036133 5.05837965312151 3.573256206597185 7.654717660444843 3.3744913928666818 5.894914578832026 3.745603872917941 7.267007283352732 5.825788836525575 4.713289580761503 5.710106236800574 3.1762558241637935 6.4028962525250215 4.6974190834695575 5.659347726052052 4.794183103091247 4.187237519654836 2.8421966540375445 5.078648272220173 4.611759302751353 3.992534488033841 4.379176926192382 3.1341858684212283 4.274257095004498 3.4576131319321206 3.0995662138554776 3.200484769644573 5.177206334900311 5.431583843795228 7.7475905265801925 4.814366593402324 5.56467600254256 6.4172169761932745 6.27078131055087 5.681303376432486 4.446427026899699 3.647715035133449 4.636243790477725 4.654036007484351 3.3544104123081033 4.141853192051256 3.0438562271655654 4.939887569617722 5.523468080780615 7.591551945209665 4.306310582506979 3.244980931208609 4.191263424199122 3.7611912995100414 6.339257937329053 4.671167468269005 4.253949886769958 3.6232601527825348 4.4810945235583 4.888990129837286 7.20110815991861 4.038630381999829 5.5386471837248425 6.513417223356561 4.406018866745279 4.6054960035146575 4.0512657623213055 4.242149429552299 3.3167119561496814 4.162608818414037 3.10195436310449 3.1224789868770806 3.7087998568166305 3.131935510483165 2.7225484908258455 2.605063170595357 3.128864335214063 2.449539953215054 1.752588007595188 0.0
6.206248186965331 5.006734916273122 5.875783890130388 6.860675218111227 5.007839933935039 6.066950243266836 5.0211377835208815 4.925814701758072 5.385919527504739 5.3270333608179445 6.3113870646509795 4.3516526016761965 4.798999963474652 7.070944574664352 7.537341700395191 5.42366734454843 5.586073006258493 5.365774549832802 6.81960138185268 5.121862347530582 6.09607202184771 4.5896930722366065 5.0074350939705425 4.274126524884715 4.589411962097637 6.212307512455965 4.515056357774845 3.8797870291202545 5.410789609649608 4.745928839378008 5.943022634807347 5.5537527556279365 4.7243448120365485 5.856600588569754 4.263423716778436 4.6439722949733016 4.637934588029682 3.993736779352509 4.392701854143544 6.257514902439337 5.783253950670853 3.880960175724762 5.731543517924972 4.0489030405457225 5.062347546903722 4.474676930794643 5.819274197806765 5.585587548998259 5.0948990425899865 5.799717712514752 6.60119511830464 5.589965795270433 6.556388911821802 5.393213226143718 4.825672656866265 5.591692461583926 5.61561775407714 5.142994277255437 6.061616625524795 5.719904709009905 4.458152015123137 3.5623741076387536 3.7369404880671313 5.985162480418894 4.697280355363077 4.802358252843842 6.20779780605328 4.157080324661735 3.880915377841865 7.222653518733392 3.0593694552107227 5.898055971389624 3.040891651311317 7.471960737681685 5.385212930371169 4.328845721238317 4.7006817503412845 3.4770397736883583 6.2409999843833655 5.1898462320268415 5.385366073878552 4.210170853422428 4.50062136919205 3.457882298545658 4.99082792916811 4.371313364419398 4.337354724330452 4.9582075277832525 3.6527125120412913 4.273253822797277 3.860810308231675 3.6404130619519983 3.5534075318936775 4.989502475874844 5.228083040082717 7.920812399007578 5.085992786055326 5.120126632178068 5.980985019300285 6.557637120661979 4.9231680281857155 3.54528716470597 3.790339546091878 4.291046988494026 3.9736764231955886 4.109608598098515 3.692101926502826 3.1466367895930705 4.6710904156753665 5.782778114450866 7.373725403242579 3.9487504402869273 4.720717562841996 4.683664342723305 4.137048664891869 6.83498969710282 4.165890316563745 4.305131788694919 2.9689088007918016 4.2223850684487685 4.974024549309054 8.13414149839678 4.976346012533543 5.319061370745073 6.449715698141968 4.270867882037827 4.568277148204212 5.278283046071618 4.4455190139351055 3.577052963406287 3.6608567801871668 2.5174434243261286 2.5897529457522466 3.145106886605205 3.304391774707009 2.913754651074611 3.3987789284244454 4.41128148728664 2.442287978504874 2.991605745009985 2.185904585662348 0.0
6.8811402906576955 6.35793187342959 6.361234346591024 7.6672591990491625 4.5167805712483435 6.782681475239105 6.084877396979547 5.432061366968221 6.393153691636648 6.498977985093896 7.096817169239845 5.423551313201886 5.797001070898727 7.66780812069891 8.407234936231905 5.807753295457154 5.725229439285492 5.4500287267378065 7.487690994768558 5.802224983157638 6.757969530927141 4.936875021140178 5.892028147610096 5.1359392748941595 5.001901730618721 5.182164311870371 5.345242719587757 5.248184564995829 5.289968950450208 5.9186139013834245 6.120410468213062 6.46927933127038 5.120687439199016 5.6053793952654605 4.626533286791906 5.322447195093149 4.814120458624875 4.618353292571553 5.490938828799663 6.78800187657367 6.443489408222277 4.982196846456014 6.658092999533609 4.706213874798534 6.135682376900971 4.989061929814087 6.527544487954307 6.7615786606065855 5.6780253520309 6.655089909801794 7.9243195957484955 6.340771344445342 7.283022901935835 5.7283043112863385 5.926779791316802 6.226599071732462 6.434511516873417 5.698839638698552 6.941830044407395 7.184498259153539 4.344042468525489 4.12668054143988 4.666264929706083 6.600456878488148 4.154455728345926 5.011818373611118 7.43848003803997 5.41363434069565 3.872594445013009 7.973190088697256 3.872347834043773 5.627758153650221 3.6069726876182253 7.07508822788408 6.183880456439863 5.160243926492709 5.986343954116987 3.757833696497052 6.949118322159023 4.726997109882624 5.927673752169499 5.13815180189949 4.3355936935395265 3.057189439604509 5.764584134051085 4.941139300076785 4.1091508639286385 4.467386637879249 3.773262857809894 4.623650587182548 4.066938238378263 3.653763935294897 3.6886182326606236 5.506028199650342 5.766943604909332 8.064421743259222 5.025782052831458 5.966430150501268 6.782738104380443 6.547169672649029 6.020174723083953 4.841650268172642 4.108890364925379 5.1107066542845185 5.058610526225745 3.902382434249372 4.708724414831984 3.454831463114521 5.514598539286245 6.093644121179681 8.074307963379374 4.507304578336992 3.6627278621321557 4.683328247848336 4.170408705140889 6.589799648034392 5.176513176686838 4.465837909614162 4.128979245405605 4.994167072929583 5.5203301276698635 7.359616205400912 3.973838141372875 5.631268350039556 6.91129614592341 4.857145161103211 5.078218062814244 4.185462213650145 4.508784845426923 3.6963187065595804 4.411137145519809 3.1896209188121354 3.097420694030389 3.6211699653141385 3.948129806537346 3.456928475046442 2.85959113239863 2.9823668342646856 2.6804750014363243 1.7297257553781944 1.3914885600383753 2.615935520535188 0.0
6.428685032834812 5.558394434067162 5.8540368552044875 7.079016099371925 4.653150364891336 6.215592122203919 5.511515316153748 5.362261494395495 5.54381919383172 5.929686281969013 6.386326177691283 5.065307383199988 5.256360188542676 6.746438671318911 7.502696067629357 5.707879108325334 5.682419030574594 5.446263746761336 7.046573463790176 5.113471593298999 6.2164320076519175 4.222152770727022 5.414296806984494 5.025117054875763 4.97648077781697 6.026000320440683 5.0757010326602465 4.70340782796174 5.302054801884518 5.225413492008505 6.070135989077726 6.067208688505033 4.653353807561506 5.877241055487247 4.721254838029688 5.033081063449876 4.943591215120426 4.544327619266133 4.904282033151246 5.742988877509694 5.809810495632496 3.6741756094080014 6.153576449891129 3.3949334092152674 5.384280718680186 4.10906157624803 5.275146009788382 5.931817808416969 5.09134128334672 6.078549651939325 6.865854145132588 5.988241550456402 6.59665253134306 5.548246021609327 5.4704942873389815 5.892666484865401 5.831284727681323 5.401071557234775 6.491039848134914 6.458996036112873 4.725090019412656 4.0891439745618605 4.378820912209653 6.060969143668789 4.674656236155138 4.96716849524184 6.43207176894203 5.1483790018832485 4.364396282720233 7.547720290678147 4.187489428513468 5.787129300488249 3.951881138351969 7.441551043258533 6.011137376211637 4.685333658037097 5.353219288529292 3.5462269170230485 6.476045373394425 3.9681533546002243 5.6628829869478405 4.637639372680116 4.956363706532387 2.418276596991518 5.801681045439624 4.89535470663525 4.387906873244864 5.244700939728347 4.057866080355942 4.871668977362029 4.0110879114255775 4.214068525738357 3.9319689826265787 4.650960247817865 5.330118432231011 7.753803451649261 5.636042349471111 5.238328682816927 6.166513013719966 5.466006711333818 5.164464237617967 4.560270067395887 4.042352282362933 4.543406105191719 4.626732040723302 3.9844046323016875 4.3971640797829155 3.7641681260166506 5.002546609398792 6.063634919169352 6.7594049322378025 4.034740343948794 4.443672625894451 5.13655984102755 4.644673111055015 6.4246831841850724 4.955812762864623 4.5661626874967975 3.0331463574684863 3.903539156948632 5.133391877812576 8.000445871707756 3.9818544645369762 3.9071551992253757 5.856510906667608 4.477366205689431 4.884602106505725 5.102080847280598 4.622441541804369 2.86580902375332 4.8059433684079575 3.3558237829976965 3.9312993985540934 3.4660469823328 4.08252590271214 3.4477831806629906 2.669290915121091 2.8139850457533466 1.992299006452473 2.7745197069624274 2.8152251762909737 2.9884837366352115 2.65420867140414 0.0
6.234139084655935 5.375025254018909 5.864876399142208 6.8540450066066025 5.309843318235321 6.17502776804765 5.7789368576903986 5.398464146604902 6.041195884873472 5.7193292783218475 6.409569351528169 5.227139283430857 5.480024775829072 7.539664083795254 7.458231613349256 5.638950745472038 5.791408635428486 5.672694592536041 6.884817753023687 4.998816116171802 6.090111793328903 4.656713510089217 5.759740170239449 5.136404493816038 5.674329144023193 6.716276381731446 5.359169345468028 4.613098518429124 6.200439300445216 5.474039975531227 6.374304989359009 5.577462117864782 5.365776787386694 6.201842646774458 4.869971841586824 5.25163669307644 5.214179279852915 4.687604528659872 4.932866968810789 5.82071291394492 5.709168681411682 4.251280524167633 6.1329512780163356 4.026955289943346 5.0770528263746035 4.741062332268197 5.992154135716333 5.757345375371054 5.378714712149474 5.748565415573906 6.231001727775933 6.118322811049283 6.601811389180073 5.65590332285409 4.818281432910526 5.443381917799081 5.6858948353698935 5.440161885745585 6.0555288346115885 6.25942957536686 5.478521975154852 4.25654340059085 5.041618874730868 6.3980758824076 5.489097958250734 5.154976216047508 6.658144967043195 5.2912889674288985 5.159217115245891 6.313678467455351 3.506730927187084 7.084756135645441 4.757955242398017 7.512724009797796 5.645003975419325 4.41828614682725 5.373624246091834 3.552927023499071 5.456409691786989 5.55841424544531 6.216776941519333 4.961252840867209 5.939818875758555 4.309309417238474 5.343298155242388 5.302195829483825 5.30222633579425 6.050242737232897 4.733261450267511 5.909586784965946 4.977248603891873 4.818744223660704 5.018164938175744 5.441225069634943 5.380035854460023 6.95388973657377 4.547250762137432 5.678639038122371 6.274676698520728 6.741679723699066 5.034056710186078 4.606589196396641 4.614225657019914 4.961570518311646 5.037562075430806 5.337938527678278 4.747366731872161 4.560580372196347 5.238729508196533 6.0919272551378 6.3951938448841315 4.863033167245965 5.347879588986609 5.528138139922443 5.540202482527831 7.392100227002747 5.045936677865423 4.917537053232924 3.9589625204075483 4.620691843758084 5.091300751519108 8.205730568817831 5.443054958750811 5.365623153381496 6.328589977723411 5.157434474780621 5.344379390681924 6.131503280661517 5.435976955766163 4.255010962390935 3.49530561210811 2.5313581539632146 3.192756382867143 2.713797150492174 4.396615049599307 3.497376223162035 3.81315667269482 4.6699921959247845 3.71770200534104 4.137206967448513 3.844341652115408 3.089581659559063 4.3619292689676605 3.7986066153591542 0.0
6.427826259826403 5.643093744405971 5.908137777567657 7.098467371574837 5.087345325162022 6.2533097869209735 5.6398258489915865 5.492806200674415 5.723319043926156 6.013339014925282 6.4476385784856705 5.021732902096717 5.3964689145805425 7.181556804463431 7.63291713236572 6.029257325157031 5.699727422924318 5.5855463500367515 7.181689182799822 5.466081959349003 6.3273742221226135 4.85607584688188 5.671480149917696 5.162213923124901 5.392509578942665 6.344797061079629 5.241912852726228 4.351873920760744 5.9514847876843096 5.2876715868264945 6.139926742404448 5.833385915136326 4.8715087639348775 6.070148237265713 4.733524226965281 5.1554370900566004 5.276202302663076 4.5445347652839905 4.818936000473409 6.206738912452895 5.832182055256844 3.974454186159982 6.363870003430635 3.888840444014337 5.150126207723879 4.672438141923405 5.857501441464675 5.86613701202012 5.161752904512893 6.116336850645753 6.703600406935602 6.181776826459797 6.858937602741269 5.72240492486818 5.165111198733624 5.612998177891828 5.824006008732177 5.612062282239898 6.342493875307471 5.985698992566269 4.809248618073444 3.826553975896285 4.495366689425597 6.392635043796747 5.1614230736735225 5.012859652064017 6.5355915821225645 5.21261455165618 4.290006616466658 6.744309067473849 2.7248757542309168 6.547270652405935 3.961218291886612 7.401344907972426 5.717381801948912 4.507618878304254 5.2086786119611155 3.3141442462068476 5.50468749507952 4.922049236590703 5.948135339569448 4.778219218488844 5.172033096267359 2.8695955751426268 5.309643203507043 5.0064203517223955 4.507470345340155 5.586487972584392 4.0316771405184255 4.9574598962016925 4.0157977615926415 4.041982585217183 3.6193231502707177 5.196856835193231 5.651099133996136 7.004342732963188 4.907005450171532 5.427426446260291 6.208352321904034 6.235145356165526 5.0681910955020255 4.023671501355324 4.212307641903622 4.233734258963627 4.546876953940453 4.1910845724865915 4.27964900395487 3.3159977511122705 4.596257330782858 5.956049925447704 6.322040488029184 4.236750639237234 5.068763097540937 5.087226077680733 4.917965155705715 6.943023888513614 4.549069224181345 4.328279299186605 3.06262761753284 3.869004457584373 5.078955599324659 8.321880069578048 4.695890497069526 4.744569736549891 6.1892295435843865 4.639252722885763 4.746707430077062 5.181335666445588 4.440209990720601 3.3628454410927495 3.547249276887595 2.6020970673564254 2.7857703429796516 2.8806708878531633 3.3894399922232306 2.7969072577334906 2.7598317276010853 3.6873643494473822 2.3516652822955333 3.175459577114759 2.892816039686747 2.4389232259067763 3.2214458004082123 2.653082861694731 2.7411916871708915 0.0
8.309911598006172 7.125928784709788 7.74067887966126 8.869128432086285 6.823305273234483 8.075324348456551 7.160336283459673 7.278773500512304 7.102309697407221 7.553621564455222 8.24076258570275 6.56917443941358 6.936123149356072 8.51875737357612 9.26089325831234 7.6715480861126935 7.557084983134901 7.428385230498467 8.865602172813835 6.8748188026551675 8.09671789399716 6.212349669493963 7.2806026925410405 6.8078400024496535 6.880617360403518 8.101457045961173 6.83036327184162 6.177100850825212 7.5038129160741835 6.905320388258401 7.956954242904446 7.757258098650908 6.68233240597052 8.073835270894973 6.560754990174299 6.8639874704965775 6.81802571413526 6.285747078964442 6.505374083392654 7.540821454190588 7.72105803859037 5.301562862892665 7.8054607926019735 5.289527916115581 7.114668702216539 6.048281288230945 7.255477944841047 7.509008544984529 6.916067896541947 7.843175563037992 8.278521058813881 7.721712061651875 8.556410473518989 7.601137478633209 7.0376683052588 7.660037050863207 7.6257220286587515 7.306525376252643 8.131020068313992 6.765509139882267 6.098139483900309 5.026071684090908 5.613172259885607 7.756219181769533 6.379476187120072 6.732704874753917 7.7597554669661415 6.282414698274234 5.872803657695596 8.930310021968756 4.876032797860821 7.553627774806929 4.961852424004397 9.467153362726782 7.668339826979239 5.741089505468547 6.237844060772434 4.988166669575617 7.859417440763842 6.332559616724896 7.180336617329392 6.2109799863112185 6.4534504057035065 3.703386292997063 7.002158006716425 6.518612604326123 5.920571821986122 6.903083183068282 5.5630053588711155 6.228448224890316 5.251108803684227 5.426744387096366 4.827050119979884 6.333343350400326 6.996114318142102 9.530949694854316 6.756040377270239 6.730996422359271 7.796591483558231 7.54692588392067 6.628698119257119 5.380809588339617 5.7184415897866 5.757353298377353 6.081073240366699 5.393969283498088 5.547387686945805 4.67254613175313 6.294651821683638 7.761699119078173 8.193534592500683 5.380891051653214 6.27009316565498 6.620882380045456 6.174795124288777 8.321591265039492 6.099982116133608 6.102497289879238 3.2205820907718046 5.324876162662033 6.84337571770811 9.816683871067143 5.805347626999791 5.309999995987693 7.292450874854465 5.964863366241254 6.183908211408003 6.608941425862754 5.9767362016488885 4.265682059607337 5.207089821602364 3.415991808225796 3.6756815996059213 3.8017352718235196 4.776986528301478 4.020808683164287 3.042871443630915 3.998400113190313 2.746474922523257 4.480916629032047 3.830480982382739 3.2986993075985303 3.669983669330202 2.8280604564751926 4.1847773566767446 3.047593678612201 0.0
7.396181289431301 6.522433526302938 6.480122716898252 7.616083806752238 5.523147531951509 7.001729499122439 6.421276120532985 6.273664890460432 6.708287730317265 6.59528435067314 7.390579796384176 6.038757553059958 6.100360711437014 7.915280282774167 8.363938924356987 6.467883681914167 6.441667269768978 6.184725748915454 7.691380335839385 6.048599441441964 7.284875841332192 5.157980046540372 6.513172606978354 5.808516693713661 5.973381168845181 6.6759097598793415 5.678144318971376 5.550891105595015 6.416064933736974 6.260025308921469 6.773888784576038 6.650561278705602 5.957174143068926 6.825242333162516 5.6170793944200135 5.841902427709175 5.7668533116182665 5.352263218057951 5.996499903792567 6.840945958526996 6.636272672365905 4.6785229324221245 6.821329232340391 4.443814172236984 6.13265985603681 5.113040429408096 6.532567463377888 6.700642283372852 5.985335521653432 6.703336281995511 7.541355532525185 6.8502874652565895 7.356621076823136 6.333246062654477 6.206229366679871 6.516137011682355 6.691869860694778 6.0386657615648875 6.979158280179212 7.293278791822184 5.57221705617609 4.539573628678619 5.629423144937442 6.932675340505858 5.798070050312683 5.702632465991212 7.331559746715931 5.772828221918824 5.2657370018388265 8.590270237500496 4.511815148467719 6.89875932358356 4.665115409687941 8.303322171746665 6.582547640306448 5.530620840756492 6.301348204682088 4.367460834782633 7.346091436836904 5.3956524609828165 6.75543988282634 5.582343742073878 5.699199930951034 2.901559688631867 6.054071757115215 6.031944519733983 5.3882727530469525 5.910147754554746 4.446391593732981 5.471198049443189 4.7619431501897 4.595561846398911 4.4475929034617225 5.864733129778919 6.186981178879409 8.729796193901473 6.026912467813308 6.342664056981035 6.852942234303538 6.902036330325582 6.284042375245519 5.407742542247128 4.634160667850943 5.290373288784273 5.491915045459499 4.575806130336207 5.026464978208072 4.15928123010275 5.706552202249318 6.520185444089039 7.3858772994010975 4.928475630875184 5.0104834935735285 5.55200504810409 5.06111028409418 7.560811706941964 5.582020656098222 5.539300113965168 3.5549994253964914 4.942011366517078 5.489012902194608 8.014546222405679 4.734153419790776 4.922204671966272 6.368580903936046 5.081938847889345 5.123785276926972 5.241982314184843 5.2055184952098275 3.333144419050207 5.026796482921 3.2307523979835326 3.285664565638843 3.52239391630592 3.9211647015522644 2.9551676953711303 2.3780117261658864 2.7750628431380533 2.4426124140139907 3.0534945601831196 2.715418173390794 2.758435026073563 3.020660789438546 2.5878670384229174 3.1249889225018332 2.769467479040845 2.699329670993041 0.0
6.577728844497005 5.997960998911483 5.798210254203352 6.747674405827302 5.017142511223837 6.117997566019526 5.724107151295023 5.710446848832037 5.792104765259376 5.739284258696505 6.606614072559353 5.269191033369703 5.386698387500344 7.072741895620033 7.482694874487305 5.776926658566961 5.567311601686948 5.297041741532415 6.840900559244312 5.579892685724477 6.431121218326752 5.000242263934854 5.9708369868074245 5.364260481451279 5.5050516265020075 6.280417219384745 5.127987631303028 4.90142539418033 5.8297587253141705 5.497140405319272 5.926051355233341 5.795057874162947 5.232929278225338 6.128440335915121 4.973695602031592 5.137817388639375 5.201610286798476 4.727324727416494 5.348147644029138 6.373518474669363 5.734033848999749 4.430382313667755 6.179335351912507 4.170387218970245 5.329765100418855 4.799319384743294 5.972573190109252 5.805277693209564 5.0276822988457655 5.760910747893895 6.701876299208531 6.1556752244084265 6.545775066801348 5.5984052057834655 5.358099320374233 5.564859011115872 5.737736899308222 5.3944017251244025 6.065670161742141 6.883318662146355 5.233376946102872 3.8846231374354807 4.9823000616653035 6.251008257428643 5.499651803016707 4.975898738369879 6.5293328819373055 5.376755192829323 4.636091860165294 7.840188262706729 3.9701254926661846 6.333463823574929 4.14952008320031 7.688757464247261 5.96219644899076 5.211933094074773 5.563367144127789 4.356128978835512 6.432413319827444 5.259392894556548 6.319642242414703 5.07311468457695 5.43166414437891 2.9076868779673974 5.472818603767911 5.477602705301472 5.023901866363825 5.834189568014221 4.39015762857864 5.279003886909184 4.523461074723041 4.304533725836817 4.010988932053796 5.642440351141831 5.859178338587004 7.874449227745019 5.688862927714057 5.803130468496623 6.101798334662507 6.562585026693421 5.868714329214346 4.943711115479316 4.446535707035977 4.879249889343744 5.104845793122224 4.579197335081489 4.708339217648517 3.718168575286688 5.068797403120571 6.054533345675182 6.892862501150118 4.6658554071924785 5.150638655885024 5.110334485772679 4.844509915326063 7.32069013216161 5.266624271150764 5.040641755834452 3.695167404544012 4.927731607951162 5.242561387914602 7.774923978513576 5.0101004772100755 5.162270245388276 6.3195916940440275 4.856457344495873 4.525011365042434 5.1010687451789245 4.73399335923011 3.8344062644831864 4.260206115630915 2.9316905793565553 2.8386508350620416 3.3299954268700196 3.1861642520398905 2.4981601549566315 3.2951428708967185 3.645951448946522 2.4061472859709556 2.9481031724865843 2.862883720148755 2.5655053451485235 3.183963144165335 2.9943764041543073 2.9582540620115534 2.451103196054445 3.329776998652265 1.7532709469060024 0.0
6.719638352829025 6.426835418078738 6.270549466241315 7.1734082172050915 5.281034572437118 6.5546227906385 6.419603625160204 5.950372703462704 6.3960251246707145 6.2485607221232415 6.967999504632791 5.840071636776663 6.1090694604909865 7.80509294087878 7.954158150525796 6.042625432511138 5.78349712335431 5.642170719763245 7.208412256674268 5.513485673488737 6.493478547824849 5.245869148095833 6.493798702836162 5.98078433977973 6.135602578900736 6.558766859611424 5.922458522485951 5.559405473030639 6.3670378883115255 6.1821064742491965 6.46490580011578 6.121661569961352 5.818134986691179 6.397051135113976 5.2985670183378515 5.643589278048401 5.557667940624528 5.275898121692183 5.7987016845082735 6.199237330766456 6.0441946690063695 4.947343369161556 6.598009160122676 4.482443767197309 5.751813450687161 5.060496749149625 6.429040971764795 6.242071486193563 5.547702691607836 6.0756093058049965 7.049277672942519 6.66341774757781 7.000187275491109 6.042892229988842 5.425507071862462 5.769636218814421 6.016316985277776 5.887593781250984 6.392920738158682 7.3312586294621305 5.94878762073471 4.480504741816438 5.528857351094621 6.810174537668384 5.8140599893573235 5.490586639873913 7.231861559664443 6.087220184111288 5.396104466457569 7.356189712834095 4.26501970698491 6.950157574381095 4.808089099417174 7.619481202520279 6.445188604051516 5.376443523289075 6.005540779777759 4.451094828061077 6.266764501640757 5.745758015124176 6.882263093627152 5.669482565873995 6.345093029588457 4.002768446153612 5.966525189959796 5.966664602357845 5.643543089775995 6.468812711047685 5.3329827879405425 6.4544894631121545 5.471763557298893 5.185927020165898 5.1435144613098664 6.119146242819915 6.127183996997425 7.493303567852987 5.108575740436074 6.39953058131082 6.696824249694391 7.160640887518184 6.144424652540766 5.495483164854393 5.059516671569857 5.67214252563044 5.897414584208413 5.530826948058073 5.485078910478447 4.661814293611808 5.808405654988396 6.625305306978591 7.0621087198420565 5.246470341832428 5.567853804780722 5.893744766846656 5.793447684165262 7.980587979955195 5.9489142855512025 5.301095449106823 4.47882074159979 5.5757822257695855 5.782827484431411 7.839162530828518 5.337470864899014 5.5500043965376165 6.7672065720355175 5.627367225013206 5.365918925928046 5.863664357495009 5.506716014674208 4.675142372369167 3.766949107746433 2.4481045507629418 2.7398528879038726 2.744463507692713 4.62857728949753 3.6161235170431487 3.8982476391822414 4.213716660373081 3.6444742884029226 3.936057629776913 3.8373314470369944 3.5295592438992753 3.937631748164944 3.7551936918581723 2.245719258599063 3.036754348673116 3.7858633858789013 2.764037377308248 2.249101086931888 0.0
6.534312772274346 6.85026734698906 6.208240837713336 7.069331691377374 4.9518923421971826 6.615956819764323 6.550356832731793 5.789692675596225 6.570002011865425 6.338055007781485 6.9260174689298735 5.920089739582392 6.310988811269518 8.063877057070037 8.098612980182805 5.932856046076219 5.388423059284251 5.464014470883025 7.23954881466577 5.397624112953723 6.317630592412503 5.3119899894903995 6.5457294750515675 6.027347570733794 5.976317492185796 5.949710479578634 6.0840304150940225 5.887425726844527 6.128172500128467 6.340497097992732 6.108142450547541 6.057128162822293 5.992367724277498 6.223377388358459 5.052542466263079 5.541912775288603 5.426818129073915 5.300370398359239 6.120496278225565 6.147464218777736 6.098954763547248 5.492834118439884 6.484472074146017 4.972232509692512 5.979044031128997 5.219985231575323 6.63249344876934 6.357809522486386 5.533469212022502 6.215798749171222 7.384755839097331 6.540398290495006 7.120337611707158 6.018062071847274 5.367348684203799 5.414468166568721 5.937211322257088 5.910236907118728 6.224304898647929 8.151623525124487 6.625305397050101 5.38007365661313 5.895367877651989 6.891450970472711 5.9653925159881025 5.56192765113131 7.7078462775681915 6.553443268490427 5.7601308979512815 7.225642564573137 4.617397239783738 6.465533488972077 4.780589457237817 6.817416446953024 6.303954291070071 6.075106299853049 6.479233327950718 5.092478485377354 6.412694271604837 5.973555154085392 7.165140582125259 5.92318244483511 6.439196902603296 4.976017302297294 5.86269338060911 6.058728367934354 5.871679085510313 6.459338094509196 5.82453071501691 6.7805277745959085 6.105287135224653 5.598054162606228 5.777841987879393 6.412943964749036 6.25877118900574 7.159869479775998 4.386294153271076 6.829207488308795 6.877834822324755 7.593861824893069 6.702415713912294 5.943388450418266 5.222515222014708 6.291485522900699 6.317902045210925 6.221073549377711 6.026468004732994 5.104114142576022 6.264396455440085 6.51947009946034 7.445158149876114 5.495372940526599 5.8923829591013375 6.0888772884709885 6.003314415806265 8.364728306082322 6.332793691579489 5.2955055292136946 5.640073729469196 6.275313131830161 6.046019083866029 7.372080029961522 5.338011898377739 6.135383077349475 7.004394328915701 6.0611077927001755 5.631216511534526 5.878741568447088 5.6039215946635865 5.426251740549821 3.5527923233351335 2.7639486225928707 2.803157861103679 2.8900687550056356 5.578628920686691 4.938909292420384 4.939495138360636 5.085842245321103 4.883304641201328 4.345628978497662 4.369899005090675 4.202969463107743 4.1940449862972145 4.7013892815944365 3.4548428836017093 3.9550363573107234 4.854402042123947 4.079919723586685 3.388934231972795 1.9862761849262236 0.0
6.783746158764823 6.6288561548451925 6.296958282462827 7.1245338691955595 5.492266746064284 6.722250934137156 6.592708963995499 6.186026860554534 6.643879183561534 6.147561003870405 7.142567793183001 6.041656430108993 6.271025877504193 8.09757940872809 8.067982918110323 6.133758729846356 5.9255458939190815 5.791718917798987 7.305928323163712 5.6642912001649535 6.526330429270392 5.519210388865705 6.651244886679663 5.998236045660681 6.200745842992067 6.658820404390656 6.0249316828027215 5.82000843773103 6.529834435199665 6.309932104675206 6.444937084836734 6.128493235788205 6.210498743090793 6.70311193492819 5.450282049912476 5.658882154789593 5.6485354529741905 5.417012362257185 6.06216992753823 6.509029564164751 6.084182789521719 5.521078537192481 6.5119286997802 5.051070857315708 5.8049400194483765 5.616269666988165 6.833787826319637 6.230368256669302 5.71251062436943 6.140327985970418 7.0034548309245075 6.665327680705897 7.056101058130819 6.248621514125923 5.451727413828684 5.63658968800031 6.046008023944394 5.971456951256268 6.2310370928324295 7.669891907624587 6.504744904408953 4.959862126896465 5.897797636934593 6.665030488628942 6.134011439192068 5.504728000806908 7.242802182251892 6.099835055110262 5.8620719504148235 7.4166237148040945 4.608008839772655 6.895419292433267 4.93200337476102 7.577638834677553 6.19583496544137 5.727725692187583 6.114074414235893 5.066179232716251 6.421638751953205 6.3127739625442 6.963759997917195 5.786805496078947 6.4636559628157455 4.955642907781532 5.5882755272873 6.047065366963426 5.9681998641376826 6.579342619160873 5.622763201142958 6.598329566932937 5.885435691048136 5.394333215640888 5.597861479920873 6.3442301605805325 6.0786963317682865 7.632467830490948 4.983874973681561 6.551223375769041 6.587050154615771 7.613423698432365 6.475052167043917 5.722585776193137 5.194936936847219 5.93281858459701 6.088083829825345 6.098578282563897 5.668794019044401 4.998147961384067 5.911128030278182 6.422389608075445 7.240170784654751 5.463168105482035 6.045510358012971 5.842586866463265 5.83328896611703 8.27302015525059 6.029290544116223 5.485919812285875 5.228596086601117 6.117727431376792 5.782899926050449 7.634842233195819 5.864284066386751 6.266357694541901 6.870339922222359 5.798430371453557 5.322515917569779 6.073305145768861 5.618429726302528 5.339790203252602 3.7874280908136875 2.895076304155815 2.853538571031724 3.2159978776604636 4.97376035826181 4.347210102092812 4.968242716450467 5.338197141332722 4.702320602348103 4.532912900920602 4.414749020300724 3.962899198423831 4.642642520748108 4.94277450022782 2.8657532889122876 4.0295349986674 4.880861026491774 3.6694614628691573 2.8501931922482324 1.7181918187155192 1.872255332513232 0.0
6.33127058511616 6.734336078408381 5.639930634134371 6.697869168937374 4.222892003262665 6.333511990154537 6.359531157339818 5.688426836753571 6.380110890447624 6.020196891911235 6.686882123874161 5.768107098753845 5.9944634580758915 7.694473436439628 7.8493736942746795 5.664796035424681 5.040300667753565 4.958580607836884 7.034958533377838 5.394881055324899 6.054361019971562 5.079424249009827 6.2302261510956445 5.5042305167376 5.380290565896757 5.0252434218299085 5.594047944664401 5.641635147969759 5.486212514299066 6.012215787085575 5.343602054922984 5.772149228265893 5.584077328567956 5.7855310463490195 4.648615853704222 5.010135983958726 4.928463913416046 4.786929423649144 5.8529699696154704 6.282304781431958 5.624953006541073 5.535240637425997 6.11698531051837 4.907562786836541 5.518747501519315 5.347130607987532 6.483832594212527 6.037288870097552 5.119777492133224 6.064874637858248 7.160248291159498 6.178318943098225 6.684099664991723 5.6417953023799265 5.289402385169341 4.860662240943703 5.6204210798072065 5.4528536873686555 5.760402828071511 8.080981173555749 6.1904080202714225 5.1535848565803635 5.713614514095041 5.96119413140484 5.3796051099260085 4.707013942928748 7.199936409195623 6.133630979417496 5.225858969900742 7.1328558534340765 4.4180367535046345 5.491844640229223 4.3150820003582595 5.993848110948957 5.289299125855023 5.9248188481275195 6.247970490504563 4.968780156681375 6.124612071023283 5.347103410937324 6.462535638870029 5.451026080368883 5.482182729926244 4.805039325440036 4.901999375841989 5.42973185452312 5.141657488553859 5.5781183589358365 5.065115902874903 5.850145023098124 5.498018556068952 4.880262141704998 5.208607776401337 5.8598521979393885 5.518069647991137 6.731823310824622 4.004420838187014 6.229651990168231 6.006052304969165 6.919603310925368 6.491028751208279 5.681545707855717 4.47066921383627 5.567238448589351 5.804778897795934 5.73140179578763 5.588533152456663 4.561799868424583 5.501749013517767 5.409974792288041 6.867326855189207 4.847559180215127 5.406437374848436 4.913644585762782 4.989713076382366 7.492058755603841 5.701138699199803 4.629431728077814 5.741684987824297 5.922468622039331 5.1991641953532834 6.421761212130614 4.767633128653664 6.06640914723516 6.3925666360517726 5.332859380875724 4.662614195156582 4.7232635650644195 4.592834626437664 5.059419805537098 3.6383874912848886 3.3042531662907453 2.9811227407563052 3.3084150824310767 4.967673798070331 4.901362902349642 5.074407105488601 5.068318849112335 5.032480436703473 3.6927012438057343 4.12095911257733 4.365800893273181 4.048725294537937 4.90377136496096 4.30156214495594 4.184131337590738 5.561624807166673 4.410480773594479 3.444898520661323 3.249787688250235 2.186902297228292 2.7302710131350767 0.0
6.785724937046924 6.471115288373952 6.083310233803443 7.059428103377546 5.705265699370008 6.294315895590693 6.1327875887269485 6.378657118920541 6.129304725295479 6.229215125063086 6.988963335182959 5.957353874644654 5.917230266936075 6.874038945519834 7.3154554383805905 6.266841132518576 6.03265379556456 5.714376692521967 7.00476880452114 6.272324677549582 6.758119473520918 5.7811147648609875 6.635125755867814 6.260329477521222 6.446298991333416 6.9302830032583564 5.827806983020969 5.730888404419183 6.465252212701636 6.050893946316187 6.52550104417436 6.325019951085088 5.573703114990052 6.4445056970722066 5.8135964656953565 5.954260393255762 5.85102593841123 5.607951463951093 6.009289399738447 6.715482733513679 5.86377793001978 5.3767783795975514 6.877926671973031 4.914965520345102 5.781064332333679 5.664682058636643 6.391346515626042 6.242468210458595 5.3770315368052675 5.87015703942311 6.690660902064366 6.668920343414406 6.7459220500798205 5.935452361738388 5.941703138501323 6.104737904636681 6.097642828967209 5.950124950711458 6.563142965174708 7.459148304381738 5.631137406131584 4.326493441902785 5.929005441827097 7.038936888065753 6.194228149942512 5.42868293363073 6.822691138393827 6.355887256122227 5.33766946069809 8.048935941962 4.811849370965204 7.469639711362546 5.664058960305901 8.585760347726861 7.044063190793021 5.768289255050376 6.183402629950315 5.118369674989836 6.244003295611706 5.988016890596987 7.099246027706851 5.904227752655747 6.501391641614005 3.455062327279271 6.211498955619479 6.29705565735307 5.861255160335717 6.892290975784696 5.306192620212346 6.385415006348157 5.06415303752702 5.022567233489286 4.547691206966225 6.44105715824444 6.846751569560981 7.786465852053128 6.724599737395078 6.4046584744939485 6.757361408251483 6.712443224511224 6.519552194349651 5.850997098876857 5.616117096543193 5.741373277955353 6.03969773558381 5.071788740092297 5.4719183285099975 4.60315627803519 5.593939494697938 6.715890442815233 7.019399049914804 5.980548753611807 5.669565118708561 5.957647827900125 5.996948694193755 7.6880849194914616 6.248354168455328 5.9674201982503625 4.585726618738996 5.663587467665685 6.050404217651313 8.344793128738573 6.080139736666627 6.050516793669957 7.000043765485551 5.871290296469673 5.387132434258509 5.93998768537976 5.730845882348215 5.026470611561186 5.315974497784681 4.434626429742857 4.554450020782437 4.953310566081378 3.474991337516496 2.637633010824436 4.323364813033033 4.420119417536311 3.167968686377773 4.252731138388112 4.077697483042777 4.11861523616475 4.6381909518985305 4.079068631762546 3.681939546523601 3.563506441199125 4.5641040647952416 3.1597587286896154 2.2254112683623033 3.1516124044312224 4.547667704722139 3.7935022227934745 4.7364345099301595 0.0
6.737494530186441 5.9750273479361695 6.3259353485937595 7.4174372558511035 5.653788929572444 6.503875209565615 6.167726727710351 6.164893583402228 6.111851276281275 6.086485294816357 7.043524369624481 5.526149797316703 5.79632187228901 7.35598690728943 7.822709660469945 6.256883632100178 6.139224737677195 5.686051165232209 7.288668434737145 6.289875662774989 6.547293729608418 5.90604909358549 6.258179122522705 5.611450937173263 5.997950357556486 6.7531730591944825 5.647441931583559 4.98276229480048 6.400170704252816 5.752970171712115 6.485304387721906 6.167461780006918 5.272304440882073 6.2340226784722095 5.337396583153266 5.592148269013423 5.532047725901488 5.005086049794604 5.173039139069709 7.144833739981569 5.840716736966504 5.3413072699146005 6.846516545470075 5.064784792991978 5.349852158610197 5.980750319070377 6.830641996225483 6.114424708547519 5.520357252770381 6.0769407123650465 6.710985352616599 6.60640436873394 6.958728372720651 6.022771933171015 5.502264305137837 5.946318185234409 6.057257032825811 5.9528120076707065 6.543973441282543 5.902633705555027 4.368604808198455 2.929075512935963 4.723915808816067 6.354030323593679 5.095884670434261 4.808083131612407 6.3149962590266835 5.135502934898773 4.146064770579848 6.856549783113301 3.0567957189420003 7.038549944965403 4.5221465860874694 7.947383295144423 6.009780316055025 4.392445998381134 4.980110338611181 3.925785988316168 5.221387873718723 5.907591717689594 5.862776856756918 5.148379829799223 5.341734538721638 3.687652964039005 5.241895146487908 5.08521016533793 4.669857735206569 5.843263691492838 4.273116919859393 5.221492829446148 4.025885800267694 3.811051746789758 3.417336632787138 5.862401399200738 5.920770080684771 7.155446989860913 5.537185270764785 5.463623276738192 6.130438127676871 6.676690305937631 5.407918436189305 4.289030166125821 4.826434143028952 4.363395246662949 4.939969846801972 4.3587801800597 4.389014493449942 3.432716258573003 4.424447007751358 6.079567574095522 6.887397348214351 4.994870841211698 5.227852347702501 4.670752305029929 4.949034751141941 6.826627560091675 4.794564977277507 4.640212750950004 3.900814360298593 4.934797337860199 5.424703421849203 8.248299386769 5.960392925116682 6.42693554095624 7.104794299099351 4.964385231112091 4.651252569889812 5.3032101240630665 4.682933403166099 4.762061930700015 3.7122471529421257 3.499818126254578 3.2585185940924153 4.1748860952820515 2.245961547046465 1.942657368466791 4.231774799183998 4.955422762607707 3.124292140726396 3.7646500090655164 3.480965870674336 3.235269190315002 4.179079339421483 4.467194210919567 3.3799263407067763 2.90027289257345 4.708831690341081 3.757262080867887 2.6465325484006548 3.3982979216118308 4.34852206891463 3.5878306130350626 4.155374277152667 2.786396135296257 0.0
7.510843758418809 7.081459827560941 6.534756704103478 7.757131491958854 5.79499160640334 7.037225843665497 6.712796143358514 6.68746541515901 6.8428733240465975 7.034638840538474 7.4113860925150155 6.425647163355105 6.435226128409242 7.6911091309523245 8.19747704630569 6.811526335925569 6.49898720012727 6.280178984211711 7.736010925495466 6.588420391849736 7.485944735888234 5.655121518970867 6.987098027696296 6.544714366882799 6.594862543883657 6.87600656108579 6.2658493700584375 6.041580845376953 6.734901932445633 6.603562724032381 6.880862303016431 6.871442377192253 5.991297521797832 6.861922153549775 6.08712449141284 6.2953381133085635 6.351356471827282 5.914598735801207 6.447657884235906 7.042844608357754 6.70905971987661 5.104954098843172 7.425240065434445 4.806134059110085 6.416439255011067 5.482959437211536 6.5875673107005746 6.982526632640681 5.967668495715373 6.737397543761518 7.618616003297447 7.168005861515013 7.5441205376295715 6.477476929611636 6.6191795761732415 6.6755261265859 6.879035277958144 6.435178670860735 7.311251847671533 7.881932757543564 5.913345408001948 4.956651308409284 6.212801206403669 7.483384801371522 6.3030063902154225 6.010486719430976 7.595805342445444 6.63497058829939 5.711075958979618 8.606156201287213 4.912080387807117 7.449671256257601 5.553169634833478 8.491426664682258 7.296493373670403 6.049323449711445 6.804125194663758 4.941862592627521 7.121732214903095 5.463845608415634 7.350309264390442 6.148321551394947 6.334162889398798 2.6040945710368097 6.752431912275908 6.654117590486997 5.736753298905935 6.5619405958629855 5.090118857529232 6.173253337693263 5.114113839184035 5.075154630093799 4.636835061506787 6.400843927909686 7.008228529999531 8.33195433631706 6.697276624717104 6.804708537944912 7.295504923821562 6.716069102307023 6.6907571583406344 6.0447777747104094 5.496459069667087 5.806456473579146 6.1040834652846785 4.800181140197416 5.659102835277539 4.576237655786147 6.026058537606926 7.015332643243431 7.123753664572913 5.773831059706715 5.444490437562728 6.2084888716568765 5.967075493275328 7.6666133479433745 6.289576285392182 6.001276871105106 4.319338667197147 5.271758705436159 6.1233729278556215 8.384237163421506 5.088644206401732 5.1185193136114115 6.706655860249824 5.819897585048399 5.698506750845846 5.482092423831997 5.6477049532626875 4.022785652999538 5.752931139244055 4.2901167322427645 4.359029196926428 4.508307951241963 4.1933895792298 3.0902977696991125 2.905695749693931 2.587182884384786 2.6253846475337412 3.655367464168433 3.6618841988473303 3.9888424180431175 3.8724055311692354 2.8701592537822913 3.75693092426601 2.9230996536040292 3.409052426507596 2.071262791783328 2.341674279017272 3.2156666162489316 4.657945967376017 4.454545999790788 4.9979464085720515 2.4301978882643334 3.8887614083905744 0.0
6.747786898777767 6.292371996937237 6.029424296020963 7.027722857632572 5.403072598959734 6.394316063739504 5.879244426639752 6.148710436799662 5.843146642627773 6.03349996100569 6.872449004684418 5.659016154255069 5.718779415675282 6.904573612640938 7.47617241683704 6.2060854960045795 5.943988466249847 5.754151138072801 7.163812748135907 5.73835126729793 6.614543304817444 5.1499992791079094 6.280376343987583 5.913163932591322 5.915795423248843 6.777811128293824 5.58410248941484 5.495745379707883 6.141524128785331 5.734895654552937 6.388892021088531 6.3097435049543344 5.494322720976525 6.633834975382585 5.51035845866816 5.58358289163445 5.611723332495676 5.339385408653184 5.824120618779907 6.236669134995436 5.922384212412847 4.691011353973625 6.469001787508609 4.263851191500564 5.717577861712856 5.005458909744806 5.929090409688856 6.032450068483357 5.229079723171866 6.013250632400344 6.780049538089284 6.409179285217882 6.7912290719184165 6.007642453361235 5.775395536506168 6.003018673830212 5.973862049855027 5.836447466696906 6.476280840371448 7.293247205464915 5.840846819944372 4.473724377767996 5.4700858587483285 6.6898604935479185 5.997866527468169 5.43071597740486 6.658384973466952 5.938463231323608 5.336180168858947 8.239283084189793 4.7772635473908025 6.684507689822691 4.804537857867309 8.382742596373921 6.768637661311769 5.6641047359007235 5.867179298921975 4.9152014377085855 6.751314907613842 5.467766256780472 6.787983568613997 5.4849018922874215 6.134547767744125 2.9690811262611927 5.987842204878786 5.961421570095125 5.6036231476896985 6.5389108798732964 5.109319661395178 5.971205421072902 4.916836600174255 4.887753781511757 4.438856378302162 5.825567606270682 6.391825039915646 8.228528590716195 6.405236319287623 6.1292619578573575 6.586578716337226 6.534880728382747 6.332618221561336 5.464505187109905 5.037447768646755 5.488818811721478 5.6539294895445 4.897078207673803 5.132176804386022 4.257917791780986 5.479036810141092 6.573410682549379 7.022398197529639 5.199320567672252 5.618568867789881 5.874121220275745 5.564567043175024 7.728364805077855 5.90119377209709 5.625611839170472 3.838150318432681 5.2149586196168265 5.823735665277102 8.29874848557632 5.324749359562893 4.990864424350573 6.36596897831271 5.40053970827787 5.054691561533644 5.7774615843181705 5.316288525116762 4.236692963628899 5.031886342199262 3.5953313883813 3.825596286627032 4.042877399287432 3.851251312116434 3.1119137710585756 3.7068877072972866 3.8089006157015106 2.5626676359002354 3.7813676521612845 3.5264538620183465 3.3325972541292703 3.7510199222105727 2.892479646990652 3.517082645774449 3.0656175683622062 3.1035259941695967 2.1157759400909275 1.508838977956047 2.6425444845870887 3.906910140780052 3.481858296414779 4.267715668222964 2.00981415391486 3.492186450312657 2.1022226027236988 0.0
7.519242418498685 7.329318431100641 6.378700777292329 7.700269176171477 5.161451087010728 7.015706585318049 6.858337254636926 6.307728907097339 7.281295736023046 7.025398359360681 7.432093573109546 6.335431560306927 6.377739089126019 8.191155646787912 8.569075834633672 6.3296387273953805 6.061612532957735 5.682395160061001 7.521783747394716 6.85000416504488 7.544508600965876 5.801749617799707 6.873986100910564 6.022025095975946 6.076794619405115 5.519577845411365 5.931214280500207 5.940910599681705 6.173111373108284 6.74645706430627 6.189759166583909 6.553768905398939 5.90775365692212 6.01818329215716 5.53282379778468 5.928126177492551 5.869150906696232 5.401484993196986 6.414490762532103 7.763204101084434 6.778943298564031 5.6938031616990425 7.37983194825812 5.505450523419369 6.473971562959427 5.832082888045285 7.217194291525958 7.226219590145523 6.015463375087955 6.728532359897312 8.120266659380778 6.9738837861105445 7.55082956500904 6.047641336270377 6.6052156255412635 6.361129201342647 6.969660655325593 6.061222150186267 7.123959068291556 8.344139749197211 5.296538617865308 4.850633211691922 6.151805208684517 7.201337688111379 5.551707684387943 5.4757373786728465 7.98582646455694 6.32717261661978 5.0407073487386995 8.607991504083536 4.437656924533794 6.767641908122574 5.015739674431933 7.278618970578147 6.5435374138444224 6.135284185756294 7.069696955353012 4.8406750502086755 7.242997362242825 5.407556878209043 6.97368276332593 6.011391938910367 5.143620101929018 3.236490058143457 6.2467339123527 6.242256757006587 4.97943227813065 5.172871782022824 4.162544155560167 5.23943780310255 4.855428752682032 4.216720554105401 4.2824742773020805 6.608142758523271 6.703856257678444 8.124375393479117 5.912474314443707 6.8803047881569785 7.053840315685007 7.054152515308919 6.8163394894075555 6.0039939624318786 4.99884903812353 5.684809632206738 5.846213035734301 4.451183523735849 5.524556132217698 4.110014969844906 5.984990649736692 6.2853437522898155 7.771295709375065 5.646662280429053 4.402514659135182 5.086012821275508 4.909712349508264 7.006493147713538 5.905671962491951 5.451558778305049 5.307777404311373 5.701208116247437 5.664430076365057 6.956115977752409 4.630613324601146 6.287609977960397 7.120218635062222 5.495772478894803 5.2898813732306955 3.813525072495215 4.969004022140239 4.222137651527846 5.487135378260028 4.431780820112555 3.8214967536329754 4.652222698272787 3.898430776696404 3.2140843197908335 3.336557420555745 2.896723019229234 3.555318147346708 2.454334420226934 2.9058406559368835 3.8803654778346943 3.1341979623282104 4.097249211820277 4.406202672520623 3.6266216128648114 4.977913984020016 3.007754134233845 2.860599930321483 3.917782759408552 4.546311138310018 4.419136680313628 4.071527749824949 3.67664863319665 3.6249417925325904 3.069399587463626 3.8225347651144737 0.0
6.674466706129535 7.7818051578458105 5.775287080746778 6.298410196482561 5.677428886599833 6.254834501549861 6.468081533429409 6.70376570176813 6.535929957029 6.2254985254500275 6.841368321986728 6.582461033983144 6.381282876196717 6.96280262704591 7.090890350496121 6.308556924194693 5.539038154770936 5.424558272102561 6.649941484805577 6.823679706940094 6.740723523132113 6.433355911646014 7.065783523024432 6.84825290810751 6.534121117168663 6.303090193226874 6.295607918859814 6.886631549274686 6.182886478233937 6.484865398024136 5.627770257668625 6.225227566225047 6.285646795334761 6.4818712958306675 6.202952846755719 5.922608621195431 6.401679265717972 6.346433139051676 7.273663180112345 7.204155604552016 5.883491718711717 6.680028893035365 6.808282141838866 6.241352641161413 6.331098715697631 6.317390427591024 6.6711133917652266 6.352664617010543 5.212223056135431 5.724263497996908 7.191052832729742 6.530071900408923 6.615819083131549 5.994348055502091 6.438598800969771 5.557524429408136 5.989096116225475 6.12725528261474 6.172511768100259 9.973817188882684 7.828506898660574 6.746463839813357 7.387446916457655 7.223339475695331 7.57275903091194 6.052290050595839 7.493963827691142 7.559222638939703 6.95292505453344 9.109991097011932 6.844261628462191 6.729973583087363 6.412526516932216 7.6699626618113435 7.2508424023926406 8.049972592780728 7.665696006614964 7.488127485938864 7.573778774944839 6.670852889973188 8.156577301771794 6.81667736919415 7.226872203471574 5.611171665849205 6.73500204611411 7.304950281484524 7.071929163747315 7.493142926696104 6.794726946491234 7.279571625840979 6.988045344693865 6.456427545481212 6.389971885399255 7.543294779737837 7.796879029603316 8.119190697245163 7.669506410357344 7.6724414001271155 7.0035970684334234 7.565445562960938 8.18758884983595 7.627897715856121 6.556421894890099 7.440469641999269 7.204704169605255 6.770451040866103 7.012108714884769 6.103091994176013 6.83116974150242 6.837739445538482 7.794286799679103 7.14679959619287 7.138967808642513 6.8845608621833865 6.7553052291770195 8.661264753606307 7.6140446607209356 6.967256809485965 7.452365617651756 7.584167422818957 6.849712157721529 7.356385177680905 6.754793570335182 7.3073798916482495 7.435086980452404 6.991818034813211 5.9375609021421845 6.253102686011005 6.3574529571042016 6.87807050251809 7.038380292413878 6.5141097435912165 6.193587859807747 6.772235221724455 5.881407885581499 5.819908326210094 7.113981064714826 6.490432358173155 6.0488641665796985 5.606863146526677 6.021260301363081 6.16974574321692 6.178527876386974 6.367794250589719 6.342239997359802 6.151708822309965 7.283195758238577 5.6851233784686475 4.421272090074321 5.3235171409056115 5.350143562987414 5.01177034378521 4.648801234977242 4.137268064832556 5.300902312810341 5.30659028264608 4.494869154191494 4.958345525613013 0.0
6.559169156770794 6.90357914625019 5.42670354946141 6.314070142283471 5.260385066061424 5.999814352003044 6.0023275168357 6.346864604861252 6.097048693514754 5.7531864336900345 6.6447369656836806 5.94973557979885 5.713112288837733 6.659440757861398 6.948986749224246 5.8885550720154765 5.4760725731365865 5.159723184676566 6.510038584503468 6.3154836013020335 6.531429905795158 5.780661134300866 6.515082974439166 6.021705444316763 5.956547985699978 6.136666903980949 5.531001766111789 6.008394162322488 5.844869187871438 5.923029734113247 5.470819439514555 5.874828556325523 5.6817746915352325 6.260218637629977 5.610247256592456 5.424713771329261 5.655113355279822 5.474605748163121 6.360273107320525 6.950092679710192 5.550216460892066 5.8947464442051505 6.348496130883752 5.469670385542318 5.698929470313693 5.927888366774165 6.377805098740086 5.919959590429314 4.914842651830855 5.500230212262507 6.588842896652012 6.116565929626133 6.2999475323706 5.635787820105907 5.953404170576024 5.377617819955508 5.7586030340683845 5.528791731896727 5.852220973330448 8.680238356354483 6.593699124533938 5.4587977956564275 6.443112391214102 6.406091046289563 6.524893405373113 5.1026854212026524 6.703061615497188 6.4676905408507475 5.9380425810374575 8.611457663479385 5.696197438039808 6.368974426144642 5.545278009194428 7.743344500232011 6.446028949263107 6.7774568318382 6.629127083722428 6.3116055939836695 6.91984434204503 6.052829973322963 7.126994535355913 5.8805746731939585 6.1855078890190365 4.564253563284034 5.725636476596393 6.357047879418582 6.033677319337841 6.579439198344956 5.54504982827717 6.17407369693737 5.685308500989329 5.257491674842452 5.164771551915746 6.586610141124732 6.758312679506076 7.968204800252932 6.89804024863021 6.598497214259664 6.195657831587235 6.825114231021492 7.1831397715709215 6.495106400838401 5.582034671319694 6.204897016054024 6.221713210323563 5.755839877929274 5.8407587239080305 4.976327579164998 5.796240444824455 6.0038031730845205 7.203383876485467 6.099107573402436 6.094217726513603 5.6518947763166185 5.655612942877654 7.713475375187719 6.493070226179523 6.122958541918705 6.0946672326550795 6.482962865146218 5.86100198637698 7.206163962640737 6.122815745052972 6.616473589491808 6.738944411239052 5.915759482277396 4.945716867946556 5.448501922339147 5.4424426224522335 5.698044601217906 6.02753729989338 5.375100511184576 5.083934058914435 5.7236696874607675 4.376545051616566 4.429512973633367 5.845729538083192 5.572834154244026 4.870977994932244 4.595994258584713 4.847945222837884 4.99042612262671 5.228608380790567 5.399491748509341 5.243263628559096 5.1034439310867175 6.204470460220958 4.469353572207432 3.1905835676486505 4.434655278139799 4.818936766195219 4.113685199097955 4.027396054708066 3.0202111865053167 4.013753667404468 4.367792958234554 3.451796175260589 3.9944956416413935 1.802491683947219 0.0
7.17688954149542 6.196042074520416 6.168253457241573 7.294212891125558 5.215214473538545 6.653331930828932 6.376469546727129 6.266887879312788 6.440661229129592 6.256002692005013 7.181212143823186 5.953968157930171 5.883747550594584 7.535139170900525 8.029256775621569 6.2396507523726 6.2540586083851295 5.785655401486725 7.387677856280239 5.9298989569115435 6.926264746484796 5.129496759628895 6.354344497976522 5.587002327874044 5.839120739008733 6.481197796803733 5.406472722126489 5.307222527161326 6.175300841254767 6.044377257822248 6.453467089771861 6.372924169941226 5.630194466673571 6.517001948724773 5.466946826552693 5.559183882215021 5.4614195888992265 5.041620294979516 5.592296084844003 6.7379243539621445 6.093495764582488 4.638050029740363 6.565770893012794 4.209980625210715 5.576582103813948 5.208573805487638 6.353779666534088 6.283075473973783 5.668472685563444 6.358321314061109 7.077492351115159 6.729759885959472 6.829605871147963 6.06121630489543 5.9389383137358545 6.160265373530103 6.309448736341427 5.69915414345763 6.548689430491339 6.784246191399682 4.987952478107312 3.787956800528725 5.316147793698692 6.129206279932446 5.333604756910151 5.046921452568356 6.654027398472096 5.376638600287148 4.7306912633869524 8.182472865011547 4.311636569901612 6.615174599740334 4.56411196010977 7.97667051479864 5.93752171971208 4.988239388645017 5.800077876062635 4.010678654199276 6.74753239845488 5.004747599453943 6.131030032615211 5.225237430065775 5.334675887694638 2.809408593134485 5.526801138832554 5.5764016400742875 4.936335005994363 5.64401967627378 3.9975789645622184 5.07621213931275 4.285931197178885 4.2238233642962095 4.059790982337334 5.436168978077192 5.503357187555432 8.205818689667273 5.878172430459748 5.664668979183876 6.000567197403134 6.276079885705454 5.78971990823595 5.13698528633488 4.214179079398169 4.482374756507377 5.1343432751867955 4.278407594529042 4.680974810894348 3.8890446290345486 4.964259780968345 5.921250892566115 6.666684398835173 4.42920444695981 4.761824381343105 4.714487205516902 4.483788331952766 6.877503436316355 5.127522073951809 5.0783913127499725 3.389164437253562 4.611112309686404 4.827262636040701 7.534688346723975 4.7133201197208345 4.873294091095364 6.008026852884102 4.465719855584329 4.33849508559271 4.7805916542016975 4.638433688388388 3.1853053650708643 4.752303542285028 3.3482725160131928 3.3997802490624465 3.550540086298598 3.129676571005228 2.4794123934341696 2.7707126108457105 3.092784265943695 2.58629820327578 2.809471166275362 2.9629770815938166 3.205376391278208 3.45170001679541 2.96146443443394 3.273304301949514 2.9318202659514037 3.6051286939038647 1.600323669284462 1.6784079417806044 2.937429403612234 4.260741146664255 3.6021856498428466 4.061239790309443 2.825427078022623 3.1687697039495824 2.4046079719876863 2.3583514406484514 2.8973822562095592 5.313617418458354 3.9071646146665366 0.0
5.952632582550209 5.436591204362479 5.7188490876891045 6.7315442433348505 4.112571684659705 5.680828438554512 5.262791623491996 4.634154287873179 5.386938694103569 5.674759573048189 6.1922129666934485 4.610445371047434 4.980844641171609 6.64742782475893 7.271939783625429 4.870741907966877 4.881290674315028 4.607023921001707 6.436390467634197 5.012693134050004 5.8362446267633885 4.537342962780873 5.305968186365194 4.763278180986055 4.813994494397234 5.232933264495675 4.754322405727939 4.488335286229998 4.801845800776527 5.152450390847713 5.594494415011781 5.597817114402921 4.282285875624392 4.736366790046611 4.016268547113065 4.858461815882386 4.130714383628399 3.9930220207814036 4.668843247983631 5.828605248508301 5.51905010604569 4.395662933080637 5.987609904340555 4.029219977868028 5.341486692086013 4.241048222004069 5.639119643158203 5.903981013459934 4.798694289729278 5.6062286207933685 6.916476862721026 5.692436536662388 6.255038291050104 4.74730183014029 4.985551589009872 5.463455839408508 5.440215997976765 4.9106721444091175 6.08069403293712 6.5125586663500314 3.75923219750246 3.334272728306909 4.072937463973296 6.1975025425336705 3.976627626772013 4.483277147568386 6.773687809723945 5.2959753284480255 3.1404491625386894 7.095703386779275 3.5757917929336207 5.77764386288777 3.905715023277631 6.910562346680631 5.874649805818603 4.611160935481035 5.391402579713412 3.3876212771770904 5.928090180952805 4.590134063011556 5.763086560402371 4.793519246082824 4.768547536191 3.0779641471234225 5.667731717332567 4.635471517594227 4.2042165624378445 5.03788853509926 4.052614005224411 5.094596387623114 4.05871291115205 3.9590977550414057 3.810039987498217 5.31472639612224 5.473647127564926 7.1568779357554675 4.894351374445764 5.491614192826432 6.287474029932039 6.0962767454910525 5.4077650011227485 4.62920380943854 4.238912554787124 4.919667937900212 4.9311398611651525 4.254447830466598 4.668183944387637 3.7466258421746415 5.256012602748721 6.0243661455964235 7.506818514596945 4.584985071832901 3.7821503909290852 4.7823625162186625 4.6117558316098455 6.51255169681089 5.241827232838252 4.443025279404336 3.892984685815914 4.842466580360459 5.404190391408067 7.623350128907865 4.5719640593344595 5.556327142307209 6.90484649129814 4.95418436586925 5.098867934279135 4.914619310150915 4.8356068159903565 4.023760655424328 3.7928699386161187 2.9166553315297703 3.3606086101396255 3.3460670967991213 3.4615392501301936 2.769550495499351 3.0760044487687224 3.375606396250796 2.1793805850970194 2.0420761008430306 1.992670428185123 2.573230021931691 1.8572033524169982 2.2452451418109596 3.526859663133521 2.7580370192144916 3.7815633615594395 3.020381960569329 2.7040023256960946 3.2921783632609682 3.8768690543987674 4.210419066632935 3.993530679398621 3.6840765475101724 3.565474617379849 3.391408356518275 3.124851489829325 3.390735749050972 5.68314732223772 4.747384465786994 3.1866050790638134 0.0
6.500148569645114 6.079697814996729 5.957795893790195 7.381936410867936 4.242259214947343 6.417672026212087 5.962355353197536 5.317783614856591 6.2768960049804425 6.296551186426836 6.876516590615893 5.455230452428616 5.674974088648492 7.319618868669544 7.982291818800758 5.600960125423789 5.5344149243927125 5.133302447466014 7.17780757749239 5.664257867640695 6.412107231913578 4.743811770893398 5.790368775967057 5.079965425874241 5.109234047086694 5.006587819582633 5.2192483547320725 5.135645433056036 5.229826956784754 5.771227329850707 6.014404216989782 6.226854583924954 4.763820396162922 5.174825112552437 4.586289534183291 5.21718769106121 4.671184324848193 4.553332816720239 5.282690623766156 6.491565494452194 5.883543240287675 4.882941010755841 6.621754650863956 4.357965210151581 5.661769568094776 4.927523368485168 6.312609273995457 6.49405977223963 5.386581374638492 6.211906093644376 7.442823565171783 6.272613045574623 6.87425849389074 5.370906605921376 5.66201774579001 5.925114199445565 6.107902573410531 5.4611562049541185 6.7132058015478435 7.010898375181993 3.8499811132982993 3.5410477176379587 4.792904868370967 6.451927579794123 3.947129275156579 4.57872425039506 7.114783942333007 5.382487104298462 3.6455636872429733 7.357498163633166 3.5184832789906353 6.078831685039844 4.140775189987445 6.988101027980704 6.058954273302554 4.695346372782323 5.8517663223701675 3.0993045973767486 6.071630477859628 4.3861399628846875 5.783617497011772 5.02089954025602 4.485513745294563 2.464019367172699 5.505422557978665 4.82677354705772 3.948160862649012 4.515727738156445 3.4154207040346996 4.701596351004157 3.6487517964056937 3.266495155131872 3.3406613647207375 5.333972382853835 5.600363937022853 7.243686442754611 4.903040436306969 5.693872436946928 6.502097938494421 6.003091510613892 5.645856646222963 4.769096134309221 3.972127293887964 4.759952604160432 4.905401520875025 3.2918819135154616 4.462616389017352 3.272043862035812 5.011129807934828 5.755081288284696 7.319628888844396 4.616120935066378 3.1106526540656505 4.387502505949473 4.1655401897325 6.107346253346459 4.984257665440187 4.230869096541632 3.966664272963278 4.582518664251089 5.057884618216694 7.015498637062978 3.9024897885921246 5.502331880686248 6.624544755592096 4.647312320024623 4.8060011615743266 3.9047239472077773 4.37125126162725 3.531461872399003 4.361059875537198 3.3779100724829236 3.4499033669584795 3.849849224700997 3.2642181228818288 2.455290453966684 2.630634704684806 2.506212372890651 2.2957223598584697 1.5087116190920238 1.4064449012001006 2.922930247666995 1.7726086477711207 2.6542333663544038 3.709410124099886 2.853339530902307 4.094025779573639 2.7986302828073537 2.8103096899404743 3.5105609263775857 4.225283077624094 4.352718370844585 4.084091900040221 3.5799404254868414 3.296211092433243 3.07769552142478 3.357789195786103 2.4697854299771858 5.699816182289623 4.662989106669177 2.8287212168228666 1.6751403107441274 0.0
6.219929621091768 5.25333732471718 5.883515183758952 7.044815623772245 4.7569438300672235 6.11628893210875 5.514431909092634 5.158462256331802 5.659731265231459 5.801620608393945 6.5172906738006935 4.89278775669205 5.2642163048579675 7.126500907757182 7.576277029225311 5.575743842664893 5.548331454896186 5.364061436288899 7.014407639046802 4.9817135657728135 6.067645774373101 4.545429556558486 5.498130565216676 4.861358561835187 5.192727978705743 6.100809149174704 4.971500819292817 4.362431361141586 5.656537490415421 5.253180006087106 6.184579148698925 5.807740338457259 4.78144292834723 5.76491012528611 4.42292503878114 5.075384282448471 4.616357185212145 4.238873910557359 4.612407012071462 5.830428220395464 5.665609257425786 4.115768113781912 6.062095774053549 3.744350841564417 5.1282963536781825 4.534824986798676 5.878223749295444 5.830630811570676 5.183025280919868 5.970663276162133 6.633499682918086 6.01820281468411 6.61531589122885 5.442286556982009 4.90469257416637 5.611152717431652 5.662478241224601 5.291546263336462 6.184335174220337 5.803806017463873 4.303040276734821 3.311005271086971 4.27672804855692 6.239236690009473 4.542476889503332 4.680952950712456 6.568695696838725 5.048222764294705 3.855781889192904 6.664523185789917 2.7709480806767304 6.460615084402359 3.94400913573398 7.480597029897271 5.682541748784353 4.065221914251251 5.041923500231006 2.7745912524337286 5.464693640420792 4.994386954472052 5.752896186802244 4.664880428800863 5.125246912809431 3.1746482048337152 5.086876761093507 4.682611616553581 4.457298280939933 5.441081507530785 3.948197350445188 5.132390762585723 3.906477259007649 3.9262143032933214 3.7604675462725985 5.048766440980484 5.237752694558338 7.082384789024893 4.407902782987863 5.2725161993328244 6.176513674026117 6.298033142514481 5.022408103439582 4.019097580692907 4.0025431036523065 4.38422061746076 4.668661929037492 4.2737725950776175 4.211812661513494 3.4915752021726405 4.753038486008051 5.84471470119391 6.77034629196009 4.195254854424774 4.419468339361955 4.821951543658519 4.717175857116893 6.890286486357271 4.653428200521004 4.284111305688206 2.884260498140302 4.149107152646633 4.978844876103873 8.042156472648655 4.7415840098501665 5.079429242893123 6.362518087600815 4.623798973459639 4.792096945118802 5.292621070364559 4.672986516108739 3.520920826848276 2.9058745776370465 1.7314291216314697 2.4775960700704456 2.375078984460813 3.285103836354218 2.5231502152989957 2.6027208643571105 3.7131390677187497 2.30202583818891 2.94643769489962 2.3070613158841695 2.030925652781777 2.7841662571986094 2.552981604312486 2.1106495871952258 1.5840466380823965 3.0248480409235987 2.4974471897623434 2.3472227651868303 2.4623082424766407 3.4380847906456737 3.3997857076633764 3.9066611594577503 3.474724041026516 2.8640339023212604 3.2290312918617396 2.9029215197655414 3.772831433648392 6.230539311895148 5.05683337545702 2.718342965246046 2.1003830918777053 2.4055181280846747 0.0
6.797275586906537 6.1883959452450235 6.27939751267209 7.181300606061404 5.559456463214487 6.446117759027296 5.861154585455071 5.887516082113353 5.865801753946497 5.862858607774835 6.761643527201791 5.165370327312176 5.511897435394267 7.317255838797692 7.74181498870145 5.898303858611189 5.827646965397495 5.568569025569709 6.991387649330298 5.917898238232064 6.6181516844156425 5.448437707030147 6.130060547526109 5.578989884888789 5.6850138188141255 6.736569927844708 5.547344841627236 5.050160752683033 6.092034723285645 5.6291720313721365 6.195943032019077 5.972858699538545 5.424329012974069 6.390583546708197 5.17179709551685 5.356360099864724 5.525020157204207 4.96282345970389 5.434271113022367 6.827430743105222 6.160485538336819 4.793014852528669 6.542919357463435 4.807746030300101 5.766064597332679 5.224734728640371 6.372532095335764 6.073070570300217 5.275265391849078 5.862203006951972 6.892951467738372 6.219569475861479 6.998002075141576 5.9316318884937616 5.527091857467004 5.901797647379034 6.033839874073024 5.7872692009566995 6.46175371567826 6.783558155320107 5.334730659873432 3.917216132883576 4.667543667160847 6.544347814202176 5.503395596050642 5.299555914890414 6.635343563391775 5.227035596787012 4.86842890038875 7.872244252670037 4.0230293494239735 6.372177421046972 3.9414898663793445 7.949586268489204 6.422990934458056 5.175419959417877 5.290315217323923 4.73355386551099 6.692361072237742 5.807545118721964 6.330358484464273 5.157767195183895 5.492615799689306 3.429087083921456 5.940542647843876 5.5104882903832895 5.060282417739087 5.919001975600365 4.824839549155202 5.500608500147213 4.775335134418 4.434892491655762 4.134014384129898 5.972686755918819 6.2278763144306195 8.278152819840914 5.969058817402472 5.976206438051387 6.528372278656249 7.012324106798283 5.905711909719311 4.796415949227172 5.036073669917735 5.290822469050293 5.226243141656133 4.964417365151723 4.793500014744694 3.836531017543713 5.467268421470787 6.654960639850855 7.695355078875831 5.056422049687681 5.501928179332435 5.505729913012095 5.255891610114579 7.501040935551878 5.469110194234752 5.225856935916738 3.9939038602708186 5.41613346126633 5.992203113834669 8.352937330618579 5.642679008223833 5.86236671826404 7.062160228783124 5.340618745670157 5.135786753462226 5.638836939581904 5.145049309884504 4.583657279113988 4.297172582765953 2.9348708680496918 2.6880019553974095 3.5317898291395204 3.6426682849281327 2.8615872992614446 3.9219457810986804 4.363830040901405 2.601769753356212 3.5212480594986983 3.225891071888973 2.421139309808192 3.2650954319967864 3.4500661641166985 3.231980726347618 3.015685469210666 3.326528022860332 2.552549203418851 1.5905524199689833 2.4558421374632795 3.394142622768317 2.901501779218531 3.866341473328973 2.851491235201529 2.8623016805849066 3.1914661393885746 2.124504722801857 3.5178363493356724 4.768130763672803 3.7159857697282512 2.8893531071798373 2.8415622638227314 3.231318115758807 2.7250309835494977 0.0
7.252110218838649 6.591034912568017 6.586210465620298 7.883152588171142 5.610728154780718 7.035447750249914 6.294418801105582 6.296202788495578 6.328190756970373 6.636833142802103 7.185909770971899 5.721591376682878 6.0203480953806565 7.551061727289965 8.26174425457211 6.543834945586571 6.359899368627885 6.120539851255899 7.730508002037575 6.2500441901537815 7.095823417291641 5.339718755414901 6.397686453053554 5.939835991485021 5.891560990613806 6.72147705593789 5.9984914759718695 5.4678631192577045 6.299523452980171 6.031974690206808 6.686425900614427 6.698792835370658 5.500901289939803 6.693133329517085 5.566308873569531 5.787365354251541 5.942630662086596 5.395373412897752 5.779553694358237 6.941966086953782 6.606040233578968 4.684239172673006 7.154905740774454 4.597170363480956 6.18935019284362 5.260572493506105 6.420614657559976 6.685634421914351 5.721508737845908 6.613366644250119 7.480304258475987 6.718175431907212 7.583413934483876 6.40882988425914 6.218746050710424 6.528380948887421 6.644751327747802 6.318015238656638 7.266176052188006 6.934947388891707 5.2268508084769545 4.215280752018321 4.959781975635609 6.93454318518637 5.372165723694063 5.610199154729525 7.019044710581493 5.5730872183082205 5.035708786137474 8.094587124994089 4.123253803360331 6.541732533953651 4.203817728952707 8.158773267919125 6.894186631202525 5.171318488755866 5.709786896205335 4.3150622119351025 6.899197736237528 5.1189156870608405 6.374947905839251 5.35115138355353 5.382439798673117 2.181788830631158 6.328181702816582 5.671073640554569 4.776884440876724 5.706328958297713 4.530675951073098 5.299521475629115 4.341735284186283 4.220067353235451 3.7363291840362804 5.6855222827809975 6.401228234359366 8.361258905775092 6.178629336830325 6.0524894516508585 6.9745069322117015 6.451583486525926 5.923312638532349 4.864888824337739 4.943822369146943 5.137218951715497 5.22641774779555 4.175559012939188 4.752113111251373 3.594667167784165 5.443210949141468 6.815718577350782 7.436837013023011 4.924172061370423 5.084971052953913 5.645631397329362 5.261145520995583 7.083449598362486 5.4242332395806985 5.121260806165993 3.4233214491087502 4.72399749853253 6.012951869791228 8.523183533978079 4.770847368150032 4.954663666918682 6.696293405953252 5.216320536925798 5.330739155694368 5.226823858506377 4.966709353537868 3.682613801009758 4.9959891138364485 3.3569494067423546 3.3556698435759236 3.775167292825858 3.851064447996052 2.8819701262876847 2.7377154159954746 2.8540001487212927 1.5765549392872527 3.13452219067995 2.8656996991849155 2.810282233616454 2.7020801811106243 2.0511454891943917 3.6801532894382025 2.45235956265214 2.238956184130061 2.08594749610065 2.245704288474609 3.137379992513781 4.281024924207831 4.2927900115611255 4.711317003715531 3.220683476487376 3.6307845106154595 2.093318832836922 2.1314458324737093 3.4094685702673027 5.730794999130995 4.760937325348647 2.770963759200108 2.5723678102549026 2.5943405795692445 2.5910480482892835 2.2243099036424323 0.0
6.325867709514502 6.560860406466615 5.6635878992764885 6.695845687518156 4.635974519719395 6.025836626867849 5.986597079842235 5.47375598123128 6.149603755063431 5.991929397703061 6.408527023305217 5.476927178786189 5.64466724217383 7.207876911465946 7.348353837053737 5.2590761439018845 5.017372094688537 4.887959391479943 6.48351467755753 5.509906705585121 6.258025457666809 4.9619878552754315 6.235658103770744 5.721255168439707 5.7021556524607035 5.605514318772383 5.621300378405723 5.55178701180128 5.563828050658961 5.934329469498247 5.608060122247206 5.659963436900877 5.304919218002946 5.524008362962206 4.853543411040482 5.302104452519418 5.145512415354907 4.94749391870164 5.829947896893705 6.193291992020855 5.78656033713405 5.118528235811401 6.46445886996885 4.719931984065961 5.819123395182485 4.882719189061153 6.12661990719439 6.2042841945884755 4.9532369410506565 5.505488660151321 6.929922188594521 6.038096175021297 6.618360914897923 5.2710771082467 5.454278376890366 5.320388098901898 5.760973421849672 5.3752970759274055 6.140214542106473 8.10148002593519 5.784733112906313 4.78449523772487 5.636955100054339 6.748382000203609 5.477640629022422 5.090283186691048 7.33581705123861 6.268608191140897 5.27987280486717 7.556551549489258 4.605893924528999 6.333864015028942 4.910312576502888 6.994698426303058 6.469667109730649 5.791030449785704 6.347797109323463 4.916527313523907 6.421422923205769 5.358604114679759 6.9045719312058 5.610617727758664 5.904695901520862 3.8248084507486 6.13314356670443 5.9280210197525065 5.349190278348179 5.945267590791798 5.210785285907519 6.286257061980514 5.4240220544255 4.959762532854701 5.067403607175613 6.2301749550250936 6.33089735390225 7.2933513928478675 5.344795330748445 6.5442876308822315 6.758469573055463 6.788561959397611 6.426101920424236 5.901059622685688 5.251449427720425 6.102951495967194 6.002588637436237 5.498743960098428 5.66912993826774 4.724635229455842 6.121467018785524 6.442580536197041 7.4047401932873695 5.694207146275783 4.992690271718643 5.7637002896579945 5.752110111091822 7.485243994167167 6.289353713340524 5.447841703111749 5.342983949869708 5.93627313213765 5.955833827675429 7.321425642319303 5.108509226801808 5.966287669124982 6.950500847418336 5.926612559853303 5.631135455102511 5.348501541426064 5.571672346353906 4.9515959200507655 4.643996894807069 3.519150514488355 3.6045179168483603 3.7489949002671232 4.656583368282234 3.739567534065615 4.1768215935301605 3.876152655245085 3.6990157223149804 3.4265950248585906 3.6626608630294153 3.853922858210522 3.591442280475264 3.7256979002121065 3.268874510519567 3.7093907651860394 4.617911219653899 3.1309686627226743 2.43532794176384 2.170961758853388 2.726469459043004 2.7896926662852426 3.2973339347568404 2.9296369523943104 3.805164694750657 3.098146823315788 2.7050689280073263 3.2304363390259785 4.167463093287312 3.5282266955488972 3.307613757364183 2.7855812914976856 3.061630283873964 3.246567906122249 2.4760275730223897 3.122714838930152 0.0
6.913885492973014 5.870433808369971 6.193318160761727 7.208609783084644 5.659839059400424 6.454439049886162 5.931417646318866 5.982043137743236 6.068289635304813 5.852058784779385 6.8115532112385075 5.314360494961951 5.458101147489785 7.373189170606417 7.656773239595888 5.828765343796685 6.102361646236312 5.757717191675318 6.9723867301132625 5.786753714508924 6.731362384235316 5.214404367057122 6.145234076247347 5.4362415129227015 5.8139402893182615 6.968937496412886 5.427180749351465 4.967493237304492 6.252488655957786 5.707383623372036 6.414319883345063 5.969682574893072 5.529457865601747 6.544976114421998 5.285150646907766 5.478937741396485 5.448919307377453 4.886498333546754 5.293931493187903 6.734903598727917 6.165353450170165 4.6304799995105554 6.482071563347388 4.601377347453179 5.659158368154037 5.262032550109074 6.361072389089969 6.094231297500842 5.476516787187475 5.876511589182771 6.584244092659183 6.254469590579151 6.867922651625553 5.921249392399496 5.565166498651932 6.028118262811035 6.158529082927697 5.630806501752602 6.439862449186783 6.476856120356468 5.153516861803112 3.7872984064061908 4.885527611733518 6.397531614372047 5.417210137159021 5.168118811957907 6.533200892543754 5.086995028640703 5.0163708856944265 7.803321918749858 4.047037123149561 6.772207215293901 4.448775940246381 8.245174841505055 6.245921881530048 4.732008271318826 5.283353337071295 4.3585863826502 6.6039619931756715 5.771847783059053 6.200706131008764 5.053882127400532 5.548203583310943 3.5555194754390693 5.7701624256333615 5.515868249886244 5.1155269844810345 5.899873448991747 4.5668001020749704 5.513012165389568 4.613212502780833 4.429170956543856 4.33616257106049 5.738345029863569 5.84051853725944 8.317967896327927 5.895528525348587 5.747000112468946 6.363423369295183 6.792582942062104 5.591070948732252 4.803924003159604 4.934204804049378 5.072940679096804 5.165814584868333 5.026706673448699 4.643305669453861 4.121470977877645 5.420524711717702 6.447711991912477 7.3597121477770475 5.0231700633135965 5.213213129147516 5.316021799223497 5.2265401827654765 7.251264296407505 5.332751631191243 5.380386216892135 3.676798477456263 5.103020981773843 5.605846036769732 8.348720450247486 5.695881617655355 5.707909695654418 6.755967830641096 5.183640270321519 5.171189381338046 5.792916696328505 5.354832712230621 4.229297671717614 4.421290599058662 2.935361069080845 3.0773386774144433 3.4303287673646103 3.5099407247159156 2.5740449811844965 3.5261808078018677 4.22842290803297 2.7077558868929485 3.6659984091573374 3.3190643553584507 2.5947472104821823 3.718636745075047 3.4225756409371546 2.4593074204171836 3.1596911339473883 3.5041782900163128 2.1356977965703643 1.7763814420489592 2.4220514947115332 3.8526816560873405 2.9084157365622185 4.353320707693217 2.679302514454171 2.9630566841526953 3.0275659529309484 2.269282090569447 3.63692435982507 5.326190860907728 4.001706538596086 2.3255603705245624 3.094200968950949 3.2990335937166924 2.553417189072666 1.6033890196306668 2.6364438434453175 2.6634796235606872 0.0
6.054326416364662 6.35148649763541 5.275896285923391 6.489312105050597 4.256885525624152 5.880860255788153 5.542966955303801 5.124900997252003 5.869402847780011 5.665780899417508 6.158659292674898 4.987643042504228 5.2566214501660316 7.08047903706978 7.287622680500955 5.124919466579311 4.670995700142378 4.634653036531309 6.435471291134206 5.345654433814401 6.05914523666493 4.703969852374826 5.769590520003024 5.119947081610166 5.027135122057641 5.027273702257364 5.118666028872483 5.066462689945786 5.147894745051573 5.470344491547801 5.063610402797134 5.329256566896042 4.965394681328636 5.354764447049459 4.2795375083096046 4.74929079249783 4.762044006308503 4.417487868136169 5.499384810469132 6.256129745619769 5.596822437505645 4.9040264134055915 6.06228007827932 4.641643813194034 5.495111438076357 4.7898374528064815 6.045076982442225 5.895186980632185 4.620547074059631 5.449268007727194 6.810738410384773 5.557075572901564 6.555392054310726 5.0690008614171385 5.130784710378253 4.876494505785324 5.527399561040223 5.081425659243717 5.802162050272902 7.937016152400658 5.656528870799365 4.753012352766889 5.2874857454273805 6.411340576451058 5.212739886842184 4.660897090938078 7.080252404517195 5.784098834971585 4.939305924833723 7.388661429372781 3.897740146365061 5.65927549903651 4.061450843717338 6.515315718910957 5.859279030991256 5.691028872442369 6.041733100075842 4.746539006033978 6.225695198304584 5.198112031426005 6.501826196216035 5.108233403846717 5.131189641481698 3.6620451368006304 5.31177518746527 5.388548617678164 4.818506423323363 5.275851689730561 4.590122854048504 5.470224030588217 4.922329507441859 4.2621638745270465 4.416734841117892 5.8881499193627835 6.05061757702537 7.130337792989648 4.76199563746291 6.2275064449464494 6.396576875149573 6.724471824471084 6.2603409247176085 5.298405394467702 4.643402675513442 5.6699195365736665 5.417749383690901 5.0359384229407596 5.085138428179334 3.9083602023401776 5.58805062349335 5.752407985881075 7.291020937491833 5.154795865162705 4.805008888036228 5.155914838246007 5.042440100321795 7.2647342097751295 5.619924886789909 4.838941304722702 5.170097086286351 5.574384029776592 5.486430272041275 6.966712819474432 4.691818775664743 5.89580566124232 6.601575045718361 5.409333715179849 4.990961777429412 4.640309591852091 4.76916919749694 4.606982820122153 4.133525536052408 3.160075318154312 2.808718728480193 3.5209864928999486 4.259835888699653 3.750873025078436 4.146023196851246 4.108009594581875 3.711087186766702 3.0411384238890404 3.0680616001642007 3.18552998431285 3.041057143720509 3.8791975795888636 3.525180188296471 3.3281702009454026 4.571061633347941 3.223721588400273 2.2781912435570533 2.635882018406239 2.5084511973406047 2.742447009937617 2.4863287267870646 3.3967809562993287 3.4342358372725004 3.5903697957971397 2.9896968673984077 2.8690517899708126 3.9645352083337007 3.2623668226354 3.4440240047407453 2.789093598261252 2.931520523706753 3.086214003734388 2.2834911522455346 3.1859319945018525 1.709205917583971 2.9573077328607473 0.0
6.626526055041067 6.926113812140608 5.923552294176079 6.837104300360238 4.500935396555071 6.569402653713946 6.372269590416002 5.518017323800266 6.749903045995859 6.375307727590022 6.8164862826477615 6.0039738510081655 6.167868534714043 8.054714257112266 8.06477910416669 5.6935736233360075 5.325282062019676 5.4402757614484125 7.136901745726139 5.246241874836873 6.54215341899422 4.629435627476424 6.362616140071712 5.752508629494899 5.600849545558949 5.374768940504888 5.757796707039767 5.93612835550973 5.689702730653978 6.298598685950481 5.888913554921233 6.059812744923779 5.997439654309726 6.035935257484736 4.969715102489442 5.404650365462138 5.304726388924813 5.224856451357738 6.3523119439260824 5.95997366677034 6.246625939665303 5.1088751762228775 6.306033413994418 4.608653209365551 6.133207731479542 4.555812852380709 6.235176805967414 6.529034169096454 5.540452541693528 6.297313239979506 7.645442223310992 6.373003132796302 6.982611968241044 5.733648579119345 5.6965953221595935 5.487182230282469 6.0788763245016835 5.624554245763584 6.294059209201752 8.757955014532087 6.7691825969124535 5.899400784411852 6.259499614971706 6.9418021736482824 6.053412412630779 5.721315200432995 8.013527837696493 6.6429054903129625 5.942421509035272 8.043581029573156 5.2349156891364235 6.134932301401345 4.903617007402323 6.620225069963946 6.23168596913843 6.5304728626289785 7.106738540163978 5.183120286528906 7.313176203955694 5.31959556251844 7.322760160953524 5.940373869497198 6.183483339503062 4.588079902822742 6.09984593198822 6.26942408992024 5.924850476999457 6.01216635921263 5.499277580486529 6.450938319618624 6.136576875098881 5.5916697034522755 5.968327026682279 6.233074514873062 6.195714005520626 7.785241398869622 4.81456105064362 7.0490331905597206 7.027258368495904 7.334924366132966 6.940158200693813 6.3779185906797045 4.875600210456852 6.463636025507287 6.263721379440134 5.982842895733493 6.125543458099834 5.307092742774794 6.5875376022224925 6.369281152473874 7.517033949685163 5.448560778796235 5.395429669500285 6.1218123503875175 5.705971001862658 8.172319841415435 6.446508103554947 5.609787992305965 5.697868602008919 6.0791707213318515 5.746149141962913 6.918910016520198 4.39302182325249 5.430591963711153 6.466300335138084 5.907360319266415 5.7345837454632 5.440649337123363 5.670904642621362 4.681062990065086 4.834763183711991 3.4658278020476856 3.588552599189782 3.283813021605151 5.7871228737666085 5.059341624414309 4.296454113654817 3.924369800472963 4.617644741974193 3.574696504547149 3.8575469246042324 4.0726960003534165 3.562797710053329 3.8655132400052863 3.6969489327861487 4.076571341442876 4.641519292310575 3.227514444600931 3.2240105570146045 2.740859777357967 2.4140447952449793 3.10229386997467 2.9570990404801156 4.634060029250474 5.129173814103873 3.989013775026174 3.6293991805457475 3.8754066171097024 5.252358543763047 4.728660624975045 3.7404758439876638 3.504958456699749 3.743509201550303 3.613607933987455 3.6257073798354704 3.8897289293002384 2.4591142903704934 3.7633008291668246 2.5139230865535787 0.0
7.039293533061283 5.684402696563703 6.494084132031926 7.846381502586518 5.41556079051043 6.958575947923393 6.231884918183384 5.997872305533996 6.413023906005883 6.316296909505459 7.284756070072522 5.535180349782458 5.835649627158158 7.8527966816147465 8.35975158925114 6.27093604798229 6.466940791019742 6.1108703349982205 7.775252070469164 5.730468440786062 6.787740213488152 5.063286510292654 6.030943108864821 5.143216068442185 5.5882984582014625 6.63245151076539 5.47399169006248 4.84680187251539 6.280298324648437 5.8266155109565965 6.8128796477993205 6.4840380446435075 5.440590420149893 6.561143512464315 5.108469721755399 5.556483032135294 5.191422000764706 4.71390806423575 5.004894730824763 6.756815596451551 6.312339124096488 4.680455835665552 6.665275732211287 4.393932611783714 5.602991621908133 5.454761606726605 6.698661098347174 6.41647571447661 5.942372381681079 6.662387184200936 7.073887635584859 6.6010394188258745 7.29889897047089 6.248015040442727 5.628571413452059 6.315131230539256 6.442740686884636 5.9089230323777855 6.859223632783131 5.528488721403711 4.2225959606808425 3.165619491750969 4.463317293033036 6.245841784335357 4.462901685827019 4.883451520045083 6.64732920132878 4.683554517948802 4.2078576790570965 7.093292677900157 2.823381511836126 6.699039969833141 3.9373509566518137 8.004135277884853 5.773489891835835 3.7309238290280624 4.958745624018112 2.7317075342647095 5.959357314775529 5.332890179304414 5.475448764311941 4.760158350272436 4.826776233304689 3.3437787306339475 5.004348195484451 4.706699130321897 4.280558404916192 5.1377452502629035 3.579189450795205 4.731545071865271 3.583227534311548 3.504194700506703 3.5152772029843624 5.037630270666058 5.102141405877765 7.799105300065748 4.683118933809471 5.191587617217346 6.274697536030515 6.4935999484024745 5.019183177557998 3.807737527086528 3.995558440728826 4.030380764991806 4.560880062429068 4.061337973780659 3.9060861727363063 3.2852921165012425 4.605532875961717 5.876456260621463 7.017481115543121 4.078050756506063 4.402505755598751 4.419373197209311 4.369786728631057 6.62571690686364 4.26968121387149 4.313778830146012 2.5726316162726817 4.0784400508442875 4.92789842920205 8.17344787766078 4.931853164985307 5.403542036754612 6.427552373157101 4.3790890496058505 4.690263000042952 5.127054357151006 4.530052376086724 3.3584760664219613 3.3091166135388126 1.9913316909785477 2.324117532817202 2.689137590083352 3.016426325079179 2.40891356731614 2.5524437864955947 3.8726886357438595 2.5371319596432946 3.1009106174140544 2.334413263441733 2.090862764383938 3.0104266629429746 3.1550645812499005 2.4900009318357736 2.3292758324485043 3.1760680599115814 2.520994924494397 2.659841463956086 3.0027607640300076 4.040240612470175 3.5620708292740195 4.2478149725909855 3.8654814720292467 2.7568700247026108 3.6798795547062375 3.3772621475522313 3.808965661625916 6.672203218877889 5.274845321578243 2.5475389410832565 2.900984770607554 2.681569599937079 1.4674014494058563 2.9284654120620166 2.921788877199608 3.875650841180631 2.4624319805572936 3.6117056893691104 4.199280827716029 0.0
7.61334075693133 6.439263767309289 7.071721603948224 7.99569234469495 6.260484262305398 7.213138969527943 6.673221553472265 6.6926454954102015 6.71206032650962 6.537799611011503 7.77871703288654 6.0572486485274935 6.256531459093773 8.044274562674973 8.54629069903663 6.6572398758128095 6.869776959232199 6.399373676707566 7.816884601286025 6.6071447064825275 7.370429872810992 6.139691358155513 6.807518380568447 6.051256873065098 6.4129828266827325 7.443318942402804 6.008353872378915 5.632252804698292 6.89148780988946 6.387583364147717 7.211857506880317 6.862425460556747 6.163225019486229 7.081559715032648 5.974736746446719 6.166517148766753 5.963340425511865 5.554474513083633 5.875034849610045 7.564277710438237 6.754911617952009 5.534164999011084 7.162039769834451 5.362992483644301 6.246284231131955 6.127676972700676 7.270234470568184 6.772467660664031 6.285053188283889 6.702362557281657 7.446539861588336 7.124785142997609 7.529495569817215 6.668416107475089 6.238454984899394 6.849946100502371 6.818208210092524 6.397599196790132 7.17025435880034 6.366152329388031 4.962218315689645 3.4624711405668247 5.124829135425496 6.851277139451779 5.5988069673235685 5.647790633572835 6.937202893068416 5.3194794009288815 4.855437015750311 8.368142784657483 4.300836671965636 7.292445693057234 4.6790336402897115 8.897084199744267 6.763241921248446 4.985077093471414 5.527276869295056 4.577920629229217 7.027077571233803 6.41765883447319 6.42972613869899 5.654212727262573 5.790794581056155 3.8456259451934374 6.071639786542683 5.803494409020744 5.394789031200797 6.223642276740785 4.764507993532577 5.639326897295511 4.6856642750533135 4.473014952023245 4.198259862020878 6.28228818143858 6.287637952728287 8.925731468579105 6.374874076685138 6.106849403684539 6.797945476952913 7.4203646963783045 6.129685002344708 5.003328179282898 5.202287511764217 5.154899357285449 5.533847224311378 4.905567418926058 4.891960730344251 4.136978543770035 5.512816123373923 6.901518557605717 8.04242046903013 5.289186318350744 5.460889024536427 5.344578047871066 5.203859665107728 7.582412035147098 5.518696453869502 5.616266476225742 3.640483902787297 5.581285567028131 6.030942421518548 8.655063248142536 6.196071052745319 6.441313030522356 7.447508975827957 5.353476632017188 5.233247815682736 5.888838816000238 5.482553493358835 4.707220584733567 4.543345450307224 3.3221563711770496 3.1539934875793243 4.050794511807816 3.055614072280142 2.2314796746984324 3.8225497104529085 4.604724039123915 2.777190658122202 3.8082698325805437 3.2676852591810905 2.7760730848844775 3.779772522720268 4.062933224275542 3.3756905887275197 3.5346298944044 3.689156935195207 2.585245060463473 2.1308924699712204 3.033703048222824 4.317768987321333 3.25413457065331 4.5597989609410945 2.943099902189848 2.4971066157317585 3.590694233362644 2.7722922352020385 3.7214320931378886 5.598988804620408 4.162416537402809 2.478369444581267 3.4846421420339 3.413917077812454 2.926509445807283 1.9396076362580945 3.047552805682346 3.535193405386188 1.617832282193647 3.5016247221875156 4.55946398656908 2.4072453583857927 0.0
6.365918471632239 5.977016695046497 5.884856961005746 6.602175455019382 5.227183758782886 5.912994325545224 5.389428985020685 5.54778311813355 5.443176178202523 5.529062315665211 6.500785485178714 4.972751333280821 5.200353078890421 6.725738192109599 7.1862865461184615 5.545567333296073 5.3652173952198305 5.183209933990579 6.557842152053347 5.60211833298749 6.297516420445723 5.307403628317305 5.913932922468045 5.450547229369872 5.513376181603145 6.445102154171699 5.108583309762792 5.004882041438832 5.718058969142829 5.349715165585367 5.878349639192015 5.737001280023416 5.192129536069238 6.034799210666744 4.933160925104502 5.202674480236823 5.089816182719215 4.794444191687465 5.4349421656628625 6.382578902478491 5.7492661209879214 4.8584071875541 6.067897807987462 4.677684561193139 5.569288525241286 4.962639117458822 6.009868875104212 5.756176336924208 4.898115512840169 5.533363975385078 6.652365146081964 5.904248154323465 6.461557025858223 5.448492762910101 5.2782173000070625 5.599946723784679 5.591023589771007 5.371602133013929 5.987042873841541 7.124574452773239 5.444787259822012 4.154342991348314 4.954659428580878 6.558942633289084 5.714587084972466 5.153785899780528 6.617378795596878 5.62792977092814 4.713534909399911 8.070526684882347 4.422417350094628 6.345018700313903 4.345486368265794 8.007059727943197 6.439382565472265 5.64126755317388 5.602642312762319 5.056263965425544 6.655231975715628 5.901813402474809 6.638627523756935 5.2942015004607805 5.787957638706227 3.672301695655682 5.802967327810076 5.628961362534894 5.451920370374185 6.287068916848399 5.060983351451517 5.783564212588744 4.969468368869859 4.737791205679791 4.36173195284351 6.112505495829116 6.377299385449244 8.166217065290132 6.128514422971929 6.115339822023865 6.462461265447007 7.019877866857311 6.309816246764791 5.226643045280205 5.075756432840459 5.615157504817917 5.51881599384142 5.174210211852687 5.084189246851654 4.158281527228902 5.595059620141371 6.499705505298548 7.732953741095785 5.310598841308691 5.544703228805735 5.631471855181504 5.37066144897141 7.801419132466268 5.844419336385262 5.527466465329002 4.322802423456438 5.713736612367489 5.981889346424351 8.216238944215283 5.81671618522952 6.015868793049121 7.059049938326263 5.535176874160412 5.102671725423123 5.808741274865758 5.354754683554378 4.878906074691289 4.457157198232437 3.391661346862626 3.359590768291559 4.023325029813876 3.5628655943644487 3.041652383470486 4.275848527472104 4.653485714093251 2.8962349611953817 3.649598680127905 3.273518308513683 2.7427007477745042 3.4738465441908453 3.639753227222333 3.6448836253035597 3.3383965316158126 3.803887251770751 2.8209036663118954 1.582059879953106 2.8297121783538732 3.567851059821433 3.110155334963472 3.7944414683582424 2.5087897681678384 3.0573110018575727 3.3196313470397674 1.8533976746500647 3.693623771779267 4.085247477560287 3.0431539131194296 3.0270229060556098 2.8383715021067526 3.3837527161218826 2.9732300961966533 1.3257869285968022 2.781255241507942 2.532352662941635 2.143548134505972 2.2460620671837885 3.6698194797037167 3.422219613614526 2.3669067800625716 0.0
7.230937486359562 6.717116037833398 6.550874766858436 7.50588114841683 5.60622248285139 6.817912096838621 6.348003851871603 6.1587117246436005 6.559446657006754 6.786818333963148 7.222976605164353 6.088495651645888 6.196478529550922 7.626949313352054 8.087637536921337 6.440574414636116 6.247640435657879 6.156759627982735 7.52145877707364 6.0330463362901 7.221967928724088 5.290791804730855 6.645169337323059 6.263396289483893 6.289927969543503 6.802101753967321 5.967687412295998 5.819259949247531 6.441917988630239 6.353892153464482 6.8600007843519535 6.712799178994541 5.911225082766259 6.65011103407453 5.75480630278012 6.123998216254621 5.96868939588873 5.683244766223023 6.263027392500962 6.483573998497776 6.674730691712567 4.771144333955485 6.995644831601299 4.496100379910629 6.402232053672686 4.833101032081606 6.238513471525236 6.826468770712987 5.902752495785874 6.628619162209043 7.655395524017364 6.9164665586447365 7.328940933044765 6.210250178679967 6.29211678821825 6.602486533743941 6.634240060252145 6.176827947882233 7.109910699358103 7.800144149192906 5.970038671106725 5.089099105568543 5.960898467066681 7.539068982448086 6.262150985894098 6.165061461031108 7.737010835874231 6.593909205199833 5.555766416079357 8.65492311959374 5.099861849240529 7.2752430732859645 5.363041459318661 8.445619889389192 7.278073620402737 6.12402923371962 6.80350775011403 4.882815901619718 7.416522780302608 5.525116470398099 7.429086582588431 6.095865375591781 6.484737392190688 3.147062341134946 6.876255386738926 6.5641481104327735 5.980067435277681 6.672377111305114 5.3414263882025805 6.382320804341303 5.436737508341193 5.427874367656519 5.095392492135207 6.357183850154105 6.899134053469686 8.582036558077867 6.501257919483202 6.889851561765378 7.438272134127341 7.023985655846463 6.708364946485669 6.056403317277701 5.397027613935454 6.1017171998603015 6.1441537299163915 5.162388751518276 5.795001083663463 4.916788663750618 6.389052972308207 7.209143141147962 7.635908648418905 5.693629473140126 5.4456711408527045 6.502944791657935 6.045440890112241 8.068167376813578 6.450534804461839 6.107947841624987 4.197738481885192 5.44517174562264 6.265251909548915 8.54156184774236 5.0873151587230705 5.006043779188191 6.862870151319608 5.936619413715632 5.982699075060289 5.99170538364833 5.9932462120458245 4.101528430232328 5.518259221160887 3.8867493120235093 4.245068796519848 4.095092666344925 4.683162933480435 3.5332102042601736 2.8705817228724824 2.801419809633925 2.5944910331694278 3.6247955340144253 3.4192208756733264 3.5313709491289127 3.428832879970023 2.267036219131756 3.535272604942222 2.9920211299661443 2.800256385762528 1.7775644429080284 2.4808491640399373 3.0324555795830332 4.347642448639037 4.377007408735619 5.030687834455535 3.1693237452435454 4.474055640406659 1.6057304215150774 2.09515094422776 3.672368135920268 5.793708695693094 4.929908664149753 2.760911179574767 2.9059382034340517 3.1078371947882237 2.87898956185715 3.0659449048957605 2.008622028927416 3.0117448236628714 2.9226266089104604 3.5590136617024775 3.367925386621451 3.5686177525547556 3.6727177192472964 3.1272637292910073 0.0
6.301700679012562 6.113740209002629 5.470880530777112 6.652496828055766 4.447234082408369 5.960112114764663 5.641959738741375 5.313600531897324 5.8056818644208725 5.85046162810302 6.2544309102580415 5.112018569252164 5.309763187860167 7.030917419627248 7.360011242453919 5.444497246097846 5.068351812919844 4.964250527407059 6.6656413351604185 5.280366217519963 6.227765785502578 4.539731187669984 5.82051732183211 5.249552002136006 5.263772881391279 5.577477741161556 5.149018192464383 4.861443216544046 5.441593982565908 5.4780437164665825 5.512285433622575 5.554248857945281 4.931642945284823 5.634928915884796 4.540822824563714 4.956754256062549 4.972188039431078 4.492904051042412 5.303706776862323 6.02003180368021 5.667486659630601 4.258412940655545 6.173470800619353 3.9693798499420976 5.370148635961539 4.400749664526262 5.72340358598351 5.888961668388679 4.771917693051822 5.67292738653141 6.768982914662346 5.896307872959407 6.556670479224031 5.263808663838716 5.237110959249096 5.219885215281482 5.641697187055703 5.206010179316305 6.0110187387157135 7.307901095130321 5.2974957233105044 4.307256739268413 5.067230092500763 6.36487462509483 5.209728864416131 4.827755623689038 6.891406576578564 5.69031384790679 4.6943212505456255 7.402658281003896 3.7280479502163484 6.033289833480829 4.138888339464825 6.956321683509722 5.89223504020341 5.264444172447564 5.853490960226838 4.130827071826277 6.16180917089538 4.73302083950734 6.387822472649384 5.03827029322702 5.25930963316551 2.7592915500812465 5.540681961617684 5.420699916415495 4.739631146037604 5.480544003342152 4.3472354733979826 5.3659403169661335 4.5802561177486645 4.287753812020535 4.166101282401346 5.5313520158421055 5.833090179490249 7.226996557510774 5.005087946027895 5.939420674337363 6.289487690984826 6.295841830875646 5.831980234300512 5.057820979459873 4.412993074173481 5.117353759727956 5.194085313663368 4.641384380556187 4.893855306696416 3.7838018232843416 5.312164970839415 5.923751915753622 6.718735521753731 4.718219666397219 4.737549985980713 5.1896504793161355 5.010356739226438 7.105941971923632 5.389903263523814 4.789125638319774 4.163202218671023 4.825683705759761 5.2462179708736905 7.449080073764335 4.328359216267632 4.911363345334842 6.187820981743463 5.0531693035424325 4.861015415065976 4.756920564858082 4.696896743109882 3.6804016355343543 4.114118979183106 2.74866883508178 2.7869058620993585 2.9147372317850775 3.8419494495362105 3.0576316990187338 2.937808484779487 2.9900347070549853 2.641138235841822 2.6025556561074703 2.755938459878174 2.8526363632149803 2.7578841320885905 2.5544820381714923 2.846568315117701 2.1669336752876966 3.415899349572546 2.0680431417172813 1.4805033764208626 2.1045979421248426 2.90844160819984 3.0800318604973955 3.1517736584053417 2.8264456767565536 3.275394650931881 2.183002055061252 2.081130912313088 2.665554159019088 4.685669874559401 3.779629207097804 2.3514714505933365 2.2091415518127016 2.404405971589685 2.175766772394144 2.1830729926320998 2.087149952179061 1.833434291928208 2.4503734488646365 1.787166256008784 2.4475717762488323 2.922211261347531 3.2096732490122424 2.3233471371734336 2.1432382448507434 0.0
6.495973995303656 6.402006313954717 6.258900716697867 6.8935970448622275 5.498713582082865 6.2556857201225124 6.229929570898141 5.767072382310636 6.321359831047643 6.280144327462449 6.778791907091275 5.854936941318996 6.079578210269816 7.58884650946185 7.582842958499741 5.9555601313318585 5.696068784245982 5.648201685422033 6.930732137183247 5.66469058145307 6.450953082726173 5.456819447473008 6.53530378251957 6.19518079143807 6.420749556396659 6.770710395908269 5.99672177427542 5.580458220317053 6.477846557811511 6.128802560674254 6.5723545595332995 6.028317904007514 5.7765614691091685 6.132125482475387 5.464020915203724 5.880809610177392 5.770815416137163 5.513843373841448 5.948784737487617 6.080332593562407 5.975864516594881 5.0750118577383665 6.738638916325817 4.650250520914526 5.795193317115251 4.944585137079217 6.262457421542346 6.281537876713402 5.506867300531858 5.871813805101358 6.977077790559023 6.709044440219666 6.8135317966558375 5.779089765134077 5.4319081912547365 5.781180456704892 5.898662567148631 5.916403385609667 6.427848256536505 7.5266904168991 6.04103965209002 4.762164892714555 5.868593633148894 7.329916261636549 6.304793697088699 5.874668619578857 7.477575094282189 6.581554789372547 5.471568564186479 7.257162918959099 4.629412667249108 7.586327094204482 5.577277535592789 7.825131687704041 6.816006533752535 5.799856592688278 6.449323013531899 4.763878169058362 6.1149542330357205 6.023672226646461 7.40580433919565 6.079998041417773 6.899848026750568 4.270638807073697 6.536610952270519 6.394652313015603 6.171186376984468 7.016796479932688 5.774986735995929 6.949204669674807 5.88207118465816 5.673156963349492 5.560881401769313 6.6055787593368365 6.708921872113749 7.237410347505606 5.663631241924026 6.822361034998349 7.1349934927097545 7.349654534110356 6.368718294384104 5.944575030133169 5.605933854032658 6.13442776989348 6.225306703325687 5.826143742322973 5.9672145060293555 5.2524601930564 6.195176649232979 7.08088216492083 7.129601337230111 5.985706118545273 5.896649340424932 6.516751668923121 6.447606227704587 8.281149048672555 6.4414916816071255 5.868427784014236 4.928835177581534 5.849296327419541 6.209666754962954 8.395986284870641 5.879441511713722 5.93516761985962 7.230911403509055 6.219220232911651 6.041615374040709 6.4598094806983415 6.198212930996399 5.190908545649471 4.444183070314357 3.544458892482159 3.9354761354300956 3.7729579281241183 4.734584256712711 3.5349069041145853 4.214845921435304 4.381133790242433 3.655268965387426 4.217192398058591 4.179924078695536 3.8850863501010995 4.433001244417795 3.8779802793207736 2.2537417677936986 3.100348239304593 4.320565708753539 3.1164316964619454 2.5570464483933266 1.763811347243871 3.1574425373373662 2.876870519017355 4.197462653211534 2.608620827243208 3.4808782602985446 2.8577607835292187 2.744007604832776 3.9829796551296592 5.194488945254621 4.461280312997132 3.3205183348517426 3.3124089192207995 3.6100089619292786 2.782052617919245 2.908046152876468 3.3349390795242124 2.192495813432306 2.700876726558142 3.0420591183824706 3.347589043948527 3.615285079661056 3.504810638857984 3.0127127023097278 2.7650416183890845 2.2947372440898373 0.0
6.084154550906734 6.100286560390531 5.857375191969202 6.631567002930885 4.956185802903319 5.822975423266502 5.832941526444237 5.376872420628898 5.975622304953469 5.940820898963735 6.5656207194801315 5.445819823712813 5.670952465320138 7.10467593192302 7.277281997322619 5.527818731653204 5.199332117926062 5.005212990512944 6.569720249991639 5.658708739475467 6.1038392081563675 5.449457090136468 6.157293307097363 5.709506800544833 5.946995198542447 6.01668591278193 5.460448342194543 5.207546432114095 5.909131932637139 5.757464354226047 6.039725371053392 5.712483337071995 5.16139379090949 5.362976932293987 4.929333027355157 5.479536332135373 5.124532807103927 4.9718529095334345 5.5298462397986645 6.235392325635373 5.488053279384293 5.2563892149906595 6.474098303668566 4.753484630346695 5.413304324441012 5.105693422214171 6.2905759905206 6.023676300113765 5.091926824543974 5.530363055363001 6.790142619781104 6.320744432774896 6.429125773126293 5.212394431983244 5.128859527318651 5.414334650980719 5.542525803616945 5.462110595709649 6.070829278997315 7.261371354121241 5.11153353574471 4.004121836353163 5.455273744948869 6.948198703713646 5.590080860944132 5.110811503929035 7.136756537595707 6.210447946299844 4.481398508573323 6.970752153873372 3.950854808125519 7.177386461262574 5.203619304357175 7.434559241700721 6.392876633594529 5.455335395597286 6.105997570425888 4.38829886719248 5.45561886203292 5.833421055131911 6.899413357956536 5.713879837306124 6.187441662105408 3.9592425493679695 5.876180474607861 5.781189783332401 5.518370368498416 6.403044112338071 5.088650674452668 6.296271797202275 5.140081237480197 4.842715877380625 4.680357255069258 6.420397932268232 6.454992866111199 6.705299894807796 5.331129896084864 6.396536941083728 6.6977794095634815 7.024868028073743 6.187478612877104 5.5089514085962294 5.182901072523945 5.6652066906038545 5.816339617761342 5.123088584723519 5.467699322421346 4.521904745613119 5.575107694444635 6.430858188878357 7.152213054048116 5.750709942907084 5.168728718981984 5.654788222718686 5.74242216416109 7.64927099282193 5.973605405241123 5.304229144540825 4.890224032293884 5.698009096505163 5.801156392411484 7.816069958417246 5.751581105241112 6.406601682607547 7.303892844102632 5.802613587711055 5.434006712055445 5.667786731946858 5.560903231757933 5.171883057480454 3.9924057250306433 3.6280521794690914 3.743170071102146 4.132209085127696 3.6564735931605092 2.7252355216874027 4.263557961503126 4.495133924265169 3.436430302076864 3.6323160509271717 3.523217438681192 3.607863762506381 4.019214007469367 4.177931720120713 2.900981018623789 3.0400055320560244 4.866825461838407 3.4733124177969703 2.4141836389959788 2.5023016390802106 3.403706166731689 3.0513452929977176 3.7305379818185083 2.1901808476483557 2.3275361766669396 3.2411938811211245 3.003471052790824 3.2998410853750366 4.535606933969278 3.6700129793219753 3.281909773355657 2.9284904532617952 2.968914108838442 2.731740970794795 2.825238005670593 3.5468478095546505 2.3643478669302644 2.9181838837841414 2.563369774522969 3.8916877312093225 3.4300614074990565 3.1740995909470384 2.63333113174642 3.520042253455341 2.4231476891337818 1.8443222415858451 0.0
7.188968312662088 7.372153397014987 6.359026199643852 7.279687265281497 5.1415687580221645 6.766474414538928 6.539667024962367 6.25373820709935 6.714821078876809 6.767023606708388 7.316025795748275 6.303136622147072 6.362509510041445 7.628936968649265 8.139977361875635 6.307063797419153 5.7958518316148036 5.655734804597726 7.372011029414528 6.355887656554885 7.175000087653016 5.623615794719029 6.874321152578148 6.420391540059081 6.1704413768089905 5.938147575913363 6.023164859841909 6.314543637317728 6.056447697316678 6.563413002556002 6.274903053133268 6.675740794498648 6.000259248103212 6.29628340550701 5.689428143340126 5.966728006933224 5.856080855817179 5.764491588382307 6.739613760392388 6.888777573505414 6.526851204965743 5.5904432662075845 7.009889114495828 5.13741053408035 6.562618156987377 5.275370139647586 6.589933972036843 6.902509580005075 5.67069968261716 6.501470440442893 7.984793588959998 6.86462176170201 7.257208110899826 6.0542246846468695 6.459739182059176 6.280197924817912 6.526373488430626 6.112112660688986 6.908811291280981 8.805780721776934 6.287962529689622 5.386397251198166 6.338351143761725 7.416845572930335 6.287473830344176 5.933340427347678 7.9419303126883 6.9085400295494725 5.590429301049613 9.086163464169045 5.512749668236995 6.615997059177471 5.234090671538381 7.842991745252614 7.23884179315397 6.851196384421277 7.211129588216449 5.669243413851633 7.703970709368059 5.622286700579831 7.614556497013521 6.351856312433785 6.28255238476806 3.427096854742144 6.740358787334647 6.691305630791675 5.970809946578418 6.446234249276461 5.48961305275106 6.358642383404207 5.717724987513561 5.3316943815254705 5.1031250075344445 6.773769015583305 7.151160528299649 8.561991771370266 6.566394129186358 7.246105508544847 7.356189540827155 7.255297014323205 7.446269717222052 6.606993163805399 5.463937055472889 6.50909316741649 6.5093186208273695 5.280286693988575 6.160188366231698 4.860616384028959 6.5245221940774885 6.960207758379328 8.032141601448641 5.964287906491564 5.4353861484152475 6.2318780283053785 5.784345193413195 8.129212605587512 6.808987790601252 6.117357161613773 5.363374755589429 6.301482757429347 6.388201222640922 7.5483882481184095 4.998081938204172 5.823041748184928 7.1153799465741505 6.1088382110529516 5.662435985578395 5.205080091219318 5.68803279004456 4.826367868045967 5.755220176735156 4.400770036788894 4.222443167404165 4.681140781120262 4.708041451773118 3.946483074548042 4.010503303864391 3.2598391588980893 3.454457103152578 3.2772611515863317 3.4791067387175287 4.075299755724629 3.2678546116431932 3.507059020848584 4.619572877203529 3.924461652419485 4.174976674174891 2.686551636947182 2.3248658094486325 3.2956002095546633 3.850767500236828 3.9945532211899795 3.883580199825178 3.0973424625546304 4.374314397751369 2.5625832297606164 2.2901023391380666 2.8677409063946113 3.9257408178939524 3.356094861485261 3.047474268245555 3.142825748962115 3.1306172571790403 3.836138919429395 2.879969271495538 2.795779003042875 2.3782973603953925 3.444879110003692 2.5067502261969596 2.9433306234093655 4.365420674731897 3.7643533578206925 2.5414360353993755 2.5268851166320405 2.1591383187262485 3.4022952043370984 3.334256440284131 0.0
