
14.174857778305574 
13.894924222329324 14.769386957731356 
14.00018610603589 14.725747868373574 14.14635503800182 
16.41153790125389 17.093696328970424 16.47730860199289 16.553777470791086 
12.871916890116326 13.629340743216394 14.098013040071004 13.085505705686927 15.944059125663134 
14.483783255241116 16.078940484270717 16.12399369078987 14.66782799114357 17.861485811960794 13.651707333231794 
15.855884690316866 16.667995633131483 16.062807313249184 16.13530828028549 19.014888918390636 14.861276716569604 17.10351493184339 
14.566728771947727 15.800268595348708 14.984979006845148 14.696642912731672 17.92428967055222 14.667775112221204 15.748953730227441 17.41969870722659 
16.382364172334775 16.962141934577858 16.289241536850298 16.58330422745899 19.250729683368277 15.468752559765605 17.825107866977888 17.49263243058132 17.62014587304466 
13.761349070946364 15.073524254239985 14.00650728448566 14.536477599534182 17.000900759774687 13.628108190975189 15.16071008859223 16.104570993905508 14.881805288488842 16.557272230431707 
13.294961072326373 14.447583311528284 13.77420881287078 12.139838732317537 16.381364976646704 12.487023599625735 13.991761741506986 15.529506260675923 14.045821003352437 16.241496682788473 13.916079774374968 
13.977714924235036 15.3038773198011 14.891772971655149 15.002975690017118 17.34878208644918 13.234230867748392 14.941276280954677 16.16479373422873 15.643056509566184 16.883767348148943 14.593100849952446 13.449401920072859 
14.846983050211756 14.727623907733987 15.071185250697905 14.995177989705835 17.530334684262026 13.704850023983765 16.546028067602975 16.284770979525373 16.55285974120586 16.631836488140785 15.467749220756764 14.64816104084466 15.427548267023942 
13.938399131597684 15.128855158852863 13.675305377339036 13.521156853241427 16.60857200186969 13.162935269263237 14.689177856494435 15.755096313117877 15.049137481997809 16.333105676660104 14.133230664949352 12.903988203340049 14.147713295368138 15.13776258772155 
13.307898002944667 14.174562050601558 14.425377978207766 13.422701047776915 16.576899440263023 12.097321409931482 14.035760588482297 14.782907181218878 14.783289169829143 15.489045422233186 13.85578664032249 12.823369375827058 13.608510481833692 14.048539448858316 13.466952921551004 
16.03321346229497 16.64197595853019 15.672402976491183 15.184969134141092 18.55179252064243 15.586748521827914 17.690146331869315 18.621826665097966 17.62408901721451 19.018958674631754 16.764957457049693 14.717819050446323 16.837379214072417 17.03195822176827 15.947102565043153 16.283293941443052 
14.351367957277187 15.569896461451785 15.080398530452195 16.045636931258816 17.938063348029182 14.11130177130606 15.904131399858846 16.423967180783457 15.534033896277014 16.86042610492047 14.725858770608687 15.136234528336496 15.017643238799412 15.8160782262112 15.222792839391309 14.165820028441162 18.202571253797895 
13.23160690419858 13.517599449160443 13.47183610273846 13.445274711108576 16.030049750031832 12.599364951504242 14.91952188345361 15.418091427834401 14.455351535104938 15.643819085111149 13.851803447638266 13.02858595859492 14.083453028131835 13.756542647020058 13.719532774011881 13.042332265222981 15.497270108948728 14.418523959408276 
12.420240592210279 13.5058238983079 14.02770755913068 12.775042373285002 16.02761446814268 11.853900626373687 13.746395386662533 15.096495716942876 14.491581498795552 15.801664202747464 13.524819740311067 12.008146547886803 13.288427526606336 13.996297356431572 13.668590941169581 12.298411741899967 15.01325581481633 14.114783104943216 12.588292389632006 
12.130726958569237 13.546210159524565 12.265346144086545 12.473141884001988 15.18323356280106 12.186914987830026 13.490446805431896 15.096606506068122 12.863388658187109 15.29859949803902 12.54386535803327 12.0225831852062 13.116484298008752 14.217062018060385 12.497821282790891 12.572923195219888 14.77984063321135 13.368368277248353 12.264913599810308 11.878946831800292 
13.616061596013093 14.43083308525861 13.831689622783765 15.361806357534876 17.14933720386131 13.114102364508406 15.546766742238118 14.717043759646687 14.840189325231734 15.194864852890197 13.778077389344906 14.13744874291774 13.9440369177275 14.12665808566109 14.268052329263066 12.952532375470774 17.220276814788555 13.472054617474704 13.1218333331652 13.23836592054652 12.928478192365823 
12.20694829747084 12.944044986138502 12.851425450762953 10.992500567542884 15.022112692392737 11.353132701352262 13.173509759910019 14.775958460490793 13.332005654373946 15.20991270392477 13.049487230453753 10.461658370470644 12.84768848237549 13.295064286815684 12.30393589205537 11.920388745517677 13.528948202916702 14.244771034650807 11.720674834498007 10.723910124229667 10.951827385547801 13.434543434842803 
15.314349049568872 16.04229061442519 15.553780781911776 13.684375804770522 18.09861778253575 13.781501662439563 15.950145956186104 16.17785550947487 16.81148668979323 16.969827947774764 15.71473896084525 13.3492412845079 15.462274846705176 15.52148190444524 14.56945609001982 13.839790213857098 16.7206311355938 16.70261258244497 14.629860523740055 13.675367796408255 14.319807006299028 15.184099744831096 12.52425412586531 
16.421294669230747 17.66043701850451 17.567135113690796 17.42056016101398 19.878055351474263 15.533367651449595 17.210387222308736 18.195710664384375 17.671147928632077 18.81373894594009 16.8456481254363 16.2832168275986 16.54961019477447 17.632598461665857 16.741289278467406 15.663955777376865 19.896942686351988 16.978581820607484 16.36433570198686 15.797206818263904 15.60376942416787 15.722629448699221 15.580435448597472 17.80454352411213 
15.156789439354673 16.259602104727087 15.557838397559415 16.935519968599685 18.2554595665323 14.944427244795094 16.8695726978277 17.643843081270777 17.038537301653765 17.930715668325607 15.640227181702787 16.23467900573097 15.909848790013761 16.607844941872397 15.913556740062768 15.431898545191636 18.47237855518869 15.935426259809063 15.165436639552075 15.038391470765955 14.179959179135123 14.903016343586684 14.993991919585715 17.79859496897988 18.191241290617214 
13.448816509529319 13.842862197899484 13.839578238729644 15.153871397800339 16.59638828204773 13.413298028452441 15.693276504505285 16.075817039613653 13.993530864726754 15.895025492538284 13.927406063570603 14.266128498717658 14.502789128589532 14.285406225950942 14.831667075294334 13.821539988994397 16.773517512911106 13.870831345621633 12.629058076589235 13.299173155609592 12.394350262453104 12.298492057711115 12.891491502192439 16.430911564921963 16.30492123575494 14.785375811016406 
12.984868579828381 14.003416254289572 14.42484204819429 12.726719323234224 15.90015664368481 12.099532499543168 13.593031603680053 15.880847359423848 14.79902977347542 16.30246498769341 13.913772366029466 12.8764489853153 13.987559443700533 14.585160391070568 13.535803905404311 12.750407598211483 15.58671283990433 14.794098573813026 13.080084980491652 11.91599599866467 11.88471002880333 14.638947366092198 11.274086904459717 14.375301342536565 16.37035715861694 15.299856542235572 14.195778412668442 
14.209546247685708 15.365995372686555 15.368642790932572 15.222816691938277 17.44526585532847 13.886404645715363 15.358861555656054 17.194106118102166 15.102035638513955 17.317052246639477 14.827856327926943 14.583611165461605 15.103439380922044 15.966450798330436 15.19257392252791 14.380709522401563 17.57396029713 15.174939458739024 14.149850632908409 13.737413970609087 12.95151551177742 14.495160550953132 13.277125866458364 16.75634155400814 17.137240111184607 15.991031896002887 13.488789921064525 13.881764788902405 
14.596349888260802 15.54023946243461 15.671873169818593 14.14278025192273 17.67796206864645 13.318446876098958 15.091330576547405 16.40564101777622 15.72979402336245 17.00429619530225 15.189094188880464 13.21209126570743 14.656258087169228 15.452966606066893 14.495661363797979 13.615325827760142 16.901065448291504 15.823856065140124 14.17554999550648 13.346429156032189 13.615927553462903 14.659411658218271 12.380377258712963 14.82884905833123 16.952847321731316 16.901152251671412 14.905523598158572 13.877876733225136 15.371677220949817 
15.22051403456645 16.487995680740898 16.17642780822554 16.13926786198485 18.558448707949854 14.592382654178628 16.07317959634355 17.5021191223279 16.036023570905133 17.946951514811122 15.650205485740662 14.885707215328104 15.433513943929261 16.705376883316468 15.526534771994523 14.876975887300606 18.465299975234107 15.975780223430418 15.123705379127586 14.809004173306196 14.13159045419353 14.899186189635193 14.19602511234644 17.0342865162944 17.59551416955695 17.06368347454888 14.799601408247852 15.263158401789099 15.736642713330767 15.852287985402594 
14.103947754184194 15.004238474820689 15.071460132545521 15.478203256997368 17.297140697495323 13.759250761959732 15.597094296107059 16.941691660827072 15.78430629426956 17.27705492117516 14.873975559683274 14.786655309370024 14.95486613822966 15.578301863876423 15.077670271699393 14.332990561850767 17.312140402553204 15.24640405732755 14.077235384262822 13.714054191118905 13.27366557630719 14.440834577302953 13.49089724187973 16.70029778613787 17.298362300685234 15.84142639913523 13.941381059070793 13.97449932909423 14.956986904051309 15.63838662501973 16.07621424215473 
14.546236414375167 15.509753402703119 14.860991406228022 13.783865917527663 17.27771959801787 13.442042887514585 15.200386064055182 16.341253706359147 15.91040053517485 16.92411291065327 15.001458184311403 13.328265638320708 14.804471796693472 15.46748464721969 14.003090615992056 13.78039596361877 16.444414470791227 15.97739750165764 14.20318818326006 13.641996472987108 13.27494365499206 15.048648390266775 12.429700540682056 14.722629476106423 17.34230481650916 16.7547802354292 15.534522957962608 13.671528884122502 15.723142134426089 14.757914574680967 16.258408975869656 15.684323870686454 
12.552576817885313 13.458104152552727 12.496155545919594 13.661232261906159 15.453644434274137 12.437007327037408 14.36025859914339 15.255892825788237 13.652600232045323 15.364214672909542 13.005841546644525 12.790278975597458 13.21929815477391 13.902173654935831 13.018624621746797 12.947858320331846 15.203499561546284 13.499610745463757 12.24970172186794 12.47173107048705 11.092767530733473 12.539244610694686 11.66789383793247 14.999021578323699 15.770430359255593 14.098426287236519 11.922035147695446 12.751869090702835 13.297731205862735 14.03933862815349 14.317163670348876 13.32818020899062 13.872056934243698 
13.612739651178357 14.05060998625505 14.181194282701469 13.31214889187461 16.264008394838132 13.041615515813332 15.222935606646857 16.481204432062825 15.378998179583325 16.613459274744137 14.541911310561375 13.498617648806682 14.899367324684238 14.602463343478757 14.41745698246841 13.760549403733203 15.491189823702308 15.440283586578955 13.131957952566319 12.469317280313012 12.41989593906177 14.805645300391419 11.633021313709275 15.015165923687919 17.42438533658262 15.786042816928422 13.877109338010927 12.572476284086191 14.574451582779675 14.7735542289544 16.17235383436258 14.568846214862537 14.520784296499675 12.898162611309527 
13.077476232779857 13.821290508608127 13.203497369953245 12.328822181497404 16.071572595945444 12.700418769767635 14.500936440520185 15.545435598012498 13.92098625335849 16.05075552712836 13.742351320661188 11.725807070418472 13.944338194948308 14.286236460333257 13.224495017928476 13.068795778966601 14.694221420655902 14.881432689357739 12.67611603740055 12.142517547091611 11.891484912195747 13.875941019601592 10.836746632918715 13.916784810196146 16.6153536907889 15.85456408974533 13.605450400610104 12.92192367771848 14.497592232763859 13.853465602201165 15.217071510340615 14.488480558681777 13.729628024656394 12.511616446425542 13.107690903621375 
14.721597335235794 15.774661143973312 14.922060926527037 14.977075453977841 17.796469601127953 14.209830208603801 16.011029074807777 16.809370559417154 15.875130577003796 17.29829751883489 15.148548748188183 14.114931034829993 15.180174046381381 15.941932785276862 14.787931181711032 14.488614714660137 17.12731990484965 15.83330244846556 14.4887278946581 14.12633823661094 13.532779278285302 14.684129146637314 13.306815027662973 15.923718341272167 17.639961545183827 16.74846126069687 14.899148243790105 14.710139709435456 15.822966996061067 15.552335326182856 16.431884221626156 15.828897633586212 15.477306541256649 13.858631351512887 15.194367697702281 14.222564963030942 
14.786132077300492 15.536461356255428 16.118641176048104 14.595191802726069 17.81640174432051 14.07774374281948 15.84718723689155 17.887728692288306 16.117258080032116 18.18542807612237 15.828003024676965 14.023211134176492 15.621333897081788 16.159134260540913 15.623657800182789 14.793996857296637 16.94659788542022 16.64165227814243 14.499454297413394 13.475529111402192 13.732958527400386 16.053200018538593 12.564845693532181 16.24784648772425 18.174258989037714 17.297453336147825 14.988920253260783 13.869690256210934 15.495248513213689 15.413866799843353 16.76774947057452 15.779491298574227 15.697059589998437 14.24078315700047 14.363091173593117 14.180962812903442 16.317178684997007 
16.18303876817453 17.136941755924997 18.530383217365667 18.749417409985426 19.91581393918907 15.233399673068211 17.219779351389054 18.504912634527273 18.06718520859071 18.879720292872396 17.0126279511675 17.736318774733945 16.572203675467662 17.360863198977317 17.778769377679193 15.558430839293782 20.96965305658197 16.31210010913371 16.24868065955322 15.576307720510483 15.749712416173072 15.33344853842132 16.348235034297016 19.046749348257674 18.27615797474497 17.443636754654584 15.32728512792849 15.88859696846996 16.36589610690719 17.310390138203168 17.467748742684204 16.50766602863007 18.03542312858023 15.483268244072711 17.056043031359323 17.640894255616764 18.07006703795288 17.92714233947977 
14.467898575842328 15.581180036449258 16.251783458814653 15.38248301842402 17.86014757096031 13.390985428395945 15.02749958024289 16.67975456072378 15.895606360562319 17.15396620475028 15.156093283127255 14.716299052755616 14.826087522270631 15.768633261067672 15.147840550123078 13.671297484000085 18.18992118643124 15.169666588937757 14.500872952775351 13.666786801535673 13.530670861703317 14.473503634808182 13.542870076498382 16.140499598360012 16.813212837183325 16.320732001027636 14.647412977661574 13.645595659701863 14.959251553113411 15.079376941122172 15.880182190571482 15.197894648058682 15.408925869103973 13.901842611914693 14.938725793924442 14.952719311936734 15.990174264384082 15.818488103656104 15.728613361023626 
13.897222503562263 14.5641389097579 14.091713209153014 15.088747333069021 17.019440247510047 13.352799212831986 15.62891449647402 15.641740205432015 15.272255002662964 16.024571574764703 14.276348430119263 14.182688751446426 14.38400117388787 14.565729661389563 14.346325076204856 13.566980091368373 16.89391255412221 14.45131210958049 13.393632555159165 13.57247472104541 13.061034930670179 12.857065749749959 13.233817671898606 15.59383780639202 16.52715217665241 15.390540625113237 13.127574951894141 14.329828535875173 14.8422373965808 15.00428559581353 15.473965118801667 14.681008266233068 15.10257171507862 12.815428432659346 14.578759392286381 13.915035600137987 15.090987957340452 15.885318455538698 16.251170908058462 14.969422241242802 
14.311452236399093 15.20758497250232 13.687526834656879 14.352762549913566 17.164999067849617 14.047065113236142 15.89662958733679 16.3210720034227 14.968563859245887 16.704436070307 14.52460345986526 13.496109006185556 14.813062376577571 15.390044043374829 13.99804510838674 14.264486617409187 16.3534744095267 15.374457448402907 13.853348132633416 14.163008006803729 12.82309416337894 14.113316194476068 12.872180336069352 15.557826351544033 17.393114046988213 16.327624816821366 14.243374976533367 14.6809470454901 15.547052369981248 15.31290326333398 16.008320932474422 15.474006777680426 14.987163078956861 13.07862158818202 14.859421679979228 13.426865493011675 15.195723245547034 16.11983160793976 18.30668544383549 15.994216954233337 14.47239801995315 
14.541947571477099 15.042005788535839 15.302482112248242 14.789126952061293 17.600336156756587 13.3971857082269 15.778651073884086 16.029654756934033 16.160531255695155 16.53547980152647 15.127192487402079 14.15168902549066 14.918904585213735 14.855783091867236 14.883740848954297 13.621703262095023 17.14290689144025 15.407626245460197 13.898150385497956 13.458241646372892 13.851358376965747 13.878720184235657 13.020058983818059 15.142365895147028 17.030699583865353 16.42341835414558 14.332348367545796 14.191959919525303 15.500806425202674 14.914042473352065 16.158346431846216 15.417081097908197 15.1530780707794 13.864275160717481 14.646301016308154 14.196962102624628 15.660430316362124 15.850666829334878 16.81238510778217 15.16459415689411 14.511708253270035 15.369867001224772 
14.734605715316336 15.733278732253734 14.928589128354858 14.226009216751873 17.753860866398714 14.487877087194997 16.15317347729772 17.36424682989495 15.982948242970883 17.91167468366738 15.414201882134092 13.72344713099884 15.731449368351688 16.26727627712417 14.995755642097503 14.947872471066946 16.45946866791559 16.660408808215223 14.588335592891303 13.79181389355854 13.642230279356873 15.75043279460698 12.743694889674249 15.790432721767422 18.401563744885166 17.36027574447386 15.504205634784519 14.520537601261468 16.19552683202757 15.756326059199676 17.04994312175395 16.156510505807628 15.55037783755952 14.33366975036581 14.813689509026265 13.709074419825624 16.04383205806587 16.00109857917108 19.383329940634024 16.77346788171146 15.750062399267948 15.402033861773864 16.069576961454548 
14.019832610601215 15.232091846767995 13.82073670549663 15.529260879416533 17.365135126899418 14.21848309550529 15.942359485604555 16.257118896982373 15.050869823939568 16.695223082817552 14.248566317030477 14.603371522070091 14.848043669540543 15.632276946919921 14.505236384542886 14.354701014863743 17.274978579863827 14.655276514572124 14.053410579572624 14.23832060774323 12.90081383318978 13.396991330424287 13.927664536333282 16.543209592525614 17.112658752933704 15.6538450926356 13.673727380178397 14.931969937748743 15.24013234577736 15.90008281898861 15.88659026506722 15.075150041209499 15.676085345040175 13.000759109153131 15.26842976307308 14.15539965213385 15.395434884975783 16.642752507046843 17.24593624187275 15.751301313976814 14.15300520476604 14.495843651249674 15.494816457118862 15.895160204325904 
13.61311580130946 14.52012065646213 13.315435172278075 12.250824318698115 16.457206928730194 13.031395934299429 14.704699540849756 15.502888557845159 13.979080437651332 16.007089485778977 13.92445384569556 11.634068231585063 14.201477584964701 14.635036012408168 13.108815696550478 13.204889667970821 14.977130720181021 15.184356350276532 13.02318497139199 12.689007184599246 12.148495488304446 13.915718648962043 11.016625636145685 13.630806065023252 16.686151851438407 16.305024925611292 13.96017138452136 13.448143758635386 14.836879031471632 13.813866623954471 15.291845349288122 15.097681417126806 13.73035769008757 12.897932193472368 13.705520906732099 11.93658927311341 14.331579244718938 14.673446494712552 18.33445949393377 15.33412270861126 14.145484664678442 13.443721212094534 14.381308869431821 13.919259901925251 14.395914797678147 
13.693508867006543 14.75150386098725 14.445010632702608 13.956793564557286 16.84890245762873 13.533048882768789 14.942679974841528 16.768023985302232 13.941245656317905 16.847004904977695 14.26463194997323 13.188570453963031 14.6515650925509 15.423333567353415 14.4599334089679 14.007838418063109 16.378552967395706 14.945100758839997 13.390317705638997 13.111627530844062 12.24208822961469 14.126688195664203 12.073310799857587 15.844457399036083 16.805160538779106 15.892299633600725 12.7615283981377 13.588808107381023 13.9387591236758 14.592329550091586 15.14820946038586 14.663710816611143 15.030893954799678 12.716803609699 13.945725690679511 13.197596668205001 15.067917593066024 14.653884596557246 16.817097698066007 14.941653036658838 14.38676854780215 14.523980929271657 15.019171529980241 15.045260076267864 14.669697775325712 13.345991828684822 
12.842769346916814 13.053586308015594 12.895972321685004 12.977453608201495 15.602051623937031 11.953665550132765 14.743352098780774 14.393803370981706 15.163604843137032 14.874410394614085 13.517242158497876 12.872877316160295 13.647971989426482 12.966396045012013 13.228099984924867 12.29863715589966 14.87191967128533 14.057034489203371 12.161897848946692 11.796121998767829 12.148863168024441 12.59861424750109 11.406757022819436 13.465065358462477 16.091145887478806 14.670906740913388 13.206707882403071 12.444930712854308 14.419864050672457 13.889999910747058 15.318689788185093 13.818481978468295 13.506412944151588 12.150265289791538 12.454097370720957 12.423874373566274 14.101862764235399 14.414794470063933 15.94926705275404 14.116652603115847 12.970064900650417 13.635994212043517 13.18179650379213 14.195545042413764 13.797095643846372 12.883124699534722 14.03585127015733 
13.852431178846912 14.714755851522048 13.073016579645019 13.140222319444153 16.593972247937913 13.477427388077492 15.049442923809865 15.655277199979452 13.700556993191492 16.01980935490267 13.857423646699834 12.385159493176792 14.35574167846458 14.834088363527254 13.09461300289465 13.576233206309164 15.706327800890081 14.93466871095859 13.159668584161013 13.830078693867865 12.237467690953483 13.556274362358305 12.010334190633856 14.620947831063033 16.6738294040034 16.10262468952922 13.492739904378544 14.227616574423639 14.874746605866834 14.381236858084682 15.141241147947953 15.102954086324724 14.213846177552492 12.665125503812405 14.525701898445954 12.46459396234953 14.489297956598065 15.487299839044047 18.219423657077435 15.556511390149135 13.912844665170264 13.24855587849301 14.771410694627539 14.537283880431895 13.878626366725427 12.134435340919891 13.466286696293128 13.449281404109874 
14.715450890091336 15.716057861720088 13.758559473173147 14.332269589500157 17.540338861846177 14.889100590039781 16.456593352820814 16.998154897326096 14.669191026076618 17.198677198239533 14.76894961387649 13.713248700137564 15.718282255578368 16.10238985624104 14.519107458952732 15.085951767563682 16.555149446961703 15.927929655863153 14.159094630465958 14.644658254093805 13.034146661514802 14.573302324027665 13.081815528785844 16.096149686715147 18.020737611262557 16.878793702043875 14.006893381541518 15.351863394765026 15.674751753956654 15.818927086072023 16.371013687235937 16.033084415925888 15.646737099065483 13.520249247641592 15.243934030495028 13.489888672033619 15.59123306753862 16.429155103190645 19.47338985499132 16.98257546043718 14.978747055456152 14.376475114663142 16.030790215697145 15.359318602244686 14.736478409354982 13.244224744311046 14.178735691497684 14.497214946757952 13.014158381651004 
13.619116831617273 14.153445212659632 13.619295918392444 13.895094904472495 16.33440859900917 12.936212429776273 15.32002271959653 15.502443467735596 15.459636911080413 15.819875090268473 14.127899070066627 13.601801538906782 14.397373642787262 14.175282674508189 13.916455986581417 13.375720988144266 15.775084346904013 14.785817063921554 13.004490241932995 12.853561319141665 12.685935210745443 13.38928791237152 12.244198959881412 14.67437206205639 16.71387772251477 15.250679493716031 13.411682666012823 13.358569131253685 14.69925568603785 14.612771606154164 15.670587751004021 14.500419863736338 14.426324701018883 12.710162091606803 13.45503362526179 13.302512583720404 14.831659076551583 15.121469305384448 16.71954328598419 14.953935729723469 13.742743076163057 14.34504033688039 14.20431151481672 14.949639887261014 14.406204756615889 13.5408255478013 14.165426471956328 12.209618903285126 13.859090840562791 14.714991933735595 
13.774555204890278 14.599467330690942 13.271241289180438 12.685616658813908 16.62648905158744 13.675238539893943 15.36333733543397 16.097552274938806 13.996200581776504 16.407715975820754 14.112756080360919 12.27308882174304 14.888482604871143 15.003343306787746 13.744965601188614 13.932586304709481 15.190376262185486 15.42970964309457 13.159679825169825 13.021076391607926 12.292404959563711 14.157219267759405 11.440230425228513 14.484078286068744 17.269101682902424 16.411405125389482 13.573582597879415 13.919429334960943 14.90332961767882 14.52535971969728 15.712809275603922 15.253951108807346 14.453243240797057 13.004448136184314 13.802265973729579 12.17682048810345 14.71493874594887 14.940551229882642 18.80937613366487 16.0089782144355 14.387255622391066 13.731284862607124 14.888137321871312 14.067303985882063 14.436459741763617 12.012822712305747 13.27776426080274 13.257872542580644 12.382529613891627 13.075748473378116 13.724536967515295 
12.82309313439537 13.77390802692169 14.006686758393766 12.224873629498898 15.985322266237448 11.392033457658272 13.468956296966837 14.263868960254909 14.937130468472466 15.103047828119713 13.558221878854077 11.66893302323469 13.041550431454311 13.5220468811829 12.883234342444174 11.62626328160698 14.983340047990676 14.222805564427178 12.584188084654327 11.035316798593902 12.173481445976272 12.994262191540425 10.61037374860086 12.433852059133335 15.39770412694845 15.192097339803027 14.036296007973455 11.805072696815246 14.142192806881155 12.737893067797017 14.701983454329014 14.051230754105822 12.860918350729415 12.754625188026903 12.695867397817207 12.212392455721785 13.92079946968676 13.79675555688141 15.707391768114382 13.390334152592692 13.413543155178973 13.956428285116449 12.954515318990168 13.91851439862324 14.453896431032554 12.292859715328005 13.640704350402435 11.377385382594968 13.413500483542576 14.757534705655198 12.580705317839016 13.115717265389533 
13.341285858999091 13.993634102341783 12.320331583036626 12.573858772546828 15.764152569301045 13.289356071025603 14.831244672912279 15.884796415252799 13.63982186851201 16.18549937266328 13.587627330512719 12.270349064844437 14.364813261495362 14.569307914324115 12.716435781040273 13.763400543523622 14.767356018288499 15.132761709840125 12.746110607209424 13.586244785489137 11.81516831785518 14.171500178717812 11.577731584639517 14.759816691822596 17.02565630443285 15.697724556364088 13.493328931987882 13.532106185351338 14.729112864356406 14.572552409914403 15.318905323487655 14.590110675401386 13.959552170085681 12.26592285113378 13.69834872164378 11.943897900793754 14.333479342964612 15.007594956106619 18.60380916681048 15.759354630352876 13.896936133661573 12.959672527594863 14.876917822100296 13.860008560544049 13.616935813282842 11.963210129639005 13.303105672886266 12.968660924740593 11.588375246412488 12.661813246494193 13.433063095675543 11.97201268499489 13.513264109007405 
14.164035514025377 15.599092965788492 16.750718311815334 15.068091483959547 17.681452773215756 12.82422242226935 14.035426088226366 16.672428513826965 15.8813282487479 17.365516738892115 15.040742032029947 14.132632767501404 14.278699903637422 15.875796049337367 14.792611472085623 13.304811490102525 18.02106547971239 15.24367986290695 14.510097455028754 13.156656546847161 13.575591963145806 14.763067129026034 13.087971113386509 15.809419192510195 16.308859726543663 16.185369538356348 14.835733577135914 13.007689723821109 14.561845860210369 14.414805292966674 15.347755907463494 14.875957033947515 15.010420399431329 14.041911590742005 14.88423773309843 14.80719040807015 15.826886911070964 15.25437151968711 15.29537067422539 13.830634856881078 15.023780724726349 16.168045380655524 14.975359862496157 16.433726312432032 15.926108326966254 15.152145893253408 14.583306645050612 14.361744817778522 15.534543013739599 17.09003371011924 14.911527892995075 15.96604512940446 12.801624314965968 15.649317645140675 
13.42320587066504 14.222427163838153 15.514797372622622 13.965668640203216 16.67634554089117 12.71713313570541 14.216497037837716 16.77826069276039 14.42616684954039 16.92298825557198 14.469525730717253 13.55080171929913 14.466671611575707 15.02058261809337 14.776991821821248 13.402218224222036 16.713384380817615 14.847856158645945 13.258016886344677 12.451068660724966 12.47689431666031 14.455076237277334 11.932374198362586 15.81251348468603 16.47600384003234 15.682005722582378 12.93405844024203 12.440705845442128 13.52841521100913 14.242380239340442 15.068286586053755 14.119229371813086 14.86529710455463 12.926341555183317 13.329022754568676 13.539570877684941 15.28171334743041 13.99286079285543 15.316900763107045 13.839883592584936 14.45545302666385 15.295823414192332 14.582981756333066 15.334959576850627 15.254251476506443 14.125557806674228 13.016768865609906 13.653262292778608 14.555713750038635 15.520188437677618 14.088036470538924 14.270776043889708 12.97953904830823 14.245717011373198 13.103355424904525 
14.012903896245799 15.12470870655444 14.982953414734803 13.56320881099218 17.15099767626776 13.277203341233754 14.626920372116171 16.39873803632922 14.917105764434403 16.969648191239575 14.614351225171054 13.152750735086533 14.747729028008761 15.522267685158303 14.144279622445536 13.59365283746781 16.56409209846738 15.513624543936118 13.938431270178462 13.190980042452372 12.918935292123859 14.80908867445725 12.238992304511749 15.01899794952775 16.981134515957564 16.549279001648078 14.72109674519648 13.335226021821363 14.992194701263411 14.567643108879777 15.760255214401386 15.226271965581574 14.61990075159279 13.718225461881817 14.347433339043551 13.386493179838103 15.333937620430353 15.207496922093886 17.428211620617468 15.012842434422485 14.923070873011394 14.932594489373603 15.069432389224502 15.190546117929781 15.27735686595534 13.499308780076488 14.174567961616665 13.786922955906766 13.894499412517765 15.145511157031885 14.45948083832316 13.939398615937955 12.958439960567036 13.604956727416278 14.403528259150756 13.879730606829558 
14.814824052667536 15.817338017417558 14.46142955393439 15.705969673296533 17.677463725464502 14.497271743259406 16.446734716598403 16.69387157032485 16.463948278535383 17.121848746509638 15.041228173020901 15.3705284090063 15.558694788947786 15.952610916960877 14.816331393670803 14.751422236633404 17.621451930085577 15.634362134947164 14.679219013335596 14.854819327965282 13.634736474726992 14.513757614889656 14.37704476747606 16.566496879073984 17.895844134282253 16.246697323919996 15.091444845311166 14.91405303484173 16.13366037384146 16.416951506274813 16.880264890848053 15.757251412102057 15.815395555179183 13.802485671011294 15.41401782543932 14.952003890756975 16.09320931026534 17.21584273881005 17.960417421330487 16.19801279010814 14.958003345977026 15.340618660969572 15.934394570725813 16.581806940237005 15.01366088159717 15.191625850376875 15.86605547435687 13.837093581486599 14.926946398247606 15.963536309494408 14.713294351545509 15.473046895313141 14.512788188521434 14.441229146010652 16.34036710686594 16.02121350450972 15.87842240684886 
14.502206859824769 15.695207523207223 15.096853947124366 15.313686474409966 17.437988745164223 14.225128006344441 15.596897164233743 17.716048398320407 15.776200813186328 18.061056310485036 15.184587431835954 14.359200289807424 15.062226165960345 16.407252787663428 14.774848031478035 14.96992674474718 17.10571526122691 16.064197322089818 14.586824640779106 14.374808721438203 13.248472757022757 15.598685464874725 13.380794407647818 17.004030009059687 17.830200343138923 16.448843188694777 14.824397294584383 14.243015487167789 15.38021945592805 15.81147563814679 16.275375441174987 15.360730492885775 15.647187453123657 13.512874848802914 15.032250552646957 14.432865164301521 15.999256213027058 15.955822574859154 17.790200896756016 15.852571049530525 15.379774330935355 15.39281609434799 16.194401266375216 16.138442999378714 15.487265322007493 14.8858161159786 14.770495213220206 14.69787252751409 14.777643577073711 15.869182147289305 15.112516829997372 15.169753344244947 14.620361277821587 14.022117116676078 15.275471548823765 14.59903251369501 15.299822809341231 16.17944410808041 
16.055385724315553 17.295646860359444 16.55139670664754 16.522613282683707 19.098154728342553 16.152258540320247 17.37566898822451 19.588078637230506 17.02379053955777 19.89286903465565 16.78467473225871 15.845730696480432 17.09823862634474 18.280733615856622 16.60222078607386 16.849395498655717 18.516743405538886 17.858348559993583 16.233398734401124 15.837515703587517 14.67583543936058 17.541554964914884 14.789930492332605 18.685007824323566 19.83668511657863 18.36970858545479 16.485219093212105 15.86688749185712 17.056790876848012 17.657436901193815 18.1818187560613 17.158669416379993 17.430177270632292 15.265754194428679 16.461558910436725 15.717430128853746 17.689869667648853 17.475846578285882 20.05270627655427 17.856188271078807 17.27707882717838 16.990197435009478 18.07515657752193 17.42892211596164 17.1300631441532 16.201185737390244 16.183613584710187 16.42836203844525 16.264445351981806 17.10251428201883 16.852007154785074 16.254455814107967 16.420198966211007 15.363712696883413 17.431462583642883 16.220031557662235 16.83394158350954 17.993006306574223 16.874277841226448 
14.764511660763244 15.59939224443995 14.909110313846588 14.263229798860623 17.637502633261533 14.266216397477152 16.01284150537108 17.047975867089143 16.09816966094038 17.61881171215443 15.346766234243374 13.985171459556163 15.687197622225655 15.974803191476724 14.773540346952332 14.671780393538205 16.67263328180593 16.506048995125752 14.505094312697926 14.046209737169242 13.757788557359762 15.547628770544053 12.999899605910107 15.678760896006013 18.20465243770107 17.197664681773905 15.573203476964071 14.411943209322585 16.239148539201825 15.724482445206503 16.986592536145803 16.055929695540552 15.401497086418678 14.346265769053414 14.901139973015285 13.891890273115932 16.032469845368485 16.219675875563393 19.047319929278572 16.52051857729299 15.553966767068008 15.373096958939156 15.888071669836595 15.623790051677418 15.7822829550986 14.082376263932204 15.299774029521092 13.98491494756645 14.480101224907552 15.532004080280041 14.83691657478138 14.349696756693287 13.852721653283316 13.781370449701852 16.183528410732244 15.390158361854024 15.131927216650363 16.26292428634236 16.121777767618553 17.57159936814974 
13.885276402982507 15.27337466226383 15.049970248966378 13.280531356058123 16.809294257342348 13.444903373578999 14.576903886411506 17.350718726001837 15.463335743888647 17.74913197754158 14.82953966969646 13.27365942603004 15.052019321530373 16.13859777632244 14.40531744736843 14.230007984715531 15.965386890033864 16.169225554523354 14.203327783366925 12.737241758879236 12.510267459178124 16.21546374527448 11.778081487046176 15.408243800865655 17.72472836431291 16.493287948803868 15.329103122594654 12.47077913064353 14.845659460288358 14.912903992906005 16.326083366835856 15.132360046312806 14.646509556556985 13.678211601372467 13.431980398266724 13.45463425644419 15.606379658701972 14.590288762877117 17.894999124506704 15.215720007166798 15.683167805625896 15.467291753649477 15.61149719582841 14.940327283355172 15.944234104054013 13.885765096995824 14.145090708040213 13.83388485253064 14.869211465285908 15.665550609645589 14.451659559046425 14.156497042250967 12.96577405776914 13.961340548222747 14.440928482347708 13.499534366434968 14.197236428462599 16.13768090664733 14.97833718332969 16.332257139436013 15.139227332921248 
12.41379681606659 13.050341626437593 13.532381548866187 14.04375971453652 15.65079651199846 11.55373042341434 13.796242556406705 14.477569802437241 14.17492215289128 14.877593223708812 13.088867264311205 13.020195782993989 12.739043164964853 13.146645246081803 13.223296098108834 11.953698990158395 15.871720575731974 13.01130228228044 12.052190647940964 11.910686199544857 11.83314578492057 11.69916142221768 11.8619146181359 14.483367196200192 14.879089468917234 13.860242000565625 11.741717348132452 12.41038409866188 13.113364521123923 13.399718464218983 13.88363375858631 12.954737121874395 13.737313324457514 11.472152572302173 13.033585170678077 12.898772844710432 13.870618045614485 14.104048890283735 13.807774369852865 12.88050656169184 12.330065558912889 13.606610999143125 12.985427409604425 14.716192987874628 13.163968178024593 13.38841614013752 12.998843404670028 11.675456248584643 13.257601458856323 14.499743105666887 12.486808865668374 13.795547949414308 11.823086696330819 13.247731349232028 12.604432646770679 12.304444373834963 13.475559868973646 13.828949162159867 13.755000634113113 15.878133175754893 14.451274123724376 14.019092773027518 
14.22104331590588 14.671195232398595 13.741777226344485 13.674761369776217 17.060885720123675 13.806434987933704 15.915180479740545 15.95555475832532 14.640707234599441 16.279661800763936 14.486412400184946 13.240609862898982 15.114134382759664 14.780914621114183 14.180931545083665 13.92532418697861 16.10728054847574 15.337666129856323 13.349637089346544 13.693643067067855 13.004597356461227 13.736976236379299 12.401835609334512 14.938087619534345 17.279034829508003 16.476997608048915 13.612853713854776 14.527874504712948 15.344693210125387 14.948983417841529 15.963464063124242 15.436973188402384 14.91376852062147 13.281218877446033 14.433569312710805 12.967897629163215 15.108002210064953 15.717364277919017 18.277428404227035 15.976723316339994 14.2484499820731 14.11139751332422 14.864735394163304 14.985907557131107 14.551958633091143 12.884486821495031 14.065862156639183 13.23242419624265 12.910563718068326 13.892682884977093 13.950907829981421 12.95180216704376 13.50421272054549 12.70267837345061 16.150294499686055 14.784305666900933 14.553340222301369 15.493201704634824 15.727926125461991 17.100086225553664 14.981062119505538 15.348176150750746 13.50836976466251 
14.53704500799632 15.247643688855863 14.047346388686277 13.670151997284293 17.327946850989886 13.742855146911443 15.961913888114022 15.882556948938827 15.672919238587319 16.42232144219119 14.832677103542338 13.228731521158481 14.977312604047189 15.057671310280952 14.06726243334496 13.804052087490604 16.112328806699868 15.699665416022873 13.916414913531673 13.58688332930957 13.133777087681851 14.308890408438057 12.400173642104495 14.405255169157076 17.529844687307033 16.80345946776144 15.16725927733125 14.274735184785653 16.051558909883227 14.983862737267243 16.514942073035925 15.885037389255979 14.567650839253487 13.649494179856353 14.438388396939146 13.309997151785277 15.259493412423813 15.979876492662388 18.564492042546902 15.87763351749019 14.743041359577704 14.43801976506097 14.965384083097002 15.310952445074923 15.182414506084799 13.258203445973 15.108417400055137 12.926478383507554 13.754944569179894 15.000792005158255 14.151056028536788 13.829245541886959 12.900527366293117 13.680930964020568 16.19334519748604 15.558859836610274 14.871510158378754 15.525245114307225 16.114517253890117 17.65911285204314 15.270139466651576 15.228886560866377 13.872444689507336 14.193962210011597 
14.265580642148613 14.808867916227962 14.70108573176062 14.106326691924059 16.594125030778827 13.93333180841157 15.749509111671639 17.827919931895664 16.064561106140534 17.78310860635842 15.207614937246944 14.652673354789673 15.836830972696093 15.728435410801554 14.974409120856906 14.960214480691139 16.17975543603535 16.414778423082033 13.973762743648305 13.682761600124374 12.84931657919288 16.32296253910712 12.586105082335584 16.51395385075356 18.479616523204157 16.244378195798603 14.711406952645723 12.93523326837513 15.090508404338673 15.92618512590686 16.992612397554424 15.058704873593701 15.341096427308221 13.409822907729195 13.250892301528152 14.063781936511711 16.09648328732323 15.091487716105584 17.953453640341017 15.780629493970219 15.578986487370315 15.675512116072946 15.904780071184398 15.597577732928574 15.978365099665826 14.81193954217114 14.599595622608174 13.554894387569489 15.33738935046218 15.978351386906322 14.291547059813405 14.75593252911299 14.087328350927265 13.916734017386673 15.529871452173143 13.837367784178795 15.077888819372186 15.945126521862015 15.170135212830942 16.618929223469024 15.587890795034594 13.660815082165035 13.915856408757437 15.529904768676337 15.720771192822653 
14.004983994417012 14.875849098711887 14.441433615704486 14.867643402667627 16.852163050599213 13.541351027243845 15.427349061309275 16.50575719748764 15.516956074982206 16.67386737974426 14.517637092268213 14.624883744527365 14.894517786496701 15.23822520091252 14.547617924776937 14.042839356842666 16.948840955164744 14.992527892154756 13.773521957928995 13.706466862803186 12.769976790524737 14.183557404800434 13.200958401680817 16.12964767586312 17.110895192210556 15.501661407852678 13.762196015073066 13.569853981013413 14.688996030303679 15.385451873740921 15.922848090777018 14.721851281524694 15.182189356792547 12.963567853928131 14.10013501331586 14.28001193345393 15.505081554163187 15.63994955746624 16.474871628291645 14.935256643454217 14.411812525132143 15.066963672477339 15.111760076487716 15.922662803030326 14.818031700561912 14.681046360340218 14.441640210599124 13.356090902492076 14.669127172051567 15.574808738605917 14.02236274628508 14.857287277743024 13.709661401732246 14.209351817228523 14.843586448676595 14.048196391253573 14.96420824201371 15.208134654911943 15.213390210050958 17.0063094888984 15.74450343909278 14.754552462521879 12.84686439543359 15.04305262456788 15.282815485172675 14.514838620721704 
13.058215925482637 14.253684398346028 13.519845241035345 12.782822270100315 16.1093437595835 12.587340144896032 14.053412964055362 15.623544520248522 14.229857897098448 16.176317512512398 13.669738382174664 12.255958842165711 13.743859933774022 14.726579281358356 13.101800936015978 12.969145445258148 15.284631108474793 14.658828832280193 13.116117114631274 12.354533918546366 11.701619797530913 14.101283193332906 11.341571984154584 14.272699665776104 16.415758773451643 15.531923448025756 14.171969356681188 12.509162258455719 14.366127632128903 14.002826140236673 15.150146906218882 14.346704618099686 13.670391319610314 12.490301364965287 13.28094510215014 12.406852299519352 14.355458140574509 14.432275679158085 16.943775974682044 14.37654978509644 14.080252467976052 13.762323537081476 14.398497755020601 14.2334212760256 14.214185654850205 12.67812634966118 13.592102780217388 12.63719985783918 13.102008354390057 14.29142321561411 13.53408550952318 13.161946884501164 12.237605410584719 12.617266588855996 14.117243838923807 13.51760360376951 13.478985524766351 14.696833749229146 14.250652310221525 15.767558261003428 14.25213443323656 13.258197881343087 12.750690196707353 13.816003264522106 13.63898845925922 13.943340182570886 14.008036098596927 
14.060041436516187 13.94671513594531 13.878067182133183 14.036381759446108 17.004043678471536 13.326811487768648 16.48035306123794 15.412556793265377 15.698823290429553 15.776650310868487 14.708984569429218 13.463065872228979 14.846936505467493 13.754127866713924 14.73596571988907 13.507311297231194 15.759413456365648 15.078320365430546 12.89505804445047 12.694813912165303 13.390684171806793 12.995135608742377 12.144795019193865 14.393887233269123 17.18503650559937 16.1161923443222 13.284362099022673 14.3473072539176 15.466132497914382 14.781179211633276 16.253918459589347 15.135405491571314 14.898280049947486 13.148479491796477 13.650147829541758 13.011871243313882 15.048216873052885 15.323400528013106 17.365295250378434 15.63942713929792 13.776662620164235 14.39506684363885 14.033143993783186 15.04487929902827 14.762474672897692 13.305956961976825 14.510772455146604 11.895486311106755 13.937445542654016 14.773308884358498 13.25093780959717 13.445071656128292 12.576708035760655 13.889816002418401 16.174146443753596 14.723312732456677 14.981392677588012 15.412065208306462 16.179285048038405 17.69580167672698 15.121584016504888 15.539443972094178 12.794288311790615 13.501724748605875 13.730583536351519 15.35015057964625 14.82339479240817 13.978193267743709 
14.50308000421674 15.27573383457866 15.410974495167682 16.57474584425484 17.63602219987948 13.605854896783269 16.11882379305245 16.22933302030763 17.31182306697586 16.639270137765756 15.11564525631194 16.285165783705597 15.03435640022853 15.210906226701198 15.391526306996727 13.9123675955231 18.35401761572901 14.796448480808053 14.47571169608723 14.047549830074558 13.76832033795438 13.780650875370865 14.683846225273804 16.62267166121101 17.182764008429825 15.429469267037202 14.722746079802757 13.999978916638437 15.54445591812148 16.140593155775278 16.65830082909284 14.983576926439486 15.792118995438969 13.565481693302697 14.766482746940238 15.79291471090987 16.187138593291444 16.784007022860685 15.36277114053881 14.602609602620793 14.479642682897326 16.11507636841806 15.091114262436268 17.394082425726406 15.26449784767142 16.54000637040807 16.249426108258618 12.933468037401708 16.579102922805266 17.7804643367109 14.338462446156282 17.130663067527603 13.666510263053556 16.447011727022794 14.851356598966692 15.053392763167063 16.09775219345178 15.15330614606921 16.269533567653472 18.51925073890425 16.880523392737647 16.07269214540898 12.491795472767349 16.480530100852235 15.73885852657978 15.529518306098163 14.461495627949182 14.836225631471034 14.996031909853201 
42.67121067944909 42.53747794414879 46.72996995096145 43.220267887817606 45.32545467034445 41.82526906756325 42.880202934314376 47.423777444459446 43.21157613787015 46.29984610150847 44.01573103275996 47.13527046357416 46.59952486508964 44.428849175010136 46.04958978367297 42.691130567253836 48.764560740682384 43.61085621280219 42.494049962050454 42.501741969058166 41.09365800001652 45.39058724574542 42.84666405099865 47.63112467866848 46.50330042553117 44.30104347660706 41.31869049215143 38.69576362153427 40.90853115988082 45.153820213607965 45.38210257476281 42.3776889061047 45.31174761337951 42.586764360305686 40.589921477271055 45.06541702910696 46.32007747505981 42.87790822004829 41.22881699301348 40.82209905970296 44.68066235477786 47.16219633940595 44.37180247200079 46.63698347772842 45.74167713586584 46.632952246766834 42.11862195844369 43.03002501554211 46.770982907935654 47.41560736258921 43.69532744400251 46.07022579665313 43.63082030546373 45.58592614808643 40.66639083383505 37.80399164612253 43.05186792816434 45.22682593097526 44.48557388251433 45.68030232087516 45.80669492827801 41.25249844750036 41.20747298488152 45.879496968970855 47.143326640158 39.421063909446175 41.360391165871526 43.47520019098569 46.209341969825566 41.10069835999164 
40.25329065141841 38.54432142829706 42.398456578966936 38.470668757692195 41.36605253120354 38.4932336760347 40.610707674030785 43.725351299823465 40.78545351752302 42.43045201072208 41.3175983460087 43.39872198601888 44.0887516748338 39.747487672995334 41.902213119369584 39.52366699706227 44.042616463168564 41.756256447616074 38.48391149161398 40.23494065306005 38.65529008388907 42.7929471216081 38.92470399323808 42.94276147061678 44.18947855153426 41.81847089656376 38.74695430263271 35.754624083841215 38.99007840437544 41.82012131449135 43.05590572609123 39.82072504813118 41.28123134161764 39.668277856291006 36.89199894862481 41.02328569258045 43.04265777052499 39.915173186838224 40.29988651066153 38.921580666938894 41.40912293720382 43.201964130885 40.78655156926003 42.853825159147824 43.01410029771928 42.25250554257769 39.649679899896164 38.62883456838194 42.24972738491322 43.364502402861866 39.67630810223694 41.78941548208424 40.18859038411635 40.3291931139858 39.04563192459971 35.755865913793464 39.813423902181384 41.660292366731774 41.55309961067661 42.83616853475817 41.607741618196386 38.47083502694786 38.526003436904254 41.3630444345864 42.770217337010685 35.57096660734424 38.387270237519566 40.24310353601847 41.72988517075667 38.78547855060781 41.210516646485196 
35.781026469695824 36.29841670538909 39.12209725420161 35.65294072663077 39.14293285553012 34.82426900019991 36.13977493082898 38.79537811233652 36.9736439896543 38.66015474197856 36.840235415761484 38.69270097090205 38.92041581181942 37.37898540150436 38.332275471367176 34.92541245661553 41.15098763371002 36.587319079707335 36.01704010176171 34.700463745162516 34.6283270398829 37.39722618228749 35.52601990895085 38.34419628349085 39.24992319951208 38.08213804184556 36.30519681425622 32.714177435519034 35.618190593640534 37.67024346384518 38.79382590424105 36.47372680706074 37.59584727337382 36.4715509331441 34.538352819587665 37.28467474660686 38.75367663270494 36.836815972768576 35.900103786621436 34.62399059387946 37.5716804821806 39.483193970002745 36.90144802111864 38.88979598856481 38.39418676433345 38.32950639802486 36.47822919103433 35.150023543607006 39.18630104927979 40.07501596018902 36.59738925601063 38.35624636444872 34.993601107360384 38.76054640350187 34.733975129931494 33.240100998043935 36.03901851840176 37.933287776759194 38.67359788178727 39.742456583320646 38.22746547896813 35.07219348475472 34.95840049613208 38.23453615557599 38.299406827827994 34.73594828017951 35.52926959093131 36.04517561329194 37.83200753813393 34.47966221831965 44.656334452246206 43.59167208677158 
49.84901021723933 48.98539622276661 53.29806334975221 48.996359213249825 51.634468980094 48.07689469481144 50.01823010276177 53.449729704407254 51.094682077532774 52.061551930459366 51.03894991495684 54.29650006244455 53.87624795995759 50.15149363901672 52.633199516324694 48.874979052357844 55.076272305727635 50.64510305405206 48.90261593838363 49.054097170324916 47.93273420502097 52.259462859024346 49.18485859016647 52.95016503720487 53.53958183756465 51.030920510256145 48.73124804734772 44.52736533134668 48.008849423120466 51.69123719757852 52.9099087084072 49.367238831530905 51.32025700736773 49.53062959148428 46.13503583841158 52.011425721283196 53.1359005730773 49.50316962579319 47.95538036308312 47.2057655379568 51.44822902668433 54.19417374143502 50.38451058414416 53.55591345749553 53.27066998940693 53.45098252121943 49.65216632689904 48.24561377211815 54.2052338386246 54.94075943360829 49.563010205925934 53.15513334185896 49.198425114596475 53.0732040706707 47.631085057069676 44.78046455541223 49.92380076380847 51.518910284581544 52.023075023285976 53.32476194714212 52.44636064098104 47.60732234172468 47.96426166898788 52.66223251035149 52.86204834046493 45.152532045730005 47.5865244863134 50.14225194451569 51.896853632660154 46.22163974124581 45.73184440138681 43.43127103000156 48.201421828618464 
39.01961715087387 38.10694477875571 42.76881165656908 36.44816309504388 40.90536299464017 36.2166552983709 37.98535504566056 41.820067497768925 39.50611805575874 41.13012446896607 40.28023643875042 39.85023351945191 41.3719670678145 38.665998995379184 40.31512260737336 36.99821314575399 42.630155257251296 40.51763033406308 37.53358839242688 37.35082921922185 37.70876492434415 41.220173432679324 36.139434215144874 39.627952119189175 41.6171365410132 41.34001104591708 38.23780793664949 34.099144739572374 37.486221052863165 38.42346856645172 40.69823885004709 38.92973742211853 38.99953091612997 39.05210256886528 35.97899733794666 39.20084043757985 41.22975421741113 37.54165703393595 38.36004579100748 36.54483371660092 40.31220658712373 42.14004145524945 38.58614288205874 41.17044524213804 42.69082757473273 39.876762844255886 37.82915569545225 37.74609697724957 40.94249311892354 42.55384762927229 38.68622304033148 40.250084258958886 36.68409506304242 40.401330308906935 35.71586508418041 33.74031929757299 37.636662964509206 41.56868024214417 40.424947150793486 41.98180794128817 40.331562669073136 36.57428752955108 37.00151772187124 40.22680057863955 40.8903375809943 35.82297439992399 37.84641976983342 38.490202592547256 40.17006721337894 38.32358138175874 44.240372250133376 40.2948398175016 44.34867833110797 46.91123700180373 
44.723391911626074 44.79468297180011 48.26127182420612 44.01526198595522 47.76523245583039 43.76201365978199 45.15797638087303 48.1620735716972 44.093612323231724 46.935530170239126 45.587031633904076 47.83964522646309 48.45514144694177 45.95429865990986 47.9896227520053 43.8051784105374 50.424232404863275 44.776742384911486 44.10274068429417 43.468739481003254 42.38594123907123 45.774513776283705 43.77277664392504 47.673726332499484 47.86894442452653 46.68185771661059 42.59697390198484 40.972470164020926 42.60731546164537 46.11229456690756 46.98685811003032 44.93634264215413 46.71609036349662 44.415796938479474 42.187643701067444 46.16029432937093 47.57351720163394 44.48082007502361 43.29617501321881 42.41745934551128 46.18019040430829 48.40520086306449 45.36946503759207 48.08812463143968 47.49159314614503 46.998382024300184 43.27489835171173 44.34706526405443 47.86347651219084 48.2486362343146 45.22166710086086 46.532842429874215 44.256771737544156 48.19017022103753 43.20529028387455 39.89857732072717 44.66823592376263 47.316656381964066 47.58733176688461 48.34883926934806 47.69404656650679 43.36671735258726 43.370235604609476 46.548548277470914 47.25803890910969 42.46538672103773 43.45845349105496 45.04537109926453 46.12651916928396 43.14552805063693 45.68375280205485 45.68558485434462 45.88759685868111 48.23991563119311 46.514359360034916 
50.40916469653805 48.3739488753041 53.004094093144666 49.32248273222057 51.10255364951089 48.305741198290754 50.65259280750598 54.180129964012195 51.29907442641154 52.42041061605119 51.549994725687114 54.58361170454805 54.2761683114326 49.53939951930498 52.410531512629625 49.71175388175656 54.67342733385531 51.64501809997066 48.32224792978511 50.57373749324923 48.81357253900354 52.80204187940585 49.4254313926857 53.84938595384482 54.04389104849742 51.10484661408132 47.75428811746648 45.32700314856603 48.1950242377999 51.96164406023075 52.85518033523464 49.27042255982527 51.655028752958536 49.34730824483518 46.51271096745491 52.02702565870053 53.41138782563762 49.670726237593 48.836753920595115 48.285523086815154 51.249193133409136 53.930640884256306 50.67683599543757 53.665190229827594 53.38589991203196 53.41590830452194 49.39479481487696 48.74372815248696 53.19362625544199 54.16851947073838 49.42454964461897 52.798397033612154 50.563389179287725 51.1891905349285 48.190343910988275 44.74913073457726 50.173668380158865 51.704750585170814 51.299563443148216 52.96333571377812 52.24792721737992 48.40022485500747 47.77749715419211 52.09592800684076 53.79546711422018 44.7045251177149 47.684181375727036 50.87064732486807 52.21594438964313 47.75682346957996 46.848126563992984 41.67945941633386 51.689297300787224 48.485695217389264 46.8051174079399 52.29965993427641 
50.40601628878427 48.7883502767198 53.40770863951723 50.118695072372084 51.91749866349428 48.29164300312867 50.518529866246716 53.15040014495251 51.0194104616915 51.718302149179074 51.215668989903385 55.42295381967132 54.191484287144796 49.6422428501223 52.627003838568406 48.885644727590126 56.31939279579549 50.4224363028875 48.80102638416416 50.79482640252535 48.87920498097333 51.43183817626365 50.67663505969855 53.82913050757647 53.31654943290907 51.04846789571065 48.09889830819956 45.75007498857023 48.42700136649109 52.20630155251871 52.73062371177911 49.45647649524522 51.89963462554797 49.688923364420354 47.50985396671299 52.74301663727029 53.464959619185706 50.80786469086391 47.562015433201715 47.41962579220828 50.875029297761564 54.049404993268475 50.4311600732857 54.57891273037864 52.755774859017656 54.064187136779395 50.204711037153665 48.662528558938504 53.521300839328966 54.88508042367968 49.887983691924845 53.79657891016454 50.44089828218553 52.41673794769171 47.9174327004264 45.38748129579195 50.332462439595005 51.22975168681965 52.233477184171306 53.94743336381524 52.842533169748336 49.6140393372912 47.432979511219834 52.3601539107974 53.52540079404646 46.3209386467078 47.78024490735459 51.01403085653991 52.31984772300677 46.272391281496056 45.68347726585373 41.96775294675128 49.06482889339948 47.03289286729166 46.97145557978929 49.71149932983177 46.69864276023324 
47.398100252703124 46.70912187941285 50.317558003095435 48.57349405666037 49.947058192669566 46.17654844202725 48.602580635465735 49.8378652268218 48.69403002471495 48.63318684814966 48.085302435636265 53.1504086607232 51.33247557794719 47.40726731175259 50.736202089296945 46.32792298010086 54.008565815458596 46.74838976141076 46.50271590306464 47.1413398901553 46.07178474008472 47.08968398133762 48.58002241269148 51.149169147531246 50.346301570048965 47.765863070905354 44.849920337598284 43.998082248726575 45.73530510619884 49.93839638107605 50.127113455983206 46.88399650920742 49.918498475758255 46.939070787765054 45.153988968737 50.40206365465424 50.61317600432905 48.69342587874615 44.51385034179493 45.03667811468563 47.74155467121477 51.50712027022635 47.59459041371642 51.870190430233194 49.297907962608626 51.61951869951957 47.63999701738645 45.64439637332669 51.60440023157498 52.036869375511685 46.90049115063772 51.016512115717646 47.372293516798536 51.30019050183909 46.02506319828597 43.60598007924364 48.36990013366246 48.33361734486004 50.51899945765398 51.97009515143691 50.636129454739944 47.54039810673229 44.77029257134427 49.76357046152793 50.58198050668893 44.90579154052414 45.24479611742359 48.765580640126636 48.55821859428494 42.892438716946664 46.625874334576906 45.269079386705165 47.50796180718836 48.07604195755805 49.24271754493831 48.085347010994084 50.574431270630036 47.34699267522925 
44.04272828108926 44.921472855698106 47.45578677495299 44.83962045407475 47.18615672012311 42.43735975498582 43.022997924987216 46.22322773496087 43.73735750758781 45.817450633484334 44.217040054513575 47.53031735519141 46.14090023709002 45.4606075308206 45.3863890431615 42.20545028707855 51.1847133480985 43.2090438713812 44.10492417966497 44.60344678282718 42.302183643162536 44.002028267172555 45.0199872693773 47.225400288219106 45.56641572611732 45.137404755917956 43.087724640865545 41.02497508927967 42.45964380781861 45.1995356570508 45.02564475063611 43.936618798659744 45.433920554342734 43.740885086280244 44.079904437974115 46.55405582093546 46.505941697698965 45.73509942932538 41.54007819641565 40.98356261849164 44.620743305529416 47.05068051413906 44.69629076652639 48.370114393495605 45.41935829267957 46.98442649647764 43.939465774194325 44.39931771818804 46.11846219689659 47.922224270722445 45.00816066751768 47.45504064984864 43.92066360649243 46.58182811198358 40.80761586738621 40.611671232973116 43.742169938362615 45.127346816625696 45.839923057849916 47.77110482659801 46.99136295669036 44.259121966792584 41.589007603453965 46.41125253270365 47.05772656011206 43.72443911551328 42.7177615161385 44.35090563283057 47.71051676267758 41.38944984353314 49.53045261021867 49.054351740252564 48.85985337826504 53.83069449632378 50.08284271761282 51.78484550064396 55.84807951052155 51.855376928840855 52.1195382415219 
47.50278898312899 47.08220755848057 51.82397982000239 45.02686852646594 49.583865443522335 45.30038836676539 46.40244400994227 50.840403988282546 47.52891480424354 49.633846338904476 48.556661832439126 50.50494745698999 51.52025875191684 48.157124025465826 49.93148291625689 45.78544020256202 52.76019875518689 48.46297952131615 46.60807161724481 46.06993805428976 45.48724624416342 50.157413110795304 45.75544892183817 49.28208831380467 50.55354566822229 49.539589074855826 46.568820404532026 41.600173638774145 45.15309182884634 48.06998803628312 49.87306915771721 47.40686002449301 48.342095554521784 47.93921862587935 43.905136880499406 48.92497218311525 50.54557838669946 46.41581128794936 45.86997388783919 44.36625119596594 49.48524018128902 51.896074888986355 47.72043515305276 50.52189365453153 51.41808242672149 49.715285103110325 46.227933080714074 46.65306044151743 50.894998775568965 51.79844624355788 47.500743974316826 49.54364323480594 45.85630264257208 50.374542330969426 44.0731177414969 41.394755623406695 46.270176434778186 49.95449849616147 49.846519411400756 50.837822543002126 49.54745618386027 44.34311666617806 46.065225394190186 49.608466218608854 50.301721251442515 43.25876920265288 45.635693354390774 47.378938400750876 49.87899576929712 45.5993108143321 42.24400342562684 40.24407254989521 44.34519867798717 43.36832156484712 41.59445778025654 43.48852228469629 45.75654301843041 44.27862533191884 45.66409710342457 49.52468656110319 
44.64435988969198 42.68482808754476 47.95295647061244 45.469998434970314 46.51861911753287 42.28611029841929 45.18825440560974 47.030999607750275 46.231516244430345 46.07410150451019 45.7935288013699 49.250393811746164 47.578769544055625 43.252532553098696 47.05786844552187 43.04305092484454 50.33223716471746 44.767448204878505 42.8568265692382 44.712278595769554 44.33669779536822 44.79544690928788 45.03655564591403 47.97241258484708 47.18086882586191 45.255448837500325 42.02328774599882 41.09882444916796 43.257189223949005 46.14409947573106 46.692386137056786 43.59532147715995 46.4087243152501 44.08384355640985 42.53414826694963 46.89774606204666 47.586861864809414 45.21392470045471 41.637044885188416 42.146816552496944 44.5212701894904 48.22892253703824 44.21211738858475 48.76527714715225 46.83701391497957 48.36996594111741 44.86868080581074 42.671172570447844 47.77656535532976 49.331406781165356 43.97058973298308 48.23108583913739 44.412495053056816 46.755091664776444 42.137603323695714 40.19687440220245 44.98080672428971 45.76474970204202 46.43366281943416 48.5744703982167 47.09997983211954 45.03369283326866 40.96980377620043 46.47853305818999 48.00381723617216 41.87455540114788 42.65027764985013 45.791493534683454 45.67052500396721 40.917937872114585 46.38582280743761 42.182497691730255 48.4264299454158 49.06826529312558 45.95974681320935 51.350863374192144 47.223481213353374 45.865848593281875 48.150473835605105 51.8492678754813 46.85091746713725 
43.8803169093656 43.17484591820093 47.377223964770636 44.46358537865284 46.40095601187619 42.41369618198825 44.417339745274695 47.39829476113452 44.938857363206466 46.53607624610138 45.14567407313104 47.4389488001678 46.83866596690358 44.27282545879268 46.66140636327252 43.181383655607426 49.19247514449353 44.54836435530482 42.99708543967664 43.34935819441238 42.88403771739773 45.14612437721259 43.592461024540086 47.51567365355506 47.017897383637475 45.26380910463318 42.031106350319114 40.585976527508286 42.518047126691464 45.50173545933924 46.115713249778544 43.49168866657276 45.92677757704929 43.49797399085994 41.95302810336248 45.71415251811035 46.87010332987435 44.06902985398364 42.313983409200226 42.099318859883525 44.84405173841215 47.573205787588066 44.473065541531035 47.47659704467186 46.50664000863595 47.05134531960344 43.5217332689492 43.160330582277254 47.18182649555947 48.155600090857725 44.07882463392193 46.790210436401054 43.85713787248107 46.408529449943444 41.979521034043564 39.64323066230303 44.2785684668595 46.03260799216281 45.703814193617106 47.31451217273711 46.597740058043016 43.372783540744024 41.56463957233551 46.16911658833016 47.32422299907698 41.514048160457044 42.662964134939095 44.68142838760923 45.65071750138062 41.98957542357569 48.89121718060228 46.74733115467593 49.778394727161924 52.59075692060902 48.67100497493461 52.13970100348276 52.75746030310354 51.85507973524756 52.39381444802309 54.95941179750353 49.552649435512144 50.45211965736338 
45.875149439189535 45.01896664219876 51.53845165239918 45.85154419316661 48.50756159805084 43.28125747870801 44.69037881327948 49.485224591876204 46.82886728899993 48.82472465485884 47.509363130154405 49.28013777373596 48.73859454092779 46.17115948186438 48.742702252560946 44.18759160199176 52.09406424791722 46.81148587346915 45.037761771214136 44.96002563605901 45.591753844621294 47.89641506283571 45.25732063495621 49.12520854185235 48.202077946271714 47.69171310140248 44.36270927579795 41.22866178945299 43.838509222942186 46.41005708440645 47.45997027930738 45.18761031180947 47.55007204332439 46.47129535786886 43.97527618309199 48.03698930680177 49.21886901874006 45.23369556656342 42.77183563004623 42.67073463995783 47.238756705934165 50.67379113527767 46.01512635197105 49.767835046889395 49.60238719717548 49.37105434205552 45.1477744012886 45.7950974850823 49.64189491276573 51.28660066288146 46.475945833231094 49.46766744359534 45.015182913037634 48.94725487646507 41.2576597294907 39.687315850462866 45.16349683512665 48.86022180414503 47.475724853858 49.35926259582681 48.50976320534166 44.527743573820885 42.99962966691967 48.70498979376111 50.38417629184636 43.25213296465972 44.64263537232154 46.72619514342459 48.8945105583122 44.22260728478589 45.167775238683404 43.125690901789426 47.856922905083465 49.076183929924596 43.784772086615604 49.9453756340337 48.219301771697964 47.43044067625362 50.21643439353194 51.285067989531136 44.052349352508735 46.10175235831223 50.542103753999335 
53.8852948849304 52.27132944507917 56.62918475990513 49.70529531068616 55.10365890503529 51.63276510365939 52.781852803336655 56.906178756369634 51.32638748401731 55.22119541018594 54.433807329660915 55.58320404473594 58.007723504442055 53.390038796826246 55.021694184830004 51.91736989768376 58.19286233697505 54.71318084332984 51.667755762519064 53.70341948292116 51.04263855224785 56.21343894338495 51.274118167837315 55.28306821596543 56.87691894799739 56.37964384386462 51.564742540021676 48.37023362524681 51.26105245457326 53.94552841790605 55.53003247707305 53.70499972221631 54.00501875441455 53.33271944606463 50.17389330560941 53.62647673674634 56.17023286673973 52.495187907452035 53.34488710303116 51.00874979738474 55.14175868773804 56.23531534519173 53.85444338635283 56.12583270117014 56.78818675469324 54.072273766217215 51.29545670770079 53.05679785974485 54.03880384518861 55.62990620842721 53.771393323187915 53.78864697220055 53.22534058995152 53.30304111536965 51.39566102747782 47.420215369825385 51.68670537821755 55.83034975754922 55.329495137360475 56.071157719176746 54.87041101485033 51.18069148902705 52.356202629004734 53.606919414460805 55.46870963116688 49.25511711206751 51.796960590083486 52.93756543727934 55.49314205060517 53.51239757157781 48.12889803170972 43.33095908759824 51.51537474058491 49.99548286290634 46.448496073821374 49.622514169647516 49.538745092110425 48.34009490017378 52.903581875498034 54.72864028168791 43.62609687297459 51.39299773351484 55.279046145302345 49.70760475585786 
45.773635649192634 45.06689154130739 48.521564480274385 45.75214638255547 47.96681424631246 44.64289590970419 45.95213502940031 49.17689985684145 45.94055370896378 48.297627928647536 46.56275101788512 50.06246775625427 49.56173462639514 46.475939467317644 47.859198801721604 45.139974415124534 51.61097696860992 46.3744849627411 45.05083484990886 46.57217826830195 44.43851841853464 47.50318958219604 46.36080885239792 49.8537041023829 49.22254491352538 47.251484202371174 44.54252138220128 42.35412753680857 44.70200335412289 48.177108755789995 48.30987995935124 45.52440371828536 47.78890372414114 45.628111445980934 44.325916792585375 47.65219303445453 48.932821554005564 46.970018867640555 45.01373514352199 44.274985349421065 46.91842675369031 49.08474699307445 47.00958207421105 49.418786072905625 47.7218743816144 48.86800513063779 45.78822005475413 45.3948675201946 48.09488778020245 49.364724371590704 46.30560247314564 48.46168159562974 46.76311540566642 46.68751914110988 44.35089487811429 42.05600096786442 45.750927759613354 47.074479077060175 47.50468369005213 48.85478172234006 47.98473677101832 45.37904778624616 44.0493992481279 47.63975981457372 49.29510901084162 43.07770738159266 44.38259426019644 46.330878018140524 48.76862416456652 44.10614992879225 47.37408319066577 44.11252075869047 49.00152843622352 51.14836899906993 48.70887560174661 52.043457883086404 50.506827717098645 48.67332724922493 50.967926817185116 52.48812381224095 47.81883578386161 48.8318832551121 53.37651372054611 49.59186130394067 51.22662226949592 
40.832095518501475 40.14631287831243 42.62290018655021 42.0363938575717 42.69836270126186 39.60375641658277 41.20602224442112 43.70777804379168 41.67545235706084 42.99715360254845 41.31423155790054 45.362635418257135 43.64181689776775 41.13635939075012 42.00516450940292 40.26244213827734 46.569261768497846 41.07860442318017 40.01993170406027 42.55771778804487 39.760335297020426 41.65169525725734 42.24807577595108 45.25410966487038 43.79148268822435 41.37653273145385 39.410595008667045 38.28623238003949 40.09352331194726 43.37224001589196 42.86965199922451 40.21452887317117 42.69284700932803 39.98517120848219 40.262902237595846 43.11313396120116 43.61464836218244 42.899594446471156 39.870441706630956 39.582740287517815 41.104923988468414 43.40270919525381 41.96886260648695 44.78054931316183 41.8044512113967 44.24574280292411 41.4549118062002 40.25738673991629 42.58488656536501 44.20135451833819 40.994655293745396 44.07038375817753 42.25821276852349 41.00861028254467 39.49987422593444 38.23081296064213 41.2990750399863 41.10838146078904 41.78286857322468 43.835013799216455 43.04523347041891 41.517846080283235 38.31239469037569 42.72710693040014 44.36138974676529 38.70959847580404 39.19045293464859 41.57523921951216 43.994134256288845 38.40710332516535 47.460651345316414 43.32059264604025 48.67940749781164 51.973855720237346 48.52704591664095 53.9300883125224 49.512960742849884 48.03621724841982 50.67873125071653 50.58351426929508 50.13667860428301 46.49668925600873 52.09452459558905 49.123931029497875 53.327131479474396 48.264987345014845 
49.71775496024872 48.34506535338077 52.22193985489057 45.676378377007254 50.64509125722454 47.153693701838996 48.95364008214197 52.06280476972189 49.53989978623712 50.533276740328205 50.32228347648036 52.44646917475897 54.019410101722784 48.95309706519621 50.950134258427944 47.55722198413312 53.67904130207157 50.67909067306129 47.82456360865805 48.70643165641117 47.15021238645495 52.09170067036845 47.35967254163924 50.16654590662442 53.00459931366557 51.438119869063776 48.7009836971889 43.336276029233815 47.64123452927302 50.13668853795732 52.40755514222835 49.54508306551799 49.512630837742016 49.547085648687606 45.05068215570293 50.303478548144675 52.20119061970465 48.63781020683 49.00414362023162 46.80039377951605 51.09114806442901 52.94979970546456 49.29718712569559 52.07262309117184 53.114233503507265 50.8601511819518 48.59690541693291 47.295029616200225 51.810190251917206 52.89918801764681 48.56699769578326 50.68985849948924 47.65839813251564 50.83559482975354 47.300528514665444 44.15191276902045 48.13479799142749 50.87022646269085 51.92860682579221 52.854421760874885 50.72708696040116 46.33272406815964 48.2474396384594 50.478269110204636 50.90169634806886 44.19372735109125 47.10142194781448 48.94123346428914 50.75942787388351 47.02492826498761 43.49034080050973 38.66968391223275 45.53794654188141 42.7833058367573 42.041295831215876 44.61712205162484 44.28790508483636 42.94243199079315 45.51891599320638 50.84586616786118 37.599197651441294 46.48733114419962 50.58617414516591 45.95869785100882 41.83413118063529 47.41705410309669 49.5189915454935 
43.59316753716403 42.859403556550305 47.86042190338777 44.85150548757427 45.96758693699026 41.754607200901575 43.18421227855051 47.17709668605803 45.987584476956194 46.83464843868586 45.034920017345726 49.440309878185985 47.0984592704885 44.39736963273583 46.016155583828926 42.54563232980118 50.54393432188593 44.432564688878884 43.70947750283344 44.42236119054782 43.17345803313737 46.43651528323504 45.366256457103766 48.36358090859013 47.16590583716685 44.88491071963035 44.66457477416263 39.11260296711622 43.3551613390584 46.6301838728437 46.9305782648907 43.01959081528432 45.672305859863904 44.208179183062114 42.311950206742125 46.949206325762894 47.56498696213403 45.34206538734742 41.29512859759722 41.08378720183496 45.3208534229172 48.34836825693072 45.03274405493615 48.52634036807879 46.423688199554775 49.10787263927688 45.869491726457504 42.73214794295973 48.46320255577156 50.527456984012844 44.66453691119729 49.45916859941958 44.24405551555519 46.4169897383563 40.75083711398294 40.12031061664222 44.09959631495689 44.6774814264354 45.32463859955425 47.33068582309437 46.46634040463721 43.19494092746546 41.312535016034865 47.81321671975637 48.06461051191328 40.55331940587263 42.11955757220443 44.28110253252449 48.06460008617733 39.31510112710732 42.03192289395394 39.23957573835076 43.972002254323826 44.89132170274847 44.47543863441499 49.50881791836001 45.07182887296511 42.11536126860122 45.678174038860355 47.09176773287417 43.2551768907594 42.148166054827605 48.420090395649645 43.23468167635376 48.677891502364254 44.02858723335412 41.928656158394034 42.965652789288896 
51.103736855807334 51.60471583569038 53.5293848722539 52.64468760464682 53.38043581765699 49.98125711554881 51.112217500956056 53.580024175960496 52.00745594178811 52.40721179112558 51.10121978868927 57.730433411163844 54.686757098231986 52.373725020770046 53.07740199083139 49.95605328690722 58.836859450473966 49.88545206353933 51.202529350232794 52.452313067580924 48.661818331128075 51.45639505556921 53.6043902519906 55.68159618781135 53.70886864846568 50.81585493154577 50.115440782892655 47.05396026547083 49.333126433124114 54.21257215633135 53.52629265078085 50.47712004461855 53.099671237495144 50.235602896778126 49.72068217670686 55.1733197599721 54.29549988510568 53.58580391748376 47.79349051906403 47.86138397821479 51.76395085161218 54.9220451564523 52.22370809351391 56.48628427285122 52.337594807571705 56.20706333043598 52.12485437739399 50.21309734323156 55.17274542468124 56.26324298523747 51.31842517666537 56.171349995358284 51.90854970720236 54.70794945173373 48.88025565713578 47.973051168808546 51.933833712388186 50.73180449340959 53.332944699817965 55.18619015880654 54.65607533102111 50.93436453349674 48.64173750997594 54.64530470404948 54.49763556686277 48.33408914487398 48.25444044947904 51.82401051946218 55.10750290411076 45.09156767794318 47.52388288326812 46.99165522429643 49.19206541846264 48.753884123241214 52.452538355873635 50.49147890115482 52.08809833378911 47.27077580160066 47.15483462222734 50.18456150191737 46.96881018130227 50.33513332762103 54.96598486863487 52.62380492910317 53.77969779155674 50.86545204330109 49.513070172699734 46.14468268461661 43.11016266226388 
43.61794973373974 43.764255061179355 46.708163735615265 42.31787270118603 46.45866460811976 42.210600894429895 43.50351728517468 46.17233407924927 43.233164013912074 45.35611031095338 44.213641427663795 46.255951373817055 46.91733178877314 44.53026415028393 45.78510695732765 42.05471281147662 49.07130625004748 43.68909849771199 43.05005511562367 42.6366195520561 41.44113105775461 44.55744131128117 42.68131070657303 45.52616440980035 46.419770492182515 45.63026125474381 42.63405258322921 39.748259348626114 42.13949797914573 44.655255217151165 45.815193366435196 43.996333117772615 44.8059136017995 43.57369645464111 41.49477149320095 44.80874739778697 46.14266633448096 43.888900793946846 42.681179755642155 41.26869008762824 44.89587774509251 46.797933453592584 44.00356967918255 46.732937620374074 46.08463119522214 45.389735151809866 42.907425222094965 42.805242733001805 46.04841041373568 47.01043421833682 43.95016839537082 45.37007696565892 42.53486155777266 46.28230239542139 41.875347578963044 39.63419776543203 43.13601344297067 45.50490137375402 46.36261748312522 47.34360414623828 45.96922450803999 42.37316259005089 42.27923895334526 45.14554220400622 45.44507394473261 41.728533300466694 42.42388260686321 43.492521393930524 45.1659428118085 41.7871421853881 46.763331642436114 45.574498848304465 45.64296954829637 49.11010732028579 46.43714675204964 46.24863972009232 52.835913464496436 49.753704525410406 48.909456706627175 50.89802805356039 44.27040114548791 51.11706767239763 52.73063587607121 50.21103658231885 49.89474190782541 51.50001693867618 52.50128412723018 44.654353534811705 47.943364688591345 50.03259961281353 
48.69046519489867 48.084287414989696 52.86125869606825 49.3583882730303 51.15308784119462 47.22676831548824 48.87314048744566 52.71312038699633 49.443412619893394 51.427196901804756 49.96824438075104 53.53415462146467 52.337144013501785 49.507865509579986 52.02517301087574 47.95196804350924 55.07638852279473 48.990161828133076 48.070494729417476 48.388259018108194 47.06776371093763 50.546266662088804 48.93056023782649 53.17768029579318 51.96495983490151 49.848622378549486 46.85435933663709 44.30452362529238 46.61273236268387 50.79035276818748 51.155993737932654 48.04423341489505 50.98959656068496 48.25104602111761 46.166668932054414 51.38725723244448 52.17092691864862 48.75945094038474 45.83021710574287 45.8367621759555 50.09595251348257 53.167908000373714 49.574486268055125 53.13852179464941 51.72350697916259 53.00378233779505 48.295012893176384 48.185947085584374 53.113275527766326 54.04861167295628 49.23146016983253 52.714136504406746 49.05517320932324 52.34828834761246 46.08624843048698 43.441669406979564 49.112351498880734 50.80253219347885 50.66033380055648 52.16757775463288 52.05475236263864 47.54762765922735 46.32497897167067 51.91804482709909 52.693373791385795 45.261296734938156 46.78402810528691 49.48112200332789 51.48848053281838 45.38254595446125 45.63501212811099 44.72705487948231 48.58726855081246 48.10796376425083 47.779052359958825 48.68789959024996 49.76050314085717 47.75916398523718 48.78320339120033 52.68147048683939 45.15752842326782 48.82894328624723 52.28883856397882 48.45570836505262 51.20490140816906 51.07081713516777 51.22394195197164 45.90460943574805 44.79289103812518 49.3480034181943 49.827539337710085 
58.03322725831367 56.464350146085515 64.37288771413621 55.89625392264728 60.55447296792511 55.03684596216163 56.34069633028992 61.6191124158938 56.95067508244671 60.36415806799986 59.66564376742468 60.8273980045418 61.82930150286903 57.762799469900834 61.332639221968286 55.541768410929414 64.37095065511585 58.728246778907184 56.43370638237422 56.51228764866884 56.914905456960184 60.26793096024007 56.10417743518534 60.405958228305465 60.268245170202185 60.713654569990624 55.538678000309424 52.13276461468815 54.92094028167379 57.7226822018697 59.41981148380205 57.42577810143439 59.298356162712565 58.713867165711214 54.79704177567718 59.31231223282637 61.32730101789548 56.03655710739038 54.323358559504555 53.6739496912534 59.64316749085331 62.84508288206453 57.56422202180488 61.64577991005102 62.43247328742557 60.487064537090646 55.80414851914183 57.846203258709444 61.19185574174158 62.91983539066861 58.705962804946566 60.45178633968882 56.65154392700214 61.083653748175976 52.8955288252187 49.77301674552442 56.20390392844001 61.73896815028724 60.174299166986124 61.38301412933338 60.446486048508426 55.68180668313293 55.314525474171745 59.81852663348591 61.81802280964649 54.4563532425575 56.454714167992776 58.3177360971105 60.25493882996123 56.76075494454945 48.69300496047484 46.72949414601782 53.01821959600894 51.262492043626345 47.16728143772939 50.86888973188006 51.6842353564757 49.997855710184105 53.82192689803855 56.285195008286536 44.25717037235722 51.36615331251649 55.64559698755727 47.079898344708305 47.71610206717104 53.94414893189551 56.82549223786495 45.467937042971926 49.06815711037049 56.85740044811098 52.125997936006264 51.17127210138408 
41.048968712314405 40.891497392880076 46.28936370678011 41.297772694725516 44.371641780095146 39.19701067104439 40.70484255552898 44.54796241634858 43.068967369639445 44.44394010614451 42.81227039421452 44.48732141864254 44.15062433713324 42.139017599353686 44.31656618313365 39.79842563029448 46.9951287387339 42.27307989633228 41.09422604383186 39.53308449810682 40.91580807152523 43.339542959446305 40.728794321283324 44.00254130692548 44.234210375544855 43.38519133638152 41.39146782985409 37.02012468099724 40.429851806097936 42.481356136089296 43.8881560896011 41.16599189353373 43.04259455172393 42.304716606179475 39.44850824082843 43.148109902452276 44.586574856883054 41.26511666062581 39.488435114074086 38.94069769124812 43.03403763951594 46.02950135586659 41.764874197551684 44.687886661534655 44.78442563017151 44.69030196098056 41.75217454038296 40.5085317141192 45.73501142470741 46.98689094658752 41.95823938753013 44.85028096634348 39.87659293828099 44.988632117002275 38.076811815597466 36.8282404546762 41.06628809892908 44.00927194554203 43.68762456167037 45.15906835561057 43.76024473074005 39.9461985351373 39.33503510371295 44.39351212508916 44.90428225600668 39.331591601714905 40.66809941772922 41.795265907526684 43.63010886136927 39.32820145976618 45.29693544311521 44.10775799438454 44.63772492321225 48.88152064844113 44.42514048006336 48.66464646033516 50.84706560336739 49.04200548298431 49.27667853428641 51.13224884506244 44.66576339621728 47.583202243795874 50.46165487211086 45.633212680765965 52.39661596373191 50.076494194157824 49.91073334769128 46.65711593756401 43.13717264815431 51.88953897053016 48.627092326800856 48.89617911336847 50.520033427872804 
51.74084662853523 51.27215030560694 56.714999703578044 52.91651809502393 55.03425904658737 50.35117846585763 51.90297733746155 55.09598215840012 51.11179661399195 53.645335186812275 52.68834716694066 56.87042402806355 55.595050098488244 52.427980164119816 55.97850726001259 50.41602545101208 59.593366080322156 50.785893164169885 50.88228817804186 51.16750756585113 50.26599350337898 51.55356071786253 52.43681182863675 56.274527190822326 53.90228532431287 52.819334298027165 47.75388698236088 48.10836660526638 48.5952126645548 53.33734759212706 53.21792361389016 51.062570785569676 54.73885962817059 51.448737331773465 49.883125505855965 54.71416431856101 55.149703173724966 51.87467674624527 47.26239831555374 48.14719348867915 52.407463172676074 56.42465080048317 51.95180515957971 56.60907520833818 54.270149397173654 55.83096203743175 50.08832109622285 51.84028130752895 55.742407627895915 56.365325741651525 52.35196609381122 55.18002394605121 52.076271730317025 56.34249566926699 48.51399776656324 45.49611399126185 51.92618769210786 54.345660802978514 54.624735701848735 55.92987222907124 55.65911012324793 51.59644100594164 48.74988423658329 54.17031554145042 56.09748222608157 49.86112713375218 49.874308229093195 53.27788426578033 53.85477299984022 48.77542040344928 46.42170270352089 47.224388087395006 49.49286166583571 49.529780733058104 49.023772489117334 46.99869779582887 51.98318172463062 48.62498931062165 47.95759746629629 52.18500679401717 44.7805405019363 49.816504822893805 53.11350511880988 48.44499397979563 50.766582286506896 52.313225264243705 53.73901828493041 46.70062340398512 48.6031512940457 50.18219394427307 49.101608981636616 48.65566496110171 48.96800402999695 49.8125549287855 
42.66558173512878 42.4107498507342 44.3897719807604 41.984887896691454 44.340069768490366 42.0623956686872 43.221552169331225 46.723211281988036 42.94121326638904 45.4209016475777 43.318046654036934 46.86446457929812 46.81900245943041 44.016274893116545 44.5401964507528 42.79922268327252 47.52114172144424 43.66938040776373 42.12938814401109 43.34490977263485 40.18833557650452 45.41513574302062 42.66842773999159 46.763699216724476 46.969808248801996 43.931908943028674 41.8930847599107 38.65207808467405 41.45908143478009 45.503260855247035 45.800890855245164 42.57118890017021 44.41714171010409 41.94001053823402 40.145238580041344 44.38092838183208 45.74428974812951 43.505276497316366 43.02438514636574 41.61846843743083 44.38264629693529 45.788877099422955 44.476652202831055 45.91228402280983 44.83005090129341 45.56349913438396 42.49509687396393 42.09449946141843 45.29061381926692 45.934659874997806 42.92352394136669 44.96389705072341 43.75887041328838 43.54298700878615 42.21144932423581 39.227278248157134 42.9137247535583 43.70241665316186 44.1745438856753 45.22049938916873 44.83511933070697 41.013686872164946 41.80977052287419 44.83405287155738 45.65202849498908 38.51862511563077 40.83251151962645 42.718005534956525 45.78507586480017 40.79798136036102 43.66036225563443 40.6831172498442 45.49618555542105 46.223556839216315 45.870315813563735 47.344420167311995 46.935900542391096 45.82648735809734 47.278482428534794 50.40182577420811 43.58208715780884 47.68215734322993 50.6162242676604 48.69904378588994 47.995828429094445 47.30594917404615 46.63458705589674 42.486811144330304 42.350728952320196 46.292832686543136 47.406076130670954 47.37490788481982 52.755296598969345 48.07459410934242 49.84493330850817 
42.96086074677133 42.51856970039811 45.08983338004568 40.948532993225065 44.77458166536028 41.07966226865373 42.44753509977689 45.43223152412871 42.603585897495066 44.59056630440355 43.42651259612652 44.780050475197974 45.72721273825422 43.13609206415328 43.70674135232464 41.41295581617367 47.185231864431806 43.667229088599754 41.75464446730983 42.75294598545691 40.882548955942525 44.39712546161581 41.476582613290326 44.461117564167324 45.71213998178437 44.72279476114435 41.992708482192604 38.96612894122325 41.63740327384453 43.52429055271285 44.74294208834709 43.01318180054405 43.303099692443595 42.43549856263462 40.77426181565555 43.49762034296317 45.043034695646206 43.026971319530894 42.935362146599985 41.058061633039756 43.87312771264245 45.20656988180966 43.22055420725752 45.43962081756252 45.14779624057601 43.912356301750066 42.0952313193495 41.966097800549186 43.915932884838824 45.382435593967436 42.7684579403274 44.02049891793424 42.03170420464273 43.31253574090438 41.07376085315893 39.09249317978295 41.98749829157902 44.24440681843973 44.409406419334694 45.79944933522054 44.34988960305011 41.47441853313658 41.33333923678353 43.754795330603926 44.571579417778956 40.227598083846814 41.494005718447724 42.440674123641195 44.72181166273839 41.859569580538434 48.59862530385994 44.700456259855294 48.38352688644799 51.49764678350498 46.48058735338631 50.759995386445496 51.71195799421382 50.506946999520096 52.29230913346154 52.535845506443145 46.974610514305766 50.715047597928475 53.69202574229105 50.50278961086121 50.52053276693495 51.537510423438 50.60344886850438 46.34966205699598 47.81752684455807 52.93102376345644 50.11932838031609 52.23526457310056 54.284660680207 50.55374996795909 53.41881784236653 48.177993285708155 
43.126534263385075 43.04727971360691 47.234263067358995 44.1087354280477 45.57756721115461 41.811650902544564 43.33870680574587 47.434956155374074 45.55462307297351 46.58032810978326 44.64581562776729 48.399783133628254 46.771941799741995 44.61567562457024 46.31876429141797 42.80077558714841 49.20630432361636 44.126872702923116 43.31743054721744 42.69574326469858 41.79580913216535 46.16012035457447 43.73804154064941 47.6746685273346 47.10448450191013 44.26995828016103 43.381126627915705 38.40262614259397 42.0657500021731 45.929113287357524 46.57602013073446 42.72212967739911 45.358806942634686 43.214412479486306 40.62192115796562 46.28641371370439 46.95464171325231 43.73230529776584 41.162411980891214 40.845982355039666 45.25651736814541 48.16243988389594 44.6347148911219 47.579403642292945 46.57168368524276 48.23425610559515 44.22525051035125 42.31820023927621 48.791856650198916 49.66664973498736 43.78510456910338 48.17165684412185 43.242860290120234 47.302924268951976 40.83304008321705 39.07403426544455 44.019971631568794 44.95701342046973 45.140155037107654 46.74708191132949 46.445432938111736 41.48598387153464 41.41388453247224 47.56346776542243 47.295597457865355 39.341870154027724 41.46045733068947 43.801647137337746 46.73583804548141 39.215106608658296 42.18439402779648 41.26778428988837 43.94632002931618 44.17324422964352 44.69219394601694 46.54106829385409 46.63954430552351 44.83024012080102 45.44105227868795 49.55256973574376 42.28888817665098 45.7355564913987 48.94610954005341 45.72181587468541 50.46289499055066 47.66011987793702 47.12406800815397 42.907540953586754 39.16212966607471 44.85122491668529 46.941373883158995 44.969490542020345 50.67057313618205 44.44196515852527 47.80487400470099 43.11774880943712 49.0818565323383 
52.068847330250776 50.770614602380114 54.20555456779072 48.1892481026907 53.602186863385036 50.70593238696483 52.03595401956281 55.722319427149756 49.73302864518837 54.07604087937489 52.79858780205521 53.13760597422929 56.28666622295516 52.15076466281783 53.75086271685349 51.15865375229469 55.424218750215005 53.425296212454704 50.015215783408934 51.36835320359446 49.247684240804595 54.530252920205825 49.012084810692116 53.738218978016576 55.82151146794929 54.86206500540673 49.50774596276857 47.599056195233416 49.86015583128997 52.54430915592973 54.14888964185244 52.29965304846227 52.76982878179902 51.421627012597 48.383442826400056 51.25264236323955 54.31376229663088 50.57084971490296 53.13072308098109 50.6694564588787 53.5848427343164 54.21276854534566 52.547334847170546 53.61426272192487 54.92208367234515 51.715606247980105 49.19249539743263 51.47054976911068 52.18795152425675 52.97864844976928 51.966214126897526 50.97877519918164 51.74584259646434 51.35800904670432 51.18636966166641 46.40259802884586 50.47391304863337 54.60269247728332 53.720577987063095 54.07391318184055 53.056335907590814 49.44883198389267 51.33843032031367 51.5239558855334 53.568399276679294 47.8621411965366 50.666807009781834 51.33028048608653 52.87889371530169 53.25033358645109 52.17090516566567 47.82437704526613 54.149515098575144 54.97204853205761 50.19561458729634 52.62723681259775 54.80335370503091 54.821491245484694 57.36373082885009 60.02278393055454 48.88911627974209 56.70790116746324 58.597425168825374 55.09488033878095 49.91555666450771 56.34231246002107 58.37721914812254 47.836745409019585 55.899997456208496 60.578868617130084 53.68240980843278 56.18679796027151 54.41300161038837 56.273115524787286 55.74660320121198 52.2070128805837 54.68912216150581 55.201250558536145 
49.42251180921964 48.89797276636343 52.51770215338644 48.779778452296 51.633394126177045 48.776947764630556 50.12017227056914 53.86490101765656 48.322329075436095 51.88715651129518 50.26712871103972 53.62366450654938 54.000584350695874 50.57924543055533 52.90084347118688 49.33363412078987 55.085463135124066 49.70284870753087 48.32584855572917 49.076468950539166 46.64333122033169 51.20600564429466 48.758593124754086 53.80974951112364 53.157390823335604 50.81057088288819 46.01922817895512 45.230929749064124 46.485681225475325 51.51707496083525 51.779146745356435 49.06390747071796 51.873919318413705 48.45488828163493 46.14848286606536 51.17300093675328 52.61028264459948 48.88370904153083 47.841931595426416 47.27634631958174 50.91404253554701 53.21187851389471 50.55852649422427 52.989805947218144 52.138556105086764 52.24600658439091 47.218885919851274 49.366732304848476 52.4886983944804 52.518793907061834 49.698631945973894 51.16692528893847 50.33715176383413 51.95712805853756 48.12403935988016 43.59957493754327 49.487023258402886 51.80923507017858 51.56826359718737 52.26042711249101 52.436800164607234 47.59199817232746 47.958725722322235 51.224746595462925 52.89549019434247 45.32765789297524 47.33592066811329 50.02921458230032 51.50154757477312 47.87705016149341 44.75306141249798 43.93975628470746 48.42640513454321 47.16189640414283 47.3714345083056 45.35698955339706 49.10742106209233 47.81563191615217 47.890412412906905 53.275840326728286 42.92228213606603 50.53988406498261 52.34520709385976 49.62669693340049 47.67393132831983 51.07329825049746 52.98732102077965 43.23327105813059 48.87127064554445 49.70804406091116 47.73726177249011 47.79576113041303 49.79030420885999 50.347876977300146 46.443660265692515 45.88442674919635 51.137272651421306 46.21785119619265 51.39078109848962 
53.22871007260045 52.185589558494684 55.882225170768045 53.494527316503884 54.96905169143794 51.59275147195004 52.54392725416466 56.02449379927523 51.188160388299764 54.38959308905433 53.20828841932841 58.2503915787559 56.74238253196365 53.2460962568753 54.66947130319895 51.73848927392885 60.59572192551284 52.174081472671865 51.72235002021866 55.49100215679756 50.9827792289537 53.29542083695901 54.58759853426154 58.003712761724834 55.13581818067039 53.67531079147211 49.46331806463221 49.619680901304996 50.30059999576951 55.00981398230403 53.98083162663166 52.11009251453339 55.03891223859132 51.858511853191295 52.15037256394608 55.70798634212425 55.96276112204875 54.48788314683893 49.84339590513959 49.84438773405529 53.12243131693155 55.80764405692144 53.81902262113416 57.917584940915624 54.09284498234433 56.42354745330015 51.73180493894722 53.49985694707959 54.071686910356284 55.936003638483896 53.66031611960477 56.05385080129491 55.11958137320069 53.511625843107595 50.218331077845626 47.847006564687725 52.5784077476306 53.70646135496403 54.17230054348481 55.97733689549859 55.88344602242925 53.54353576578887 49.94746847156446 54.36235245563255 57.02376308013222 50.44724990177902 50.502515872495124 53.85927091548395 56.92696898095566 50.36671485186238 47.693966448778944 44.655014891670554 52.649379907890555 51.525650713381914 50.37922109137456 52.37681588775478 49.46596287125665 46.38839204061582 50.6664044413945 50.623487441536135 47.56329667763999 48.16346391897274 54.552900860577125 49.16111241105264 47.93863534895763 48.953416602671695 47.43545919250851 46.65741610021413 44.16067551800817 48.07203066060528 52.03575950137488 50.28754037909201 51.03705002235808 53.16219282441117 49.27838904844389 47.67480081887889 51.71101722205908 49.426535487578114 55.716922317666715 49.47813185449496 
49.71153373067995 48.00287213214723 52.84838549674293 45.77240016388254 50.94365829281027 47.59096913985504 48.77647814258958 53.453138218038895 47.89009767795231 51.9003677500975 50.705617369804756 51.394563187066574 53.963739612921415 49.46891534983013 51.249805782241616 48.30577698294048 53.62534580285477 51.31767200900796 47.65003675919883 49.2788080859273 47.41135767752603 52.93063356796346 46.94554759766959 51.550284754470944 53.2462209745454 52.4389731698397 47.75341859621245 44.217425395219976 47.399264985065294 50.028730879847274 51.75812901595748 49.539212524415234 50.17016962648115 49.509710479108676 45.92058777885199 49.43500399106026 52.33183400991557 48.070781808473136 49.750681706620725 47.47286214711547 51.41988079937429 52.552779947968105 50.05429707375153 51.7341695030467 53.130458846856 50.1931358804666 47.30960256217959 49.09424513221216 50.43688141369539 51.83440755402466 49.7303562268373 49.74585155966727 49.22436490444092 49.106129198547116 47.3382704844575 43.208079316048334 47.71569372960338 52.200193807550974 50.98414375820429 51.704049019266876 50.63285689667798 46.713011699862626 48.45719205963975 49.85544731975704 51.977144604878596 44.76290188160549 47.99606460251005 49.00753853702716 51.57096925306199 50.125180132198025 45.252173268157215 40.19848205779731 48.90564054676278 47.729483512711006 43.25887571745515 48.06143423583217 46.32061794238945 46.380430793945 51.19926927409153 53.37189382602949 41.53616238382412 48.42692712461601 52.16949938907426 46.267065927650236 42.254391800515265 48.660770648676916 50.470669558593 40.24698894822984 45.79720106673152 53.18763799878944 48.451175575752245 48.93095794983405 45.44248934269431 48.94192353876903 49.31168097831565 45.6409747961368 48.29866652057387 47.60734880015246 47.73480892943587 45.9037213886792 46.911461797562005 
47.74972723389868 46.808816922824704 48.623775101990994 43.25181613365039 48.24804855154826 45.26480283156036 46.20612132268103 49.783545167839314 46.49619150789417 48.757239016168306 47.73853995527657 48.722725327277935 50.753889509254854 47.32200785221691 46.53545996987754 45.64156687101605 50.83528109417743 48.98850487537578 45.98213407383182 48.42822041090175 44.82014154481472 50.387265332712765 45.37026764264822 47.95965225176718 50.683286233900624 49.71495375258745 47.858905711264974 42.40515858048973 46.54827904000601 47.821346469699755 49.55585199900779 47.81298690060887 46.51064839344802 47.01183046238855 44.782959452167 47.30324715365206 49.361692012946556 47.592847221978765 49.05488194971042 45.690208762014365 48.81826961410638 48.90763460121228 47.94482348518001 49.42224570672608 49.83201953243252 47.35413255381301 46.82706712728373 46.23469584338608 46.88477251161943 49.08655084739296 47.140890309844956 47.76412231843478 46.56440014703089 45.45114430603669 45.73782701019295 43.82114799615275 45.529315482393386 47.96723790372384 48.30456595938798 49.63648889576624 47.73923930717369 45.024209121724596 46.58194481305732 47.53204980159248 48.186519279804365 43.27537885330639 45.6348646688901 45.98247033448271 50.09510579329621 46.83338703187475 50.13392235701713 43.24589244428529 50.91332019277683 51.85984356918596 46.9416650201342 53.730214039049024 50.450016058626616 49.62500782829353 54.83942071079153 53.650563812576706 46.8414087288558 51.68351090813309 56.099198334195556 51.86760398707846 47.26319003956142 50.86163767024643 49.867010306961525 43.70867170622691 46.44355047207391 52.70282885270722 51.60491996476563 53.798715758881244 54.420878103953335 53.14829951352679 56.95868637521582 47.18589020880975 49.55779888486287 50.375741961696335 53.50710745106605 52.70537529249984 49.452018015439315 45.4732359892244 
48.78028165566235 48.198039481748225 52.29297458857578 46.560245288297395 50.714172701794254 46.86594171980393 47.310195069555185 52.55466815556429 47.371259722878605 51.644398673937204 49.644185186783275 50.57066316288231 51.93102053205776 49.653315937347244 49.87169470603048 47.50013689636185 53.71013996094716 50.06127311425584 47.765774629774654 49.06805883750988 46.85866181097412 51.730633185856526 47.264092365209535 51.523919618852005 51.69757748881668 51.29093507107445 47.81840557131284 44.25926973380531 46.956424492690985 49.33507959443708 50.254644520645606 48.67086373597501 49.509533874868254 48.70219277130815 46.925605679763386 49.31135704603771 51.40277594483293 48.296415334671686 48.49417559361524 46.532539077117924 50.47375809700345 51.589396748546406 49.757252769773665 51.477694172843584 51.60312011441345 50.03316376243109 47.209133356948534 49.32546462077909 49.596410288706004 51.49587589748075 49.71757236367996 50.073640230092366 48.86611413150029 48.49338195607477 45.74876734215295 43.38287699290029 47.14899247967318 51.09634365913842 49.53386135088465 50.81031936803135 50.2495046631079 46.77400708816171 47.32589312823563 49.95741229297875 51.8242446343518 45.6269031545501 47.6147120991613 48.252852824431066 52.36378604272191 49.21193474871193 49.783994927185255 46.087682244236305 52.19578261537957 54.25004210197419 48.17468295002159 54.086084537205835 52.742061359461985 52.104349848698796 56.66163615252498 54.80312473263012 48.50878516119828 52.63994236550637 56.08032025916102 50.205819248931626 49.92685213825002 52.51292637191453 52.19753829592033 48.633226358729885 48.2876199480746 56.70629889017031 53.527337448380294 53.97988816798949 52.53552674855408 52.454046353983635 55.03733306154085 50.53194746532965 52.55591235935113 51.75646161476932 55.40148658597914 53.11701173021768 50.88367396566893 47.26453967854791 50.4311080298629 
48.65792813588486 47.47621068023011 51.892309863039166 46.89797623244603 50.219296148206126 46.123996234698396 48.39440492475359 50.99408986410277 50.038172855428044 49.82940512771517 49.61575018095951 52.62050332139792 52.37061125836162 48.008785451951034 50.66933495536736 46.598378077795765 53.647912556410745 49.18400867105278 47.33607502989367 47.63140902230469 46.899198060552145 50.399623787380584 47.63998413783027 50.178530033799284 51.75962957572122 49.84752037454073 47.99994862402845 42.93474781360609 47.0873294526459 49.748926227268726 51.55800990177627 48.235967773980526 49.222790121670705 48.54906993065112 44.78234938623342 50.47833659463239 51.53976924650327 48.3733376217383 46.558125164301295 45.48152838989404 49.794156416634394 52.62271777205272 48.303425650179896 52.133567895850234 51.97436647027141 51.61774460883801 48.85679219401247 46.07635244752271 52.47213303352926 53.69335854348404 47.81403893099753 51.7286377528358 46.81772146604441 51.638627741477166 45.99110786946846 43.83071298921066 48.197719941169254 49.73983738883089 51.114435924336334 52.57928879575452 50.69182704431365 46.4800877145374 46.419105144506446 50.856767755005514 50.62044635278629 44.163300841640606 46.22073045938543 48.573936030947316 49.909013494146755 44.26005916658305 44.69250070637953 41.246046647399865 46.007014849354604 44.32027653764559 44.36235332072672 46.66529877773443 46.61792096751548 44.39667200919072 45.80170031472062 51.30562380405891 40.905162839784886 46.48330384435915 50.99505160081046 46.992642521324484 47.24775590101256 49.020097328153824 49.805980755101075 39.440282212712255 42.18160717859257 46.19580564790243 46.66578825061821 46.563744649422276 48.80721482996144 46.67337718618676 47.97266943410382 44.6229393398626 48.898319575608376 42.53036433934124 53.11528512883975 46.257742417672226 49.20959092567186 45.40859875567966 48.28812011254658 52.125146185827575 
41.67038595246606 40.73293056247488 43.942651748169624 40.359097570039516 43.19366888393176 40.16374797026298 41.77366873218275 45.08591353052245 42.03880056885882 43.93245640758499 42.50756391233793 45.05080664936271 45.35314025567191 41.92966182481022 43.28075028777083 40.937012151554924 46.15877852841927 42.77098573599233 40.49708533575464 41.83099761182292 39.80605834805117 44.00869625066336 40.90146237640368 44.63315602513616 45.35492604568997 43.14419029601746 40.57801298835686 37.35678159011738 40.376036802783204 43.421539801000456 44.32089990146772 41.40080082344361 42.833112939765904 41.16313223978082 38.927402586628965 42.892489479123626 44.48221373730364 41.8506141097951 41.47766597793944 40.11226738506678 42.960821788403166 44.71402432507476 42.52241387880549 44.624185225593706 44.17900356499237 43.96898791212824 41.253713859284346 40.56845790355252 43.86260404020637 44.969522676289 41.51178165900576 43.63765279564972 41.746064914658525 42.32353512370722 40.26707001210561 37.54274821607883 41.334563091747405 42.95712094741172 43.111494355140394 44.409373066162075 43.399463085471254 40.04170289033646 40.122231949750194 43.24688053713063 44.323544114089565 37.66182437981893 39.88478928667774 41.65263244515086 43.914065340392085 39.941619881229045 43.02855979668447 38.919391832459105 44.791737939131686 45.50040567578246 42.981983751027705 46.92788666377488 45.03131448767874 44.361998267362054 46.80275758618156 49.530891495532295 42.15469545065616 45.09346421169645 48.99047376779624 45.667123330039665 45.98397338993512 46.176950301756314 45.3923832848389 41.08284998810447 41.15309793941155 47.258378580390065 46.7095191035406 46.54178928466721 49.457226303696494 46.05041109456946 48.6452309018234 42.45330420994215 46.65172042885747 42.86072094891264 50.58748170882162 45.75017379895749 46.40637126352641 43.31092965669538 45.55248068042317 48.40115896101837 43.350849934451965 
48.00226293007328 47.68038097506237 49.55480451513511 44.55156245272041 49.48146894828265 46.4618685190474 47.953702841776156 50.70352499169296 47.13451269613683 49.181255069547895 48.314165089689084 49.73434223774249 51.72992009364937 48.33605355124424 49.1990984307594 46.67642231013025 51.49394625332021 48.718117591633 46.570111654051594 46.91409343597081 44.64358796837956 49.845069892295456 45.43569361453988 48.78573732759159 51.410544593367426 49.80359428875051 46.641366043594196 42.997945537489414 45.99146496141782 48.578624770742636 50.39029205270919 48.29886700625886 48.10832083388186 47.13514473977367 44.01198600307762 48.146604955275876 50.01402774444686 47.15020375791963 48.45220086564245 45.989867586794055 49.3748177635215 50.36147167902528 48.183154537676735 49.99254655816019 50.71526521030604 48.36644405583126 46.28529416831406 46.37401909779203 49.40098782184132 49.94847838414948 47.23484815586112 48.069973557721546 46.483695450286376 49.08336010489832 46.94822864319883 43.50210869235034 46.966785600331214 49.39460686418585 50.12171970045645 50.814517429472595 49.386020330601255 45.02412054735568 47.18794547441511 48.51521865172243 48.65517366043665 43.7132605262834 45.93015373728758 47.061273814096076 48.77493138881981 46.512830692751514 49.016571899743376 45.86286659337771 49.11984033820135 49.60910068337663 47.71341322687711 47.894477700620044 52.57332064675542 51.33444985474138 51.38370730896929 55.34098082501752 44.67764972232767 54.36234581880902 55.55067381486828 53.825250289452505 49.417497328037804 54.21647431102785 55.92559316125877 43.24337067713369 52.30665794866153 52.536867446845235 48.65749885767303 52.09668498358657 54.45655597406834 52.80874397614458 52.449042138261184 47.884944269147994 51.380698505236786 49.2521664639421 52.851548405828936 47.86517085913576 54.71832548197418 48.043242024367906 50.943578499136926 55.36402542746036 47.22849738308409 47.533053964046 
48.62879727036341 48.505500244851554 50.63079136704232 45.67723103967546 50.4024779690557 47.2204171131972 47.99477371079423 51.59199966934005 47.20346531611062 50.34462484633776 48.892750537372265 50.76988579188683 52.37189745187429 49.53517126934653 49.62348993523255 47.31603764861686 53.13402758273705 49.26260592461304 47.654555214896014 48.51056528439493 45.509065561462684 50.830570544151385 47.00346786235774 50.373267053955296 51.90703654084253 50.70989187791581 47.82860958160914 43.90208457434768 46.857549503840495 49.61711577774648 50.82030739019863 48.93504034087892 49.039552903625975 48.1127492138286 45.796075750248804 49.10545143317387 50.92002144816881 48.52236544376081 48.95202774438314 46.5126655561545 50.20839562973412 51.01828072766033 49.42274812411595 51.09769724497424 51.00784896531263 49.45762826297401 47.28169298432018 47.98130321633639 49.656588541014756 50.79195236839296 48.78555165193371 49.31887787512481 48.07929708152659 49.079901731675555 47.133117808369924 44.26832845168497 47.388317150891965 49.9860568820498 50.414724757122 51.203092464132105 50.110189184429316 46.230150505694645 47.861527941167395 49.44406787181871 50.06112870711619 45.0150830336765 46.880056263680515 47.72081710334419 50.948508065805996 47.584198945450275 48.773018159763026 45.71990490869328 49.441495386137426 50.73761724002397 48.3992811881614 49.486554463080225 52.782751153717506 50.7505256359883 52.41548370171676 53.693905936227175 45.558525005037446 53.72005467806424 55.80592048662403 52.82274240694844 48.644967220459804 52.4962320465346 53.58376455213756 44.34121344266484 49.38843559423223 51.728102398485525 49.400753844013636 52.19995377199821 53.710637672356285 52.587008663269415 52.79222589204371 47.63825284096397 51.16573907554422 49.44849586752642 53.412984398341685 49.16406333694612 51.596701230138315 47.32925861895845 49.389524145790304 53.19528712129143 48.25182633503463 47.19043830859221 49.39645941755293 
45.13985507246957 43.98572116422149 48.300280727548916 43.51199150742002 46.799246120649876 43.31096061026253 45.00852769286301 48.69491646494122 46.34579915626094 47.768541018113886 46.43464587872737 49.108768907939 49.27517477436289 45.41244129205426 47.19371412236759 44.06731847122028 49.96767732965745 46.598215799420174 44.34129094937899 44.873691765385175 43.534646909862765 48.56206090975846 44.45584391234032 47.962111683447304 49.337121626109024 47.11689112929557 45.67911677173693 39.79599200114811 44.44006623399281 47.2465853958371 48.73812658861358 45.00464479628097 46.21743456705695 45.379719254170794 41.864091204933835 46.66679938132794 48.488293274533504 45.278668700968595 44.66557224909951 43.08586539618174 47.16404843953159 49.05625809824937 46.09535553239245 48.45061821913106 48.51826669988617 48.314243357428076 45.882777487417464 43.47147428669455 48.75872318840764 50.195170039426124 45.34229395268645 48.31961354206694 44.71297378449457 46.85170644669352 43.41134965343325 40.95133117021805 44.8186051033569 46.59006867047872 47.102204754773894 48.29540585133464 46.98825575745339 42.997843724080646 43.865895760340386 47.688455970342886 47.79170955342009 40.54916663634049 43.45431427065121 44.876160731592776 47.70924334780117 42.265446948279916 42.59691100871627 38.61988717801329 44.23772400533309 43.80615902643669 43.144044646441856 46.85911039217317 44.91869006654475 43.219637910445805 46.279374034822595 50.02765545876846 40.863297989712784 44.96873899537191 49.40232220153856 45.373537228585455 45.410022074537245 45.917355347219356 46.202326942239885 39.35070637575021 38.13138992869041 45.79704971347764 46.29057615231726 45.47379740331543 48.03210629412794 44.819827683450605 48.737128686298824 42.008790369609535 47.13962749003977 40.77091630329684 51.24564057878188 45.9936460842581 46.95189058907632 42.872732595804706 45.16830036502422 48.57693524228913 41.10895672558933 40.97329856947798 47.43498080352894 46.746863308774756 
49.77287962566909 49.85326472743745 52.89984539944227 46.15170549578267 51.75424686303873 47.88085078221373 47.82086613033604 52.84887995761227 48.22464828508018 52.14770090169769 50.232588833002325 51.316421350994226 53.41611887427392 51.10293625512641 50.3185413257106 48.0115157306783 54.625636618063055 51.035723610492546 49.21001762459284 49.737801018133624 47.3309614846078 53.01884671008549 48.025603984132076 51.176984825508555 52.796652106160685 52.63439799166768 50.28433190867715 44.55752804479084 48.324228214932184 50.26214684074295 51.75708262713577 50.268244762231966 49.843900226459766 50.34260419729895 47.670794486029756 50.081638689750434 52.28395925807811 49.64427638241474 50.41812568233799 47.48386856135901 51.955991507126626 52.574034850402 50.78311020898346 52.02699954377907 52.66854621663919 50.36210564349019 48.65406989422462 49.940200629897106 50.468373452889374 52.265197284699354 50.61569735353372 50.54816468177038 48.92322237789336 49.55825209523868 46.96173125778252 45.0313632781355 47.612214172039295 51.631067336324755 51.28030219624808 52.13022279445272 50.73638407180921 46.94120098587125 49.30104455810758 50.77255157130164 51.84593596228918 46.539973673312545 48.62338128156868 48.659410410834035 53.51005197705064 50.009312976677286 49.458876832269986 45.8709517653892 50.181081382340544 52.53963682510812 47.86693850986716 52.11278108030066 53.35964075760094 51.48045450786776 55.12848827181849 53.510565125534185 45.79875909375793 53.92883013975735 56.7280823183848 51.06566899467355 48.07986001519134 51.948993165986195 52.9544003931844 45.091935485233115 47.75669555582148 53.8062007711045 50.91285469859575 53.63578664245315 52.16191582770303 51.80493976707779 54.53227389313765 48.891973051210144 51.24683751603532 50.675459827124754 54.031997619916815 51.91298569153815 50.936552641790584 46.197564286706466 47.91247068279545 50.992872474960855 49.58746236176683 47.49208316854174 51.99315038417839 50.12905771028033 46.65432665319347 
44.68238754073027 42.76044518926345 49.099870586353624 44.388632661927154 46.39928039744644 43.05089954250862 44.75716506784527 50.2907814748068 45.93640261766332 49.34067608720602 46.96357786989543 47.971326743136785 48.41717643994595 45.079277185027095 47.673303935212864 44.991995721913106 48.964137777529395 47.50329106894962 43.45131431886397 44.574274620013774 44.53046893813253 49.13568350440864 43.56446656843961 49.5738232863769 49.20838440687349 47.047405070562554 43.41852409110521 40.44602647011891 43.574873587226115 46.631991625714676 47.556569448300785 43.97260106367019 46.967009926275395 44.898728022421835 42.0927300876928 45.84206458022542 48.47363265297346 43.70833046519469 44.49254478852119 43.832718914788046 46.841008051349775 49.02334672028551 46.2295464821374 47.6543297614378 48.638719679152764 48.022831616618674 44.064336937204 44.777015716496884 47.96995960195102 49.29188296745449 45.472090243735764 47.430836261604746 45.812203914195244 45.095341586716565 42.42913329357695 39.02408564970757 44.51390759001403 48.01004177436048 45.17024023596769 46.66013881284396 46.59559682600346 42.91470752958009 42.88774894893624 47.2254646579439 49.797212457367955 40.162913969405544 43.885836782250934 45.43445801707695 47.87490035477649 45.23210231152987 46.34383040696914 41.59802910736045 50.81117901644254 51.53955773297926 45.35351911943606 54.68462953954591 47.0161604275221 49.381695492043754 54.68791603362303 56.68307622684867 48.261502731281354 46.96022557658925 51.650931366047516 45.58367629829168 51.229235118380466 49.894916637279216 48.362351424587494 49.06198322186675 43.56811947572773 58.224056835399175 55.00638097580922 51.032037531145285 50.93261814949997 48.14631888101523 54.452174356207976 48.632989291443295 52.23269745582095 47.49028146097271 55.27226666809509 52.28991048431501 51.574954520895965 46.02719201191743 51.925060043859744 50.318215172562596 50.62520379568967 45.62327685606728 57.246098511823014 55.557681083728724 45.55806871777097 53.256606374328975 
53.146869650306236 51.3291460354279 55.48777321153245 50.260713704978045 53.90141428219303 50.64683115092769 52.00233603092827 55.91293414863341 52.86443864005697 54.84784135873615 53.82478465797675 56.34550803853844 57.0151209597087 52.43141599996352 53.51649487869854 51.34925656534298 57.67590414040739 54.4545495439849 51.42461015452727 54.13392913283773 51.43843603245913 56.11322988340133 52.2032706478893 55.26462293515343 56.49722358141232 54.94703814041417 52.81151880926999 47.699769344176765 51.98020512942885 54.34592494857879 55.59676086525297 52.66802710284096 53.26706333743708 53.02152503620354 50.280685127534035 53.94036845903635 55.8739430068017 53.32053171814677 52.85862620053768 50.833589234306295 54.35218869702766 55.813620462605634 53.58670875140988 55.975303150721125 55.699161678071285 54.94518086698933 53.00353038269022 51.68742963597894 54.13529221773005 56.36601384627643 52.93278164100145 55.022662775836515 52.97541230456453 51.982506754821465 50.649287812354515 48.42886187042352 51.58582791494369 53.78697287972098 54.06289066106437 55.53240251499699 53.87676010552906 51.1791348857816 51.30241740303194 54.04484186146137 55.48018732041671 48.30218006026168 50.987786666526205 52.49189734216294 56.079278669477 51.24310701771626 49.57532959312253 42.8690215677315 52.71241855593871 51.527324588899816 48.55676216082793 55.77576961752592 48.9153110903286 47.83810442191333 54.196254032662104 55.1514406072729 47.390504003690374 49.408053025536546 56.07261479326253 50.00857783594089 48.0225689443517 49.977622788355134 49.06510530876437 44.59502668729745 43.08300319231683 52.55269372776775 53.93449636411289 52.82834981367874 52.41238525163968 52.424007925807295 55.885906696567545 47.96508294580339 51.7272442053136 49.41045894852032 55.64753567952011 53.40675916583766 47.858913971571646 45.6085573998544 46.510505475835615 50.89856680685683 48.12283267467323 45.80338381970025 54.733194878868 52.03560129219957 44.18995949760644 49.60116658225076 48.891560456442654 
37.557312787288346 38.17214135185161 41.0431626447607 36.80880524787126 40.92858979612803 37.2991885144898 38.00457550394585 42.305847466272205 37.739635609736865 41.93924299195698 39.023633034436195 39.38244845149393 41.04178080942699 40.15781261219521 40.46414066279182 37.86532984560852 42.05434870366442 39.44771294003793 37.897118806281824 36.41316219315502 35.968162115141624 40.924218434939554 36.26245453323757 41.02887600372203 41.99774756131715 40.79437239223515 37.96569175139912 34.58017892444407 37.20693383139674 39.58430246255422 40.69456668107449 38.493560614446 39.73733369640559 38.142453029836744 36.057425293219254 38.149279711527065 40.70376599817556 37.650654177704894 39.267409710793736 37.3447880164513 40.319653895808074 41.13273661783167 39.70788000552981 39.94712878366814 40.74380201698423 39.390638148889515 37.12483905307641 38.21862874021592 40.43934179986081 41.01811637331387 39.1715610439327 39.043454820684424 37.777357125356275 39.460359357114015 37.16291482868447 34.31988575122319 37.61224520289768 40.9606382583605 39.753250131429596 40.31656324006289 39.86166117776791 35.93381184780208 37.75986291159787 39.87240710275553 40.61564472512863 35.87715133956914 37.92271822758147 37.519713345978076 40.25968844761857 38.891914083591686 47.36218227436134 46.49443796140154 45.66825014875512 52.49536970017828 46.90138437638996 48.98985767284133 55.01098655838932 54.22114679061533 53.581594204197636 53.948594021423524 47.99299793255344 53.53483038702717 53.07844904474035 51.24740424154501 53.66897796963773 52.78312379388825 53.18080694552302 49.919878021025575 49.4599736143848 56.388799680346125 49.60949007968627 52.442159071597416 55.71054913703743 48.49887274220056 53.83342415729921 48.73159171700775 51.724412416464325 48.379237646712596 54.94618977112767 50.82608338339967 57.14533769704833 50.28861162809098 54.22362034694746 53.896310456523175 51.516070993839975 48.114036167904494 52.25140773136836 52.48748109899714 48.245910076265794 52.89366288510782 51.341964815569874 56.60996450902382 
44.68264299381746 43.54396596629492 45.61934449956646 41.25034147111122 46.03967450082072 42.58855289300619 44.373146588293324 46.053264237950295 44.58636819838786 45.57013000694303 44.94836211303278 46.338337740267555 47.939796125879894 43.933361509482786 44.484173974175846 42.55753390542679 48.14403279599473 45.681360523163995 43.1799645761178 44.78881958047648 42.772151582742424 46.30042778513152 43.13081098700115 44.81942125354841 47.97265341364431 46.93228563928789 45.307654522637826 40.49093600307203 44.753355789058126 45.56314974716227 47.45111272905388 45.17285696413667 44.25087078385134 44.6552101878944 42.266489749023144 44.42276788977254 46.59690916381329 45.51506730876402 46.22009892788149 43.38926734433243 45.546201415598944 46.20028270924324 44.714559293600644 46.55641845547466 46.509919237625695 44.866997033405184 45.17522667387931 42.26573592203754 44.79484115117316 46.77677782917305 44.09641797744996 45.20850162550482 43.26209497202069 43.54219852450478 44.03843208582179 42.287371948507314 43.36947233573671 44.91925157070272 46.64402676822953 47.77896376209823 44.95479426652735 43.42008894187153 43.63165778982461 44.5464449907417 44.82730177813602 41.739602798702265 43.37054255251727 43.51065248392313 45.599442438389076 43.17191048834073 50.982232940198436 44.47108293678291 48.94084883346027 52.64010231625519 48.165887095529136 53.548243869496204 52.855821701447915 50.63261543487078 53.53856242505859 54.092241616553544 48.58841744765392 51.34471847555678 55.87400581429981 53.117440706982656 50.41420420073626 51.293303557023876 50.284916392300076 45.654360717142865 46.17587999143842 53.17553911649708 51.2510804217629 54.49297196404835 56.670154879754136 51.8893178363058 57.29978685581628 48.30463036690947 50.65012618427028 50.349487172411465 55.636326174094904 54.327917957626624 52.40575574474535 48.51627996544138 47.21105546432893 53.261275350686134 48.670909352782644 46.70917723406434 52.36092895823201 51.19967318279078 45.58916414039652 50.41071137145945 53.62456141689747 48.99705276467358 53.39112271043973 
39.45652106868368 39.688234615748364 42.75312156953239 39.20617382693111 41.74815798564319 37.62372774865368 38.34649022569378 42.44000094158159 41.09019549887932 42.404482226328625 40.32791972267735 43.064416874027685 42.22319141193676 40.77510029908226 40.40100526638426 38.20435669052128 45.14089317279738 40.602999897925834 39.692601044291294 39.98417293005757 38.51617478222396 42.192292711492144 39.9767058883553 42.43794456407684 42.55574094464499 41.10814158405809 41.08594873988498 35.284084685661604 39.320994754375235 41.332490254464254 42.082655556407644 39.482028520820606 40.433554333927646 40.09729944695335 38.60369448627495 41.6287664299942 42.52973246448329 41.010671198157475 39.05490436828118 37.605161825191786 41.20368322365441 43.08695689432938 40.800241979807325 43.041869198939246 41.94036321313439 42.75748899315438 40.94196551536742 39.03661094097615 42.39001739049111 44.38312135402795 40.27499937146853 43.27779848045658 39.15290769246738 40.79903809675075 36.72520345851142 36.68961269291931 39.0791212847668 40.46174575211413 40.828012480243935 42.6946902154315 41.3455184091395 38.34832916913932 37.987107151290225 42.5294062944473 42.782328299572555 37.15261702149312 38.42297150102038 39.39987512064578 43.843689343437696 37.23434272105561 44.73796552129071 41.46043107095872 44.37177149137867 48.364138902511705 44.49298207412683 50.84913980918251 48.453080491523565 46.40794482521889 49.17145396867435 47.743183754137526 45.01082775772496 45.94205905088544 50.3740193298463 45.7563029254257 50.39031369644633 46.446486622134906 43.93061829976175 44.965434433022715 38.03281761546688 46.901163385635094 48.66785126834114 48.67052775498585 52.67392959272916 45.11939473340843 52.21241168438965 44.28457928777205 47.76047032989321 42.990409768485755 56.139763120737754 51.416649499985425 47.723034514152836 47.41585649291473 46.174685076364135 49.04064282467585 45.502106208047195 43.00475642393942 52.20024801064132 49.803705738060486 41.79138316635229 47.62952969546188 46.66581368613655 45.95950159854292 49.07770575671959 46.59163350053762 
47.6589608247801 47.121253360908256 52.0171321598093 46.38329986191178 49.87650357164853 46.0259008564528 47.32063744714386 52.10009224699588 48.28450679131967 50.91071906310508 49.187323471481896 50.96048560888947 51.60425601328297 48.73089818558834 50.70889586273102 46.99273713722272 52.68110162417792 49.15264644352922 46.9790134418178 46.43513472760747 45.9789954935099 50.98123746581988 46.22989600293577 50.877133692316725 51.452255025738545 49.7440521148326 46.691090350339664 42.455405494532336 45.70518208121971 49.02580700696709 50.42622962390803 47.459656778534935 49.294232088224014 47.861115439148215 44.309499643651996 49.23164635590291 51.05147354752624 46.62996786194848 46.49233759414277 45.375013098474234 49.920607455963356 52.22626074841484 48.61111830934802 50.842758584249594 51.666272464556236 50.60761960659164 46.66938450987477 47.24074762769238 51.6572238149627 52.3750836561964 48.0955951681173 50.24030537133824 47.084489456732 50.52766909513914 45.008846361040554 41.909269073581825 47.23260600140404 50.57094375231242 49.57282370030499 50.62986061571416 50.111731023806875 44.90204497277331 46.32872651340178 50.40131522704355 51.267348866390265 43.39599380059218 46.19939023263315 47.88247283305571 50.31415912584928 46.293242042371475 45.268016819603176 43.49452671491783 47.80162949916434 47.60701163841288 45.31370540420658 47.96649775059274 49.034953719971796 48.62105269250938 50.08321387942106 53.97466585043856 43.06873891730991 49.85369237216676 52.14163828283778 47.533882024573664 49.24501592991709 51.29476411292628 52.64897695290633 43.82791179769577 46.26588265303951 52.13796597973462 49.15275717050746 48.65960936864902 49.48835796205509 47.8507252713556 49.54813592149189 47.0595560371412 51.12519400991512 45.29080174239207 53.37279930626098 47.17919574809295 52.35077977019344 46.26298771865825 52.0206295458812 52.386111926504476 46.06977001902195 45.75722819839751 50.051705509580785 50.820478063209706 44.780705077943246 51.348944598197065 49.13204980532783 52.00172302256266 50.27366313741203 53.36751403370655 48.514546279608176 
47.94878863699569 46.23991554451527 48.289591455164896 44.48069187307622 48.3669133785817 46.32091731324648 47.709310170144214 50.77096024225466 46.70557015353808 49.4670493783365 48.162641965192606 50.216542787116055 51.88623058553987 47.38455710806032 47.6507645534995 46.938455675988635 51.18970520701117 49.366428717996165 45.92319865831065 49.40736583019585 45.38656127621924 50.667376624249286 46.50945641727256 49.94188927996196 51.8668249298296 49.8026445411586 47.08152536883105 43.52896828016232 47.05413304882422 49.45953735346249 50.46839623568884 47.83326980530128 47.95617602428192 46.9985085230647 45.08211173212882 47.68353541188546 50.09439692492179 48.34854745079608 49.74575571614875 47.01919354243062 48.92296755741886 49.16543235639374 48.807431875746914 49.865439626028575 49.56966190109297 48.316821404844006 47.20447463263808 46.50490654729376 47.23074283528894 49.023848955554215 47.47139194305245 48.02099897290226 48.512788927747934 44.9500768720681 47.537399946382514 44.36960619855159 46.55183340200343 48.148602361556236 48.58173176302882 49.65339015955634 48.14517259872466 46.18604155272395 46.890517968385346 47.55336005165203 49.22748806594777 43.16053459754808 45.93784198482948 46.88728334431079 50.06676759153089 47.42546727270751 49.514332589899986 41.938132526494385 51.59399024123892 52.02145763843881 48.315460326385505 54.59404277428347 48.99893106655576 48.65312711454287 54.26685053942591 54.942777691196426 48.28282458918331 50.21075481460201 55.57118102728849 52.09025526976215 47.317929467573556 49.472115823698516 48.0704171820151 44.68071323828418 45.226298717438425 53.012060134801104 52.87296250304236 53.50373733149614 55.02767930054108 53.63230453912867 56.91938604677294 46.285613498904205 50.20476027994681 50.3466607947901 53.19107304968619 52.22326986000197 48.02245673780076 45.03770335740197 44.80210875795786 50.434396970135246 49.073689209822874 44.867461919458165 52.43878584808029 50.30791674693154 44.638942229279834 49.08765576511886 49.28547744254255 45.42657641006704 54.3224789499181 47.215694294250284 46.44128863680488 52.36382614875771 
37.147894733163554 38.294704713074296 39.577487151556035 36.773225574100444 40.63077309110976 37.34330363064544 37.7902408844807 41.40532159289714 35.83181879873874 40.7091987400079 37.84707363775811 38.73932110713729 40.20726116573418 39.95944328723565 39.561091007571214 37.43913049608799 42.0297362140739 37.89152159203691 37.35081945331999 36.677984228683286 34.556744486182346 38.965997063051894 36.18955176625925 40.812022979531136 40.8692459387497 39.840355682059965 36.134951371933816 35.0971657126815 36.089317274469636 39.02040165672803 39.315696670397585 38.066580117920054 39.327198218890636 36.701181568931894 36.27695163220826 37.69001471599644 39.664248011256525 37.69102598931033 38.520351416515744 36.71611882908975 39.117213288865194 39.612533147296695 39.22405040744126 39.71408820681072 39.107295255388564 38.32796550486626 35.75801713247255 38.310175657568934 38.666644344773395 39.117601014320606 38.728476933899394 37.89339000135974 37.97675098108021 38.62551289012497 37.19406083138437 34.19349128047123 37.26769385333632 39.976251967964195 39.165454784736575 39.73992165593648 39.768893012336434 36.30263241210553 37.08122984320701 38.66307111604676 39.614093255394394 36.384533901225815 37.164208471484045 37.01841568304182 39.65493437688977 38.45301199756474 48.67548375569814 48.77063794648283 46.70147315177189 54.315129639522404 48.95685888511389 48.34712440286323 57.43984425857171 55.74225182088304 53.950275229112435 53.046656450498695 49.69502136848506 55.6722415793192 54.33301068174213 54.02228293599289 54.32927791826858 54.11444541348288 54.16602559607204 51.67910166774029 53.03077001779052 55.825693587005475 49.34616011810571 53.57587080965883 58.020614549949826 51.43936895811808 53.399471654292675 49.5099329864926 52.190358626661045 50.758362427608326 55.20267173894984 50.34855361085672 56.38562507865624 52.063066462397146 55.26080484551232 55.199168183422344 53.60083192898276 49.64702558131763 51.84486938060275 52.284362254726645 51.22478328330163 54.0752173020662 55.82350083153306 59.46203035677084 47.620427890884464 54.9087966541878 51.63797464054437 52.40720015762719 55.73313192897507 
45.51738973577384 45.27310133289057 48.034360668598495 43.49504975572967 47.455196303040935 43.91680543753671 45.33478762013298 48.62283360663432 45.40539037157578 47.477126253891484 46.22385411798805 47.80808822254207 48.81314099542279 46.15646523798624 47.12966740238509 44.33594964875113 49.80654060401022 46.31424698175304 44.54992324889017 44.6767605586972 42.984083281796096 47.54081488567994 43.804648047250375 47.35098439207965 48.802940758537 47.3182279193117 44.59680543262629 40.92048194424686 43.864154284471695 46.432238627906656 47.85210497766036 45.622786632442825 46.18592884057105 44.972661748215856 42.44074395726107 46.35321935430642 47.934242993517834 45.08269601351205 45.22709349090917 43.40483805563546 46.98877249719221 48.45569806033297 46.01481208785169 48.18491035056785 48.35241909041696 47.029005901191994 44.524657947812564 44.42670302668521 47.745038140011864 48.66931020736513 45.39141665214002 46.95525802974314 44.48430846688306 47.223100135603495 43.822784325720036 41.14805619573506 44.893933427631424 47.23710635187552 47.394246120993515 48.484225845802115 47.42042673314409 43.25928320286209 44.26097106630699 47.02244796610246 47.25135762632543 41.98341220565334 43.85317859146831 45.02316751116245 47.1937963553722 43.8324916922143 47.91661275295205 45.3535541108747 48.199533746775536 49.74204487533268 46.99540137545257 48.714991957957025 51.96002352620842 50.62619103379611 51.22631525625293 53.77250692740052 45.44597814883214 52.191266554620505 54.00165272015122 51.479463528376904 50.58810421281513 52.82997874106985 53.3990558210463 45.045257176277545 49.09063116923761 52.12572284073554 49.14579335646029 51.12408110984461 53.835490494477675 50.69988775733322 52.11053363756544 47.826775897578614 51.15074175168181 47.78344919651633 54.32693841698389 48.97947297546609 53.602087146203104 48.60938826550918 51.3799599466335 54.22692708230049 47.57705930572737 47.066431705416065 49.496961570473424 50.5942243248484 46.76602794211724 52.16807191948615 54.13098866962013 53.8095319944355 51.37026755192411 52.37455841859303 49.765283200360486 49.796604395035516 52.432633291684795 51.73689832954382 
37.33384539111944 37.03899460836801 39.19612446898066 35.06311798799314 38.92676805426178 36.29515289370201 37.4580167654641 41.322977551019264 37.648287297344986 40.363148114282446 38.25516782679444 39.22085402616164 40.97270092148338 38.45679517455042 38.667350391569094 37.255840877923866 40.50743867781302 39.40193780177419 36.49062071191663 36.87587947554281 35.24504055985956 40.70279500416174 35.41994009283647 39.667490956872804 41.622942819667735 39.49164380501588 37.039127301848254 33.20253329874935 36.42323150517054 38.83996981067963 40.23710890653151 37.654162008555474 38.24484952254481 37.09882907485496 34.47583179557227 37.60833434091011 39.94114809485327 37.03321173197009 39.28352522018712 36.96005868628541 39.35075779798358 40.10381690766152 38.7191753832302 39.130923067397575 40.20958433728188 38.397163225910234 36.48717213572976 36.71502158826867 38.99578881701804 39.63673153103792 37.294736274927935 37.91505882930408 37.09116637167742 37.24791030281315 36.706113916299614 33.69199442772389 36.76075680749783 39.25400185989556 38.63108269181279 39.52198067772461 38.497704187622205 34.744578586627185 37.00073463796746 38.5943644421823 39.63320649910772 33.321641360161266 36.25372934885022 36.90818767802695 39.56770756289064 37.75430753343903 43.75413836201042 39.608486258174814 44.07153862035657 46.97497798598889 42.265941498363446 46.97106369543657 46.68905315412704 47.52011478193092 49.069823716307916 51.0244660640969 42.78891301047444 47.74684197959674 49.47792048549307 47.03307693126197 47.258463833720064 47.691331112552774 47.17054530646059 42.256380843850195 44.52580684055713 50.822506300583576 46.901484160967186 48.5112720130615 51.69857923966226 46.30797059206019 51.15021482321349 42.98491002875129 46.57934000886543 44.28966864838437 49.82407101790679 46.51728440710622 50.47093660144163 43.859645931008494 45.99646690414354 48.84098814309188 45.33369236406139 42.01123859015297 46.81530151795694 47.34927132285346 42.619202026365606 47.58447949498012 45.84928341944905 48.202498417907094 45.80738756344508 47.236023498616674 43.978934302718336 45.91623322362176 45.85365349108079 47.37420258216843 46.84904072042795 
42.01176306459447 42.13301350322621 44.548138173156325 40.029994627185836 44.34775124462187 40.730937805725816 41.81458427332036 45.08159626835796 41.70571159321874 44.210063158612186 42.65409401732444 44.190621968719306 45.42798300487509 43.14286692920163 43.65662894232265 40.92449657376934 46.54938755728781 42.8340473819309 41.42683873665425 41.24474997617353 39.60432168647992 44.05728054168367 40.57103819052902 43.892458982215516 45.39197442545354 44.17884552543396 41.60999319017923 37.840605684073445 40.76100661707533 43.16154573043231 44.49379170586207 42.45878339209005 42.88160321112764 41.87723153135747 39.53878889199914 42.758469045211406 44.499554656846826 42.043292236039406 42.316078911611044 40.291629143954495 43.70168570097455 44.924253359139925 42.83772586576291 44.57538772037753 44.660153446819244 43.35774988168726 41.26316874181086 41.291709071813976 44.04044154081479 44.96155171528925 42.287684209128955 43.26800056920298 41.148859053712094 43.57145221459099 40.670448818162015 38.20131923615997 41.35807458447303 43.83731793073967 44.18016627211522 45.0744427686687 43.854543906822286 40.028741266651465 41.22589546506193 43.451479928160175 43.77317610508773 39.22448861112397 40.82818980569587 41.52270832338876 43.97984179884814 40.97834722983286 46.04149789592333 43.8120397702506 45.314556220655966 48.49939605913865 45.293497494373206 46.64259591914846 51.177119863586036 49.32702809753717 49.485908742472944 51.124159517145266 43.80109789445739 50.766015942202614 52.185189733516125 49.78967614046438 48.84875205681455 50.51393925283463 51.16546522104694 43.66410813977057 47.001533621842995 50.25751795668147 46.753813368696036 49.67991410550013 52.36109404281542 48.33630834509923 50.408150679785706 45.85919924688304 48.98803609245963 46.20170238861428 52.3630190227817 47.504434608906806 51.7814842009738 46.89815269854816 49.28116131562458 51.98514282750494 46.26375962683581 45.258577022566975 47.76652533954374 48.38673084488019 44.963334877833795 49.45796502024964 52.589813688443286 51.93662642091447 48.43005869894214 49.70437967303157 47.153558969810966 48.24006005571626 50.30547208206971 48.69792528224006 48.2967842011326 44.70333214070249 
45.25430032942694 45.49484814733692 47.58139402817922 44.74645842432258 46.93305052028071 43.218738546164396 43.84848355272792 47.606260793845784 44.78769450346699 46.5772319346647 45.17407338699545 48.935290037421126 47.67388905860752 46.02386315584882 45.47541566842099 43.43973930396703 51.43319490271908 44.80393991463907 44.64495156012944 46.57325437630971 42.62801361361479 46.2615713071992 45.68941462300697 48.20782068473614 47.140289861865895 45.75673957370865 44.29286149378654 40.840962572730156 43.18390388962688 46.36224871820801 46.33934534462986 44.66111003536668 45.69863951975221 44.15728076899173 43.93829102174516 47.57685219785119 47.52671847657808 46.423097173507635 43.02416019212007 41.87823835942596 45.822754793865755 47.76379583161539 45.87065565322832 49.33951780625237 46.723340234668704 47.978711945962864 44.88457843275235 44.963702296691466 46.750207600268986 48.73738987681512 45.46175629260368 48.43910967296287 45.287664292029795 46.3112855614833 41.86031974929808 41.216786119243125 44.504701398586164 45.369982779628316 46.03139310076937 48.11007635351444 47.54811584354896 44.20520789187957 42.71093180813249 47.37939905250433 47.851591171134615 42.433735206817445 42.72949153990116 44.91487528282315 49.345476691244635 41.7496375016377 45.683240189553764 43.08083980201722 47.51982148319215 48.35646062093534 46.4245882730589 49.53428689495809 48.73141436826705 45.865505244986544 48.69823917602966 47.236972538701735 44.70117113581116 47.636299996009306 52.06635758933988 47.979318353775135 48.39480670385224 48.00185271596626 45.87265613971377 43.95604742915355 41.80296776941271 44.65970125541877 48.29434089894265 48.4135631722792 52.24277858014057 49.377168553742294 49.838901073196034 44.67573392920449 48.26607608440458 44.96123079036228 55.19128470477228 48.78405484811377 44.51914508763683 47.213112869714195 46.18141970105747 49.87517544136229 45.61680027109509 44.045422640728354 50.253879433770265 48.469173521951056 44.00675269753823 48.29732975191245 51.67810459593039 47.404094545916685 52.63206853826915 48.84929552893674 43.204495729029546 49.551556531849705 47.22002714659843 52.17598135651418 49.38738634398206 46.288220265183604 47.494712659528034 
48.90382202848575 47.18967570621284 51.90545244782171 46.40223336820376 50.46086276298403 47.12847559198678 49.29767116105483 52.476742122923824 49.11525730625209 51.05646048030082 50.21863219012105 52.04595678132176 53.38306232763877 48.53138252681974 51.493943977489714 47.85333475492984 52.99857521572648 50.31763539877719 47.23126004539772 47.87434932573489 47.02281411699097 51.7003195221366 47.018140019398594 51.12947184724014 53.07799228424096 51.103503146920794 47.573228953545645 43.6942396911991 47.40687615677909 50.34290754428362 52.17342094992968 48.76847300898137 50.0442984302265 48.785413788291855 44.7209953853318 49.544857103176575 51.95457234861605 47.93269793211245 48.54594053961963 46.99458232906567 50.596892226959355 52.51761109533208 49.2459060311911 51.54404833549111 52.440736470918004 50.91519048234256 48.08463036736665 47.02742917222845 51.813401618870934 52.67327298698528 48.54884710022363 50.423458736986014 48.15728041073618 50.39588396908745 47.63127803047372 43.64656592484812 48.307728830589646 51.02572563720927 51.175186751005185 51.950109664499166 50.55911931322048 46.49172337011278 47.580503871012375 50.19495049735062 51.072944836285274 44.010508672268394 47.14511063661865 48.74006433098445 49.780339099156784 47.12662832253018 45.649486845512484 41.52119221059032 47.78226493099012 46.656954096531656 45.17666873968802 47.69231535077164 47.601513339123805 46.81014038085567 49.038071670834555 54.74789879449497 42.68706065918863 48.61339286195494 52.179566547114504 48.48161652289533 46.61844005035781 50.12543186970835 51.82292364588931 41.29524305113332 45.448616459462606 51.54934651871763 48.466390820276565 48.5452897649258 49.04075291935021 48.542440186137256 49.819983532313856 45.84721470133127 50.1506521474135 45.56693527722428 51.18773973255565 46.51203943212296 50.93444026723845 44.12625739373579 49.405109655431296 51.87647623756797 44.33780884711165 44.382688265847506 48.414439054990034 49.24349206114481 42.74590976763516 50.30225794375613 48.937999606369566 49.15777031613748 50.70055347821107 49.992929511403354 48.49922619316145 46.87103227190576 48.767642969352856 52.9417158314872 48.981221157703054 45.235056819586674 47.45759192405519 49.32410389973639 
40.64847789197609 40.11331439799923 43.16652508283334 40.2486446226119 42.9242786648818 39.53067885663896 41.449115496413384 43.69618912352304 41.919851369418524 42.799523187144246 41.574190026010164 45.238066936449464 44.70719660789819 41.278775655872366 43.16726604137591 39.81894007356553 46.075541328313975 41.17596609577944 40.1926880240931 40.38592534619292 38.82846621221498 42.54598804674503 40.87423856252916 43.819143476467005 44.66585060882644 42.13573911281768 40.612316843225365 36.490988401096686 40.07223819492618 43.35256561755405 44.284121306301834 40.72726132278228 42.36810729086067 40.56824469098975 38.00805664752501 42.66217220935466 43.86905786852877 41.72394765062243 39.95002413911525 38.90498903461312 42.176398674218966 44.357289253323515 41.65053465313741 44.34902141082442 43.153362354766585 44.13476183580414 41.64322667728475 38.878745622891834 44.52668009240108 45.43042199081708 40.78404266334126 43.95435563648549 40.49624733564275 43.37237475687608 39.98592475122617 37.60352645739787 41.172438537197806 41.69526956478898 43.37381530705057 44.47592347928368 43.142945329747576 39.62078970820745 39.370650076685926 43.20544109624849 42.99273509691734 37.36241822264816 39.04611710045783 40.82073977116674 42.5423797316202 37.05339966567732 41.251074420514335 38.85527250837777 41.13162687336361 42.483900962911534 43.14747370733056 43.39887355184154 45.60261683205487 42.593259627440226 42.698588766906354 47.30148110582424 40.241429611366094 44.27739450550345 47.678026162780625 45.91264719633311 46.23791762621294 45.10545842254875 45.20999181225772 39.160207195816504 38.38368413500086 42.40262373278413 43.284308127445904 43.90354197696888 49.25937560885352 43.63058788144307 45.930025196263394 40.47455742577392 45.972627210438596 39.19199004115195 50.873353832664314 43.655428507837456 46.59432876765167 44.36167423641733 46.15193374336652 49.64405800629709 39.98262099021803 40.41639502739219 45.04933673734892 45.31804312195365 38.29671625784847 47.14345128453931 48.08227420881277 46.32284682458842 46.046309314249726 45.02175313362629 41.62332266843001 44.25422907283044 45.785844116105736 47.40304284074779 44.87969733852946 41.88232809364303 42.79583376707155 42.8532719023427 42.39330749116384 
51.13382567907148 50.33380635465509 55.61764947093974 48.999906342247854 52.8501707210627 48.55611860343126 49.65741325102531 54.57069669630104 50.414788558292855 52.93808280891568 52.05532577157967 54.412294431836024 54.81077482320078 51.34524103020565 53.34776952440029 49.16938237384594 56.868193862669266 51.5675457396243 49.7654947179517 50.33118122033058 48.771915124685215 53.386770097145074 49.540885476220964 53.520194678711604 53.578051230602824 52.642564793746956 48.94859440747035 44.98393876731741 47.846551224751984 51.34999964707009 52.64875289473139 50.429366291997354 51.87524227546178 50.793504932645384 47.475060776806316 52.85622844587134 54.034416237909795 49.711641584979674 48.06952685408043 47.03776538620561 52.59155854791571 55.282428761736014 51.06959342637317 54.716718841292895 54.8229057351797 53.64648889341468 49.121827156175556 50.58334569097799 54.120937054098206 55.392374517243496 51.101797550908266 53.55993795323953 49.99584858041837 53.786690600385505 46.74942558218217 43.93678881242507 49.732685204188634 53.403178187761455 52.73139873864353 54.10195965509698 53.49813353291321 48.1545663667396 48.73811231512742 53.19758422371105 54.28543285117925 46.45890659534362 48.581620149482866 51.03790926943344 53.89407919224938 48.57932555362666 42.59388818475699 40.56365214410468 46.901990219245214 43.85238560464597 42.354552953162475 44.53782482491902 44.99866470825033 43.5777363708994 46.458976026334994 49.61373366159604 38.15453691438669 46.481920109384916 50.11471217331307 43.75534173619364 42.845322405271986 48.11168326088157 50.007008674425265 38.186940652708394 43.385651729911274 46.822616741721646 45.60566613922991 44.91766138561753 43.17479912563235 46.37968375514176 44.17389601406611 44.29818768435619 47.65684692973364 43.12945626678945 49.26325087396081 42.804651643138186 45.11128767870303 41.13049253134185 46.91777466035918 48.03907963140585 41.56684704953177 42.60162566915834 45.90508127212394 46.19822775346295 41.64698541305038 46.44688255685396 48.03319340651238 46.83007392604424 50.43341984252382 50.15255465418197 46.07364298333622 43.71031783641488 48.18367227446727 51.513441506325485 46.391102683147935 44.440617745365415 45.26622664131604 43.7569225488488 43.42513286543325 41.684430120919195 
40.97571121361089 40.23361038862548 45.592796712125484 41.730919536167946 43.37215457015414 38.60968816684114 39.83423022828367 44.23226771914226 41.48382991298324 43.55506039138554 42.087857547968056 44.90606774656344 43.451358776161065 41.27299989511925 42.97609322918655 39.36335396269168 47.6483745521114 41.28421808814644 40.17592089417746 41.46007242777771 40.35404015399558 42.32649911039477 41.43894698147364 44.95669696638551 42.99578609390382 42.17411924568428 39.30747658347002 37.026841376593985 39.08653092478609 42.007268765715686 42.16246105166927 40.08096474549624 42.624796385090534 40.879661379330535 40.00502942508826 43.47879064199349 44.063947657868404 41.4246827708521 37.76622046264509 37.80589753762372 41.73458333567783 44.8917103447046 41.40430977056617 45.34222942027821 43.52394541315293 44.707640579013784 40.62538650689889 41.11714677342091 43.791614113318886 45.86648072665405 41.70136890790496 44.94595120972406 41.16602454868452 42.98973120096143 36.7144219989502 35.706304751869375 40.50037256640381 42.869144971595745 41.96923445190974 44.19520976004314 43.67758396239139 40.643492296591866 37.728243764873184 43.64421499020122 45.40636395989397 38.81531033727537 39.420881117267136 41.755665432910774 44.7025538588991 38.684879343591064 41.719754510821744 39.19040806696377 44.5982190742377 46.25476978468177 41.42117548680021 47.704073101103596 44.391257818617056 42.861200499113394 46.50982548524307 45.6416806182946 42.27599938305191 41.512791052390234 46.9444732297354 40.48955657511282 46.27682835864838 44.44223537976338 42.240849695998044 43.47998126559469 37.46397393682581 46.48888012839857 47.11216688077629 44.91989113446523 45.475097408205656 43.14309944767684 45.639909146846755 43.96435729099939 46.23476125492103 42.10206732045415 52.517504849820185 46.96277972623578 42.2920589975401 43.33735073427799 46.36196708368416 45.73959830377059 44.04891270169737 41.39438102474999 51.28730834585857 48.91520339788262 41.48540776118391 46.99130254504124 42.083017970905885 44.49303980816502 48.57143053106668 47.975891186072246 40.19296869624238 45.50680496681424 45.99404846253652 50.39531689102935 48.364176171196235 43.70718647589763 46.525138895552466 41.585475080635035 46.07778844654918 41.877733729972384 41.21061854952423 
52.02852665124983 50.048881132656014 52.85810821031495 49.24305716545361 51.97652956068485 49.089104231633726 51.6819832983499 53.5447869948099 52.688182278016725 51.90582040387426 52.19054453419941 55.49412662858859 55.27585314913717 50.044442872459 51.887671720331106 49.76665895079026 55.668642031320054 52.395594607588535 49.543087622133015 52.50643354832003 49.46888661184266 53.26570685959585 50.693621987789605 52.88469584083804 54.83300015658786 52.253571438229805 50.52718902938916 46.248530296591554 50.2445076223847 52.74439590147169 54.25768518371901 51.094601903133 51.344613929263794 50.49482608837119 47.77411591630723 53.13477709615536 53.98560317493299 51.929478086154916 50.67255638682034 49.05203715032157 52.043721574654754 54.086389880872595 51.22553098067338 54.9541950867355 54.125572220297116 53.76884984155691 51.80721993708364 48.64305399798906 53.38277517428039 55.09750966682008 50.02574798685036 53.938471775350294 50.61268804785509 51.93993435426218 49.863273836983 47.66239244692916 51.101381586752545 51.33809764219956 53.075703432080495 54.97924170305634 52.96317473968798 49.92622169374199 49.19727139989788 52.695204463017504 52.82295856312327 46.265892560650045 48.482702666420145 51.27887467180372 52.91837398617357 47.260078955773906 49.13884517626965 42.3015881142956 51.69014520102742 48.248558671141176 47.805375477845644 52.83696895291952 47.18495560539468 46.107442804796854 50.12379248046992 54.560323369217336 45.78509366533655 48.35345866146227 54.78882793778063 51.356595140775326 48.83364390405903 50.94916024197516 49.56939503005205 41.8562402873969 44.64217490482312 48.580862645337774 51.70601764390257 50.92577259430943 54.25119483801357 52.87788617726141 54.047865451918405 46.40656839152869 50.75469897617921 47.10253417444489 55.686239513095806 50.657917502962924 48.933054553282474 47.261182976330005 46.86265620140715 53.79266990441965 44.59301147204169 44.97169287689318 50.43602817949101 50.71735026746952 43.84056195192277 51.895028227663694 52.63047977619889 47.289101996737294 57.40664727659743 49.13301217302884 47.39828167769564 50.94558483597671 46.927465100232745 58.83593469738536 51.06125243555038 47.51153530502494 50.196494473205334 45.97814350278228 47.828048981362215 43.81024039934888 45.225341437714015 46.232675815708475 
42.2590072689111 40.189903821174504 44.186225206652615 38.25662955945149 43.455798991806496 39.959115592773486 42.437464213120506 44.89367744922126 42.212740488678 44.00478314394188 43.43695968730986 42.47918764436842 45.548540463357654 40.910257802512874 43.245291730568255 40.76472011090216 44.16480011273766 44.45379801700882 39.80628789941678 40.83226990764501 40.942320090633054 44.596167905234125 38.61809752278988 42.264017432461245 45.97495884715879 45.09056367032047 41.01920654127138 37.95355941070247 41.51838319932698 42.12972725723675 44.780539011093076 42.50203308475758 42.159419240217446 42.14921709488502 38.513021274762075 40.92512529688914 44.228594424606705 40.79010848235768 44.09043753410316 41.53856901237859 43.34364895504008 44.259923068469966 41.83437194126839 43.127186253101335 45.433938396982974 41.585701508918255 40.89305823437372 40.023162792941136 42.55291385210883 43.83609952955587 41.23627689096392 41.34844508904541 40.3892230482002 41.135589237136976 41.415580140680575 37.84324277044449 40.77970113267746 44.45662416511778 43.87269133910153 44.78888233622769 42.35469521799962 40.01857815003979 41.04193227763793 41.543123653561935 43.02712183398551 38.36113852951198 41.33867249571776 41.49618608123471 41.621021261495905 43.113645376856766 49.732977824751025 42.798523320246524 49.280340566791914 52.257681345342924 44.34487576586239 52.01734448970705 50.3430539445144 51.61657323020878 54.557170587199586 57.23441865319219 47.218769360407876 50.298283844247145 53.58301329134224 50.04936611725363 49.34621021858075 52.46136501139537 52.41327176744992 45.727548530881194 50.14954728137601 59.710605955857964 51.68284954689211 53.96759205130629 53.010346939160364 50.29123992364512 55.853468392071726 49.624607505321066 50.48581389152549 51.20739233269919 52.09058388612058 52.142879251648736 55.34612037517306 45.760120059455424 49.50614986593166 52.2992761100859 49.52405881445878 46.51770160955731 51.61994359008352 52.417338323233636 47.05255774739374 51.970808911090586 48.17617147959665 51.139416611290876 50.894544640637555 49.91618851975318 49.80784973068528 50.57631176300704 49.04024635071553 53.39659468292088 51.70240945508541 45.0543715260102 49.7406838102224 52.95963645787791 48.11230330543059 47.50803105607067 48.72410598121831 47.61082731149938 51.325326328832126 
44.65513783961688 44.202081883860274 50.44234640288973 45.90852374766021 47.799872229082496 42.319783857378596 44.46789800589491 48.124259195711886 48.63693918617031 48.148630092091715 46.840021857415834 49.31219375256447 47.58131636515506 45.31463241625433 48.28557247122286 43.27800482715921 50.859219861995015 45.991578861682676 44.87917925984507 42.917038799293564 45.13514912215969 47.23909632441306 44.95413812500614 47.903909375403686 47.99052742309969 46.387472868953 45.81887495597653 39.99354549815855 44.41957286220382 46.50968462809291 48.1048072948626 44.367825966701005 46.71797092849403 46.03957077502558 42.61948019749407 47.76839523085366 48.6170801775691 45.03557782975707 41.96979548223545 42.06391301656359 46.66362011262592 50.54568359729193 45.16973293653803 49.035114229472924 48.92163128097861 49.91836222703719 46.715054344582995 43.18577518960897 51.23511536907248 52.63205292547376 45.24558723511426 50.37110542228196 43.05200957060864 50.04885988993779 41.112571863900264 40.6151922565731 45.352948681880136 47.26220164229953 47.354923631487786 49.33055593687686 47.809652493066665 43.54681086047189 42.29777881214896 49.3807308810079 48.95421786560272 42.261824156842174 43.880629614435485 45.714512698033126 47.34245516986565 40.737925574299936 47.35446593040817 46.13180145796485 47.02103942249817 49.70137209412122 47.04967353889706 52.20608527639536 51.98342111970138 50.09505618790764 50.40463555967565 54.006998106444954 47.177414774281594 48.25036757655151 52.309179828771825 47.32566954913829 57.059289328672904 52.491458356531005 51.590563851127236 48.99456566850747 42.43226533122063 52.416668812515965 51.939510078087395 50.14007472494427 53.673072360297226 45.56682807480936 52.715724923514735 50.278711911711085 53.822565654418305 44.15566857830676 61.63329352775026 53.85085507325986 56.5812658046852 53.22409602358387 56.72000753865904 56.47917968813049 47.25267708257409 48.225719909537595 56.46763376282132 56.56309097831815 45.652464858601846 56.12983875833851 49.759947074715136 54.54546922493871 52.24831768614023 54.80379589028584 46.17391942345015 49.882448573007565 57.181566860885 56.59231916969839 53.5323965572346 49.48228390067911 51.68027805149296 51.577182909566055 50.73675336627409 44.67289983052998 48.91299038109469 44.849097327132164 53.657579630579676 53.94538996612707 
39.135845258817305 39.014149958851036 43.38716938199373 39.35057533441353 42.5007798174444 37.76690629074497 39.502427584578435 42.27743700022837 40.36064655197615 41.90027206448418 40.50301166178812 42.42194889879226 42.36340804191812 40.0830033500564 42.42218875383345 38.04750746183487 44.887922005461306 39.798321212589066 38.87752677844447 37.71463675308288 38.44272090186065 40.379219029748235 38.77993671391665 41.97583607121525 42.28045858271915 41.27932230818908 38.41704843706457 35.836945351673826 38.30266942649518 40.67645441914324 41.81794819099793 39.390256827882986 41.27872252542895 39.81275087450349 37.50962439735856 40.89008141281762 42.310262260074 39.544875035128186 37.905125183936946 37.37239537585448 40.626296069664825 43.39410432431496 39.717511621630436 42.574813085917455 42.15137018227407 42.12522390959874 39.267863438562486 38.42649380989579 43.036509943296345 43.88806694221234 39.74592413970982 41.992887906824706 38.23820144824882 42.77468429768125 37.25764162751693 35.317880636705894 39.36759221960541 41.80434466125524 42.085812354027695 43.29741593542477 41.886483782529574 38.540716034192016 37.51563188689777 41.6106311651188 42.287282079250524 37.82227836498355 38.64279987108215 39.89872358859396 40.71960861413013 37.56828437328699 44.8652614347089 43.910215207354554 43.55392607228391 48.351161005250916 44.388043833998864 46.30369509434671 50.99763400927307 48.78758461392165 47.63737458000333 50.26533305312329 44.21761855775954 47.70044041061608 49.83589174542096 46.667137184562606 51.436718940585266 49.80744982669757 49.91813438783816 45.896824357644654 44.887269150781 50.837742826754486 46.78762961003784 48.38312459516498 50.9050812172482 44.834354047135044 48.177587780019536 47.11318780551394 49.62348885306445 44.71319090826267 54.40332751630091 48.18127394414533 52.51426663743639 48.58925678543652 52.9643064590292 52.69225565567379 46.308079441455796 45.62044148994726 50.46512325914452 51.0335202694688 45.2150285105828 51.724529941043365 49.8669543756799 53.44095649885967 47.355799015145465 51.26498699814988 46.296657150055275 47.639055052204704 53.31179642777237 48.807167405740344 49.30721194013024 45.572182337673205 46.8601252008177 49.030567196867885 47.80165339681763 42.64127847079589 46.07404969755904 44.12766506129424 52.50612811389731 49.62903985664936 47.00960658822337 
42.072856968573326 41.295319675451125 43.97860328148395 42.015659222102016 44.05237465878253 41.698067439389845 43.013246255953604 46.0959117151912 41.00134986226527 44.49935561298438 42.60795775637433 46.50234332690075 46.40828402239311 42.985731431513855 44.56454460410836 42.21345993076728 47.684307529935495 42.377872967845605 40.956263600043584 43.1692226119293 39.778295129030475 43.521941754024695 42.46885232709617 46.97652500670931 45.892130051055894 43.29908031980896 39.12056922055419 39.03821838342159 40.15957725338043 44.8544664368783 44.45607075757892 41.72796774384006 44.58091567925651 41.01151095432977 40.10478055781263 43.69913090706017 45.11497035290492 42.9284936233143 41.56407753111997 40.92822148185581 43.05741604709459 44.899610634325576 43.61913880751762 45.59772263495995 43.595858589927076 44.78639732227429 40.79562344587137 42.07820218141195 43.79935314049776 44.381470051699445 42.478052573920095 43.76105735410659 44.08578991007339 42.54504366998749 41.71232170057164 37.86062084604882 42.30453212866816 43.46151382536689 43.68310911084023 44.634519621704385 44.54329268813834 41.60031621850379 40.57038891841379 43.29780850976919 45.549386950944395 38.776901593698625 40.28652516369127 42.72536525294705 44.625370664282485 40.97544697524507 41.99743637247532 39.2594962941389 44.979798156769235 45.83190916903954 44.687874723195264 45.23328147231871 45.25866167170007 43.89652120143932 45.48662723298212 48.48333875176655 42.5789928681615 45.159644118828595 48.66144359096453 46.26009958662849 45.009476621844414 45.21667644280445 44.6999122630671 41.98221677089215 42.18925205321695 45.95333821783165 45.991552990787355 45.72406919063423 49.088335409585 47.17953440834809 45.8497326473094 41.648856782949785 46.82201491809396 43.568983354799975 49.21279206572969 43.15948855771439 43.40368711031456 42.88952838508244 46.67298342324123 48.068533256209584 44.5681133349992 41.30294070113782 47.307775595062665 46.498548910658315 42.05251631207006 47.697659140348605 46.279650420100616 46.62573922220445 47.68204093131161 47.848232514030244 44.52951871644072 46.007790274091064 44.72126548790026 47.46267218417929 47.11564444139286 42.503368479812664 45.074316755999966 43.64215466033589 44.53484376411511 40.38108073493767 42.37621736525272 41.292316933297 46.285331468188986 47.838135950512054 50.762961142703745 45.57364416223118 
51.27405548357465 51.556518644255114 54.975566490324844 50.92800312088051 53.744438637839764 48.93163736959807 49.86110118045526 53.08083283887788 51.57647759083638 52.37202581189285 51.52123447760283 55.57462354494554 54.10477488752575 51.91820685241742 52.628147438781525 48.75269335302622 58.38832795125167 50.52454759543938 50.9892391305883 51.44582613459094 49.3452966353496 51.82784780857428 51.9447857961691 53.6180401356451 52.96713432739155 52.1357139553689 50.82761094474869 46.481526350190464 49.41030363588536 52.31501871875428 52.868223437373125 50.920867716105455 52.0571067416321 51.23957388052317 49.799235812672386 54.10182511606529 53.989333887062024 52.46493857675532 47.97655251862561 47.249278537425404 52.065299643138076 54.97915553453067 51.3612877695222 55.761747042847134 53.42488439751687 54.69080554341877 51.56695938076227 50.41800202202175 54.34583498295541 56.19719259429649 51.54999399101379 55.25245186842784 50.17688641358463 54.495559952679585 47.3186801856207 46.99169388884605 50.610851025801644 51.9086930613595 53.46582306576235 55.35380830733444 53.98549641694623 50.33274765493994 48.66617143880221 53.96836746228976 53.94434513382386 49.12748247753184 49.05438929978977 51.33441486053575 54.716478035773626 46.78298606053182 49.02053679039696 47.72733300163233 49.63674230804543 50.62359481297874 49.94608870729736 51.2282266206409 53.51460883707344 49.09141337049364 50.23734855342843 50.74514291899476 46.32898709323477 51.18409157301281 55.62418768115075 50.80989567401244 52.29439558720023 52.207368618667054 51.73787990369974 46.204987335640624 45.06673881612025 47.37284065878726 50.27761205102842 51.09336753776154 53.66784859195251 50.99080927705063 51.05001676459308 49.24862923629555 52.616454673149455 47.49814848008394 59.40227548718085 51.73147613133077 49.69742034250708 51.407896584937305 52.01348317879702 55.00164196653346 47.28368262699942 48.4153074986081 53.277341451554555 52.16782212182262 46.98941906776886 52.163973779733325 57.305552333181645 52.401560750263535 56.09106361224693 52.943229260543674 47.4095664095858 52.1706455776955 53.721380633753775 56.3550779168258 52.65487464412651 51.19961850100653 50.57034477508365 46.217248461053764 51.92340877858898 45.08291216440779 46.26963756032693 45.8918392148354 50.51724633768384 57.332555182073676 52.534893962441274 50.65837929973904 48.43131749534811 
42.05540655526104 42.94117528584015 46.52474532274629 42.557686203288725 45.487457736240195 40.72289074225281 41.888364108043305 45.376264895088816 43.77668348433952 44.971145593955775 43.25219009702052 45.994104469070265 45.157053357145685 43.992552126585785 45.18274798406832 40.945813875600535 48.4186238768054 42.44040430243558 42.64318518178665 40.64469747173517 40.61103827728909 43.87425799797852 42.149043593334426 45.10489393230366 45.1584085643748 43.77867290255994 42.53570867453098 37.891011743516756 41.021905289191075 43.87647347635696 44.92282356105737 42.33042896727797 43.96267076496346 42.65177607588704 40.27299818202115 44.730360884603705 45.379616131221766 42.71613583968066 40.192954672359484 39.50094563560781 44.07888118374681 46.83138548646241 43.057172103271824 46.116517961821394 45.33383463154678 45.97235037077801 42.755038295308935 41.517816301384194 47.157521294263766 47.964942848769105 42.93474989793686 46.18826307224487 40.91109497139647 47.09379627214625 39.52087008234432 38.39225515533761 42.49924667819294 44.33494549828996 44.985981807924254 46.33925002550252 45.390652539335164 40.659032526263076 40.67523592696886 45.9172922038027 45.26993000320692 40.27672830391299 41.09100770143833 42.505568664075625 44.94166151417074 38.907646942775315 45.25575638731388 46.00752116752698 43.94134615516121 47.58356954131893 46.30119938503634 46.15830090987066 52.694864223973106 49.47453851823973 47.52097065652975 50.08162740853764 43.91465538344837 50.21678962377727 51.47253866093582 48.75132189940948 53.25974331324452 51.44002698538164 51.92204647957322 45.70884044171671 44.91528365396342 47.96489931105419 46.64312077956131 48.190285881290755 52.90999000830656 45.95359732762485 48.73953450903902 46.97707065841259 50.84811668357161 43.35465424608802 56.91473710249814 48.2907327806009 53.96880566205168 51.11124468903442 54.01060221370367 54.86951663409684 45.54459414579886 46.71819471205636 49.85804633939983 50.85593571544984 45.248801255086285 52.42609199778728 54.07715710153568 55.3157976818478 48.67186627707403 52.8545810657824 46.610845444994986 47.978324675314504 55.73464087602166 49.66099312661936 49.14044406572833 46.9882305066411 46.8760373790802 48.086949360141475 48.94343730309328 41.905529262389926 45.80535753295864 46.08331603928498 52.40646364149548 53.679573917099866 47.10966900497495 45.14059595628947 47.15902681029996 49.12368709365802 
58.083026426476266 56.74908824437053 62.04341225321788 57.4353658640829 59.83964517008241 55.43564683970341 57.50247982228137 60.23375295206651 58.40564143739381 58.63278179970108 58.71791506376963 63.503493218172856 62.028278869063236 57.244790536874184 60.653930196649576 55.63792302140924 64.98333030032428 57.34150806567134 56.52942724055252 57.85193078187859 56.262982741459986 58.482857004473715 58.32011251469548 60.8173235046869 60.207790022059065 58.52622681721507 55.44336544682962 52.47431444033202 55.21899888316165 59.250915816002774 60.03088580302469 57.037811249212176 59.338979337860245 57.62432701641495 54.73989037775781 60.981644555489105 61.177378960912165 58.123867814539835 53.534474936836666 53.63602273432292 58.48603753011146 62.41090053740407 57.43258161501831 62.744006860437615 60.828815080694795 62.02162216710636 57.49108713726832 56.175227872577544 61.91977923305764 63.23449483458774 57.400279875354315 61.904129582364334 57.10741794098655 61.72267512725692 54.21873192648422 51.95620442528927 57.592739302598815 58.989741283994384 60.58329325447286 62.28076579169434 60.925655889255935 56.78725766003988 54.70500706947411 60.33095196587239 61.114894287030985 53.939178687608994 54.927628812772824 58.72935520750737 59.97314034499907 52.67701956418893 47.75007670582161 45.45943597906387 51.54042756371462 47.66242366525246 49.42566750810014 49.81711392186335 49.44918037642414 45.99010971735762 47.846548215194964 53.451193006926054 43.7523925268464 48.93001499183093 54.86022483151503 49.32130796614156 49.23642261326207 51.883027117406705 52.93600778875395 42.69158817471663 45.28021559838586 47.316821308626515 50.36693267528201 48.86473800214129 49.45101104756715 51.2370427233263 47.78623290467845 48.65284582679751 53.19972806940943 46.60164588054123 56.843411153305006 48.1176498386888 48.06999442638553 48.252683225797895 52.72037463129147 55.165582349303286 44.53950633097473 47.28717802202118 51.754278981715586 51.87430594165788 45.430056050897825 53.096020888458284 55.07304616755214 50.9803195961632 57.94073806023151 54.07258152827752 50.06684596011517 49.832539422431175 53.12597394857863 58.96813773592264 52.01372895376355 51.3225000817828 50.93432558126666 47.490621014252234 48.33152337352552 44.2516805326098 42.79775212286409 45.72437307420485 47.804061341632426 55.79044271570803 52.21060155222785 50.69938981827384 46.72146531619793 48.81852534601527 49.93435582076779 
43.598909746807514 43.04819846702872 46.04518159466593 40.899415990638055 45.61319704704627 42.38050725763024 43.720563074294375 47.08597539981249 42.79376361997823 45.872490986371965 44.42535072216152 45.49481969832761 47.56416916754436 44.298006207032586 45.58230045765234 42.784553680071795 47.51501474958578 44.83585271456328 42.41164413834837 42.632760281709224 41.17231416021927 45.98919860445873 41.44797797432069 45.48164601063059 47.39725501997989 46.045324991925405 42.302766288772595 39.27551737283385 42.03130637889731 44.65020126075069 46.20102923793962 43.97399868924784 44.5914482154342 43.3748902677604 40.39281440179141 43.74040647530913 46.137092795853235 42.90362989238974 44.357469087581855 42.23952939032922 45.34453124613013 46.45255162342341 44.33181035485101 45.67897623810446 46.53067482593161 44.40425131055771 42.0517866691959 42.78837997691951 45.230291353395245 45.87369405461255 43.62386928643909 43.905430158729985 42.92981566434949 44.4601364106247 42.66997668868705 39.01498407762193 42.72621095945734 45.87071204071205 45.72459023406701 46.308685084575146 45.116038852931545 41.2365812788815 42.954698868294884 44.33883937353163 45.39399539361367 40.012059287079325 42.375862400361726 43.160562956141106 44.88695945530247 43.51867268318005 45.86054297357715 42.7666816022772 46.27192569993092 48.29660283213498 44.71871029279949 46.40562574696723 49.877395194893126 49.10019153591709 49.898301083810665 52.91776319287439 43.16029045142676 50.61647796727418 52.12450012960126 49.40892840120577 47.10237662678038 50.54110000931379 51.970599057832146 42.69961603237598 48.32873729960379 52.315083619113295 47.13490314579216 49.719520014147115 50.73148115539103 48.79035514985434 50.021298089594744 45.90298851683679 49.043929074519355 47.08080603207444 50.242993987621425 46.33124534797142 51.69276975949659 44.816311790850285 49.1131677446791 51.337322644351744 46.33969642908218 44.89895687208008 47.21344990928436 48.195572666042146 44.92580738017151 49.296295578191376 50.84955619043606 51.34935668001221 48.36625459974044 49.95869029500796 48.64685800476481 47.4757617827363 49.40950884406976 48.96402462062358 48.21297582308668 44.05051558190484 46.086882070727576 48.88427275639698 46.11753429830859 43.43280710760965 44.45257693958644 46.85159616762981 50.0925839122197 47.910901600783994 52.75364246763057 47.15088457713519 44.33583917943691 52.163467992801586 48.269479719624556 50.881289264156905 
63.8101801716388 62.57749221871848 68.83656422867907 61.29148557537489 65.62276101503589 61.12252545837455 61.520158651151895 67.16774301934079 61.80910859198986 65.73455858604896 64.59915814733685 67.34988353497575 68.05699253136731 63.95396964627947 65.7782800725561 61.5081658830071 70.54932448571904 64.24760970394018 62.31795833479698 64.07149565743286 62.06185551095322 66.17958230830688 62.91171323310972 66.70130221735279 65.95972823126282 65.87914112310098 61.428969127195245 57.85660487375605 60.53260120941643 64.09599806821394 64.93780708385454 63.088850825154616 64.8089897827862 64.21841796434788 61.22375266840025 65.38960801921557 66.98936973418706 62.94397249571291 60.7775628513033 59.70309459681524 65.24153108076561 67.91066626338194 63.97135500083319 67.46318085775904 67.1079085784865 66.07940581913117 61.56987528665045 64.20449999181893 65.50115938786901 67.41020358352417 64.4380923427808 65.84741173999402 63.5843456280626 64.78166215484414 58.815167720121764 56.09901453926842 61.530552763338115 66.15733031667858 65.26517620084334 66.50866396627084 65.65770029997519 61.45244686984317 61.40684011315962 65.10803683172257 67.82169405002557 59.688518425759874 61.5968407790278 63.90806220802749 67.71566388520608 62.671493622490765 52.05237904003488 48.8191018556992 57.67915595729792 54.87810483206167 52.017878435654694 56.20329075186828 53.51590946261859 51.60079720022167 57.194998127241284 57.97226930701048 47.6322711201476 54.40543340968271 60.115137496714866 50.9447999748986 49.06851976401368 54.901763878431105 56.73594348756674 47.4029608507875 50.076155319044574 56.81583600318389 56.22285727663674 55.024895916310285 49.369107579271386 55.723393941966094 53.298607492419386 53.883770663913126 56.5597916524326 54.39594209515486 57.467098122452 53.37870389556411 49.45441735579199 47.28576013467505 53.44142344518336 53.70685932807483 52.08166473118855 51.22983835858678 57.86181784779701 55.29683600596847 50.28174435980383 52.38596693300992 54.146015920339494 51.22253393562098 61.030792445234646 57.42006555410912 53.19163737058828 53.79807622499395 53.48667236913842 62.81267756924207 57.483736648843376 54.22442554361385 55.717516040615145 51.717732019397495 52.84923660328975 52.32326350241423 45.90776118569323 47.27225160853772 54.414373749546385 57.17397581126964 59.517019056623504 56.40602602138891 50.17263097856783 54.793451538672194 58.16268992846867 51.41331912442605 54.36095182595396 
59.811972905651466 58.756922742952675 66.45873224150512 60.15558023264166 62.73828230100647 56.84253233511824 58.62042000559476 62.73151846373076 59.103669299070695 60.95886660668632 60.9863994841199 64.66773014497602 63.197619717667436 59.4090007206764 64.05600752028789 57.04504349555823 68.06210628036442 58.529542041439676 58.27091201767441 58.381559886828086 58.37467542540553 59.47593040603724 59.50747589105774 63.238526415595565 60.77875244652808 60.651009336829595 55.04742121969826 54.352792435708835 55.27764187068856 59.722084236673396 60.31717026417424 58.457511469008274 61.90500012949149 59.499136968620405 56.81291285555735 63.05412405778319 63.107084077071576 58.380270380341656 52.70262350274066 53.945460646501324 60.20113979099544 65.22762045770709 58.65285302998743 65.10092140988343 63.455302734797115 64.07345005446513 57.276258971840015 59.470730772780435 64.43462845849383 65.59511848010922 59.92567643336954 63.89790093715113 58.562308104540406 65.70376235493542 53.76039860481491 51.0534354374249 59.064186824905626 62.85592117147568 62.455769510713246 64.23981334351826 63.88758754478946 58.60288375155205 55.46669226955049 62.52778900475464 64.24923221522798 56.905066265965885 57.05321056938938 61.18726552785349 61.737466580596305 55.440795371518206 47.244373734876014 48.2072300916241 52.52894177378047 48.80644782786468 48.3171168627512 47.4380634954141 51.22272386224054 47.915532620733686 48.73322836044746 53.54361037625442 42.846342253714354 49.900178278570124 54.27065905399622 46.7034311718671 49.331492077403546 54.372895370718716 56.9955858241439 45.04555649453026 49.708027712828304 51.189289346407584 50.065185255870965 48.16716416288114 44.67358322017326 50.42538082004969 43.372826252332615 52.36436705790133 54.76890736484643 48.42488083740786 56.21968453636356 46.28310705447537 49.025450053111285 48.23615391240994 58.009072453154246 55.308247671108525 46.706612483403426 49.943724404718694 52.89015147157587 53.71788331955273 49.31256060521236 55.052090895084966 55.1903244219822 56.01753382145099 57.48562953495314 60.05098548066884 54.448526886829306 48.80571421364883 59.392170407903535 57.6255571601045 52.74315118096967 53.7681105434876 51.967221652221895 50.19040336950616 49.59058978670632 47.851226917404354 40.8251596299063 45.07735310412872 53.3251793836707 57.16170371920942 52.608300734106024 49.5743909557418 48.10810974993444 50.30732870307986 49.5588465882038 44.78561479249012 51.18762241444103 49.90970206551781 
45.91558924133994 44.033559699165004 51.9656650981806 47.575859022966085 48.45483752284889 43.46162988089785 46.440367827734086 50.19644303137333 49.6038461911922 49.41580324554507 48.515389031813974 51.43303871135143 49.41656965749542 45.48561979053894 50.52223604489711 44.96844066902171 52.0330538087439 47.302382331500866 45.04281437419061 44.35983011022761 46.52539700029175 48.47753059807467 46.05136282799388 50.38184320874319 49.56482894159251 47.22920645706695 44.770076120025074 41.02411222222327 44.69671508160951 47.96890728713543 49.265870491608446 44.82234470968507 48.63856139109736 46.547670473710916 42.782842155919695 49.12337211539418 50.19268642551481 45.322808367744386 42.03778975174341 43.07545742665222 47.488324609335926 52.08468251674563 46.118104764609505 50.641481460844986 50.46761002570651 51.802194974501425 46.954595391986864 44.19859309446749 52.7931048414745 53.94206478973801 46.06533915987874 51.68623204345616 45.22761780627761 51.15855291127987 42.35407386581018 40.16500550192828 46.90435124699801 48.926721693070256 48.20129869947997 50.22738131842577 49.388666939321695 44.9083138270484 42.62476494321168 50.36655859742384 51.04665426191251 42.03465411713699 44.447613152402646 47.566912374600676 47.81500892489821 41.72545361606348 43.15311452696849 41.11445829011238 46.34966782298704 45.29498997524138 43.62943653898874 49.05268753273143 45.30339966803473 44.782887447792504 46.582399856712534 53.03822959951407 43.4892308839338 42.83369167684373 48.2454516363985 42.55447207541488 51.88808381301517 48.88942922428779 48.33558434542822 44.976725226956006 39.282490344397395 50.386215778817615 50.11368278413435 45.3947132896919 47.41737599320116 43.109664708119226 47.47915083685788 47.019193639701314 51.38318158531649 40.87558642253051 56.779224109097136 48.430688897890796 51.223699882690475 47.65712380256694 54.45523481770472 52.734264620048414 43.5355423046047 44.33495111450292 53.78083361135553 54.19251123661101 42.0346785746659 54.44100189500783 42.98652548806201 50.19291603460732 50.684422260254095 53.467461049429595 45.18578678718513 45.45769636586637 53.26672998077019 55.45295377430117 50.772707128604644 46.70826658386711 49.83741848402353 49.40524051014204 45.66096009637239 42.12224924392458 43.75530987130108 40.465900277329894 49.19759345642049 49.72512920559614 41.58867795484948 44.605576244408326 45.937368576459576 50.8992978619961 46.01048839372639 47.02681590241756 49.45937867265885 53.814692261234626 45.767123960491155 
49.476489060780615 48.90228791736106 52.76517900158551 48.36587487893584 51.5278519505901 47.821877402089285 48.843276995216065 53.08211057008619 48.83092579646146 52.01478737170405 50.31861389221886 52.160691482916484 52.68732920293578 50.15277397407397 51.224244311632766 48.485039893160085 54.63447578894176 50.32398641431332 48.40602228853648 49.554373279028006 47.744545258882255 51.47105455322981 48.535707793152376 52.63388271468315 52.368568756039245 51.2680128674912 47.63359849988782 45.4607802421045 47.50176492471456 50.46035669058623 51.09334933542364 49.1714636687233 50.78470211712477 49.10575929342604 47.51228142267754 50.63186345633495 52.18937561630897 49.27637798248022 48.54442409894719 47.38838886229579 50.71250223212197 52.5879638903881 50.247375420576304 52.53511809056416 52.037913708170926 51.427157095263404 48.04892773651081 49.572538865607186 51.11339323492226 52.43588463072032 49.908141408503106 51.17174049137425 49.62300352075265 50.234406489582604 46.9027319647549 44.37747369857096 48.63457781497081 51.57417378520309 50.658725043968 52.04026214596329 51.45607124378615 48.02304582981553 47.61786944740155 50.909144953320926 52.74345283864994 46.48068741886059 48.04335056454601 49.60090499022535 52.31291960862066 48.955289108454345 51.220047735021076 48.20946886732164 53.43837115003221 55.248566400798026 50.46829305924823 54.84294732900102 54.27228010314659 53.63590337443853 56.32700079360539 56.69350695403529 50.396049430823155 53.722781114101444 57.069712577330336 52.34665376997797 53.61634715695325 54.74220137576051 54.12954113918235 50.79733796272538 50.916630321867224 57.38238666634935 54.950433722049524 55.096957947162565 55.5778758750652 54.01168231606231 55.51044333044898 52.23131237237008 54.84787949149225 52.719941857711824 58.20729742525764 53.94357210852055 53.67233753053857 50.91455066445321 54.57181451911327 55.22243073666371 53.41353248873896 50.43913411242602 56.772378380176754 55.82041028605422 51.14148368417755 55.13687962054998 53.27978294506565 54.992684245376466 55.91013211744558 56.532030840496525 51.93365186009666 54.06990144640581 54.37761125873614 56.8111267640482 55.85052173484165 50.90091806682077 53.86046848828143 52.36340501885612 53.85200740775947 50.87793131901123 50.216579905574065 48.269502916530826 55.711301013759225 54.92579342985138 57.414984129304166 53.63479927395244 49.73997093306722 56.91290719380388 55.51935509536231 56.30764486064591 53.31215862941505 57.64177398855357 55.971352518819344 53.34648391576508 
49.50442198253847 48.79811053122846 53.158017897175526 48.647276319595605 51.51149044612723 47.77335140109283 49.011085601681565 53.473854143075116 50.846416427581495 52.87582773428514 50.9313646656703 53.25320487051598 53.11414141703879 50.414009304125194 51.47210830119909 48.687098882062784 54.656358301633425 51.16279781804301 49.17428811528665 49.51175245813212 48.29557175230471 53.20446690711535 49.17385902082423 52.95950293577683 53.514725510863386 51.602889472794786 50.41802914160492 44.64466919729243 48.983132914741624 51.61603470873381 52.75458193190138 49.37462526895782 50.82448316119662 49.93186765128081 47.19067984627288 51.24654804058474 52.94604800755939 49.89482488509603 49.08039307752213 47.63973575145452 51.70109738487993 53.52927588251087 50.895852824598784 52.969520306319545 52.84121106012547 52.944484372377104 50.373853808468226 48.74033126959964 53.0907873080742 54.76383377300509 50.304157592081324 53.10167057404537 49.496579060811996 51.10048783097416 47.294520987202105 45.50102843702486 49.23625052520974 51.29602476947662 50.99158462917903 52.43052354458317 51.531517136961234 47.67412330698877 48.20098920736478 52.5355512286898 52.90783210651425 45.6928156840144 48.29177508071028 49.395886842991786 53.09143594475951 47.41294153239214 49.93467695283133 46.451250538446374 51.431368816764845 52.71808991883552 50.24404869679026 55.53767283494305 52.94563741899896 51.63580345433464 55.07811176813651 56.50077583891732 49.669645263958856 52.13595885085966 56.34501478632821 51.77517674986899 54.25425582888573 53.019626292233724 52.24031691269508 49.21771817255287 44.84841995031594 54.335717775629995 54.633148685459346 53.43649352947083 56.117558528928 51.52580629170554 57.069597666333735 50.01049840419978 54.51865491768919 48.47967361205549 59.84177193275526 55.008353724635036 54.325244727873546 51.15752484982425 52.95807404435409 55.12167021209372 50.37085722847305 48.70807818536981 56.92448857968355 55.345341874485065 46.57331779206504 54.17125645142725 51.23487624032932 51.85508986939317 54.87995949284943 53.59722338466044 47.88944179356741 52.79433294239349 52.409413908004396 58.02061143562594 55.12175046281559 49.94016590247049 53.067769688090976 51.187074972294326 51.8431880718202 47.02431007225512 50.33591012041105 47.378171232993786 53.021667994321376 54.71157758350316 52.46926241020297 52.50326981062455 49.88165174043853 54.96762167732081 53.04137783453048 54.899204636707815 53.3696916694651 58.184689060172964 58.20938717624365 49.293491574891895 58.04343568374022 
49.29160056826616 49.82045513349269 53.45859727926857 50.09560389782732 52.89051760648428 48.011804023064904 48.785254762335825 51.939683376493136 47.975418168466035 51.0596671666826 49.679180261341735 53.18477437218353 52.19840310094775 50.68987027380554 52.05120436772336 47.56197816639308 57.07242422944252 48.04997058730019 49.06923963043642 49.30060017190328 47.28389082268651 48.895817680045255 50.07424360299813 53.044906231989366 50.97601464180604 50.73919358216355 46.86637449139667 46.24915671456005 46.90618040905262 50.566539816730184 50.327199811658225 49.17480465280825 51.472157365518214 48.95998628096193 48.73220320182806 51.77516006170966 52.06707917161461 50.328679743701656 45.9115622934672 45.819017090708 49.96435787760819 52.79893665352918 49.823431574592234 53.894148359896114 51.003913700845146 52.39108468175386 48.17861976630505 49.87318724556652 51.86597652163031 53.18613546906464 50.50735018548495 52.408073207575946 49.486787508196855 52.89160652088895 46.2645991189694 44.59016104253209 49.085221639285166 51.26939159679381 51.84506725908585 53.25892553580514 52.85067010822925 49.549345982508946 46.8196723663643 51.43485625368057 52.56839224221985 48.89845806344404 47.94548432342814 49.95221181128039 52.183407105529206 46.80755211513542 49.92130629127575 50.85827674063253 50.37901303691832 53.93298441584326 51.6916900034096 49.99458651087918 57.333471931900036 52.692273586020484 52.02313285669365 51.86902558064563 48.9473101524725 53.82062093906729 56.220779678097 52.50768996415471 53.87784200710532 54.45194246248896 54.78174457760332 50.77350321097408 50.54593070182184 51.76332061366158 50.67936788296822 52.56480443236774 54.23268529491283 52.61385636085469 49.76918464852688 52.07458155741479 54.57184869175883 51.1013888283999 58.95089706282504 51.13654353738288 51.52091703625903 53.08218974882366 57.053770323900125 56.52537153170433 51.86294771870702 51.36098428847626 54.939141823134506 54.09217673408199 51.581097414736355 55.12475296392033 59.175118340078456 58.087754493131456 54.85581086454693 57.2228783153096 52.38121775536972 53.86870062694715 58.03680900063344 53.26131819622744 54.299974344052046 53.314413154478146 51.81512828215465 50.1363483283859 54.247924108366334 48.19755057652127 48.70654382134313 48.13264449320926 57.11412888418216 58.857341915159544 56.331912373641366 50.78952682733332 48.77987710767795 52.25493034825517 50.69143449784063 52.675321012072544 52.71652179522385 57.509504114096764 49.936335078694725 53.87242658670176 58.007535331715786 59.12021035599719 
40.87645897770712 40.90243102849412 41.470666291114014 38.06539537580165 42.550169729468685 39.58684433080665 40.59308201947666 42.808434800978524 39.0020412634185 41.66544708569129 40.52420309288825 42.24202025734404 43.87005541935579 41.317816594794266 40.90289167712916 39.3865647860964 44.86838027393714 40.933935338578586 39.53724246485114 41.187019256838994 37.61933705768597 41.48443702801938 39.2971881499475 41.917383113996216 43.51328706641819 42.50760033922805 39.29717400533907 37.37397176126827 39.26585532266301 41.47475451428159 42.359507562332176 41.26847222887883 40.92345993919113 39.725620151034896 38.79925569329731 40.85975468086581 42.37627583997511 41.37730474923592 41.78174892787096 39.291204647988025 41.44426769124098 41.94993880971477 41.241701715133296 42.92180435004555 42.03815738952767 40.59388994353654 39.26565344818488 40.003623019224385 40.243627367261254 41.40823100546478 40.484209056461225 40.475881447921196 40.283567001699346 40.15390929549845 40.12199291935817 37.63914054889772 39.66616351466792 41.450818483705845 42.47011580333121 43.45567157118927 41.96921969334203 39.4949768198297 39.810472605869315 40.486503407955105 41.3778479643465 38.42265710138215 39.15756316765493 39.91632520696195 42.27215873930103 40.22734371272053 47.368161096727206 43.54668770974293 46.35210172601958 50.033712418509026 45.82591129883527 47.313402142193205 51.2417795569982 49.23391195919529 50.000800625834565 49.85302652444449 44.99293061058903 50.96147892273615 52.93907675744526 51.4087400261462 47.28527657251753 49.908275072899954 49.444573526355974 43.510511384004914 48.635420072662754 49.64436857500899 46.72538373115656 51.11736854048678 53.999683703372824 50.9314571338111 51.22885166315744 45.39576425246238 47.66466466224287 48.73330875500569 51.064455046119974 47.72608291770608 48.904911937544526 46.18124970411445 46.33113252074977 50.95182053758987 47.36107886227158 44.86471354156103 46.910975133571306 47.03949961043219 46.18466005375338 48.246096904740504 54.32168783554784 50.567154284603824 49.6982340456109 47.74054459063097 47.2483486399956 50.129957958279974 47.29331221921433 48.094814851928746 48.20962160212505 44.37130153468242 45.72900765672162 45.41270083868662 48.44171338023956 43.68406174966494 45.807359146587984 46.56035634011294 48.459035198905276 49.14564553123855 55.819996573020134 48.49639530354983 43.688959665725 50.15964307154363 49.148458535189874 51.32415920011948 45.84649937893749 55.09238659076968 53.65532829144288 54.321022069459694 53.170100877111494 54.30977470351816 51.22233727017042 
62.50183730701153 60.036543395212455 68.23843346605608 62.34549190383112 64.20022418677428 59.233215572297155 60.93909584510506 65.79596381460767 61.402384720483205 64.02369128774986 63.707334764597164 67.55560003056576 66.10546997490442 61.164768260691346 65.39255588367149 60.01026897078031 70.15269305355135 62.11219992167793 60.21100612448965 63.10066999050435 61.61477704199197 63.39186672381513 62.626202778731376 66.82015138909875 63.98193436437466 63.414410350397745 57.99011770609087 57.03128146384715 58.61011805128181 62.91570316404429 63.044811907205926 60.649512325867015 64.27202214162143 62.00045938267465 59.92550637839538 65.20315928195386 65.89408122538349 61.549643462797754 56.52021871121146 57.397280015770654 62.67795238890227 67.00199326840519 61.82745864947759 67.54417979065872 65.5824761639625 66.59504750370625 60.4044726224714 62.28726324754621 65.29063754256613 67.51290166460271 62.7064035683018 66.39743654238364 62.87594635977869 64.7075125198823 56.66275479424368 53.895959141115746 61.20537907321509 64.71488068502454 63.569220083385815 65.68778289047039 65.41038123755938 61.734392385825714 57.901253295710774 64.40380935975722 67.51661490912215 58.425553964032346 59.588105578365656 63.62916469986345 65.58928952765996 59.12813239281885 48.91460899756883 45.71141620832162 56.79302676182022 51.8445640913645 49.62701151551145 54.69003165837771 48.59776222514285 46.79462409533872 53.08010203170179 55.414212365622774 46.69848658665839 47.74809031052964 55.7185681587744 46.148668533948204 48.09238623771089 51.9419303555259 52.17486417446144 46.91982597389646 45.39284448278709 53.725302376579236 55.424085670195666 50.591901539064736 45.59624408217177 52.73257445249144 48.662439754003046 52.375777365016184 55.14181759643652 50.74763015164698 57.18407352579847 50.96929206047983 44.72451820191626 46.033812646449434 53.729661685612044 52.02157192585843 49.37519451325532 48.81753848408079 58.40255868391127 55.758058427752374 48.07839488379279 53.73902865148334 48.809024922961115 48.94970673249176 60.940368083751686 57.39025378309008 51.32531336251681 51.532629584794755 52.505153597149736 62.943977614094976 56.44895866516954 53.98727275851357 55.62857419627691 49.1463703105786 50.69049646204487 50.281442000483416 43.2389750862398 41.83376698000904 51.142220643372816 55.72220916433151 54.779055636951895 53.82939347573935 47.32893237401195 52.49328849544 56.468883713425775 47.04971062735063 54.16850046948079 46.691231218817045 43.74196561923971 46.216256913467156 55.00248275434945 55.60348244574513 54.65369007457037 55.63114560694693 
42.06436342767884 41.09790900346344 45.92334640390928 40.75630679917109 44.0137906711859 40.104153117944456 41.34091679221527 46.14938484250079 41.61238844206122 45.01339162396442 43.33567018144414 44.40992915708655 45.135898749070314 42.515861039050165 44.0598428817092 41.055081307851026 46.878802889688544 43.31886850261996 40.820903018289094 41.75744370683005 40.41207006302789 44.750827689282225 40.51350205777703 45.25174345070328 45.15964482428741 44.154714736714304 40.35320497091384 37.55951766860957 40.02388484700689 42.78123870114729 43.76704986450706 41.61990792339191 43.24895315802397 41.650092338323155 39.558527679102575 43.01257146735368 44.88464767034849 41.117762793311854 40.88665464432278 39.692621118097854 43.570859650282436 45.41083182587844 42.75006170840837 45.11556087230832 45.28485327865349 44.15011685514562 40.5437748751086 42.05767329163804 44.14337650117788 45.66093431070181 42.625073875781595 44.053621959902785 42.016905299638914 43.09040664244004 39.1127821500822 36.29900821599962 41.16832198271607 44.6870102536712 42.97850359963327 44.42516099337955 44.12004451250367 40.178843090455665 40.048297891162086 43.81163272660778 45.40970691140968 38.509357538900645 40.67128674578867 42.01002782048007 44.77591062307995 41.52903817181337 42.81743994135805 39.69382169649957 45.72871429859626 46.70617958116978 41.49806411176114 46.79018650297364 45.54040440668567 45.461499568114384 48.99405593090389 49.55616975670184 42.07670436266649 45.35645151668939 48.63106622432061 43.48426505585993 45.1023224839607 47.04107769636211 46.73961031256802 42.65662757640214 42.49617684670334 50.59860437705299 47.22600718009428 46.46730722540696 46.194586710904936 45.46823818395796 47.57016677691423 44.479504971829556 46.978193763397755 44.12389633303563 49.74380542029748 45.7755614538726 46.289973922268814 42.08950804275274 46.74884732693084 46.74540460857059 45.05572589554382 42.307413281392606 48.89762309106089 48.08586499740764 42.45755264124312 47.389474366369264 43.53820370998668 46.75323785809677 47.48868687572773 48.97017257546792 44.23203036446152 45.19679147654282 46.54215626167857 49.031787113659774 47.653395488871354 42.82765285044616 45.99424436246036 44.98215543667519 44.99147269644474 42.924708763609544 41.55603868010442 39.860990756092015 47.678856528529316 46.12528711168064 48.424632740978105 45.507319818941845 42.12123808653698 49.57864650551705 47.50025451831797 48.33167291500095 45.148144944168024 49.41768847542296 47.20219063645835 43.51240050892427 49.50413340552309 49.31592324659425 50.54471593779687 46.160693962330676 45.94760193987941 
57.11438940946184 54.78014868531377 59.80993130573845 56.64936242840384 57.55675626681354 53.985589507924765 56.0978625338308 59.38895286242515 57.46204821398081 57.804847382131975 57.60780321906613 62.49838117665444 60.2885037784276 55.361071942715405 57.79180497530548 54.83452912487779 63.28499226936545 56.88258718936396 54.92838879783671 59.00392303096833 55.5141626271314 58.23155086869117 57.84594438791451 60.65545618496355 59.260702669829726 57.018417020328705 54.764986248964206 51.65906089923345 54.777444833892346 58.48523082523229 58.60772411955486 55.36848792898519 57.670114718209156 55.767115108996016 54.39503677391939 59.77604042725218 59.913187284804266 57.72073560477239 53.128694068205334 53.0289994887201 56.91368418282794 60.13251824053633 56.76985510474339 61.819851085085084 59.007647723814834 61.080697099939925 57.122420360324334 55.217020539989356 59.194829652274386 61.74387582990977 56.34607857199014 61.32864496971387 57.52669513855737 57.518479136158035 53.121368162736225 51.546606158468116 56.405377351611655 56.75190215292972 57.526651485200894 60.0494095923817 59.12988689232514 56.444119408522106 52.95100357438238 58.9900737797271 60.38970667192651 52.074330657556814 53.505648160289404 57.33761837521556 60.2313775212429 51.720557634942665 48.80793342765324 42.90641046772646 54.66181530952467 50.00153529052696 49.81288036096834 56.24121517783357 46.53818790782085 44.56482560755227 51.3137203212101 53.415366258389476 47.85185742370694 45.99732031903055 55.033335653357696 48.54064576258298 49.14813759410315 49.37372742942285 46.819653626257114 45.1087668461359 40.406938842802745 48.03144706070035 54.842220823622625 50.30165669051526 51.67612055588807 52.982432088794965 52.831097311168136 47.908805480046865 52.5785333439594 47.44596219873376 58.60329744006056 52.57704519155126 43.71089262289768 47.389005899907595 48.18286366070439 52.02406204541622 46.65207424231674 45.706390521133116 56.4340823921871 53.58280103561235 44.202047059117554 52.426622845934276 49.14150407640793 44.797139893737004 60.608294615741904 51.36787420582796 45.940180733855364 52.329380900401155 46.77158971259546 62.6758135319599 54.59559859251551 50.976479685750405 53.76373480953087 44.602668866185 49.95583970858746 45.91558884023887 45.14876288518091 41.67462943191896 44.61964291546704 54.71448516224136 53.18517869672196 54.201356228845825 45.860231448669495 49.7991751865606 55.110742280032994 46.74469221017683 53.83473623320636 50.09489376793486 50.86502470041649 46.858029389922436 54.98201391264611 51.953473269592344 56.26305753026944 52.244911069363766 43.4503991180891 46.60217210971202 
41.52431626638456 41.44051032882494 45.92218896346879 41.94154903116914 44.35230757422396 40.62095554984305 41.92871459601155 46.64341919731647 42.36880960094244 45.55015356253173 43.2320332609198 45.08952915599958 45.06097595617196 43.33735015690327 45.22760461909436 41.688053696570655 46.90560294610749 42.85450560088686 41.323127505816345 40.47463711037535 39.952154264095135 44.55664082813509 40.767829752418955 46.11535707257481 45.51261119571754 43.49250314202725 40.22425633778926 37.52351850377479 39.77066391454297 43.551830220326174 44.25606895536141 41.347617197403835 44.064245295315494 41.36412922874287 39.007231405632275 43.48712522299766 45.059512749735276 40.9275373295853 40.3191385864283 39.78731468368441 43.77617876294137 46.10024414612167 43.09720178814562 45.14347659047696 45.180181480976124 45.16149603770271 40.67519124931163 41.81400242692368 46.00352001781412 46.47597595385286 42.553286374642916 44.694597961658715 41.92701374942235 45.02848484392758 39.55890031219751 36.4150392777881 42.01842507564753 44.80526238747089 43.31059834140431 44.46614747784299 44.770662018720586 39.68343338116143 40.16398376348549 44.88944592693156 45.743963238662566 38.28534383831658 40.53724054374953 42.178375855985905 44.40853604242697 40.43267684607728 43.43413097185046 43.15286150309898 45.42790851990407 47.230045827293495 44.4979299753884 46.123712226756304 48.991993904026295 48.61790107184957 48.76179049147761 51.94508580810344 43.761033046496166 48.611191472018284 49.748616059093024 46.658892125541676 50.58022936177639 50.27141840318234 50.70105133824678 45.76794710082024 45.482108841544445 51.2709766910038 47.87496755303154 47.130574176030514 50.30228489627403 46.133412972449115 48.117807238528606 45.93436339600002 50.21797758689918 43.62048442913888 53.278391172689815 45.98762955304586 52.1758783402015 47.30065789225831 53.2269148112927 52.016803900116024 46.613090905584755 45.120581203053725 49.877832940658564 50.78137948489357 44.907637569994186 52.24551008026127 47.62962386204938 53.57941870208106 47.19166495916736 53.775079151485535 47.647510933336015 46.097855204799565 53.13054289996611 48.55161688088591 48.829511867949456 44.76995073072701 47.14787849765789 48.974735209592545 47.03368295703196 43.22728806132866 44.46927837975606 44.26255680257104 52.23874211429167 50.28381734296875 48.157530741931865 45.46676708356301 44.56262112830713 52.13220652799484 45.881340779147706 50.86102861402614 46.776786155394284 55.9147371590682 48.74605544159696 43.863294046967646 53.078781783310525 52.15539748979102 51.861220520620506 49.3542748839844 52.59453937168851 44.05054867310742 53.491203944839484 
10.116820540597123 10.95236254341515 10.488589760279002 11.368668133525903 13.254663930682694 10.015879019731294 11.923424249597051 13.055677444931066 11.819321323520791 13.57088305750064 10.922934318858802 10.13631728733969 10.768700774650776 11.602070546916337 10.752856720711968 10.69038787847321 12.591972196457299 11.673913958996959 10.04099737984312 9.855953966315816 9.420532294703426 10.649002296284868 9.23927530911676 12.62007258619802 13.632047339196854 12.129173010786968 10.23390070267419 10.577024330929046 11.52796827110346 11.73300819214637 12.214993105457507 11.073079643515376 11.636195604363703 9.283114940642227 10.860359893496929 9.921040308477597 11.66261720025056 11.919401538576086 13.708319428350302 12.062805379197478 10.706173398734098 10.94284022216605 11.659411602791629 11.663948998048754 10.857733700030483 10.526277122506634 10.79377887682871 9.864105239458214 10.439819245252986 11.406237360491764 10.555524982372386 10.657895761161733 10.295656898529126 9.618617799387168 11.691403078926756 10.852995597526407 11.305043621139271 11.782536644477496 11.122103908011924 12.863834281061978 11.687375782978926 11.379686685303092 9.305513684113933 11.021608465130416 11.614253534732601 11.368927126653286 11.169706699985147 10.206449297869108 10.887725881339339 11.98342704026476 42.62332819202841 39.25354712652714 35.834933299348165 50.41528023305669 38.367119995253965 45.66362582502864 49.438087874439006 50.3124832745985 47.90917013473505 44.060659472014414 48.73011730047752 43.41980891222607 43.01399863724233 45.4451369496254 54.26573040520247 45.14126636007284 39.0545908292219 50.77029882020295 43.13161898418115 52.08159235753056 44.379893309373294 48.91023070690194 58.910449198768895 40.98070925212279 52.751716590171654 42.398550576214696 42.415003781968544 43.30751409611617 51.97066862059214 50.12475508500826 52.87783055283684 49.62484031032346 47.13780335212754 48.118481121831245 49.42565369699964 41.08655872412126 48.780962429641 49.21089393762346 45.23247271960938 50.26586457144298 42.500525013233265 52.487708486125875 37.12113331262882 44.131805213758064 38.78112419510462 47.995649832780025 46.69914520610596 36.80725775497403 45.760674449388176 36.50607996969058 42.352934303232175 45.14079959208238 49.12563773164332 41.07079040486463 52.144803321832114 40.00249399053425 51.65426797950353 40.89189648109957 44.54438568602982 39.18131400738827 41.55899759972736 52.29317549673129 43.01735406775259 59.3522583594268 43.7820097224303 64.63282278860473 61.517670051023835 45.322746937211086 48.856079213496606 49.03972584919668 50.134983514756094 40.76297177243178 62.42510227409988 41.27160306803857 56.281805940004425 41.3139500475485 
10.488777049459168 10.946674752258774 11.662640198586466 11.189199274818636 13.57417965282324 9.961460445924551 12.055526630928522 13.600564387986772 12.331495245754228 14.017351278783432 11.636547823980262 10.327645097834594 11.337871294899891 11.63836974951744 11.553419414878658 10.780818321540554 12.827521467312602 12.336684009384015 10.16825466035406 9.550110784440305 9.98803879787533 11.444265439513561 8.954657706938383 12.597505846542889 14.029063674856872 12.783294291452837 10.49852657052408 10.21737129914311 11.597849089724475 11.654675780812912 12.663960623991796 11.351244361306474 11.88346586832409 9.947889464643847 10.509937056614685 10.156925543798542 12.196397161989115 11.469894705600728 13.618171026244054 11.98832913207655 11.31577494354268 11.853188883704894 11.6714977913099 11.938622242115402 12.006445202037344 10.9028327603568 10.864027619063494 10.005586509160139 11.344581136635536 12.297577064101606 10.809569530106254 11.04155208788255 10.053943640011163 10.53788020237969 11.413695282385541 10.231421944418772 11.383439812675935 12.728729720472938 11.658264828003398 13.326719238721758 12.024728318108306 11.115407455047466 9.551515707595707 11.494910178196742 12.097690924478243 11.142107515181161 11.485146492669024 10.570715400204223 10.919875986137857 12.351631308977286 40.18743015431114 36.782397995142084 34.10636761073288 47.386727387408946 35.27829533084793 42.97563074377394 46.5337249124126 47.792773952224586 45.76662809059447 43.019313438268355 45.13506876340941 41.1155602017571 40.794701047200796 42.19326476509045 51.04261527314598 43.4987509907436 38.43615095511489 47.34411131174478 41.32525672954746 51.012123708081255 42.14189903467722 46.21327569876847 54.375267071806135 38.213655150591464 49.7140541585189 40.809674333890804 40.5599219492293 40.9227362026137 48.9777924384251 47.23941653994894 51.36274011036613 46.209365305578565 45.429486658293854 45.79151850725732 46.3340224497861 38.978328519204446 46.18030733719213 47.07831667164049 42.60541230479644 47.97618075390971 39.49722176451058 50.21179385200178 35.15408500199868 42.65081788868104 37.49878199358563 44.645715348098264 45.23252196443263 35.58582919795238 43.34897893368863 34.47598326217729 40.22752265924482 43.96701491730913 45.77982967551475 39.08380094478236 48.45824900067313 37.82395902784238 49.40984630296868 37.974516499222915 41.556079670662264 36.72677308359628 39.91885914045103 50.362505557115306 40.69070638562778 56.118239668734034 41.134599234380595 61.04597346717603 57.06799314846417 41.51249571195845 46.580248245210456 46.77285548470158 48.26765507564837 39.542042205975264 58.59077918539788 38.504574612100406 54.10920334096395 38.51105289956615 7.065231420871819 
11.680005442094293 13.108961804621877 13.208203088210752 12.154955809826703 15.231103382486781 11.021116663090298 12.227672334379166 14.527170421125268 13.139314281430496 15.460033249525539 12.607695672297375 10.606969519610104 11.814473966247428 13.686711634705114 11.964392398206764 11.5426767029531 14.373015360684956 13.457192245382515 12.07589220743073 10.831027201406927 11.049491080916205 12.82421858118253 10.137539742605195 13.269783459209995 14.65627968329716 14.402189604944663 12.986029011018594 11.465076872538546 13.06509546183119 12.324818026727556 13.356329541861538 12.92139368005135 12.561138761191863 11.539269093000229 12.730661434843336 11.254861747840149 13.140488261124382 13.012280079287251 15.103748799931425 12.88229137968245 12.820809370949675 12.808845730041089 13.105778617324816 13.06614568456246 13.101625717139894 11.637212450986109 12.274324339915871 12.00184337909426 12.003435415112035 13.477956762155575 12.695687283746354 12.317219158869953 10.859356841952351 11.624833612715458 11.820685067556237 11.88935838499087 12.05702849542728 13.982147838061739 12.637728460833841 14.429242244671196 13.119381317317481 12.211599661523053 11.081790545629989 12.938857140205215 13.097143620437436 13.475549633160918 13.175229450245446 11.268818578797491 13.254334241633442 14.14077926766161 44.29699412483767 41.68232464809531 36.737573076643756 52.401311595875995 38.58758356511233 46.94579756754786 52.35545357691564 52.82360695305575 50.87789525769457 44.57513933164103 49.202304426531114 46.05059925508047 44.91064378939577 45.80569118876901 55.13672295215952 47.19874260618905 41.76636279274472 52.1348323721927 44.6561392869259 54.54685517849033 45.24196165451664 50.73362458598889 58.61323140153645 41.370988348871336 54.36114156522386 44.93884924092561 43.543056250152176 45.07550570409394 53.367898405069255 52.4859297754925 55.077809197998526 50.556526869106534 48.00565339683744 48.38634100195823 51.05345604917958 43.157317092361886 50.27339272413172 50.224765547863214 46.818985274635 49.931808228186824 44.29792962619577 53.95653311815666 37.77595260843226 45.48934941221028 39.44089478422667 49.03736452742244 49.01845247292395 37.78275671553352 46.99919448949484 38.1583727342832 43.317985890320955 46.26825733089119 51.049696259043564 43.286812782616444 52.74253591879251 40.87750855511778 54.369235055170044 42.35104234156252 45.27845001309078 40.19566977171628 44.512014187582245 52.860298474296464 43.6009123399656 61.20404071861172 45.11706989354962 64.74958633027916 62.1157086389132 47.23402893564447 50.00309355897506 50.16147398774094 50.800304732324626 42.22242918516247 63.665185216247295 42.178567395179144 58.787409226284915 42.70727896194842 8.395724133457747 8.732641563028986 
10.404566779934255 10.899105058937836 10.392599892824123 11.527631006840059 13.408262792308893 10.641140768427473 12.935894786111453 13.628833242192819 12.015774279664663 13.837107269474533 11.300269667202217 10.520465663328903 11.525434900999617 11.684565491976691 11.53979611698481 11.41711122484592 12.412015470453749 12.093490588596554 9.992701233237188 9.897314748573471 9.559726635266802 10.899065982820407 9.220370195516317 13.074047791754847 14.398606651701835 12.409213823145395 9.767338674438582 11.023444898335592 11.676522342189614 12.286862319581651 12.826992040990715 11.365481261347448 12.24541335861509 9.330169567521551 10.536820294137158 9.942806412709754 11.998946582175384 11.887357292991934 14.38316405437685 12.826374044385586 10.969096385389811 11.197449772719471 11.954329855220944 11.69437015587199 11.193486521177906 10.640334425334995 10.67603703059733 9.87022872270631 10.793369043478226 11.257051691843234 10.537095544485448 10.36737363668429 10.803755306849474 9.858437179972594 12.84181696978171 10.998882883793007 11.862032720578608 12.253829133391912 11.637978408920873 13.093099888020099 11.974584270534283 11.576770702616374 9.780834787639318 10.941584204617216 11.786314047665604 11.166280905679253 11.384871179218582 10.659741460815821 10.337986991903666 12.552476011655772 42.491813093405995 38.96884020985618 36.02997584557043 49.96568547940009 38.53976147640117 44.77804458894623 49.01997341764749 50.460870507352574 47.403568381842184 45.52003093820428 48.52008785691874 43.72755134363836 42.90978921789413 46.191277751548384 54.066697181917526 45.64459363457627 40.14512324170712 50.32999577688149 44.78667370851506 52.93891633834361 44.24392619782544 48.80516381186527 59.03942255882599 41.51189812552588 52.295610484094695 42.23219431364122 42.759956233110096 43.55629720688391 50.90364589588629 48.82488261602849 53.870549355029524 49.316505477977 48.11263392049758 48.98702585505639 49.34120296530281 41.10294749533198 47.82359742221707 49.17733456011607 45.525768633060004 51.26213307263049 42.626293360685864 53.569699377359576 36.82085886291148 44.83517644333995 40.588475585293416 47.58082790845335 47.145097385748215 36.35576965652301 45.43575203247882 36.14516200787773 42.210595636066195 46.6169224092858 48.27674542231454 40.955765384399065 52.13982998092953 41.38756434299932 51.86446529211659 40.229585107933644 45.31270153452461 39.10328254860939 41.088474805103964 53.635040293586705 43.26405948805418 59.46558044526584 43.01390319207566 65.5003028951635 61.258908195856684 45.25829582017528 49.17354542004965 49.88609677631518 50.67543925391666 40.76979696138913 63.234119965257925 41.499850420256344 57.687718766217806 40.749476226721875 6.679708233661582 7.115180552644513 9.344792357667087 
10.108450622682962 11.630639906286873 11.684362868582786 10.773335263935214 13.666973850500986 9.417562409132582 10.674990471210617 12.81571196936376 11.885902140636757 13.742452907271602 10.99463904141631 9.43481333979275 10.320782161705761 12.121951741664185 10.489296381278063 9.90843738980093 13.016904184743474 11.745931223301564 10.598192336309369 9.211169144757742 9.509308289204235 11.110622596225383 8.816416370676214 11.696814012723062 13.03233835667827 12.603729410722055 11.481761743877264 9.764049576125773 11.460703747945878 10.87195531169421 11.885723286266686 11.303341223211078 11.038207398000011 10.02651279812378 11.093414536657223 10.004240122185703 11.647694781542606 11.592680738285708 13.230816954429015 11.166212147734129 11.215405166252543 11.46697442913978 11.472830237218457 11.675119314852424 11.539532948278504 10.388883694353153 10.915339310382855 10.256352341900136 10.826278620724104 12.203279730005692 10.989764867778247 11.061392180424436 9.151450458951178 10.490133433318363 10.137329472159008 10.381820147918654 10.611500473342021 12.237215438388796 11.244096973948249 13.083439648660553 11.67123819084983 10.623689067149842 9.43183989273455 11.608225265225569 11.5985915429981 11.827716927551151 11.440698047574951 9.82129043593522 11.721464658403963 12.019303483553708 41.910140526415795 39.52739000575433 34.32661683341525 49.58921395236307 36.57892615746412 44.46573646563104 49.96378039349314 50.18351209566114 47.834020028071784 42.15018592112257 46.53647638343996 43.65458359922633 42.661473964154254 43.58258691706094 53.218883595494226 44.95457570403207 39.574146665370186 49.42052986285004 42.073429989051206 51.25759739437049 42.77036717520608 48.15378231257364 56.489981337914905 38.95930891849576 51.69419926805601 42.4849738582797 41.41675140033869 42.24356565666373 51.61405046000694 50.00118485780809 52.855727766657935 48.7415009352819 46.031102551357584 46.67919356205515 48.14161906554747 40.86786004623842 47.76483629239324 47.940153949000184 44.341596600592396 47.87935865256308 42.71141335264754 51.85518560795916 35.91697120515273 43.37278606542183 37.054138571426776 46.62366595359996 47.19971133803308 35.969492396937376 44.609040964598 36.077451304071296 40.98733652262917 43.7513835999742 48.71682839821698 40.54870477639501 50.184828506424765 38.74070639572825 51.65472945461952 40.67976323128308 42.493850046991376 37.78458957734957 42.33399131640372 49.95611618987193 40.73982875343893 58.12858396053916 42.965368068733326 62.53821646541013 59.26634801886287 44.59766667614891 47.98689757766119 47.8987094895636 48.36643043653509 40.07635081521009 61.45070691526549 40.31996729796644 56.2853380818669 40.452209049000984 7.0500743989257195 7.3622152406886245 7.528113216007512 7.99423020862149 
10.659816326747498 12.593668267574893 12.451173025085088 11.542799945207944 14.382783946662862 10.613902834833475 11.295725855105479 14.520795381595324 12.109767616867769 15.324350038771497 11.721126400408306 10.09891921985765 11.273343850516616 13.719372788845256 11.491488038740187 11.346876571145751 13.63727573013516 12.75881676063183 11.593731743575002 9.934211756401764 9.8051899376808 12.699507274956215 9.42825581378317 13.341131391871535 14.202627707042382 13.441840594597188 12.13092657737937 10.394588498566806 11.871553646000411 11.976170667335188 12.663392441887083 11.973256010041785 12.155851357628551 10.630948875578406 11.743361631222017 10.623591355117428 12.548621444750129 12.015606379766679 14.423227153382335 12.234233709232212 12.463138545381137 12.327278509045554 12.936671115446792 12.189535185076178 12.335074291505121 11.180930368052474 11.101212024205232 11.800207400887867 11.634969724718859 12.661635922872636 12.165925306501427 11.550152652005803 10.602776508663336 10.938578198209878 11.015415988112421 10.705257408756722 11.316451577926046 13.37196305854614 11.536483418495747 13.097235398260128 12.46354037379306 10.72478472847791 10.656917813033296 12.615870711243309 12.94004688753209 12.067815177083336 12.258926602051327 10.449912762744198 13.264293764947539 13.665179359636026 41.92891170222484 40.37421452815702 35.20856853203636 50.499259595016916 37.66850193026614 44.95978562154546 50.811780901277196 51.69865344655654 49.391739304850454 43.42390235279113 47.275762441190295 45.534357237352815 43.49716009823824 44.50630389127977 53.93670762024595 45.753415831561504 40.75624851513613 50.78330263357939 43.40004138957027 52.707960091413526 43.7886063497283 48.81938063772241 57.34114036231151 39.93111663054798 52.537528926857505 42.749676342952476 42.482637399123995 42.88586444986645 51.75268547760957 49.938898076476576 53.9238718820151 49.11222143863219 47.26839195547044 46.9801501219159 49.86410542684331 41.63395192456017 48.515162706802194 48.5447675412462 45.3513545767731 48.39540645358268 42.557797812685834 53.15729821607746 35.54448144483591 45.212649582018926 38.18529451604369 46.83955889640599 48.108368008066115 35.54727426447582 45.34492549277689 36.17348428938675 41.6340176989805 44.99742849982966 49.53567861683594 41.730936019849146 50.93750022448735 39.843777956750095 53.770419996013814 41.768867586813705 43.94613233718972 38.76326955348175 42.53405844770787 51.71688937986107 41.621092469666806 59.99411374968741 43.3384407660276 63.279371711619625 60.60738211952781 45.83738400133955 48.46028841927156 48.626132350434645 49.35168320417803 41.043510855245145 62.78414676951393 40.67536584757786 58.30777398663859 40.2565157953734 7.587730486738357 7.91015348269299 8.036006256054344 8.34045842982922 6.72822958053304 
11.049320945790871 12.230827798725162 12.79074561187466 12.099446800663399 14.5080229197607 10.676500579172945 11.938584385625285 14.597370585667951 12.423990865497393 15.175914559161006 12.137792131273756 10.77758603521401 11.64001323979591 13.167646407435395 11.998518776417168 11.453035873472821 14.06530613518228 12.846814616356962 11.337419722635136 10.44003864540343 10.39989405689217 12.410188808576356 9.85193176052423 13.747811063648511 14.332984112813845 13.519877242493834 11.485556189589959 10.83016927397731 11.969512741297457 12.194601062030983 12.815281058700517 11.991295022883284 12.572998878731946 10.675938692270256 11.85238548129546 11.019781250202078 12.860945469844227 12.220577222648195 14.009038522650764 12.294872111225477 12.25014244380003 12.574594443973785 12.76748416891314 12.775301725468475 12.564455886634311 11.673680058615373 11.270197948448104 11.688200254193418 11.850589771546584 13.008274654028604 12.1359253656216 11.974380113066376 11.03047253278431 11.20088753406974 11.27211321580124 10.627180326877264 11.749878003666465 13.585941915485643 11.874440567216272 13.611870182290465 12.871794726240312 11.583702150270208 10.300197924241346 12.590143697153287 13.282589188487199 12.244210556255116 12.290676184826669 11.063898117284168 12.88964729013957 13.475802508377955 40.83702723019308 38.55276386521863 34.999195237793955 49.11249653116105 36.40123849464914 44.1048496093632 48.42786381413964 49.3909935499323 47.68773828822195 42.63839231228703 46.2495292556095 42.873912190667525 41.97066112595361 42.6699219582285 52.077856414348325 44.280834713457544 39.06747627982047 49.35252669171971 41.91300545238601 51.676665802590115 43.11137310979234 47.23363891447569 55.06430796232642 39.04020866538029 50.56012543109932 41.897388005728864 41.443996438547316 41.99436596300725 50.343696709621206 48.515136320878035 51.43433611482716 47.312068453825134 46.20405674125978 45.710781127122104 48.33315702766668 40.26234990779529 47.85768936714614 47.87272533546675 44.08509164592938 47.927092038750686 40.452961940374756 51.21605478654345 35.6206498713735 44.162602202059425 37.60533381599402 45.75059822344337 46.464533885876385 35.68141852218469 44.555174977318664 35.646672560925495 41.17325385903023 43.87883946120358 47.872013561932796 40.759508030937276 49.26547551411281 37.86345703033793 51.62985704296986 40.13701130939253 42.83972316487734 37.85859635586992 40.912379847683624 50.66693109120234 41.42921171635357 57.694301562784794 42.48952577924975 61.11688043577184 57.92252989485763 43.461106343039475 47.044406910389455 47.55522768565327 48.19611733859663 40.36481864735971 59.13184117624548 39.054888934017896 55.19130447644112 39.33705519387636 7.722925505620594 7.832946435194489 8.656264765769007 8.318453694928621 7.385375179963083 7.543971208552248 
12.827032773857814 13.801991293221922 14.508370016923335 13.108509800058474 16.087695168433722 12.621690999466985 14.210847740991909 16.994426589822428 14.853645377339967 17.46668688013989 14.347708311660147 12.19573949187995 13.903607222909233 15.007006600279977 14.235602600376325 13.716960060468944 14.74657696937777 15.496859884018374 13.077086401838875 11.360865644281798 12.079868216994756 15.341479747574072 10.671792161567033 15.168458192814471 17.08599389439962 15.736270300594812 13.87156603355081 12.053697978076277 14.064662546031277 14.143612624171027 15.497993572746816 14.004721548768602 14.30028195506691 12.643716358584948 12.478642373854393 12.305658899173126 14.830627663350601 13.247569665599247 16.860445284294634 14.678678493910834 14.713527511922038 14.702512416558328 14.73081406662045 13.952700003963855 15.187351326376158 13.253924333051192 13.133889109587004 12.930603155276058 14.381485413518117 15.063758776047365 13.696148830396826 13.372263782669853 12.372303134246875 13.25713101833745 13.822329305336844 12.354329511753715 13.691418978993939 15.870268382264685 13.898232735545857 15.259569449153691 14.428179854768397 12.335548748085738 12.809127467326373 14.551553167910605 14.747486069319724 12.935121081870856 14.233031712337059 12.618065697526445 14.003551321417797 15.621840976632594 42.54028446594449 39.98132969263386 36.44775226354134 49.917153145417 37.70743927664641 45.225398048485545 50.01987845081609 52.01179091200388 49.77953544794379 46.94038896244068 47.33322205509214 45.826577659936355 43.895002448441105 45.382832173317055 54.198942678219176 47.2540694326874 43.07592847649641 50.185058812087625 45.01756459997463 55.14694701075802 44.82319779783288 49.08256585676463 57.322201195077504 40.64641264259911 53.384765024543384 43.48383378609976 43.725007040552114 43.14256777314721 51.36218224304582 49.67377779474097 56.67689108568501 48.92743469900456 48.838629858395095 48.70991660253073 49.42658578436731 42.06976318352152 48.28786356021784 49.63886564920986 45.26019936086381 50.53197646525278 42.02675028838002 54.23293419792218 36.278097601560646 46.3949119116541 40.74263586082313 46.453616009052055 49.105923537811485 37.19823173420241 45.63394150830118 36.4166298828529 42.472899652569915 47.96460201440134 48.27972180215343 41.96991985975036 51.198135554013994 41.9111253766042 53.671077110617844 40.73223772608522 44.0217039174503 39.36874313890156 43.48459899798125 54.262920380011295 42.654096481945516 60.35987696457306 43.270725757727895 64.88425752370878 60.84673306759393 44.381948936181516 49.71381579266831 49.361610665989446 51.95341446890625 42.883790094839654 63.6479211293272 41.20143127075234 59.58385897706037 40.063831757087684 9.642147206148106 9.197422419819846 10.757220004219539 9.50005041756366 9.444809247587608 9.293651776467312 9.856623625501378 
12.20632692749025 13.257136529861477 14.642536153254671 13.39067138405073 15.82913298895043 12.103863569498682 13.581719635830378 16.67881694357052 14.079408302162882 17.060305134884302 13.828896200769043 12.179781747373434 13.352465511839627 14.608598476942507 14.313939192194388 13.222892078957347 14.994579320867986 14.555531071497416 12.551378603795836 10.790921482583332 11.745488408553133 14.32328580022038 10.588235426330018 15.40360175085345 16.167491486512194 14.92599521059474 12.36457646827528 11.707661465324826 12.926058290362885 13.63176697711494 14.528139081876526 13.155563089977967 14.340423756996255 12.077202695656949 12.239155301792469 12.248564238845377 14.482082109157572 12.63838851445704 15.22145690415974 13.754752846062027 13.976493391074996 14.601048328558944 14.155888466638668 13.841818698452808 14.572001216698915 13.277238951483653 12.127797913595494 12.911805479264256 14.209028482306636 14.738077591312624 13.335916335862239 13.196939230239188 12.193212288807343 13.340253797645751 12.6507354166103 11.086021684037298 13.253519374637094 15.663406916250848 13.356173557770713 14.796588037064868 14.354979430700348 12.11117578435949 11.780517920242417 14.258183976304883 15.05684603315105 12.71412394319585 13.611450395094954 12.575270722277759 13.741162984765817 15.044699174858133 40.357644423360284 38.83285502995685 35.22816473141028 48.423199492800464 36.3156728649064 43.22025739853957 48.264707494432386 50.17244114149528 47.63785818781001 44.923384646159256 45.54321858511665 43.67187061419926 41.86015293066659 42.627055044932774 52.7850225168674 45.57344698320344 41.501909730327746 49.33136394904947 43.63744063728295 53.53614574227219 43.37906623915309 46.8813085252111 54.392166288241846 38.692809735708536 49.947674232548245 42.456865978920995 42.644434809313104 41.621768681837096 50.015203041020385 47.34140207124365 54.092462324650484 47.430543658513905 48.82463050539319 47.053134022477856 48.31857869063053 40.87375957267505 47.559685089560276 48.75825652169321 44.53112150954012 49.55018159581662 39.922641842922076 53.42655168932768 35.008695042238756 46.53719421998824 39.77748089529244 44.59208836847897 48.868787860758374 35.721839935965015 44.554772275065176 35.59771067792144 41.45613249579605 46.549108144186725 47.121760738227636 41.12547184208053 48.9600634385019 39.35027184348888 53.247436706557 40.039871821157455 42.22552671768346 37.42979418055121 41.54125775721564 52.5771105640687 41.02527698556431 58.10078381243019 42.09162821619634 62.15966979075837 56.79498830976144 41.86390409274703 47.73589035885394 48.3744528210802 49.293947889972685 42.12774189156606 59.996969839016046 39.26634603946503 57.87903056831485 37.92939352940185 9.103148277630194 8.477853317585156 10.232287498585867 8.918979118409073 8.890903840039963 8.57742364284212 8.899233199206837 9.673974666643861 
10.712558561622568 11.922250734096085 12.295317926697006 11.807854814891204 14.087877762949052 10.699049299487195 12.103029766250074 14.780849090080542 12.7095465202962 15.27323499040912 12.016252320343964 10.773969077354717 11.75157310900636 13.115577954321019 12.100853440409908 11.709755487055228 13.322661403267537 12.96966457851988 11.161304747843433 9.83070043397317 10.04682512982055 12.731871760472147 9.439057459761896 13.71119048485518 14.716943271620263 13.197497298862734 11.465500594276945 10.360241042919409 11.8586991008836 12.400684378881119 13.166172837762128 11.750598950275377 12.5319628390615 10.43130172886791 11.00783267638873 10.753457868286919 12.79674873967069 11.785864765365309 14.29875443489154 12.528927490998836 12.334196977611535 12.606968597578904 12.801309093384976 12.2807562690464 12.560899518570455 11.64685301011946 11.177446039610667 11.157134331263793 12.24543810250386 12.933833021584903 11.69751372460919 11.692946202641165 10.819397857026436 11.167788584119489 11.6172604960764 10.514542816035535 11.806417570058588 13.394104503185781 11.716863999652656 13.243767175765612 12.581255480005888 10.809868528549217 10.449422496804328 12.62584731370103 13.111669447532227 11.258407007511993 11.992857464059743 10.837046043447707 12.456471776032695 13.175928854966099 40.38483733006714 38.185700406550325 34.567764410998095 48.238504389965854 36.525422825850285 43.69121552397125 47.98260430321949 49.544698082802654 47.19122394313823 43.82235755916134 45.89531940821206 43.24288606999451 41.804221947022945 43.23485761627636 52.782592303685476 44.558539547550566 39.68465787478458 48.90110390039278 42.12940326437082 51.70405816699006 43.081490719771544 46.9614875038706 55.9402606402472 38.81371018783093 50.93723149860953 41.215232564337086 41.764532647699575 41.036859181842196 50.30909828268265 47.88507039684652 53.115204247623474 47.64744425454383 46.91955926149101 46.65954699856107 47.799626933664435 40.01376940055203 47.143242536505454 47.92149166407621 43.576649440736766 48.63015489203492 40.23510907888374 51.93072962561307 34.93576116608648 44.53814731151971 37.96883274458105 45.05347276959909 46.9206425306555 35.46813576959023 44.14471635831482 34.84979467404767 40.871035197830246 44.87658649764975 47.16151849432936 40.01735157874743 49.49235531199576 39.01638580686625 51.57948971394602 39.90466330404479 42.154765709338236 37.55555583509659 40.90048307996206 51.44745551223883 40.77526116426826 57.96317993629148 42.00764883626809 62.49668264457485 58.756187833794606 42.6680557982948 47.514372126733555 47.3754066434055 49.25190693660175 40.79441925887216 60.8759280995577 39.43963664773991 56.403970463442406 38.5167773951538 7.4566296586051255 7.4281798449517895 8.813685963751363 7.5934478529997085 7.414858412123184 7.303447329048199 7.816036685013911 8.906082544927376 8.130593481665644 
11.213061015985216 11.507158649080553 12.790473882570268 11.580662052326986 14.298539687938343 10.44475507444677 12.745678984722357 14.363763151987945 13.59949854385769 14.8805447298659 12.639493343105594 10.844223292509783 12.130057362807737 12.183488535722145 12.503197284805704 11.391945276719339 13.219619144567629 13.442937380679872 10.855743845465762 9.684161397723525 11.021396048601808 12.546105434410267 9.231417261306788 12.866296424957206 14.917101727715597 13.738223222491765 11.598329857267908 10.565537384011593 12.482542255449918 12.168753149958047 13.671650767865607 12.134875359675027 12.486910517666743 11.025713237073386 10.810116000707044 10.746526583262451 13.030460584177797 11.793143197615269 14.443971045058397 12.727798948968823 12.275631910642167 12.957525431372854 12.204407156231433 12.448771120715246 13.279350705610106 11.610531958773134 11.74660348892883 10.39256942552491 12.567719415270915 13.461200268507449 11.385188219116653 11.790258308568985 10.185409327043148 11.647050082309255 11.955489938601266 10.752987768001077 12.03467138582568 13.780303878635698 12.586425712753575 14.211563399035809 12.61433830246863 11.425740672220178 10.362633941923148 12.372121819129802 12.784109431928169 11.586959621067281 12.344336890515406 11.285683756678997 11.301381286318342 13.118737343291304 40.773434742831235 37.17516370563803 34.436757904721524 47.560327045048766 35.1385263279775 43.51424281423188 46.90375781946155 48.55873332927319 46.42994654211261 44.48810625463838 45.14170854626407 41.6277905702434 41.229675061643015 42.27899542687884 51.83645279499201 44.517615146572425 39.866752382438534 47.45755183393397 42.01832965019012 52.59477211525401 42.76754089978551 46.7951785876043 54.38718970486675 38.024332912805335 50.52482769909922 41.78069940339388 41.321225974273034 41.18132376802695 49.545526609850725 48.025233834636516 53.450676952357625 46.64643169923824 46.4738259639076 46.698296324086485 46.40101595837089 39.62258667729398 46.64874829949977 48.02062964375161 42.872340500483844 48.79397688581399 39.48320146698247 51.054382492628584 35.44509923542382 43.39059098521892 38.23572715025405 44.62543537159659 46.47484721060061 36.65986754357849 43.82949387249604 34.80483031280131 40.796565689234335 45.58455616030997 45.80899013733199 39.63227385220828 48.86473406950384 38.6979897580244 50.143932038369265 37.77481615506151 40.97377058381345 36.82521667490313 41.28125011637453 51.420594094169466 40.88779444439384 56.75464986126125 41.51441600430304 61.8750864868943 57.455583885679964 40.849858802079495 47.384267805604956 47.159337970445364 49.6600476826513 40.89633031566739 59.49731593664628 39.048129643143 55.444515615780745 38.7087038511339 7.871835751483496 7.320038628229942 9.343538238818661 7.781932140087846 7.927069085663051 8.540413542513232 8.489339542782435 9.26899880228896 8.613676434940716 7.814377294269673 
10.178779422759384 11.33005151018396 10.34300694864564 11.235918909434208 13.222533346585353 10.325419630186413 11.89528880343582 13.485390823487823 11.852515101331665 13.96316022080523 10.941893641612603 10.263569742979756 11.015368681585825 12.193158972514697 10.667568224626795 11.063582992575741 12.548717291965204 11.95824820719454 10.406457212489325 10.091845304210743 9.116174285904904 11.383934901048828 9.320451276737739 12.910635044963387 14.052372515810685 12.257157229243447 10.882530873649506 10.39290114148622 11.67996039843892 12.103912337583997 12.54433235027065 11.25490633419226 11.653240145439579 9.335051806037818 10.823897989437352 10.023858210894243 11.814790066000457 12.063297373892718 14.283865507269836 12.29725192057741 11.178500790634716 11.02549418117798 12.186922358556526 11.67413876315373 11.000027588745047 10.66167138344135 10.984057363976364 10.151402553311138 10.616440722567473 11.501781732990914 10.82322862135945 10.786352498498088 10.602875810742312 9.542130602967818 11.977314666407102 11.110583476772403 11.385010180833838 11.763130384908278 11.038141237267318 12.66048485880008 11.73247364811667 10.98804990791596 9.841292421800599 11.388114321302334 11.70361773451213 11.023032655743883 11.201477191026248 10.04047581934733 11.561468160160684 12.130481867789035 42.15665083344386 38.97396984438289 35.49176240954435 49.81681016423472 38.500452093292 45.3722389273089 49.27058161980917 50.187584683047554 47.89426921254743 43.869441145068 48.261289650390154 44.02722253688674 43.159905039033376 45.89770428640538 53.90806770187689 44.85719616670386 38.92819871050918 50.11047605278789 42.586194004646785 51.09082146924399 44.017323684690595 48.602238485775835 59.34662611529484 41.072868325751706 53.11597235766416 41.372892222435894 42.113888117396606 42.52264136909313 51.65627352756703 49.63211105347885 52.79823801096349 49.33298070403595 46.25132933759536 47.801246333182476 48.97326885440507 40.59477345355954 47.94410952723388 48.30816014649957 44.43271885016316 49.43306541603258 42.64795177305168 51.953643580772 36.555657250531226 43.60444622001692 38.134978516759155 47.54579976526108 45.93626533530142 36.21695305726474 45.14050802599062 35.79316917365784 41.69067147392126 44.41458658587186 48.727790180349146 40.305496333924225 51.802486789114525 40.30048990487705 51.05754439816503 41.10555624277491 44.5883181880222 39.31178827556239 41.14192362925628 51.809007150761246 42.45262881933316 59.236198101197125 43.28151512746792 64.58776016595789 62.22837886355509 45.77889229891522 48.728954671993826 48.33914127581997 50.13630483677989 40.141445095875454 63.17064435106639 41.17562531651673 56.117854943484055 40.9375765169999 6.612077689305189 7.420451912086859 8.56564809342433 6.941838431263913 7.179621021022325 7.442042699212818 7.916135290404988 9.59629740089017 9.325906717732973 7.440577150202215 8.29745124807469 
12.05476663834265 12.443814586362787 13.202644320207362 12.439192601015515 15.010086386815114 11.938430447902748 14.07311937924122 16.08926860272254 14.205265960241643 16.33792693850063 13.558103967853317 11.798309429052976 13.43872193393033 13.589183409293716 13.646142330139536 13.128530191021188 13.666584554251928 14.687375791286891 11.794930248242428 10.706714182800741 11.466597045179748 14.122468996940723 9.974758194167467 14.510361283012482 16.509988373580576 14.663891965612482 12.244882593496936 11.556640591307337 13.26232810749297 13.615245645217238 14.888945616088801 13.052040346421242 13.746425137551102 11.608333813851338 11.366577057156096 11.44285713933829 14.047833251467083 12.499226834094854 16.16305796844852 14.284909911802998 13.528215341351213 13.764121290189172 13.7307179479957 13.076839628554858 14.160040698614445 12.455385944486995 12.247547623395072 11.640040580166685 13.438332291265908 13.869297416622343 12.401995866007448 12.248283541977793 11.842690625657541 12.087226488896318 13.690427311068495 11.629266152435088 13.164194688044951 14.850459591705217 13.222603875018237 14.545123523290712 13.518111936067271 11.907321934761807 11.805065249833119 13.274421880407894 13.915421197835617 11.805086002294084 13.232196208565744 12.142773664564205 12.402084261443104 14.720327418678217 41.53923544745541 38.103920061004196 35.8938936632614 48.6470942814747 36.835961370277985 44.40229944290435 47.82116407509778 50.28566402752649 48.00835880069674 46.787950610823316 46.55272386889363 43.77368290583699 42.53067807300168 44.43478423569737 53.02081169021779 45.89199817946945 41.50206909492772 48.836866178260344 44.222756341169955 54.36854483673315 44.22168121805228 48.01304389464668 56.48564544474552 39.99362755048378 52.158028497370594 42.210203929546054 42.77238102669255 42.34804411176613 49.910850604086015 48.2224880557294 55.28259657175764 47.58122358240813 47.98489722182175 48.076836416594794 48.194813573814486 40.64228975124242 47.26242698821604 48.96828651627731 44.19910060370361 50.33543019815529 40.2280554114295 52.85959708771781 35.845117053797644 45.25600977487922 40.32998834743027 45.49213500833575 47.421555352603264 36.868632106002224 44.79665041613572 35.17162520146553 41.82067310331506 47.525234666063675 46.68055409908769 40.85786944033414 50.37572186911123 40.986158085483474 51.83295053584539 38.86265636722869 43.2920400286296 38.45867991206706 41.74499609994135 53.983627712797265 42.485372682014855 58.9633832577019 42.13334496409888 63.95584033965872 59.8401566823544 42.71817122375552 48.63743831252971 48.59323173418978 51.627660690677075 41.96083402725136 62.018957734132925 40.214903548533606 57.849265560991576 39.19788458869074 8.580583721721313 8.099143962538466 10.53662974493405 8.004206358046918 9.20342204300287 9.19113097807711 9.320450429018114 9.509792472612927 8.921406757025892 8.189731906592728 8.135318642407885 8.735810365104529 
10.884416759036693 12.07315805337672 11.852432303274641 11.676740890822424 14.250410265622913 10.502252235297755 12.053569655036233 13.743499776955458 12.487691568990622 14.45808454622878 11.740486212009582 10.38232871433647 11.318795510134489 12.668028338351112 11.376314590715326 11.060788403204594 13.489521930653513 12.518488621322875 11.086523635544017 10.2422222206507 10.145731806444953 11.73656034526593 9.645309856407197 12.843339001456597 14.143693913167542 13.259934199865107 11.687529791332672 10.907826575502002 12.272182826638387 12.014476651489712 12.830463822425356 12.017711139542559 12.050974712821748 10.420832232035874 11.691148224379438 10.599548869430777 12.393584231862 12.434229094916098 14.360402340277595 12.386723146821504 11.798628528642844 11.91277407089309 12.352572006695748 12.364747467484703 12.017656207393964 11.085391664848487 11.553398881977506 10.854286846686444 11.322325212049682 12.509819426427317 11.600082758405964 11.509215864769931 10.457196729821892 10.779877099783032 11.740834298179447 11.357604972427623 11.668578613933853 12.858343913516059 11.960856754885816 13.69340873113407 12.420006413838115 11.689195284130006 10.23184139254498 12.02369192003141 12.257574719311249 12.364219433970845 12.127639315679842 10.68271048502294 12.02664486257807 12.90391245188233 43.09409675325068 40.250843674339514 35.81662534216598 50.82133011922264 38.196033348433204 45.657986792660104 50.69317083794226 51.21117903586832 48.84816831929722 43.97691471899408 48.359940509084225 44.615222894517935 43.715325318878364 45.466392199712445 54.31422697333243 45.970061706622914 40.41382536847625 50.81342459716984 43.64925219718118 52.679205530979836 44.21170057891578 49.36605918511794 58.38881635514376 40.83195812409463 53.05701533102378 43.261364953051334 42.66868911568081 43.67884078858823 52.302528862397395 50.74589002444195 53.83584693664549 49.81001714622259 47.297827851742845 48.120906907655 49.61240926836132 41.82251544466237 48.8329690777382 49.17275756642906 45.5702839827818 49.72031757980754 43.5533484720202 53.064673526284885 37.08608503183815 44.47923875694201 38.90281271349034 48.05041335642057 47.73469574833616 36.88540283916272 45.83963797855981 37.042888240270976 42.30378833605166 45.35661062402787 49.59727097440479 41.58538825602608 51.913647920294856 40.39416499564821 52.585581007600936 41.459333312665485 44.51638586438595 39.271768554783286 42.772502147194636 52.01993448756835 42.637699220899194 59.674890555769956 43.970727749857346 64.42707782029277 61.22853426991212 46.00313847322984 49.23812054620915 49.305939301674776 49.97509715497616 41.06027016368827 62.954530744650604 41.54300655199843 57.405614339977724 41.60515521914123 7.533995418614898 7.993343127777765 8.68585749195161 8.11352056255558 7.3373879213687765 7.879041372742283 8.318792691346658 10.214423763795903 9.727865570682177 8.201342846561237 8.675740716670095 7.676257579688029 9.623785660451418 
11.65316659235337 12.97049946428022 13.640842411204545 12.214328380641868 15.2143437820654 11.235475609315731 12.47546161953831 15.330767252051885 13.31794228445669 16.0414488550174 12.935365073763522 10.867933413320536 12.277799117951206 13.943027242701493 12.716596297300917 12.069322380318653 14.229391812183188 13.868793221054187 12.074544818338229 10.437724478077573 11.080214660287417 13.505371488219104 9.880885426796834 13.838768293593564 15.163227948370947 14.501220436390795 12.650459719518429 11.174781799093314 12.772622747150624 12.582266069688162 13.682244323996681 12.829846122658616 13.013952702572274 11.61975586166299 12.153506565286266 11.32565555885674 13.49045584143621 12.45213569422491 15.130349621542466 13.083930199098326 13.2410863742409 13.397012540820166 13.375097437779056 13.004479066815966 13.652478920556819 11.981152615078443 11.908543858636433 12.1975558503319 12.73392877023353 13.758983916614564 12.746975012984276 12.323882176591122 11.087174467394055 12.064627854356985 11.9014445798928 11.217921834733655 12.230861551746555 14.5852933066159 12.67192853119693 14.250927022144646 13.310892979730237 11.651397580425902 11.30203982162714 13.28510235602181 13.698957277195925 12.744265611984439 13.174963121312581 11.505896938664353 13.290714399217885 14.525345176369795 42.331047248787996 40.15514644318229 35.81106949766807 50.40920052494569 37.15601389729124 45.09115282170662 50.33972729337636 51.65741417102783 49.51303807921006 44.7558675451015 47.16667210695522 45.06452430362164 43.42549100482051 44.15573740298797 53.78137771389518 46.38549472866198 41.71235491263978 50.51374707624445 44.17773528992146 54.26249348944679 44.212678709335506 48.93734423861614 56.45029102931665 39.88762606097491 52.447824177216916 43.62299668555626 42.89460184280922 43.35239580539586 51.46708745016149 50.01562754604078 54.83840879027357 48.75019696855312 48.01769775557312 47.46575250482739 49.63741396582402 41.9120970070836 48.69074674572496 49.26487554179042 45.536087400515314 49.31696274569543 41.97490753164768 53.4951582477119 36.09680051761048 45.71534339358529 39.36070959487691 46.66550107127244 48.7119141302112 36.57850348074574 45.60526713710977 36.53723463351465 42.16565418119733 46.373365807692565 48.98568830993427 42.20941844476733 50.779983595877795 40.15189467486545 53.76824527017689 40.85187840893342 43.68459795535204 38.75246281814436 43.13740435529429 52.71331817932262 42.22543879703849 59.852448433291244 43.38107006547107 63.35559513130446 59.77868454925685 44.704423666580695 48.755640831516416 49.08710735184069 50.19997297136471 41.971967300507856 62.11603272838132 40.602245870648574 58.537027969188216 40.27769541720038 8.478986960014344 8.310365361241411 9.061346857398048 8.907895044928035 7.786109198903017 7.840616776231535 8.433124901541001 9.776128315075859 8.984144169792927 8.102716433687315 8.628803606812374 8.620787617326206 9.368815900633187 8.84712291623315 
11.311998001853347 12.996773175236765 13.054047899535465 11.717253217036774 14.854570775853993 10.806214006586774 11.598976431119977 14.693973645623602 12.691017464380595 15.614319273917651 12.3168208277504 10.271277961156027 11.592215139907951 13.866619332841886 11.61186432565934 11.475132646214819 14.063462429753713 13.391800859670187 11.99398556726154 10.59441709233704 10.54753373751426 13.200962184158403 9.773327862242514 13.305254009639778 14.530491573607133 14.179597601795102 12.999521237803815 10.851058892945083 12.63717011350098 12.128441211171427 13.079686064852988 12.590675140309216 12.273965443557605 11.2914154487862 12.390410310281784 10.975844712287707 12.953988564986224 12.563130439648297 15.000413524799907 12.594902310564887 12.892216349194175 12.658276979002236 13.18703582779735 12.696783592376304 12.964205191790166 11.425385816944765 11.841597493824784 12.131425293855758 11.794719106539333 13.238423261517186 12.65777617012657 12.072292192974563 10.791341448329762 11.158752737405601 11.290666606751126 11.337833375246458 11.606420829199068 13.82448819893187 12.028006565361618 13.750820009718646 12.784724443916108 11.40247724872612 11.047201335654922 12.934908868101719 13.137767629521994 12.788924030647925 12.870804543651603 10.82079742162576 13.6841735366155 14.183672468431608 43.04952013509469 40.70551349728091 36.045812466576315 51.45027739199564 37.74192941723874 46.293172467020895 51.30467983215372 52.08372477163852 50.579236758265715 43.77917283792411 48.059781820131704 45.672042371357584 44.21922335791425 44.74997666121623 54.004803811815215 46.18181900499159 40.89122565943659 51.197050000089845 43.42724977908724 53.673843451008764 44.6066787544756 49.77694692951414 57.54561000171417 40.50061693431812 53.78928465609558 43.698071090390194 42.699824316638406 43.90443616396869 52.35155826910616 51.484526316299544 54.05415037036226 49.2567749958477 46.749798698767194 46.93142270522933 50.35657618664082 42.11257216523979 49.45979287897902 49.11325024509235 45.66177776968642 48.40888018571189 42.77670622842304 52.63879242290532 36.6078134317261 44.8144558494655 38.13568637533363 47.79268084078325 47.79609826795121 36.820370888023156 46.09818775566298 36.904680846911994 42.38923423425979 45.11706321767842 50.16511789999966 42.54889667403346 51.53395000530324 39.80813995119593 53.66056905707826 41.71072390367568 44.46950999281179 39.6194690531591 43.506268121259524 52.00471461278095 42.76606105580091 60.55804511294699 44.16905161169429 63.26289246958377 61.54263937315997 46.48111922149237 48.860443586768255 48.81054401000782 50.16554904316027 41.47915138048953 62.620090422273464 40.961843242608744 57.76879001239691 41.538891625136976 8.078003563467382 8.393771996448708 8.237956543379752 9.14499634237475 7.022677268191071 7.170915085575471 8.010685638561108 10.053075958635175 9.52549838904689 8.098080507411119 9.023276319482909 8.033943376714667 10.018931917097534 8.266294382703784 8.383854132752058 
11.529209207558 12.430416232282136 13.765010094257914 13.018189549912991 14.929559805163048 11.039194866886886 12.816629662709323 15.506967716718503 14.02188892372649 15.976685140441715 13.086945734235513 11.92844508626437 12.293457844579372 13.49213905707966 13.205234811554668 12.122997125635889 14.470010220976613 13.58592988886842 11.875268130301864 10.382297050272607 11.052388766268367 13.434625963762958 10.30663931642068 14.55143006156836 15.28760796992318 13.851563991118102 12.281917850225648 10.74577438176691 12.537662819332327 13.023238071490725 13.937615474108993 12.280968902944327 13.28322266972843 11.173534626211984 11.529278821428356 11.954142017229131 13.72447034874411 12.328309551388125 13.919518056156248 12.554124780507744 13.027781507238853 13.81260712770485 13.225524206078159 13.61113323473948 13.744181410868467 13.149081680657947 12.294556956505025 11.571176792259493 13.883181684848575 14.85300805598995 12.478223881484173 13.477999788588063 11.265967264091422 12.964984536021142 11.71343412312577 10.853307606143519 12.773218493399353 14.284435026230115 12.553439018206845 14.366191053489354 13.781959599218606 11.694868065418966 10.621754709142214 14.006114137289075 14.01062979351821 11.903077084979902 12.569006544432144 11.706379600721084 13.09980632928392 12.780411003021147 39.32863299840534 37.44909436933548 33.97617186152282 46.556086038073936 35.48173787629474 42.73428611643046 46.735808283101115 47.89087300873657 45.82240755911788 42.980312363450764 44.764305397880364 41.54891870220816 40.64646029936394 41.66043369041747 52.1724224414837 44.00468534567636 39.19281225721693 47.89733285985637 40.15296184281111 50.21344481027837 42.28579749123215 45.13723195051353 54.01900625372956 37.429006664863685 49.34558913834975 40.79748166307489 41.367841739632354 39.14971682731067 50.34590935564578 47.048084309588035 52.232313914931 47.157117158684464 46.871097619534765 46.26195758624557 45.963773271605405 39.34309179603846 46.72809625043724 47.62878554929919 42.11039640738786 48.63712280345464 39.252627359693946 51.15908161212235 34.845982493625606 44.3417927129361 37.22365541369545 43.818229873050555 47.09001294582367 35.742428886242244 43.34059124383252 35.05105830874714 40.43308411591138 43.9074736224108 45.953924534025774 38.70644000977089 47.90028671462463 37.57750867529189 50.197233173790295 39.761401353369656 39.79282495988774 36.51616265320907 40.67580579254836 49.934914596614675 39.26573175719416 55.81924715097453 41.769643237508205 61.514595581692966 56.011855158223604 39.748792626837634 46.99857531862013 46.07646057509484 48.091796924275705 41.16564370262822 58.53873032714705 38.38723262543362 54.300096964958826 37.221206700397396 8.385881260613784 7.998994019395472 9.618254346728381 8.636961232091359 8.131689987996529 8.328851931913775 8.520974726970193 9.535065903249027 8.670732961483097 7.8615463699712675 8.237032082706953 8.477061562722158 8.92272518020197 9.020661986291064 8.857281620536424 9.006133468854854 
69.32318668650026 73.06473843383336 72.00020518114893 67.09567279011073 72.86727057236978 71.79266990130563 69.24263691533632 75.98054788741453 71.30244660224749 76.49745857941333 70.32073061621824 72.9634549030799 76.62161742105178 76.71162287939258 72.4240616179083 72.77544506650615 73.57894866358295 74.26126293586555 72.61591972687 68.61703544826511 68.61507922665695 76.9754763515182 69.6465805765817 73.70534699235183 76.69022216111496 73.22522331789084 73.84177779991575 66.1216131859315 70.60221463927239 74.44194771723231 75.41091398463492 72.05404241423507 73.05413817335605 73.70238206165826 68.91165962062357 70.73726263163627 74.26721253961712 71.77911841703603 77.74350643227974 73.96673254636359 75.44635698314985 75.36531021961768 75.19162800249556 69.53916821747804 72.9978102278895 71.06369317756372 70.04123405555637 72.47730842965912 73.0932142657483 70.8836029325266 71.3459047295752 68.63064611194557 70.70916844390098 69.17757419999744 71.1117877533209 68.68446000531843 68.98551939309462 72.80773810843333 72.81125622521499 71.57496699632193 69.75457088475405 64.61666970826556 74.76992386961004 72.52516391686095 75.47053016688686 66.3804084986592 71.10461032254321 70.39076810329735 76.74097074657317 76.17624542635642 79.6108236985585 78.43406020885209 76.47311443845176 86.22969198704263 82.22618454422646 85.14821170770826 87.88530424803888 90.21804470906213 86.89734397336072 89.21865663864884 77.88790524609566 91.28817461978781 88.94626861385963 85.44283465994552 89.13771023202646 83.51521836821391 85.07335960689944 80.0490157040625 82.90969095208204 89.05847234098488 84.15174381578464 89.94424885404929 94.32201813169675 80.2800263875992 91.7069280893104 77.94529575872399 84.7643521982234 81.51933987729842 88.28062577320975 85.06592766381783 94.0974703115729 83.05221923204101 84.81228720043902 86.83307448037876 85.81407492573202 79.4163880104533 84.49317897525208 84.29741941969125 81.03544785269007 80.10754964225639 83.40754141892477 87.2727922900459 77.27843782158043 84.46733037767252 76.74960048523906 82.21816709061997 84.32741973001148 81.66925449496848 85.34281576327751 71.95932277470448 80.18174475777903 87.17985674589265 84.89493210469634 79.58647741417857 85.6119267308225 84.63003952245226 92.33211122545545 83.19414338623011 85.63024537458396 80.48733432262439 79.8699065709366 90.12088605205946 81.70626989093647 94.42769822704557 79.63270587847086 91.98752103528955 100.59833643574733 88.90976159161893 88.4946235325072 87.01781603399166 93.92821448246809 81.55534927642327 102.36746627389904 84.15396263941783 99.59905587892978 82.54197831575199 70.1962280668761 69.0150666530027 70.9319471142101 69.85712829477173 68.07413246678821 65.54866806763852 68.82320993364837 68.39407128634089 67.27114722447234 65.75809155290533 68.50724937323726 68.20867510893204 67.48497569213882 70.24756157272995 68.00504985498739 68.1326732729413 70.50258766813248 
64.44472614922181 67.26062389029696 67.55384777806182 63.14916177580373 67.76603881210457 65.98554504367478 64.6065856250984 70.50300154116775 68.13426949084051 71.26627251967558 65.90858127232862 68.4696459831537 70.91964103665302 70.43165227537204 67.57573935122925 67.27586769421458 68.54991581032493 69.35069114596372 67.28827338933807 63.45450401904643 64.74109079047324 71.56732214138852 64.94736512166598 68.52514111261033 71.46662990102556 67.86820040556874 69.14199794040287 61.128217119781034 66.22710411852177 69.2924993453085 70.60425039144552 66.6495284014471 67.92776443458663 68.70045209240108 63.82359167406625 66.26462392571459 69.39497206413924 66.83575620127098 71.54977124681697 68.53363874421663 69.91430358717334 70.73531860371361 69.42992669000328 65.18172179635381 68.38265054534 67.13300531485758 66.29855762611915 66.30474987219405 69.19280505792956 67.57852049067624 65.91432860683643 65.20058870301393 65.09623142160174 65.09687444811851 65.57879574366534 63.96148889040906 64.59611801197791 67.61245187511612 67.77836255488292 67.28727095287574 65.04267852133788 60.468734745317875 68.58435393626408 68.20589780549743 70.5143065653012 61.49041095151715 66.02159366223562 65.76042926957629 70.92682542415056 69.40601368161487 76.21924627741853 73.99368965613063 72.88671932437055 82.17557543943768 77.67594475167428 83.27549095671854 82.87910807051941 85.34700792377694 82.7468712864269 85.79152841902177 75.55523449400533 84.52719473871745 83.99243491859887 80.21805289054406 87.54636654178523 79.67437064530742 79.71624448612722 77.52520770683887 76.35002366148592 85.5384765020698 81.80044703786152 85.64845997917104 90.917265824724 75.15227218956952 88.90045588968682 75.12970194052714 81.44693724309148 76.41236639865372 87.20641242813558 83.63968560745985 91.05577399775899 80.91893662389762 82.03977706536749 84.00113074199132 81.2653276028303 75.6032329284993 83.16091756428098 82.99032179490294 76.45819327664935 78.81295314703502 77.42249020610896 83.00122481815883 74.80806234888826 80.67613422041984 71.77663757353885 78.90323129200162 81.24085284740627 80.54101703969759 82.59878924361783 69.24551835993701 77.96356582345138 83.70598303422608 81.34842696834578 75.54052168740677 82.9378905164615 79.11792098899433 87.35795747396907 79.05071136823335 78.36227288743417 76.31680269765364 77.54280766156553 86.50222198162174 77.96505543092823 90.39984887875528 77.80958562454991 89.9284641974441 97.06051724835199 80.84663192369693 85.30265115730778 82.05309912994174 91.60375121997495 80.3432035507705 97.3154894486697 80.19360314987036 93.26634738371533 78.80373557061557 64.54792943615847 63.19104509404596 65.59751585182964 64.55146802964356 62.69955975777998 61.05369549647692 63.586903378525676 63.18059178455543 62.1607947400642 60.59175777455595 62.315087241461605 63.02451810069892 61.99257306318594 64.85716259636541 62.90254387508996 63.162738023316294 64.22656183727344 55.26584603662375 
70.18319578959387 73.5466594165974 72.66296532045678 69.29563669902241 73.69509112940554 74.09314621078073 71.45885244186496 79.47988116537707 70.50868859916342 78.88352645302147 71.59483892922992 74.51707170071879 78.13496357275767 78.50969465457185 74.78939790914269 75.6718592247428 74.55148213569 75.20230138580477 73.2580566056171 70.32137626978694 68.26784367625686 78.81112371777246 70.6201843051947 77.96524503280577 78.7966368379287 74.0921081003852 72.36832937454535 67.68896360588273 70.33061051825585 76.63067706115493 76.28809184476482 72.45776035838601 75.522311685145 72.96176366008757 69.25748845920903 71.62643408091995 75.59654327667559 71.83347660755094 78.4662479119219 75.32634858014836 76.72065319332486 76.0437465943411 77.46765557083722 70.99679185476664 73.78917231477077 72.76476496758303 69.24806855664903 74.86670870108732 74.15500826065238 71.2845478275135 73.22115761969825 69.52468734778539 74.54807027502738 69.83498313142194 73.41508598180114 68.25540750164747 70.87370139832072 74.72224158138604 72.70160618054915 71.05750819868595 71.86350753447898 65.61169863079073 75.78748147543942 73.77789574413731 77.58575772606756 66.09216573543803 71.75799181642496 71.53954417663047 78.13939303721932 78.0459935575325 77.1719495823832 77.67115171229725 77.90298856457252 85.32660697970736 83.16313027308439 82.75910579145729 86.296004108187 89.83011098220811 87.10442723724339 90.53103704799264 78.50417678119871 91.8147831165694 87.81104819380784 86.1239129299523 87.33886430216877 83.38839397038952 85.61396695632058 81.36767216796153 84.48634406914525 89.68742518633964 84.2278167393259 87.54834088759343 93.15126151493777 82.14065603161485 89.28540480645356 76.30018089478935 85.42328337329653 80.8603675184559 85.25926072805477 80.46587494130436 92.13383377319089 81.26069683993988 86.63333013064484 85.96773947857685 87.24626774519461 78.94252311413669 83.59448233081756 83.62221620180193 81.27761448244478 81.75245484732687 80.89100448853662 88.76763885820151 75.44288753649339 87.6974034437232 80.22550534436233 80.72952611482134 84.1944982722132 78.2249713249962 84.5432364361619 71.62160573535289 80.05868396270203 87.88429019425548 83.44147877485412 79.5901956659031 84.45814506353267 84.99666402354231 93.71557454489866 83.80424619948712 88.43885558226187 81.22905576864827 76.50009868838131 92.72537620178035 82.61285898832769 94.94778211355643 78.31475265368593 92.15976971478013 98.49073711228957 88.42089099780102 87.50255140172118 87.38930194049178 92.67062528769786 81.62079459876472 100.42194970841383 81.93624250974845 99.81703679639041 79.00461516432124 70.48988950166564 69.229945286877 72.52104731395619 68.91799045175567 70.18979584269336 66.06800924054964 68.83258971403427 67.73305531158842 66.01020762991661 65.40941968396949 69.34197032027495 68.20930549231686 66.55495791251903 71.23275286265388 68.43961244208921 69.39536624659327 69.78328445014569 59.670285831820564 64.42134938858048 
61.22746406847582 64.57033018206613 66.99555158113226 59.51793255519129 65.24983907719391 62.201332229862224 59.38216061975477 68.84906308436102 63.83769849021672 70.00200275100883 63.45088719757898 63.78508340707646 66.94927953076792 68.56107965476572 64.4421581947317 63.77137463510012 66.0779318469735 66.93581240722135 64.87061197776026 60.010621927449954 61.579862998463604 70.63206954215876 60.85909333226389 65.9707641549825 67.94283879235394 66.17831395698286 67.35496452164664 56.90366284491884 62.63489075321145 65.06936867749619 66.60152180373434 63.50878044487612 64.45603856551215 66.19465384855918 61.28783071005119 62.78947700695812 66.54570077941466 62.38671980202085 67.68492427383796 64.07730002245559 68.08926310882353 68.22159073652278 66.93090855539243 62.255875255971205 66.60862304639106 64.039452132795 62.48090971249832 65.25072259938521 66.19890160914707 65.73610149879967 64.72845164382329 62.895769214208784 61.99667066209995 62.186931968637936 59.85601169777596 58.84968331541574 60.302147710229356 66.2966665939702 63.489060721577495 63.13326225448888 62.19811529789866 56.178125847440214 65.55850686061264 66.2399453961264 68.48919366492595 58.62333130441575 63.70121634233755 61.82486863434703 70.26826240159427 67.95756157483859 70.7753356262796 70.16502501081652 68.95090733396951 78.89019355724888 71.18296699507461 79.38212809892792 79.4007217931265 82.00429059412433 82.48711157142422 80.22775331712485 70.50120953258734 81.11514429735065 79.54848505741641 72.5092881047154 80.8944321010556 75.20938981350086 76.07005038982285 74.5876964017371 70.1414498612806 84.03677362399553 77.83361846710547 80.63650109807053 81.64677947648366 69.07951413021694 84.46258190644173 72.09180767416365 76.861075752042 72.0202182520932 81.8596159971213 80.13407481538304 85.48839634163826 73.86805328421224 76.61226431705839 75.33879912648848 78.46960112985748 71.66643786444362 80.78101492766773 78.40084710078409 71.51106471071974 71.39066377225302 69.08113172547408 76.9867681664107 68.4356490478403 77.21723522695355 65.86266270013965 73.1649743042768 76.8136836970194 75.01382774280124 78.54093978974541 65.29518219835506 73.73578672295956 78.52287646174544 77.26775649838869 73.09250823355046 76.61762793279506 71.51786513706377 85.81510099197632 74.59098929509302 72.92673305472339 71.95111901634328 74.15223898747112 81.91708339072264 73.67576805825931 87.33211351612157 73.62674579257637 81.47797863979956 90.71893130796954 75.28881784400447 79.09580984925988 75.50014099568534 85.87966857132446 77.41276000796066 88.74322689440892 72.4609722578224 88.06108180345979 72.75666452791448 61.30767741991459 59.27461267335893 59.76757075758107 62.51545005473642 57.55545977069589 55.01301340227296 57.85522640451774 58.03915650862072 56.646467344024 55.87311272773423 58.386700300824764 59.65278829479064 58.32885207218821 60.44654222949625 57.0490137176948 56.548514868510864 58.81837057288785 55.56151385311093 56.232902770163264 62.664757744905046 
70.6970607987944 74.31796749383841 76.41583038120413 67.82260572272483 74.72812242655772 72.6154815802081 69.16474866974092 79.42523019547654 71.01173163785813 79.53143797132063 72.6497858437866 73.11921900010343 77.88404164887514 78.88010896883395 75.02705045486472 74.08771506339478 75.5405315877532 76.2727205613426 73.97848354500937 69.04480677043752 69.72306396593012 80.26470766838993 69.3901800606984 75.99850756492096 77.82952585381663 75.88172986551696 74.37133120690625 66.08994627458469 70.27342132569326 74.50744701298629 75.79162857021227 73.11319676799917 74.63721430900783 75.28169420493614 69.61944006769554 71.76897477964529 76.11108649681498 70.63034133833557 77.47734143579558 73.7139179919299 77.99705718718705 77.87742023882895 76.77222893149488 71.16934348038279 76.31897758134726 72.50632555066629 69.24362806774084 75.85050550705606 75.10546289967516 73.27077760914764 74.1697282016429 70.2299300446877 72.18077636613624 71.62132426729025 69.8985765188429 66.35604389799876 69.33832043395897 76.81602278323946 73.37159206200018 71.98132127387082 71.8679856096327 64.37422499900065 75.92342890679332 74.72131547017538 78.33290852273868 66.99823802041391 72.79216042790053 71.50168187472158 79.46581747625154 79.38329742436672 73.79538823177515 74.79823158459926 74.34874886209931 81.76878835345302 75.7226359060368 79.19352433201047 83.24808039789282 86.68250734163689 85.71181747421696 86.2182031612626 71.13531368195704 88.44016303888 84.5922823739688 77.69079124636801 81.12132132676285 80.75040160893565 84.868597543445 75.69026505920685 80.6091122570011 89.18079431015653 80.06433425578035 84.07594798125137 82.45742391994257 75.3845367195986 84.38359241960747 75.77682651383941 81.3754001514313 77.9373145916204 80.89265634556004 78.25562338646284 89.23522942890982 74.70694950419998 82.06577687234919 79.47551700450934 82.53120854394885 76.18093332503783 80.49351269402189 79.89045650784216 77.43142221365561 74.53067189359268 75.6789245535196 83.6693527030506 71.95726390396078 84.38195900707635 75.42592809805596 75.08065506609069 82.35253595616113 76.70901367339552 80.89497334749842 68.70345144390906 76.31712609604348 84.40752380457853 79.3957085052009 78.18489591956266 76.99721460422576 78.7132109424815 91.37028579925139 78.66745959702808 81.86879543135777 76.40990348186587 76.13105118184833 87.20777815527147 78.01545765359934 89.67089951513215 74.44889289241611 82.55660512010418 89.43701285528552 82.56793281359785 82.56076418939142 82.92594872989592 88.14593771598136 79.51761112994669 91.85935365146983 76.2928158612734 96.03357368618077 75.31039040579486 71.994551000339 69.04342133918075 70.78683444326893 71.56492134072695 68.5127310503133 64.77942343032514 67.73709806692122 66.956529415062 64.6774330549242 65.22276583754018 68.21961500924877 70.18358438245004 66.89439331336595 71.09981576002922 66.59043274447929 67.36000793614441 69.03879076596773 54.681688458623256 59.300885876256054 58.409232363284424 52.71134547666586 
64.97847111304658 67.69758249628092 68.7270161593873 64.27768570363682 68.71185312986171 67.44647155755096 65.45686203239379 72.12452009924581 66.74363249226649 72.20737094394238 66.35055144751806 70.25447499419278 72.83121037565546 71.674628514854 69.5706256028452 68.60828387341388 70.56270438241613 69.37945077115532 67.70581077571657 64.62386391034576 65.00945301567572 71.82480568214264 66.30243002629975 71.1258330365031 72.16225718602864 68.45851607625045 67.26092739346181 62.15764150406384 65.42575042539326 70.59738549452571 70.79876552097116 66.98122996714602 70.01392864991743 69.19328127187738 64.62556029021891 67.23472467243958 70.53903995858998 67.32089793256563 71.31031017263238 69.09835982869971 70.53598738162816 71.82210025130765 70.60944425672164 66.2198196802319 68.62523801107169 68.10866476863565 65.16448844494752 68.39670507483353 69.51561880386016 67.18895385211057 67.09720551860633 65.16201490437624 67.50530982195026 65.58478740575691 66.27847277963386 62.91026083947437 65.1246605293262 68.95972462712999 68.61897998955928 67.52291130612616 66.23759817021474 61.370205634526215 69.24487505405764 68.33867061541842 72.66113632500725 61.984221551816695 66.43995362471343 67.19700014489787 72.16895841781354 71.28969777596345 69.85315555078834 69.08500239974919 69.5842309905116 77.08239526732687 74.15673068187866 76.51179881163101 77.09137254515593 79.39105422905888 76.79572531224353 81.06318999828561 69.09858430691274 79.87854498333948 79.30758682340074 74.40514817658786 79.49301615584754 73.86659973922046 75.62069280828116 71.83456006522454 73.11491409392183 80.44188386541889 76.56026181094339 79.633590734334 82.1733238761371 71.3528239257079 79.65556017297563 69.94928459936438 77.2541208174711 72.80731791775364 79.45024001060969 74.8738677074493 82.19884254030306 73.21628974791241 78.35851096138816 77.76083169509671 77.15058634404731 70.71762545784908 77.93813744222554 77.17815122749595 72.51562344944773 72.9425769477834 71.94982153006337 77.88643543623543 70.41520826192848 78.02425325895781 69.42764736683547 73.0059955063936 76.20134239518242 75.10272813591591 78.01903605948681 65.056893316255 73.2942288602553 79.15378647526909 75.53049968607377 71.60461430665548 75.48053021170352 73.65528240123264 83.96525444119358 75.12134580668943 76.46607400551952 71.76294396159071 69.69777518267165 81.73908767120807 74.39567700953755 83.29418428840033 71.84495321966918 80.10151599342316 87.1392157345475 76.8188701669561 79.02423442606253 78.50890727507701 84.23767473364 75.16916026303181 87.37091172340001 74.32953712451496 87.7819095965309 73.27489598968674 65.67157856664724 63.90340656519952 67.23901807558904 64.98998767077322 64.4187338754224 61.90148247861504 63.941992633354666 64.22468469594999 61.86077644832398 61.21603317932127 63.48242487714297 64.34898348783518 62.58270892518505 66.28064720472187 63.749314481103724 64.59905892387764 65.39696996002858 48.14163082518014 51.28203071289145 54.477143056957885 51.21475454373628 49.394353029490446 
70.38596712641314 75.45650715156607 75.83999876090571 69.7113355839987 75.18139232519663 73.50323969485763 69.81889721395937 79.5431120974997 73.04786576223356 80.23869440190482 72.41223694303832 74.48927328682608 77.837381273638 80.27213034354486 75.4964200461009 75.06283823617 75.83446536337382 76.17935496213502 75.26939981938388 68.72358025761241 70.00820313737334 80.2114225584935 70.91123544424593 76.96167660843129 78.3823714869684 75.00030399756294 75.78802777151482 66.77905993597231 71.20191532276722 76.04996973416024 76.77601815731987 73.24164992531378 75.53300787002236 75.65811591405716 70.3335489922319 72.92002500560183 76.49364378268885 72.05499582617212 78.10382330367656 74.84601007034577 78.3247344592639 78.6301525456624 77.71688532360761 71.33952969254739 75.75405078265464 73.96150898625675 70.87124165650862 75.75367283266851 76.94714258258543 74.17587544406206 74.1473621703806 71.41797398277619 72.40201524781146 72.99368176677133 70.87662280250723 68.41875864059914 70.5859472727817 76.1318365867331 73.82731237829351 72.42543289557119 72.28181667562939 64.56472835093102 76.55993431772292 76.23428246346873 79.03763686702551 67.57455163654146 73.04644620102994 72.04152433199837 80.20885008626584 78.39244907502678 78.80891727420283 81.70249495601944 76.95334664412826 87.12373811946021 83.13651711745237 84.8823910850002 90.59501092186827 93.71025614368381 89.25187563411433 91.01755161239286 78.12544974931924 94.65860895288813 89.57656177141958 84.8916888021522 92.73352162100828 86.41321219658492 89.31488571895665 83.66481127692093 84.93812631339559 92.0764710424225 85.49394268364725 89.85895524079773 93.89538675747194 79.34897927326234 91.36444068756936 80.22051013098262 87.81174283997328 80.87912464726985 90.7281252959741 85.1421670128648 98.66256291669251 85.61321297565792 90.76766114703072 88.57282695715442 88.41065820570807 82.17373328907607 86.90389968254743 87.07929876111598 83.41879281871626 82.61990608029593 83.22491964127887 92.69979255546727 75.83141554188158 90.91864337048632 79.0546764368248 81.27723567199376 91.0341328426574 80.98557761261957 86.78660967119572 73.52343767063321 81.65734676039901 90.61548558096777 87.00753763384614 82.02974167961554 86.06636331202924 85.89430962626646 98.79783839954692 86.89242438685831 84.30154410177434 80.33920583004178 82.6017269548374 92.6609228080337 80.37475548083839 97.28327583808414 81.19483078855353 94.07623417485401 99.30595597923566 87.48895148543426 89.96933802374303 88.4548184096446 94.59407255294295 86.11900276550135 104.4359068786484 84.72812969140368 105.47352968935216 80.17471296798946 71.8081782802854 69.83126911579254 71.2804239487499 71.39311591126256 68.41594908154137 64.43840941644751 68.56891783142795 67.16356371730699 65.08099941759903 64.87160951275865 68.81553871800378 69.56254271841041 67.1793015148064 71.15471755835632 67.01321704473865 67.8104974848861 69.17121277390713 48.72175784884394 53.17255105970758 54.696035081220415 49.92879951890586 47.379100181786036 45.21074078743118 
80.86075467256268 85.67845618131378 84.7585778189099 78.9232093734301 84.7213124032085 83.7300845810114 80.0658930522955 88.65810758347105 82.53344044194536 88.80114820457881 81.86251808036744 85.63369384154271 88.94104314654074 89.87633258908458 84.86122215248716 84.80246744951619 86.40743976359624 85.70345872095533 85.03713453090127 80.02752886741119 79.50201442119581 89.5358114488737 81.66232492703797 86.42980493618026 88.33742216944084 84.56439426396064 85.37197831035157 76.61578749666897 80.98122170457236 86.39877336779286 86.96431322980581 83.51586063347438 85.2168891320625 85.56048636485605 80.17064010455786 83.43350408696043 86.47464375119455 83.020666188827 88.2863475685038 84.73287554502156 87.9583853715713 88.29021035974246 87.52863449466682 81.74002560577387 85.25478720178614 83.73751814066108 80.92293674176494 85.3142643387654 86.11559730192913 83.26513399544281 83.50342830417193 80.98964076076425 82.65422347745464 82.36970406796863 81.49901635046258 78.87706727331118 80.47453944495648 84.95541434269649 84.49837185378041 83.00176223664471 82.14152012633689 74.84563273042559 86.80763265589707 85.46390536333786 88.43635517685452 77.06723078972004 82.21965265456994 82.22677663645685 90.25623440732568 87.50757650114984 83.88487557125572 85.39000391730384 82.86963979690884 90.12244592639446 89.03021026498999 88.93467253596688 93.60792124332174 95.67458251554004 91.58056682726209 94.84196007282154 80.68634999319976 99.16504005297506 95.60075171820168 90.93805110971999 94.0865331069645 90.0166868436122 93.39604960383383 83.9416329487725 89.50713190797175 92.31842409989187 89.04275184919669 94.18051533305307 98.03238868857781 86.31300992305027 94.65830143264076 83.04919091075264 91.51314260957135 85.85572011950886 93.83997119845672 87.81404073782616 99.330383729349 88.38216102123573 91.94984033604126 92.9898924493935 90.41749163712663 85.5761441597153 88.62235693447325 88.87726748772184 86.8191393715459 84.97477756099627 91.24691398582306 94.27661670475243 83.59950124561459 93.17309056531539 83.65933192791007 86.08255074844213 92.42129644673922 87.6242211720555 90.32030713108121 78.21485051116463 85.36939429760118 92.21436291652151 90.28607203518384 85.13994332389267 88.1214102754761 91.11835760553436 98.6502987271886 92.15575987478255 91.72859333021086 86.53949261298709 85.3468637765531 94.14485908799594 85.64279613203294 97.49869120850967 84.85024567523499 95.13554494861121 101.90071677114877 94.94395804565903 94.28872771476237 93.39084595319702 98.10549462446505 87.73084368766187 106.7415735484088 90.1973330507262 106.02363817333912 87.04202036680306 83.11624657624984 81.3562150438798 83.32520159187273 82.62673310944173 80.01685926919166 76.66795176479503 80.51788326112988 79.81280618776441 78.00088404414639 77.039251692027 80.83892979845824 80.60052003535714 79.40572952816048 82.68285944361504 79.54625371378643 79.98171578745485 81.75526317858878 52.46621414542193 58.41661508703016 60.043552830955534 58.29699730424415 53.69024690988158 49.06718285463247 47.09717579131542 
49.6526755470322 53.57532070595567 53.089447502382434 49.18544431488937 53.87501362730817 52.9893069440163 50.24956021256629 58.52295509033762 49.874373539181384 58.3321316978375 51.17652325536377 52.85339966321549 56.1895466175617 58.129515854973214 54.03699720039132 54.28081921793054 54.431165182133256 54.14528315921048 53.087396482217684 49.18108624479427 47.67208581859783 57.70334518270122 49.69245597911937 56.77750004500318 57.274699949490845 53.870657741853194 52.410136449526426 47.2524150890899 49.779952659027025 55.041915980479665 54.93006329371648 52.02234148709674 54.467602338636766 52.324896677049246 49.36131312739277 51.07038089513197 54.65781217027177 50.99952030624895 56.7818403734773 53.64700658554958 56.06127715070344 55.34561292552777 56.45800799901175 50.86073339302729 53.46452164156199 52.14289345709466 48.81501642859048 54.594029415509404 53.79708941154974 51.63789148619238 53.27196937438109 49.76593664959086 53.079371596751905 50.59154516445126 51.66053419272392 47.63386157857089 50.208415056147906 54.64571044203719 52.05485071406456 50.83483986153554 51.88514851488135 45.41350175848341 54.66357165400991 53.79154753581638 56.512056275334466 47.024747085561366 51.61382983187154 50.565006510531155 57.599652485505885 56.95234566556577 60.037220306441014 62.187498545344056 59.15578325493309 68.64409232375637 64.65071282337092 64.16853911363887 71.42183904204491 73.78133953628837 70.46627888385937 71.0504979530972 61.669763146980735 75.01604596313526 69.8671214482668 68.27567458326047 71.11947385347648 67.2267616397797 69.2252233618772 65.87009157504399 67.49236950827583 72.635423522817 65.58422039477476 69.81853990620425 75.37589406048704 63.63262568227323 71.35841496698316 60.452976285925246 67.76425894671966 63.28430914642505 68.96502591130631 63.9772981243833 75.99280184963305 65.53300685619476 70.41763697297776 68.67253602885589 70.40817917349725 62.81149852444161 66.44523181583598 66.49616116363065 64.88746646301867 64.89188935012072 65.18272538729806 73.81698196306176 56.713935796376 71.0879076059874 62.86974435667741 63.64348333943826 69.59217063775763 58.663873330118115 66.68680121260742 55.48862686683584 62.148595320029315 70.02215780814592 67.36317520381299 62.49975861419403 67.33036340471278 67.12010434893489 78.28112623558981 67.41578285937811 69.81466019811357 62.66535963927903 60.862508746766395 74.42344348297063 63.226957617115694 78.49658579118407 61.39669566766611 76.58940399841418 79.80316796588333 70.94694782699662 70.43035932038967 70.40330217163928 73.04268627516427 64.20437434648063 84.1485872518338 64.23154568384601 84.34228595735652 60.693335784814614 50.03613513608109 48.816826887985684 50.74514227652233 49.05368715611711 48.58573170623389 44.75729708568855 47.77420158295897 46.99229316542771 45.27394722041339 44.9471308505848 48.97454812580698 47.90862145692747 46.776971438579615 50.04834152431035 47.18924024194217 47.8039042704776 48.49506567212266 50.38113195321424 54.258714195012345 49.56559288733137 49.84748802474181 47.13261682697803 46.00019746450065 43.946066035999614 51.30437099757465 
67.4051688822512 71.43082579239106 70.34380225542412 66.55005057270311 71.3363688599257 70.74458142347831 67.61508589345055 75.64126418933739 66.97249656493209 75.24633977674104 68.31805175968307 71.57394367900508 74.56538328057329 75.84029890585929 71.33019553578428 71.65201760061798 72.99308115148561 71.2490005462167 70.81680683125593 67.74080034482867 64.98994660876616 74.98092502926268 68.25430315071479 74.49484012187621 74.72587243021457 71.16155982520134 69.98664776795572 64.62723214474104 67.17949968796623 73.0973094615009 72.60067304037665 69.6962842033529 72.08347772875157 70.102327206461 67.21478136055197 69.28075540529937 72.42456681396348 69.47714568918347 74.13355048989585 70.94773891870805 73.55678622215343 72.99263094168677 74.17816934647831 68.92623575523368 70.60735035971805 70.00290422157912 66.59596098106464 72.27959158210463 71.07051134506086 68.95010055150802 70.81055434361377 67.4910283013949 71.09817155593161 67.90113901019895 69.23784964926622 65.39395013032096 67.61310967776772 71.45428164850749 70.0450098773142 68.73436296178572 69.47196836478972 63.20475926983244 72.41444778363532 71.21472786673507 74.19967949497102 64.45788672981307 68.71242932985069 68.31714637047996 75.95724416349391 73.88094622331894 73.00994225973699 74.85011353930544 72.9138347153228 80.75353659684662 79.06255076866705 77.153465775212 83.70018121092207 84.8379009581813 81.9827324352383 82.89027867498159 73.29736169318323 87.91594736939045 83.97442276000126 81.72922305430538 82.03051770075326 78.97627083466294 81.36229426746696 76.37696631616062 79.14692315367704 82.03358611986337 78.03114928684457 82.44815410540834 87.60018240945368 77.7486205524261 83.17923690108995 72.20716953649735 80.42379663476125 76.19600540923898 81.5803216612191 75.9998393017383 85.48875646535316 77.37062684138068 81.23382315430602 81.07528848772061 81.88801752850905 75.06432729373216 78.46467662943918 77.75495884847251 76.76259430356407 75.77101673700082 80.11658133652914 84.17813983619726 71.83537208757214 82.56154423996807 74.94115668909429 76.82968720104768 80.38393238095782 73.29411768969175 79.46588416289362 68.96758204282192 74.79385984358518 80.5633742160539 79.81859509067004 74.40090539881041 78.59628092460821 79.75961980813481 88.70147524327673 81.78264200113479 84.19316461807227 76.66214553154651 72.47290762535586 84.67049817953549 76.4840615888796 88.31191339894093 74.23007409360203 86.16445296776644 91.27309172925384 85.62219780754256 83.087012593269 83.0112413774608 84.78441959668866 75.71479075992225 94.70194857939717 77.78421903046993 93.9921959640146 75.34006716809846 68.52694531860277 67.53633403584845 69.45302237409643 67.84691253538946 66.97465061381892 63.42779123122859 66.38192519043004 66.48974802397214 64.76325112084797 63.86492146738845 68.12609212083876 66.15148762927198 66.20168875743259 68.56765865658608 66.32187274878157 66.43114233273062 67.70876270977314 61.23222146710314 66.27359510367765 61.82475911098658 63.16709561703942 59.507219027808425 56.63553795843977 56.630427066032055 60.867550959083744 50.05232977991353 
70.09998926901388 74.39024849689687 71.66021287935021 66.10559631499565 73.04640465996772 72.99704974325554 69.4048123458242 77.16226728404588 70.87486677411553 77.47086852461803 70.60079416173927 73.0834365540521 77.97291446258325 78.38188542545807 72.05776030083838 73.9256842643281 73.65016731074225 75.54281326613543 73.63585584128845 70.08261657019666 68.16264259962092 79.16148071114118 69.87659290239698 74.17216049713731 78.06661603633944 74.38117912091933 75.62721887784642 66.20413829562281 71.357913002949 75.38665116106701 76.40862653558474 73.23253017572375 73.1302081494875 74.37505479460977 69.36977101876126 70.82470268926616 74.83966085334687 72.57547620920877 80.41309293031136 75.21566545388947 76.96546831476351 75.42880014496508 76.80293926148771 69.5633378726126 73.62548070510336 70.72869138313345 70.39113795298269 73.81363897126342 72.58258206266314 70.33915582715144 72.35271832405681 68.20734751449868 71.91833267521778 68.13509879621608 72.47726129314164 69.70276593512196 69.0091078302694 73.13971041349542 73.06800593129306 71.35242670989128 69.74996682293146 64.07527734065587 76.86076829601824 72.8067433206546 75.66408678603999 66.04879050008324 71.69967503660509 70.2220095977443 78.72090142047847 78.10452042309134 78.66872186322419 76.72921849655685 75.94181942350012 85.01346158236525 81.72019430151109 84.25590727453067 86.75466485028215 89.35086683185095 87.2406151299879 88.25539050485946 75.83467550886964 92.6773414072142 89.55115328055088 86.23535176858424 85.44303055777968 81.93839475068309 84.16727661765614 76.76531094931036 82.17930698958777 86.99345627012967 82.70309991280277 89.66717063596737 93.96585668211736 81.09198578933848 92.40620317919864 74.95754016197002 82.73341082837547 80.96388794968644 85.1018522883791 83.26770234158184 91.86441208998973 79.82209716102281 79.89184688861354 84.09070964681702 84.55318685159749 77.3737539841809 81.20206292476357 80.41116832622201 78.80704323142967 75.65639986735717 83.36547612783312 83.74903328134657 75.91991288760728 81.22175632533948 74.84409377725477 80.99562992036188 79.73029808705861 79.84376387891045 83.21838412808252 69.22321100602909 77.77878638083037 84.36371125031677 83.11597854997055 78.02101144883751 83.65503349637173 84.81216166868826 89.55762082962669 81.84021160708113 87.57804596172211 81.16060897047097 77.69082529876597 88.41950005083797 81.47631144137515 93.54872865654983 77.13614031762722 89.15264024747385 102.05992215271503 91.84292004082705 86.90168863613471 85.17772590441022 93.40858476900891 77.89441034814135 102.53020314913609 82.98410528538746 97.91147116383098 82.39951110550194 71.35103097161091 70.53477800672968 71.79823624374384 71.1626640094696 69.01593272207015 65.88727380446325 69.87451008964702 69.31893687655214 68.95769837472325 66.72875529248768 70.39781905730324 68.52790193669775 68.77788289766704 71.18591659543131 69.07182529220681 68.45513835784504 72.31409680003495 44.519860749380676 50.60523299086804 52.739142571574384 50.540118119183724 48.22881437301788 43.039759221283376 42.7922576038934 44.59654130342177 44.56458356026191 53.975621453948214 
78.20180213490399 82.44640488429843 84.21361168360875 78.59045629388528 82.75818218278334 80.67629698065083 77.70508512183122 86.71876470775713 81.54253118788232 87.2431669583297 80.24663753549987 83.567106957573 85.652148506075 86.84148687341039 83.76102987699026 82.4081493262587 84.44305959316323 83.43327781575941 82.37772082032136 76.70747202618664 78.86876843965095 86.61158057285769 79.54053923251082 85.07668408919946 85.36172088294161 81.81076828920375 81.80248353906714 74.71526623886737 78.3450251556355 83.65280622192847 84.01999979700898 80.28062862759803 83.77260779908909 83.45491679027369 78.21912301833618 81.61132389940136 84.47792283480493 79.96580094162935 83.94166724044058 82.07139334711135 85.08064561766476 87.02778976283102 84.5906333184559 79.77661919433584 83.35289089923386 82.65848947179467 78.51534960260942 83.08760539532977 85.15453245296548 82.34094738348347 81.11707209005861 79.83710113552105 80.12513818052005 81.26121204157657 77.5918641607633 75.35466815383921 78.55008761756358 83.6501194495546 81.72133829834654 80.84957098099432 80.29360310475921 73.23879869784726 82.88580902268507 83.90724731748745 87.83921604018994 75.36359643108597 80.22742723344051 80.93610290893793 87.48611953932165 85.14836190693636 83.81928185307511 85.99079019399748 83.67405141783055 92.01425343477547 88.09793425897303 91.35579798184978 93.20137796175796 96.76062585441271 92.69252314563994 96.17833393575053 83.07530713724776 96.42796456476032 93.79852512019023 87.37593553624735 98.19744016318714 90.71757784710204 92.7248935184337 88.75132250976608 89.01534375384477 96.8712635454638 92.09463684601171 94.41140922713579 97.12889875018581 83.93827283655413 94.50121485743283 86.30323822758868 93.47531400535998 86.18485284477522 97.06228934518822 90.4715122778396 101.40422659610711 90.65892851657368 97.10070887818016 93.86056179434718 93.0482253901363 87.10838456216996 94.14089056949132 94.22360402432491 89.17783395382317 89.2160187107968 86.2421098046903 96.78481497456477 83.90836832810635 97.37367128515535 84.13430877786227 86.45947774382783 96.59852675317889 89.7248551266331 93.36640147000385 79.7862499582757 88.70967874177032 95.60288365111374 92.42262683242936 88.33412352019386 90.21349931160101 88.42777589011114 102.75465340572586 92.05260532829546 88.12994189602932 85.47380172435805 87.39874838756512 97.3335393195277 86.82148168944872 99.97172126499721 87.79382633049262 96.66974627878466 100.92260578724854 89.49603416629722 94.42038169046208 94.02786933926541 99.91290261973937 93.0755385906203 104.45476037211134 89.48757402656283 107.05280275878387 85.98250391547549 79.30167643340559 76.94463017116432 79.50625264683953 78.90904487828925 76.39969300785802 73.04696287259435 76.10870465503042 75.66534501808917 72.55517384819926 72.73352041144209 75.80043133512675 77.84418869808809 74.81181722495782 79.18646635345482 75.04849132944305 76.32432071933107 76.81837836778327 54.90399240455777 58.11168169230301 62.405673878021226 56.404675542755996 54.08181809140552 48.86158965417373 46.985376022207156 53.32180986777856 53.08363114080771 65.13412615457415 50.744543831444616 
74.7427669487172 78.84014763420579 77.18286818761237 71.95383599522509 78.09412324116317 77.73970660744811 74.00402048208804 82.20508543384841 73.90171888280967 81.950587171802 75.14733147750903 78.33743746177511 82.52672589738314 82.98974728722726 77.584597051894 78.53315065688888 79.7814099728467 79.07755839719937 77.89468263868304 75.20520455589639 72.55729368232296 82.54802979871505 75.10290955499175 80.30660460869123 81.82457982670387 78.63587736838973 77.62733516549699 71.3858691124943 74.46223079501857 79.81250956998541 79.79028945471853 77.28904881551234 78.6474762529953 78.28834764651958 74.49756949366602 76.02409793303933 79.54505510912458 76.8885775441924 82.80589130821903 78.77881095583996 80.93764616285954 80.15787847813482 81.2439200470041 75.16463617626614 77.85325629461641 75.90242404479851 73.47293789611518 79.59723260594076 76.95044476788695 74.70232825101185 77.4509705292381 73.09407221527131 77.67724394657152 73.38608103535734 76.17000956472582 72.63435070072717 73.70114460092242 78.35509471354123 77.4697082243036 75.89067697859777 75.40523555655739 69.62296415056805 80.38719866815953 77.29048760256342 81.3520790195499 71.30334998732494 75.96150151239358 75.51481990286919 83.59723158621797 82.74884545901845 79.17948868399981 78.94893842518529 79.00744441326452 86.7131068290988 83.64378021406905 84.10527168026768 87.83268803591496 89.88523284154614 87.98857598956259 88.53321082148129 76.9527419677528 93.39152764290095 90.45579418027889 86.20237711188983 85.12834110152265 83.28385104101942 85.9541214500573 79.08753659961596 85.01977045779424 88.17867426513672 83.89266452894218 89.65337250149172 91.94979194509882 83.37901092319711 89.60452445968781 77.30965580745779 84.69111119857433 83.46490878368019 85.34590726645992 82.11972750468054 89.52960683078943 80.13766125106733 83.17692450244809 84.56603850230893 86.9962577820136 79.4821327674589 83.21335577317882 81.97948854104717 82.01571194926078 77.70826344452009 84.70255210971636 86.19368096959856 78.39561846690717 85.60004216854725 78.73120719931852 82.16495276810531 82.58275224646812 80.68446889087033 85.0579951261078 72.59962044774251 79.95011057831809 85.21810522144723 84.90454049962582 80.9683939124076 82.92840851808673 84.55369577897834 92.39143176006324 84.91423903718841 90.98123603209538 82.81121585911067 77.50261510452954 89.44594523835332 83.72231921390872 93.07405330458481 78.76236757903497 87.44718629874521 97.61620763368931 93.16228821038628 87.20447773748687 88.26871703195843 91.59299248447005 79.50150792555853 98.65958616672414 83.09607732006447 98.05098759046498 82.9770996284063 76.10703339424136 75.01381831484429 76.66871473303404 75.71198823248852 74.06302500729048 70.64656023192825 73.8217745510743 74.4544863624039 72.75662507251043 71.48282611613371 75.43628159626451 73.77357308460208 73.81590145746715 76.06733954401763 73.67275352453723 73.40859174454077 76.70549758780133 53.770655791693 60.45295761021315 58.698893743467494 58.84308910816254 53.896506653287474 49.6435142599881 51.07537396312816 52.772979903124416 49.80937011716291 59.02698613834341 44.80446784011604 57.83223022399307 
31.707895608544455 32.24675452116999 25.676179271714172 32.71075625804379 34.68230046559642 34.0901969127618 36.34280133931635 31.99681050002984 30.115183303489292 32.679804343876015 30.252816908194433 31.532569868490157 33.066798513070026 32.43418190818709 29.940201603772056 32.95027198346943 33.45946919573489 31.451722424246956 30.875328873984266 34.96084518952111 29.769431076853735 28.41786104700319 32.98462309128739 34.08248444370533 35.786533219807026 33.60844480085949 30.776179872764953 36.86172891724432 35.47364185694476 35.57557361872928 34.175908288471526 33.887361513769875 33.50352364951279 29.427002787883197 35.18845864534993 29.48210046235766 31.748443091827696 37.805372043652696 40.06325955505362 37.25528310552184 30.06769538848088 27.7006210748167 33.96528708837867 32.105732770380406 27.295729512079284 28.98438714352124 33.18593279043103 30.64691011415471 25.968410921277282 26.99331990833771 31.79491903515192 28.368820169327318 34.96754827796125 25.151308015980568 39.99913256787422 38.21459082396771 33.5232594098696 29.869069128342414 33.47296837274898 34.25670054519321 31.67086164573016 37.45835463019204 32.26610213810323 27.897281202836783 29.74299862150349 36.2672559390827 33.41683638731492 31.27160386494326 30.08418622559298 35.22649848067219 77.6407633925142 70.45750355354663 65.44825777133894 87.31747410965168 75.37014463821367 78.58503686815538 85.19021583944786 82.68035555109543 78.91783950077065 72.33663045470618 87.43373433629529 75.72213155221074 76.37576492165756 85.47617183408799 85.04131071546723 72.7836142422239 63.82585438665358 85.16526591012644 75.39747365051859 80.74349473865094 74.6796712474328 85.10046387834343 100.50236672926154 77.9558834231582 88.50204488794567 70.90048853406657 71.35504053308827 80.54286175953143 81.58897783000008 83.96718416256793 79.0849505565969 82.60032611488002 72.96141478960534 79.46574136024097 85.19365274686527 71.5649960359832 79.90589959438213 77.6913624052725 77.8996328911476 79.90129843815386 79.78142350127844 81.13436413933952 67.7313286830111 66.50586068786468 68.83824630693731 86.9428093138485 68.98162675473192 63.0019977785708 78.16629131539428 67.17743695186356 72.50074683466016 74.23603658319604 82.87568319195677 70.32984176000792 92.07258687631449 74.63290421254952 81.9826962776844 71.1078519328211 85.54342817979608 72.55076857867832 67.74620113028152 84.36175881910808 79.08009162768552 95.58973117868958 74.58330578740215 100.76371737517334 106.16362857433894 89.41118992460048 80.95973091445944 82.04622621231168 80.00046263976546 63.880857901314144 101.69220949864246 76.39213152581958 87.8908792111888 79.30557205519037 26.64041699817893 31.24357580584121 31.590743748390324 26.858644777015858 30.869269689979813 32.21347656636565 32.378176990761034 36.869537294506856 38.095710559746074 33.243863764588575 34.38956978419763 26.677208745497154 34.68814763353794 29.46901957823412 34.76182517120754 32.23617593986614 36.959719391694954 98.82010631934412 95.71571223587847 99.34210235591583 98.61570150127402 111.39989696351445 96.31551313434711 110.45072061678772 117.7068107899319 80.86417766229478 96.56733575793386 96.85768993136904 120.58495236727224 102.85596954805675 
33.54256604015162 33.413313429244425 28.527068845792346 35.53910346398808 36.86045947270314 35.40189460019474 38.19687377990354 33.21730898223649 32.496621033593726 34.03371296426375 32.309669793733306 34.93001934739593 35.08796133213033 33.47751517566352 32.48478850091374 33.95701303979456 36.822157618715785 32.51175242967176 32.67154625711107 36.968207124757264 32.28108094479111 29.500826789621964 36.02935254661509 36.36878493160179 37.23540034053783 35.25051440076978 32.68570952082955 38.4469687235057 37.488799544173006 37.80537098189016 36.25444896562805 35.380507729418845 35.736744272998806 31.62575841048073 37.226857435617525 32.28700701555596 34.05935499600385 40.233359837587045 39.827127500809056 37.9312194906811 31.525000483096385 30.271182815601996 35.29282295795587 35.1667863192757 29.154001712167947 32.347180624756305 36.12689459835781 31.79396080841237 29.020145413311667 30.634116638199462 33.820979295234835 32.03697954268595 36.765814780021365 28.38917570494 41.09696197744713 39.8218877107726 35.67490340402755 31.403799791861847 35.98731081666583 37.05785959587919 34.138421243856016 40.35396339519703 33.11510905502598 30.41239164105677 31.926165161386685 38.50619049000069 35.004657532860676 33.532651817214344 31.804488035099713 34.797410063398026 74.57699167880244 67.71468907429146 62.870664232048085 83.37822082658155 73.65702972117843 76.04480012355766 82.03498576933144 77.38852488604525 74.21612595587827 68.6298315365217 84.32333930176065 70.73263127006622 73.52270285394509 81.54392921151562 81.87472560149368 68.960823673205 60.236371761538145 81.73804524554107 68.69615196852081 75.12153711383372 71.79533436617291 80.71844231887779 95.50479482707495 74.1898901552581 83.76871023322306 68.42084412364669 69.38516801955635 76.23614367792388 80.52395774593033 81.51757622223776 73.8421552986553 80.0557951754706 70.79718624083408 77.01407311856374 80.47300426134375 68.77572002854015 78.72453885770042 75.48280593929884 73.20060754719958 77.41424964936223 77.2012921510881 76.51392187870819 66.98788320202212 63.17655934107873 65.04660026837068 84.28422542940851 66.31383547689497 62.966733782346424 76.1744707523856 66.94453751422103 70.59181010942997 70.49611074587472 79.32782649601829 65.80456875811778 88.34180531797901 70.16378428240614 77.88641511775475 70.13871514244401 80.37102585943684 69.38747144216008 64.94371274437347 79.10381451989878 75.56990209790376 89.3239383354515 73.14967923922627 95.82357170286576 100.24150977710504 83.61938746283727 78.64807035143342 77.81181874508249 75.6736090017646 62.84684135877722 94.79378729863132 73.8278498047143 81.0701486781907 77.17843762816221 28.963408356319537 33.2894232043863 33.95823382117834 29.673607332361723 33.00660015231536 35.1779112848472 34.63071280081183 39.85599605417893 40.85215614564942 35.954795889487436 36.47884954233898 29.252428676124126 37.67794566633795 31.75498305833617 37.53325627461178 34.87425817038382 38.54532504395338 103.6067796193411 98.97419043396866 104.75183587104533 101.39030346445084 116.20520185511464 99.44162220487742 116.04398004126047 122.71544007628034 85.85482057818403 100.59747727484948 102.74235422242785 125.27049997825605 108.09914575226941 15.222155295376062 
36.40409021985253 37.01233978202166 30.47644204138188 38.269859607080306 39.51789820065758 39.07684900948695 41.35554737969765 36.83584393756588 35.55531995761749 37.54775220929184 35.020880417085884 38.023712737006726 38.375854084859164 37.48332252432789 35.12531801118313 37.79501911854182 39.19976552546884 35.84153809583661 36.168021121604355 40.16934473147668 34.37273920723031 33.518382707198676 39.03303747779528 39.79956754158709 41.0383860354573 38.05682581209747 36.57633426392878 41.20201264086266 40.685759881052455 41.57787836728385 39.843013062892766 38.550771339652606 38.69409715788884 34.31176320462446 39.88794457876732 35.229495584430204 37.059618966644585 43.45989567449304 44.162445529485716 41.64363795698789 35.124082373709896 33.04681384507696 39.21027409146455 37.790563982439984 31.955055426566748 35.32636457850617 39.31978939139619 34.97135560928319 32.13797074950685 33.26655899114268 36.8940636948339 34.82178128085437 40.270117120347415 30.93397843283832 45.070951214259516 43.5746455616396 38.90960144236161 33.95468093138042 38.65221117269027 39.42208670647886 36.978401297312395 42.46011774348422 37.0925287202578 33.80542904302311 34.751761133195664 40.60482796649744 37.836097642470754 36.07613253427382 35.573528191084925 37.90311329175188 78.23010120442432 71.75325975606515 66.28784705625482 86.78649441637783 78.72229989233007 79.78580017369909 86.3991140670264 82.12110875972236 78.31399659644444 73.04578885551393 88.41121698497145 76.66124864876672 78.14077635705728 87.74191797029634 86.71723777135598 73.13462707710718 64.43733406385168 85.40528517847072 72.89874037438943 77.69703503820918 75.54833244698362 84.87698139076515 102.43422675502805 79.07770748291013 89.3802735465047 70.63801409348703 73.35394349731932 79.16672031502682 84.6555541764361 84.95793835253832 79.18987813407236 84.89595630260305 74.17819974266641 81.78828331407306 84.3804335201638 72.36257720818844 81.27773733845376 78.43770970140183 76.6051949563856 81.15387224678967 82.50356365769859 81.04113330449091 69.9567690312992 66.86922734519852 68.64766119934802 88.14165335315168 69.7600038688904 65.64806870326494 79.35462575213663 69.60649474675962 73.66434165096103 74.08457152949313 83.31936840819118 68.65718057106825 93.07911904494722 76.1059314864014 81.49126781749109 75.03211974710905 85.15057243040111 73.97250191834469 68.54148511995459 83.30803085272417 78.76357268742905 94.38487157653904 76.5673658472876 101.98714309363503 107.32199167932839 89.40960889933957 83.27755799189947 81.46697802181744 80.61467068555577 65.89740450389895 102.68226234376978 78.73234452918285 86.53550873469449 80.78319436507238 31.99211996102157 36.815158026498544 37.34078356350109 32.4995213790047 36.250320820735865 37.806860213963645 38.059766909055085 42.51837431337138 44.129441331387966 38.654722221751356 40.13433402612656 31.524853680924984 40.54386345229104 34.84846343354713 40.76609962351886 37.916210512003424 41.688606176907136 102.35058647624405 98.7365994538194 102.82359207502492 102.12987305959281 116.41276718158151 99.8534622401256 114.34212079979018 120.55570556029275 84.4832615023329 98.98517075241621 99.93722231823044 125.22237713186409 106.65258104298987 16.89548781189828 17.13879950530091 
31.461227254504568 31.81588525925969 26.77207206107403 33.03555329178732 34.63818806006105 33.74609303471014 35.85478901674817 32.45253348382553 30.293455363803663 33.00094502357747 30.447627517108646 32.93297426061449 33.572352138280124 32.52608827112705 30.723103620389278 32.67955786693036 34.53721598141278 31.143988652548188 31.071392851065934 34.792075819454716 29.607050293772225 29.142445690666865 33.57438711828139 35.02665886994774 35.938317288059295 33.432450491139036 31.16361207635487 35.56355943614758 35.05900923815235 36.11758632908195 34.5978841721232 33.38712712260552 33.838172980369215 29.6269930659572 34.53584972841652 30.306399113727426 32.3759938572415 37.58250786851483 38.37663924346891 36.037390350019265 30.496644527458308 28.765233992713974 34.11164537782542 32.95246561224656 27.813120909623972 30.540828955436947 33.6470067774998 30.493563731900196 27.610630659064665 28.810936372607873 32.196505262880216 30.004185928081565 35.14422358426952 26.47291456768385 38.9677800501924 37.09869104223196 33.536796250626196 29.890427184021608 33.56723876240066 34.31836903499931 32.200845059499564 36.890248424523406 31.899135032818602 29.110071027730584 30.501120148486084 35.17496451717471 32.86352354448008 31.238485243252704 30.957482223583206 33.403978523663355 69.4777821799866 63.42701387980257 59.162071231905536 78.19265274524844 69.61098483359554 71.28859463425889 77.36055706408372 73.62278894521063 70.7548320719009 65.62353449613484 78.83629094637442 68.34188576880086 69.88628811702763 77.71037450454577 77.01253508644668 65.2919241269645 57.58864240228397 76.54144181105023 65.09237721560312 70.98268173441862 67.67656502701797 76.0359327647037 90.89760859659047 70.41457391401585 79.76734916285749 63.30016557151963 65.58849744684174 71.14477510846184 75.44935880212381 75.86117263395226 70.52868823926077 74.93675679890217 66.54754293591304 72.5594798371214 76.02147979975504 64.37233945137758 73.3560414673035 70.44878313595407 68.44181949742266 72.48846907081571 72.64020438257727 72.53129176090444 62.10076413094391 60.175422891968935 61.39049613077614 78.70150525700049 62.29671039651112 58.36336786103466 71.30462162870101 61.830016990178876 65.90707968969362 66.54641700416042 74.3888510124768 61.53864193726487 82.87548272303219 66.9795281375709 73.92112529481162 66.50851867698779 76.6526643794509 65.81558854223293 60.5736705024546 75.39814402035707 70.9727151417831 85.19219655894544 68.1619021537472 91.06798816289133 95.90902324795465 79.6805822291232 74.40016482477404 73.26154687351155 72.22704752893071 58.92247134750196 91.19855796107161 69.28375920035275 77.81438106188904 71.78893040318093 27.27776056822404 31.257615588311356 32.04682704179617 27.720784996687307 31.050700395080163 32.34113659315979 32.304727400444584 36.66298404524958 37.716588708944755 33.05092603256616 34.315521279732 27.001417612251444 34.77252759637231 29.866120782545284 34.90237433974407 32.43488179749305 35.76047016139137 95.62260174747729 92.09749838872624 95.30323968805527 93.61884138099234 106.57625695079025 91.94533812583866 106.19827474774739 112.87908744453865 76.90314672419831 91.60643949676408 93.53566502967294 116.39556023653724 99.06314546518553 16.98054293715912 17.016897464876184 18.672746460048618 
33.43654115604114 33.672955769716914 28.588202176221156 36.1028219439699 36.63723056214995 36.08527620938489 38.1598280131564 34.966836034240515 31.98144766231594 35.399148662635056 32.45073370121144 35.26513583880205 35.34075302926439 34.65417600249589 32.83371141067513 35.23125296983986 36.80487469701706 33.005285975560575 32.99998920221613 37.525887796454676 31.687456886593942 30.931625363073714 36.162447057128915 38.3070028877848 37.93379843137024 35.13565183216368 32.31190258308231 38.332362815928896 36.896002925066924 38.53100394925691 36.23723562685448 35.07776097296953 36.400399967180846 31.10651189722634 37.14867796021966 32.514735530236074 34.426101517506936 39.851075778280475 40.15275395928119 38.32592115823384 32.19875356766699 30.489721783144553 36.494931581694324 35.27798034562901 29.297516065452214 32.940802821063706 35.39533326743027 33.126047591309785 29.26908140522688 30.523998458478243 34.495165173622595 32.231602931435965 38.32471055800931 27.918515005318376 41.183620301083465 39.10861042399455 35.91312893182837 31.891754452873705 34.950710463253806 35.90160442798971 34.51056155376269 39.63815273189841 33.521420240650194 31.148925060946766 33.20506569717731 37.456232539676805 34.884010158415194 33.56723978875608 33.399890869679425 35.77483983054676 72.83948066497551 66.85225360976587 63.5362243989537 82.93224207257293 73.74146858530109 75.9744020960779 80.53088638206751 77.27666446275119 75.02880021586789 68.90291092883724 84.27640079060065 71.06155854282848 72.9268463383698 80.9585436191582 81.34071548890817 68.2626342852834 59.39335585526665 82.3940806857626 68.23979398174845 75.15713614988641 72.51324421670664 79.68882408746643 95.24995615959189 74.52571550860422 83.58950631800707 66.93350993728885 69.39815446891875 75.21428297254126 79.56677102909663 79.90300278335711 72.66866112511458 78.9516732107393 70.6589838702631 75.56224715844156 81.38423204067445 67.96764980730417 78.82635487255025 75.15349382169468 72.90069588549493 77.06101177665442 74.34554336238581 76.06977851423804 65.7869215295916 64.63820287797472 64.84199674964216 83.09035735068788 65.4241312295544 61.66386106058085 75.91794030372868 65.66142540667398 70.56534414221136 69.8971238425873 79.08542952177544 66.17966322244234 87.57855335495006 69.28123981316372 78.35413963107341 70.47900693302813 80.96540699316701 69.98442184802124 63.30578915232191 80.04302592258996 75.97043541725627 90.07388712318483 72.7279405650623 95.00700952268814 100.40501538807217 83.14319136599678 77.4704889957253 76.91795466537206 75.9063461995113 63.07253925850273 93.72049423365254 72.24503107586862 80.42817843350679 75.25937830613616 28.475362921406468 32.894699921410115 33.74141700473966 29.01644086676863 32.999661125491826 33.98409035531413 33.622551635999265 38.65783088767267 39.34652581480507 34.6563727372383 36.33635242076782 28.352272535951897 36.57040387561699 31.49396822680689 36.6723514858436 34.06682561965443 37.439783755994526 101.4642222880364 97.50740850603766 99.41974689259493 98.31286299502864 112.00367642799014 96.82950764722864 111.95458613845126 119.52362260395684 80.986238706627 96.17802231260217 99.81806746842888 121.65052046236411 104.34617352441465 16.65429465223799 16.83845421556628 18.771257360033058 18.1692618066601 
30.8950519770966 31.105582243899523 25.61059812457257 32.27417471703356 33.96778427919581 32.96757610712405 35.64504460284327 31.196019729827228 30.264674863100485 31.91758903965578 29.822103701440817 31.661071640197942 32.508549670118576 31.335539675839907 29.779744430464252 31.86534285297232 33.13731498490532 30.603056859111817 30.198845510054277 33.77335545710592 29.256407074046717 27.906996147532308 32.51426727978411 33.42953554054523 35.20026235840271 32.7578057316187 30.60343408091831 35.369765210297494 34.885309800170205 35.11163913879501 33.99950222163177 32.92879756252088 32.848212685714884 28.923939908893434 33.85300235709875 29.28189615266232 31.382130031412345 36.9684928314259 38.27283935237716 35.82322649645035 29.484513558005407 27.718216733602244 32.98972972003044 31.911550108931344 27.070860054284864 29.322108452865056 33.270276454240665 29.14635592952094 26.687679539424412 27.84529483803288 31.013487240769404 28.90763972853893 33.79489164939127 25.74285236559106 38.83806198553066 37.20836690961796 33.064931800803485 29.07700477919801 33.131418610450964 34.00665268238967 31.28641058793946 36.56920159482641 31.175445490257786 28.01765475927458 29.094605660203243 34.98833431979557 32.41511922285823 30.57921126969177 29.175338025435863 32.781301770093485 73.31645131800177 66.53021468238283 61.39125162405243 81.74789064338636 71.88329062194092 74.41109034188646 80.87695092151837 77.52189953252638 73.76034200873838 68.92716749030775 82.70562881364836 71.1228605429522 72.46418605532676 81.27460127963957 81.46657703483498 68.98084034995024 60.63157308495122 80.22516488468295 69.33190705612589 75.20594764805386 70.5934623238638 79.89742003662334 95.64449242052095 73.17483782055326 83.89231128464687 66.89245797012018 68.26984124727343 74.67389517247084 78.89399285862753 79.90161021820467 75.63973694075273 79.17573238459761 69.98804980801191 76.63552969437801 79.31348342098418 67.64772833576556 76.1531004582792 74.11317345372647 72.26058406427839 76.71131531495548 76.1858938530499 76.89889074670317 64.61684305729818 62.768882978807056 64.69506231826077 82.32047187641015 66.01838524634654 60.828770351630354 74.19452884074758 64.37530513441908 68.80099874863994 70.50319461306873 77.86488009082791 64.76170986120938 87.36605455129468 70.79606127473649 77.1009449413944 68.3043628985571 79.26516063022507 68.24370046009287 64.49092879641422 79.35342633473952 73.8223605037279 89.6178279088126 71.16427158693132 96.76726644516448 100.6184875848698 82.80804019180707 77.93783690481845 77.02797727708499 76.09490157272474 61.624290520082305 96.82187883871399 72.89451259316911 82.62503779985406 74.9966662891305 26.320764485669415 30.45344169074725 31.28756934131814 26.568704164046515 30.298606421675807 31.988709988479187 31.970074168463544 35.96855004669675 37.31616368566751 32.54933578833818 33.292575973300956 26.27237096600649 33.868017636751375 29.022537072621756 34.295014478519796 32.0055765905693 35.35869612653899 98.63086688550162 94.44668535513166 99.30473681089094 97.28355384533981 111.05479925991573 95.70715363141778 109.85110270056816 117.10516804890625 80.51773740004334 96.0712996493865 97.26493022530177 120.0265412925442 103.65141126283542 15.138056016991431 15.870365444631675 17.593975162115484 17.521261697904283 17.75760287434751 
29.82487008662224 29.79325000016096 24.3724183593283 30.398131027008407 32.62083191006215 31.241275474133015 34.323641271858556 29.244969940710728 29.588169902404758 30.064679199277336 28.661698026567223 30.076699690782842 31.126378927502486 29.48140324737075 28.177977843182482 30.015306581675063 31.555055674486 29.462049794115888 28.788752978145055 32.20526445129755 28.221815739004743 26.46960317315524 30.84245134736807 30.948269260708646 33.76520699971353 31.621692611602963 29.8949784481145 33.773675213986046 33.94141113474563 33.33556317081881 32.88343823822402 31.874931957514843 30.965482056684763 27.911900921900735 32.26768612083419 27.909698466347052 29.963535830417197 35.628347051513515 37.0525890238235 34.32069972803918 28.125001747630602 26.448011485353494 31.13875114165496 30.55750492752867 26.165059001522756 27.742551012047212 32.43505285222045 27.113986850851465 25.488528411792053 26.872931848475535 29.315710846391283 27.64684686585881 31.517183389952585 24.779228298136964 37.40516830884654 36.20225955708954 31.65863359014074 27.645044121181297 32.25555728612291 33.272740382518094 29.806471906845193 35.21017241882789 29.836340069484496 26.608703096358262 27.0960460562601 33.736732889380356 31.112489082685112 29.167577356687282 27.24406400299134 30.957799441993625 72.52812347346313 64.94191142452377 59.70172992214742 79.75805396383369 69.65920826794498 72.89424216239287 79.34363037977455 75.78564310514274 71.96409372979709 67.59459054115973 80.58412169287257 69.44502084240158 71.1738266094651 79.89483222534679 79.8022499678589 67.99882780281132 59.75930855870375 77.47782851428816 67.97676694667487 73.5798305725939 68.68072118187848 78.62768119366322 94.04173745225552 71.48966661076899 82.83108434663056 65.75964027225457 66.44403108818815 73.13398154648296 77.53293225871487 78.95637205308215 75.05352694676938 77.72749617693405 67.79896186713475 75.65362764774031 76.60378037790265 66.14224957339503 73.8193346171054 72.35732394494931 70.33969112190721 75.09852927858034 75.76267126489046 75.16634526063235 63.76335164923252 60.32211996489219 63.115595139519314 80.80916639838556 64.57536169967553 60.252422946020474 72.23883494224705 62.94527611174084 66.99496224036065 68.93480497824814 75.92461087967234 62.84668459441998 85.50676338349851 69.7605030183228 74.2864335916984 66.12865369213989 77.12848574505203 66.60621181070132 63.98232137927349 77.21071492189441 71.89241369485194 87.35221102872455 69.51701669427749 95.54504135712605 98.8805738540355 81.09826344839219 76.86464239295448 75.54993537842033 74.99015592570582 59.830524398676125 95.80501344117171 71.79148141532413 80.91261117742911 74.08403415464473 25.437237929471436 29.342709258578374 30.176914706208997 25.743754864274784 29.04909959804948 31.329376062169914 31.258989645336726 34.99496577761813 36.70454041883047 31.825278980402185 31.921012524385265 25.46227023890119 32.90369983613114 27.949589489620156 33.385051386765 31.108203367963327 34.39419508623428 98.57789250814925 93.88310164919818 100.8285320201611 97.41027647311883 111.74322131320602 96.28019366124194 110.6481521544086 117.36253520829351 81.77715646581153 97.23086396474753 97.34564665168979 120.768397360581 104.51117506123653 15.039533289789874 15.528113139292714 17.42241979053579 17.482342447258617 18.3981147718833 15.50059584760622 
32.613541472278975 33.669050534558906 26.71318858041526 34.60883838265435 36.086306726985406 36.05380666584604 38.05441525122302 33.97712053262594 31.540720988891657 34.60351152074199 31.42528760409222 34.01075839962066 34.94729921952898 34.627049283127604 32.00496898248131 34.87916691079197 35.15689697260202 32.44827888056803 32.76278350752351 36.049758041584084 30.302209671837286 30.377914740897754 34.98729788911887 36.65385804742395 37.93499820567895 34.67792072914353 32.783310768098524 37.769648759995945 36.913678799044575 38.243496087305715 36.42603077210296 35.081467591706684 35.48576719715135 30.564124796268917 36.02599170969233 31.23358055925782 33.478360470160496 39.44026790407001 41.29031039786464 38.59948545816009 31.949832349654855 29.450074234588623 36.12924941759824 33.727251016044505 28.409066043933766 31.442345192510842 35.136340078157716 31.82920002138067 28.664331287339046 29.201945153109378 33.548035948763165 30.592335514267138 36.99428197469332 27.40057399292004 42.13295147885029 39.86058487436397 35.44286103195314 30.880600426077404 35.013343351881225 35.35241239979793 33.44265236005076 38.328882620094994 34.1166665327123 30.226445789625725 31.253916022120137 36.83988962476967 34.50234167853543 32.35382655100519 31.912093234867438 35.273428748637684 75.80862993961729 70.43336997616748 63.62768957114745 85.00383350041544 76.95686894757006 76.49317112260046 85.48677683823782 81.74970655354869 76.75751706397791 71.9762663318583 86.4943077406386 76.43681663869772 76.12625401316363 86.7603619276621 85.40499716553381 72.03353307670784 64.08114374785718 84.23632762835612 73.07153157189337 77.09647269649177 73.1017170202344 83.0508612348474 101.26456625018244 77.20062029562807 87.3422492398795 68.56541492323218 71.78690594864901 77.34396291472497 81.85517815558062 81.85728242039632 79.35654421997533 83.31381473384201 73.8072321720413 80.50397627793389 83.42456618333982 70.89678298569571 78.46915545425419 76.35239698490484 75.51933754739656 79.83548539797864 80.96492908379993 81.48086274189939 66.02791260973792 66.27714063319284 68.21969523136165 85.67824791348498 69.2889285928769 61.346140420576745 76.94517635309028 66.92879624390667 71.10325735109728 73.80676442032002 81.33952881593353 66.89462464811315 91.73420283055079 75.87751076791551 81.76007349830485 73.06603892546421 83.9188337611448 71.51119096803086 66.47783349909632 83.0025936254695 76.18247044565382 94.18272381166332 73.70641870564944 101.8896095047442 106.1334636234464 88.28852570468892 81.66431909168408 80.40964239297446 78.73438453923136 63.85927195391397 103.47636883746844 77.01482927664212 88.28225786898466 77.5125718986063 28.3015970659005 33.08195909459611 33.71489772413209 28.219119743648456 32.7178674388656 33.55479226574822 34.26966625152526 37.88278723993007 39.438743898405875 34.338111947981915 36.305010629915564 27.640989922129343 35.99124072729718 31.13471856795926 36.56909905936677 34.15920118554031 37.70403742015897 97.1777576438552 94.553512444452 95.96216351741569 97.91002847161651 110.39674901196499 95.1295371057869 107.55147034874024 114.75673734055036 77.467076149159 92.80199767951589 94.58425565504234 119.55917774759095 101.21745644620307 13.599383427259554 15.043063559820903 15.164814299781801 15.824707866249316 15.95314961157936 14.629926048725256 14.847385315689195 
27.535659870639414 28.01436912796788 21.910729644501675 28.02714447346507 30.281216897226148 29.97959223057006 32.49324130440584 28.86670799474371 27.312660718217856 29.44924841307317 26.770617532263408 27.62243262710082 29.44401322505411 28.665650233791258 26.43566825327428 29.321325781560688 28.468967314818723 28.313593727334116 27.09240492485548 29.861827858265368 25.338441516975028 26.28710307734068 28.088820802215952 29.953718527238355 32.931320069057804 29.824049551810237 28.251208824232638 31.368754190830437 31.76869863096433 31.96228732985563 31.412594125237916 29.86524984912831 29.255248907615695 25.52460804676429 29.480826034233736 25.381283157055808 28.11751701051077 32.85221737484493 36.49942609185489 33.210187342417136 27.1050557875165 24.47292280453596 30.28700320603992 27.835173990096795 24.50599540550773 25.60497792200061 29.832959469957377 25.785084666427633 23.795343556811613 24.49029796017638 27.68771636164341 25.076733261152086 30.30923598586009 22.23093256333733 36.23615338639681 33.930574432973515 29.786337043691162 26.16721979545639 29.499234375298222 30.019257819947313 27.6718506495584 31.74990342386882 28.892744444406457 25.061736158208642 25.481954465636353 30.320383727612914 29.199798907479746 26.696281866938232 25.970450918482747 30.212290597761843 70.79069899476393 63.95826463286207 58.80311908108898 78.70854502066388 69.12190109751508 71.66085180291283 78.54507731767625 76.61293624702925 72.62394595900956 68.76093178154287 79.94426776058987 70.88401948771451 70.50509613242266 80.37624652264797 79.5971180399171 67.90949273072694 60.26167093705286 77.31370239019569 68.52236699010815 74.36945091724317 68.32821260401616 77.86031700773609 94.78791560394829 71.19655400834051 83.5223434152794 63.813970597470075 66.13823674282845 71.62789912102359 75.76803264211323 77.02051955669263 76.77235213807612 76.77830139306346 67.71526171878692 75.02957847095851 76.87172895834559 65.20796724537182 72.17879485994881 71.29612827317139 69.48117901014409 74.65436983718428 73.700949308091 75.801221693725 60.673739231533546 60.92347848465787 63.239335827002485 78.97096390849912 64.06394221744033 57.38560041028459 70.8891720737532 60.392310579521585 65.69734695653368 69.67311073797153 74.7048796080255 62.12587809529355 85.3314382979913 70.83828702449746 75.0642545821924 65.15744085533451 77.09169880380547 66.21237090195132 62.84056459917756 78.88498374423195 70.97864333899753 89.10544272912429 67.76546326278859 96.85468588935863 100.73499413922916 80.84534454734113 76.281472328847 74.5594489149737 75.93418641443874 59.400529608747306 98.29299711287611 70.73175209159756 83.16651607204184 71.42483675061929 22.981458600827214 26.858128624656977 27.93696818190249 22.6702411723289 26.979478895747658 27.98115658978303 28.59876904898274 30.94028345089812 32.918192517982696 28.2307976808434 29.30163067032154 22.374210167967043 28.995753668375706 25.57180542110231 30.255749559774397 28.33505684463704 31.17996976020944 92.77844025762536 89.08762888945719 92.21899685461663 91.87022360744336 104.66280620483359 91.35711632584741 102.57967713694212 110.64786550319167 73.54921776933018 90.06698983489665 90.47764473707069 114.48296068244144 98.25121464070075 14.267148245805354 16.532905577854443 16.80470597273088 16.797602576370164 17.512696783304495 14.995454557658698 14.466613865862252 12.766624407821492 
37.44101906397601 40.06599090402571 35.795261945280835 37.01123947502891 40.79066497503098 41.24496701440017 40.41490039123853 43.4727291742159 34.587410261857926 42.39976934372423 37.19257146831494 39.43160131947714 42.5360913216306 43.10531719032855 39.628089851437004 41.2712253439181 40.95142632268703 39.04932856930164 38.65030490894729 38.89218326164956 33.16481464215222 40.510947140783834 37.50874908240962 43.44852960004052 43.95049119364306 40.35837853789644 36.645823060162314 37.900535758872735 37.53201200387872 42.53771181108622 41.28445801985162 39.60999852070206 41.19133612251536 36.389159837524204 37.45168787874777 37.08236782396201 40.07655071392253 40.04640287576092 44.721620655682116 41.517401320227265 40.44276183506452 38.289591034761756 42.687529002446865 38.524336083897744 37.382519700125314 37.31902221193366 35.72130824329279 40.22236433030955 36.874646653260996 35.34639388694558 39.60676552408909 35.18340032534572 41.926076638304735 35.347874901111375 43.18313892234642 37.90940613443565 38.698974678761594 39.47041329694121 39.46744433292005 38.47504288644716 39.41507832544549 36.73842434034434 40.89802492113222 37.70896065504663 39.84502094695342 36.51259556570322 38.265474747488526 37.29138527534587 40.97678954983736 42.67354378873627 56.58361491623208 56.485856253346846 53.12841258856915 64.39905872674818 61.01488607426608 55.826896940997784 67.4269441778881 67.03001614691252 62.60646627484489 62.2646092880322 60.6318345867084 68.47046119091057 63.76019726244699 68.96370117841893 63.6125876001377 61.001254661609785 60.64669212276691 61.358437643867774 64.97097055416391 63.482719592098476 57.0579782025079 64.44651805115596 75.07448737451656 63.32581028309699 65.28865589176809 53.16721500947177 59.57950564335286 60.633438737740974 60.66516903900424 56.59473264781906 65.78688102275119 61.1316342251908 61.81583599053072 64.17816275728846 65.49873530070919 56.66827173115866 57.18131770598269 57.79439299538131 60.65210391534299 61.27059440990338 66.19956905946285 69.1246342803249 51.54454003379343 61.037086858975606 60.31504496739069 62.3254187290742 59.855554184212096 47.68938494906779 59.05875754838743 50.98080664854369 54.67027129434118 61.171278143627 61.94255655535624 54.453414144322345 64.66014260666378 63.892446310733774 68.86471629484612 61.15367598766072 71.51666619819149 58.22994341872444 51.36930092852032 68.17151544598006 59.281949114895426 73.10835323144104 54.49931214622608 76.3610330502282 76.7881082382217 72.4082008897643 65.32996462245339 67.58222679082125 63.1962168004306 51.308232877712975 81.7713961168666 59.60257524719285 77.12046912502234 57.136237642423026 36.58760180375631 37.63312767525035 39.899303445676054 34.80407813082475 38.28417564812305 35.8756084415966 37.66401561431268 38.28973445522377 37.81266399604688 36.03580635531919 39.7278614206099 34.71553882231742 37.313364751637565 37.857797599833184 38.532965188117146 38.42856723589207 39.42859778437755 68.6528337716122 72.21316440401037 62.586204403469154 71.53688995145541 69.49892683304637 64.98430051876552 69.37836698810146 74.40862824584623 46.67145891950239 60.344986441736346 62.702431050582575 81.33442346266445 65.67375965837134 47.34728734570845 51.71695765030347 50.20636436440577 45.63879681009592 48.277242346065776 47.888425849223886 48.91598616333268 43.359790076324174 42.21780301935767 
35.28131419530415 37.874954594187 34.63052012238957 35.86483696097189 39.30771025416543 38.900129619536784 38.92929375192442 40.990048010771545 34.94348955404364 40.579559182626724 35.73000329476071 37.90837457396975 40.36076770100392 40.72549447067279 38.60496532351467 39.01618347711787 38.849520763478374 37.29839361210036 36.97793483133081 35.38663008738535 32.45644124876466 38.25222488242168 35.68947616818457 40.84456591146759 42.13441738373006 38.32488973409795 35.74039974802318 35.89856818694586 36.5123507419695 40.741717271661194 40.21233046739373 37.67898014087824 39.534487280177615 35.342018374377844 35.241904149165364 35.515148309558676 38.44924859977858 38.16871929304912 42.35895520553203 39.761490739314 38.536339407472866 37.43683687630325 40.202050043319815 36.5351049891551 36.011208048906376 36.2871020298314 35.21943920012596 36.995661820303056 36.97110720661067 35.1354069982049 37.202418094411335 34.27133164646328 38.574088441910774 35.351554948918945 41.16985472681189 36.65242625052932 37.3765282130714 37.733577905455206 38.48668681196 37.59891987874902 37.56534033965177 34.943548950111214 38.71058862913115 36.64386021820567 37.95166823600232 35.044542182720264 36.76885867126315 35.80547119093604 37.83841979052024 39.52407220417706 57.55965834055284 58.003674089385605 51.75324067278517 64.69901943320909 61.41500783244081 56.743844383366294 69.24482662053578 68.6587238706181 62.01328116597577 64.11393500718953 61.78749956833221 68.3165624997761 63.61603137573585 69.18197974078329 68.56510333916434 62.75238438016493 62.338442876211765 63.3441264536532 64.81179861965364 65.13224538381326 57.915061345170336 65.27915547453038 77.3107216732817 61.244464472499686 66.64337866586459 55.22291627152269 61.53695758093508 59.71743367592355 64.51172119785485 59.27316354569618 71.4156508025984 65.16563437916291 66.2550516903358 68.01291724552823 65.47947952704082 58.34008044604997 59.361801459181265 61.15836101531039 61.31125285933825 64.9344153252806 67.00569155169119 72.63185211928963 51.4406481192506 62.68986086481014 60.67559801530771 62.924291231367604 64.45193245045162 49.413945891960225 60.48884108960155 52.2071801925712 55.97236967232873 64.88061647878908 62.97816866990317 54.28831960402545 67.5504654620321 65.55881711274698 71.38696233255168 61.90656181681316 67.51921774263087 56.680363905181366 54.67317422960759 69.74780350543516 57.68201308609787 74.7498354713119 56.28603585163413 81.12383952535767 78.53578878297908 69.2656951131248 67.91924626547147 68.21900571229564 65.46739236028094 55.00936688684656 85.92715197507204 62.05440780716544 81.03342724406846 57.21969906896472 34.54051953225433 35.19376492851712 37.872433950697435 32.58250426368574 35.88703371076128 34.03562995954385 36.02618078208755 35.53278555875382 35.111600217535305 33.57805908731494 36.34912818162442 33.00618097907521 34.397219926519725 35.744254094957384 36.16024982529897 36.778995302110694 36.47261338926798 66.16427955343607 67.85721286750264 62.80659395283509 68.8671797125589 69.01442847601015 62.79516779538916 65.68100688471426 72.60939506488512 46.54549618075744 61.54018362771879 62.47508514910926 76.97727763383826 67.442021676156 48.839586374863316 52.547175125671586 51.26950689167226 47.06916443699125 50.49247312440454 48.21888441512642 48.611132558004265 44.23713122037804 42.180133254322236 34.93845178462226 
35.82340585910864 38.05770294152352 32.531634909806435 35.076446253977636 38.70990743807747 38.45288610065386 38.8810680636399 38.48092476366035 34.30513487731421 37.94933452549739 34.68864363632836 37.84909657603019 39.919358606244714 39.30508210915731 36.272293022694235 37.69316818385339 39.02936381926651 36.161536651783805 36.36678000896238 37.27753966696985 32.04728816808717 36.00149476629962 36.40657171892302 38.91621881747674 40.93150887926797 37.618516411501346 35.5814011158668 36.57578901600418 36.88772804995491 40.109724248156425 39.44053456993812 37.97791101427395 38.0772704006855 34.66971869934199 36.10371047054921 35.52272930660633 37.43841434348665 39.81215330177955 42.49210284228473 39.34035047715303 36.99927392332365 35.54272477946709 39.1341088033419 36.84705021622982 34.45486424543313 35.04387075384375 35.786128756658286 35.91999652178554 34.38788867273566 33.499889714914666 36.18655446617632 33.62811389873072 38.146974312467314 33.60083429238676 41.62291156387275 38.404310726688536 37.01430627369457 35.492068368784736 38.667628234522915 38.3674172278281 36.96640028627564 36.50861613839018 38.09400061614939 34.94973058940755 35.88767284923605 36.05322014835507 35.99103169767223 35.46200880592072 37.13777887600347 38.05441426007162 59.62084033251693 57.25299914390365 52.426212525800636 65.0540314877686 61.908708336804864 57.72858827977136 68.73005976292247 66.30532693085047 60.62389871268999 60.77843638861702 62.24539674386424 66.8961127608469 64.60825457572706 70.92247069272115 66.2216510959599 61.2403861295687 58.98654301543373 60.8865009637366 63.891163110482324 60.5682032944527 56.88678612417239 66.24974424594228 79.09436663127104 63.82837517191817 67.31820302091432 54.1007233982258 59.11900879723229 61.321110781001714 64.28605812440205 60.34672235255604 66.35053644020732 64.72440249320049 60.64159223546688 67.08934658618831 63.88492606657724 57.13299701454784 57.564099599417766 58.613305924311454 60.82607803547673 62.566720503543955 71.10968340473075 68.7325978951448 54.92199170203349 57.74426741526176 58.651187359337115 65.4638338091616 59.643063981457864 50.81657761622353 59.723652112598295 52.60673290716627 55.1727336417402 59.73422348452143 63.56232413265148 53.227106068858916 67.13719860847179 64.67233102109824 65.57723480902469 61.76732241915889 70.64843097139547 58.421040882319915 53.43442364267596 65.69703379287226 59.038094033910546 71.90713306803626 56.44105403192553 79.36839120423231 79.34050214281821 73.77509182086052 67.37920051283311 68.4158730270299 63.76430613237785 50.26999430375761 84.61050936737544 62.864728148598545 75.4148268361577 61.21741797526417 34.99228143126566 36.864271892572674 38.78270843329691 33.876809783846035 36.619166935772 36.37624204381374 37.89096553939797 39.43814593635514 39.839835616775886 36.66817448331705 38.99313516074089 33.50280484468551 38.10398570702774 36.42058174062672 39.039294440362156 38.24107051602142 39.90080924098262 71.79576036200906 73.55586843924452 71.59597891231871 77.37598150749622 79.25102714779244 69.60294110468027 77.24474892205716 79.77186918166042 55.580758725407165 67.89359421844578 66.63839683761191 87.98454722367936 71.912321494267 39.92645878400829 42.84687877541427 41.783868289906344 39.15648545524946 42.79391953862438 39.95492302943618 39.363551628135404 36.7748880977812 35.870847328097966 35.97634129526041 37.771904101928726 
42.44652813269984 44.69198085462357 40.77294537883258 40.60026420659865 45.279839826179675 45.65638069317935 45.14719033656211 47.62955852462345 40.38981403304633 46.588571178529314 42.11556258193983 44.39928187008058 48.21841813615758 47.280443930930694 44.47153888123326 45.73583004780962 45.27070415346193 44.51560715835063 43.1626168358523 43.08688339647142 38.79422579577575 45.42185547207244 41.85655808421581 46.75983274862079 48.873848353477754 45.22356766496688 41.6227095083729 42.05986050647129 42.46803824961074 46.95305907883074 46.606216336127694 44.66761548644233 45.67361507395993 42.234459083330876 41.53397544898022 41.84927242590389 45.074904466107384 44.66269082273686 50.166953998051625 46.748272431132165 45.35524728359285 43.82022230542338 46.86596728675223 42.696915865954736 42.87742038227203 41.63193973053329 40.61880092321654 44.2092789042292 41.906318359384635 39.90372274807737 43.380927967044705 39.158081382622605 45.46542809559669 40.12331574852356 47.80343929581541 42.544915215363176 43.05923350591529 44.28535807396337 45.13186050975287 43.96279510953177 43.45379212184606 40.81076437053368 46.058517854092386 41.975666875411754 44.623985834466396 40.631529421216285 42.98380603403541 42.54328707100384 45.05814538138305 47.89956468939239 59.523577144731696 57.78112300078434 55.859051541041055 65.88283342869478 62.33533480167885 58.69834832451933 68.14108606346413 68.76899293996657 64.00059945956566 66.31701457967418 60.7078667150317 70.27321970761479 66.55840099253885 70.32903096232441 65.19938354897918 63.499042812292956 63.930638130224075 60.68091026960944 68.36257642518913 66.71659574255628 59.64925293912672 67.66244727273909 76.22590644518348 65.09483004233972 67.66317953648061 55.853952771734974 61.795891191713665 63.57219915644746 62.318251428193186 58.98717960971564 69.32953803362336 62.1868725599925 63.47741019157159 67.01146628335158 66.18468215595423 58.549532659149854 58.48655177678382 60.14461403052789 62.770318158082375 62.79977127507785 68.33440709100189 70.35005170901826 55.34850509771731 62.69228237485294 62.72443469978432 63.81277877106558 61.856429534605475 52.89768654188685 61.3599722018632 52.270148971996086 57.044437939546455 64.6814356020937 63.152137860119005 57.20311760696859 65.75498518640309 66.79166877732476 69.57142316776105 61.47184628610566 73.15154885536946 60.35452470581281 54.43078012595016 70.49151508819118 62.08440685274889 73.8505150606816 56.12685889927803 76.70291611855073 78.1984810310658 74.01057767078537 67.60986630572512 70.40042977483039 67.51719749594254 53.81368691056489 83.46638482669593 62.59464288594917 79.46285088671861 60.614212175910176 42.05158256553809 42.359157295213784 45.46006061598579 39.91380530256355 43.439486349190965 41.49129784311806 43.209717592012865 43.27996344947014 42.721955860979755 41.11083649930508 43.73025957283345 40.44376177917067 41.63488152907321 43.34616689199971 43.61822384934693 44.084825056656825 45.13067535655639 61.419701345026986 65.45781159197509 59.4097181152052 67.64015982881556 64.0778992914418 57.73427925640354 63.18206432045485 66.3245309687612 46.018436039310465 58.577489949597236 55.32697588236727 72.93309420766197 59.70070673488063 55.52131930803167 60.56329344994863 59.39739223827777 54.44513135091621 58.32744485970265 56.28313248041298 56.54051151935794 52.99978586044723 50.66569869749191 36.58271201112102 38.89474169229448 39.57406160365056 
39.610933776205236 41.98018797249005 37.679285100287785 39.196719685934134 42.53797444145161 42.31228948568396 42.39490722694783 42.97469175081105 38.93291093272528 42.21137399939532 38.75424579071698 43.388513375791476 45.033905609444346 43.631088650489396 41.37787638012443 41.89518663167495 43.808685181735655 40.30688713294562 40.463302772836926 40.65882044156193 36.52324410568806 40.46895747935165 40.84726651611035 43.54407962009101 44.98704015750422 41.024361025533565 38.85839556372234 39.45138652545573 39.88685895477653 44.42851766787965 43.68424565421135 41.49004471725217 42.8048686013602 39.46054443618966 39.366667453398094 40.50843297445894 42.1934138466565 43.383554981401105 45.40181022641847 43.021902553402704 41.37847131583147 41.26682676967722 43.163067175768205 40.979078062097514 39.126014932365976 40.13151452065592 39.29937499348698 40.14963346720757 39.93864810395595 38.14988275848538 39.750408148049864 37.972329619138776 41.97188340121593 38.68832917043302 44.38584428481475 40.82984267352385 40.80654238999189 39.848328944899976 43.0611206565675 42.54470930323898 41.04495659006842 39.343523535783824 42.03465971216994 39.64027688848741 41.61651512017844 38.708911455267724 39.41684150560084 40.33595229187506 41.91771555407832 41.85463212153981 56.01707160774292 54.45770698704189 51.16058815480742 60.90104466986296 59.906796923888194 55.246737279310345 64.17799025141935 62.618780262752225 56.444203965619366 59.87688206887077 56.88959392768942 64.03675400086232 62.45469543869934 66.4087136500432 63.52267848511048 58.68554543248084 57.79753393211367 56.22793823967998 61.386210475563786 57.42005226142642 55.198645320668916 62.96012903525479 73.94888159458226 60.53096236026287 62.46894954822621 51.65386044742025 58.00361456692886 57.93917255939377 62.10799648693484 56.173685175582825 63.64549461947471 61.32504090004227 60.02364344696737 65.25279558842755 60.03147454259382 54.568785713962605 55.30262089631195 56.88304447219074 58.23012996749264 60.02593400608749 67.61296733361878 66.00483223246988 54.29200422653693 57.833076150758444 56.735702437212936 61.1157994092406 58.803365867571316 51.640614207300324 57.87813757679064 50.20989516143305 53.56975216190225 58.28703731081278 60.258118253956425 51.3056730681726 62.07162138246413 61.8216552938555 63.059929177102724 60.346357432941424 66.82402377710345 55.857084222882534 50.859990067618256 62.75880177648114 56.3453934579941 66.48071365626079 54.06543018567873 73.23410742430569 72.80340766849497 68.8349393500674 64.69228103792432 66.28570621285724 62.10204780678413 50.01424262380248 78.85415664508938 60.739535295557225 72.29129567817614 58.41042348744663 39.689359004328125 40.56996458806622 43.67073487218002 38.19222056483731 40.93563306515887 40.32520985933939 41.78495256074162 43.00812765519799 42.37097052108555 39.91614872879197 42.13409455529548 38.285366187981495 41.17640036100178 41.17132520315823 42.733000631201975 42.8017257561693 43.459188080568595 59.085246981094826 61.830435675976844 60.78278234825211 67.29400319096551 66.17416461228414 55.26514283620323 62.926738671908346 63.91661062063234 47.60265330523179 58.44947597021634 54.02595139415618 70.86420806461697 59.0595583888659 51.40598839415688 54.36080669851383 53.468585529047694 49.61390913705525 54.01761213673732 51.16832753722296 50.68591360753072 48.52240415509328 47.257700701607696 37.32712683821775 38.080664716104145 35.50386186869474 36.912854054553705 
38.63491117635969 42.04827590642674 38.230776283549226 41.27773589000728 42.87360234998001 43.136964553199356 42.29708855465757 44.94497167071395 38.16062684167945 44.139598416561995 38.60114423401677 44.11757938905733 44.696082315206716 45.331122201076745 42.78695357472707 43.24413344212434 44.46939272708299 39.77435521851291 41.05025339352151 40.12379514616042 35.767168569967694 41.06704044043653 41.53691484185794 46.745134426270255 45.307800141483035 40.37972749175306 37.80705253577608 39.64003435427802 38.85144283122543 45.60067893098979 43.369937868299424 40.54786691921924 44.418725268288455 38.68094292679233 39.57870208435673 40.933958131417505 42.58807653918566 42.87785596096847 44.27055110268394 42.98770851651279 41.78411187380483 41.846414919072686 44.502051232376026 41.21222246967703 38.56346657766906 41.62902715741308 38.39629400804678 41.71781909331479 41.24518130236219 38.65945166185612 40.85104629511849 38.830049016024425 43.80930499580957 39.47205005189101 44.0898172058983 39.69425965813865 41.377617065903706 40.53799102538265 41.93405186731271 41.11515232499401 41.92401126879944 38.87052215652107 41.853989292223794 41.01549711513118 43.582489699668 38.34685194203508 39.39179109617003 40.46648441710787 43.39815875807056 42.12661964555887 54.85464414269546 57.158413551299056 51.75089514148308 62.65084893405702 63.018186078244455 55.60155480504513 66.66794733306975 65.47671669653148 58.08593264297892 61.224022470058316 59.72231742507678 66.40689486442206 62.660712196012184 67.32992702615746 67.78732952156382 59.94913937762098 59.1955210404628 61.89182027231429 62.15427858713083 59.135812517032264 57.2181257119529 62.774961163100684 76.0317671915518 60.83289093910839 62.32661682924775 52.56334686489481 61.22268741494144 57.461472922104186 64.82394353894647 56.03484913127032 65.82679825586308 64.67629494505873 66.16033271919409 67.09599728826807 64.09898480339182 56.78176809210227 59.049404444469936 60.0242323725284 60.623106112689804 63.64645896737285 66.65945292256097 70.85129263504628 52.672902888788194 63.67767215781564 58.78527215182102 61.64280841624788 63.556328108235775 49.87584621108212 60.17907606655761 51.90591216439557 55.63691136982125 61.269202518430056 62.88393008909189 53.00603619406695 64.77244923771879 62.82641704097196 69.64347663432375 64.77101381475232 67.07067848888275 56.25750962644608 51.16666005154232 66.13178925768113 56.377245328862294 70.33463063996848 56.20159401542504 76.67487682970179 74.1387994139045 68.30984035726834 66.09856670522599 67.49640053759909 62.432607765793776 54.08934965488703 81.20002929858754 61.607840481099736 76.84306787023763 56.40023036407591 38.52063833717231 39.63486100765492 42.76394350576753 36.719587321611755 40.21762089396588 37.894999587182014 39.857938300252336 40.774870299831825 39.149719402201306 37.42262439894626 41.42223656192935 36.81917399501797 39.3119840308109 40.197948076863604 40.81061465667258 41.33195971860086 40.86779102759638 57.972308028974844 61.192841888751694 54.92639564190059 64.26770195643593 62.24240008132895 52.88908971552508 57.087584901313626 61.38299047106049 41.05841856183547 53.50038001479499 53.72488221252112 65.977495201795 57.161127611997316 52.88593801692912 56.201030381285904 54.48712092456271 50.18171433835024 53.17778328841456 52.58188613504166 53.836983015727036 47.83055555128568 47.874241753112095 33.03864861074479 33.518657895578166 36.10560077104121 35.46992388656104 32.35157418305171 
42.30548449800456 45.25144445269033 37.7442988077621 41.014917574171776 44.80062234324789 45.92910773550851 45.518830088412706 45.624769196754116 41.02129163893959 45.16738356070539 40.86499363670715 44.83271512740651 47.395055047202895 47.05824582804643 42.207986498915545 45.33344049562429 44.98129470895208 43.497459625247295 43.56677216413245 44.5788108327579 38.13527824117572 43.99823467075965 43.404388600804886 45.95032563581057 48.63885653792733 44.15969864994879 43.5309207795436 43.05021012692059 44.113760061158075 47.888924417474314 46.965641239610214 44.93171681024351 44.728168278231806 41.54003587827961 42.7358407151807 41.99933352230171 44.23040035853047 47.2227773870716 51.45792404824765 47.40742288999979 44.37300592520951 41.954071663251455 46.99427784220048 42.72552446349097 40.64059430368074 41.407626434563205 42.88060328153087 42.86044853380053 40.59615755941597 39.15896729866314 42.818695527317935 39.5289695880522 45.58235211218925 38.61826153753165 49.55793415529593 46.24329633196316 43.58941819945065 41.35961414842383 45.01795937160097 44.240635965087975 42.81169626804232 42.21586689788219 46.19463134148213 41.566528622258346 42.64972296298098 41.66916954809391 42.61491356266738 41.76716622330567 45.041291746169186 45.64040253538032 66.80510162356781 63.63693015426477 59.36792344887568 72.38855675061572 70.57971387391662 66.41291978622756 75.6821664442027 73.9791914345339 68.38480407193381 68.62810954158515 69.70401029529975 75.67276493655574 72.97385216076374 80.07509166878282 73.82450985166327 67.40071608854633 64.86063384737975 67.35922014913527 70.20990398191248 66.5572494531433 64.78420232809262 74.69814764831726 89.64978094064486 71.98428453166632 77.40294098583252 59.05803016395713 66.04666341606466 68.18386225147704 71.55992744411505 68.11969212994231 73.8713140122386 71.92308969222707 65.60623647635245 74.11234495684441 71.41429259161728 63.29114193468642 64.24502465560005 64.77985285634146 66.99208742203743 68.04009919561989 78.28858063969523 74.14178059672376 61.621383678602555 63.1038236134172 63.84259455569479 73.03906780187323 64.00240438274582 58.00492751967221 66.93921165004191 57.672331248881115 61.86375345819593 66.26641014895685 70.91328349142202 59.62741900846189 75.70242614345001 73.19336921465568 71.82988232392981 69.03739928633877 79.04542920638914 66.77028376000972 59.70620509161183 73.18046393230718 66.85312834552165 80.5354673456788 63.2540434149 87.11067916582232 91.7820533878278 83.55229116759241 74.71856897841995 74.55447909020486 73.16501294053363 56.33282846578038 95.18244356310645 71.14281141018344 82.82991686143772 69.46218410176884 41.50069576751601 44.11807666535864 45.793159785555524 40.44861210738498 43.47919186106842 42.58604682659261 44.99235195431571 46.21185510972622 47.29957203361205 43.0928412311856 46.40289715728944 39.2223316999086 44.79492780206364 43.18558407798289 46.079342220911826 44.73089210396016 47.550225005763764 66.27215066960655 69.57906960813266 67.44817951538462 75.13915841548882 76.90778615365434 65.73385554919292 72.48544754674681 73.58712624935178 53.85845359284363 64.88072239727556 58.70164856866149 83.97298670553631 66.28466807100557 42.550866877270416 46.78777381475529 43.75384115030796 42.12141351580227 45.99956886612624 43.189739094783015 42.91325507790412 38.50002314739049 38.147654848473636 36.93403582788709 39.09292987177434 33.99749877910066 39.140498853479926 34.934975456740105 35.6040849004813 
37.52810694880585 40.16682338706313 34.48691805107636 36.86629012080312 40.08190587535965 41.07923119330423 40.49775912715023 42.38133824900726 36.310705046687346 41.64981707302894 36.80082005667714 40.29908741906133 42.75093490093659 42.637529186496884 38.4775014079415 41.170485530009586 40.48230552029038 39.3568305818515 38.761378187549504 39.56657252464636 33.77216444901691 40.37328149685352 38.364642485505975 42.58121039282686 44.10676270207624 39.55759966545523 37.93724659142445 37.84337391610767 38.55357881142153 43.066966350593155 41.967823878300166 39.68578245960718 40.6575228826524 36.82424217479873 37.64157621783311 37.563660517391114 40.03934667675502 41.36309879929246 45.79771996840166 42.36266194272812 40.127201250053695 38.18951576256983 42.58555410019431 38.27304136546556 36.85836040242697 37.48683157602603 37.274397397513354 39.094186301621754 36.78421806479199 35.21739675798076 38.5571883491314 35.35435596416218 41.455034882321975 34.40642105881497 43.70010645250987 39.68967103950477 38.8585815975157 37.88245930358968 39.60965689760985 38.93398348839891 38.567160152034035 36.85727469414233 41.08906613691746 37.636185057339915 39.5485258136409 36.09009209754218 37.900132113830196 37.47846321296624 41.139214553456824 41.71474921478163 58.76530872528178 56.3214463049891 54.130115083330175 65.42268714044215 62.81968445093414 60.056760099630154 67.13402754878508 67.09308757043114 62.774128514663566 63.27561997061666 62.4407584854613 68.13982771346728 65.36751068628122 70.70753040109639 66.65007966955973 60.838628608579924 58.64698878102961 61.47705881941694 63.4627619693363 62.28294353450644 59.528196488179326 66.9374073963034 79.92409236865618 64.49101997928119 69.50261307695406 53.05314847027843 60.17232697138002 61.07785111431651 64.3010268303275 60.48585664578421 66.86730872120418 63.7508015706175 60.555726901888434 66.18080203342814 65.48978628600254 56.61934402235617 59.07919259061682 59.46707872919213 60.61468095201133 62.052288102567324 67.36085625222277 67.52732519043533 54.74981976847415 59.34458708983327 58.01568301272207 64.7347543739038 58.39786786981241 52.08423531627874 60.9118998115045 50.96060614077247 56.35751458148102 60.758135224736385 63.808957837675585 54.6773773242031 67.4866821968964 64.6857037882618 66.57259899356666 61.95782382829374 71.3656542381281 60.137464434115444 52.8754687309796 68.12049532401635 61.024553978910575 73.92760129521089 56.85285426392761 78.35363401873892 82.33074915495105 73.6906765562925 66.94000700874554 67.50204511049199 67.13085555067768 52.133786314570834 84.69794518413717 62.4109696915056 75.47465662045619 60.809693599532544 36.362126808262296 38.14244005525947 40.45028345719549 35.110361620405314 38.3615887719701 36.70801331645662 38.69680600837137 39.67017334680824 39.87813895781848 36.72664064235888 40.13369569330897 34.315071689450356 38.163659839383 38.08800300550542 39.73083051027706 39.0177023752282 40.797804369436236 60.80020116936584 63.64339392176088 59.632854635944355 66.69652175402426 67.46206932301438 58.370479338235185 64.37694196463883 67.30480618488247 46.14746060238264 58.277207513593694 54.126193161513484 74.7395023347334 60.14735696037753 44.12925140836513 48.63938568589908 46.36505749444176 43.16211144478493 46.234215410294325 44.80465896496396 45.183406151228795 40.78004867261227 39.49215363097181 33.48407066609859 35.88611672762468 34.04758000701455 35.83904602023257 33.55881347045019 32.056048235019595 31.99211465278728 
35.55953472396758 38.01255106356116 33.62086789253898 35.58726022182837 38.74127613637047 38.55557482562637 38.57787925245967 39.54241672194508 34.334208289588474 38.74453097118459 34.88261541111966 38.76302144856652 40.481033347392604 39.94077175729297 37.40991078594166 38.1912101391685 39.636312605107214 36.245860566258465 36.535411462666445 36.76117050708106 32.06242657750378 36.68217808102182 36.58641675946276 40.16482605834274 41.110729909836095 37.316104388431825 34.80740765902276 35.85867640065965 35.91354786739128 40.44951125162653 39.45732530645224 37.48583800453801 38.892505757790545 34.8613203408238 35.57712905189449 36.15459106944315 38.026213977291334 39.13100303220628 41.460823528146406 38.9854868431935 37.46747720145051 36.75260301936556 39.50457542820205 37.08434061946615 35.00881291550309 36.052576393800685 35.07169177233081 36.60334209684313 35.69352504957388 34.16566412591698 36.37157965953842 34.111423493108994 38.55161569095111 34.596944414988094 40.71079536741448 36.8631183461318 37.03130215931558 36.19635699486159 38.54823497911451 38.05683340720585 37.402530847483 35.60312182053553 38.00668843634802 35.796968780417984 37.41804447804285 35.06054342973163 35.68488776681774 35.959588297991985 37.99006786139137 38.13996474894881 54.26228044269213 53.441887766621235 49.30910203699073 60.04308857915738 58.330538843636006 53.166582234449386 63.71141485510656 62.02866965445309 56.08837948527077 57.985184971857265 56.73862050781462 63.14274758803421 60.51705010126093 65.51652785667686 62.28655205577863 57.534516903979174 56.385970188019826 56.58203769343922 60.16939077427828 56.77351488071749 53.47797478901038 61.150428572984545 72.98728638240111 59.284655018981255 61.313857805258316 50.21893918810449 56.445177033481286 56.41609416248888 60.31401508813162 54.57842304266598 62.462368545933536 60.21954937467776 59.004655110616056 63.36981695451739 59.750424214078954 53.41364579889345 54.04207063481071 55.37295227481412 57.05288432971529 59.15519469964301 65.77298767377897 65.64732000163283 51.21647345050346 56.80347999732053 55.78999714255984 59.87185206030817 57.66476726848682 47.81449580667142 56.14021330817183 48.90225325299886 51.84793864124145 56.897656658419756 59.121951801896785 49.8651396958733 61.43830227561523 60.42246089104625 62.9473424411135 59.052440981633474 65.86142176296893 54.30045160908755 49.203010184468994 62.18074132952754 54.69413112731403 66.73285616189992 52.52171337363273 73.51211079353652 72.19699380820671 67.72261667706394 63.195701202768035 64.68995363755327 59.86414163033755 48.366129108166454 78.4098263704335 58.52877747429166 71.86820673926714 55.80661335074192 35.21434657610214 36.356798089287736 39.036713001355466 33.716790060785584 36.67502213751925 35.70216106042107 37.21202430616664 38.34630295298565 37.8664238279847 35.52086465065312 38.19500811752735 33.70129929813308 36.90071269443232 36.63698014955928 38.214338664138594 38.137376086298374 38.68894539022079 63.78602482223571 66.18946865255093 62.5807479731498 69.603150329818 69.13080632378836 60.17025688551008 66.73083697387219 69.4739534548603 47.60676602285665 59.76344713416189 58.93019798919128 76.35428424173264 63.20846278897322 45.90476090298395 48.92677349596555 47.87596732886556 44.112915440350754 47.797033220147824 45.664380295614336 45.58373169044503 42.358085136461575 41.28471280996088 33.47128489539446 34.94901303417643 33.208243939368224 35.95718605447308 32.40584498441078 31.153023403786662 33.807236457749035 32.09268195027302 
39.1940273085383 42.28449359832658 39.09028441835598 40.09208818010912 43.50218487719696 43.39788153928238 42.26816650658581 45.68663254250694 36.98349758630854 44.92669021457967 39.296649032623435 42.02359493228784 44.811792314075 45.6222415788718 42.90773530044493 43.51231377376385 43.83989419792189 40.95694228700034 40.936374177944614 40.05350310414057 36.30059974316095 41.87765500758221 40.088609863799526 46.11354132461614 45.53942758995694 42.172318231986026 37.59929890962382 40.43092350015386 39.04793278203031 44.59083270847166 42.98940694406982 41.423853578135336 44.356472876198715 39.32936429249501 40.127649144144506 39.650471050270205 42.545275407545496 42.035783976187346 45.97985576133847 43.83797892618615 42.411226874644356 41.53005235401756 44.66990812666228 40.46335263566661 39.472441148270484 39.86356820597036 37.17908645184301 43.03170952892993 39.720806692894115 37.404380424658825 41.645139876642276 37.07201304095578 43.8706095685568 38.33439882930315 44.35584322387378 39.16667775474456 40.721393380577005 42.35840191294998 42.00848165396295 40.867060398349516 41.62651879613945 38.943540155352565 42.7077908092388 39.931274338935985 43.554289284007794 39.426834336233625 40.73843506546078 40.45473051820169 43.176733052312954 45.846197712529374 58.8147958216245 60.2225929180929 55.44252783097811 68.28845523738647 63.64754839705565 58.59901713788069 70.66078912017505 70.9581215284973 64.74353083459691 65.3139302824699 63.05517546436101 70.69805363482615 65.77537667255348 69.35826122293281 68.48078872680712 63.92034403367823 63.875048981426396 65.96987840100677 69.20485802517372 68.48966221977336 60.51567696495132 67.72680138228426 76.62570264726689 64.15540157514351 66.08223377603655 57.6888362521794 63.4690190450085 64.28103584217186 64.40760848692594 59.47398269112026 69.7816217165322 64.87515149111886 68.40424438896036 67.60381928918248 69.96127969218503 60.52169434385151 62.13135488454927 62.9379197098132 65.85598254745292 65.25434036896567 67.46285504387825 74.34085609136987 53.82762040173006 66.85474741962966 63.738462697379035 64.7150990671743 66.06130172204021 50.7591263390127 63.39466968390139 53.9784359199009 58.593068895717906 66.463271283277 66.09722166833897 59.39758727911625 67.91386853315495 65.76038591260144 75.57150845050333 64.14756182559601 72.82998138786604 59.3681907913808 54.65640884449188 72.2419960843074 61.89858281160039 76.70442653864701 57.90720756281413 78.35216302025107 77.53662426041103 73.49221407141414 67.76964525523549 71.96241167256304 65.86747339817228 56.24842964398947 83.69358094061 62.73804463323958 82.97112567293006 59.349208387790945 38.47782323811444 39.1062770398834 41.64947708089256 36.467805445626226 39.86387895990564 37.09406543480321 38.94784886173487 39.855078486000245 38.00411475596021 37.149080222127125 40.74885561501986 37.26491416882951 38.488668742566475 39.811897481587856 39.50504464545328 40.170190742019 41.243097669025275 61.04262604598148 65.20006328537254 56.912788169612924 65.38827565341235 61.631220114508956 55.81035722605987 59.66021644390217 65.68319186691444 42.29817933989557 56.215641694462654 56.71888607501884 68.95831849765163 58.97166370114455 52.85863486912451 58.04656896793634 57.57482586952787 52.173903145263665 54.68275972155347 54.255345291056784 55.7863243409091 50.27759780520073 49.45213872369165 34.16553616540192 36.00031350943468 39.76157833087228 36.673632512855825 37.09778445843172 31.46420335023767 40.47365378098518 35.59655928241754 35.07735215307123 
38.46970038830247 41.04636214599167 35.65663392555442 38.14607674698111 41.690374124950154 41.51420487817895 41.62776417741069 41.33169812748202 37.463484117706535 40.88957139678025 37.371050720897074 41.844117057695705 43.53277848173406 42.598912790685354 39.69744284989721 40.64923903329752 42.587136995483995 38.83304803086031 39.581087883131715 39.93627910699608 35.0567247439314 38.92876335402796 40.01468898106473 42.19763043816932 43.967812275662894 40.21441233142313 38.648503670339686 39.08418583201024 39.67141720664443 43.64125140565326 42.77653362948716 40.77217783137691 41.46826784391888 38.12349991606052 38.91348441551596 38.96694161443309 40.73982313876883 43.096992168271846 45.085506274181874 42.23401268192912 40.10958150004839 39.20533728081452 42.25249653622004 39.83169064095325 37.25398370198225 38.614166932426656 38.96929092150325 38.77543657073056 38.114486482213586 36.74837944308527 39.01800363963122 36.82027680974328 41.082631603182136 37.05640566366682 44.384604884877696 41.20118299069215 39.907813154095535 38.165562759799975 42.085610739047254 41.49521124300355 39.84794658758844 39.080929092406095 41.23415739754723 38.21523820990811 39.415372770518736 38.63673295387371 38.704552964851075 38.67997140105146 40.494550442741165 40.48106997860762 58.98967567648904 57.37521201464415 51.988371914790726 64.12183044806407 63.056532330852534 57.41792252124344 68.61980454288705 65.59192037509806 59.047170281930704 60.82129831912056 60.98137013459511 66.9904796698975 65.00346399427937 70.73504344828079 66.44920547159231 60.62505683798204 59.16733303365862 59.75750815348925 62.78175116792302 58.726241957881236 56.60387270942748 65.81259943135275 78.69573856069226 63.15493202382788 66.20182518187205 53.483269412285395 59.75211581152432 60.35286480879853 64.90180801047606 59.67128173458005 66.0737287472329 64.90390169158303 61.37599708003172 67.75805405435538 62.89234330215964 56.99076545153419 57.549139702143066 58.47245095894713 60.08039512727724 62.04319468424726 71.7828999254334 68.36523995391568 55.34534113613722 57.92736028591198 58.062852911151246 64.90816484543778 60.0857009293314 51.876463118659046 59.94220299294865 52.75940983011004 55.10341813880299 59.851072708342926 63.13474736498842 52.239254286747205 66.54963654992157 64.9272438946846 65.62123174468655 62.99731758371255 69.66088057154401 57.952081261140535 53.057806671721536 64.59274772890048 58.08647627951054 70.27960926219195 56.423967333118135 78.03524488522375 78.38541982310285 73.16310499665165 67.67445121648524 68.07023980221516 63.505985038588 50.87643767395557 84.22163005575557 63.808030419520165 75.30660516462399 61.4126133195602 38.3818024192053 40.122609442468104 42.33310461161456 37.21863126482068 39.78415362864357 39.43770629934082 41.20720059161172 42.69872023496387 42.828099974212925 39.60876206498509 42.107551618579876 36.74730145896232 41.247541650523864 39.806567653372184 42.30638045627147 41.66057588497067 43.1207345798563 64.78238205411384 67.32375857657206 66.15233862819683 72.52165140367845 73.47457255273211 62.251545228461715 69.89069117418595 71.25319427982822 51.62629975257589 62.668382206224344 59.3058904278586 79.88039860017531 65.07124726518151 43.821360659011006 46.170831142079145 44.766686781427325 42.12292381840816 46.38719961853837 43.41153000971884 42.89469229804009 39.79278888932884 39.5778472100905 35.901265431156425 36.85970486659204 32.80643164877839 37.782332527582476 32.47374763539701 32.923283412822116 32.21689282330492 32.56772901939859 31.635829847830955 38.03169353432478 
39.45747345809795 42.15561152996019 36.116278280669455 38.30619926121727 42.29619507084015 42.94479107387643 42.89441042950772 43.55168104760504 38.87035267481726 43.125662554209775 38.77496773228784 41.68101454987557 44.57992017907573 44.24478811649862 40.4598263667735 42.70130514931704 41.83836552565217 41.269366794415696 40.748383828586086 40.57961160578784 35.776350821078616 41.889494182237705 39.80002763459654 43.205954272503035 46.18598350607848 41.83207557022747 40.73077435174445 39.86623546531242 41.23478294155722 44.82469930164303 44.47106705221156 42.0884262049866 42.23408641920261 39.06630746087321 39.2378015367872 39.0489805179789 41.749490987961174 43.35636232168664 48.331932841356235 44.52131080644709 42.06542783536326 39.990631009812326 44.07385578176273 39.80777617156534 38.92323542442797 38.93032122938362 39.8925874449856 39.98358845214156 39.03874721140387 37.36104427675886 40.1628980411808 37.0197427437404 42.24605053726688 37.04073164746829 46.398934630916166 42.561047307371254 40.955353232338446 39.732452442372 42.41216818914428 41.53167828495308 40.310871734706396 38.844561708854 43.370499220771606 39.356008194575814 40.25816771594629 38.54861111543947 40.18382305428163 39.12409638849817 41.68785195502775 43.15841255287289 63.731537009813316 61.3415998461288 56.48055986396141 69.32134210018594 66.82696251426378 62.968243146400425 73.18273247746818 72.34037188033396 66.24225123503987 67.8656999377746 66.574819365087 73.28648695767848 69.6897345658509 76.46073925293877 72.08305638659967 66.17544993966763 64.58351870765466 65.32382835296238 68.76189210759995 66.70884022363931 62.32096214367667 71.59396690415257 85.59017094592437 68.03295953255711 74.29151060464282 57.67616226496935 64.374149555135 65.04804392766428 68.83158878756956 65.10609068462662 74.38029938584242 69.44836744591628 65.6909199881627 72.35176688599553 68.85472744139015 61.42785281449305 61.89310543810257 63.45062904923694 64.7130580075483 67.0801600161047 74.24622473597258 73.7777260324455 57.77299152743469 62.67320522416742 62.91199898258274 69.14134199383106 64.20916036486717 55.12811584326873 64.31865546467675 55.171620037464415 59.536715449410664 66.43628098994084 67.61616186499003 57.556991918738035 72.88990695325458 71.22061974956553 71.29479816726017 65.67053291207154 74.58924784275493 63.07754672094989 58.42174834025729 72.4655024607011 63.44035998881725 78.76889591902425 60.40582149059278 85.7352423971244 87.75829168407091 78.21260707289838 72.58489752051435 72.27193336297974 71.3932338462575 55.90542473725368 93.026628060353 68.08229319183326 82.92897419336484 65.00614923407896 38.67546087870608 40.40701778684224 42.644880308014635 37.10426837310205 40.40714477877659 39.233861736177296 41.583679577529054 41.60758132779431 42.42587744870437 39.184080937459264 42.023343750332124 36.61441512163773 40.20956304056201 40.163748874287414 42.05466642599418 41.599121214993616 43.10204455863214 65.0396917571567 67.63599925270199 65.06326743042901 72.08553208703998 73.2382493332486 63.988411195085384 68.91247815729787 72.16092660602925 50.70139633688717 63.409624189360876 58.79756396001176 80.51235787809281 66.20134325767741 45.314137169163935 49.7353785109738 47.10517532572675 44.61538949757483 48.69087886166708 45.40045357543194 45.07953544391399 41.084733426386364 39.445007217190216 36.29947786888663 36.95617080295131 35.154344053731 38.53832987777062 35.708623746077116 35.02483387230146 33.4151532626926 33.08794182709503 34.067158886699524 39.02600760819086 33.68380999637359 
36.886744037717754 38.697011891953565 35.34255203163059 35.84767356138211 40.124231481367396 40.30086144408313 40.5922136893438 42.13683775584885 36.15617128378747 41.48061443729386 37.11853629958459 39.31051976304281 42.738779980735075 41.4457714973831 39.66790551447153 40.407107898200266 39.565266806062986 39.26053214788575 37.824493845424065 37.11828668325232 33.94252071556481 40.05934323608102 36.667877139872935 41.477912322799746 44.08705477452857 40.04081447408947 37.11995481881478 36.96865083691153 38.164303847678774 42.211327414463746 42.16063573061561 39.32494606062647 40.600957502654154 37.040189602881405 35.970139593376295 36.3569239389952 39.89155628079756 39.53875363445454 44.964467021814215 41.77580991202137 40.00308861537588 38.599297150173996 41.447438815654905 37.361611330268644 37.55612521631582 36.89186031522695 36.54337086333872 37.78841653050934 37.56724185184229 35.64354188122721 38.03457973487033 34.56920991462868 39.899876143907456 35.4133997702766 43.36405372914469 38.115597023252654 38.37512599112352 38.85250251500949 40.205977234016245 38.99255855353324 38.16022196086832 36.010925204866474 40.63249181028199 37.02259567770569 38.85847469023654 35.506314318676395 38.02172850386461 37.140557601486634 38.649138542360774 41.562680568428924 56.65279601685616 54.828757515251574 51.37263956990641 62.751105049605805 59.79075299131461 56.03283099157026 66.04697675084483 66.05815935323926 60.57139574442219 64.2005089137916 59.27095089804322 66.52770386480084 62.963022837434586 68.05000847451204 64.52121350021986 60.569172533554436 60.75285912635834 59.129431012250265 63.46358640970274 64.12673699874271 56.80709312283977 64.49567960285856 74.95099517468879 60.76749363298292 65.93829787989401 53.03196638077367 59.55133797432542 59.22823173223517 61.034316422297586 57.46498286194927 68.89284161696838 61.13674433586165 62.20816514478169 65.70053563282329 62.93281702395738 55.81036648222703 56.76291196032969 58.55290949027681 58.63657800432837 61.80549519828813 64.80642874374145 68.23168796436721 51.189937779826906 59.063445262430925 59.2416931576395 61.255945555747985 59.79806424355343 49.79011444227144 58.839284033124386 49.758779619014206 54.36212842419376 63.51172850356422 59.80248544750481 52.57122875456118 65.19677616214912 64.58562897898223 67.4195149438507 58.29672422409664 67.49388742033217 56.21029362446616 52.34633796294488 68.50944010534378 58.052333300994995 72.12444896675754 53.809464881351616 77.2596905538287 77.72559346489108 68.61229073292476 66.02622215014131 66.32563081743945 65.5527013698138 52.570214889626634 83.09307465504094 60.460949854327275 77.63178954888849 57.161722890060354 36.20716626730289 36.59172503633619 40.01654591365185 33.93777154645525 38.01768344840841 36.38437061653081 38.060867215792506 37.32589390376045 37.275890026630485 35.50365660674877 37.62524849547544 34.6478368742856 35.594012735341096 37.66930307070205 38.238673390266655 38.92853375214924 38.907058299090814 61.2908681461814 63.58803241119278 59.10664431968649 66.04130300240496 65.20877837554825 57.769017820653254 62.99697709899735 67.94870276727285 44.9404623971933 58.71421673174863 56.4375358020036 73.63059284483784 62.143506679513315 48.37281577248095 52.158781003666746 50.91122786541 46.63676322403642 50.540571001385004 47.93519635831767 48.019453469774525 44.35893863208344 41.934933357321654 34.02533284758908 34.16099343413252 36.16477030292782 35.94654376743522 35.21199912561196 32.88271071758941 36.22338967449918 33.43759807028373 33.34899083837364 35.092588487152945 34.610787440078376 34.764974172086255 
43.7034265244567 46.21916933991136 39.8553679107678 41.90420825214857 46.078158532355815 46.59096784575383 46.642692486586654 46.49291871362568 41.86025571911256 45.438509565842004 42.20156463339321 46.658973150153116 48.91918091379238 47.61669159406919 44.1042066788169 45.69160716010251 47.03077382777925 43.92211943497528 44.40266633628064 45.30148413066848 38.795478529204736 44.613806584183365 44.337784716879 46.70829619855972 49.36008995036415 45.21054306884683 43.848356634342785 43.18733026167488 44.288683632058785 48.549417781045896 47.985553742131785 45.931662591845196 45.730273807237936 42.46046568356001 42.82708152581281 43.74462767447766 45.52542896828213 47.68160075743752 50.530687953394256 46.862003186063 45.40673252075613 43.72649320147015 47.33998266649603 44.793194142941914 42.52302660966772 43.141261773621544 43.59659834802897 43.459633560412094 42.76958607302106 41.39821368114589 43.7790020594315 41.46854586678674 46.027029131771485 41.77377051930419 49.8001368417085 45.986228322625415 44.73834109274186 42.75995696374598 46.920497928194884 46.17422619190151 44.808965851225175 43.107303219919814 46.696064039816505 43.07813526171874 43.4347386225138 42.24864874020463 43.00465438409575 42.980546475023 45.5350600588041 44.845237301009135 60.4115426609729 58.35872857116401 54.346045672678045 63.65465320813912 64.74475877871784 57.41027981266284 69.25278844667127 66.1066749050913 60.156714815566 62.785246371764536 60.70689456352382 70.05306458419004 67.53040750500416 74.17672507212716 65.31516986582305 62.71536790703672 62.24677058324302 57.98272013121463 65.25434943889572 58.02356295849852 56.88840216120325 66.48163548286801 79.94677740375465 66.69856553784876 67.55164573086799 53.35554239083427 60.63664556651308 61.19893699472893 64.42800123189541 58.849352544631444 66.83680972661949 64.8033768432255 60.50371867871289 69.22376663467712 62.28116604938029 57.735935625003364 55.45575182031525 57.222217601053785 60.187068899833385 62.254312428736064 75.81516571378336 68.95311084178395 57.61970378051381 58.51219627258409 60.709511939770465 65.51971568821202 59.996383935903005 53.17509704212422 59.4431961613944 53.75725499400597 55.1403633788809 59.713914382172774 62.85257088359805 52.25574899116149 65.69382287173381 68.26237242277713 63.94994707977276 64.80362029520646 73.30466822485576 60.82053298009846 53.81047006780945 64.82266002543986 59.19203665362985 69.63412063898004 56.385567811739286 78.78290320625575 78.8151817925654 76.61728339212836 69.35075627401686 69.50471748528157 64.6750878047821 50.23493118325148 85.99196064774519 65.26359888341685 75.54913543293227 62.80433345390867 44.21754831274392 45.804682103122104 48.319890289391964 42.699778607727545 45.642332529146046 45.23325950105243 47.12276255850915 47.9319925640058 48.755174022845615 45.2718600575161 48.00158424075055 41.94401590385433 46.674991056657454 45.49209885642203 48.23668004470903 47.520333808228344 48.53007060733316 70.34102255928741 73.86471809777386 70.08619202081596 79.46684537176725 78.51338768058604 68.89765409589744 76.22102427792902 75.52676438409421 55.487121234317605 65.62396799507903 63.036077098700545 87.85496051494809 68.81750898943767 49.70882904999945 52.2471927035759 49.64865652089747 47.11440025452099 52.14155848211156 48.81708624660877 47.88029766576384 44.522656639824476 43.835715089420525 36.42508384931429 39.158604387727046 33.551316055631 38.95485689037556 34.03937413743635 35.65258660835018 32.71465913143614 33.83839110151173 32.75406493866772 41.597849479981576 31.707123156692962 34.621053674116254 36.41333351784799 
47.42814187355107 49.962368530649904 45.03482683415274 46.38517845783566 49.813130455091795 50.97086630339688 50.32061115705706 52.829182411126794 46.33707801856024 51.70357190593008 46.89296262587066 50.90106845287608 53.51857406484643 52.68915835576458 49.16508778206947 51.27158886041555 50.57638958110036 49.49039327948548 48.60042754004164 48.98934085262126 43.57388109656451 50.89486924460783 48.051914039723975 52.716135160916004 54.329713966542506 49.36208632663422 47.36649316690367 46.81121821651124 47.74456505018792 53.08786878487626 52.19259208674652 49.425289803366326 50.85920440524059 46.996473298759355 46.5636916517274 47.83137174262116 50.384353531317856 50.606658082121456 55.212230278965606 51.970044179710754 50.468668467110625 49.04496824043736 52.51010295985359 48.23283903547649 47.5010550408034 47.84483908014034 46.6491181892414 49.011697594843746 47.6618182083335 45.523794338708534 48.228259645024885 45.298165861330794 51.209349143904916 45.114165306947335 53.15699998152523 48.398688966705016 48.659038853673735 48.220608189852356 49.8330399782814 48.8857481620549 48.62872624774109 45.74466459993862 51.16239597590905 47.90370033101121 50.10224626983568 44.74930680379766 47.380857514766305 47.680639894115586 51.20230388879335 51.462483329765774 62.891427927777855 60.94227763520932 59.960764417004484 68.5576126542834 67.81205593307406 63.89472702111749 70.68069487506355 71.17000673808909 66.63904985958301 69.74714990216998 64.92225576155833 73.50953850784497 70.66679858686533 75.05465027187957 70.32711216971795 66.26851476108082 65.62959732535103 64.01970578867135 69.24406075465564 66.81614727963633 64.27462074153594 70.89740414965462 82.60981981366633 69.46992104080441 72.62083595210993 57.713662334959395 65.83513389341292 65.29116547947721 68.23114124467153 63.19735564804352 72.00055714395248 67.33978425786341 66.34258737258311 71.5944200173996 68.87610983295903 61.413480735740066 62.66248180973941 63.92964798063953 65.03972027851896 66.83236729656598 72.39992978947049 72.57496367846144 60.55922250584302 65.84075578199243 64.43049594439216 67.93439759547607 64.27664542169691 58.43891475850994 65.34914162549238 55.84801242472541 61.186513468103904 66.48118454515568 67.21746901783284 59.41677616846692 69.94447372602043 70.36102874259835 70.90527030196418 67.24855698564167 76.14546955054792 65.17749727023298 57.589668240461044 72.86266681791918 65.53488826792568 76.52049242077939 60.985269565485765 81.12458139903833 83.94311948992713 77.40692404448174 71.89117181796468 72.7876096176406 72.31950458504726 57.87386897436179 87.82643334549667 67.32192761917871 80.35398629185444 64.98626195317681 47.02708951544493 47.94262824887981 51.241425449185975 45.20568245341837 48.84648810590697 46.894627924559416 48.81314487148237 49.03933867844101 48.84053747755715 46.30285802518136 49.562193812607646 44.8801360140595 47.29880531663177 48.69310681776694 49.60468775791389 49.62959033111869 50.30303962366532 62.66262989464617 66.34130597434591 61.30393379455615 70.13655685879179 68.08789527481173 59.454764320150424 65.14145986091043 66.96458628020054 49.11080005990223 60.52125687810247 55.718682068598696 74.69317708758112 61.333368396313446 59.49484042256069 64.04560624338428 61.6159394217155 57.51612672967512 61.33667004621204 59.694944063828075 59.997797753395474 55.74959752390568 53.87576829692753 40.35666673538964 42.60639563068304 42.111903154162114 40.906427201101486 38.74067134821979 37.235849056453866 39.7709170372994 37.172286276999074 38.41874980873881 41.29149626667568 39.492159628840156 40.276997577138644 39.41344146218013 40.07091674623687 
44.07650821709691 47.69116635895436 41.634544166816795 44.06824997973535 47.36992808501679 48.10256344326415 46.82711603486753 49.64057808174343 41.11991279023055 48.47986205457916 43.16433495539807 46.40261074026927 48.77321089291788 50.35764473035115 45.56669922912928 47.87419109945032 47.987809602940196 44.93862288395743 45.731375391883006 46.011055438087446 38.98758323978175 46.456616392771416 44.76224335927268 50.057870442443885 50.08186175440777 46.17045814458449 43.37666173008651 44.63467504396683 43.83739040000872 49.26927216331819 47.50973819187424 46.24106004780942 47.551608986957035 42.47621385050218 44.482946261457876 44.33284966272472 46.36949635139611 47.37071910134281 51.05640274268385 47.81880477809323 46.79601050216188 44.54972644061651 49.46160364130929 45.489502787781184 43.30235917069632 44.08601587301582 42.41614441135258 47.040062061300134 43.34965318326935 41.65953297380383 46.06643969531743 42.08747888848812 48.58013646465667 42.31547647700718 49.718424984244926 45.22565396037846 45.52030154411748 45.194213264746296 45.95581307310372 45.17267168080299 46.34345156076625 43.376095513745824 47.51492541519567 44.65004088134563 46.163515425067935 43.40753409075364 44.3627158848236 43.78429943795928 48.2879023602388 48.28635842733718 64.06816518136921 65.01806206428256 60.05028091036329 71.41943014004761 69.50403505310825 62.40793323799793 75.74751834156305 74.54367318367402 68.82777982732587 67.7532760515798 67.94683059006735 77.00757385178574 71.6171399108071 77.97331615473618 72.11674929901086 68.730202465476 67.7662251696362 68.5819516007044 72.9652714029016 67.47549845701525 63.4547389111395 71.69804055927906 84.90684526867193 71.7716731073512 72.39186461139892 59.62702781535961 66.61044937181362 67.41381583331022 69.23956061038572 63.4226169529228 72.68486844967906 70.44805675242763 68.9066753575297 72.6787339624749 72.49659248117544 64.21960753172563 63.140320265442995 64.17021116442457 68.73436344561148 68.69130249717362 77.32400465404356 77.80568623792315 59.50729390476978 68.64700358882722 67.36705973042316 70.3271591341842 68.00064751490152 54.12804827305364 65.64017224536609 58.5040896438122 61.25075825727555 66.33210100603334 70.61394804960817 61.15343849104156 71.95017812320641 72.12694170558446 75.35259794507665 70.99008371782423 79.92063713712778 66.02205426133061 58.61389895404041 73.57810237923067 65.2408673461858 79.77675012792982 62.080225936925544 85.12843484895265 84.26601479816752 82.24173647803086 73.211007541163 75.86915607630316 69.20321893571565 56.94016722296601 91.39276111944692 68.27002443374003 84.82660626240936 64.91203289358737 43.64426414826051 45.402837649199455 47.05037833758016 42.091846742624085 45.088672946201655 42.74838234909186 45.075107764768184 46.1453378576652 45.8113045617302 43.42431266296756 47.952807282555256 41.37034273092441 45.51586440487717 44.82560124071803 46.12407255057816 45.56143954467302 47.013033284012366 75.06400691392552 79.47239749506004 69.54436116045005 80.32903959333866 77.8193371055054 72.7377478576869 76.04915720354342 79.58043844912575 53.24536278256467 66.00653727885573 68.3024686547023 88.57389704332665 71.41931716974442 53.0425333055651 57.97456713722464 55.34534880872595 51.64701931525806 54.579806206610705 53.821383625427956 54.70213687399855 48.45472688727963 48.05053092457166 35.83338644060413 40.10638809722308 39.16423282006184 41.47265905265049 40.66748189624194 36.68457825004837 39.35312376183616 37.21594938996323 36.9916175709304 39.45220936194973 38.8608059283377 39.795535595504944 39.772700238842724 38.245565210425106 44.13271465230267 
34.8195104049847 37.190987580026054 34.58832773542977 34.74036163157102 38.69897029847575 38.38743548191994 37.64997212298044 40.671940844617765 32.12038101015959 39.6910877372445 34.82003483569875 37.432581237006055 40.473563058284554 40.22323970621223 38.150177452860106 38.32305583158208 39.28751064708653 36.29049608866511 35.89734610369607 35.6308928894037 31.63541382292383 37.20723702126111 35.19545056344427 40.86180504787021 40.87299141641008 37.83520335677025 32.96188014009454 35.35273243443693 34.428747493460925 39.659297182951846 38.46920866935632 36.87789460603699 39.30603437527962 34.715399357037306 35.03109346066183 34.89478315903013 37.911242645385286 37.23454509708083 41.01218362463984 38.655765960847646 37.680286749286154 36.79293400902426 39.56402665596729 36.07266248836149 35.16532335635273 35.06624652334992 32.64273964587954 37.841486897443225 34.88986485822218 33.00766895206321 36.87150975693308 32.50868745686667 38.923240763239185 33.68150341832851 39.63084700327653 34.210368111493885 35.8642341923828 37.63900766639076 37.68024981175391 36.56938739317721 36.95382633433898 34.40630776322202 37.879472687910315 34.96347280539865 38.32710500037981 34.461277399460315 35.875589871884955 35.64728228091396 38.036999026529614 40.593930511510074 51.06481261797268 51.488371400186935 48.216115317785686 59.28335072602073 55.30487120593082 50.23726607508271 61.75106807139721 61.420761664761784 56.3381854747287 57.47081434690575 53.9476740800235 62.10086274955282 58.1715192663879 61.25077199069754 58.01365458470477 55.692449159445765 56.303873138161144 55.75417632793383 60.53508255461285 59.68542058772426 51.99370578666813 59.117177279802576 66.56665551729606 56.67718006007203 57.38061810093609 49.54157378331788 55.088689396332285 56.29851456520112 55.18258014075651 50.80647146116814 60.18631392074132 55.07261385457952 58.72490795367281 58.936943216230674 60.277439309395696 52.02264877593564 53.05800191518881 53.773225022287804 56.48647828622708 56.20622169863162 59.89275904734633 64.36048351935484 47.09689300945583 57.48285366047001 56.04056726814182 56.36153685897208 56.51681225238857 44.042642214903594 54.8096431514486 46.55525710452354 50.29699398384668 57.631103115829454 56.54859119433637 50.56592297927316 58.18920006192442 57.562671324874074 65.28160604434152 55.5266040663063 65.24159604997273 51.86643222968397 46.34551898768763 63.06074163939036 54.280141686705285 66.40187576698175 49.37687781361031 68.1739872262409 67.57869771247752 65.23250234941115 59.5835821486657 63.38824684245571 57.35297395506782 47.64854004257992 73.15700618745764 54.227777724337926 72.39048037214309 51.936748151226446 34.39733807596564 34.63597657377077 37.50151958783143 32.399429399996244 35.72042707133386 33.45284036667349 34.81883612324931 35.779877158098415 34.18564554278536 33.32741489298373 36.29982712048619 33.22298200418444 34.36071204704082 35.62696537120082 35.562101208905624 36.1744478334321 36.92401035780196 58.8201676248569 62.694423954515514 54.5589148080678 62.55575828719327 58.70774585837534 53.192203049009535 58.79686208630351 63.63502469314284 39.81816540026932 53.04826536268067 54.18581421922274 68.1649607993521 56.06426635779457 48.518954416739945 52.51706528636603 52.53793639406707 46.84388841831466 49.75760097143448 49.24857115440435 50.33175941899106 45.87017251394647 44.78673032447343 29.66842599984719 32.280304967108755 34.660869204459395 32.326760511288725 32.553679618109356 28.50325787720965 36.17913902425287 31.6225800268618 30.452696843947177 28.780713332933505 33.2002246613024 34.940137396342955 30.703853850550832 35.611174049924784 37.121854842275134 35.262960677258846 
41.166048594203154 44.274837726495655 37.871359421657786 40.556748322262656 44.59214753124683 45.29794455838471 44.431408371910905 45.601756832124344 38.21111509138703 44.93655433873976 40.055129187206674 43.16391108154471 46.21383385851632 46.686843653757805 42.289093850188245 44.611347439224616 44.6845329375853 42.09460961316903 42.52062233107069 43.222474831358284 36.84702199686378 42.732068190011645 42.040914212604854 46.12494378448126 47.31309789186104 43.76413565075795 40.886172664399155 42.66613764247124 42.116433750167 46.540453858654885 45.073967224536354 43.82624489080954 44.572477410453445 40.253750003653934 42.18146776969801 40.634885549678074 43.276287073438425 45.37277944323167 49.58757468463893 45.99735707669339 43.46456117231232 40.99243934908403 46.23545019531116 41.88939549729806 39.69197278982297 40.18850486461872 40.242623731777904 43.3591197609272 39.26724034392518 37.72572885098288 42.84859417903508 38.069417143553366 45.43063085383441 38.03850507471946 48.12298764150142 43.742859255904776 42.42311876933361 41.804241983496595 43.82870727479745 42.74838166358604 42.515036068684296 41.525908248760345 44.99309030137227 40.37086900326674 42.402065715355995 41.59644720047351 42.122776009259724 40.92855695583052 44.15197101547809 46.2205510705642 65.10836225278943 64.14463391446073 58.741520641118484 72.77852429355853 69.42964140656923 63.42373509096443 76.35990102848527 74.54487156286665 68.6696584534728 67.49911967825231 68.98207480574146 75.89304656480903 71.58973422030955 78.25813462672258 71.79915366277564 67.27778686052659 65.9141987606488 68.6270889604191 72.0771449824773 68.48352926916604 63.288492107634184 73.28293225002508 85.82027066896676 71.08857464709298 73.73389394504194 59.68661192020428 65.74192854118283 68.89979518436506 68.70523740609902 65.29487660218257 72.43635857815205 69.99333959607604 67.31724811662369 72.13361065298879 72.92222574011876 63.70226647754599 63.85535645230266 64.1127057346401 68.26837767554852 67.5395521896949 76.74355020819125 75.89065954145846 58.87542125915033 65.16977117235942 65.83636743250116 71.654541794951 65.46303740936439 54.050403148952725 66.26139150807694 57.81152974990894 61.05297189616385 66.99329248693974 70.41196443363786 60.640096249985454 74.13439276651553 71.99246161518775 75.22247428483271 68.49797673198867 79.91016143690294 65.21029092905165 58.163286844123085 73.91103335649974 66.27161102638965 80.88173107960594 61.73536041020115 85.15213851423653 87.53857264048831 83.18330424867254 73.04077967842638 75.32021740143486 69.73783054178068 55.82350644970804 92.42946384648349 68.83073424120596 84.8555355608235 66.7701086663489 40.39050383716227 42.61351903233564 44.09094452960168 38.95629753590055 42.27113381873567 40.55169606390218 42.76860169516777 44.25748053432725 44.34306403196662 41.37534104664181 45.13572381401066 38.469737634943016 43.148445422022725 41.83673160027611 43.855939744701764 42.96992875745182 45.727637317407826 70.0768586717628 74.3957155327391 67.34059946593437 76.8397206571415 75.93292094366332 67.96993590763279 73.79474104978603 76.88759684625502 52.1462087817572 64.41834587340095 63.31978126258755 85.88371736902151 67.81001100924647 42.74230201788348 47.299015870152964 45.25870258510211 42.408653468165106 45.43696030596752 44.006502370585274 44.679787801602735 38.885809323246406 39.2499170009583 33.73563095196208 37.1874527987131 34.67400057590529 38.09868084060124 36.55855897290419 34.37194354523184 33.833960226636414 33.18547603215889 33.723526901537454 36.50764671270425 33.841460871227056 35.14726910363926 35.579008350462075 34.79221273572748 41.054769514642125 37.060258536159374 32.33719644894163 
37.76817398324704 40.34877273501244 36.93562571150066 37.843905377047406 41.2667029407046 41.36637290708919 41.00568657700954 43.61408729260284 36.74252601012353 42.71722880623252 37.86918894279223 40.872786604092084 43.40942953608478 43.24278897731254 40.91444915608095 41.590692353818916 41.53781937764374 39.658751873537526 39.16392242910493 38.3031057511002 34.53079393961372 40.77593750618729 38.21763405825603 43.54050225554399 44.43455397088304 40.314439999562495 37.17696809421723 37.82874502448199 38.012062800010696 43.133708457404424 42.30783730064109 39.85916027169184 41.99250857999166 37.62294382105007 37.32180159282592 38.23416367594448 40.96177811351394 40.41286510687223 44.51451894132337 41.98759397838532 40.9156330051326 40.03189115854848 42.67882077510223 38.97773327827471 38.397794434377744 38.639859965440095 36.73664958222169 39.845878001000735 39.00743117667099 36.837292600074086 39.293228725220196 36.20183975403506 41.373240022317745 37.26087232102771 43.12555060043783 38.150246925720126 39.42100034584579 39.981740580451834 40.69357671303212 39.72644994249557 39.869357636940315 36.77858204297424 41.129136473413325 38.772113117445244 40.942813294388074 36.51108372671918 38.54233176578132 38.470416018155035 40.89743521043788 42.22447710049284 55.34315544696058 55.476144660360816 51.64213768456331 62.13769123298307 59.873868934511606 54.913113640558414 65.57267077391045 65.63919934434473 59.665147070478994 62.580796798905645 58.29829950300527 66.51803751333105 62.37928679526944 66.82264102701768 64.68647411983777 60.49669065420682 60.556440186002675 59.45264373176266 63.760556303894774 62.30840678043524 56.40500732982857 63.178160858894806 73.90029719059375 60.63202349534354 63.511793938285784 52.71866682541561 59.60349925565132 58.377898090788584 61.372365864703255 55.72564439920608 67.19752294050308 61.447626346631054 63.27510030028168 65.33100604911041 63.04033935986487 55.90587461667732 56.56250588769234 58.381431532342326 59.592466032932336 61.86269417397891 65.08378516819022 69.3378948402068 51.38545551996395 61.4316367588344 59.39237560373856 60.3955773615247 61.41259086348085 49.07639620317509 58.49868472940748 50.03230547708626 54.26512121800978 61.96107790687587 60.60533637715502 53.15169205705198 63.41442526520596 63.303050179263174 67.95303850585636 60.34087483656093 67.48921819059287 56.03281056985305 51.617747131357085 67.1818237527373 56.984843009188275 70.79113642049282 53.97048864572689 75.84662142721511 74.33164988181146 68.31206317357986 65.1782071332719 66.90108652552934 63.56410427685652 52.487293886900574 81.12275631019385 59.81803772116628 77.15818806042208 55.86896923971398 37.373965324874106 37.774884141427286 40.98869438641384 35.240765999588184 38.82343199427382 36.72447717421489 38.52298285689051 38.39625085762563 37.51859632074677 36.10962982151317 39.08751362575927 35.76352324728839 36.93708789580249 38.72884395388152 38.91973093758438 39.654936836677294 39.46252858578132 60.740053901791924 63.73624358966115 57.541442407478165 65.62022983629895 63.206320800759535 56.596676438085446 60.637440991819524 65.41609277200055 43.073304797546804 56.56216769262144 56.02407416889563 70.57034580425301 60.13052834314371 53.01634230061029 57.257345622743436 55.923010589576975 51.117187725303225 54.65946077109515 52.92715615846672 53.47224678420033 49.14770019969265 47.17087625724385 33.79053335811742 34.70451109536072 37.240664860358265 35.94440138975281 34.974295715265384 31.204807327793123 37.62198912292141 33.880380380292785 33.21116519888832 33.75764140395758 35.44309747201567 36.19844872003435 33.28636770134658 37.15526522210352 39.18704786533036 38.509923383543516 29.916691655660767 36.0724961368955 
45.00730477119795 47.46764584846856 42.38886184411696 42.2636357266589 47.5609568007385 47.8557370935371 47.349365862412974 48.77748273099286 42.0657285621267 47.5146852791912 43.860742011291386 46.83449902664184 50.59367876496409 49.31344069429842 46.06270443613954 47.259393115619226 48.0515252731815 45.94922873917529 45.43059241591945 45.85708330520262 40.330961160712654 46.67970714039519 44.37299010970201 47.99826474164025 50.61009655808886 47.29733821227081 43.964833008385796 44.210819386929224 44.59504703336438 48.94868473308456 48.677573054225455 47.27411213307402 47.29565944022028 44.25201063309479 43.83021016269872 44.33905827317252 46.971979637969746 47.53563514079167 52.095325193407945 48.298191073360776 47.23121088253339 45.54157050359621 48.67083073286529 45.35686788298673 44.71610998468395 43.47915573128646 43.00574059991342 46.012539290292864 43.568008028586284 41.790298692627935 45.36147669522922 41.31858791017933 47.24798922169306 42.6744154517733 50.204641355283826 45.33071962564161 45.17624412333621 45.7009380471775 48.01990883789778 46.87539619865623 45.8528156509776 43.388601016978896 48.329718206355125 43.797762893168866 45.68522211723126 43.27995185927186 44.75444065479849 44.5128349967867 47.02572155615667 48.917562125693074 59.973017420237 58.252307711737416 55.52734136451655 64.59953337300514 62.886416859905424 56.765330462768055 68.70655284707797 67.48246831778559 62.09893313202043 64.4174230148125 59.120014114096215 70.97729116544153 67.42330765528614 71.92228223517637 63.19548946851536 63.51261965196824 64.51632387093213 57.84212332492407 68.83951625309108 62.84116719905934 57.36198292565638 67.07895465250556 76.03455646325001 66.3732456397942 66.13774190368572 54.92682042661839 60.78411939878502 63.47441290859682 61.44082940902636 57.43815566354863 67.35782634813106 61.830106500529446 61.40470310825381 67.34268316148439 63.97934018336151 58.25516811025203 55.39631614299607 57.455189811322384 62.109474189853714 61.23429444401795 73.05731533172944 69.75002762083805 56.61190602665784 60.877663977294006 62.984017052985344 64.01584260191268 60.98198076791058 52.52381538159069 59.683724360910546 52.88220596501201 55.40861550125206 62.05456443795364 62.4543505846068 55.41492510081817 63.889461380786834 67.81421161121773 66.75903453425555 62.61678747493335 74.78584913898293 60.63979444281111 53.79901950265089 67.23001573181816 60.7764448215244 70.71080304701523 55.11157430885157 75.5680909260472 76.00056861638333 76.67487418204318 67.84067511107132 70.96409946022216 64.98855199700888 50.80876028931194 83.40113466166557 63.45690998980473 78.06394645136014 61.697574412065734 45.532748858380295 46.09779597312329 48.857715099467924 43.50576870415586 46.52313923515587 45.26236801278593 47.05702226047014 47.58386592849504 47.44160825726545 45.30657747500952 47.89773119323233 43.67554715902464 46.195622835037774 46.55041103656558 47.720224451596714 47.75354006573052 49.20090842678549 65.13527011456068 70.146501814107 63.987915659914535 73.8279461478995 69.15504749008568 62.44037442624589 68.87390529222637 69.14854000496256 50.10785926828539 60.941197134609105 57.927658395056255 79.41935280728097 62.06458372505385 55.978121805392256 60.31874270935723 58.75065012634465 54.40714783032754 59.27132220270689 56.394830256341336 55.96681183662615 52.817992168567606 51.21362721751707 36.22412555001842 39.712979259996835 36.90932462476615 37.03873009069441 34.98004430615683 35.828715745250996 36.6140458401512 35.35656463638032 34.26459225090068 38.30537025392408 34.971905091357485 37.28623800989274 36.42174187884691 34.0091214266292 40.25827169117876 39.42225577090843 32.85116060615937 36.317135715360216 36.29324867979797 
41.22896089162047 43.687015577325944 37.671449915927056 39.11803350967323 43.557718506877386 44.34977647274703 44.18585662866256 44.9165039010903 40.01276515815317 44.18099843547179 40.21522155671853 43.36743804338897 46.63952115940004 45.54352347026697 41.78778342549853 44.060885222397204 43.502192646717674 42.88800381669177 42.009729163276326 42.46818936547406 37.28500607309263 43.405422451098694 41.20934736507139 44.3399792951697 47.56597350573909 43.34013568591719 41.731790254000806 41.0517165896817 42.30688988165758 46.05574974389377 45.81476803966565 43.66893841732788 43.55509929369896 40.744456378912425 40.53141841740857 40.65063830698232 43.311831593957436 44.773299521710726 49.852037018981 45.896815982875154 43.546817363004934 41.6043953803339 45.383512259053454 41.31089623896408 40.632081867687276 40.09851020052768 40.88448795172002 41.61822289303423 40.07150953348181 38.33342652344675 41.369722630601714 38.01277505914776 43.68629813300579 38.14655326524074 47.60384440685123 43.52925491233303 42.07225312025255 41.21358869813774 44.07661008521432 43.15482267326749 41.631861712716734 40.08877445166474 44.95034756343737 40.40350111080718 41.876967540279196 39.6112973704602 41.38701991389467 40.828079081527456 43.35177760522917 45.030231609520804 62.146881466322164 58.93003903244946 56.032523521130756 67.09462000556805 64.80154928381722 61.24265630034366 70.08574753691438 69.59018607869817 64.21251630933943 66.36425040375961 63.30591405987058 71.40191181413344 68.52592153518137 74.20382948351376 68.15635303262289 64.1940037842327 63.10056433850112 61.41029812448782 67.81748599067117 64.61382238658993 60.59127324938838 69.92884913354293 82.11342868495525 67.16515233208973 71.67921272022926 55.76920633042223 62.24098170773963 64.15164745410938 65.68287832267804 62.367255652916505 70.84947380678682 65.78461266694704 62.42613034787986 69.75232265332836 66.29985798142111 59.20738146012802 59.10067988247855 60.73717749831516 62.932762689701846 63.959046509856314 72.68715205222064 70.45300539610554 57.618681839204235 60.60121789659059 61.602760667484745 66.96296849030722 61.15339791696986 54.83995091739616 62.31641781507456 53.21173902117396 57.737387958253386 63.88518916114666 65.1712482355937 56.374906058660855 69.18351579096215 69.16595348476298 67.84256048502003 63.37235637760747 74.28098286505832 62.17218307035498 56.053341461641715 69.96047739280323 62.74336961068843 75.13380990893002 58.075835363598465 80.93768619705541 84.00718172979813 77.31387446843377 70.10933316444708 70.95986906971807 69.60378897789307 53.272814207388826 88.73744272030483 65.97810735390661 79.41107528248172 64.09941843587322 40.7519119631105 42.164807902462556 44.74560232559233 39.0978014081205 42.39625242063345 41.341717622045046 43.434181311936534 43.767800224278794 44.37663870257873 41.221956654126785 43.81602971712774 38.75520688235999 42.10415527046676 42.25232356215362 44.05181266396481 43.64473030605856 45.453214122620956 61.525309709366994 64.97889409250176 62.409735174974436 70.13342639012862 69.51391288627947 60.01193672293578 66.35611859940641 67.70429199941412 49.292701198007876 60.77098250774147 54.53241194881657 76.84550272128969 61.43778158287761 48.06057679947751 52.72691000831295 50.39389416180946 47.41059533796045 51.82383433242706 48.53535567807382 48.03320564618177 44.813849418499686 42.98605204082923 36.22736808865632 37.933032148964685 34.8787679675584 36.745480779913116 33.68601050006154 34.60707743897423 32.71081772326067 32.26176398281751 33.23565581991951 38.30210793215319 32.862562474563454 33.8430281544792 34.5552084119269 33.299694519066755 38.457734288367455 39.56715222894696 33.80116680421168 34.876891126182116 35.5889437429391 34.8479756431705 
37.34475632776345 39.75451464970336 34.59405863979181 36.53176547843989 39.829770334409105 40.1971706875181 40.22318715439384 41.62532058063941 35.665377228411096 40.399879143729756 36.53438932370434 39.907200201289086 41.91329282816757 41.65548734624107 38.39986345357054 40.012672914219294 40.524362740879845 38.113181280340676 38.081919329945336 38.73022410472664 32.60334067953527 39.20344411310531 37.51018976860399 41.676515584949954 43.137632731982414 38.96746062728584 36.89360349104715 36.834872563955166 37.396604256266116 41.97430479960447 41.18242203352494 39.141450702988195 39.82375626663265 35.64030129112733 36.39513648330355 37.51034086445234 39.4009735953818 40.26370230110994 43.47892066170252 40.30895341952176 39.39964301712551 37.79649384274054 41.362499167590784 38.738502748596645 36.918063273022305 37.4378412994857 36.56085726762209 38.066578567251206 37.12226086480512 35.83014610978832 38.0271376967163 35.82625550877435 40.29574978904206 35.93948375051491 42.6432834045525 38.441744916654585 38.6997029322967 37.58397357692694 39.5438511183359 39.12625010172841 39.122687462519366 36.469110754995974 39.87018172343003 37.65432700152032 38.23380604251842 35.55293634729477 36.844949889741116 36.80509607796958 39.82588127216256 39.184192501222206 54.91730517344034 53.80715494746022 50.68833824972764 59.59557730740871 58.96095525585144 53.25303254677246 63.92520732390935 62.47382398073721 57.45674700047512 59.09030906252769 57.17029113216824 65.06391430669076 61.71285992599742 67.8758923714797 61.815223329357835 58.9551093344102 57.93460440962467 56.046865484483135 61.18355129685256 56.38141929823923 53.757320782687536 61.192952406568 74.4053976419692 61.577787181766496 62.99582007655812 49.73983634290813 56.721537077402 56.25736583362697 60.11758926354945 54.24233498398946 63.23900777033049 60.34883075340592 58.017593242681755 63.983521737769294 59.46159204970275 53.63922464649302 52.65221240810742 54.499409619947336 56.68766577793096 59.58134605986571 67.60347922530102 66.01927743412301 51.982014988010604 57.067184231831675 57.10284057199797 60.13981458230317 57.27846215056183 47.84937546022585 55.42718673266203 49.19957312898644 51.68870321075995 56.317482569645996 58.921622653368246 49.60210882742939 61.15644759242025 62.32108664834842 61.55633489271691 60.06486222727691 67.85405108367334 56.27937039463463 49.741044929962236 62.58912476245479 55.17197816619248 67.08450155547924 52.538063564248475 75.15992861641854 73.41371211580275 69.51438373252493 64.17673765181958 64.91645068617456 60.824656847283414 47.907649906094825 80.14931142585853 58.82678360079464 71.68341301286826 55.929777068792 37.011154863729885 38.19966383808801 40.87443124442342 35.38884194028261 38.5918438018321 37.44016881623464 39.07219522628358 39.55675762712919 39.82147813744213 37.19929910653344 40.25105617499383 34.91481998071917 38.467874254958396 38.3219173622203 40.092949386264365 39.8122752261851 39.856304182403875 71.04317945649869 73.4417585761077 67.4136700005866 76.01256561336295 75.37411853850875 68.568627316847 74.07138194305627 76.46497949335205 51.42879079696932 63.822183104507914 65.00937124271442 85.69200023643775 69.39561565815043 48.18842714136753 51.454203935557295 49.31104927331004 45.75331222697231 49.55507577478509 47.47899845738772 47.1888448193664 43.56004503449368 41.79090621494958 33.402083964005605 36.31079303922765 33.86142307120931 37.851686912681004 35.23637739242595 34.05615635122168 34.74082394531773 33.29197681565467 32.3088322543306 38.46439406108851 33.51824755456481 35.00796713302501 35.07493434728061 32.09838198745203 39.830611689011846 36.15372380999246 33.022395080083584 34.67053912945447 34.97104213343886 34.98190283356723 34.5435979877342 
41.485740079750464 43.92627368199268 39.902531180904894 41.04160488161601 44.380052932581535 44.62843821547813 44.46451413479401 46.42978403618073 40.63407242789787 45.383573848284165 41.14241077234178 44.9741472814124 47.07775321802341 46.31836520090675 43.79608964353301 44.68851007363921 45.19163944433025 42.92662213705504 42.60140818577824 42.361963101712426 37.83088876660538 44.028092593842686 42.091518003411295 46.47030651166337 47.80336777716945 43.39482145349768 41.08516963176135 40.911790096950305 41.626571214645764 46.69060365193279 45.97977426704619 43.38359805123268 44.971554749617006 41.00945902040269 40.59839219291619 42.16569941091501 44.384323325836384 44.420928281406155 47.80735095776778 45.114285413889895 44.183110314858375 43.395954735204846 45.89625901220607 42.82408995022388 41.77090661639571 42.32405862776518 40.8228288302139 42.66929205892108 42.48724947160979 40.53485907184339 42.31679595942395 40.10542406385418 44.56604263048731 40.77265593087309 46.604051824210906 42.11108595248252 42.94846021476349 42.58645543943411 44.379014180627046 43.63387827510344 43.30585322236265 40.314424624682424 44.49407815924847 42.30016630948412 43.90290085688171 39.573983344174934 41.46158424087815 41.87417709031211 44.44181851458012 44.37033097659923 56.8263257083023 56.07922328447617 53.213252131576155 62.033023710988616 61.46616968300569 56.291459528635755 65.74703141069922 65.14134431607371 59.551073502999444 63.09554517290375 58.61205442536967 67.15921067400616 64.09297098192306 68.64141726152255 65.00442029735889 61.20927037370316 61.0177570686714 58.412976987034575 63.629824763658746 60.461691151237325 57.16501415596632 63.92776856558058 75.46280080705283 62.56840307657689 64.73767730798598 52.855278762360136 60.25319120205633 58.732621927470106 62.91171449472623 56.72749227969192 66.85301241605787 62.46509278660587 62.45276671708094 66.7641354716584 62.178982918209854 56.31708577044007 56.49226164030659 58.39891163250394 59.44403705117534 62.24061345302809 67.98801862273827 68.68422139553836 54.43212688595834 61.00431216060819 59.615574210559124 61.695061173467565 61.0403456937761 51.93004848863706 59.02201942492936 51.3649706323727 55.04070916998748 61.02601813685944 61.17374184896511 52.94670969087636 63.475806092465234 64.48841360785221 65.80761345887073 62.13514710637138 68.74910557240311 57.95956650057421 52.517735368701096 66.15278550441884 57.84795836188156 69.49923432501078 55.18218785793469 76.08093612407006 75.00557997461983 69.92401368760666 66.54017846496738 67.48087218293168 64.5791321876802 52.56262295706714 81.55092195571537 61.54464199221711 75.39690606887785 58.1579055485736 41.43642056428962 41.996671334481846 45.32203692589136 39.538705552976324 42.840197561310966 41.334117803983865 43.025107815942285 43.15232998473381 42.70075376393737 40.66453840957356 43.46459994843726 39.59982021992444 41.63784159863531 42.824410817553584 43.69557259020789 44.07680513738879 43.823407134938954 63.48744390669052 66.33282049609184 61.654739650506244 69.6870875908751 67.79112532719617 59.860652057809496 65.16711437506228 67.80312020671803 47.68168139401026 59.80445094583147 58.017420866532234 74.8825156175809 62.75642021027343 56.06727160388532 59.577186363728295 57.8623163533806 53.53583527543882 57.64059049240262 55.460425234503724 55.430426422301245 51.91038158817944 49.94622801770987 37.128223047435995 38.44014822639608 38.45313531489707 38.673824480138414 35.97825947524391 34.18204030595469 38.25907874703002 35.67440671572352 34.926546316956156 38.42832908010431 36.29783143208463 37.87029695996378 36.3521828546116 36.770337196228624 40.73257866105578 40.880979403489974 33.86035385854897 38.50937438441252 35.98944828191766 37.46121009227286 36.67071134079724 36.007278776147935 
45.828080695823274 48.625706299135004 43.51881610248254 44.69352420886947 48.885016452703844 48.92429923785547 48.262478483321935 49.46547808070849 42.78985326598605 48.27924591234555 44.49752061279821 48.62712574602917 51.16444076256462 50.437384879830184 47.2402295067013 48.13123351293664 50.19222471191249 45.95721841820643 46.564041669729356 47.293881910101774 41.430888629819414 46.42790493965188 46.522526732313665 49.92551342657642 50.852481797491656 47.589659236313054 44.05730814090572 45.882461880016365 45.1850744250324 50.18337302303657 49.00417194845611 47.86751021587916 48.84505646306854 44.93927984570141 45.77299500911367 46.066716777289436 47.940320548862346 49.20654177175145 51.7283520887202 48.83113236355014 47.56834125513626 46.5315053345768 49.621799771667014 47.043404001863316 44.854825554823464 45.21454352958374 43.96039066212694 47.45172509027141 44.60305114967434 42.87521712595605 46.5389495461949 43.0092457677894 48.841177030929614 44.11640363816597 50.69401272919606 46.34881651830068 46.459423867563764 46.32763831917015 48.8988132295201 48.04188143437308 47.386346923949645 45.40571176247414 48.53664498818189 45.01750617660483 47.32455166208906 45.25134588147372 45.55928279492604 45.975987213525165 48.44954315511466 49.189411311849696 61.15315571920535 60.625902888102665 56.93172700898935 66.77567977441822 65.43897421576284 58.346346446884304 70.76604284011538 68.60459632823678 62.61542665532914 64.03292719984776 61.6175614979521 71.52683986555343 68.44608893752303 72.85933638016714 65.92775431278088 64.3568523835878 64.48770557728105 61.15277532775519 69.46402327614472 62.70415953207949 58.95839170296464 68.13577466777396 77.87465924270401 67.70308715565912 66.14606724763189 56.71254856496539 62.599202952717484 64.91655732150399 64.49256249464155 59.09468875781721 66.89456501959927 64.81256895615427 64.23126506594173 69.04052837396155 66.35060798781049 60.18937032730018 58.48472512889929 59.81753290077937 64.63083956980189 63.5604694990948 75.04876343699658 71.93661920486942 58.71070076383785 63.41306298779481 64.00462187860899 66.37920418106705 63.50578890881368 53.844431225739214 62.03644160672885 55.63861452741286 57.59756427009943 62.4980795937332 65.47681216615042 57.221832934798314 65.88932204150466 67.88561733469389 69.2305384830872 66.11543798448702 76.11696295271773 61.855722656231585 54.72048777046987 67.7088596161153 62.03216697920105 71.76259004803805 57.82665672130236 76.89231501576974 76.26798029350054 78.06201132501444 69.16128918175787 72.93854848345276 64.68815773354137 52.619079354907925 83.56127622790153 65.21606031907527 78.69010554448242 63.37853542329598 46.27359330732071 47.326095132267575 49.793879923213 44.60284570083882 47.38677169456055 46.218912194571686 47.83552335162414 49.52780273481809 48.748152302991706 46.54718752847089 49.55819407616529 44.65341038411283 48.16120263610896 47.458582138741356 48.998718441434896 48.795125293760385 50.38765751735582 68.1759937716219 73.01043586727913 66.92125429995559 76.77482682121062 72.65580477710621 64.54304374227239 71.80249924850476 72.09771683321797 52.677838053835934 63.170389655241706 61.76480360009636 81.42711741462149 64.69883178186296 55.3526746025622 59.03310775160223 57.94387632278137 53.76857888154941 57.94788396997416 55.959487799488016 55.954961185911095 52.30623080793311 52.01635837845567 37.87879920507309 41.523338299737006 38.139829957864734 39.40012900707236 36.15052784576916 36.038472831463345 38.307195244952965 37.031272932918036 35.37601710915637 39.10103963579805 36.011452018780105 39.52534446858337 38.998426757139214 35.96645373546272 42.38752574315744 40.58532542501626 34.02912895447968 37.4711246134778 38.05168665561787 36.065014254658294 37.23426022104261 36.85591965849058 39.3190412834901 
39.438025336770075 42.00575214165605 36.6938740994792 39.35490863011714 42.3884656917973 43.08054682020777 42.63104890084871 44.05523816488392 37.454462438917574 43.11104830249724 38.57450964185023 42.58913147382516 44.68254382721885 44.380445654533965 40.947183611142854 42.83386260575823 43.24931570265531 40.41961759323684 40.495238666313426 41.50324693712286 35.525966207419394 41.162572661061624 40.65681045136829 44.8723737439003 45.52226314250095 41.311616878421 38.61964617259053 40.16969189987435 39.88888235775475 44.919036067394465 43.41691635414931 41.4633152401455 43.00043000781729 38.447661139847135 39.78349660032696 39.73112529142979 41.915201996741054 43.33269048688339 46.531990932276265 43.68424388002599 41.56771378594666 40.08131987940955 44.18886726336631 40.698506400158735 38.416091338051935 39.59852718466531 38.65692013292968 41.18302617588248 38.65896299829302 37.03765097675785 40.596588870953106 37.36580195224115 43.62847151634349 37.018021158220655 45.47321496480124 41.114395168022504 40.90812618531104 39.92326726717629 41.89372654007824 41.18220491637656 41.03976815544611 39.49523302066776 42.48027238182288 39.326467601426174 41.520905863030194 38.68435969943955 39.67209394336358 39.69656984076892 42.60975633196016 43.182070914171355 58.9498979330514 57.60453472565854 54.65329016046449 65.7197000129703 63.8236341227408 58.83383940062161 68.20883317763902 67.10132508205548 62.02304031736537 62.874634743774955 62.535877979870676 68.47831755843251 65.65268840476081 71.12489795670648 66.38214463318671 61.45809228225361 59.84990114717171 61.994468146757725 64.88205579521185 61.88155658035986 58.97217020946939 66.57096886108451 78.9420925214394 65.24699922596153 67.34528870582099 53.987204252598396 60.89102156437137 61.94231952456831 64.2097064016985 59.37808903619011 65.93674369339001 64.18006305208105 62.32555806840452 66.96090371083359 65.88400464780965 57.631376969814575 59.11227729852145 59.6176592634823 61.84606588159566 63.00264875024807 69.4158063160986 69.17350988645208 55.531689540787674 60.84648609495878 60.06416207181265 65.20339967078682 60.13415581474132 51.75811870085949 61.198349822359944 52.741945372306844 56.6780525788974 61.12248520125701 64.19505338688965 55.051011197904536 67.03327271585388 65.131071336278 67.74610189834151 63.496469000872935 72.65894629343559 60.15417636304613 52.64470507678313 67.84801634361192 61.02736354264815 72.95423322643595 57.10406847595479 77.97683231039221 79.56038358049148 74.41927937827684 67.36573795671994 69.10778931516623 65.25098242672529 52.224047316289585 83.54110857970338 62.903925365913196 76.11686881972106 60.96976387142271 38.646822622356396 40.327351983602625 42.84356244667741 37.16648408568377 40.733262959314445 39.2010270784317 40.84880562040714 42.27337072580363 41.954794184912686 39.21906621846111 42.57981205156698 36.85743677117092 40.73890505579002 40.36782603938323 42.12785714747794 41.66108744707091 43.02445414962085 65.85336174107057 69.08671515868926 63.42917557821523 72.16069298092238 71.4729122258885 62.39122826352916 69.33004471410511 71.86540247969705 49.28490865106959 61.155600001407485 59.79354377805574 79.48679423570209 64.05514331005133 45.76181742761594 49.550214221152544 47.89286928798412 44.41738055160784 47.40936314983559 46.31206154409114 46.84060825416872 42.18365449810643 41.76259536571376 34.09680104087142 37.027405592193595 34.93329946876319 37.20384680608512 34.67236614721478 32.74251621159224 34.248520387057546 32.494657977512304 32.817944410994585 36.145301554159275 33.52672401447572 35.27550175312078 35.01338629000584 34.55135136318829 39.265762345320944 37.647418497845564 31.779862764679244 33.99936843257136 34.95332938194019 35.90162028742412 34.376713814710975 34.02468869612041 36.85674300313903 36.98380688832115 
34.918638967680664 37.217928389288346 33.62111041458472 35.915392408323285 38.0625185481315 37.98046354288131 37.7918460853635 39.95736066365085 33.81236355652132 39.05860016032025 34.61926392650696 38.73939900101543 39.7128456909022 39.67909598423381 37.08124264386219 38.04899610954029 39.493999099766825 35.84500535060686 36.11325861001159 36.73303441754037 31.519201226586905 36.94633592750617 36.462098642741836 41.07810849836266 40.729667125924486 36.61265096354036 34.22307977759673 35.09385177122792 35.13314626341807 40.298496658249746 38.781301976591166 36.451018281933514 38.715876828023724 33.97361352495622 35.17029902228072 36.05000326375527 37.80808688895636 38.41907014324096 40.16938539795299 38.09677713720878 37.139984888177366 36.48423927295615 39.480328302405745 37.114243437318265 34.617174654724906 36.52109669639574 34.58444869655035 36.67854085971685 35.669440413301054 34.473251314912396 36.414224472850506 34.668351060893464 38.98146378884548 34.04833073642375 39.56628406219478 35.69830139267812 36.70197676214038 35.8596838711308 37.132467144054765 36.9235229418928 37.292491089147006 35.04769450524047 37.04688641248708 36.12676336719296 37.87579793700148 33.98254048519288 34.990220103805164 35.45542841713906 38.60421243032696 37.30761175933208 51.79379450930235 51.32901061107905 48.75245473764827 58.44070294336494 56.9981221179119 52.855689359117974 60.99411138399986 59.71431264982134 55.42479147866972 56.33523013610302 56.03452953503677 60.58249569362985 58.47146683291397 62.77742143099785 60.82605547441136 55.209712496268494 53.37345424349905 56.32733734283291 56.18421234847726 55.029110129526856 53.28198777202493 58.63041645809089 70.74199833780146 57.5713581462721 59.96539898593061 48.31073622692794 55.33036813544312 53.77341978032718 59.56384264832461 53.34645424609353 59.27742400135438 58.37369867222213 57.489090194981635 60.65366705686708 58.74481872735761 51.490583863394356 54.433334836321926 54.66717522997208 54.71443035988312 57.89502259825587 61.29667503550428 62.788047011344275 49.90635474670678 56.11871684170366 53.212289666989186 58.065236177762614 55.4251808519885 47.0038040668566 55.34124297655113 47.754659056862636 51.329483192090464 54.529463712012415 57.763722337533075 48.574965455475315 59.69153808375503 56.905374998925424 61.38593327361707 58.34774065934806 63.46431331045222 53.437260225204945 47.14518740846969 60.816041742182286 53.830045815048756 65.2860593956642 52.05280778421229 71.04144910864972 70.52489538734235 64.22875753272768 61.04489301577393 61.63470892134038 58.58800239113063 48.396732095296215 74.27524146686537 55.665849780678656 67.67695788062372 53.44556565474978 34.07100075422961 35.23887001745816 37.916137357701615 32.953974029375644 35.75852513694683 34.36956236235152 35.60363047994586 37.10179508157946 36.39465987457906 34.10392784513671 37.273511094018005 32.44926284375825 35.81954387256263 35.62762505081654 36.992109369806194 36.68763538203964 36.741973033942074 66.35823357942255 67.81245375536292 63.08386603477921 68.89801092669022 69.88435887936127 61.73428236281683 68.26299977528774 72.21213908739244 47.728822303619765 60.35655576529553 61.7110199192506 77.81750269410118 65.23134021647603 46.64175184399902 48.95032663686256 48.0317859764249 43.81073703898072 46.48141385406957 46.03958772658407 46.55479694612587 42.76232972826188 41.72982033762329 34.11358877786246 36.31516503408163 35.65179709768816 38.34206392081005 35.50959027313294 32.45166484086907 36.661861200617345 33.5800730291262 33.00462088599692 36.54198513884173 34.656009660396776 36.71629135601882 35.36637401936713 35.95587445627254 40.319820425780755 38.21049772789878 31.863068854595156 35.92139012939853 34.872928182079185 37.718974242202314 36.41046048146141 33.78831907357411 36.917155753044 38.491996205595726 34.4615526409723 
41.251188272722516 44.145164477822775 41.45128006626617 41.27293497094973 45.566573819678496 44.802993023138775 43.87203400588259 46.55963465839993 38.76362605427092 45.79554422847249 41.071286839173034 43.91109932130811 47.00250112272414 46.87903085238031 44.8609313630018 44.49780482087818 46.16264404444893 42.48249392750642 42.54513809786881 41.5282608134755 38.543634480296824 42.8306397441467 41.807004626075894 46.72110041903896 46.77160895797542 44.142066934285516 39.06353891334882 42.04488041986165 40.64549773065273 45.754209444728566 44.636891765014546 43.48852221934062 45.93577446774689 41.78243122432541 41.878004539020445 41.59793246325329 44.350206827422554 43.86407710416039 47.2318002045023 45.15007119130669 43.96329792221995 43.70664836902337 45.67195887768034 42.346125841295986 41.56276552169497 41.297464868303706 38.824250833405124 44.461427923733225 41.45604243611793 39.130153047987456 43.03084991798752 38.52049740885687 44.67827795317433 40.76703817312712 45.59945022750352 40.61647822096381 42.122807889038796 44.26409996993826 44.78049033453559 43.58867537142043 43.35117200323808 40.90319159397502 44.35737767764036 41.21301399558868 45.066172051439295 41.72478035865115 42.5039577594934 42.5960012525912 44.30073588147716 47.49355484071251 58.39853287250307 59.54008364617529 54.59655270627544 66.80488842815323 62.14591525401845 56.64021233521055 69.70896874759174 69.29946242447659 62.51610858295816 64.07549288992128 60.130237434651484 69.51890990123191 65.25717358581888 67.69762092992168 66.0160465778283 63.27349818322327 64.24311769014923 62.784169068747545 69.46079768528604 67.14379249482135 58.504466543175006 66.854765123087 73.39697924564514 62.97993237457113 63.230703107381544 57.60137252065299 62.28052768672206 64.22667249810334 62.605747708054366 57.80243773579962 68.26453554542213 62.935989290779034 67.23511583682536 66.83447497653319 67.62548219300173 59.81714071578609 59.94954251366825 61.28519686171272 65.20945490121791 63.37512444284264 68.41578518079544 73.18678534480682 54.19999418256657 65.55165868985017 63.60941733220853 63.41867910186578 65.68418338568374 51.03210483423309 62.07673750680451 53.65808218211816 57.25907046251347 65.5083129124658 64.4933818741705 58.56794670316885 65.15831385763488 64.95626481197303 73.81739253018809 62.77940468761944 72.07219475564328 57.92910747108669 54.07518889029585 69.84983597485086 60.618560808119526 73.31900673923121 56.3304498237258 74.98568656005031 73.23917377537607 72.854203089859 66.7232729379586 72.05815549980389 63.80692968902898 54.600907731895454 80.92540875481544 62.206976031369095 81.84006876925083 59.34549035827984 41.28901828247211 41.38301927822178 44.10470401498028 39.19777223043373 42.05452577875422 39.92494547115364 41.550320250728724 42.71110756523539 40.5605690280618 40.00989853634845 42.80619286016983 40.43516039445893 41.181308734627954 42.35268439997075 42.001216989406714 42.9143028335563 44.18522826284787 58.956933432957804 63.702068232685804 57.182390866023766 65.14255764667872 59.77382300718344 53.35108795823099 58.50047957818466 62.78931520343047 43.06707167582488 55.87400754293415 54.82567502457955 66.56038438108853 56.70571013543868 56.65375478153638 61.422509770826565 61.82130329806173 55.99199054680645 59.477243530691936 58.01608040793798 58.920883112890344 54.995927280316224 54.067739489553105 36.28295247801905 37.831741439637526 40.34628999320651 36.5957623856661 35.86024008817371 32.44861131935885 41.51318778791046 37.154660539345315 35.30038790068994 32.45272614494794 37.760565254996834 40.2607010377585 36.0287205194338 41.31810116566966 41.8471516600102 41.43978487051927 29.061785265803074 37.88772668121511 34.57341275995717 37.10729194677444 38.3594308075483 39.74006100695616 38.69446751131989 37.9195382046619 37.18691693174908 38.11406927652687 
38.25989360773863 40.33310487071726 35.66959758423115 37.15671752617778 41.2714443167017 40.726255810966606 41.14254711344534 41.337895038580115 35.340669150517634 40.255941516847905 37.19769772258264 39.41886785973461 42.173182163242174 41.58560426128536 39.276785358318875 39.99629642758293 41.460220799716865 38.26548389476655 38.21544553603738 39.091715971832826 33.967419007379895 37.95619487619165 37.765254290464966 41.33199365067465 42.80692900509916 40.19187714328552 35.99622043106477 38.87390187203238 37.89616991295653 41.518135741439124 40.86147279528132 40.16900472975123 40.58004063778246 36.529927165116014 37.97912652113035 37.52334134132999 39.61077665774356 40.8536571799035 43.87999449900108 41.00277007303425 39.21247856997485 37.91641284453704 41.069401233737544 39.18537026574946 37.249739156479606 36.79502075334327 36.26083067680739 38.98222185684883 36.38038146075513 35.23996956738442 38.62453861057701 35.172812015987766 40.445572130898924 36.469707251327534 43.273475469996264 38.9486790977493 39.0386932449187 38.95570893983144 40.906710096650286 40.47914517472019 39.77493053205035 38.539846704030886 40.04569929760883 36.823473397531885 38.421084837658746 38.38523793271094 38.22518821642099 37.94132563355297 38.92767055824324 41.34546119961143 59.81530765543676 58.589743050994194 54.147531202409894 65.61414950524936 61.413426304628466 55.93099672062665 69.33764677281363 67.55639002698787 61.59751086730631 61.99784792859109 61.51105367945949 68.42450512945052 64.9314721219455 70.7214997268873 64.8907923126525 63.37169484380067 62.470008389183974 61.22056178589139 68.58178626282705 63.46351431794171 56.7021296441019 66.20415121693392 76.44095356652659 65.15016338226694 64.99854486356125 56.02968715041561 59.93095987914782 63.42833342120038 62.31338279531847 58.17615275864693 66.84404310962701 63.667648961965355 62.942559465779304 67.27153633636493 65.14644481217947 58.62152825435302 56.71640906500651 58.81170525339798 63.45683967335856 63.684008746627995 72.09551397147816 71.7662622791751 55.22742474281484 61.26387706820603 62.99839216906769 64.90562951268085 62.48252245700066 49.89371623785927 59.61826776788748 53.73847432264431 55.54050547581449 61.56805954389659 63.67253936962791 55.68585768156413 65.42497182312232 65.70195912179472 67.89389817939983 61.97980833387527 73.32867832315516 58.89990061373285 53.7744975620724 67.41918540213612 59.969021433605334 71.98735422865029 55.83415514237019 78.47499648829003 75.09029122755003 74.80383070302993 67.28954907199332 71.33617908637547 62.70053789778206 50.59028864717487 83.01659366068037 62.22979246681168 78.08042964449884 60.30286643011919 37.66955303419919 38.73127530460566 41.12333613225181 35.83361974958033 39.17601833519017 38.50959556204519 39.64013844791887 40.96460568465817 40.53486092080333 38.64213659653804 40.836611324994806 36.54256252111719 39.624016081644754 38.897591768788345 40.63005067654741 40.65046247541076 41.68740642945408 77.4393671848068 80.18590095230527 74.34573303729438 82.68481860898957 80.71606925724586 74.04306420695939 81.21800360457567 84.20308820650095 57.386398374332856 70.48500278329936 72.8779092024364 91.7848442924853 75.44132317889307 46.56256439823281 50.38512814318256 50.17578858993041 46.199588122743066 49.70440285206663 47.15856322437314 46.803822430274714 44.32442611713128 42.915623514445485 36.77163687391447 39.82419636301202 36.7362661978499 40.79041478126092 38.73133131414373 38.52624993988856 39.71977277153772 38.20105572804222 35.723008457738274 39.907804617522046 37.156835660529175 39.67932399736374 38.71486235007544 37.23632471914782 45.35136154020102 40.23603423083293 34.549045211955544 37.45394598880862 38.628361581075424 37.99245746854117 38.8719445034304 35.91645519015226 40.73380666809466 39.27362414387274 37.82784752095932 38.300957911166115 39.870885710174704 
37.821620248992275 40.53559807662922 34.3160026739271 37.8959991562791 40.483401553510475 41.51784571818249 41.71748609218687 42.23079454239862 38.50482437564896 41.78536949173681 37.26619106650529 41.421267305678775 43.0647379525878 42.75114079485486 39.09823340298714 41.58649934644771 40.51783501146073 39.67445845293148 39.42309671510835 39.37156531183735 34.39286898443171 40.49354571407952 39.184876153464394 42.6013507067255 44.95318183385626 39.49503570318048 39.45245680407106 38.247358444254374 39.896692953719665 44.14694674334083 43.38712732127782 40.156347496884926 41.07128118292646 37.290135370714225 37.61783961021014 38.37260190109242 40.51699138299281 42.34014900672934 46.32880304115728 43.085567211379015 40.453775472779576 38.859241622109096 42.83233657565594 38.792537197948896 37.20962450020482 38.68763247999347 39.226338800390025 38.06958803821273 38.59416896508286 36.749667345108726 38.40824104447649 36.70332203649266 41.169976060572544 36.01124505278143 45.00579901162201 41.50381246306168 40.13905036888819 37.577599940486856 40.65769349543077 40.065514742040385 39.101140260557266 37.46055652337036 41.52534125531617 38.74984685648768 39.30490115603831 36.40585223452017 38.21864532726843 37.914924042856015 40.60487448706905 40.20481167550727 61.56348223390194 59.26217134839572 54.88622796348229 66.77255934460743 66.21004390116764 62.397667608391714 70.42774630925742 69.70592071547863 63.449451099572464 66.31934195158405 65.66205713535578 70.48727647474662 67.63128368480996 74.94953771518026 72.50339890549384 63.9883964835607 61.37502393546982 64.19696397479957 64.76502160603049 62.92668393732282 61.61797033205785 69.20557422786283 85.86421506420838 66.14428522630435 73.24649151207632 55.05781621540372 63.33458921809686 61.42655628711814 69.45691638121623 63.975012747299935 72.72466926931622 69.5451452384688 64.77470060521208 71.91131831773298 66.5116120028702 59.325317001396144 61.30675838972547 62.86208041149583 62.157118301472124 66.9461256152814 71.95898142193168 71.86447182748996 56.993968790975195 61.43992324260317 60.01137478805688 67.60292856303087 62.71080755438948 54.94665763457168 63.1474185714995 53.65604247808125 58.624576004343126 64.17774729282435 66.26666807008324 54.84465801573155 71.98711621594312 69.14139417611797 68.47739194809876 65.45611266536326 71.15605495626008 61.64543794923072 56.674530875333524 70.40307946568106 61.265525380353864 76.57666461980472 59.98238034795223 85.54466218951038 87.18813392640908 74.6114558726907 71.52473447465803 69.63795291189749 70.76876560373064 55.591083116539615 91.75828349965524 67.06983324855196 79.54468663443707 63.16078797059098 36.81761973471012 38.84728099923542 41.56770930682829 35.342614368377426 39.050837217098405 37.92751604446723 40.23377636255083 40.16426327752469 41.05486648193537 37.388449513307755 40.462743113757554 34.56272445239173 38.552891591262124 38.701701326646166 40.91667621026276 40.4618953477914 40.99500150446623 63.011933229384496 64.54130364961034 63.16779430190422 70.20856966329521 73.01173668160959 61.80319233448686 66.81726704362262 70.05061802221363 49.39785808307776 61.979074226932674 57.14189088817232 77.851246697849 65.33524249215651 44.22242192506274 48.07375234982761 44.826736271599685 42.84911792140289 46.669116313977305 43.638327053170734 43.376550627857135 39.10400243816802 37.52242288917003 35.87286589981316 35.61819429652784 33.9512497414033 38.16610831859002 33.97511992978215 32.60570489576278 31.461365365601562 31.15274170882392 32.599751998589 38.77689321075483 32.03009738409668 32.18572833262052 33.68280100309625 33.09767646597155 38.30217298342693 38.9265992422977 35.02526633579041 34.658608050543364 34.95379868708316 37.27961647735511 32.44660771575391 33.411316423443814 36.11482475353988 39.22529532866969 33.83310749785815 34.65222972181546 40.70735580839263 39.82640638141264 
